79.9194686950323,29.5670611912778,112.1222202109,20.7823878499165
88.4551295089662,28.0150766514023,91.7338679821821,21.3628002305559
78.4294001318936,31.1975283047526,107.358075921766,20.1030331493987
77.0423149334283,31.8096101879161,97.0878358354431,21.8541237689055
75.1424899637282,33.8919234539916,119.495222523032,14.9552987151111
84.9205447449461,29.9403900179625,106.426418010019,18.4667749868457
87.4391744930968,28.1174655724901,95.1732640775698,18.6792299265063
84.4571066682116,27.7655830122025,100.560785274031,18.3960623982629
78.0803715578375,32.4127700898738,98.5194097666694,20.4289508941895
75.3345319933023,34.6197880758069,122.248999439342,14.4083132155033
85.8663842501859,29.4612315336155,108.902694224862,15.1466611172383
81.8913906064673,28.4821491466756,110.690133650999,15.0257524107679
75.0076583171603,33.3157671498347,113.319117056763,15.3079470056084
78.9608629780468,29.7246722555782,105.748083448432,20.2410889363584
74.6730717147391,32.9385698070454,112.032842577454,15.2734489747186
81.0305284245889,28.4849922173804,111.595714108703,13.9788227584278
85.4683406294139,27.5165471499139,100.048264490612,13.7140277960485
74.4561614690449,33.2051682944465,113.451369419933,14.6854765362359
77.138154231257,33.4409299895284,104.521523327571,18.0804901010579
86.2458405158557,27.5311936867388,95.2231760039599,16.2386437135049
87.1528274739692,27.363143021422,88.9925238331741,18.5463432257292
85.7688742003319,27.4793239323016,99.5077598791494,14.5503923956728
89.0517036500166,26.9926257233042,87.5538869969423,16.1780790982923
89.8093983512805,28.4660190898246,96.281571250905,18.8446812037971
90.0497409913008,27.6358230234557,92.4513890306504,19.4702550274697
75.0532499885112,33.3917914362237,113.891136658735,15.3386129959436
91.8809387543094,27.5089041319412,83.3772212460952,28.3147918761579
86.704656303784,28.48260254686,102.550875263172,16.7698132327481
85.5180460202135,29.6590059089567,107.545623632187,19.2000028234215
90.4222450142452,29.1565090073857,104.113123090656,21.7741107592259
90.663195484429,28.015251489962,97.0052135328839,21.5814396434289
89.0708057604149,28.5942626827447,94.5682125451445,22.9533492992343
89.8010217996265,27.9536918344446,93.1057879635621,18.5311337131535
75.9316556366197,34.2296725592421,117.542601264927,15.6329004607416
78.0123810088832,32.6135813389644,98.916238388179,20.1419819049847
77.6628969098446,33.0373804052588,100.456243036067,19.220687880864
81.7502516268137,31.1278890401697,109.106320637768,21.1392279268251
76.826988546824,33.3073772707224,105.575908144012,17.7630905766649
76.8741089408745,32.9858071932583,103.431357715291,18.1529808635481
74.8820107193347,35.4928598416164,129.512373362758,13.0618462924867
74.8252821875123,35.6894045459727,131.304004280042,12.8432619272366
74.6569366699227,35.9327841969957,133.374097420797,12.4314435354836
81.4767837853237,31.2261201031403,110.219518528997,21.0409975191553
77.6471845840436,32.9271494478978,100.006677408975,19.3101163936531
87.8364941083986,28.8820341614978,101.271267265952,19.8165725250305
77.2314539979737,33.0905188412254,102.155585179894,18.5609115016912
78.3416389294516,32.3040801444736,99.8024403156761,20.9089805199957
79.5353282432573,31.7448945739909,107.795313326901,20.3087911764015
84.600714524469,29.044571413348,103.615134018288,18.1584678705331
80.1813678631984,30.6482445054838,108.698249887727,20.6382512235691
74.9922146492587,34.067964707072,120.646548737495,14.5458209864568
76.5067499262274,33.5250881628696,109.230484023486,17.100774612481
83.1214110086577,30.1033206691005,111.568422641433,16.2875132560455
76.1388554600051,33.7717614641802,113.177492552229,16.3415091641437
76.8638918743553,33.156613905845,104.583324190912,17.9613505058451
76.491243717339,33.455431553411,108.85989418546,17.1432449094928
79.3480337204606,31.4790872550018,107.051550886134,20.2524971186485
74.9259887775838,35.2251830706483,127.269593620077,13.3148553291913
75.013316255066,35.3808302442883,128.604607493862,13.3411211327817
75.2282497486493,34.871188766368,124.240312162846,14.0454535389893
76.1917165609153,33.8480126800805,113.603087226434,16.3473377627864
76.5636995457291,32.7359400832686,104.25157355436,18.0219109491954
75.4117115438476,33.5001190068484,115.92560416434,15.8135693313637
82.9564009702103,29.2566158732607,108.44456080968,16.1448703837438
76.5935164500172,31.7717206807817,95.4009528881727,19.2650988031161
74.6591892780686,34.3806949993256,122.326650121055,13.8561671858698
75.3993199730763,34.287871788445,119.630102186421,14.8173158113067
74.8778918075022,33.4263255856446,114.159643807052,15.0054512842051
74.5642166673031,35.9148283250612,134.429257773292,12.3120621482695
75.2538548605987,32.9889966574887,110.545104725292,16.0216070986583
80.6333671095034,29.2764841813704,110.267431794909,21.0423009955028
77.7602397228526,30.8500565968537,103.040914533882,19.8979966035404
74.3844501863559,34.6728460723149,124.324229267973,13.3500825788779
76.8658134519334,31.4498945166863,95.5759775185104,20.0747264305858
74.644097205052,33.1035603358322,112.106617559874,15.0602733477525
77.6574670515448,30.1542190601647,106.160648868687,19.7800802546015
74.8600856426785,33.3179864459425,112.999055233926,15.1638723583611
75.9775547226342,31.6593680505439,97.7516125499129,18.543505105279
77.5353554989166,30.712184363338,101.036790549707,20.9422086783618
77.6584260450328,30.9136879510984,101.514029525089,20.3478562188212
76.0299879315509,32.1125566238485,100.45629256332,18.1508668572383
77.4720611850813,31.1546927393593,97.3751009453181,21.1782563528234
80.103564639572,29.9237837223052,107.929022216078,20.7650927212385
75.7084225842524,32.5454048813254,105.82504851993,17.1565477873081
82.7730892994092,28.6334425284248,108.544773106653,16.6394184693288
75.3701301670989,33.2886056691267,113.413954552247,17.5583307092543
78.0353133347578,31.0460777058032,103.66219116804,22.1814476609056
75.2304115213305,34.0491615169322,121.087788496685,14.8988989668082
82.9303824262848,29.6014455306528,110.720491329414,16.0745102325449
76.658612971365,33.1938741008612,106.306972471579,17.641176253916
76.7834654501528,32.7283145428122,102.687869246558,18.3266370068533
81.6714685467544,29.9312843882922,111.405909139461,21.2159382514901
82.8217227736588,29.5216283095513,110.664543286196,15.9580062274623
79.8239526167179,30.8657149507668,107.492355142501,20.492663489836
82.0372679579481,29.6616096273048,112.847278463902,15.0007846926958
82.2537326555542,29.4685520624763,112.337958912589,15.3127442145415
87.0719338792965,28.4552893696656,100.49188284479,17.726226156521
79.8569785526604,30.8127039413214,107.493148448405,20.5091129069499
84.5772567914829,28.6465794957641,101.988140228704,18.2217987997978
83.0889597258934,28.773363058536,105.217328163411,16.7497836902117
87.752664294793,27.5493181803485,88.5152652428928,19.8539434786839
80.6253108780568,29.035808599779,111.273700809635,20.926452534255
92.3557824512206,28.0126807505605,74.259110654113,30.2003301713875
83.0613373532273,27.8941830428617,102.560455103635,16.5126565626541
89.9044850740481,27.1632849039667,90.4571359659842,19.2344467183411
87.3995229116066,27.2536605505216,87.2918378668555,19.1061676552997
91.1533095808986,26.7645216243525,87.3501411557019,23.7345536676867
80.7193733133764,28.7523009615678,110.934407174416,20.9344962154389
85.2548292619204,27.2446765598738,99.4354698705995,13.0888053214202
92.3507386589465,27.3013633813313,75.0849067658419,31.6257711142152
87.9874662762389,27.4334152275794,88.3884041227761,22.2725939076445
88.6887283430743,27.0127925585269,86.08914204816,22.9141148881635
93.4282369230794,27.8942078496803,52.5325111412777,36.0453178890676
90.8670349799405,26.9114193642794,85.5634825172265,22.7197047869698
88.5481773703959,27.7367359656739,89.0291601612138,21.722752973324
88.5644756788373,27.5314811144773,88.2457299913381,22.3931736533057
87.2031904724621,28.2356815967034,97.7178761737323,18.0389648979932
91.5133395800598,27.8896089099992,89.4359397520626,24.6844806009955
88.1586423102922,28.7863554557333,99.0471243310191,20.6217809451044
77.4468511025432,32.4980330230499,98.2757671683567,19.4624548003614
86.4649063998799,28.7242643179167,106.734467015584,16.1988196814772
81.1779931806967,30.3956713924833,109.709711485085,20.9998988288875
86.4794594089929,28.3930701577584,103.022222373665,16.1594716940886
82.8482068488593,29.5889273422928,111.310756123303,15.978688145339
85.3599374022422,29.175288213336,105.49423415709,19.0365529135049
83.9970163181909,29.7895485262208,107.327999734055,17.3503524494162
78.2893221553073,32.0554154382533,100.446671002742,21.0951449508241
77.1707777080932,33.0122407269406,101.892106426502,18.5362157989742
80.3479147349227,31.0180525914125,109.902514490931,20.6437930465769
81.7827907588406,29.8825845622852,111.615982433352,21.2564025614267
79.8950095510255,31.1734940918341,107.889761115451,20.4728911522191
81.236591946799,30.2786280686239,109.930105564797,21.0390144691781
83.019499482123,30.4758348114606,111.861278888703,16.1793037085289
77.3623690021182,33.2411720378165,102.603790646136,18.5949440786918
81.5327581978812,31.238386662345,110.131360868446,21.058714889003
76.9082410023653,33.7351851540392,107.813347403742,17.4721648364637
78.8191366493939,32.2679284592536,104.867599879046,20.0375371010328
80.9938522652413,31.1608909344909,111.224024641278,20.8832329128228
81.0004233068883,31.0349092519489,111.082510170267,20.8808933431728
83.7254714649262,29.6913344716271,107.348284870749,17.0186313132699
85.6372284144949,29.6286762952453,108.003159066813,19.3452721690298
82.4647343389988,30.5268974191788,111.574137572648,15.51701487992
89.5191029849489,28.8175192535582,96.7932976177677,24.1636013518557
93.419066209197,27.3845514571927,53.2103089865051,33.6347514696433
93.9042719637963,28.628971934517,55.2324828496682,37.9388401326251
93.5417720246407,28.4658501628292,56.8521434789018,35.8849144059633
75.5489820612293,34.7661461132935,122.898407144681,14.6156800480849
76.1017775862841,34.4410790303712,118.12445117535,15.68767722411
74.5660033921188,35.3975862244128,128.714374219296,12.6360638658396
76.8136336502307,33.8093322639574,108.93720039638,17.2689577966464
75.8497557448196,34.313972314658,118.546703764873,15.4398158809087
74.6705643453261,35.4867979169818,129.349157529054,12.7348750688946
75.2223803669276,35.0074206013854,125.307910154869,13.9369874764023
74.5286144853295,35.5285322310477,130.337030893623,12.4912613661518
75.1522301645569,34.9593741650806,125.046799835419,13.8579207230796
75.1256378552071,34.8177772139894,123.978450129792,13.9328280263487
75.2716341181084,34.7780445993906,123.511369598639,14.1829712426139
75.6950184765275,34.3492052726291,119.478167443919,15.1770267200648
75.6887294118924,34.4845063064535,120.426470154311,15.0561721461665
76.0688225421766,33.9234017540402,114.62031094611,16.1010152532678
78.4503614015105,32.2470063357491,100.334416583506,21.1193308853995
76.7008303822118,33.2423629011929,106.400906584926,17.6501445843646
79.9545380118092,31.3724434281115,108.697238629945,20.4744324189855
77.2526651180491,32.8735534277302,100.771370399922,18.793101802306
77.3684738516479,32.8738038292366,100.587885651231,18.956205676149
76.7483977356253,33.4507486974621,106.824985225538,17.5203501792887
75.727331389035,34.528736739924,120.652775765624,15.0737692094301
78.1168770608353,32.5506315023893,99.3293991534323,20.3514535471358
75.8855913659552,34.532751897433,120.054814515321,15.3033637994217
79.4060592931334,32.1393763505953,108.416241526353,20.2483672178895
78.6885251552098,32.4831742230632,102.887705839249,20.4908823693384
78.1322453668384,32.6611892658195,99.0985941433623,20.259654725917
75.7453629155341,34.637952382562,121.384105932971,15.0124769619534
78.8335772481137,32.3779735232387,105.115514785212,20.0358179662321
79.2777538810173,32.0773674248293,107.755723915877,20.2082530681287
78.5376117063542,32.6747793207943,99.7262910679073,20.8082115374882
79.9729214387186,31.8936892908,109.67653530919,20.4679609848098
80.5838399441514,31.5094678358327,111.293174689946,20.7138281222804
81.0238941146376,31.1030741676057,111.141940122005,20.8935867013259
85.3632145527295,29.7380434486578,107.011260463126,19.0088153600475
84.8101208774585,29.8632324529446,106.636413257487,18.3377919163189
82.3648836322319,30.6850996569177,109.658186348306,21.3764553558791
86.4405845120769,28.948103763495,107.571913748356,16.2357449816907
80.8431127675405,31.0859165664516,111.218391904786,20.8176206566408
80.9186368932297,31.1633160382572,111.218852071491,20.8545374945618
92.9445812799871,29.3473390674817,72.3558798615477,33.2952194665504
81.2374677924985,30.7757907344634,110.308056351427,20.9716542187082
77.513489786924,32.8153042797103,99.6404473361546,19.2230787454773
77.3359704353486,32.6945932563306,99.8013435508127,19.0977563564984
80.2182439994213,31.3182020486706,109.71208707841,20.5725951928326
80.0597196649889,31.6254762449468,109.632462553893,20.5182642401102
80.5281914427813,31.2666383155821,110.901335517099,20.694707983015
81.0579763766589,30.8379387521151,110.707223603446,20.905465229007
78.8991050198122,32.0400836820376,106.566302054968,20.0734551010673
79.5753571155025,31.8796376724445,107.907414438284,20.3276789826564
79.9865848767825,31.5466882035977,109.209825737034,20.4857533516286
78.0419638736479,32.5555950690751,99.0757924432882,20.2417392485638
79.4746892667495,31.8076308736645,107.789917035774,20.2925863144896
78.7398086393215,31.5271355112753,106.516696207006,20.06321670649
79.6925501010173,31.1126566537826,107.169756730994,20.4187753008107
79.7045565052848,31.2207125597949,107.490592112109,20.4040138564381
80.4199627093605,30.7826313207025,109.94363045614,20.7058330155537
89.9304877323898,28.563894818326,97.4135835117442,19.3495612879746
84.9475796619507,28.929661466294,103.756396696267,18.5923863798573
78.4766918384587,31.4881649782812,105.023795093599,19.9827467822851
79.1999235923314,31.3462724925814,106.963250076748,20.2294120184155
81.5872864108844,30.052532204627,111.247475292888,21.1773633081614
82.5875288467633,29.5937819766176,112.214922977643,15.6694615073644
82.5264190354909,29.5747008023001,112.23558603867,15.5972837314283
82.6139766058067,29.6618654490088,112.493853848941,15.6947315943958
81.6818128032953,30.1725000625406,111.0276086211,21.1824193290464
81.7132795381522,30.1170851198364,111.330865488918,21.2035962349606
87.9282865468067,28.0863102450994,94.3245956612614,19.9503766941859
81.2808633679596,29.837912163893,110.708649043944,22.4252873242543
83.9453585840182,28.7075552925618,101.836521149309,17.4788857269489
79.4857374985004,31.0088588481491,106.512055923909,20.3605204837953
80.9613266161382,30.1979329795507,109.470921176003,20.9830999304064
81.4796620406799,29.8988211272087,111.10266904457,21.1639284366221
82.499911982515,29.5061302343532,112.232102919975,15.5700099688433
81.5615515034278,29.9824332975202,111.19277808708,21.174839340238
81.046446430385,30.0194520368006,109.896099017661,21.8772680617652
80.8897372869648,30.2032535686461,109.380183043176,20.9691547589428
80.0312988728105,30.6517160663751,108.027520091413,20.5850236584217
81.7950959202225,29.6342251169868,112.460082533573,14.8566407516181
78.7819996245033,31.1626286077139,106.473282646283,20.1056406247469
80.8749205617512,30.0897198785009,109.387540851169,21.9983998773125
75.4900267671645,33.4141112328425,115.342355145901,15.985435929603
78.4899960097416,31.3647188361366,106.286890754442,19.999333543326
80.544552674505,30.1113473557253,106.88767704993,21.950975418839
78.0432603326341,31.4782666734279,102.900154338645,20.3862760711125
78.2397516198989,31.5280189599554,104.830685381203,19.9005243185841
78.7684751893922,31.0525272613605,108.258002073525,20.2162988142268
77.6323399063135,31.7319039179515,97.2362048122633,20.7072296992406
78.3652846033487,31.3065174716326,106.428651260836,20.0016527217332
78.2707997506605,31.4722220872418,105.089165200342,19.9190862501103
79.3930337309737,30.8939676911532,106.240619880671,20.3374081069051
78.0225615903743,31.96850972719,98.8558883416295,20.8515981821365
78.7870335487342,31.584749555395,107.604844925791,20.0584901592995
78.5691023300018,31.3678941180688,106.951290454952,20.0209359829823
77.9895515263761,31.7886588546907,99.1866568140087,21.0224117740013
77.5471193962942,32.430715037105,98.4714040107404,19.6734233552852
76.2952943724106,33.5016336202436,110.676588998475,16.8270393934404
76.2158727221401,33.4481498359171,110.922380605653,16.7696850613042
78.3101570155463,31.8465355977908,103.967710752255,19.882547803953
76.611457923752,32.9851964588534,105.456098691442,17.807431346768
79.2144045472055,31.2268676110345,106.931299067256,20.2483805496827
77.801151705641,31.984574390505,98.0328450654807,20.5435896357397
81.0854394572996,30.2023463147978,109.782551881959,20.994164674786
76.667392907363,32.5314970647815,101.938441602787,18.4089699058236
74.5105991991514,35.4214759880344,132.404595907545,12.5971726245842
75.3718018035673,33.6304469015706,117.230026995277,15.5711036820455
75.5104160341696,33.3491290270733,114.403946048619,16.0827484755621
74.9553584289429,34.0252200525487,119.939208180173,14.6940284241862
74.4934466007915,34.7976641018903,123.74200953721,13.064440662558
75.417879208382,33.364528406609,115.81277394371,16.5687456242592
74.5487844816601,34.6011297637081,124.065188227376,13.3461413029076
74.5124058011231,34.5593585251699,123.285188479062,13.3819044725179
76.3604473878017,32.2015920844781,100.647946557553,19.9869595654318
75.3066604602803,33.4455379461385,114.982598735205,16.9668607202061
77.4508775321218,31.3694012790256,96.9234917653781,22.1418373276619
75.5757020617135,33.1935138496178,112.718777317069,16.9808674405178
80.8911770500174,29.7068222083046,110.08974435174,21.7379006724561
77.6668929957832,31.3487266900754,98.5042087251681,23.4499356575738
79.3098048379597,30.4721807633103,98.6201720177943,22.2155625048272
77.6898142291372,31.6145889077653,97.3704448076492,20.9519962239458
76.6512324781664,32.4213973893133,101.359907415454,18.6438143310142
82.5914324616372,29.2490357053359,110.953726798809,15.7450379177959
80.9844241176098,29.7683474025072,110.21752791505,21.8824588541374
78.1559898175198,31.0987746687929,103.741406415966,20.7208185511724
80.9893603212381,29.6403615623759,110.290306539724,21.6850771260106
77.6233093517127,31.2965798761708,98.3196918872194,23.9067549792906
80.2034935302189,30.1732578042364,105.336586738332,21.8719298367789
77.1874706230235,31.1852328227124,96.4969668266468,20.8962737576961
75.4088642480702,32.8171541821225,108.923595663975,16.4335057753226
77.4006554213335,31.1618982677291,96.7422250881993,21.0765689211295
75.8055945739597,32.5334305252643,105.722310270582,17.3010430696095
76.5884820260174,31.5312162319891,93.4568028878874,19.8350956109664
75.0088773380688,33.1416664476929,111.937699313388,15.5765555971469
75.3724421418724,33.1143379302235,110.886930196632,16.5949919776636
74.4215785103859,33.8522397504226,116.60943556584,13.9376177861753
75.035933188175,33.8005672287086,118.230005584097,15.6017975670811
75.6207331771646,33.1032467597837,111.165779173241,17.6906468205573
76.5311149580945,31.4524691622138,93.1818036532484,19.8875506346924
76.2678287878682,31.7421428625974,95.9856365445135,19.2004057346649
76.217030357104,31.8256472424214,97.220521654547,19.0058115904384
74.3790060788805,33.7755595657567,115.921721320166,14.1695031428307
77.138538797512,30.9773083092371,95.3727883270871,21.1262642256776
74.2233299358304,33.7107408553285,115.166524096869,13.865425576402
74.7114324359175,33.1513100784098,111.213817985051,15.2100687195835
74.372416440989,34.6016210547285,125.010766599413,13.8658929601649
75.8383801412334,31.6608169242758,98.7264076112771,18.2951757899111
74.3660389501239,34.7383793528262,120.670203581669,13.0920584061592
75.1761662435729,32.2168712056926,104.962094854734,16.9052322271516
74.8940489671334,32.4997475160334,107.171660343951,16.2112311774079
74.4384180674426,33.0975340244143,112.985652593168,14.8820730711703
78.7864796186333,30.0116478450068,105.348325852702,20.1994783899728
75.318351518733,32.316514953105,105.004385436213,16.8913310879323
76.0807776606931,31.651919931781,96.5422224717794,18.6771782498952
76.1159519709386,31.4976716947387,95.9136257665239,18.9275288784304
76.9152100118672,31.1725906863735,94.8503447866082,20.7075309747933
74.9342591803758,33.2296794506229,112.5394452072,15.3825511692377
76.1272247229121,31.9020986073125,98.0390270658151,18.7713290905842
74.3370855272421,33.8706174200163,116.753831421026,13.9683242309244
77.1711167608874,31.1159446363859,96.4909257150894,21.1325242284529
80.3326800930345,29.4231519512921,109.104809801051,20.9233969559152
76.8181630508792,31.2414371921928,94.8172723139344,20.5043913810489
75.4216422550567,32.5465665882743,106.358996680391,17.0960677325833
75.7449841268534,32.2129418366643,102.424267338767,17.9697444292415
75.4077026055517,32.4761002017667,105.744576561437,17.2075456719417
81.1174840618431,28.8076526064691,112.237433321933,13.987540476594
80.9280794914873,28.6788287060751,111.574525398643,13.7153244382186
79.3769668169198,29.920151983147,105.719907796003,20.6506537139836
75.819832579032,31.8880608268718,99.2552742433308,18.0585961152226
80.1962616927181,29.1255028070266,108.288724765005,20.7683081399998
79.7174274188654,29.5544440420667,111.904208572706,20.5815437413401
80.3838706888636,28.9848257793748,109.887466057856,20.824494143703
78.6711130725352,30.0528629733671,105.225378575933,20.1887621916709
79.3420111867035,29.5568649829451,105.476123186755,20.4035192990496
77.9696330169019,30.21061930633,106.967346142391,19.8377457643201
78.2758103548325,29.9798236775656,105.314199903633,20.0172491485349
78.60155779316,29.7333216617061,102.904870797559,20.1593972999425
80.6403375853675,28.649873346316,110.888799878553,20.9282440512688
80.4747385480477,28.9116274799376,110.859674901176,20.8579353830949
80.6543026248346,28.7633320200171,110.888799878553,20.9282440512688
81.5199256552785,28.1640961718066,110.612810621257,14.5486317901768
87.2523596335657,26.9790992003809,78.061727386232,18.6888705156269
86.1442293789832,27.0958701714879,87.9626795108835,15.5630686814518
81.6127655217484,28.4930453147937,111.292177415042,14.5872680455159
82.2336622387206,28.0830256802748,102.138593546972,15.4297179042372
81.0732723963099,28.7510565656142,112.094996101952,13.8915580718144
81.4206853976753,28.5283141693917,111.415540928899,14.3408295521473
80.6390752208575,29.1486854008427,110.648248668022,21.0611004493975
81.0778090170412,28.6226787609495,111.702089675687,13.906745708398
81.0735195829019,29.460671821898,110.880875066535,21.1324759772005
87.5095293599884,27.5607189227342,88.7165392296732,19.4193235598458
88.5511462025532,27.6344307557976,88.8043918456186,21.9807152849955
83.2440247577496,28.5099433719474,104.088622797096,18.0707700589581
79.6329229189357,30.2706986894291,96.1987265650477,20.9493031069204
83.0443377694459,28.5261330395834,105.199980841916,17.027781202618
79.7337681963167,29.8492966869757,107.204660115847,20.7139913995615
78.8183631897261,30.1911752035807,103.059468853366,20.5164138300987
77.5342020435212,31.2341732357578,97.4025525209655,21.2885054774193
81.8690375081036,28.8455371480145,111.56025220723,15.0289018719077
80.2935606001761,30.0010507535228,105.694299212354,21.3081280591261
77.2517938676735,31.5034262050261,95.7508345243877,21.3818627682503
78.6604331909719,30.363978256034,104.411720989722,20.2958827971624
78.5273635453165,30.3389709111928,105.977481519845,20.3834669507301
79.5050979835358,30.4355929167913,99.8523755469182,22.2926725615602
78.1869763753311,31.0429147343389,103.927042599189,21.6126324373938
80.3054529994125,30.1107262303761,104.173960459753,21.7330693374857
78.282210006623,31.1121545945726,104.780145532824,20.184437311177
80.5732535716756,29.9715126712851,108.438149347411,21.7913773473615
81.0609471414198,29.6355106584,110.497642950265,21.8312020916635
80.495624256247,30.104550041372,104.496522848621,21.7412169263553
81.7013760607377,29.307462647422,111.852661674665,15.2332519402962
80.7883131924673,29.90196169838,109.632002159405,21.7891965559527
85.9988769417692,28.003458851819,100.575646518458,14.9814113747636
80.8378927056304,29.9087764004091,109.745068769922,21.7840935931004
88.3503870177951,27.8180702461047,90.6338353140821,21.1818980487812
79.2308961199188,30.8792979223762,105.78339494799,20.3866318121813
83.126972788073,28.9481170628908,106.167058577741,16.4427440196492
82.2772194143853,29.11116179147,111.301585430286,16.4150235767057
90.1781104250348,27.7325476879794,93.2708078448403,19.8347188634853
86.1468037448753,27.8354740215363,100.299007872964,15.4750499566377
83.1357136354562,28.8346015793418,105.35993502797,16.4708343846321
86.2684023299507,27.8240155283305,99.4263570992054,15.7874187459002
83.206718996103,28.7411799144812,103.645449467301,16.7586487178903
86.3528476831016,27.8541887297661,99.6393283423337,15.965667371565
85.6772355934699,28.0286762336385,101.678623471253,14.1718153112024
83.3619416866694,28.8819143324622,104.448292584617,16.7360998676672
90.7483398679092,27.737320215039,93.9178435475737,21.9122216875187
87.9852034496087,27.843183859604,91.4344111297777,20.2039296632425
86.3999055652957,27.9240620680504,99.3081442970754,16.043115640784
83.1891668670564,28.9677134147701,105.686817774055,16.5104353723393
89.042923686156,27.8116012407859,90.1600689746613,23.0379189074105
88.2286750265006,27.8265149820353,90.0676096310233,20.8549809733855
87.3758344996776,27.8778908169112,94.2112852315954,18.5850424941875
90.9863323438616,27.5210602390378,90.5163270402802,23.3337866524808
88.9666071083102,27.4743182858757,89.0546272675971,24.7020034717592
88.5862437388504,27.7002537073324,88.9634437435959,21.9104430590868
87.8552230963424,27.7489253107037,91.173328921876,19.8716247529228
82.3363628334753,28.7088793656269,109.120624999608,15.7109333558839
90.8658524521057,27.2189232651152,88.1075401810451,22.3508152865866
87.383968123307,27.6694934253724,92.500562500851,18.7740263695488
84.3793279806661,28.4927247623522,101.535147353148,18.0696754289105
83.0978034254835,28.6600257073259,106.041559258128,17.7208294283315
84.7470798390919,28.2172865442913,101.4304204439,18.8320547859212
85.4434789834813,28.0926574412112,102.165519639564,13.5437220532753
84.6081801764504,28.4142882143255,101.739941461357,18.3698389600644
83.2422638419668,28.6945199092633,102.462749592054,17.1365535630149
81.7472994574284,29.007609493507,112.093385120219,14.817118834026
79.135653334933,30.3080914737081,102.138779444033,20.424725919958
85.5843494660667,27.4840101113124,99.847845577744,14.0436547355156
82.7164954125211,28.2733744870016,103.042448215699,16.1438706750578
85.5891682778664,27.3691306840384,99.4138529668412,14.0946146270283
83.152736210993,28.2026685431702,101.332466264474,16.6906146996151
87.3907816582065,27.1502079999582,85.9092088705102,19.2420360734296
83.4224491826167,28.0940725887231,101.040086997388,17.0250506661136
88.2396623338523,27.1107453999242,86.9610868019076,22.0551140071403
82.9412610574917,28.1078695479991,101.817452291714,16.4381322352502
84.9752888317279,27.4986058288697,99.9504362358737,12.3631506915826
83.4127187722658,27.8038941483343,98.5268862595239,16.9897265488865
87.4855607892464,26.872550777437,76.8246810300163,19.3445458597323
87.8485094707316,26.8607239013726,84.0061983133639,20.4498738900543
88.6106719737016,26.7793724313507,85.9196037092472,22.53210641945
90.670536419309,26.7843696461489,85.6395988628845,21.9699725948945
86.5542178333581,26.8331274852899,85.0271535451622,16.5054271232319
83.0881300789216,27.9613219125188,103.2975928153,16.5287677955806
86.3959661894682,26.8686654036389,85.6222547662802,16.1791085089105
84.2176653377891,27.5553336033391,99.8624560213545,18.0662929591175
89.4617058371208,26.9411515440192,88.1762423323202,17.4579941264971
82.4704473045197,28.0296179286579,94.5836776171864,15.7388466819579
84.343816518552,27.8057265936195,100.376938255643,18.2434053605054
89.9413731217679,27.2301434103675,90.6411045697292,18.9780435639872
87.7443081591262,27.4469492867531,84.530232147906,21.5112989652218
78.475279792122,30.321528831823,106.46864767768,20.4572516004426
90.0625839324753,27.2249054563863,91.0471660957813,19.3970765083967
88.0744922143886,27.3598528055662,88.3720006841416,21.1662842555994
92.2316319462983,26.9644892027073,75.0456904792834,29.8235978148033
88.7239600702838,27.0787743825104,87.8534562298021,23.2099743191472
93.8255905537666,28.040508828991,51.3067605251642,36.1602114097598
89.9426344400994,27.1275069304544,90.5719105914615,19.6692724184282
90.7838951303221,26.9837078509229,85.7205014112566,22.4250483026167
90.1412786836238,26.9477570875404,84.1847959186537,19.9361867146652
85.4526711318933,27.1037537705199,98.8634684639978,13.6807535599375
85.8149491852431,27.20735164072,91.7137355058669,14.6567579246265
89.4254714211985,26.8742165710516,88.1762423323202,17.4579941264971
88.3771255930413,26.897306365705,86.1733658043098,21.984463052866
88.6183417116193,26.8810531762864,85.9196037092472,22.53210641945
90.9061770298228,26.6704870524017,85.5634825172265,22.7197047869698
89.5359998226427,26.9724952809181,89.1757410577808,17.9391533495255
91.3949080921693,26.7626670348468,85.7163587656781,24.6192113600346
92.2262411682463,26.7593192280869,77.3319369523795,29.4479531634073
90.6700312422587,26.8869207161234,85.6395988628845,21.9699725948945
92.646871165581,27.1325162073464,69.7910045437285,31.0849417931467
91.9575213641655,26.8407072363384,81.5573013368953,26.2542295970009
93.8915281895055,28.1171169389175,55.3711609258142,36.7256048450109
90.8665896779691,27.0139305984491,85.7025896032906,22.7687351508399
91.8732378221708,26.9984710675466,81.5573013368953,26.2542295970009
92.421865946625,27.0524569589595,72.9525203256004,30.233640563884
91.0323980000257,26.8704839067494,88.3121915626907,23.1617902649056
90.4285119207427,26.8994377333365,85.0701722082446,20.8714793789925
93.7287756942336,28.0790017901515,51.7830612170271,37.1304336665048
93.8844883369277,27.8100800448814,51.2280613919079,35.6050295450682
93.2061335593674,28.5069521847242,65.0904117364833,33.9830344239535
93.223247140804,27.7773150546109,53.4960554182088,35.6649884033816
90.8653890689896,27.3214404953344,89.1953353139196,22.3044932369095
93.4967484774434,27.9686504617848,52.0574998094146,36.7741595709994
90.742316050637,27.6351030599811,92.8741789875458,22.0376370884793
93.5012847408757,28.1728526837781,55.45070438117,37.7609283284454
89.9277978091742,27.6410178401123,92.2479805292159,19.01864508932
89.9373060963071,27.5380466946735,91.8726002876463,19.3114045170209
88.9519135534114,27.6795384264692,89.3339323809066,22.9512439498451
89.7788976158151,27.4759888274192,91.2560744455961,19.353408535481
87.6954065288956,27.7925447041111,91.9541825647442,19.4518452386778
93.6002550317303,28.1325994382156,53.8863268993672,39.053664138688
88.6699921765968,27.7290869473298,88.8896015013609,22.0509556850074
89.2074745077211,27.5658072874892,89.7643416928899,23.7545804552187
87.5818922486515,27.9020373419471,93.6611996352367,19.1281523443653
91.2297662295815,27.8207429402702,90.9050955812988,23.6497223557076
91.5963794961563,27.8245468692903,87.5315917523578,24.9856538321551
90.6191681223636,27.846682045905,95.4407051514877,21.4401664801914
91.352002204487,27.8194288085375,90.2884590877892,24.0844798470442
92.0788639307803,27.6761515303372,81.2454535965806,27.8241745831516
90.6245288202072,28.0515123840693,97.1930925681826,21.4343776050423
92.1169076512977,27.6497951204286,79.772702216246,28.4469991940112
91.8770741294564,27.6103709833174,83.8552198945974,26.3172781704518
93.1939497761965,27.9965858554968,58.4845597733166,36.0342552339262
91.1572189777386,28.5050071897053,99.5873180377525,23.5989944122036
92.6972628603227,27.9282404950128,69.7270463093039,32.0363936129949
93.9386619227936,28.7187293353456,55.7395548486944,37.7240242949234
93.7819786897281,27.5417048621738,51.6148142024582,34.7667697237366
90.7836647775098,28.3164963252477,99.795392072365,22.1530278863539
81.9496488709984,29.7745740404218,112.699253246788,14.8895425323524
87.1275667586992,28.310503524378,98.7776690632817,17.8485305089853
90.5086401571682,28.1603005797578,97.2072989953941,21.0724348730451
90.6223073957537,28.3593129575833,98.3567038888336,21.6127896856569
91.8470877099664,28.2518347416018,86.9267221508678,25.8967617727094
92.0238643912694,29.1568587432689,91.7199435854886,27.2226481545271
92.4467164851586,28.6810063750588,75.3195181937332,30.7162596991418
89.3914118847245,28.6168865623556,95.1973574874245,23.7929575873899
92.4853145036475,28.5585429523485,73.6911801621991,30.8073681504445
90.5447610688478,28.4318829240477,98.7439508941844,21.3943664835815
90.7509126303146,28.454939940076,100.298135135554,22.1328456916509
92.4530311087113,28.8853194553652,77.0454830013008,30.8818481269656
94.0046970342929,28.7961320583417,56.0911874060297,37.8110003116429
88.2047091550803,28.8508860183251,99.3638125473549,20.7611054458235
87.100192750908,28.9485081831799,104.876046991702,17.9373660093419
84.2290640521459,29.4961888401239,105.666680421677,17.6413085766181
88.4572709188005,28.6274915463982,96.1691472250047,21.3599149394409
88.1970183168643,28.7491491406686,98.5814018915849,20.711334103035
91.2799892006573,28.502065284864,96.0012167318871,24.0266354884805
88.3199016531839,28.7396247419476,97.8225484552512,21.0282152342304
93.4247913506422,29.1333032308933,64.2356248758359,35.0548626461329
88.9507545207745,28.4972156662444,94.0206800572704,22.6388554513924
88.2121807609655,28.6456080665314,97.7795826080793,20.7248160170702
88.7055807041846,28.5097205550537,94.2347792478841,21.9975091867694
90.5439560324317,28.5344999920964,98.9295574791016,21.462952809839
89.4023533896285,28.1045640041525,92.0263994109491,23.8205113418382
92.0101801111757,28.1384652124212,84.3530935346388,26.4441290559299
88.9205558961456,28.2261105846773,92.3781691014886,22.5532767042228
89.1649180204666,28.2155895476202,92.1207843581292,23.1946893469196
85.662555442619,28.3736067089454,104.65276926569,14.0312371966108
86.5919362857194,28.2743726996236,101.002110624626,16.4371843316629
86.8314438407631,28.6877669343553,103.7251634369,17.1424241404699
88.3347066175335,28.6362911908016,97.0846953071747,21.0421441425345
89.0810529002433,28.184873190855,91.7176099592796,22.9738757054672
84.3666848362685,28.9380207412861,103.112338043197,17.8931112755228
84.0350110653077,28.7890345062538,102.545432505987,17.5474460672603
84.3568178756562,28.83107751102,102.693039948951,17.8975860163598
82.5632172620955,29.9471927320209,112.13661901205,15.6062582117876
85.6012202194284,28.9950258260042,106.412628998033,14.1088291863231
83.6699229544373,29.3416070424855,105.758269437795,16.9919117873093
84.796734716287,29.016600022082,103.630015683964,18.3943996836789
83.2915465621092,29.7886973103679,109.248215256225,16.4896436649529
85.5042273395459,28.9078529127957,107.077604482027,13.8073083300245
84.8114331940033,29.3081068996903,104.8565581702,18.3618930437599
86.9685655792833,28.8542876439065,104.77843437895,17.5572473883068
84.0054284053489,29.6770318550052,106.817904722248,17.3576020766827
85.2426151511195,29.2100118321429,105.359032168879,18.8916472913797
86.5628878271652,28.9328963942652,107.708294987455,16.5434739981901
87.0581167435244,28.7750712310758,103.490209169429,17.7585357115995
87.3546051133753,28.7150609220003,101.636153366713,18.5094252641928
85.3702847844888,29.2851834346197,105.948962717307,19.0361779103171
87.0533946269553,28.8819594777195,104.636832869447,17.7884222826708
87.4771491203926,28.7051215805358,101.07560870446,18.8252995526585
87.544617918518,28.8383735162961,101.993090057831,19.0445368580219
86.3284383826701,29.0747575592786,109.035247347972,16.0170474756233
88.0741643836365,28.759076110775,99.2341820775554,20.3946297703817
86.9775376755208,28.9604802443711,105.826518442909,17.6260686524869
83.4643543341348,30.1044261667599,110.073970439226,16.707778856106
85.2346726528546,29.6617997897514,106.470160020415,18.8601875586588
87.0955443609446,29.0554219775155,105.883564880164,17.9776827872494
81.1293237298116,31.0431398631977,110.9187499085,20.9344640685877
86.9162534103916,29.2177513717807,108.517711980181,17.6253639562284
83.8269503090926,30.0997506501086,109.117319570762,17.1459322142374
85.0444408443247,29.2337470817739,104.983966435453,18.6506081967357
81.3680133854767,30.7864560110902,109.658638951933,21.019510302648
83.4751027570784,30.2118507539273,110.461542323059,16.72139107595
81.8861729956423,30.9381507239719,108.895130479044,21.2004720906786
83.5015153879982,29.8712441694069,108.791588465738,16.7394159768038
81.1053161075349,30.9745333965133,110.883750214655,20.9257898874328
83.3824685272931,30.0935672542365,110.323456036816,16.607755627577
83.240971536701,30.2881201677791,110.713417516932,16.4403591995824
85.2448989442618,29.7710372217006,106.635423568876,18.8649353686143
83.720016227882,30.2439093108966,110.001631867445,17.0160935602133
83.1706965977344,30.3863153424787,111.647512218916,16.3576738631897
83.4858430968629,30.3192854502866,111.21289823006,16.7350237448719
83.1070484802521,30.5582331150631,112.099172926217,16.2874606630498
89.0611888941841,29.3097426262903,99.9592409642512,23.172796458217
84.3970717387778,30.1392437825734,108.42925717042,17.8316217922773
90.539328155163,29.0476295678878,103.214115348947,22.0146466567225
86.323830960453,29.522233349428,111.574977366426,16.3412733860207
91.7344588666541,29.0566572948579,95.6651659698902,26.107839602186
86.4260294318225,29.616243682258,112.724498167042,16.6747871433576
89.5559601617554,29.2942068285439,99.5093100033331,24.4377173034825
89.6796446270996,29.290381166712,99.5738973213163,24.7544422279491
91.4093882694656,29.2165687266216,101.797938223546,25.192202734224
89.1361529370538,29.3411094803139,100.018263607487,23.3789271023727
91.7799083033981,29.2298483452004,96.6322846021289,26.4733753246508
91.9027984395836,29.24182729784,94.8359788321148,26.9081170363082
90.4191907184529,28.7463285606739,100.176189392654,21.2344399771946
88.8161858000259,28.9120604036897,97.5052102573399,22.3658691198885
91.1230377663356,29.1546818117723,105.900291164362,24.1426984289839
87.2183048813328,29.0431426144886,105.090016048492,18.2898712606707
92.254424733848,28.9993530034045,85.7736955126354,27.8389201605937
89.557856729816,28.7821363842327,96.6581133867185,24.2563381587714
89.4324816418742,28.8885229975364,97.015425072031,23.9558694930708
93.9734448367843,29.9470401486538,63.4860088489749,38.0155472555094
94.0401463393625,30.0250709280166,63.8249368315239,38.2882855867629
93.6749073339872,29.7536846351002,64.5680925350682,36.6212389050813
87.1794892460146,29.4008502163282,108.677247095525,18.4110715791471
93.0596217758861,29.6041772400494,72.4298964145536,34.1116725295086
93.87994214121,27.6053209469508,51.541234627859,35.3182760830487
92.4610894636108,29.3930921446508,83.6954753049194,29.7975233593655
92.6920229587825,29.3729794496363,76.5797837772675,32.3707042828642
93.3757953384589,29.774247097803,70.5121249896245,35.5348791666779
93.9451374813254,30.0618936827465,64.2062639915559,38.0667439652349
92.8415553619453,29.5019587176418,75.0085088576165,33.1289345205501
93.9416961814195,29.9593798404757,63.7507203407722,37.909756254296
93.7787305731437,29.9198536452991,64.7318445256438,37.2369173130663
92.5015375689699,29.3723261280287,80.6386697821147,31.2521493113055
74.8189569167219,35.8260021620141,132.497041164957,12.7456435432857
75.0505890030639,35.4233085146823,128.938290521952,13.3664174092427
74.6254532649074,36.0990242891848,135.028944309053,12.2889076506798
75.3488112892856,35.2071682227235,126.897052983699,13.9720208207328
75.6456227990654,34.7887398929519,122.900954369985,14.7405470686728
75.3820261752431,35.2123985477457,126.917582514976,14.0157438527414
75.6153594008171,34.950810136924,124.251623727968,14.5598532867067
75.5871697750262,34.8099269483142,123.253991617768,14.6383318393221
75.5690453445507,34.7009441845104,122.34285510556,14.6977173148435
76.3285712513962,34.0569110586299,114.037242466657,16.3565851703618
76.0183828945295,34.5244027402505,119.347807201416,15.4978116045393
75.4892869461591,34.9618634485375,124.677978614552,14.3710443977652
75.1960782272147,35.3830323953173,128.571848560624,13.6120260815193
75.4120040699463,35.0490150282461,125.518511489093,14.1881895796129
75.3546749339889,35.071098591571,125.796461634286,14.0846951356013
75.3938011957407,34.9403337044329,124.569766615084,14.2455350442975
75.0315286002713,35.4887893552341,129.500761289008,13.2919566466641
74.8812729041036,35.6660500250351,131.081431934291,12.9433728317823
75.1079393542079,35.2267795563449,127.129780061387,13.5963616274679
74.7882323708424,35.6473775622192,130.810722225971,12.8131827336727
75.0443033600542,35.0424701527554,125.720199391219,13.6305599177865
74.7323447285657,35.6709540307091,131.000718147337,12.7124235936941
75.0011361017846,35.1363939094878,126.497904646548,13.4940599270988
74.6576629717446,35.7601363416341,131.853762940475,12.5407587685173
74.9199177891389,35.3617278217606,128.386656983791,13.2137560795981
75.1837738664,35.1384544716728,126.347437307433,13.7762575401688
75.0897515263287,35.1186152640419,126.360010997704,13.6523890419774
74.7449854103162,35.3976817521856,128.581925085063,12.9105398050538
74.7142241286146,35.5635656178333,130.06494912451,12.7579670901617
74.7763596721391,35.4032380164124,128.688033898417,12.9582617559002
74.8633117171662,35.0409474758367,125.605578195717,13.358804093556
75.3046576922449,34.7832651505371,123.50177975509,14.2309132173909
75.1197483393677,34.9541016905808,124.997681437515,13.8125327295121
76.3190842762238,33.4386856495239,110.240237418656,16.9237164183341
75.2774969436884,34.6419182136298,122.528535609378,14.3064205285208
75.7688077864753,34.3989392403146,119.51924686852,15.2478030161787
76.2401272053449,33.7609967080836,112.570630623015,16.4967934629078
75.4711079206597,34.8530509426382,123.74807159372,14.4300215306018
75.5308665787866,34.6571983048472,122.106346996539,14.6768282523767
77.1491480351102,33.2707298038419,103.633845136607,18.2638157300511
76.6716688931088,33.6357131352185,108.656723934529,17.2328109898613
75.7867767619185,34.50823437021,120.285053322222,15.1791226114614
76.0365802286186,34.0818919379173,116.114208334254,15.9147651794921
75.0323818169469,35.3152980299025,128.07311337175,13.4181367519538
75.1463339822279,35.0956984383688,126.086130507514,13.7546700276168
76.3755928678373,33.9306432348842,112.93965692403,16.5406151586231
76.7226505227336,33.5122875441605,107.620679237266,17.4257235431298
77.051680353847,33.3417800659299,104.599780749961,18.0564898254358
76.6391341620306,33.4563031271567,107.761088658765,17.3519446659461
75.9710365048466,34.2747447890999,117.760329033265,15.6480545218045
76.270478737598,33.9006733999556,113.086040613105,16.4136694830219
76.2068171817441,33.9178884403614,113.99350339303,16.3082787010595
76.6077401410253,33.3172079764112,107.561797239529,17.4460845868686
76.076290919083,33.7895000679078,113.908981072258,16.2383599538505
75.6602118901766,34.3438291627856,119.561385404372,15.1291982112839
76.9436598707051,32.9745201461144,103.21011089283,18.2603107089365
76.3124624271384,33.6114939243856,111.1111343576,16.7409297765132
76.161631019722,33.7081767119732,112.786338498894,16.4364351621825
75.6460097089329,34.2734533192614,118.884998340137,15.1696407830306
76.7950476005517,33.1685706632147,105.003390371226,17.8538239056373
77.2368633992711,32.7634481711141,100.215473135026,18.8870606651999
79.6630984041126,31.5780044072326,107.987120912291,20.3552652036252
77.3795848026178,32.7452440796566,100.04423220296,19.1047526285624
78.2343870601857,32.3632051272704,99.1029005547978,20.6979778316056
77.6142146320413,32.7479570564336,99.0336576559614,19.4333851030946
77.7155373148272,32.6813223129463,98.2722504599412,19.6440316830654
77.3027450768892,33.0808199851916,101.805038438232,18.6703692919095
77.1219555230162,33.3309746314257,104.141527745204,18.1664992408135
79.115047083963,32.0666446754797,106.581374816235,20.1525335800888
77.7199686852767,32.9194445303754,99.5171298428207,19.4193938675612
79.2303525053799,32.020149192218,107.290683262482,20.1947539000679
77.2038992016189,33.1505038047778,102.595421912585,18.461345901564
77.0248055721259,33.402303921431,105.225563489108,17.9595937791156
77.8218251024757,32.8533997422201,99.003072181536,19.6294929285443
76.739342686626,33.6221974450008,108.298088975213,17.344067260503
77.4619407493258,33.1725458752455,101.689476444831,18.8028755207996
78.4993492678672,32.5370306066178,100.56916350143,20.8968420174482
76.9714774858162,33.5236513210242,105.981750325472,17.7646563894855
77.618741963806,32.9862440798759,100.371803232281,19.2102626380285
76.464588536711,33.8518801776826,111.641950476169,16.7398342240237
76.1863340448381,34.3586025666809,117.18333652958,15.8820176908463
76.287881044331,34.0104439924631,114.044031933251,16.3418783604032
76.4717724297677,33.679381752247,110.415699026195,16.9081258711944
76.6884871271098,33.7455989971633,109.428492369685,17.154760575311
76.6790731903681,33.8769576345008,110.386075626202,17.0168158538814
76.0323161808871,34.2556811252877,117.176021159922,15.7520172798806
76.1339402893768,34.282644167002,116.788021886076,15.8780017058645
76.3053233165385,34.1201976254324,114.6052992753,16.2668393396438
76.1562783632568,34.2187590242939,116.340635189463,15.9669805828394
76.756079538289,33.732087555167,108.982420342012,17.2649501463664
76.7719883354568,33.8015067114785,109.184447234054,17.2189219874366
77.1007535657687,33.5900606692817,105.861350327329,17.8825247843077
77.6344937486323,33.0964427029663,100.877351404571,19.1224556253591
77.9019538013735,33.04279279694,99.2326648234297,19.5498688383426
77.6977384073151,33.1751118123442,101.175625284714,19.1318972574948
77.7995196350962,33.1085597693585,100.383494049884,19.3410867911528
78.4285111441661,32.7319107765848,99.2271920451292,20.5982602656733
77.957892911739,32.9674535262673,98.7296694524165,19.70584385215
78.80074575048,32.4314670269555,104.680152365878,20.0219787527337
78.3786828539701,32.7193917450271,98.9601980188516,20.5438623102371
78.7209081053003,32.4289932710136,104.291688674405,19.9958635200217
78.0433360801528,32.8345749937912,98.5395927652906,19.960103024058
78.8730174774013,32.5155917098827,104.568668617553,20.0390700134567
79.8609120422244,31.9448783705361,109.011894725074,20.4230206485761
78.4529225458959,32.4821899119917,100.4593442274,20.888465386248
78.3906947870837,32.5941935157652,99.8500494980798,20.6878529706775
79.2574646640278,32.2383156289551,107.634799954476,20.1895888131903
79.5076091463941,31.9835986124959,108.119079101895,20.2957831813436
79.2912365226529,32.1863457195312,107.898183780185,20.2049654560373
79.6219076712991,31.9357613605467,108.155820245281,20.339705896661
79.486822436292,32.1440047732833,108.747876316723,20.2764174893209
79.9606499343719,31.7858730842706,109.344550839786,20.470731296454
80.3683006173975,31.6236585964579,110.831867328087,20.6285974116986
80.0718829415177,31.7334110058501,109.79207709395,20.5149510369657
79.3314905219884,32.3225239190511,107.605884601474,20.2095640968681
80.1618979202223,31.8417782202114,110.202752240191,20.5382643495274
79.9397887252287,31.9468141227572,109.48046820109,20.4519225980386
79.9013688768969,32.0779550555521,109.447142265035,20.4284124062013
80.0512427330531,31.8948637025151,109.889069995146,20.4945377921648
79.6750254389958,32.178176296977,108.670635795922,20.3409590803809
80.5104980877971,31.7426266123586,111.400728420179,20.6691610865155
80.1248942344463,31.9736321520913,110.304937049598,20.5158810217648
80.4764220682855,31.5670063421442,111.092730016528,20.6710218592673
80.2924156972878,31.853686760347,110.896790951778,20.5840995445843
80.994878890349,31.5244912312111,111.752968678017,20.8548882140226
81.9175742482921,30.8823324021334,109.167254953217,21.2154343016942
83.357960058211,30.2497553293234,110.526804663303,16.5803977054941
82.204660858315,30.6726938085502,109.785495086302,21.3245181047161
82.5661053391895,30.3713332665758,111.597749720389,15.6310526914116
82.3507229277551,30.5722540175084,110.34393194965,21.3805442378496
82.317627512013,30.6253473167931,109.932914215444,21.3663322012199
80.7263822273782,31.6288226964544,111.772157611878,20.7538948916655
81.115009163979,31.2150866438853,111.187405546755,20.9207504981707
81.0546036235328,31.3300910296782,111.428228928885,20.8907454431447
82.1247212914641,30.6669494047029,109.933831605909,21.3007726971013
82.4174418108802,30.4669568090033,111.26968592374,15.7576054892728
81.5591674145926,31.1005029701465,109.776805410675,21.0793260260378
80.8419861963615,31.4473118795817,111.606433204752,20.8084213657447
80.9030991116837,31.3333259323056,111.472637870794,20.8384380688595
80.7353941502133,31.505671071278,111.633425486703,20.7669577942535
79.3589198866899,32.0825373004415,108.354058910439,20.2361067139704
80.3876402979664,31.4595784814583,110.666295076416,20.6475951921884
81.0392223469511,31.2165883897018,111.28723951195,20.8948753651988
81.3114354571122,30.9831141645629,110.358138441947,21.0040330071784
80.7386104915961,31.1466825426556,111.048776694384,20.7771797314058
81.0284633157055,30.8962375953219,110.792495127452,20.8903048231092
81.2351441414031,30.9838036162053,110.728283103178,20.9754754053931
82.364781834499,30.3301881158561,111.988808063573,15.3718678945672
82.2227713984628,30.5053789993398,110.556060756844,21.3449414378513
83.2385574863696,30.0654245545812,111.255701963703,16.4303766250717
83.1126915388882,30.2184776754683,110.639432399534,16.2853501660702
82.7757074332734,30.4485795057285,111.748319694803,15.8853314368584
81.145101740039,31.1573906542255,111.066145917094,20.9356575902283
81.9652581278912,30.6564760463675,109.954138212347,21.247354321648
87.1621320623246,29.1902335031001,106.820067929184,18.2374895213292
83.2938213369319,30.0105802875642,110.09326585658,16.4944984573681
83.3734720988594,29.8003334484173,108.930927587673,16.5880034254555
83.3843480887314,29.9078758955019,109.349658866336,16.5983313741671
83.355853221464,30.0279836605184,110.027955802795,16.5729404097835
82.0246133978499,30.4682648203701,110.156211492906,21.258973734585
82.6553415754831,30.2616174125805,112.033176296708,15.7253972999084
81.4749649860627,30.7294702981523,109.544173765202,21.0594432849334
82.6840493160764,30.1361692405092,111.178741266563,15.7506627646059
81.316571144088,30.8559576345587,110.226317449285,21.0059708127853
81.4232879559256,30.7982664220981,109.514602653236,21.0415572676339
81.5715715066958,30.4315049103892,110.318685707011,21.1119963412981
82.6025353275344,30.1261390644904,111.26759716052,15.6523823986761
80.4324619266895,31.2032963701062,110.468348219601,20.6575255710714
81.7490838899601,30.6338331140312,109.931925566526,21.1671036731745
82.1964527921177,30.4364618614656,110.455589258957,21.3266423114786
80.3136429765511,31.1525958440174,109.948608554348,20.6199389492308
79.8162089938623,31.6626254959475,108.557629777382,20.4224708555018
79.8430214590406,31.4238349951997,108.412361619779,20.4315544681146
78.1285011364163,32.4241547391137,98.7663679199478,20.4881469296285
80.9541887275643,30.8992232666384,110.873934405837,20.8648380046007
80.2588649532232,31.4501843599999,110.466850241498,20.5966427987098
80.3146320318092,31.3827605889837,110.55928296997,20.6138617547579
80.2942297189886,31.3167882887269,110.144280689874,20.6027687740878
79.5892230373966,31.7603919016458,108.093738030929,20.3356659179549
80.2063567162204,31.4388814205913,110.221794523191,20.5723388732123
79.2438741085574,32.129245013,107.769738086875,20.1926296499019
79.8751226704363,31.5983155884889,108.687842160431,20.4410157039322
80.1496192204556,31.7337468251908,110.2435758534,20.5423668598181
80.6017432512343,31.3430829130622,111.175970192173,20.7336361865919
79.3456521827593,31.9737424161843,107.588694296402,20.2395131599826
78.8997046694578,32.2716358619936,105.71245783488,20.0655182507778
78.5477951065542,32.3160378670916,102.215040659672,20.6255091348247
78.484341953615,32.4265496184878,100.865177934785,20.9885080219891
79.2443619221958,31.9001578710159,108.378713136222,20.2042948528557
78.8854580755635,32.1617204442949,104.923096844675,20.066209021293
78.437908630376,32.3716666761025,100.95696994422,20.9809286945313
78.6722321254366,32.1394632425611,104.853596032489,19.9886970643193
79.9665341049233,31.4803692736706,108.879302654739,20.4724051017743
77.884612054748,32.4126816049422,98.394779961599,20.1556520944975
79.5153064461661,31.677310521443,107.560533649834,20.2955269027826
78.522289983234,32.0539966019649,104.146250805964,19.9311791311249
79.1704753061246,31.8149401565229,107.433372544772,20.1654590339827
79.1570870828486,31.705686445416,107.684178736034,20.1688048760861
78.601134791891,32.0554317422752,104.496303916124,19.9569894135573
78.6988882817534,31.8938934738081,105.431149377242,20.0003760064841
78.6191023882109,31.8909423269771,105.150432465945,19.9734678638741
81.122318351668,30.5939321880876,110.185843251036,20.948053843317
78.1521077183137,32.171641185848,99.493280874424,20.7818064552809
78.2706731687978,31.9862849305616,100.515521165996,21.1451531219937
77.9725647324383,32.2382250275608,98.6744832882749,20.4641125411724
78.1154905732732,32.0335195634856,99.3250333101143,20.8831998838744
79.9279663620628,31.1202426480155,108.012086588913,20.4909901519315
78.5866212015514,31.94501166878,104.903066465518,19.9600326565066
78.5614110563365,31.6832452105754,106.248186336868,19.9807141747782
78.4377418507266,31.8599691607532,104.336791102319,19.9147563255415
77.1007727707359,32.4552706316547,99.0848669726111,19.058409565092
78.4506012505345,31.7358358654718,105.528889334974,19.9424764292873
78.8677508366809,31.5902300218652,107.471731278331,20.0815730801245
79.0029476212041,31.3834167950882,106.912113564046,20.1650740313289
79.4305097054301,31.2573864351232,106.590134366042,20.3127819327127
79.9162015618797,31.0122443849665,107.962875845419,20.5046945189346
80.0052434197358,31.1210651597425,108.470063550397,20.5143255087547
79.0976182542538,31.4997585228717,108.083177811463,20.1655651265406
79.6709134259554,31.2727807146439,107.330479862385,20.3855821147811
78.7123917225554,31.7714101672916,106.064939705161,20.0122539206689
80.0377526117357,31.0670992690678,108.617144534492,20.5347834437647
79.2327926905444,31.5238682901608,107.85262753776,20.208900512482
80.7030498556288,30.9685523344068,110.831101945877,20.7721759500978
81.0459800251022,30.5160293748944,110.240806309644,20.9385660035411
80.538025217636,31.1438849593505,110.579542781356,20.699280227823
81.226458200065,30.5333499259724,109.752020231024,20.9886092825054
79.0553640636121,31.8607097971547,106.905410982695,20.1221716629782
78.9604251546221,31.7452923826732,106.960367995153,20.0988410133432
81.132667557715,30.8355875318094,110.590974406115,20.9310180074165
82.271737067359,30.0111457495401,112.243785483107,15.2543214211426
80.5990977114354,31.0300023211283,110.652884769224,20.7305366425803
81.2509942524301,30.6024636076414,109.730950992308,20.9910660204102
81.146343485046,30.6626289378468,110.318335545367,20.9503189138826
84.1122865376137,29.5333912655174,105.985045857852,17.4972116182296
81.2822198761987,30.3357816046879,110.01326828024,21.037919220441
83.2649555569949,29.7228211851902,108.97568791346,16.4608499158914
81.6808998005291,30.3783003637691,110.473437868726,21.1539403744441
82.3244256349549,30.1488158593164,111.857164645886,15.3174990857025
83.1501791057762,29.9818499489355,110.584197453451,16.312614870442
83.3025767397531,29.8964666627376,109.594545034821,16.4987076855696
81.9029931968283,30.2776798303919,110.824089610016,21.2348557442598
83.256104860366,29.836790997883,109.459015425309,16.4448676374589
82.3868683790812,29.9696572160295,112.278365620302,15.3929358748494
83.0944758831334,29.6262727716379,109.255962582316,16.2634116373892
82.2790009996358,29.8905872016223,112.85670159795,15.2734470697708
83.851257895053,29.5422709881412,106.38737057723,17.1811152282361
84.1387009456589,29.4151202899215,105.394383584743,17.5395863287245
82.331807870158,30.0284625777442,112.109258422967,15.3267807649577
82.1572345166374,30.0540260826758,112.137278824748,15.1169899458235
83.320208214088,29.6688531301897,108.478190428529,16.5306402563003
81.776826827924,30.0071833677474,111.728176478927,21.2443717129916
81.3578698339757,30.3354648151731,110.251386828445,21.0612228961209
81.1727900871183,30.5229227177705,109.671103221362,20.9729189895551
81.2772129700236,30.4630619598644,109.942714101618,21.015054415401
80.9439091006168,30.5787792425458,110.373428404204,20.8955049949209
81.0693911098455,30.5841825285195,110.345633917421,20.9309877772257
80.4529352463879,30.9582987243023,110.083085769758,20.68557992916
80.7698005274144,30.6470089767022,109.793172131051,20.8276404164064
81.1639759857178,30.0719237243081,110.169355110017,21.0693562433759
81.0358784355227,30.2743778154309,109.503261279723,20.9707868272058
81.3715377337888,30.1619832354509,110.550948567098,21.0950588550242
81.2527111980781,30.3940077028066,109.910877026519,21.0180520414188
81.6658631592186,30.0567869983208,111.447363041817,21.2030898502037
81.3877989735807,30.2777870520814,110.359529381407,21.0817132070184
83.3198325644132,29.2624916978508,106.462496674281,16.5839503279013
83.5788370954394,29.0390026225168,104.585359119674,16.9247204730585
82.4099822094079,29.6120646880066,112.242605531937,15.4543540161391
82.462847558001,29.7493901723132,113.06426816799,15.5084330879379
83.4636956099122,29.2936591354377,106.159032331607,16.7546838102552
83.2005380962596,29.4827408174294,108.177920093426,16.4102539968615
82.6431907148701,29.5382445250946,111.820190541256,15.7406536684222
83.0033072604325,29.3177167960537,108.300375465943,16.1950970399166
83.0739578501678,29.22278757115,107.533219104944,16.2906442329942
82.8508156443223,29.3998473336993,109.547276228075,16.0028229176027
82.7564695066142,29.2768134666747,109.489854491844,15.9026205402047
82.7336635902208,29.4347069421535,111.120428191207,15.8581488071813
82.7601990119033,29.5024739775075,110.999493185455,15.8852203122844
83.8124285542295,28.9683939269608,103.759221892371,17.2175753303762
82.287944522192,29.4185070541529,112.171373500693,15.3743283509989
82.651477564421,29.4214537393931,111.11752705515,15.7595246373548
81.6197201033726,29.790933553468,111.4504003974,21.2177202308564
81.2414890900652,30.1510466113538,110.17937663628,21.0519233603138
80.8601495427098,29.9761708377893,109.604547922861,22.2835699879376
80.9743661728478,30.0241760552894,109.745279212503,22.2193321605156
81.0620261993254,30.1341276846113,109.823876358847,20.9956257105389
80.9841419280552,30.2656620077627,109.455315707886,20.9538844619001
79.4614649457414,30.7919969911957,106.414031701657,20.4975701794841
80.5493911452263,30.347564738253,112.36591851637,21.010118773622
81.0592878272853,29.8451303790793,110.336498420008,22.0405539708212
80.1382868811513,30.5951514094019,108.381865488614,20.6271468703161
79.2903233661006,31.0464558755244,106.559444591716,20.2889486476796
79.7457753090864,30.8629800658699,106.989285921324,20.4642078083948
78.8681954381455,31.3592930129677,106.727765139252,20.1213964540115
80.5624177114118,30.4584845291116,109.711928139157,20.7895124956436
80.462872852601,30.8353916234933,110.199601877781,20.7060499179851
81.0305089846245,30.4017803031273,109.29044484386,20.9571502845772
79.275865491879,31.1656561487651,106.699234914995,20.2743974176943
80.4298119087015,30.6594047608185,109.579877853556,20.7250175451438
79.160460256601,31.2092144016941,107.084827049855,20.2310528404068
80.1343437572413,30.9035816186843,108.725582247223,20.5954832255803
79.1316594169116,31.448524829145,108.381170888053,20.1826606755781
79.2341471986287,31.2952555798103,106.868100123283,20.2486264445377
79.0843625962248,31.3903532816834,107.412691739585,20.1851340519455
79.1185080044117,31.3392113859337,107.252215763149,20.2046391693186
78.65954786597,31.5226285339385,106.028502847784,20.0387740022235
79.5790193123729,31.1601123596085,106.755912509524,20.3737558214802
76.927468285095,32.3772926584922,99.1568189603504,18.9134829795904
77.0844006176006,32.3860086185353,98.6495216579829,19.1156649108183
78.70108274336,31.3886135163615,106.234562176226,20.0644819319776
78.1514140574719,31.6553365339511,103.96194055731,19.9217165492052
78.2003592269528,31.6680515926051,103.63344283522,19.8791124796712
78.0942600974773,31.7274310085681,99.9168709021153,21.2331028275296
78.6817898457956,31.3192857682751,107.438388678459,20.0614418798885
79.2561061308473,31.0972310392229,106.670212108034,20.2730875044674
79.7340644762379,30.7549109400081,106.900857753204,20.4701312370362
79.5197297767813,30.957598339532,106.516955798854,20.3765990208409
76.275586418064,32.8942757333489,107.776149150989,17.4809062447071
77.5165935614941,31.6873792466972,96.2207968374002,20.6422618642727
76.7621611939752,32.4591080724708,100.779873996186,18.5986364250157
78.0579993907586,31.5890805798547,100.772915538006,20.9175451672014
76.4810664526981,32.679374047984,104.302162222786,17.9988184759194
76.7939585810552,32.5980921445021,101.387788863877,18.482839162458
75.8473346461638,33.2958388162656,113.236496612177,16.5133647028068
77.2887038895155,31.8808357690185,95.6871525670527,20.1159890332625
76.187307712726,32.9724937673841,109.080675034545,17.2936586297141
76.5481149949356,32.6662784845968,103.706730452466,18.0817957216799
75.3126224328603,33.8261072410002,119.362061526863,15.2595280406211
76.3565514430304,32.5349258422992,104.108170206038,18.1817024279824
76.1235049308193,32.9886127016758,109.004022480178,17.2181338203673
76.4714480807417,32.8108639144596,105.528219163971,17.81294429797
75.7341614662816,33.5388609157455,115.760382576332,16.0614134757605
75.7797993699748,33.4492100259688,114.953153535632,16.2109475844019
74.591366974795,34.850800154627,127.432168100381,13.2867221903233
76.2563776015053,33.119298358445,109.106121424741,17.1941181826068
76.3455152825527,33.0412256028863,107.771151576814,17.3945436605107
77.4847690253189,32.3517710901862,97.8002095534131,19.6827371944064
77.0407484989749,32.3766277511442,98.7887839092555,19.0675325903944
76.6989291723527,32.6706163112374,102.816155717286,18.2760933708654
77.1991620708016,32.3860667798192,98.124724704969,19.2700537530206
76.799646720649,32.8383660072368,103.484231503511,18.2169935778815
77.2370537776102,32.2386807146336,97.0042697752039,19.4897365065219
76.9759193542137,32.5853899979689,100.49076948543,18.7439216497958
77.1386030737061,32.3073178190018,97.9346207104616,19.2782046739105
77.0030433647198,32.5252035968983,99.8547745945206,18.8479313884359
77.9038465507766,31.9205406283547,98.9048368798054,20.7550381487797
77.2147848431107,32.4962501997216,98.9825426809479,19.160020333813
77.3976261973436,32.2495964637964,97.598331432032,19.6940421150766
77.4018548789634,32.4882869591717,98.4026780355384,19.4134636244698
77.1715096995405,32.4457819402708,98.7258625735306,19.1652380628143
77.1493599135365,32.7038577715888,100.551451728564,18.8313703476603
77.602190284581,32.3539963279677,98.0539737084358,19.8333418653722
77.9778744366515,31.9154601105853,98.9724298092697,20.8597465685329
77.0514604479288,32.7738799159187,101.145372140477,18.6219289357955
76.2310137841243,33.5180138526483,111.358282996656,16.7222061762151
77.7381024869675,32.4258543460667,98.4058142687381,19.9396381544545
77.7032161268172,32.2878844010713,97.9245934093118,20.0438597333314
77.1817147363317,32.8831283740567,101.18123336365,18.6851357910472
77.3639252886569,32.6350643846785,99.548036674965,19.2010156143658
76.5754115897113,33.1376682968208,106.28704431701,17.5842692006108
76.1214358501879,33.6620074438358,112.922148341385,16.4257735584506
76.3038161358057,33.368893852255,109.855980939346,16.9721614984724
75.8915692554045,33.8453135480858,115.267895295076,15.9226324314661
76.2648654802679,33.3619787423272,110.003415939513,16.930184527773
75.7884436855937,33.9939135330652,116.67220176291,15.6362398436778
76.2077076228281,33.5813008569102,111.852291478664,16.6253357087488
76.5346314099316,33.1298823100531,106.542518628777,17.5418002705332
76.3535060311605,33.2835226062705,108.970240708592,17.1356873831626
75.521044999568,34.1093892944873,117.872828736609,15.1633623765671
76.705019286998,32.9112694152616,104.256366753564,18.013080001565
76.4835821948118,33.213615583726,107.617222082255,17.3802943162554
76.0915276009445,33.5220757572417,112.045442907293,16.5325258243055
75.6060099188321,33.888182960153,117.065602721818,15.5574683128015
76.3212912869833,33.1037798722524,108.502924295182,17.299234783976
76.3382182044714,33.213723102675,108.681185346382,17.1985177936982
74.6464658692684,35.1716109819378,126.515092438759,12.9349120969969
75.5070549077547,34.0389183491442,118.547360986,15.2457089391825
74.7144132174906,35.219064175268,127.039284330319,12.9935878613053
75.7595699860356,33.8534374906867,116.108571817681,15.7363134687967
76.0142868347009,33.4697082255274,112.68516001968,16.5115816972473
75.5552794508181,34.1147477391175,117.890347326914,15.1972283216507
75.9745954100517,33.4238366491661,112.993711439451,16.4970846837716
75.7286462580535,34.0139593820173,116.943188764456,15.5303752194817
74.7948597053281,34.9933452390467,125.209728384357,13.3012040405168
75.3164448912908,34.5110866221865,121.439160689384,14.479679708028
74.9002721052626,35.0832222892755,126.068708861809,13.3797321152472
75.6280760193097,34.1642442655817,117.871872981981,15.2423041468053
75.5089239111882,34.3805570593423,120.174619236317,14.8746365834432
74.7695427601988,34.8512607837235,124.625358250004,13.6047081973087
75.1412501225548,34.0659572967907,121.232407403675,14.7657185267773
75.2594062517073,34.5333075518112,121.635675983574,14.3755096277246
75.289155267611,34.3698301766715,120.911839354694,14.5935196661103
74.6588844164207,35.2427396787708,127.220297348141,12.8924189148331
74.9181184646253,34.6737840327564,123.598993395461,13.9090259397137
74.720597339521,35.0824250962241,125.918277182528,13.1280951218112
74.5219620996138,35.6652636036949,133.809664102128,12.4153235550111
74.5724349291961,35.2608856088435,127.205697593735,12.7539956386069
74.6955738756759,34.9402277692928,125.654451173811,13.4123341953148
74.6894055158664,35.0768633463954,125.899389879238,13.1052357612864
75.4491248499963,34.0600710253341,118.810430786858,15.1823412734942
74.8249749984711,34.8279615352347,124.865189232746,13.6085606106419
75.2950167420444,34.233822020155,120.136101902644,14.8076167062061
75.5458429470285,33.5677270611076,117.421889345769,15.8373477822682
75.079319233124,34.2245300305456,122.622560594703,14.5352303194471
74.6031526466397,35.0947878021634,125.374518778575,13.0235176602299
75.8618908897765,33.3660228430649,113.855588952447,16.4076457659823
75.2008082265018,34.2126453860326,121.132178780932,14.7129460830972
75.5740422259538,33.7085381176335,117.607353889817,15.6691253635698
75.4292461629248,34.1252382612986,118.936142203966,15.069528234013
75.8263934897389,33.6991838879386,115.020315859521,16.0235168871278
75.0660699220732,34.1537367301121,122.068720268118,14.5633454254337
75.7303243576484,33.1597935133579,112.690729477421,16.6067229411431
75.48915906628,33.929809026875,118.171738575656,15.3623951176302
76.3302104427145,32.9714396329461,107.769562314861,17.4506248456732
75.8343286487877,33.0123265481338,110.918013977829,16.9143994648009
75.5077554215221,33.5233718632927,116.35949114807,15.8802564917814
75.7054496502096,33.3983005923702,114.926600997096,16.2607648449578
75.6251812573381,33.482689496489,116.705882191943,16.0434980225363
75.6075195002382,33.3732807654756,114.977118927489,16.1902921988538
75.1604234538419,34.0005531428774,120.683090207697,14.8605343477065
74.9356117774341,34.2645397503276,122.775763195722,14.2553920631657
75.2947477737372,33.7171961170324,117.941535483291,15.3667345927003
74.8613513085998,34.3529930983175,123.27754238745,14.0559462598373
75.1245816507037,33.7832880978605,118.169653728302,15.2487720002723
74.5308624776387,34.4937646256576,122.683868620998,13.6633042219625
74.8433818004167,34.2449763103757,121.686405358872,14.1371667468047
74.7687572582995,34.5071586721306,124.17505614672,13.7795918053972
74.8988455583739,34.2219218585533,122.155463613232,14.2495554686516
74.4202517041826,34.8869091967468,120.510172808538,12.992787935236
74.6036676220854,34.5774505190245,123.901562244756,13.4480645378573
74.5857313277914,34.4699740496175,122.795525208981,13.6753334126364
74.4570918078175,34.7559744181609,122.512228588289,13.0375266781953
75.2573011770773,33.6736299515676,117.11553649694,15.4630279217612
74.9176439574773,34.1563654547662,120.968135914419,14.3451876275219
74.5609300877146,34.3277799844935,121.121653885902,14.489079587328
74.8420774322096,33.9011129639451,118.062758739046,15.9368580480272
74.9742763590963,33.9596316128968,119.279701364866,14.8612894486769
75.7907415426372,32.8017587107795,108.820510727959,18.5827634579409
74.6400329586428,34.1019571496693,119.274036064235,15.5401504335642
74.8413834483722,33.3835762511428,113.820897122581,15.043138290789
74.4149502873368,34.5064323493322,123.895125089067,14.280453824643
74.4211821167653,34.3696973778849,120.982889198307,14.8954866257597
74.9726735124745,33.6160730594892,116.190089683841,15.5059673440077
74.4028837162872,34.4352099683275,123.106675529844,14.5575398725113
75.2929627378284,33.3749556370539,114.136133054074,17.3321487621958
76.1233476534484,32.6126702690387,107.88110284194,18.4302070406106
75.5474337935099,33.0527545327814,111.143290372453,18.0516084524273
75.5409143266325,33.1879233111444,112.688130152505,17.4022072194842
75.3839559706128,33.3591305234827,114.646335213949,16.9815614672653
75.496356578115,33.2787224211175,112.696028919359,17.0584883822766
75.1810637431745,33.7610295530969,117.69949697489,15.2139153887228
75.3341593765533,33.586642463538,116.456763708601,15.6103155314911
75.5898882138106,33.2638611221266,113.590681106333,16.2913211842902
75.9180823091861,32.9301501407038,109.926408552649,17.1218607412219
75.218334917459,33.8043717942025,118.535052158511,15.1564877261577
75.2769000266846,33.6082775098732,117.368339420535,15.6055635839852
75.0301680135209,33.936873282318,119.086655912711,14.7883606336376
75.123301797661,33.9573784227373,120.157307374829,14.8562850667875
75.5691792563481,33.3286766664196,114.529028479866,16.1937595002753
75.6668419671922,33.3533694147931,114.439595817518,16.2924065105566
75.8124779005018,33.0764854996936,111.859034749563,16.8167465684403
77.2390062407956,31.6731653931668,97.0120850364059,22.089322664644
75.7478311330801,33.26938384746,113.564220715524,16.4984999140659
76.7461494234582,32.3489910970292,99.7072143850243,18.8529497523194
76.7037166850649,32.2995997648483,100.362989531506,18.8755924103376
76.9069608959914,32.0274082167104,97.0858062098313,19.6875211414736
76.7993759350453,32.2278300938932,99.1187680844804,19.0817726992958
76.911672705355,32.2671445348847,98.3254974063961,19.1286730825897
77.1896837981572,31.9489233159101,95.9540204877086,19.9055470726886
77.2328718394769,31.9996975024953,96.7652241013234,19.8634578339995
77.998516165151,31.4246508826547,103.515062675286,20.2572745777869
77.3473009388197,32.0421972997358,97.1354143276377,19.865110074292
77.3167416195888,31.8214790051097,95.6087770777531,20.2246747596134
77.7013698664897,31.4869465735815,98.1435551325509,21.1214428260208
76.8959215860242,32.1569773014087,97.9172463346013,19.2831805329555
77.1024400367241,31.8885989265115,96.1950072707865,20.0724649846779
77.2175239674106,31.889389405244,95.6713037731566,20.014463343277
77.1188014857322,31.9578861631128,96.0177228941055,19.8077278352259
76.8261998785468,32.1673990466416,98.5650181310615,19.188363707479
77.1567971226029,31.8104002388295,96.1130473326554,20.4332830142525
76.1533954716015,32.7525850851801,107.614561708537,17.6420982808947
76.1620726999269,32.619772611676,107.475489338012,18.1276732787821
75.8197650874501,32.9421605008742,109.377803832769,17.6622446593277
76.8638494736439,32.0181001373488,97.231723572357,20.3631368021154
76.0661875251889,32.8320064588275,108.677714640751,17.4354013038389
76.0363965799575,32.6919708013894,108.098027868954,18.3436537614955
75.6492509298965,33.2438808739405,113.53219004788,16.3981580921781
75.6559985102286,33.1089702316175,111.712583993766,17.226748567825
75.6100077706741,32.8587777637981,109.269062547132,17.2101571577516
76.1083752742207,32.5426747509994,105.517163564089,19.655466879603
75.8749868908197,32.3819676166947,103.739607673896,17.5741125520978
75.7228054657106,32.6156751006527,106.451682067926,17.0886376869392
78.3036392533607,30.6704044706291,107.543918437722,20.0821906306391
77.0269272201601,31.699324531665,96.8563640542402,22.2541124481807
77.6902109656707,31.0936482400099,98.665085975261,21.6432606148283
75.9416882131771,32.5288190504149,105.138907993061,18.1302694002334
77.7394868331766,31.3426973539732,98.880118429397,22.6297401889015
77.9749673691355,31.1599750120598,102.490202011509,21.6900705238346
77.7538072338234,31.1736786842555,99.1450529887516,22.8632703524921
77.5511660586237,31.3033105538306,97.4616464862424,22.152677914817
80.7155697531689,29.4610166134784,110.183732469609,20.9996891130014
78.8696511228702,30.4399131188298,103.366800923168,20.3175226341304
77.2733442004963,31.2877017597974,96.0773662053525,20.7538070887346
77.5574957416617,30.9784238171408,98.465085898178,21.5542259526988
76.9785166243616,31.4912073398383,95.9816907511346,20.1160487908805
77.4572680200778,31.0440307698627,97.750983247019,21.3577243755947
76.8812185505262,31.5601925750294,95.8457208572453,19.9030262618464
77.0889054424527,31.2529668581667,95.9638828596749,20.6513094958809
76.5253559251502,31.7831217232206,95.5668185691992,19.1618911470682
76.9746840535469,31.251831249463,95.7785606673099,20.6958239660547
76.43189308279,31.8561764322852,96.7669742208919,18.9513938311694
76.5776821392693,31.661500056877,94.6097354221664,19.4443188204129
76.3396094846877,31.9303599356768,97.4863642079672,18.7371922428197
76.5094305132764,31.672908178511,94.5783143876609,19.3480071874392
76.3233703522374,31.8201932938427,96.3502524008217,18.9168784193968
76.4939569917431,31.6032080321479,94.3759733736699,19.6299973510567
75.7301034572437,32.4813194113539,105.00518819129,17.2621427597919
76.1181027653507,32.0345353770091,99.1734061178686,18.3484432298876
75.4671241611652,32.7968609487923,108.682371367402,16.5352496097662
75.857966686069,32.272060424865,102.583990145757,17.7253712150195
75.8132093217839,32.3994076192062,104.308992149137,17.4752318670987
76.2485832779181,32.0057081009678,98.9099691454862,18.5285327351715
75.5157726160827,32.8729332178272,109.28954250983,16.5069428889475
75.9832590858626,32.2385573944525,102.10137784378,17.8943359814751
75.6697998499203,32.839372938584,108.028790134048,17.965373973351
75.6411817972681,32.6987830259673,107.445093458969,16.8809956333926
76.0616417265242,32.2926448796673,102.196947907875,17.9258697220098
75.0666032328604,33.4625026893313,115.463271268813,15.5289456713122
75.4367370328511,32.9580865602845,110.164923615204,16.3010616424216
75.2182048584366,33.2875429132846,113.818796715009,16.0101388166885
75.4304145044411,33.0934936466386,112.171477317728,16.9634309442547
75.3126879623938,33.3097631745685,113.46893015861,17.4520821489942
74.3123248900758,34.417643671478,122.706410705297,13.724244726916
74.7504272662716,33.8817712179977,117.634408827935,15.1066297455167
74.5490668220668,34.0835710449217,118.813973850099,14.0809179513789
74.4578084553113,34.2385886651841,119.899381682171,14.0347749118545
74.903973249384,33.56800878249,115.228194330254,14.9374814987225
74.4638579502787,34.1018724354728,118.855444058266,13.7101795532265
74.8299245860194,33.6565103506139,115.942594404443,14.7255620740237
74.5662877807851,33.8467387741102,117.01555255272,14.1039101862204
74.7306481648861,33.6033419684769,115.313419472974,14.6018003775641
74.5366492137214,34.0125003324772,118.288225365329,13.9110314590447
74.8041078932615,33.5147246394084,114.663406085262,14.8022523615962
74.7855327289448,33.5802826709917,115.299650491333,14.7038310747434
74.4333673051359,34.0962992749189,118.787778166787,13.6483959767402
74.3668686812394,33.7043979971586,115.445506936779,14.32716691875
74.2768995400564,34.0314061393873,117.91148906667,13.5400237773499
74.6689017799095,33.4190528378527,113.66935883147,15.0083424360542
74.3310185165707,34.0073542872806,117.783792729804,13.6138405952735
74.9210938016546,33.1589031485731,111.943075405529,15.6155327277239
74.9502063002884,32.9948919059835,110.580756365869,15.9707817119388
74.5840430963122,33.263490328644,112.143374790228,14.829193656914
75.0840249952427,33.0540019070758,111.057838122576,15.7853007715723
74.889198491516,33.1536319150386,111.932687014155,15.6583795696587
75.3886635964164,32.88207209365,109.534845122176,16.3286602033833
75.966417512219,32.1285528094232,100.994816734252,18.1058884714077
75.7739511220891,32.3533900079686,103.710923994558,17.5169365560947
75.1462333847462,32.8961143614051,109.796974484624,16.2499160788734
75.2522508152188,32.6470414693661,107.516129168896,16.7961442805975
77.4922541515142,30.660021244835,100.630384520499,20.7855708086223
75.4107585324778,32.301878944651,104.562923267124,17.0427873191985
76.3282403392373,31.4876140221148,93.9940058900329,19.1925133620539
74.8761365383413,33.0828064149435,111.292834813302,15.7633015128534
75.3322026121447,32.3870065015434,105.340870289654,16.8297715138286
74.8640236664682,32.8380141295621,110.486292774178,15.659665279005
75.1581269646346,32.6242925191594,107.590769108939,16.3766718582364
74.7299094965108,33.0856921889863,110.647497702213,15.2100498722259
74.8771342323495,32.9088017571396,109.790246304952,15.5978789833483
74.169704267751,33.5625919299975,115.155456919566,13.9071237305175
74.2649309073991,33.9601953463644,117.115230343949,13.7339497726111
74.8948610014579,33.0173015447872,110.820764270778,15.8699876465681
75.0999301199441,32.820105535868,109.178767831127,16.3840353324376
74.2831309083268,33.5499236608606,114.519818616235,14.0728430756674
75.692313075665,31.7582275758347,99.7198635965559,18.1556963887041
74.4742264618398,33.1395714982994,112.985652593168,14.8820730711703
75.3624302768747,32.2257311695877,104.231002831162,17.0429773580664
74.3843504534626,33.2943714434944,113.285908309541,14.5847519030162
74.5285747829325,32.9426216068869,112.032842577454,15.2734489747186
74.3306507709679,33.3181275594263,114.017544909119,14.4289014501466
74.6004787996489,33.0272415831235,111.456935950023,15.1717212796599
74.5463379982956,33.0505191875477,112.612394633014,15.0159390729641
74.2590753150554,33.4075672487733,114.335986671212,14.2956452475455
74.1698850481617,33.3901097661026,114.335986671212,14.2956452475455
74.9672079533436,32.5863817570458,107.745122884152,16.0744207868218
74.6187335884291,32.9616575663801,112.032842577454,15.2734489747186
75.1958788115283,32.1516878825622,104.231002831162,17.0429773580664
75.6846720140932,31.8923020532253,100.674824884299,17.9462432144331
75.9479886151192,31.5191298051655,96.827406466812,18.7175260376237
74.9117783231033,32.6085169899974,107.745122884152,16.0744207868218
74.7170528593488,33.0148095825217,111.512378697193,15.2663428589564
75.0420270679996,32.4991802799202,106.491877415274,16.4189400310608
74.9061214380385,32.7447624057841,108.469579906709,15.7903309424565
75.0612505947914,32.4338893576769,106.491877415274,16.4189400310608
74.9513924703858,32.8207833116908,109.940230085486,15.8349450385583
75.270699780003,32.2403890110064,104.962094854734,16.9052322271516
75.2408174165814,32.402213911915,105.756952966481,16.6859621334273
75.0881247828867,32.575222755131,107.332289441081,16.2704516208639
75.0822769166603,32.7112039137744,108.42730178995,16.1800571889147
75.768183063853,31.8111482731977,99.7198635965559,18.1556963887041
76.1255305278402,31.365675285325,94.9398818231963,19.2085578360857
75.7761692259632,31.6774290892393,98.7264076112771,18.2951757899111
76.0120608130557,31.5041750877214,96.827406466812,18.7175260376237
75.7536979233558,31.7409039066184,99.7198635965559,18.1556963887041
76.084714101814,31.3173970878138,94.9398818231963,19.2085578360857
75.4481071408678,32.0062134446227,102.536997186713,17.4595853630593
75.9956241155591,31.3939695210296,95.9136257665239,18.9275288784304
76.0197234661959,31.3315325263769,95.9136257665239,18.9275288784304
75.844684062954,31.4875155280606,97.7352081445237,18.5770099610358
76.9623147732458,30.6154998288103,95.3627432222189,21.0456690289271
76.740294479724,30.8119411367926,94.3234970637185,20.6214980813762
76.4534110871865,31.0225824047457,94.755994668689,19.9838640850781
76.6439043245408,30.8813287074928,94.154447197028,20.4087816820997
76.5903704641758,31.0016981344931,94.0873848545434,20.2664860053381
77.6283954728354,30.2124038144446,105.733487619257,19.7391223042539
77.1454427312597,30.6507889632897,96.6990033873013,21.3273604733289
77.293165350262,30.7919786929735,97.0676309878078,21.3152637613011
76.0360963727949,31.4418194833461,95.9136257665239,18.9275288784304
76.191236563938,31.352291236192,94.9398818231963,19.2085578360857
77.6702068874202,30.7861640556618,102.562522613386,20.0697726403675
77.2699401299469,31.0487484561333,97.0216250040532,21.3099574887762
76.6526275642223,31.3209738120168,91.8603834322579,20.0605566706691
77.8260540791022,30.4115373342061,105.713526427984,19.7828601542597
77.3213104081598,30.7329227761966,97.4469739541465,21.3924303783785
76.2463881293431,31.4304821509683,94.9319114815068,19.1670047183124
76.4630912701294,31.4637139369398,93.491187136101,19.672479868872
76.9977163307642,30.9939107967905,95.0719823305602,20.7808922736475
75.7526130736395,32.0788938152441,101.338803179613,18.0239367268437
76.9000360402017,31.0622073373065,95.0299247903674,20.4664579617005
76.6592834870891,30.9917977810869,94.0873848545434,20.2664860053381
76.3906219192551,31.2748080207087,93.3114078165364,19.5621153727976
75.7211418437016,31.898766609556,100.632077863904,17.9207858149781
75.4281538184207,32.411358421444,105.277591331586,17.2569085416588
75.828749417769,32.1317180870652,101.189959111991,18.1346123868574
75.7815852308663,32.2193510112191,102.352702107777,17.920605065319
76.4525581543618,31.5944053473727,94.1205537494935,19.6114255474608
76.6839327529963,31.4601778183306,92.566789019116,20.0354136008775
76.3443017205776,31.5978376613841,94.9146945881196,19.4818556545806
75.8991292201176,31.9813611992236,99.7179562513532,18.4522064214065
76.6885763758593,31.7003249396851,94.5357604452649,19.4779095199172
77.0288705702538,31.1737368383395,95.8461483714821,20.88278704492
76.8771602285125,31.3205975786296,95.7960185907666,20.4619418118372
77.2091453756443,30.9693651078708,96.1762748150882,21.3391648418546
77.0059929523423,31.4315767992736,95.8180843082555,20.2267855625169
77.2583823579802,31.1771946298208,96.2710649534891,20.9288248342291
77.1269909363715,31.1059512973337,96.1796622435295,21.1364019768322
77.2370818929921,30.9101986027722,96.0031423975082,21.348665071569
77.6873953892596,30.8553827156896,102.474036339496,19.9318171030824
77.5236647502423,30.8400201961791,99.196481606991,22.0237605283658
78.0873825779573,30.7799305507933,104.853498827045,19.9915476687284
79.7834249357326,30.0910035016423,105.580940180392,20.7154223763753
79.2393236577616,30.1582226040891,102.647834890697,20.513465105381
79.7145135307922,29.7823651716383,108.736362770722,20.7260498071914
78.7884465333249,30.4312113800898,103.791560430815,20.2874450137058
80.6748949315911,29.4092849820418,110.136644750231,21.0128791981448
79.5102327371696,29.9444621974058,105.162398993696,20.6568557795023
79.6228190668952,29.8982858392307,106.075102512843,20.6873143416559
79.2168392281431,30.317145899182,102.185971839847,20.4527544750247
81.883831850121,28.6029299943696,110.964225273327,15.0807054765267
80.6888216345585,29.5221180772662,110.028174038817,20.9844211834998
82.0612533884449,28.5904069934966,110.031235830037,15.2991273075394
80.418930021461,29.5601448292634,109.087172929856,20.8937088399774
81.7682400024655,28.6397816991324,111.276838827349,14.9314283944664
80.3910444341595,29.6200362630975,108.832008286345,20.8764370734351
80.3223698768833,29.6285119584667,110.342452283042,20.8670408618851
80.5338614438221,29.1088737990763,110.936089431021,20.9503211130308
79.9508817708825,29.5116453560142,112.473184717343,20.780789990764
78.7991564452566,30.1215990078996,104.439553794836,20.4757963233395
78.4333840077848,30.455744715806,106.641984010432,20.2178436828669
78.6840170242984,30.1630741250335,105.127921697966,20.4415283092297
78.0731866768424,30.6689689736127,104.435090691459,20.0375267506956
78.1441892080088,30.4739239065456,107.341839371645,20.3523858123272
77.9319124054581,30.5886506915132,105.409968154032,20.2869731259378
77.914282151417,30.5193261338984,106.210831287956,20.127098503684
77.624224093931,30.7752688079757,102.315745757591,20.1334913023491
78.6033457243264,30.1548955020727,104.961353982093,20.3882473665027
78.4146347888259,30.3860490129186,106.666939329321,20.4366575716379
78.9177940796081,29.8527215125434,103.92134328822,20.23320588408
78.2528739243203,30.1856620122768,107.676708502746,19.9537297756889
79.1693114459255,29.8434249539329,105.561321705362,20.3468224723437
79.4218304891257,29.5648396595137,109.386999370512,20.4417492082741
78.2942137480627,30.0495935772669,106.766622232492,19.9981624513586
77.3592414786086,30.5871296456411,97.9740940587339,21.6365673430138
79.3654371584777,29.811577357866,107.891137622982,20.5976013955946
79.265658026119,29.7347116280051,106.28932195699,20.371309093976
78.5338079501861,29.835264365401,103.379715846735,20.1110007248135
79.1809690578825,29.5381572050895,107.106916418448,20.3886270253997
77.3281863588791,30.407002443802,102.034359961013,19.6324324543625
79.1114878561618,29.6368275762201,107.37390667856,20.2999916057367
79.2158003667009,29.4888224236744,107.106916418448,20.3886270253997
79.1924921826601,29.6470480420321,105.22722047648,20.344728678694
79.7777542146978,29.2610494913861,104.484154357388,20.6604210546703
80.9324065055307,28.5500518371275,111.690404990389,13.7933022614269
79.9978494868568,29.2544455121286,106.50353872961,20.6924343672825
80.5259350398693,28.7873308903413,111.282370612721,20.8990947150599
80.2637751417903,29.1164866047384,109.899288596544,20.8541736215729
79.9861016961708,29.3767516457862,110.507529954131,20.7599713046693
80.357289480781,29.045900506194,110.358291692557,20.8826577975796
80.1360734286826,29.3227450629685,108.895987106169,20.8303428088516
80.5993885247284,29.0977428512673,111.014567318532,20.9953668422771
80.9044079827397,28.8217755588619,111.480174951205,21.0094230263789
79.7474311670876,29.7293948472598,110.80616645631,20.7506197711482
80.0237849649074,29.5083334791811,112.086315657002,20.8152065527917
79.5923530996117,29.7226808122752,109.492660112315,20.6910000286797
79.7556274399836,29.4227036967015,104.701922872422,20.602100171903
82.1120847180035,28.3047741462731,105.725779123263,15.237696939273
83.2946389454253,28.0186246457263,101.15431357941,16.8837017679091
82.3486921038933,28.2470418605197,102.248638972939,15.5764357905842
82.7962596566658,28.0681935265644,102.271522491732,16.1573147608501
80.8776400512937,28.882951436367,111.671145085589,21.0105784672583
81.5064947837342,28.411785632476,111.040798830373,14.4691120618899
81.7609237792951,28.4031310112107,110.671711612047,14.7827161084124
82.1155490398576,28.11082780907,104.266047750611,15.2774149786857
81.1029923869425,28.4825637508486,111.595714108703,13.9788227584278
82.2204974411031,27.9711544539557,95.232158258135,15.5248865270649
81.6340971330397,28.124903226893,109.770602414022,14.7893782638056
81.206675022922,28.4248476666294,111.519855138824,14.0729040048929
82.3744411846893,27.8993866495323,90.5487286337253,15.6803344042378
82.3520021074624,28.0560886063208,99.7130707276725,15.5844439458823
82.1504580055786,28.064027341692,99.3401240045648,15.3734469846779
81.6750287110791,28.3114758248155,110.324682870205,14.6956224170938
82.3872479048203,28.0102867337901,93.1755191799898,15.6372348626985
82.2302538168973,28.2754271197866,105.840911011998,15.3955535913216
85.4627775912271,27.2905615366056,99.3545234838885,13.6964946425131
82.9435526418392,27.9224017561234,101.712954275728,16.3617465470012
82.9703329064082,27.9900073531021,102.347036439351,16.3780568202322
82.4319604628724,28.2653775480962,107.334089041472,15.7120240576928
84.8971805724857,27.4906045048131,100.045387043494,12.1499186582088
82.8229598980918,28.1362061609402,101.171760902421,16.2821307516291
82.787429210767,28.1818471267293,102.580568898081,16.2285317990844
82.4798501930843,28.3297784166132,104.124342918118,15.8467863678382
82.0909541776696,28.4653572565453,106.345299591853,15.357100407459
82.235175007073,28.5049089580782,105.795317950813,15.5321599297578
81.9598538826252,28.3839825756338,107.055151969751,15.035521323163
82.0081879062957,28.4488699583928,107.327030328037,15.2321654746414
81.2157308166371,28.8761209522225,111.948317973219,14.1981449850795
84.5357071561633,27.7742280045826,100.60384488282,18.5181757158436
80.824564628446,29.0056667373747,111.210129664468,21.1103205085665
80.8927616961936,28.9976533238319,111.290040448839,21.137105559929
81.088928440504,28.8667243166722,112.043043862797,13.9977383971889
80.7014665959308,29.3479238194047,110.338939099724,21.0375224369212
81.0125833669786,28.9987997744949,111.19348970554,21.2321099247157
81.1127230542806,28.9355831392296,111.829624999359,15.2679887612134
80.9881730339076,29.1407333976182,111.189845719221,21.1859082290425
81.9443095148918,28.6241757676608,110.843109220334,15.1539777182458
81.2652029406509,29.0157262312562,112.001394786939,14.2181676141649
81.372082344882,28.9614066636214,112.084418278428,14.3563296292866
81.0751927371978,29.2513700371193,111.146128591949,21.1613099486726
83.0619015642758,28.2998048451131,101.638187213607,16.5734887362585
81.8545391955968,28.7311457002231,111.332072126475,15.0295989303743
82.4063424339084,28.6139951833295,105.493380343823,15.793920547641
82.3015260687106,28.7566875770984,108.367774542758,15.7115116063459
83.2685694566964,28.3561852045452,101.809599445584,17.1815799301839
84.2301237391165,27.8450548953827,100.48352135613,18.135182034273
82.0003412228942,28.5684942060666,110.524940073351,15.2289132793272
82.2966926517351,28.5275033360334,105.215355561981,15.6097744853398
82.9974385977426,28.4642288774181,103.21841287031,16.7772570115042
82.9264671348128,28.5567157490248,105.474173493874,16.9194756622246
85.4481815381638,27.6366590292463,100.540207680034,13.6390346452237
81.9366665017234,28.7447630656838,111.082361028237,15.1321242503013
81.9849020166229,28.8087331244593,110.981435200211,15.1852695253215
81.8208735892988,28.781925243656,111.515485706968,14.9713692563212
81.3878238627078,29.0774074949484,112.167711621038,14.3373385991209
83.1244893619889,28.7267162430973,104.137763378935,17.141000089552
80.5601148355441,29.8600075983966,108.821118714939,21.3065341976836
83.2155465652984,28.6282081818823,104.062087716327,17.8147308798964
82.9710530084011,28.8052280870707,108.506209648983,16.7184845618345
83.153304279279,28.6081815487463,105.992165143582,17.8522652827666
82.7349874459435,28.8685403197092,108.86883510242,16.7684365341577
82.7470989490263,28.9780791413828,109.759814724212,15.9864143397264
83.7109091288629,28.5599877819444,101.386445788012,17.5549180006556
82.4990040912299,28.9324963393535,128.101863589934,16.8911198766856
80.6627784692919,29.6640611448103,109.731549443311,20.9592687980633
81.2954284363262,29.4553657197028,111.161662817717,21.9326967720988
81.7187493377044,29.1389726699074,111.877114750133,14.9400766987269
80.9615722285983,29.700497120389,110.179909107604,21.8154859625016
82.1811042397159,28.9844305149238,110.753669307797,15.8492091870632
81.4637519865318,29.2877344741089,111.700543737334,14.514230071367
79.5391670841444,30.3843828401138,97.2814736033872,21.8968177280907
81.6060417521431,29.1839671443149,111.935995281472,14.7382091725745
81.3861097830094,29.2840171484162,111.584573376867,14.3869066807413
81.861806681791,28.9672336956004,112.163104475121,14.9813225072555
81.8066154756609,29.0262577695135,112.090676105661,14.9037500747954
81.1768184157809,29.1897708191942,111.446203723574,21.1975194956294
81.1463720043213,29.4573611158803,110.740227231167,21.1733956592165
81.7211634281011,28.9368817797465,111.878612104026,14.8015844493242
81.63411480545,29.0508486255136,112.280362112697,14.6594716068245
79.5941485189934,30.1362855976472,103.960562242528,20.5893032696547
80.2057008717185,29.8619723613195,109.674181722992,20.8037334512602
80.1941874061775,29.7526003648583,109.934486535543,20.8052446962748
79.3202580576743,30.166793268722,102.54493412872,20.5112448220327
77.7019821027036,30.9662349163209,101.030100479719,20.4948093254982
78.4006053314642,30.5089123674133,106.875381021571,20.1775145204267
77.8565102464183,31.1105914217502,103.541183024953,21.1279872196919
77.9817360319901,30.8383208540784,104.197626512317,19.9405481093359
77.7247161593921,31.2319282157502,99.0442031143685,24.1145452277462
77.8389603039306,31.0414138327892,103.73984076546,20.1949889971713
77.5722096129404,31.0891671917912,98.0682412059359,21.3920195588807
77.8753260398918,30.6611425230338,104.523777729929,20.1529410648993
77.7747844690308,30.9609457120127,102.71652374865,19.8587259036452
77.6349411694392,31.1688657738833,98.197818739276,21.5577567463779
79.1206254054732,30.4269739299158,103.033566340867,21.0507671121446
77.9604340728354,31.0490737932856,104.532194488956,21.1176736016704
78.1416525360579,30.9878841039192,104.19687498125,22.381025873303
77.8592626174165,31.3483735910675,99.4665600547397,21.8630272575096
79.1595983601255,30.5644494784236,99.3112818066119,22.2916146100422
78.29541098562,30.9878852333946,104.515349301876,21.4832012837771
80.0567394195475,30.1802344871738,105.571919450368,22.0341951093999
80.0688140193895,30.0587686951212,97.2650914966513,20.7623059240291
80.1918973710987,30.064119472414,110.489427512739,21.756639834586
79.8027129702988,30.1575828465416,104.677252236,20.8464030735825
80.5039291503803,29.9794264779076,108.555198022627,21.8122197783184
80.9739692599253,29.5256569024263,110.414560967715,21.148345314601
80.5878534644409,29.7998567873756,109.126585747856,21.1876016368443
79.9115328929054,30.1045750597189,105.859958207244,20.8215691791553
80.8488828830696,29.653454587004,110.032154033957,21.4407110084712
81.0453140969216,29.5204295373646,110.543898364648,21.4089291049808
80.4755009651238,30.0387073368156,106.632529370012,21.7969099466783
80.1924318706881,30.2956463197645,103.031248640553,21.7898072698277
78.1741562326168,31.1679762891878,105.009748197539,20.1928769364179
80.1384469656501,30.3649495516372,101.413612804142,21.489276053747
79.9820396344069,30.1820737921321,104.908681792387,21.9290348473183
79.7421345103438,30.4493943641827,102.096256681277,21.8304908313515
79.1298589065247,30.8027198004363,104.959027607401,20.4191854592407
80.7479228465438,30.2157575596133,100.007213049166,20.9200643447158
78.2235218154589,31.1813804140137,105.670729956995,20.0483713738219
78.2419106941703,31.2506275813181,106.307524829533,20.0342259500719
77.9064010970388,31.3597032571927,100.641621186456,20.7650279598268
78.1162932827323,31.2387343064953,104.637465735516,20.0195046919384
77.8209159895243,31.4918081790943,98.597274833025,21.2718423806772
77.9628231573213,31.2863734199053,102.491556945145,20.3762467318934
78.0285803637997,31.3674293198417,104.269977078022,19.9551573107018
77.938916052137,31.539631682894,99.0530265652027,21.3265083771823
78.1344520363532,31.3079237423075,105.325575837407,19.9941021443411
78.2107221478639,31.3064110061603,106.375319238026,20.0206738232836
78.3192348050829,31.2507066536444,106.51897145212,20.0613184663915
78.6679782574045,31.2089814494859,106.565033342118,20.0641745489613
78.8835535645526,31.0080497393018,107.976049952914,20.2541696287974
78.555082006975,31.2574044581269,107.420417533901,20.0344417941886
78.9176640047886,30.9569283966928,106.918316682287,20.2790596441463
78.7013180476204,31.1565843007402,107.242986690057,20.1294398880771
79.3464554256782,30.8361351772368,105.791574396656,20.4239808237368
79.9226006003892,30.7058804772323,107.592608408572,20.540709679563
79.6214188593273,30.8030235799619,106.55864972712,20.4256668614945
79.4735693505126,30.9004378101546,106.34959711793,20.3651141776589
82.0227031155576,29.5475928774767,112.80391098457,15.0383042483267
82.0708654858888,29.2539800401427,112.048695167222,15.7194972524137
81.1610918046041,29.7823941063945,110.76217155832,22.0974279851858
80.4656395524957,30.2434413477127,106.256587261315,22.0650214920212
82.1870439690447,29.2166338129578,112.257773533233,15.5146879946985
81.4475507651663,29.6669292573094,111.298952870985,22.2241684623646
81.4783890974348,29.6105427409566,111.562119382938,22.3159877383654
81.2353450560939,29.7804922489924,110.868601601754,22.457277802616
80.8858758310289,29.8345682013757,109.957790784901,21.8434361767496
80.1580065205389,30.4307534042672,107.827137772614,21.368652917251
81.0309092732262,29.9047651240939,110.081865894768,22.6526495183057
80.9362043926645,29.8419830470509,110.066139673299,21.8384704408145
81.0892336241774,29.5759272335312,110.555311412971,21.8484515969876
81.279460677788,29.3394425581799,111.346193643292,21.2946512250277
82.4291200620006,29.0284518526745,109.279423095451,16.5247302961171
82.6169511695525,28.9003401134511,110.772034093423,17.1492194514703
82.5999325330819,29.1325972475025,111.188887879697,15.8031086459348
83.8916669328471,28.7609385472417,102.337608338016,17.397584580814
81.4528111316052,29.5402710630728,111.424493233288,22.3143613448232
81.7863017065726,29.3953613691129,112.517264681736,15.5640665773059
82.7177383054649,29.099303599278,110.178719440126,15.9423329875009
82.7442983248825,29.1671505718918,109.294926693984,15.9551060537046
82.4739586978949,29.2837281198577,111.121657181406,15.6037307190519
84.4622110464252,28.6855573312471,102.016135590539,18.0734758204163
82.8268880973169,29.1812974903124,109.093724107956,16.0198729406558
87.4938288759237,27.9759182862189,94.6083235675099,18.8889287682984
82.8622106860305,29.1337829016241,107.949019330362,16.0899848861743
82.3701264364764,29.4311945241272,112.102331116217,15.4241712649547
81.8934673049866,29.475192299333,113.064089044192,15.0624705814119
82.008174367806,29.4335708023504,112.9562071767,15.1602889579521
83.2158530353695,29.0340398153357,105.520155049607,16.5175270347686
86.874070313496,28.2195860639195,98.8640832989511,17.1748600656077
85.6212130237662,28.1944726005408,103.21164566936,13.9622469795703
84.7370012520109,28.6660486529789,102.398961175381,18.3848676942074
85.2931447043463,28.177769077288,102.518177181653,13.0849938673615
83.0625532159741,29.1145339147605,106.925602433118,16.3029207511371
83.953488385708,28.5951710828675,100.531682538968,17.519140007566
83.7212135474338,28.6666840219863,101.478259140921,17.2162335661086
84.6330730530586,28.2575879486098,101.300999976239,18.786865783287
83.4503373385161,28.5629084252816,103.610164231519,17.6836377597453
85.5289154719089,27.6510179576697,100.364325945587,13.8546972386344
83.8540624523666,28.4067127584007,100.73431031016,18.375174861433
84.9848775802585,28.2450929956951,101.656029945617,18.882048387315
85.1682814131684,28.1063421033962,102.055321983425,12.9240343489273
86.4143635096399,27.5946291950738,96.9743771543985,17.0995972907605
84.9748132635676,28.1363543986323,101.471055906475,18.7312288783109
86.0456088078861,27.7354895944436,100.958631501072,15.7420789216034
85.9050705103141,27.8683494147564,100.889083977839,14.8469716563029
86.1715020227391,27.6108333211061,98.5648256705913,16.2044009023281
85.6310162461767,27.9644135740548,101.400778096267,14.1115876137769
86.9630875820621,27.824780573438,96.2628492509375,17.5264403540738
86.240958387324,27.9740457406636,100.509619905317,15.6115467416431
85.7595868469375,28.0475068374847,102.124956302645,14.345873720865
85.1863623361203,28.4014729126636,103.492360585892,14.8738427645909
85.0424089845425,28.3748837877647,102.109736204255,18.9182913317132
84.1509855137517,28.7517988617271,102.060637393771,17.6941718279799
87.3671755065581,27.774153294266,92.6214529773764,18.635650278852
86.2781966952227,27.9337148781866,100.126225916682,15.7339244719945
86.3950913817299,28.0342552722902,100.169633661761,15.9996405699052
87.8255505254854,27.8877131736245,92.5314551754098,19.7748190869597
87.2496659574571,27.9883485488549,95.8252870017458,18.2406375506206
86.6295208904822,28.2354004356921,100.287968072902,16.540885157892
87.1987983948019,28.0257782693973,96.6346292655019,18.0905475108571
88.4690853734687,27.9120616655492,91.1569287111315,21.4863368336677
87.3210890383112,28.019676891732,95.8616228165664,18.4110270250917
88.5938417398848,27.8018730853669,90.1852424378156,21.8363043053194
87.9320211685928,27.9834691863662,93.3480368236309,20.0246725088173
88.054089224113,27.9750730912918,92.6135134863439,20.3526759806518
88.2947929490227,28.0602516791356,92.6693363436822,20.908035322873
89.9330425507596,27.8459315757885,92.7223468766437,18.961721647127
88.5422428311384,27.9412521515311,91.1786840717225,21.6710210543107
89.8960305735205,27.779059501153,92.5454455846164,18.8226747438702
87.4892517919084,27.7686961094102,93.5456402723366,18.9376568438401
87.4977930403327,27.8719494417828,93.8405865597479,18.9090413523303
88.4340980631626,27.8463876004732,90.914028322632,21.3998705952292
88.4263886096298,27.7448145650247,89.2407463341353,21.3952479745197
87.9771196526157,27.7412623594804,90.2419581808995,20.1964660773399
87.8173278245072,27.7854596752114,91.576893456135,19.7643634616767
88.2383516883885,27.5193552548036,89.0634346984645,21.6141071479365
87.2450671707979,27.7791296854916,94.2496335634406,18.3054999506607
87.2072998605886,27.8155200947985,93.916558399888,18.195343296941
86.8409719842981,27.8293745299139,95.7798798178335,17.2429580447011
86.8455361684617,27.7225400486027,95.6645152238627,17.339168354618
86.6062080962314,27.9476301432987,98.8874664543604,16.5623514485106
86.7281578836478,27.9414051284452,98.2232228349392,16.8785065655186
87.4599983444778,27.9084514315013,94.2102540628886,18.8059743387993
86.4796062954577,27.7369276502167,97.5852456018009,16.4027749177849
86.474766064415,27.8462533985022,98.0567586245886,16.2971305432046
85.5746901842005,27.7142693024408,100.303344334481,14.2434929338781
87.7065621559251,27.4830973884259,85.4726830822811,21.2784416041646
87.714947560826,27.5855737834161,89.3835194788704,19.7373424994075
86.896745522315,27.685454658328,95.0043742800575,17.4853630729078
87.7490668132878,27.6523653147496,90.1662651182712,19.799536135425
87.8741566922479,27.5426010720532,88.3010585100043,20.5320134835861
88.113738825228,27.6299506904365,87.8108989380463,20.807753034729
89.0880807693688,27.4685855376207,89.198573095879,24.3813504760316
88.4431626538595,27.5394902415603,88.6207776515875,21.7357551043342
88.7211261597489,27.5898266109051,89.0499078112226,22.4623814325092
90.0152274397292,27.3637680992152,91.3921881540856,20.1344501626609
90.0217945149795,27.4660626425287,91.7832081005228,20.4145925581331
88.3140132509706,27.4461410287426,88.6237663283506,23.3660661013201
88.6858120310227,27.5238697305538,88.612232604165,22.3942310804323
88.0711623876736,27.4622934611075,84.6410019229645,22.4707263983445
88.3218591156604,27.5477213959795,89.0351835363356,21.6439141334782
87.5171531787324,27.3536544766435,87.0272519677936,19.4869520152887
89.0427153945411,27.4024509300857,88.8792499472786,24.9675383612586
87.3878965375802,27.565381049153,89.393504997101,19.1270467113063
87.5887010852349,27.3853797569235,85.0046560570275,20.3474591687211
87.4671273229409,27.3898513745722,85.9008558309277,20.0315625676798
87.3415219084664,27.4976247286177,94.658510993439,19.4403624083397
84.2871460935213,28.1930618830401,100.700418111013,19.1698678871463
84.4012760844217,28.1539723441528,100.769621241853,19.3178309500476
87.0313464334263,27.3651313741508,90.1411486786966,18.1376599198832
87.4632424768311,27.4935000215998,90.1663627762855,20.2264637715446
86.8919750567742,27.4730801224597,91.1365439015422,18.4001959701671
87.2662308716732,27.5694263622132,94.2820348974246,18.8317594265375
84.9581026902658,27.8427548597643,101.200006534032,12.317949738228
84.9071967199131,27.5992420930412,100.697369096449,12.138597749759
84.6630981449125,28.0245431567164,101.131415032086,20.1326466616123
84.2075668575129,28.1831304483543,100.915679080299,19.1251512985025
85.2293588869054,27.8214477759019,101.027595041035,13.5431576158626
85.1846105521521,27.7614274186922,100.917266985659,13.060307473718
85.645819693326,27.6202212807376,99.8972663927014,14.1771918974461
85.5642719247662,27.6033264206429,100.152183084582,13.9636935936846
84.8894163122538,27.9425988982643,101.062867416485,19.7667716890461
84.9924213922647,27.7927139255631,101.052973055234,12.3881528451418
85.8105077080647,27.659882340593,99.6795958536429,14.8658159628071
85.2881038942609,27.9526227652494,101.644983945716,13.4329263457242
85.691992248731,27.6849324423759,99.9266852473234,14.5568724380122
85.5139767614281,27.9961357755782,101.620314791487,13.8044810174883
83.7463593352962,28.3298680961647,101.453026851798,18.4133362728189
83.3330712493448,28.5958694582152,107.234720275975,17.6331193233106
84.2226924024342,27.9577850583421,100.640945038443,18.1762144878738
83.7110938868255,28.3770589314071,101.776048532913,18.7768580126151
83.8520828133634,28.1878317670511,100.943362689063,18.0106777101888
83.2794904050791,28.4635299274904,104.904931599143,17.62345035634
83.9777130871495,28.2581512095859,100.757991868961,18.7002491213711
83.8003403959765,28.4597895572446,100.375120952429,17.9526149455987
83.8250895668419,28.1230237784201,101.322643000378,17.7088592049223
83.1620271798113,28.495112054186,105.271259447266,17.342402156539
84.1704355636878,28.0120935396096,100.691841644857,18.1525716579118
83.7361000022348,28.2232304394696,101.342195420828,17.8610848259394
83.940613898998,28.0869561950124,100.97152499968,17.8844207054087
83.7007929928018,28.2703955939781,101.272125427154,18.0092141224757
84.7319937377946,27.9253480714374,100.927733413063,18.8330451738205
84.8511873881821,27.7697432841229,100.919928953429,15.8307956123536
83.7091701158868,28.1581811798866,101.588962005026,17.5943613104423
85.239701495099,27.590825963927,100.377053354681,13.0771676269
84.0557272939555,28.0499657233956,100.827588608138,17.9763882742593
85.3239210692508,27.4864339834143,100.027409414699,13.3221995872346
84.3986545313466,27.9338391046719,100.652044291209,18.4354503151962
85.6506638566198,27.5052664193065,99.8620823612528,14.219872325558
84.6826274200741,27.6832476188787,100.429598458432,18.7226071209066
85.2002360181912,27.4155940467792,99.7469450046274,13.003527206266
84.7888508667918,27.75550038423,100.656358057791,18.931507398026
86.755365475302,27.2976195340659,90.4939503299319,17.3190440635516
85.438278219386,27.4498066610216,99.8103535045328,13.6501983952786
88.1266181781983,27.2202560515269,87.2641431980783,20.9856455628871
85.1265704125581,27.6309314596775,100.642727244161,12.766573273131
86.5453966987776,27.3726188700806,92.30197556699,16.717214690134
84.4198524904831,27.5943594421427,99.8914752390852,18.3748277031897
84.8631438212243,27.5409588866791,100.132244404174,12.0433423051332
85.5482007112225,27.1901860585112,98.7744393062751,13.905613371484
84.6385511943743,27.6253053120719,99.6658690357928,18.6755630940854
85.4827582592343,27.1706111215964,98.9212988419849,13.7317729543609
84.4708732420835,27.5388724012827,99.6952957627518,18.4442768138877
85.2053404758567,27.3001479089629,99.8790591249537,12.9386087683266
84.3339740811695,27.6987065619551,99.7075013529901,18.2581806078266
84.6952804816276,27.4552303047332,99.6336840178083,16.4956102736203
83.9914577391196,27.8144036927134,100.252904190651,17.7905834002132
84.3066717549528,27.634665551269,99.9012215527241,18.214803513354
83.1416166914903,28.0950594802935,101.462437498261,16.6807264068435
83.5017244451116,27.8890831315073,100.231564797388,17.146507482879
83.059338020252,28.078908710655,101.917860987061,16.5880703857837
84.1312224643878,27.658340492176,99.9429646293877,17.9565608986209
83.671903955882,27.8035900475559,99.3571227392215,17.3556527317214
83.3849924485939,27.9212460154522,100.914358260889,16.9832387945781
83.2056304623125,27.9317915031485,102.947724969172,16.6976602801174
83.6180584487343,27.8558990307969,99.9137085603018,17.2976947274868
84.555673945759,27.4334833404432,99.5007888696504,18.5646701039041
83.214257082168,27.8194191093365,98.8673461407252,16.7223280068861
83.9003065957224,27.514358321003,100.197136375187,17.6729473948593
83.6449927707396,27.7383713120799,98.7918663009707,17.2977747006397
83.8653877940914,27.5619125975995,100.197136375187,17.6729473948593
83.7604637567306,27.7039343701226,99.3919408008927,17.4437296594877
83.6346396487384,27.6317888598208,98.6435541994933,17.2670150564958
84.6576904415838,27.2834931038584,99.7622422805807,18.6800700657485
83.9800251637159,27.5252342255172,100.175240950051,17.7201979302226
85.249347281863,27.0188641032774,99.2879996275081,13.2445068324466
86.5170339768401,26.8687751707294,85.0271535451622,16.5054271232319
84.7692119098541,27.240428534286,100.090320245049,11.7913324506261
84.3209620278058,27.4086533099489,99.7143377590092,18.1423056607293
83.7954646911,27.6566917531864,100.280828880987,17.5013973517211
85.2153500623144,27.0692457051896,99.0302010582092,12.9178840885429
84.4434356466615,27.4749560369359,99.5583482477553,18.4094576705253
85.9228472616182,27.0037303885719,87.9671531473045,14.9843990815214
84.5897165508102,27.3836060223274,99.9455968999373,14.1876591344584
88.4468904098973,27.02871037196,86.3445397574572,22.3435076118831
86.6474957370499,26.9770580796451,83.3894380217723,16.9505472330058
85.3185011663418,27.2606003067885,99.5813174637194,13.2641668217669
87.9776232320185,26.9564985688218,86.8263015950323,20.7820176661013
86.0233681431522,27.1051436551084,88.5040766002706,15.2337309066601
88.4601353381793,26.9257082790173,86.0332295581014,22.2051212364147
85.09290257337,27.3414112592595,100.126931454601,12.6200874992791
85.6034691429277,27.0242693915105,89.1635442524244,14.3318729385081
85.9546561183884,27.0748015402614,88.2782686277156,15.031254496201
85.5434217003778,27.305464138511,99.2943153923214,13.955744359625
85.9127620250383,26.8928834628575,87.9671531473045,14.9843990815214
85.8397170451824,26.9774788788411,88.5361362702115,14.5470944587435
86.8894373141901,26.9787616848471,77.7176559296232,17.5241823042909
86.526523651501,26.9767244962247,85.0271535451622,16.5054271232319
85.5929817162507,26.9128087175507,89.1635442524244,14.3318729385081
85.5681075248327,27.0711655354016,98.5239627363843,13.896024276912
86.0799916646528,26.9521426028833,86.8111888722673,15.5252039204025
88.7389733774178,26.8733740273727,86.1032232778761,23.0446879217083
86.7684664065869,26.9778658229482,77.0936594487338,17.3125414856581
87.1687203455472,26.9447346259094,78.061727386232,18.6888705156269
86.6753112576329,26.8346584990962,83.3894380217723,16.9505472330058
88.0120326956113,27.0227821200668,87.087806140051,20.9391193599109
88.5807093211051,26.9175980419225,85.9196037092472,22.53210641945
87.773520895472,26.9322364775892,77.8131804507765,20.2362306921694
87.1144749924102,27.0843353353717,86.7134484343276,18.379179026801
88.3743697701912,26.9995928610117,86.1641998310161,22.0449184136895
88.7012995866544,26.9097914140801,86.1032232778761,23.0446879217083
88.2099516458585,27.2488930720325,87.1859085009894,21.1532625351203
89.6554538699668,27.070514612253,89.6878222811812,18.6296478626379
87.1313860534045,26.9795997848978,79.6732178036809,18.2858283701502
86.3866045226129,27.0865211359406,87.334125581742,16.2543874208272
86.9049489967145,27.1550577201972,86.7315574706366,17.7963516228321
86.0604010039272,27.3989094345506,94.6237507206456,15.3797371992295
86.662008391763,27.1556749753972,87.8432880345735,17.0959374819931
86.0284153244948,27.3279515584472,93.5944977898181,15.3189986808618
86.1637503973438,26.9841137892515,86.8111888722673,15.5252039204025
85.7834951489376,27.1372703970486,89.7158365702942,14.5663350434959
86.6803331541926,27.0485923007231,85.7708744928028,17.0376479540747
86.0751239821547,27.063542985886,88.0296966125167,15.3428327332029
85.8348715070674,27.0908778545591,88.9950237033259,14.689432235809
85.6651466357697,27.1611755756677,98.2911962545497,14.2193141871386
86.0184227173002,27.2173910940531,92.255486430093,15.2442062323122
85.6707022494475,27.3871036558503,99.3597334184567,14.3121245690508
86.1392961263994,27.2070432629092,90.4005331123502,15.6223953765804
85.5337607001621,27.5356720786429,100.093606723304,13.8893521993271
86.7371963507172,27.4047544441694,92.1591885369846,17.226985589754
86.6713584725568,27.2628276572364,90.3830533944575,17.1113681980512
87.1022201970152,27.3990239497739,88.6067567240069,18.4994664413276
86.8767055923481,27.2964529564694,90.1177193051554,17.6473572266256
87.3455165787279,27.3935586151749,89.2415811080536,19.4264373827192
87.0354745310501,27.259766353115,88.8104451508609,18.0989088673079
87.5208263215712,27.2501764538438,86.1365106688967,19.4544261180828
87.4832788714788,27.2858124209661,87.0364058798277,19.2947023640108
89.1778757816535,27.1916571332369,88.2641665219778,16.2984629708578
88.2476218539444,27.2123379476793,86.8976052077021,21.2706906845333
88.9283247451422,27.101221558283,88.5037390404561,23.6773903949409
90.0189896258803,27.0558473726131,90.434654213628,19.8380836365692
89.0947235184325,27.1612363073683,88.2361934838884,16.0795948646437
90.0571959466464,27.0199681793695,90.3164239121797,20.0259544940532
89.2918373899688,27.084475964669,89.3350386715757,17.1114108939477
89.8992196730238,26.9583532294116,89.6629398557397,19.0278840004452
89.0990352792387,26.9562439830406,87.4748674084659,16.1465017599503
89.5826082857268,26.9365573286369,89.1757410577808,17.9391533495255
89.9360098659646,27.0252062962149,90.0619018762111,19.3875011178944
90.7460779087233,26.917242722833,85.6949357912108,22.271421917084
90.7514812169384,27.1220144502532,87.483533802276,23.0794012012282
92.1114492531395,27.0386480988896,77.3319369523795,29.4479531634073
92.3125493609331,27.222902519534,73.9461598699965,30.4357550882265
93.1134271666503,27.4155914177964,63.7441161187505,32.7908657342091
91.1088424890332,27.0045314320832,87.6711129592484,23.5969166647306
90.7898255029009,27.0859276591989,86.9297643148555,23.0869676138437
91.8770860756247,26.896914865989,81.5573013368953,26.2542295970009
91.5156756574359,26.7653825974114,84.9963335623398,24.9217093744652
90.9880230775925,26.906257906292,88.3121915626907,23.1617902649056
91.3564483049509,26.7964905321949,85.7163587656781,24.6192113600346
91.0325597301691,26.7680939386728,88.3121915626907,23.1617902649056
90.7911845652806,26.7783624449354,85.6949357912108,22.271421917084
90.2622725072058,26.9419901966033,84.7059026261257,20.570807280964
89.8243905581178,26.9272055869826,89.3819277371353,18.727702902896
90.0202605718741,26.9532103543803,90.0739024392569,19.6361217217561
90.066107564781,26.9169861632349,90.0739024392569,19.6361217217561
88.9425797357677,26.8957993683363,86.3625917699016,23.6441479969753
89.5462224485832,26.8695853318364,89.1757410577808,17.9391533495255
89.9084311575728,26.8553905214777,89.6629398557397,19.0278840004452
89.5841680724333,26.8339665402708,89.1757410577808,17.9391533495255
88.9729693397085,26.7577161734942,86.3625917699016,23.6441479969753
90.067194283138,26.8143457939232,90.0739024392569,19.6361217217561
89.7035051343292,26.9319475318846,89.3750817970277,18.2415419635756
89.9399329198434,26.717324473604,89.6629398557397,19.0278840004452
89.7049462835381,26.829336863489,89.3750817970277,18.2415419635756
89.4633844912562,26.8385851131522,88.1762423323202,17.4579941264971
89.6601551790825,26.7626858280552,89.3750817970277,18.2415419635756
89.4564257453226,26.7363042964727,88.1762423323202,17.4579941264971
88.8219218103108,26.902497817109,86.2820575123537,23.4236061437011
89.9018240747251,26.7530967285708,89.6629398557397,19.0278840004452
90.0226322757861,26.7479459612906,90.0739024392569,19.6361217217561
91.4719467577267,26.6958970273108,84.9963335623398,24.9217093744652
91.7132006999854,26.709110017819,84.1937984671624,25.3735832429959
90.0607710599415,26.7120822622393,90.0739024392569,19.6361217217561
90.143418421222,26.7424966647138,84.1847959186537,19.9361867146652
90.181586028246,26.7065284949473,84.1847959186537,19.9361867146652
91.6312489317909,26.6689229857692,84.1937984671624,25.3735832429959
91.3896552830417,26.6602567827984,85.7163587656781,24.6192113600346
90.9115773756909,26.8752722890674,85.5634825172265,22.7197047869698
91.2356760929293,26.797105918584,86.9168259399033,24.0356163379654
92.4602105438741,26.9296888215325,72.9525203256004,30.233640563884
92.6441493812713,26.9286072928479,72.1986731449812,30.5586546332283
93.2171050121507,27.3703384219614,63.037808788312,33.0883187363926
92.4238173013016,26.9516545458997,72.9525203256004,30.233640563884
92.5367804836403,26.9898717204939,72.1986731449812,30.5586546332283
93.3864265643396,27.3990378165405,53.2103089865051,33.6347514696433
92.3092870739989,26.9173891359366,75.0456904792834,29.8235978148033
92.4561845493297,26.8262210558533,72.9525203256004,30.233640563884
91.8716197539895,26.6920733674434,81.5573013368953,26.2542295970009
93.1785857021775,27.180849379043,63.7441161187505,32.7908657342091
93.7154688814833,27.4654579088628,52.0456243041762,34.4784607324742
93.5166770588289,27.3418030093081,53.2103089865051,33.6347514696433
93.3176383935953,27.3257063591048,63.037808788312,33.0883187363926
93.7415857400568,28.5905486816919,56.0857003791908,36.8329588465999
93.8186894098883,27.7335978374864,51.541234627859,35.3182760830487
93.8138464432767,27.5286157083517,51.6148142024582,34.7667697237366
93.484200603997,27.3559191695192,53.2103089865051,33.6347514696433
92.8654198029889,27.2258754748949,66.2090022060504,31.9428214123145
94.0137468262801,27.8619005456455,51.3067605251642,36.1602114097598
93.0745244565188,27.1256949989374,65.20069773562,32.2471646820905
92.7569325272028,27.177716471174,68.0892774089131,31.3986663848639
93.6213920155177,27.6081729670943,52.0456243041762,34.4784607324742
93.1115700586715,27.2126466944043,65.20069773562,32.2471646820905
93.0797090446922,27.4316781349495,63.7441161187505,32.7908657342091
93.8867380767465,27.9123897544904,51.3067605251642,36.1602114097598
92.6837483999266,27.2147640546627,68.0892774089131,31.3986663848639
93.4211284568772,27.4866592416145,52.4730583540507,33.9277146251944
92.6482240664806,27.2343257455759,69.7910045437285,31.0849417931467
93.3196368258723,27.4277604924404,53.2103089865051,33.6347514696433
92.4229895142046,27.1542887684007,72.1986731449812,30.5586546332283
93.2852868387388,27.4419121015218,53.2103089865051,33.6347514696433
93.2151749779115,27.2683344918641,63.7441161187505,32.7908657342091
92.535192669124,27.0906282606837,72.1986731449812,30.5586546332283
92.3461444951182,26.8940985488324,75.0456904792834,29.8235978148033
91.7140626246174,26.9133844195639,82.5967392603614,25.9489076831633
91.8782611368702,27.1010079634858,81.6664847527969,26.5741195934596
93.2173889509358,27.4714375430871,63.037808788312,33.0883187363926
93.0119136329686,27.4645865095254,63.7441161187505,32.7908657342091
93.2871745999943,27.5438906075408,53.2103089865051,33.6347514696433
92.6512229832466,27.4378954227666,71.7717322974336,32.9178598205617
93.4902916846921,27.6623560008835,52.0456243041762,34.4784607324742
92.5392077419031,27.3959999390346,74.0130404967743,32.4841824048872
92.7934266408267,27.2609938701156,66.2090022060504,31.9428214123145
92.6894611328139,27.4194279724754,70.6771690901024,32.6722899769844
93.6927852268942,27.888216662397,51.541234627859,35.3182760830487
93.9868735622503,28.0793051782823,51.1331263397439,36.4459685955507
93.7886152416236,27.8486014837534,51.2280613919079,35.6050295450682
93.9820631069902,27.8744407366659,51.3067605251642,36.1602114097598
93.6898926747426,27.7855815797766,51.541234627859,35.3182760830487
93.1170283071658,27.5184421953725,63.037808788312,33.0883187363926
93.8893779825107,28.0149287843556,51.3067605251642,36.1602114097598
90.9039184714506,27.2854921059877,88.793046371837,22.4478260061542
93.9210563287105,28.0021501831132,51.3067605251642,36.1602114097598
93.6293837819616,28.0163682570984,52.1257572390359,36.9832974308843
93.1898560688923,27.7927176710102,54.566059394082,35.5561081819544
92.804083375288,27.7710675656048,68.3981108009474,34.38161352118
92.876022949715,27.7360493369531,67.2721808106628,33.8105902632306
93.9309069078507,28.4116481876536,66.6291656239307,39.0886448600965
93.8966506050632,28.32195770483,60.4626157066392,40.2311677919737
92.4678192346584,27.5404667763671,72.239977228751,31.3238280408067
92.9849177963558,27.9896061372892,66.0667147577937,34.3966473398882
93.5292348504301,27.9547223423849,52.2753068365951,36.6877397464336
93.9916662625153,28.2840495571318,86.5583894271655,37.75163366432
90.3029360869601,27.4187174756639,91.6969805071294,22.1649824657392
91.3959087857049,27.4785954751727,87.8019081630107,25.6046971727647
92.7982347510763,27.5664206924498,66.0243658624581,33.674643061892
91.9618758518358,27.4524840781628,81.9181625093007,27.2803379027605
92.5782011495191,27.3763589200176,73.3661611835403,32.4537549787981
92.5766268209381,27.477075551292,69.8854250684774,32.3808190246045
92.3102544935214,27.3237353789978,75.4620572512405,31.3468168153137
93.3256322503289,27.7338117796411,52.0022560293303,34.0685664943352
91.8361267904311,27.2316688707836,82.7351700976949,26.5670017292075
92.193484187111,27.2939585744606,76.072612132619,30.6452432414723
92.4255267831768,27.3578524429928,74.7946305759383,32.0213003787444
92.5405100740595,27.4977841943929,69.6452933769293,31.9563646309813
92.2335641318443,27.1682391907236,74.5406490258865,29.8943757675145
92.234670026995,27.2700407663736,75.7724430694099,30.9989697980052
91.2356115307946,27.104044499106,87.7223563397671,24.9420844343503
91.1529463300731,27.1739695381548,88.0107716616466,23.5963701209143
91.3515167354334,27.3079748105777,87.2498557211415,24.0989724062029
91.9561966757171,27.247934669209,81.3073348054617,26.9009164909727
90.8724565016599,27.1161493558856,86.9078930532515,23.6563194109873
90.7894158782739,27.1884433478101,88.3821259358511,22.0402487869302
88.6809576866396,27.3198317192497,87.4101738810809,22.3356162776745
89.2095779447952,27.4633648701069,89.0970669563804,22.8514228556017
91.5118118038642,27.2764187528609,86.1921449406411,24.7160231674524
89.3310904862738,27.4585356541997,89.8484612744944,18.2144732587218
90.6305210858759,27.1282304626644,87.8661940120674,22.3959025283918
90.5478383286054,27.0983684225857,87.3390047890317,22.1885363363242
89.4144462892926,27.4895249363545,90.248356433245,17.5566220976149
89.4456044697,27.3517391566606,89.8353595573245,17.685750253467
89.8104195213451,27.3380232382643,90.7287186604263,18.6775720549007
89.1714798070452,27.4990713958889,89.4326339050584,23.8980520707042
89.6888243646241,27.342697026847,90.5573418788277,18.8456693234385
90.2965905471042,27.3164493506079,90.0805542202928,20.2365801720529
89.452610309002,27.4539547259676,90.212395489942,18.1711561445275
92.1189766481853,27.4469260932056,77.1331465499792,29.9597775748449
90.0600903667182,27.4301861951786,91.7278860328702,20.9573685812033
91.1466008537516,27.5838190293453,90.1741933498787,23.5535802094034
90.4243212260051,27.4125315729397,91.2220781252812,22.542310930324
90.2561785476429,27.5578161553045,92.492033423461,20.3278263225223
90.5456871709413,27.4061581229416,90.5349141169853,23.1429129868009
90.171657880419,27.6302664448015,92.6708787345307,19.9273566177832
91.5172055146146,27.378757779425,87.148749789019,25.614848254846
90.5450034915143,27.5087577993973,93.081782580862,21.3588263662049
92.0000707782781,27.4246839450082,81.20448289539,26.6754962147498
91.0310230883936,27.4851272057369,89.4874604315732,23.9134328033311
91.2298022774278,27.6160503561815,89.8016901722774,23.8551491056826
91.7225449032277,27.7304727840287,85.9079931400152,25.5396723310807
90.7809215589757,27.5989480531345,92.3242807164063,22.1802983371427
92.5809891434056,27.7823114355765,71.8986622792411,32.7734294431287
90.1769889382417,27.8351831869766,93.2390630847015,19.837636152711
90.9859759049018,27.6235645903851,91.672546126791,22.939253010263
90.9094796835198,27.4902063308602,90.3254824694808,23.0974206513987
90.3019981820595,27.5213519145448,92.3485649549068,20.6679333436792
89.5618504138255,27.6549294706577,91.1983075696195,17.6884204393006
90.1396653814044,27.7685383251178,93.2471414213849,19.7064120970216
89.3178444091601,27.6638680151551,90.5360691461321,16.7769688555051
89.8156930540933,27.542936198012,91.5431753700329,18.7357459711692
89.4398472405556,27.6593430020642,90.8646386126704,17.2355178139478
88.7128579155046,27.8966943809774,90.8803128724343,22.1430230257869
89.4085416378844,27.7970733015777,91.1228682011319,17.3274828544987
90.0562851273969,27.7381137400927,93.0138407782049,19.4019399224851
89.1647816298309,27.8063727090836,90.1950503576509,23.3661370749302
89.7642062685613,27.8867285146989,92.6897557100191,18.3714743186699
89.8864184086277,27.8819975231547,92.797733275041,18.8100045861383
89.8110319065453,27.8507715329947,92.5724271818789,18.5225569736553
90.2614418799379,27.7627286258525,93.4667295175532,20.1420664106547
90.0086086562523,27.8769471941177,92.9875514929297,19.2492443854371
90.6651703857374,27.7074919504587,94.07356090697,21.6061198724367
89.92339308532,27.9488755600854,93.2605521456814,18.9633276280315
91.0302771046236,27.7925205350246,93.0925844079897,22.9190301498037
91.1523193963097,27.6860463730239,90.6226273555845,23.4459410329403
91.1461768622819,27.8910349729453,92.2780564236702,23.3581930627282
91.7183057536413,27.8321006775896,86.3546860118207,25.4275378358997
93.4088815991675,28.5206608581877,58.9984979160817,34.8748954305347
92.2411762896452,27.8808122376678,74.7171559600818,29.7469860194396
92.0807873101762,27.8797554028135,81.1199973184659,26.7748895206087
92.5854290667528,27.8851243692302,71.8892167281554,31.5308417195053
91.7618514224136,27.8017295643668,85.0035067292031,25.5946499994863
92.2399749052803,27.7790852899093,76.9138605458748,30.0097510242153
92.5870346345204,27.9868218732118,70.4145465775812,31.3329556593732
93.8029447454265,28.4622512657742,54.6700369313141,38.8921277465375
92.319544065638,27.8336019772006,76.0066156632003,30.3462926145254
92.5447768498533,27.803017907493,72.5055462470964,31.5707145845934
92.766478205669,27.7884865453088,68.75612168331,34.6984991843137
92.6572701883886,27.844916048111,69.7795198999194,31.837907191068
91.717253483122,27.6280588090366,86.3093492008137,25.6715642898893
92.4673246901023,27.7429142833117,74.0869698190478,31.9447598807926
93.1249333348313,28.0270003640591,64.9272105034414,35.4039957754522
92.8032671300517,27.8717553915049,68.1591611238202,34.0934221801231
93.0911110380709,28.0429914278798,65.2534937804301,34.983813668087
94.0336729127408,28.6813354924222,55.3693073232949,37.805376971652
92.8813860672284,28.041416215104,67.0172890491897,32.8720934626506
93.0191657381741,27.9728777963091,65.7382365469039,35.2467118364989
92.9160280961231,28.0238770934812,66.7290112184247,33.0207360446175
93.3326428444551,28.1409784733423,57.0850883204279,36.409142770652
93.7359529440426,28.3856855381402,54.9003467031946,38.5527638806759
93.4020342187775,28.2146417183148,55.9690803314593,36.8032487271413
93.2330580411552,28.1859248922026,60.5297025036239,34.4697477622856
92.6989838394135,28.0299638927179,69.4511860162166,31.9237177920361
94.0364113455368,28.7838073639909,56.0911874060297,37.8110003116429
93.8059433796204,28.5648292058069,55.6406102401679,37.1897828082497
92.6978665066191,28.1305757538894,69.5928823979353,31.6721183619376
93.441710044012,28.5064270951807,58.3316826825305,35.074692390921
93.8404158344079,28.6542720798785,55.8385068540102,37.2651628032075
93.2357888380981,28.3888742386246,63.5535575300412,34.0703791744581
93.6436884218599,28.6293183916234,57.4168182477816,36.130785790801
93.0290584217276,28.3811587304314,66.816489952103,33.1894834428231
93.0331143468972,28.4839731823063,65.7701550821909,33.1938731388147
93.0952103565876,28.2467129837502,64.9371951729071,33.6332866687416
92.9888295941819,28.1932367386967,65.6980287475212,33.1267708982536
91.1519338593049,27.9932553118358,93.4344074271987,23.3686364186427
91.0296916598895,27.9974661737632,95.1392516771419,22.9235023757608
91.8398372760501,27.8435835642473,84.5405056121564,25.8806523974495
91.5966723441584,27.9267212301832,88.7361269241271,24.9992649303969
91.2296549358474,27.9231338800801,91.7408674902058,23.6711548780189
91.3963259938088,27.7854120243337,89.2590650450228,24.2524956516247
93.4588311640705,29.1198887316442,63.030510409267,35.1787201842698
92.7022669882579,28.233389184869,70.3101954947319,31.7327816940627
92.3653476007696,28.2181037124798,74.3271852091302,30.1912620818171
93.1011541754471,28.4513432801034,66.0202625266797,33.5263164808064
92.5946219627349,28.2930135297899,71.2253679826626,31.1680476585189
93.762905300109,29.4081472028251,61.7400014011158,36.6308753702311
93.1349840052028,28.4353991855516,66.0460401566531,33.6713158304463
92.706694198839,28.3361956717515,70.1060964197126,31.7415390298076
93.65819510408,29.141004716312,61.0692030515585,35.9904930513735
93.9178158963026,29.1406658952305,59.401882849028,37.0716304339294
93.8456027713413,28.8588040646043,57.5184413871785,36.9623496005367
92.9989043410918,28.5006555120505,66.127769697589,32.9854286904008
92.8827805331607,28.2438655031468,67.531915570026,32.5079665301361
92.8127977915938,28.2798195156331,68.9311508065025,32.214266554994
94.0475951086872,29.1935716036242,59.5636041575023,37.3260294458692
94.0503587407432,29.2959211023678,60.049302167802,37.4017329913523
92.4422949969347,28.3760959580741,72.8644492302,30.5143777038119
93.8168888973381,28.9741847533838,59.0760385815361,36.7245493331368
93.8514859773762,29.0636776174175,59.3292411016498,36.793485924856
94.0246728419112,29.5130389320194,60.698582019858,37.6958599905267
93.5190736995139,28.8879298678931,60.8997269656132,35.2407165190136
93.717867203344,28.9106590339361,59.4012919372129,36.2348040466621
94.0533432747278,29.3983904101087,60.5046703677767,37.5213720043481
93.3490733192074,28.7543612285958,63.6879388134061,34.4994325069577
93.4173397942917,28.8273931113286,61.5886329736649,34.7678834510946
92.4484745832514,28.5804769938995,74.5404612489957,30.6736650844169
93.3145644301885,28.7682647117326,64.9869735261823,34.3108980709089
92.3259169918009,28.3421319615117,74.635575757487,30.0202128185884
93.2457175841417,28.6963462632975,65.3624636755951,33.9797928876621
92.2080045881304,28.3125959322473,80.7283968148053,27.221985176269
92.9989382530433,28.601400625597,66.2746110192955,32.916046773486
90.7908800032883,28.2135822262957,98.7122139511644,22.1097071995802
92.8190397768499,28.4843487678487,67.6822462049855,32.1111485538621
91.4804518178203,28.2293990888093,91.732578485386,24.5755186527215
93.3466541025993,28.6523887420117,60.8128450097442,34.6003904536116
91.4021360553529,28.0922374989647,91.4086551109427,24.2375955210034
92.5584061824662,28.313695030253,71.6573911483537,30.9826461819605
92.8171010765682,28.3826376367919,68.2726249047317,32.211199796994
92.2495721282101,28.2886724660297,77.4502742755817,28.9317471954984
93.1051393754929,28.5541464273996,66.005655070337,33.4660136473435
92.7812840618442,28.5016779888455,68.2239411098753,31.9717040026687
90.5464934831232,28.2266478820008,97.4186500494961,21.2494911878235
90.7466396879343,28.0450176360891,97.0355734786935,21.8698062691519
90.7526928632599,28.1472326805966,98.1199793341449,21.9332960142825
91.485460056626,28.127357989508,90.941582475121,24.5473782004644
90.4242870971116,28.2331551907154,97.0562345796718,20.8200849792004
90.6686866206232,28.2200575615514,97.5892594756724,21.6794850076057
89.6904915503303,28.2653213359326,94.975033803364,18.2497893820337
89.0662113243847,28.3900311427534,93.3487259322144,22.9400863504486
91.2409660498257,28.4346279894274,96.5713124270598,23.8485570987823
91.1576316979676,28.1978393648831,96.0153137545286,23.4061464955821
90.5007255278882,28.2632985739734,97.5145597729126,21.1126447783978
91.0353373194602,28.2021127221684,97.3185692126827,22.9730642105911
90.7455068625988,28.250145042049,99.2238170564179,21.9723342477729
91.3969469194884,28.2966975782824,93.1327450672044,24.3169246485823
89.1960531106315,28.4872302003809,94.0520923772477,23.2785995332187
89.4457292478006,28.2737536038602,93.1718224075474,23.9316395274809
89.5206977336641,28.3053463710863,93.699720243391,24.1293420431102
89.1575370324467,28.5227485011244,94.2271671401554,23.1793597671476
89.3981128031457,28.309518491906,93.2692432791929,23.8088907922454
88.5447323075491,28.5535693183126,95.1366056515495,21.5752199661049
89.3958640566456,28.4119974316519,93.8678231669947,23.8035433066517
89.6413172148031,28.4036886353825,95.3243345891527,20.0756442187544
89.0303907748974,28.3233486189311,93.0408740020482,22.8456733707654
89.5700060711719,28.1670534284365,94.0154323525691,17.7448628425427
88.6763249462196,28.2391652118143,92.8631509401112,21.9123110776832
89.4093440967956,28.2067293230787,92.5717476427882,23.8353823350594
89.8144592155164,28.1582545885639,94.9978519908343,18.6040797738822
89.2755280642211,28.3138015398636,93.0495761353882,23.4876722625484
89.769226821875,28.0916005209903,94.2610598266854,18.4036820460005
87.7382956430278,28.2709409408651,96.3294241004752,19.449095694389
90.0522890651962,28.0459984225277,94.4762593557635,19.3927078898045
89.9366585547262,28.153453166907,95.5816560050087,19.033727842969
90.0575117649719,28.2509159266602,96.5072977460399,19.5338347741479
90.0203007309607,28.1841466679737,96.1144695464935,19.3530769121982
90.1334109120145,28.2817059048646,96.8642979498456,19.8262808054668
90.2967249333277,28.0345232361931,94.974290921701,20.2576533495865
90.5024139825899,28.0580596492253,95.9176496759019,21.0112892922976
90.1809791467868,28.1427266475067,96.3203852947406,19.8945878692949
90.547251365684,28.1240365315278,96.7410159907263,21.1910920341192
90.6306684246168,28.1537391458895,98.1183478625512,21.5022538778564
92.0866966814718,28.0841914611148,82.9638739026494,26.8300293257479
90.6693054503132,28.1174743487402,97.8200225647468,21.6225146894195
91.2742243070009,27.9905852833214,91.9663551569924,23.8098510011719
90.174521537321,28.0404481812627,94.6758609123928,19.8344588264387
90.8687624047597,28.0388168996429,96.5206413760327,22.334950252221
89.8914897881636,28.0868974687561,94.6451639754614,18.8378445179069
90.6183911954451,27.9492847247914,96.3686072044506,21.4785248621416
90.2517258180359,27.9683581752574,94.0798155286214,20.1516916698424
90.1294541285643,27.9741523151791,94.0008260659081,19.6970769702388
90.4970998449279,27.8531980784134,95.2416199633038,21.0008645426563
89.4449093935463,27.8640563416536,91.7442638313893,19.9386066089716
89.640111659156,27.9937812082737,92.9720211655703,17.934327551979
89.563122357389,28.0648225763634,93.093063259283,18.3609922323743
86.7610274531852,28.334292407549,100.859027174387,16.8891864363021
89.0738396076372,28.0829176034681,91.7085723559527,22.9573878046824
89.5177334932972,27.9980935549896,92.4174369517673,19.5061230026025
89.6786317587745,27.9582336353759,92.8790878607564,18.0825743684209
89.4407965149242,28.0690831622697,92.0260227834074,23.9243380006904
87.7300671330405,28.1683792001989,95.4050993388213,19.4214104757475
88.908602656044,27.9201359400073,90.984226189929,22.6639260339543
87.0720049483849,28.1375710324685,96.7302820421112,17.7179734504283
86.6389214893435,28.3432608856311,101.609870808811,16.5687816229535
88.3406637756831,28.1250940656136,92.7267347070032,21.0279651657672
88.9059091317897,28.0224618592064,91.4767602275687,22.5338116790259
87.5994858873542,28.0734293601306,95.3696922171201,19.1032327149183
86.9963921057909,28.2124224938927,98.4044048739846,17.4928401024844
87.7343825059826,28.3744109781077,97.2132281657862,19.4498422157864
88.5924448821018,28.2102545098758,92.2466595729392,21.6910251399293
87.9288259644619,28.3942872920015,96.724809028084,19.9614609602693
89.0427245454766,28.2205725990102,92.1807836139627,22.8738549096489
87.8223798329171,28.2993195076218,96.2264612556741,19.6725718164802
89.1961474568552,28.077975589753,91.8569109409385,23.2791074420703
87.3168608553669,28.4384183855631,99.2869892618402,18.3651914690177
87.3719336447496,28.2952599466565,97.7670029918333,18.4883133250255
86.3950273358979,28.3645110996629,103.334244334482,15.9321947656714
86.8831853003731,28.3259973481835,100.158761758447,17.2079111335326
87.249757954533,28.3029238132332,98.2599120457258,18.1680963299343
87.4477018287488,28.221019336629,96.7312980949712,18.6814606831198
88.4246192567676,28.1532843237722,92.2515094224848,21.2487631764571
87.8522356995287,28.1600530858046,94.9107307851026,19.7445700413693
87.0809099113093,28.2428499490828,98.3126290764331,17.7182282657852
87.3168066334127,28.1243701356017,95.9546643195171,18.3495964505673
86.751772354919,28.2271625535375,100.531051406685,16.854399904532
86.7141167695727,28.2656040275366,100.174236396303,16.7599650041551
84.9565335150235,28.4792119612889,102.165553454577,18.751588590504
86.5073514542213,28.2446258668197,101.182753067024,16.2205298507979
84.8646441840425,28.3990739222156,101.836052861843,18.6968793517864
84.5216139422546,28.5179624867217,101.672016297567,18.2441939309417
86.0108141539758,28.1893007318494,103.300490546126,14.9618442090191
85.4177476014042,28.3278808186021,103.953839771914,13.4178081018364
85.8538080560926,28.2548339445489,104.268232637124,14.5399380820812
84.3919689424535,28.782657540462,102.581963903152,17.9480329042261
84.6989777701369,28.4938172824497,101.847588218292,18.4538032549457
84.1767213730939,28.6334646410145,101.446621246109,17.7795711679881
83.3089065377749,29.154999234145,105.987701803601,16.582952106387
84.3469509288511,28.7241393947636,102.106088114458,17.9276142240222
83.7128010756563,28.7790885368266,102.601688193618,17.1797385519852
83.6584847584492,28.8320305747916,103.057030532598,17.0967303457412
83.42425286723,28.9008105426236,104.165445810677,16.8020901742621
83.2445411540498,28.9151948889643,105.02484882089,16.5874458110514
83.9306797964233,29.1513516044392,104.453687796234,17.3363816777482
85.7915439681775,28.4567824197836,105.190169524229,14.3709791834622
84.1256401582816,28.9065266157531,103.033835140154,17.6060755670811
84.5871179287157,28.7539683375563,102.511257989893,18.1886972097881
84.6320139910376,28.812656207782,102.795795019107,18.2333790103255
84.286456343718,28.9276581960043,103.032698378059,17.7975870205099
85.3169605303137,28.6985231232536,104.195722133193,13.2266339439445
86.3853170732069,28.2552327381208,101.846502678309,15.907665629176
85.550277306886,28.6302659428136,104.182253366549,13.8016333057739
86.0311786204738,28.4109833258193,104.414899417234,14.986573984578
85.9060614728429,28.5460979445027,105.922727747311,14.6981499350997
86.2361906509024,28.4191139525991,104.037498143867,15.5268478431792
85.8542910031207,28.59425419299,104.412148420233,14.5791089842624
86.152039023849,28.3929244096461,103.99469320043,15.3002915323542
85.7449740612595,28.3916376738672,104.691251958426,14.230853166574
85.4281511988721,28.4382525797477,104.289887669869,13.4198810654684
85.2658216816009,28.7520654274673,103.775749340513,18.4822070017612
84.3691098913003,29.1208411981995,103.880802300726,17.8674560252767
84.5097011062988,28.9642069989933,103.339600052002,18.0622153665762
84.7469110439652,28.7738523157195,102.669023456496,18.3783822298105
84.4572157336259,29.0183976781175,103.502087625573,17.9900973491237
84.5969816188982,28.8613617818718,103.0082785801,18.1832690616743
84.2256376909016,29.0941294674016,103.775570101913,17.7005498422834
84.4819181896905,28.899839041447,103.002915753595,18.0381169477455
84.0469134418273,29.1147526791917,104.112459004834,17.4816468116457
83.2825358461673,29.4952378490401,107.852096584534,16.5057728999179
84.3942974186467,29.0023862679776,103.409992723092,17.9171086137798
83.9037716158098,29.2695317403149,105.006896521165,17.2823099051904
83.3465419428217,29.328454005603,106.745088728035,16.6094893974437
83.8226376116345,29.0750698490321,104.249932639709,17.2152735638619
83.5171923110248,29.4246621729299,106.660649181673,16.7917342627247
83.2029767552365,29.7047626817085,109.197281213495,16.3870243646315
83.751385967104,29.3533286133039,105.651561501556,17.0811517556881
83.3289610300532,29.5552191130127,107.807852900289,16.5513206910581
84.2530699558643,29.1585684295167,104.242695096698,17.7200254314075
83.4461686588563,29.5197588760795,107.245875417653,16.6952151540657
84.6249568433472,28.9257833602966,103.261544984979,18.2073150869299
84.2176563944284,29.2066562205338,104.506370117638,17.6648241642563
84.1467991602626,29.3026475594644,104.855501430803,17.5625404829406
85.6474526410334,28.7181700847037,104.652358621736,14.0924927766722
84.6811126162669,29.0548625744996,103.463259690091,18.245091365477
85.7662197977103,28.6892870115207,104.791647740221,14.3877640089195
84.8991255527803,29.2056403789069,104.66859786254,18.4794355356095
84.111362076453,29.350567967982,105.150385677813,17.5129712660476
85.0734264814518,29.0006624796313,104.051129603308,18.7184034644165
84.9576058575915,29.0380697298827,103.7969125303,18.5719785591079
86.3430572651405,28.7389794133711,107.492109039074,15.8882917633022
87.718090159252,28.4788344960383,97.6898402529507,19.4211537865202
86.3381665255241,28.5178542272282,105.199779254356,15.8187786943015
86.949475099772,28.4639410983839,101.002211208086,17.4064226286832
86.4552415054873,28.615189859609,105.565132965359,16.1492610948109
87.5617285702483,28.421320784936,98.185963322615,19.0038500801768
85.0916093773026,28.6580597741795,103.10222406623,18.8140300990055
85.4385596718802,28.5486282826886,104.755970001974,13.4780970432075
84.9188780018966,28.8646480198751,103.552250087634,18.5714145102796
85.287286160119,28.6324837313452,104.475900895641,14.8832371321078
87.4899590273947,28.3917126499454,98.21463271569,18.8107686802101
87.4562016779025,28.324573437502,97.6539600464333,18.7135380610928
87.3677053763302,28.4000597589755,98.7581791064218,18.4912538282212
88.0473593729946,28.4877891674573,97.1165198665119,20.2804647742759
87.9786906307177,28.3563060841705,96.2973537770012,20.0894624318665
87.5574912090348,28.525410004205,99.4454223352514,18.9999537534817
87.8565490638701,28.3654352170603,96.691162742734,19.769351100522
87.4730002288181,28.4969722308125,99.2274717346667,18.7834789788322
88.6628960129335,28.3420493984263,93.2300729055165,21.8832180941945
88.2157702998992,28.5430284045967,96.6767967254682,20.7177227323184
87.4434229282321,28.6382180181529,100.513249963112,18.7198478039323
88.3305072205561,28.432257546855,95.6263412635614,21.0145597201587
88.0933973246772,28.5525130702501,97.3698005179709,20.3985064159049
88.7116447311709,28.3051587261597,93.1358552941994,22.0087725893388
88.4605902772298,28.5251675781134,95.3838600234113,21.3585218315424
88.9434965237753,28.3953848386268,93.4624216933691,22.6204571444229
88.5830610754919,28.517086379216,94.580494115715,21.6742927503921
88.1624575475487,28.6836437669271,98.2465951636795,20.604100244154
87.5658192750492,28.6286366463323,100.081706708859,19.0354767693243
87.0913791606106,28.8430022804459,104.037419113597,17.8707657592205
87.9710298739291,28.5621641132332,98.0461775184618,20.0818369131393
87.7221983401163,28.6852054712069,100.007736923748,19.4577843756324
88.055228853841,28.5896933191375,97.9388323744456,20.3034825281316
87.967190617759,28.665192645398,98.9226341848007,20.0911567060877
87.2142232460474,28.8320881923106,103.330128845918,18.1849583973125
87.8446992700729,28.6751889098456,99.5083094078529,19.7741675437282
88.3275026797915,28.841255060732,98.6489069199367,21.0767541870031
88.6502850753033,28.7511395366457,96.0972470188185,21.8907314441772
87.1668965751782,29.0835990178468,105.610501226623,18.1810364542085
87.3075427062186,28.9642297528463,104.043867149311,18.4802632804504
87.8323805900838,28.9855827389503,102.128913630942,19.8446839879513
87.4218020369927,28.8490159862099,102.549797156838,18.7295515386424
86.8313114683498,29.191791036663,109.017415056978,17.3842708847392
83.9427286623458,29.8432871092257,107.68607538849,17.2878678476689
88.0279191977712,29.0024621829623,101.47434884823,20.357054495611
87.9048794587415,29.013411162341,102.101918948903,20.0433535648689
86.186979228774,29.2094032691776,109.8125331815,15.742184092063
86.9211211062209,29.1095559293521,107.266799817745,17.5608826493045
87.0622539292533,28.9876922086854,105.459796626869,17.8574838081059
87.1848834742918,28.9757857706137,104.771455428514,18.1683913438972
85.9913813176208,28.9818824711312,107.500774764325,15.0995870606255
86.1226294852229,29.070625491402,108.596973835343,15.4884461767052
86.3755467963797,28.8088166778615,107.355129983833,16.0020942201182
86.1324396345843,28.8439858466388,107.459207049024,15.3894645228979
87.2228853399626,28.9369483157203,104.259088690576,18.2495189960864
87.4262827296884,28.7440877366551,101.602262429757,18.7050643446841
86.2215008259576,28.7555544687181,107.668261328353,15.582897045709
85.8709395488714,29.0064301266551,107.335682960575,14.8053986975134
86.1373034567305,28.7309397424537,107.620305375389,15.3556394883536
86.0115555473137,28.8649901881171,107.399154462515,15.0878217322278
86.016430985632,28.7512660751517,107.462466172983,15.0524221732418
85.8394208082762,28.9375620628404,106.990899715256,14.684054055005
84.3200251967706,29.6137080021203,106.091075429231,17.7416051016883
85.2782530869433,29.1617869657658,105.334607542675,18.9400262823125
85.3001278916045,29.0424451028469,104.862796867799,18.982634190604
83.4996840586186,29.6508041401614,107.723307791181,16.7486743401323
84.5431487232876,29.4317638870386,104.783583795801,18.0261040337333
84.726255302368,29.1138820199707,103.392492537959,18.2824872599107
83.6169766205576,29.614773284344,107.219027027617,16.8925786973321
83.5264262127419,29.7161706438174,107.98083403661,16.777028264075
83.9953673065394,29.5703558081943,106.317071527963,17.3530375920495
83.7358061863957,29.7981865137753,107.84152289237,17.025259298483
83.5282754600837,29.9366213810644,109.003703426154,16.7790559053421
83.9597269789971,29.6181823468764,106.590788108018,17.3063981939439
85.165224295734,29.420440844337,105.636516385113,18.7789247275881
85.2528663831444,29.3194371430994,105.65743281531,18.8913602151538
83.4110269296636,29.9734971851686,109.468199463096,16.6382379377875
85.3425704347495,29.5186271275303,106.520445649622,19.0000413655186
85.2826441190684,29.3856134335633,105.919068461979,18.9227294983638
86.3558918705248,28.9224798857356,107.661612226329,16.0044865959008
85.5959843101285,29.1099644320825,106.6658018431,14.1724712379346
85.5240270383541,29.2046610216448,106.387027896199,16.9858263141626
85.4610629804626,29.4858101945198,106.841212594453,19.1433905355794
86.3087429966577,29.1893541355159,109.972242219846,16.0432796044204
85.47769079473,29.1418196419425,106.020685830831,16.9994477841239
85.7148731605256,29.0799821398922,106.959192711655,14.4543391342613
85.7204225360466,29.6462021149962,109.528817310806,16.7393143103841
86.229341658735,29.3892625185076,109.092958173295,15.9977449390945
85.7463164999865,29.4887644063465,109.009691503671,14.872444989759
84.927483885802,29.8272945361376,106.489538893924,18.4807781071973
86.6049617535068,29.4402247705153,109.630377694338,16.9831298641493
87.0391571782086,29.2036935005331,107.746860485314,17.9290771003321
85.4818845038093,29.7061443616585,107.435173755694,19.1533053830742
85.3889234768391,29.5807920960613,106.853042025599,19.0516757467848
85.1066467714759,29.5874386037879,106.057861791922,18.7115049109936
84.4228892691955,30.0211272898751,107.822641777976,17.8655319391721
84.5399903495005,29.9842599612781,107.401964553477,18.0076490913912
85.2706211407646,29.614063028755,106.498309611838,18.9071647068868
84.1687714851654,29.8816974664361,107.538698886329,17.5646748963855
84.0615121100587,30.0255336837459,108.375233087892,17.4302330009224
83.5747283654601,30.4011688468227,111.727869813751,16.8431620585095
83.7556283705477,30.1958075388466,109.746443431752,17.0590944136951
83.9799781612387,30.0146915132135,108.454810865007,17.3322936709542
83.9442487894258,30.0626315919616,108.7325662964,17.2879925263757
84.4586309353591,29.9731547499791,107.525984036671,17.9101992864074
83.8371872683378,30.2065768368114,109.611527179232,17.1572340299371
84.6928877703965,29.8995973500174,106.72099494462,18.1951785356171
84.3415286325714,30.010154996741,107.923172720642,17.7680736435533
85.009174528727,29.8397662921877,106.285375101112,18.5782062662235
85.3992776460038,29.6906572887959,107.104805195173,19.0553534695989
85.1628124823107,29.7572625508064,106.479619166823,18.7674088023339
85.3528905104378,29.62833451711,106.81913985243,19.0047144047224
86.3041399938472,29.6376498151034,112.809592380835,16.3903281245427
86.6705013569176,29.5769159662378,112.270098813816,17.2528544452468
86.5481642720844,29.5960451284342,112.889564527021,16.9625508255849
86.1825138335643,29.6602796346386,112.527993330676,16.1090361878123
85.7568332981907,29.5997549724047,110.391162648049,15.0016457075371
86.2394772240313,29.4997685061328,111.285639281149,16.1113841370496
87.3318277458945,29.2426439668759,106.495318482154,18.702811488261
86.9343152144181,29.4311434177588,110.394445778121,17.8086195194309
86.6001647021061,29.5510830307716,112.226287152441,17.056053725313
87.7008180045969,29.2049038465975,104.576874842619,19.6290084959639
87.5867275357515,29.0080840978988,103.265690094185,19.2196716613753
89.6359696763971,29.1210444454095,98.6637300246531,24.5805668469578
87.2002514278216,29.1508244446696,106.147275958126,18.3095285065509
87.5477418856206,29.3594329287972,106.532605369527,19.3222049025505
87.7854980067912,29.231090463213,104.437940827989,19.8598702392879
88.162281157174,29.298376186003,103.213230031758,20.8603861265694
87.8238584471815,29.1928839460073,103.954904479604,19.9381749159298
89.8830622890051,29.1125604539139,100.217821864182,23.2303074203666
88.0700227916469,29.1698594909475,102.72028814296,20.561523253831
87.7934419979782,29.3337775977601,105.252827887747,19.935577157038
87.2128407483295,29.4677070007819,109.095292104994,18.5391354759835
88.2007654545473,29.2608147515825,102.671084788581,20.9405283069601
87.670576163729,29.3464328541143,105.871100842895,19.6281199754787
87.284344878805,29.4944069181502,109.023231704499,18.7386542982569
88.1968619568783,29.3635834408992,103.663442269354,20.982889508139
88.4434372490593,29.3433053777396,101.857299009544,21.6036841391982
88.6408579156783,29.3638451199324,100.756121190493,22.1195051148704
88.8139110966146,29.3203118600515,99.2218217504318,22.5429261153478
90.1271597449318,29.3077219882936,101.385162729986,21.0144397564792
90.0505738238445,29.2768358277039,101.772143684991,20.7134134371578
90.6220406793795,29.2824085011663,103.075415426771,22.619485320623
91.6167781364297,29.1522783194477,98.0102176116224,25.8246693017057
90.7457035096506,29.2755347789729,104.482945648203,23.025264744864
90.9881982879447,28.8530069465176,104.143318979019,23.311726017348
89.4208217777581,28.9912421103624,97.5682762910593,23.9545454405508
92.0958837968493,28.999784899894,89.0224030983087,27.2900852742385
90.3705693999538,28.9882351440833,101.80256692628,21.3524036781135
89.0569318380515,29.1056854115392,98.1857179494434,23.0804105225847
89.8764312992468,29.0102924302242,99.9368362603038,22.0255559375936
89.0181130000602,29.1412317604548,98.232314248302,22.9934081183301
90.0065722388676,29.107728290612,101.755241393709,20.3123749219804
88.9333710712174,29.1107200927806,98.4267259978527,22.7628415775065
89.5444925452729,28.9873857457713,97.84908856972,24.2771582018132
88.6863738658879,29.1231605290194,98.5146421892942,22.1301181248943
89.137403338421,28.932397574639,97.1208009672074,23.2037181216724
88.8945854018636,29.1464668437069,98.1699637933635,22.6765200501307
88.6903453903403,29.326926414956,100.051141455338,22.2285796121108
88.4503446746831,28.8322335806481,97.8788507394956,21.3931561003536
88.5699140862788,28.9261947423691,97.7782122324375,21.7324785643213
88.903654740229,28.8398250487722,96.9241120550074,22.5718717019006
88.6930211079268,28.9186854203452,96.9024887638763,22.0491944066831
88.9422687185682,28.8040441444716,96.6497672590459,22.6624612096434
88.939397236733,28.9062548479528,97.2561587017882,22.6826998468908
89.1884717010538,28.7943029498724,96.3097701082601,23.2993028756221
88.4043647903502,28.7674416485623,97.6148792642705,21.2554999480105
89.4347288631212,28.7860977321226,96.4311783341209,23.937278570031
89.0582131842988,28.6969988826093,95.126983272714,22.9392584436286
89.6809752790004,28.7780659849377,97.0106781231994,24.5753631528898
89.3890540630638,28.7193305388253,95.7731121679824,23.8047825852188
89.034908455536,28.5276099626991,94.1874686444421,22.854766132335
88.8252620476669,28.6053425423575,94.747025062856,22.3149716465426
90.0064245647644,28.594975270124,98.1085448993605,19.6456837696729
89.6742024315148,28.675826008268,96.3357947855587,24.5388662194896
90.9888908103606,28.6480812328903,102.252895412817,23.1146570327734
89.7973817175612,28.6714904385093,98.331212162928,19.9814275540898
90.4213192602737,28.5410536294116,98.8291140859987,21.0384174404241
93.1524093098922,29.1490831186932,68.1602076445287,33.9041168709065
89.5557654417777,28.8846182961737,97.2485583681139,24.274552329016
92.0156588210069,28.7492117513348,88.7479840164767,26.7900074681015
90.1250944100165,28.8975283877465,100.233695322506,20.4037503592676
94.0368592621993,29.9225928014958,63.370227523698,38.1858603861349
89.2728921705519,28.825477760303,96.5816138455128,23.5262388873801
89.3843783712113,28.9241517697247,97.150364389171,23.8410658346467
90.0390218162021,28.9696509404878,100.656376647693,20.2064192209598
89.67903969093,28.8805969289828,97.5224459028189,24.5932183802486
90.0487448040494,28.866679517726,99.9977527942666,20.1048384914458
90.2484567044799,28.8917643534209,100.00037528317,20.816537981384
91.7724896203217,28.8218165487406,93.1655742185567,26.0011267320506
91.5261012849183,28.7070934134297,95.6666991797025,25.0414762260577
91.279914956297,28.7067129964188,100.069327136744,24.1819617060688
91.9769925865094,28.7771956421647,89.5685193094857,26.6767824404558
91.6496007492977,28.8136105015269,94.7329106685641,25.5662367864854
90.2861197126427,28.9583066499447,101.306720801632,21.0272687043255
91.2408173038028,28.7416253812877,100.889107878286,24.0779939141024
91.3638822011109,28.7398186207244,98.1938001145666,24.5047725475799
91.7310879383632,28.4449622054603,90.651450621031,25.5946647699513
90.9893090746194,28.5455846144033,101.200953271579,23.0297307556141
91.9709015006586,28.5729020380976,87.9573713442574,26.5213122699081
90.9108812710122,28.7200695485858,103.294196766753,22.9103901611124
91.4813215452331,28.6381122774852,95.4537720476048,24.8275023534648
90.9048899861633,28.617868186833,102.31397768967,22.794593533016
93.8251412564952,29.2809390634529,60.7938093856816,36.7777179044562
93.5293402507544,29.2960315217739,62.9622631759766,35.5623014557392
93.0116367674514,29.1111370932168,69.2746250718192,33.3106221686107
92.8286466125632,28.9927295188481,71.2508094525775,32.4738688302103
94.0337961970224,29.8202364133506,62.2816090069297,37.9866727558911
93.6609517425925,29.2431635996593,61.6614177244119,36.094687091758
93.1184958327718,29.1649191541311,68.53417389574,33.7868416451808
93.8656114139167,29.5749977464901,61.8694842183222,37.1591237849026
93.9353024085153,29.7545901978075,62.5354779111878,37.6289981213865
92.9401141376529,29.2445808501419,71.6733565146594,33.1675238817501
91.7284517238743,28.8523478515199,93.9780789220599,25.8763809234439
93.4311218737452,29.3379306956189,65.6441129718495,35.1944538001051
94.0717609456287,30.0129512717954,63.8249368315239,38.2882855867629
93.9382956544705,29.8568643750999,63.1316943582618,37.7656620238274
93.8711297978961,29.779238933021,62.9746511820203,37.4120135396348
92.2214745349017,29.1268133830701,87.5474338209634,27.8484161919967
93.1212751808006,29.3674278897332,70.250120044431,34.01230324977
92.2163010576704,29.0242578211231,86.7190670119993,27.7295790161962
91.7736537620091,29.0256722531022,94.8266646656969,26.1999203975719
92.0131975519982,28.951942677022,90.2764455885812,26.9565801183713
90.7860731229059,29.0340778665475,103.698287299666,22.8318101948314
91.8519392171705,28.9650009631644,93.1032464794245,26.4105942160937
90.6236434134519,29.077188481662,103.725849457173,22.3475145084872
91.3641396656715,29.046519869999,101.679149427163,24.8237232144584
90.9154733659871,29.1298010775269,104.624396388279,23.4051661862119
91.032869120194,29.0217742035136,105.04002054361,23.6548058082015
90.9877482596051,28.9555013444635,104.817452281408,23.4207023081999
93.057188827936,29.5024709210666,71.9111368341547,33.9198016951308
93.8391745584983,29.7918147252131,63.372764553667,37.303046898572
92.9513959800075,29.551738903836,73.5002505039261,33.6228138236046
93.5470123195128,29.9087446400376,68.784783522532,36.4055831761483
90.8763837585674,29.1659874640789,105.326997906516,23.3194566815218
90.9937158045053,29.0576960619685,104.341514090089,23.5738999386783
93.3730487777233,29.6723468243161,70.0937485238718,35.3606707511919
93.4446186439545,29.8476129557952,70.2775615589403,35.9290593665275
93.6463468540749,29.8695359293524,65.5778349314767,36.6739175754833
93.8462397171433,29.9969176510544,64.6792769486804,37.6048163576148
93.9768351683235,30.0495421619067,63.8700891004254,38.1665302310594
94.0434751911608,30.1275481709211,64.2266492189067,38.4637860801547
74.594394079983,36.0931580542925,135.081435842239,12.2447302046263
74.7004084361012,36.0098086892274,134.177856468027,12.4543275713108
74.7754283753596,35.9206635829988,133.367821747551,12.6215029505363
74.9691636653578,35.6483480041739,130.930071991596,13.0887367595554
74.850535620138,35.8316016128688,132.548760530269,12.7908214567761
74.6757811462961,35.8673668369147,132.845166798931,12.500742447384
74.6011422564018,35.9564610775258,133.621842679029,12.3317192651181
74.9752732703571,35.5118527021822,129.728891599159,13.1907801162555
74.893988324473,35.7371175719362,131.696720870857,12.9162400261435
74.5823063261378,36.0218462845279,135.380806428782,12.2770355586103
75.2019902545642,35.2467625199609,127.349170644348,13.7240398220378
75.0767597060693,35.5651291303606,130.184744630595,13.3079032646085
75.2722694772195,35.2949807838186,127.699535753213,13.7895830442837
75.2588011456637,35.2242317225022,127.02878242708,13.8251480389072
75.4592740291997,35.1248487980573,126.008293185383,14.1958297785538
75.3052077058229,35.300237007204,127.758826044536,13.8345171405593
75.2287584439893,35.3883262551405,128.573010840282,13.6569674582858
75.1526248419127,35.4766331939705,129.220794104103,13.4798281773609
75.0445489915187,35.5597310671662,130.148005163189,13.2628312003712
75.0011410167951,35.6538000320791,131.02757062417,13.1344081639475
74.9257557719121,35.7426372552001,131.779522409747,12.9613610550307
75.4257617594214,35.1196311190926,126.071486637504,14.1514999493021
75.5671292076124,34.8750846099897,123.843329807705,14.554686509962
75.6943694069092,34.8644365487261,123.323048830507,14.7459081967979
75.6597971164015,34.8591460211466,123.422245020538,14.7011849646455
75.8546233673455,34.6932053418293,121.401731689996,15.1188689773027
76.0649235910903,34.4352749848199,118.355854667648,15.6419629988669
75.9360240612351,34.6084674784988,120.309739975656,15.3073802064931
76.537056079091,34.0383053773354,112.363142655413,16.6657381250839
76.2721218719576,34.2770459423665,115.887107378213,16.0751463711667
76.1489106490959,34.3526026840878,117.218789389462,15.8334583798724
76.5059491151514,33.8990874541731,111.682453469175,16.7520077629788
76.3205635267199,34.190006550573,114.876677665429,16.2222598659165
76.0500830014739,34.3652389091765,117.960161441759,15.6849807386632
75.9820428025249,34.5187490655819,119.475078806434,15.4513075879616
75.8256194582802,34.5527549681728,120.453775192756,15.2007153998978
75.5370171684914,35.0376302837053,125.14013325648,14.3776425224173
75.5091040884392,34.8966062644629,124.167364245109,14.4525908003742
75.5031848254586,35.032410447307,125.219135542482,14.33318070063
75.5811647575965,34.9455609007696,124.261257196907,14.5163401339298
75.7740993103873,34.7785496614329,122.326096785179,14.9301267286121
75.8076491163664,34.4434334608954,119.761480323054,15.2642751131577
75.7391285627295,34.773202012853,122.364616694507,14.8861393540033
75.8192256578582,34.6877791513802,121.495420230233,15.0739875650966
75.7248175774131,34.7028673521267,121.965927198415,14.9267409457447
75.8047801690566,34.6175173813861,120.974043295934,15.114285255886
75.9888522277533,34.3842532115215,118.441124324445,15.5814892318653
75.900169816137,34.602939613013,120.427089123737,15.2622624540652
76.1162731479232,34.1730124499369,116.109598233335,15.9472578076114
75.9673327367135,34.4486365827927,119.006295890086,15.4939160143784
76.2014502250096,34.091249946699,115.084992573289,16.1435691911405
76.0719866507194,34.3010834244024,117.363947893757,15.773740063325
76.3929040225711,34.0404394365063,113.450843763831,16.4626139480081
76.5795767244062,33.711890540138,109.673767991301,17.0312533187883
76.234115477667,34.270831753136,116.130441608236,16.0279664749127
76.2417963714714,34.1373519450534,115.172147892531,16.1607596093706
76.2190101135128,34.2009477880093,115.777679122004,16.0725230688766
76.2242871632136,34.0276284100311,114.510855251914,16.2337021099573
75.9494760587022,34.3391615122248,118.213197828612,15.5592289055205
76.0986440933367,34.0633652257669,115.525342377763,16.020988728428
75.8676558828246,34.4233686134562,119.300234697541,15.3690359959194
75.9067555455734,34.4681663514043,119.492448464689,15.3903710764834
75.8709940319494,34.2493144503332,117.998311315432,15.5263244768789
75.8888570302626,34.3587470340832,118.667140691299,15.4548552035173
75.7093335512728,34.4195096255196,119.895674875,15.1425799300273
75.7067567368388,34.59369242863,121.200629395704,14.9903328136457
75.4909453901895,34.7877483878447,123.220689113994,14.5125086651943
75.6094386771262,34.5706101433897,121.339600395518,14.8666961585213
75.6275144411741,34.6796801486326,121.976202052426,14.8022496059194
75.6659042538871,34.7236949509772,122.366181538901,14.8255466866685
75.336471030549,34.9625056334265,124.889204807789,14.1433647319782
75.3952972770955,34.7662208484364,123.293346749757,14.388095686196
75.3169795820656,35.0279405504312,125.462314444546,14.0621866743344
75.3351971193584,35.1364850100471,126.346966348951,14.0068927540195
75.182757391081,35.3122182941947,127.959898770606,13.6467941936603
75.164532167905,35.203960560588,126.85767860128,13.6976828659535
75.4134530992081,34.8749567646562,124.03477995655,14.3274831428239
75.4316389275647,34.9836850171461,124.974243561381,14.2678618996055
75.2405767693035,35.115828853939,126.203260047454,13.8787957791934
75.2781459930992,35.1588041201339,126.462389182206,13.9023479759473
75.1261534715564,35.3349401476677,128.177471751739,13.5442691364695
75.0887934947753,35.2923033880945,127.802490087218,13.519118691628
75.1201862381375,35.4712914868277,129.232164511552,13.4361626632884
75.1070145189491,35.4004130734732,128.745462139959,13.4687553719661
74.750486903086,35.7783437443093,132.061229381189,12.6711287521137
74.6691829212059,36.0040354149144,134.077020473676,12.4091845870974
74.8063967709827,35.7548730035689,131.830708435847,12.7712551292785
74.7440299663176,35.914979399788,133.294570820795,12.5766349647257
74.5830500597203,35.8493907470879,132.604096505383,12.3692585339236
74.7316262289305,35.8437890361318,132.648349429044,12.6009516495233
74.7134846658295,35.7364517499077,131.572324507591,12.6399531162718
74.9001932299866,35.6005641327156,130.529730086701,13.0162471411029
74.9570767256888,35.4039943894428,128.77586658529,13.2389162310835
74.8638516767455,35.385154847777,128.591230828565,13.1121319566769
74.8630884141779,35.5583978270004,130.08683241985,12.9880158396964
74.5461464641019,35.8078139885754,133.985667749018,12.3582546277988
74.9562946660306,35.5773428337803,130.25633440255,13.116291816019
74.9380941217112,35.469536023004,129.340184792526,13.1638440567636
74.7700902895672,35.5398827365044,129.922178641684,12.8593766898925
74.8071182851,35.5818567373428,130.248900567111,12.8864498292953
74.6388201162902,35.8256061285654,132.395286471407,12.4692293999079
74.6207239749586,35.7184306808708,131.370604681702,12.5104430130866
74.8510841077656,35.3141431026416,127.923971072513,13.1343892353591
74.9951290639125,35.2728687413538,127.624153612546,13.3926016296514
74.9389045883855,35.2961343717952,127.84107778125,13.2908307766208
75.0765415664352,35.0477856634811,125.735442186405,13.6755009443837
75.1655847035795,35.0301417262701,125.549457949602,13.8341963156231
75.4589057752889,34.6083738063555,122.083146371205,14.6046874113691
75.0141999805366,35.2072848416753,127.104511823003,13.4706886935076
75.0705985692986,35.1841903123846,126.888942890715,13.5736767134869
75.2599325806241,35.0503516700335,125.663627409184,13.9593207234021
75.2987909514259,34.9193897150279,124.555173616618,14.1204869909801
75.2417473272569,34.9418935300213,124.841760928789,14.0183475523812
75.4529596400053,34.7442300916937,122.897801381876,14.4903169989568
75.1955073187647,34.8659487306628,124.23723275256,13.9966329249198
75.1821289982206,34.7951813521312,123.703240371702,14.0359859119607
75.0502381652623,34.9060660543886,124.648060916246,13.7471643783124
74.969127777918,35.1310268396457,126.441576858521,13.4494852462987
74.7889769059095,35.4743092278904,129.340967499257,12.934623475075
74.8449271921761,35.4507452417869,129.140593044217,13.035780161486
74.6272532289372,35.5817198015743,130.1116411449,12.6031270942164
74.7512398568046,35.2610403748668,127.434078859641,13.0165140564176
74.5649775337141,35.7423237202143,131.540826096899,12.4094054122185
74.7017588677354,35.4924356428198,129.416565902058,12.7819724776012
74.639565420919,35.6529081485943,130.830231592919,12.5830919912584
74.6953644694421,35.6291160819244,130.66541453565,12.6844629067066
74.5528194474347,35.6710773518614,130.887758973339,12.4310739944216
74.5840400252024,35.5047523197483,129.450892566356,12.5845468729989
74.5099252030771,35.5939624010755,135.971698327857,12.4783414572289
74.6582207802354,35.4156119096685,128.65346353463,12.761550665307
74.5962307298516,35.5759960766204,130.039743484934,12.5561490814873
74.7331643956304,35.1534973838326,126.476799753513,13.074085327527
74.6027413104737,35.4392898307491,128.867040044076,12.6588646884168
74.7887809956639,35.1299435513865,126.36867781091,13.1761139597953
74.6769419588774,35.3501214714518,128.125595754049,12.8374012287628
74.4919115658268,35.4869594946972,136.803461268846,12.5873502315242
74.8075737318386,35.064360462972,125.801380798443,13.2571844794971
74.7324899934227,35.3265538391963,127.965940167949,12.9403099743357
75.3933927011124,34.4237350133579,120.67499835156,14.6699232609244
75.2581136413606,34.7073396570818,122.997027335843,14.2218299319614
75.3360128977878,34.4456779670034,120.849720568002,14.565507634402
75.2013714719112,34.7297159077669,123.181014788431,14.1180582929692
74.8256640544117,35.1720630668127,126.766196579792,13.1976868262214
75.0130951192297,34.8634635153057,124.29242936451,13.7274721809482
74.9570173073479,34.886538138765,124.498788621076,13.6260629876402
75.0312137504591,34.9715800766472,125.08490485694,13.665425957978
74.8814171579204,35.1487548003032,126.551282459439,13.3002233382544
74.97512500408,34.9945532757811,125.304205438161,13.5627986261511
75.1065136508388,34.8832726167952,124.435998085905,13.8503833070768
75.1372764596248,34.5452635645996,121.748426500204,14.2278337367294
74.8195202821232,35.3086625316733,127.863769861066,13.0865500498265
74.8068740772759,35.2375930977062,127.283332896456,13.1194942265998
74.9561851800237,35.0600767011377,125.78904558079,13.4819076414745
74.8942125685433,35.2197650654116,127.168805288566,13.269018187454
75.7752669609996,34.263865394594,118.543076774633,15.3683235813521
75.8096096494166,33.9292841662641,116.079340117338,15.7262232654862
75.8207128417749,34.1735759410325,117.671906002727,15.5150467083372
75.9921877408816,33.8717553129321,114.825437450528,16.0406637842128
75.7400263544709,34.2584014317519,118.333885505562,15.3199249024814
75.7256918899285,34.1880941873322,118.101748817749,15.3635939011965
75.6665016946305,34.2085214197798,118.504532300886,15.2599949420181
75.8700350774226,33.9097323639542,115.627175731785,15.831861416545
75.5873389687196,34.294286279845,119.211757723188,15.0657359748068
75.5491360888203,34.2502624652481,119.271916054748,15.0521224221135
75.3540825157061,34.5544273827261,121.692806706093,14.4940489490053
75.470928263669,34.3367743686437,119.964448263938,14.861622172616
75.4311953014548,34.4672873983181,120.847863629525,14.6840192458653
75.4909215041219,34.2715461955608,119.539433388647,14.9491777873134
76.058809704183,33.6797864864257,113.381369333677,16.3195663937711
75.8877577910373,34.019252690663,116.282825502836,15.7511570840535
76.4743644634677,33.345507689489,108.556907150352,17.2316387534652
76.24825826633,33.6278498277879,111.772201679604,16.6351769521897
75.9526708863274,33.8262990350813,114.8266550527,16.0283910262305
75.8273761373895,34.0387460326753,116.659177827466,15.6478278626424
75.7464867855653,34.1233197216265,117.564274951898,15.4527921725596
75.8062473090591,34.1033383160684,117.179605248783,15.5557505725179
75.9850264828566,34.0060012369512,115.673286481728,15.9050066816248
76.0539693226397,33.8533789377895,114.313375144376,16.143999151329
76.2250078842185,33.6911144666331,112.115698251779,16.5403743486623
76.1538415691971,33.841714175545,113.535331717016,16.2983887467467
75.9023533387664,34.0894196844745,116.794139589529,15.7097307088475
75.9092508954784,33.9548682760419,115.906299846661,15.8443992192538
75.9385513500515,34.0951315293774,116.680482315676,15.7595632362662
75.9703017828567,33.9359058606953,115.34585750413,15.947263057935
75.9532572096381,34.1652222460039,116.903090701338,15.7171537714443
76.0217458433356,34.0118744301842,115.72952151538,15.9523133242773
76.014586524564,34.1461086245532,116.53608540882,15.8263336019687
76.1061103993418,33.9294765652979,114.695215856484,16.1490955776516
75.7897133784704,34.3340995717006,119.052240804074,15.3322912110421
75.8564174189527,34.1791514944219,117.651372783206,15.5648484834918
75.5811881653404,34.4297959901171,120.421177645652,14.9379151679224
75.5671199569001,34.3593527730825,119.775050760731,14.9773883173949
75.4252509641434,34.6031473878924,121.943293554979,14.5580298114119
75.4889538513388,34.4457399894396,120.587817569333,14.7861335395321
75.3481926268131,34.6904294943764,122.723041874586,14.3698913940132
75.4114530669572,34.5325711639186,121.378704490979,14.595973300236
75.3756281520481,34.8316450168802,123.717960146117,14.3049663557762
75.5028865366579,34.5162495229777,121.133185674462,14.747539444845
75.3182962149517,34.8539059962876,124.022235097759,14.1995917867378
75.3815208252526,34.6956456387435,122.83658429648,14.4160630985613
75.4728176103987,34.6788818716802,122.544190812645,14.5743593443354
75.536904795448,34.5215104987971,121.202904272053,14.7930666765056
75.5509527575186,34.5919518235014,121.65665408893,14.7626872975389
75.6155894320235,34.4351060672153,120.354847094222,14.9856067894527
75.6297718520728,34.5054795417057,120.779321100542,14.9485678455433
75.6478216681317,34.6145925169964,121.623052920576,14.88685225807
76.0542647715162,34.1914951511875,116.610017184834,15.8414819378441
76.1210777805474,33.9994234045533,115.096868330323,16.1112150807194
76.138658934414,34.1090990682866,115.482335194905,16.0363201207692
76.1839293755499,33.9815358580048,114.37697890192,16.2175577934375
76.3111850153268,33.9471362474441,113.54300585777,16.4329855866713
76.3821600644088,33.7578336773216,111.426304633972,16.7064221569299
76.4474589994686,33.7420333759902,110.895345259604,16.8159235594835
76.8799394149874,33.2259789945975,104.895041726848,17.9162580979464
76.7325025934806,33.3813185146045,106.658473058746,17.5601026367056
77.1330541718417,33.1607368260334,103.066815977102,18.3516397244172
76.7849190861678,33.2991531014094,105.723252462526,17.7095103919598
76.8168641801988,33.437936957456,106.381294139721,17.6305421004908
76.8430184899747,33.3767321896236,106.035570397335,17.7271267592302
76.7650261357003,33.560669681004,107.581916605833,17.4377486151688
77.0729914325853,33.0826157015857,102.7790630382,18.3280593986672
76.9121675201128,33.3646237933202,105.631444596581,17.8371208931651
77.0085316722425,33.292349229888,104.240532005982,18.0434166757378
76.9550850419888,33.4137229672343,105.43304999288,17.8492509030935
77.2148234035305,33.0214134325736,101.836949842177,18.5968025492457
77.1058058709346,33.2209976389799,103.63384132547,18.2532799148742
76.6909749985572,33.3733538143055,106.813836440137,17.5037445696142
76.6548945425426,33.525807868848,108.315878442011,17.3169717528424
77.0191414314972,33.1625873308207,103.628238074493,18.1797318271148
77.1383837735055,32.8330055170015,101.238217003257,18.680401741741
77.1165830988207,33.091577702029,102.615935648651,18.3843257864221
77.0354648838081,33.2318115476623,103.819847456825,18.1423410294079
76.5626567685368,33.602005504208,109.224649295726,17.1107856804351
76.6295961098797,33.5877058337484,108.613947696469,17.2217658784234
76.425420932064,33.4703426665587,109.440751646115,17.0359406613465
76.547040615258,33.5324350064398,108.931535256164,17.1533727966217
76.3668010441934,33.6881083672931,111.292223966077,16.7489108765603
76.3583225648554,33.8208293994019,112.209841780073,16.6158226690021
76.2786078301857,33.7675424083209,112.422352608468,16.5488919479949
76.2938389116383,33.8373443008839,112.594871596807,16.5062125178174
76.3277125974894,33.6813032024442,111.445411956796,16.6965565865406
76.4562854004106,33.6097338446783,110.216204110772,16.9506115238676
76.5159192058361,33.3931974520086,108.343726785775,17.2401526592454
76.4165930501056,33.6026612088058,110.327466152948,16.8977026911331
76.6751961679392,33.303839666403,106.524001767534,17.5522041920282
76.598199630197,33.4486317337999,108.230081982691,17.3034225561907
76.4991037243848,33.2832598877058,107.907304036842,17.3280211689328
76.4012148097053,33.5329277956875,109.868265391341,16.9410320636217
76.5825644004322,33.3790519949012,107.939391182147,17.3490533655454
76.5658339411787,33.2691057900609,107.290102509364,17.4325161929222
76.3841883875217,33.4230316169616,109.288626784714,17.0276966160161
76.336192591793,33.5485645687767,110.673953655645,16.8341386706965
76.7690056987316,33.2297129498078,105.592808320917,17.7565865145271
76.8476002949742,33.0466185601268,104.014923302089,18.0532987010375
77.0566525344478,33.0133815028717,102.546194991165,18.3763340607769
77.067808222926,32.8431206247625,101.537634612289,18.5719077196921
77.0837787125736,32.9531730962229,102.056595503781,18.4762639991574
77.1542924809458,32.943071857306,101.558512826187,18.5833518001612
76.98662772336,33.0240504820921,103.264802817906,18.2690658048839
77.0406252213276,32.9033447933255,102.020158214762,18.4700410308781
77.5642719435256,32.499726381398,98.736658510001,19.6214574810996
77.4356613639208,32.6264088972218,98.9246145829666,19.3083047988676
76.9225614152928,33.2344826361308,104.507856272449,17.9688814311128
76.8903391576555,33.09581495169,104.033451151974,18.0619862783148
77.3137596987864,32.9520089874941,101.066419542561,18.803647487214
77.2803385574147,32.813835795536,100.405621650885,18.8944579021775
77.3516762817411,32.8047468818819,100.300011526581,19.0043285732697
77.2693081723635,32.9426680186691,101.129037005174,18.7458972396276
76.9760100720451,33.1538351894145,103.79563326398,18.1210840578435
76.9598154271184,33.0845340204973,103.616714638335,18.1705488356599
77.5685837685121,32.738121149934,99.1408088415034,19.3756970060566
77.8693028152245,32.3021443768149,98.2399198600744,20.253375791122
77.7535181820397,32.5362852616265,98.3325083530695,19.8436185216406
77.9431201748491,32.296265454006,98.5810669946597,20.3613036094626
77.5797775108982,32.6100381274966,98.7107650635329,19.5248719658193
77.5359004134211,32.5588689118237,98.6995825389991,19.5184478441894
77.4512829455641,32.7366213288999,99.3768777394896,19.2122842800622
77.6366989022897,32.4919969321691,98.7340330189177,19.7285990261971
77.5514471088975,32.6691486808253,98.8629804148197,19.423163370086
77.6807282692882,32.5434521665301,98.5490877905844,19.7346972655735
77.6652886347756,32.4330644320982,98.5469568913443,19.8323204241569
77.7493969839843,32.2981747762738,98.0168218471629,20.0948530941331
77.7823028475378,32.4776198782561,98.3973765540056,19.9450122682127
77.8555452715277,32.4710540054438,98.4726226402208,20.0525636589081
78.3042478560526,32.1660700649163,100.148163455906,20.99466430482
78.3663603745217,32.0539889058694,101.782277901017,20.6320725072284
78.1974569967895,32.2252626920777,99.4969738613937,20.7862076489164
78.2585068889919,32.1118166025115,100.131358990229,20.9905874023359
77.9878019089494,32.348826379214,98.5264111652206,20.3660740719569
78.0470349621167,32.2332141604477,98.9379113702664,20.5711357456043
78.0920265308574,32.2862683968689,98.9840022512901,20.5757690995702
78.1824076638591,32.1145954858625,99.6900452457401,20.884404249373
78.3812135486003,32.1646062672823,100.538913728344,21.1009927688152
78.5076763133003,31.943483161846,104.463002944092,19.9339240330685
78.5094810239523,32.1779535994995,103.070860806186,20.2262613225976
78.8264406338918,31.9548494853246,105.700148505729,20.0396308968135
78.2920868293528,32.2914564087823,99.5619817208638,20.8502509650813
78.4125113669826,32.1089260735463,102.323655612306,20.3717538499969
78.4000343767079,32.2336281770878,100.187067201766,21.0596571033558
78.4904325287985,32.1088977377583,103.602749179595,19.9174489515377
78.1855741801386,32.3512510069337,98.8772665171399,20.6397883725439
78.2734974138105,32.2224706395853,99.7655455792592,20.8933982009622
78.0238330505923,32.4866745658554,98.3444171386884,20.2763748416668
78.1672144799614,32.2822966506121,99.2798675188202,20.6827846012558
77.9763181802796,32.4757545663442,98.1332850440083,20.2181188721656
78.0622376939188,32.343840325321,98.6922755496644,20.4742810035429
77.8732499633296,32.5399650500557,98.0743301215618,20.0074332102333
77.9584020030539,32.4068382802742,98.5363877768371,20.2626058557466
77.4682504765297,32.8056363898031,99.6795760711923,19.1647567877947
77.6521782448767,32.6023508853281,98.6721539221044,19.6317997463024
77.4794048035039,32.6773149735519,98.8409980708552,19.3132882042485
77.4133305578574,32.8833178051214,100.45619988756,19.0161442247161
77.4022385199687,33.0118572934621,101.099597708828,18.8792284773644
77.6694977941657,32.6712955026875,98.3684161427867,19.5855608772832
77.6030459296215,32.8760214338192,99.7683715343946,19.3001455622415
77.7710266581798,32.6052088821599,98.0959915085058,19.7964418898669
77.6315283315885,32.8168943679601,99.3626829688069,19.4005349318536
77.8174971020477,32.6154565220619,98.1942787611107,19.8548174982946
77.7330412150094,32.7502387010397,98.7561483617632,19.6106714317187
77.9202140357568,32.5505109921534,98.2063580719984,20.0674906194885
77.80625055867,32.7430268697318,98.7440070936107,19.7210087862475
77.9381271353168,32.6194191873507,98.668807774875,20.0317817314048
78.3604535444914,32.3730852498605,100.463434586087,20.8701775613998
78.3755410585171,32.4836527249569,100.125130363959,20.7793505683439
78.162174106951,32.6036747268841,99.2245149649052,20.3599802549439
78.0573658049084,32.6661321710721,98.974189286509,20.1500762561517
78.5605828859976,32.1921298796129,103.964862053063,19.9471073752957
78.4694020866075,32.316041965339,100.909364943275,21.0798935902311
78.3295048182086,32.4294312021157,100.476682944423,20.770164754003
78.2681843979508,32.5427657856918,99.535647480743,20.5694202096466
78.2529715520093,32.4321769661223,100.116182222885,20.6610554406676
78.2378046363284,32.5997431399546,99.3422552037588,20.4692533514584
78.5798372279081,32.2611808432669,103.313428070529,19.955381512641
78.5626467374734,32.4264732569162,101.237507683185,21.0967613397744
78.2225333432135,32.4891636798674,99.725682977697,20.5618896706613
78.1468569587408,32.4930976442401,99.3459960601167,20.4509959094023
78.3446583489985,32.5400007806477,99.8140303228086,20.6782841653914
78.253140486017,32.7102960198131,98.9247754349759,20.3789525529147
77.9243960282616,32.7882198700869,98.8256241579893,19.8403341410262
77.9691313638197,32.8403467709892,98.8859829989844,19.8497677579927
78.5946070308382,32.3715860236867,102.532217878843,20.5718555202221
78.4680036663154,32.5926863488421,99.7606055699426,20.7974022786688
77.7356599731083,33.0297170949843,100.151787970775,19.3313690011208
77.9535990055749,32.729895754783,98.7336922185259,19.9404608973854
77.7486364897048,32.8605695527417,99.1168926410885,19.5194670410749
77.5339432267043,33.1638930705525,101.455759933339,18.9127596169583
77.7642892994661,32.9708757907265,99.572851998191,19.4299527317161
78.0278277075472,32.7240911045003,98.8177797312836,20.0501242607879
77.8663265112242,32.9051464697913,99.041628272394,19.6399480210771
77.9399692685382,32.8986394788752,98.7175374144257,19.7505690209585
77.8507327641986,32.7947657539359,98.7811447301888,19.7297664720226
77.5463421507188,32.994453452919,100.412080459612,19.099385468882
77.7043346202262,32.8091474643536,99.1586815370012,19.511111073473
77.5306188915123,32.884268930475,99.9233165732879,19.1896314148962
77.9088829440917,32.6777747849925,98.7160823265609,19.9310673287074
77.8351980020811,32.6843599199413,98.6854483715085,19.8207923828209
77.5023575687823,32.9436063737948,100.409214278328,19.0901820546184
77.5181232270952,33.0537614777465,100.78504090988,18.9995294750618
77.4302890444517,32.952324762682,100.704714233648,18.9799742165742
77.4460882725075,33.062446881587,101.495963135967,18.8908236205487
77.330546264713,33.0210570588019,101.278746146744,18.7693381284526
77.2474382329185,33.2005453972465,102.696831804309,18.47127204998
76.9387395980382,33.3037738092453,104.991719285397,17.9350399845133
76.8595017468026,33.4866658229678,106.850676950501,17.6456802356356
76.3993704613325,33.8676653339827,112.224619108374,16.6309802155121
76.5378730374721,33.6643054720277,109.992756708832,17.019193934277
76.9285733222702,33.4745603559201,106.119910049448,17.7528108937278
77.2199351598126,33.2605106664532,103.046800316838,18.3725867624837
76.6633134676198,33.8074709283422,109.826817947351,17.0626055319643
76.6464329639331,33.6975980429927,108.945430562255,17.1374633304338
76.8334106755917,33.5478598183614,107.130246565826,17.549233863317
76.8760308899572,33.5965790804611,107.094622350107,17.5595982027811
76.4166218838862,33.9774792067819,112.777705603288,16.5533830762954
76.4888398053204,33.7892437920726,111.256050909568,16.8322163123848
76.7816994194385,33.6705707726466,108.240661988378,17.3566134854283
76.8500028435004,33.6577623904332,107.418423602775,17.4642903204695
76.5965395378048,33.8217566460442,110.349530288591,16.9527524175266
76.5548566831132,33.7741773827457,110.557102180858,16.9379895227473
77.067943966722,33.451727331743,105.162062891094,17.9708785011858
77.3186794791846,33.1908663830817,102.138685904935,18.5811127819836
77.1652912138842,33.380701059669,104.164125367082,18.1770726504298
77.3464316966003,33.1311258772871,101.750300877453,18.679821245385
77.2360214111393,33.370495438416,103.841368480431,18.2885650418474
77.4180824596356,33.1219526023667,101.765439120483,18.7912733073595
77.2634730551057,33.3105497867676,103.530468122593,18.3865537462056
77.3346654795012,33.3008902318054,102.947955201383,18.4955268883752
77.1546444297645,33.5100619099289,104.952824569229,18.0358755249116
77.5621200451858,33.1046143440131,101.075113280525,19.0110895231362
77.0411273698941,33.5122374467388,105.795173568184,17.8767646038098
77.0574668137767,33.5814372740413,106.073337846237,17.8310423982382
77.1984058907789,33.5189015914343,104.875631879725,18.088576020124
76.9450258672788,33.5844761794023,106.432932036746,17.6698608139297
77.0039814678818,33.6621163644042,106.883487636289,17.6767827742782
76.8660484721969,33.7271033106785,107.889056639344,17.4206598943071
76.9612105379974,33.6537398616579,107.098115110823,17.6254054666286
76.5718830004001,33.8840304782957,110.875487548599,16.8593512150502
76.4082741612851,34.1101692143112,113.681431231809,16.4188155794559
76.4817598274454,33.9617087318363,112.068792541123,16.6589091681754
76.3591614929917,34.1964509145831,114.88062488615,16.2719718109228
76.4474706588033,34.1168590963281,113.708088193612,16.4697208942419
76.49725860127,34.0313576426591,112.646228987513,16.6167251249878
76.5875113514762,33.9535982398164,111.46220589179,16.8158213816564
76.7201354201475,33.8845062240507,110.050065590433,17.0659305781421
76.6279073851708,33.9608124174003,111.338985962756,16.8652702087527
77.2526658519425,33.439562400457,104.260079487662,18.2434793078084
77.2969100726827,33.4486334260683,104.102326008253,18.295872356486
77.3961370218181,33.3791468117239,103.391770489046,18.5036435286578
77.4960531455525,33.3104254119303,102.571376118071,18.7134041128033
77.4339793287657,33.2320248712595,102.122975077825,18.7041877032825
77.5965913329871,33.2424135709313,101.925745031318,18.9216666204919
77.5510998778291,33.2328127305806,101.909055837401,18.8677326220458
77.6518278423741,33.1653203709539,101.162169763595,19.0769532898453
78.0728297290614,32.77664332805,98.8407291551026,20.0591451275864
77.8551811509781,33.0325777817487,99.4713352355012,19.495498603265
77.8374583257081,32.9637476096851,98.9788801877281,19.5405965381456
77.7531867184262,33.0985688656884,100.432248237896,19.2862508385547
77.3514778920102,33.369905196159,103.436989474412,18.4503911646685
77.4509546572711,33.3009829098154,102.470920069741,18.6581705801149
78.0051756631701,32.9779786274928,98.8070426701653,19.7602144752901
78.1775546980112,32.7142254991462,99.0461754948943,20.2686052141726
78.3208279577466,32.7910107305184,99.0085094219527,20.3887210557479
78.2834621004096,32.6533280366144,99.3771493789969,20.4783174481326
78.1660351334146,32.8405420392545,98.5758833147101,20.1241346977398
78.1476768143129,32.7717207660228,98.7027802979981,20.1691626792409
78.3598778102762,32.6505436007898,99.4419608555164,20.5878856406845
78.2717206014107,32.7791281294595,98.7726136351411,20.3343195087433
78.4870343871107,32.6615529350378,99.3064425973186,20.7531817262412
78.5775666753396,32.5368819366537,100.817873945835,21.0055470059251
78.5968178979056,32.6057614457696,99.8299804918932,20.9624128223839
78.2144739185441,32.8518812336567,98.6968015968275,20.1795413401643
78.0614758890815,32.9033906152683,98.5231251836894,19.9149513306737
78.6481363607452,32.6197229747206,100.212193336755,21.0175341682783
78.1093086960075,32.9142824900401,98.6325977524334,19.9699033178311
78.7599961861484,32.566716313525,103.46047384124,20.0878115147603
79.1763284822397,32.2332636209455,107.178956245518,20.1621972384015
79.1627064383609,32.3538670694828,106.866066728218,20.1488545019643
79.2164701325839,32.369962377774,106.919010561018,20.1661012207296
79.6346552492523,32.0439073312239,108.379339467131,20.3352526507375
79.7885370936185,32.1285715308737,109.002402574264,20.3848004990321
80.013496762691,32.0263129588519,109.775779365045,20.4723015460608
79.7347946132701,32.1143284371259,108.813583353965,20.3660705781889
79.4463793943393,32.2749560254658,108.172167158495,20.2530541989273
79.3722558213073,32.1913070872114,108.241708066664,20.232803275493
79.5609428213459,32.2269257423967,108.680672629536,20.2971080863
79.2775795828612,32.3065451043618,107.717020334582,20.1918781167527
79.3924132662628,32.2592528498872,108.359086746707,20.2352011827093
78.7079845358451,32.5520502965237,102.315805811812,20.4322905959846
79.0480334405794,32.4016327013776,106.070279538794,20.1063394366055
79.1426609648396,32.2854007349809,106.894742532261,20.1470841638211
79.1015398902291,32.4176552635304,106.089357170767,20.1233974992912
78.9472230047247,32.328622535436,105.787347184939,20.0776958348471
78.986960040466,32.4660442593737,105.391563405491,20.0810502513158
78.8203940166087,32.5003112205451,104.431578176261,20.0232371952712
78.9338327389162,32.4502965430599,105.308565845857,20.0644166269971
79.0280885359848,32.332985019774,106.165247850129,20.1047716173362
79.0475871428312,32.1709779785066,106.22633569798,20.1216355652354
79.1288192371102,32.1760353870431,106.947169769041,20.1494781673714
79.0615685779498,32.280538324694,106.438569631664,20.119655283689
78.9140212886395,32.3815253877057,105.430442294831,20.062840036747
79.0140038622047,32.2233437916942,106.074891584285,20.1066861840471
78.6737879903295,32.3728966742521,104.096052400393,19.9830058537867
78.6094453229525,32.4819646905473,101.291562104036,21.1058859619955
78.8047658205538,32.1578574627114,104.845611503746,20.0374144655355
78.7862105230583,32.3213633582889,104.964587348736,20.0239438895629
78.9999891468289,32.1136769733161,105.798410200589,20.108773228853
78.9330057700441,32.218803774074,105.545754962465,20.0796322429291
79.7355949892353,31.886977038264,108.724067752287,20.3838312461969
80.1497493174612,31.5054915593623,109.904431236446,20.5532272957552
79.4607203512538,31.9270214396837,108.18859788009,20.2827957424273
79.4737376018489,32.0355256296182,108.605642628181,20.2797402509494
79.8275639470664,31.9976412995164,109.058960786316,20.4073445508973
79.8151131796559,31.8897845910363,108.781651368262,20.4109866726389
79.7481374451335,31.9949294605639,108.731340523861,20.3794654224896
79.7019677330902,31.9393587907096,108.404648554287,20.3674241241034
79.5205896926152,32.0919940736546,108.788401566115,20.2920886232318
79.5881355738525,31.9878789952262,108.147150761005,20.3236762290628
79.7145973928512,32.0473601971422,108.693838717587,20.363774519368
79.6211712375934,32.1633929929824,108.854905682105,20.32244150923
79.8477829825158,32.064312156756,109.258476772008,20.4100218798524
79.9600426995768,32.0132169742961,109.561663751855,20.4533636099084
79.6009812094437,32.0960952375905,108.668632962249,20.3195974517423
79.5070030384476,32.2116357168358,108.825025826661,20.2788242770232
80.7215467881986,31.3946391640405,111.416950219734,20.7709220582105
80.4128579045667,31.6775053161848,111.077944503719,20.6400225415013
80.4002119246802,31.568553896557,110.908495327294,20.6443979370172
80.2717727596757,31.7876158412738,110.720395533136,20.5811799432621
80.30406480774,31.7331680381314,110.838596284043,20.5970286589959
80.6150491378547,31.4533563128288,111.291582561376,20.7291919941028
80.2593887897747,31.6792803838008,110.504381122999,20.5858041692655
80.0841171237452,31.8413201623728,109.993907819373,20.5107364862499
80.2916500342405,31.6246941080121,110.557866956668,20.601665507582
80.1944974078002,31.7878009598497,110.502547548731,20.5544129547866
80.5209516863686,31.6209426384886,111.319296918611,20.6825946180235
80.6284261756311,31.563609145523,111.554307606137,20.7244528668367
80.0389806889141,31.7870069149518,109.733010437061,20.4995877219648
80.170011614161,31.5715219952007,110.116078575087,20.5625682960905
80.8133329092843,31.223580684178,111.155565119375,20.8124277732898
80.6906611972165,31.4512051108961,111.435651230536,20.7554710170915
80.8884327625762,31.2209007114091,111.277987937895,20.8416373693896
80.8276282101392,31.3354542370102,111.485832843755,20.8126063723519
80.9334595191351,31.2760242075415,111.402565518227,20.8537965511633
81.0993567655767,31.1010757182017,111.043843319192,20.9235521631995
81.1307124152636,31.3290871318457,111.337946197104,20.9167670826082
81.7601784388235,30.8755142243194,109.390996329861,21.1633897757861
80.9483397744445,31.3887187911849,111.594095860428,20.8497594697057
81.0090337938205,31.2741370471131,111.379412834378,20.8797739791717
80.7970301015183,31.3924219984083,111.493739497467,20.797256414463
80.7043685357452,31.5619635460684,111.648400331047,20.751043481899
81.6982829041811,30.988570864402,109.327848180566,21.1342332908346
81.9016680785843,30.7671018497686,109.503000540691,21.218724445126
81.3169955851363,31.3517180655621,111.053644452364,20.9779234495744
81.1609293909916,31.2716313303595,111.201517835366,20.9316487122034
80.9408379472535,31.5134028056463,111.750835089667,20.8371987320531
81.0242700816943,31.3873711002943,111.526882999039,20.875747656886
80.8874843668467,31.5822257416573,111.836598642153,20.8134971855294
80.9178250923466,31.4457370012621,111.651037148816,20.834547717544
80.8337349308364,31.5712395711787,111.789421673088,20.7956412733307
80.8112360072334,31.503995000444,111.616639909149,20.7927716478707
80.5637148458503,31.7537736822334,111.569592800398,20.687631716542
80.5970971787078,31.6194692616902,111.52652214691,20.7091165378852
80.4549245922027,31.8099240105839,111.3892182841,20.6449387453041
80.4892991138393,31.6763368131075,111.261512474769,20.6668819119177
80.4017658004777,31.7985540847666,111.209045441351,20.6267258331413
80.3808836569579,31.7324283526146,111.007205939506,20.6241508910754
80.071579852343,31.9610815242003,110.101831252122,20.4975457989887
80.1823532956207,31.9078693733562,110.454028393964,20.5405855120854
80.3455751824143,31.8653677875241,111.061240444395,20.6022286405767
80.2355806864458,31.9199660869558,110.741864765611,20.5592410911088
80.6186755356188,31.686007273157,111.684832709436,20.7119887813716
80.7798929980991,31.6397781919223,111.856127529503,20.7718928299613
80.67200427183,31.6970096196749,111.796181882805,20.7299719124634
81.047809821691,31.455474161273,111.609542719022,20.878331633259
81.1021871537046,31.4667257031549,111.601942013623,20.8960340392162
81.20951779551,31.4090773329906,111.34152078134,20.9368891162127
81.6412433583828,31.1827124061582,109.469544191318,21.0989239453164
81.9965533093579,30.88632723348,109.019176960382,21.2404702729253
81.4247180696297,31.2947853893039,110.558604798115,21.01818928994
81.5848342903504,31.1701305990355,109.705514994045,21.0815127995851
82.0283288352771,30.8310892818933,109.292317484166,21.2552463946578
81.2372969231974,31.271080892591,111.04117884162,20.9576065127778
81.1547695782983,31.3976150872429,111.419399287415,20.9193070531794
81.6934254959161,31.1150100832897,109.194084215945,21.1214921695747
82.8145354849722,30.6257670342487,111.773298135485,15.9413920594953
81.4817403918519,31.099269456496,110.106188623834,21.0533761831151
81.3691523101338,31.2827907949251,110.718802747662,21.0006488205493
81.8025826721319,31.0608142845799,108.954948149036,21.161872386344
82.2194578936444,30.7864458929106,109.192864715825,21.321264161409
81.969970156213,31.0210720716099,108.89474595666,21.2195771987578
82.2519947009446,30.7324490843177,109.478707338341,21.3363739774672
81.9123454444795,31.007625611406,108.967237503008,21.2021168264978
82.6995772869315,30.6691882610718,111.582794205263,15.8065422453714
82.0808180604394,30.9693395854261,108.862063589042,21.2600439728273
82.1339231878754,30.9047465134071,108.984941460951,21.2825579309985
81.8598014988165,31.0739624005727,109.00709944551,21.1792821992168
82.1923270756468,30.9187680153191,109.033296896656,21.2999682491556
82.3045062712722,30.8694081406963,109.057718373726,21.340560593147
82.9908603806524,30.599352926986,111.986878320444,16.1503839181493
82.8751061674808,30.6414787944111,111.791945004671,16.0144662579199
82.759823785179,30.6846621970194,111.533860586618,15.879336188473
83.2521877016885,30.3962726758783,111.799465693399,16.4558349414334
83.3689231190456,30.357516844986,111.670262104092,16.5953823136701
83.5125138339935,30.3845349027827,111.81668516048,16.7682452338369
83.4574868718857,30.4395576887098,112.038718913384,16.7032313760491
83.1356972317123,30.4356810976569,111.804230008258,16.3173071947425
83.2235813406459,30.5179534369758,112.166113470516,16.4254649948195
82.9299701960611,30.5834034936827,111.952377707152,16.0772438979531
83.0458519536528,30.5420660955329,112.120867346535,16.2137652249964
82.5925800429618,30.5942021047168,111.381758707537,15.6740378095182
82.707303038175,30.5505768189574,111.580949102164,15.8089080973598
82.6450706941444,30.7289838673888,111.31923295796,15.7454807530655
82.5851828751573,30.7138054498167,110.906088541914,16.7973357253394
82.5589350128052,30.6462374061309,111.387883856552,15.6373891123297
82.4173891366745,30.8213550281801,109.239749035529,21.3812568245983
82.3319551511717,30.7384243451499,109.354612823746,21.3617907307728
82.2457221479599,30.85509776847,109.065080973435,21.3230860028784
82.5309244010086,30.7745582006444,109.421569147823,21.4216430524989
82.3582150128097,30.8067275080111,109.18921676376,21.3635429346554
82.471392203761,30.759658727441,109.335782592496,21.4040914667587
82.4784307652618,30.6390379429059,110.535326758616,18.745012992575
83.0076815383373,30.366713147125,110.915973105047,16.1612326099848
82.5455344698697,30.5345663037277,111.456260871309,15.6137843436583
82.9382166985507,30.4665872239495,111.665558615023,16.0814291637546
83.124196232022,30.3270741613789,110.749144739693,16.3001342628351
83.1621109664549,30.5016322504218,112.146525404642,16.351382091855
83.3404122225467,30.4784311084797,112.185247901491,16.5639450305413
83.2786701694767,30.4619555163347,112.128716230449,16.4898355316899
83.3954978355918,30.4229797435305,112.075328854368,16.6286079575385
83.2873663456679,30.3472812565738,111.310162845711,16.4973525276864
83.7096373196531,30.1369402726811,109.535149722342,17.0041594780719
83.4042525376864,30.3088412247949,111.368382940333,16.6369483134879
83.6028872117786,30.2814457491081,110.529686403345,16.8754112773777
83.1592926393201,30.2778704015182,110.678349174139,16.3421255919767
83.0542938969351,30.426046582498,111.81796817426,16.2194357575422
82.7882576599655,30.5588953879775,111.722147230986,15.9064744514909
82.8914991312858,30.4071794478321,111.419755375301,16.0234046276658
82.8225372606418,30.5080727451558,111.642917539581,15.944604905295
82.9036671997929,30.5168731632535,111.821991775882,16.042063406785
82.6733223007205,30.6019785956518,111.535784837835,15.7711766594099
82.660360292861,30.4909999822036,111.59327475305,15.74910317404
82.647411417602,30.3800266240563,111.615773801964,15.7290262254944
82.5793342489723,30.482765921725,111.574093485771,15.6516449270077
82.4451341276373,30.6917105497631,109.559896785656,21.4021645404625
82.4312753929875,30.579333791849,111.073393487341,17.2897144840973
82.2373655132445,30.6189166762025,110.044070088601,21.3404736033226
82.303331139533,30.5122669885472,110.551509370404,21.3703636569267
81.9808827210678,30.771407000125,109.504205408095,21.2446092732286
82.10967319865,30.5527642007444,110.214186747797,21.3035962319502
81.4651660131462,30.9835851626423,109.888942642689,21.0570837317812
81.912776446327,30.5172590166634,110.087411338789,21.2204732541971
81.7913429442768,30.8192671266647,109.424090408134,21.1788813485317
81.8858097120948,30.6518598726068,110.20358013334,21.2212108597804
81.8075693568223,30.9348547137458,109.11805160007,21.1741928997011
82.0128086475039,30.7163375020468,109.618346969398,21.2590700462597
82.1398097839934,30.7811266267677,109.388506605611,21.2946113771899
82.0924067055903,30.7213854671556,109.653860107575,21.2848368384636
81.7765100808657,30.9911854505227,108.93815273621,21.1599511367046
81.8701347963145,30.8227893743255,109.326832380571,21.2030732007792
82.1076575201195,30.8357610021934,109.090477384719,21.2808655072087
82.0227896006781,30.9555880307481,108.9155273298,21.2420668425323
81.3743790410228,31.1560511431134,110.461308054954,21.0129281091224
81.2618414574674,31.3399952069981,111.062805866246,20.9598955107647
81.542560702839,30.9847053735491,109.705767374728,21.0825529030447
81.4514197523846,31.1566344196444,110.238555327566,21.0388569573995
81.3277760117004,31.0983347114155,110.587221045743,21.0019548007572
81.3441641624444,31.2135460826831,110.653418219453,20.998206282313
81.6818259280092,30.8727764390997,109.642403005812,21.1383257019169
81.6675163952584,31.04532469093,109.032924317921,21.1194172218071
81.6509893813021,30.929502427118,109.620779426322,21.1233524275013
81.5896804344618,31.0433954535134,109.511589842346,21.0942398780026
81.22120111456,31.156409779825,110.887289800881,20.9614234159881
81.2674761273335,31.2135552390752,110.929498384362,20.9724928762875
81.434858487766,31.0410418365795,110.054389091942,21.0420791188936
81.5260030188353,30.8688973471678,109.686857381856,21.0847698172182
81.2512862353928,31.0986840907978,110.723821194001,20.9761264001232
81.3415383877102,30.9253201171428,110.214594909478,21.015677054629
81.3579349850493,31.0406902669388,110.482211046982,21.0170485050605
81.4183452298284,30.9254396697383,109.85594364433,21.0448672520148
81.5731034144066,30.9275660728559,109.677311997628,21.0974553446518
81.6654188462389,30.7569704666134,109.957996150823,21.1384460985539
81.5309021945946,30.7419199992488,109.619576973898,21.0817526913235
81.7438966890567,30.7598310879954,109.694834680345,21.1659382955638
81.2051537401188,31.0417292195962,110.814495370409,20.9637799143842
81.2106287980194,30.9147864106303,110.609985738198,20.9612799188737
81.4486398061105,30.8678910242254,109.643749942066,21.0567540944724
81.6395047252431,30.6870958944989,109.8114291954,21.1223385352896
81.5565756370391,30.8117259639476,109.773969215088,21.0976914815912
81.6345122573271,30.813668824518,109.770421798168,21.1253716894694
81.5829119244219,30.6739918993086,109.666847376805,21.0995131022009
82.0306926027804,30.3446193145758,110.668516234025,21.2709014929352
82.424739546937,30.3465598369338,111.770065232207,15.449713202157
82.1899008581257,30.5589354424214,110.224612770873,21.3297904554778
82.3102653821713,30.3908312879402,111.497548780312,16.106602697434
82.0771979545132,30.607001088599,110.090893434778,21.288271418566
82.4794943756176,30.2868781708072,112.075346069796,15.5099168240753
82.3365913680886,30.4594061120042,110.868078355038,19.1118550627661
82.2506738417215,30.3747789373562,111.353215559753,17.5780433670372
81.9973331905012,30.60157562829,110.28630660041,21.2622002770455
82.8877419788737,30.180857262833,111.918908498036,16.0056103420277
82.5321529348634,30.4228979006801,111.540612586293,15.5923626325008
82.5397806678025,30.3035073955757,111.964650368124,15.5864622089379
82.4510608928517,30.4147576396805,111.277246769537,15.4947674029536
81.7751660436616,30.7036676536983,109.92450346728,21.1794546095858
81.854145224934,30.7074162635012,109.730199380194,21.2069799025625
82.7977088127035,30.2878792825293,111.69177123741,15.9059441328616
82.6944853122049,30.4398252863864,111.637129631324,15.7876779370385
82.9141244582503,30.2476090632365,111.205554290555,16.0452519087357
82.8101200037014,30.3979721274304,111.769697323066,15.925312392313
82.995862905948,30.2576013725708,110.841345844663,16.1448624031958
82.9261697358725,30.3570935816656,111.005830179552,16.0635453157971
83.0308735108244,30.2081763326466,110.955770420635,16.1851177613817
83.0425846405549,30.3171064739234,110.818345619502,16.2020043290113
83.2297494805919,30.17997828597,110.502364294288,16.4256369233381
83.2762359149695,30.2392698612174,110.598018371747,16.4820460708048
83.3469896598614,30.1420042792324,110.384814062246,16.5671172058771
83.3933643839454,30.2011991162568,110.411901714707,16.6230088001034
83.1478840943224,30.1694358681247,110.980960265865,16.3245034456801
83.645533471942,29.8998728434923,108.531376392341,16.9235079097333
83.2650989640825,30.1312689237234,110.806906183626,16.4658464514963
83.8167061198484,29.9929327345955,108.600834141775,17.1349020799201
83.4732297265917,29.9908389734427,109.458830423843,16.7139652144332
83.4198017249201,29.8598363987404,109.029999460646,16.6413861358156
83.4999304588869,30.0561883310063,109.766432192438,16.7508579809863
83.7080512181116,29.9170276456682,108.468043321942,16.9992973079417
83.1767232157258,30.0480226867774,111.222842193787,16.3526431516424
82.5947371443827,30.2447424743617,112.092769709364,15.6491530205874
83.0044494971618,30.1417488301687,111.817389064069,16.1472026321762
82.8793342298521,30.2974946114179,111.16004131594,16.005065190285
82.9430443907349,30.1244260374646,111.622316033314,16.0702890052795
82.7631650094416,30.3382709473363,111.647346512113,15.8668228861815
82.7713581408211,30.2207883861749,112.037843591496,15.8645515938549
82.6816787548081,30.329079642567,111.693881528095,15.766795304569
82.7104648431871,30.2037217839455,111.987887836262,15.7892788434734
82.7185260333655,30.0860569753154,111.164397823535,15.7917477815352
82.0833712679587,30.4835328170252,110.21176473732,21.2852677767211
82.5683342173657,30.1768207322933,111.306244393716,15.612074535552
82.8348665859608,30.0468509833274,111.210466233344,15.9319517456152
82.8001603063374,30.0964810748039,111.220355634388,15.8917868887264
82.822665244389,29.9371148738853,111.624311480457,15.9189414895602
82.9046117335981,29.948253922815,111.431523619265,16.0176335271883
82.8265889096682,30.1636558787872,111.824541402888,15.9302932587957
82.9515047601422,30.0084233161032,111.045826432268,16.073134477506
83.1388110623371,29.8735313887961,110.483085689654,16.3017867423503
83.0332847959107,30.0194449106509,110.797116334967,16.1726142574953
83.2672125867402,29.9446886550891,109.967473349338,16.4544851339888
83.1854159432629,29.9333561043635,110.397160481992,16.3561772520481
83.0683806218136,29.970649821109,110.70402637707,16.2143043699721
83.059782561184,30.085938946513,111.5076969188,16.2121877308613
82.7059603551905,29.975688189777,111.926147628143,15.7772411418581
82.4869919193253,30.1672847412972,111.343653479838,15.5131777221949
82.9165857339474,30.0575986345372,111.013084015569,16.0304032162371
83.0568218619167,29.8620186582084,110.700885546024,16.2033512608421
82.5552380077584,30.0655456897251,111.470693908657,15.5954263938432
82.4530962004226,30.2185813118714,111.701983966843,15.4748812948833
82.2432476317142,30.1399701487965,112.009707140525,15.219775108506
82.3719542308032,30.2095851960563,111.399366658626,15.3758156423206
82.2098837130532,30.1923647265658,111.84174606015,15.1805460681827
82.439576994571,30.1065969403946,111.682004716963,15.4564020835299
82.2574900070573,30.2531395678908,111.337134298666,15.2394213585953
82.3383822065436,30.2615143758252,111.49261696348,15.3370702266824
81.5408472533564,30.4883004560707,110.199780203126,21.0973510670345
81.759751771112,30.3824273759276,110.463748342011,21.1786870125679
82.0960582350282,30.2374035360403,110.909252195909,21.3024663918103
82.1109017528103,30.3514692027918,110.560972528089,21.2965816242385
81.9830225309694,30.2840117735003,110.815352052177,21.2608127007057
82.2242854577959,30.3057649945946,111.44110500352,16.89385646376
81.8865307014312,30.4474821331826,110.354088134934,21.2157396785752
81.9982876963091,30.3986769309124,110.437716494453,21.2565140273261
81.9185048578096,30.3926981188133,110.562088713323,21.2308055699671
81.9710633812088,30.5320668851892,110.252158014165,21.2486160475276
82.1437113580915,30.2981222885774,110.660657482521,21.3122585339806
82.137267550863,30.4207908087102,110.355341199452,21.3031414411614
81.8072601916211,30.4424860294308,110.389782880255,21.1900307385945
81.8596106597807,30.5821477737302,110.059547917303,21.2031986738063
81.7757335043359,30.497992493035,110.243008866645,21.174476361499
81.8018512035798,30.5678733822958,109.954307953246,21.1806209791239
81.6970433288127,30.4940502865462,110.28712646383,21.1485966014617
81.6918876080018,30.6201256702255,109.793489456436,21.1395656772331
81.2619400961448,30.8447378020477,110.361380914551,20.9788428553082
81.4798936104601,30.6025135932846,109.937350698938,21.06792846337
81.1566179404879,30.904108772671,110.652315942358,20.9397908562156
81.2671712688294,30.7176943472687,109.825483640047,20.9863909543728
81.3430729984247,30.7171435027546,109.586550399598,21.0120400992353
81.3267472080293,30.6016364723278,109.80134719271,21.0166699826203
81.4332041114401,30.5440860438497,110.037695854097,21.0566897151347
81.557232287425,30.604187623195,109.989162397216,21.0935187589976
81.1622188751816,30.7773144759723,110.465070732558,20.9459893472683
81.2213635564263,30.6607300207597,109.941738516216,20.9759069178659
81.3730185461187,30.6593518531699,109.750330846743,21.0270070481452
81.4496230831738,30.6598720239634,109.673943278928,21.0528679413382
81.5879022247386,30.5473897160057,110.205852034624,21.1083703534574
81.6659517593377,30.5502276708613,110.029757611625,21.1340684849231
81.0190336926125,30.6556812975524,110.478225387764,20.9076538444514
79.9994406654678,31.4269129624612,108.8268783365,20.4853062882583
80.8505778208759,30.9608107587416,110.921098184259,20.8235694990494
80.9097732029678,30.8444194617911,110.744209215173,20.853987006254
80.6427513221337,31.0834677469752,110.884786801074,20.7416275847623
80.8361232860972,30.8483645430952,110.703813903487,20.8284532204641
80.4012299144985,31.2592450011935,110.479212864637,20.6421708606302
80.3259047245962,31.2614659209836,110.232201817265,20.6153055169881
79.690763522049,31.3398542797015,107.431603766312,20.3845276753515
79.7304442712394,31.4735963088918,107.893321203931,20.3873011847994
80.2820200029573,31.2080837689509,109.857706314696,20.6039808389726
80.206176713468,31.2097605539717,109.753850427519,20.5776429378855
79.8551068238309,31.5317424286502,108.571614703443,20.426609547985
80.0649116973852,31.3193609675383,109.189186473004,20.5182579668113
80.4944045478499,31.0905925965748,110.464075392821,20.6894876649758
80.3887601169568,31.1500291924003,110.183046670915,20.6466850250217
79.9283900039909,31.6117170752001,108.920700751768,20.4659807151355
79.8883390053211,31.47882212247,108.55956632679,20.4424433202758
80.0970043783406,31.4935374539976,109.617388433448,20.5283611882848
80.0768912655176,31.4274208283037,109.332026220526,20.5139534335206
80.6337072455105,31.2070165883111,110.746278603802,20.7341125706644
80.612359563616,31.1405621762136,110.971504024806,20.7271632489904
80.8208080361873,31.0187392729792,110.992977430398,20.8084156040347
80.7468554178608,31.0223391080758,110.866670370562,20.7824873146599
81.116902058404,30.7211171810455,110.467792754377,20.9353818265037
80.924601225874,30.9574044116851,110.91329973324,20.8494219235184
81.0425071862329,30.7239222238545,110.548282662731,20.9097550457837
81.0131327041634,30.7824708825535,110.632504125185,20.8947318989655
80.9474464631076,31.0250170932927,111.077050781379,20.8600866701
81.0518653885468,30.9643074704481,110.913201380536,20.8988391768975
80.6858867937933,31.2167112046725,111.224589697227,20.7643263690235
80.7168096249968,31.0798966397273,110.894021148369,20.7671712179408
80.5803213684012,31.2765465342893,110.7302051559,20.7179257156933
80.6770230267906,31.3404278290279,111.267836762798,20.7599208020201
80.8957150024395,31.0956040615023,111.380832147326,20.8456933451509
80.7828888913173,31.2808325094417,111.448702542586,20.8014763788418
80.7909481145606,31.1563055353952,111.478218296836,20.8015992347634
80.7077668391361,31.2835889460631,111.304924414102,20.7752953612475
80.4740563010075,31.335544765952,110.963790703747,20.6797901948337
80.5706551848903,31.3994454035159,111.187951620483,20.7182289486676
80.4950839664276,31.4018183272318,110.93682730894,20.6908202455551
80.5079810730727,31.5113917270378,111.131920258506,20.6867733626082
80.1822182060562,31.6796742076689,110.213090843854,20.5584055551396
80.2470786441849,31.5709198465852,110.323202420901,20.5900666788974
79.9152111208697,31.7311838461282,109.017892347724,20.4596915199184
79.9274654580118,31.8390117351892,109.195710232294,20.4549573274239
80.3669393055018,31.3934824639848,110.755569716156,20.6383644136681
80.4636193283427,31.4576530431637,110.8889959597,20.6757257618093
80.2793091649396,31.5161951892619,110.348858905848,20.6042925530002
80.3557922123913,31.5148646042646,110.672501503964,20.6332139038453
80.039589404531,31.5593513818,109.434053931998,20.5098349116471
80.137412801498,31.6256899088185,109.99161456594,20.5474682824184
79.9484477006558,31.6780314100077,109.143047619131,20.4735750113077
80.02678918045,31.6791245414331,109.500057638469,20.5029782731282
80.4218761041929,31.3252863003556,110.687727606921,20.6544438328612
80.5072296708099,31.2004342150187,110.789763038204,20.6871029097105
80.1861237856972,31.3728743116582,109.871538180718,20.5566884772338
80.1094179891497,31.3733649431407,109.338297478017,20.5292175218406
79.3596689394288,31.8541034841797,108.862907804148,20.2487161305249
79.6293602130513,31.6300376189649,107.781830085464,20.3392031841499
79.494695913701,31.8751782919165,108.139191373352,20.2979520271453
79.7231197577498,31.7789995559632,108.297279201965,20.3864471328353
79.4206940802561,31.7915867638008,107.727700242919,20.2661967409199
79.2643398553508,31.9683641703863,107.636289604994,20.2097471530838
79.7031132935608,31.7121315587552,108.275534050879,20.3794070079701
79.8027302033499,31.7819025655923,108.540320451462,20.4161886549475
79.6092271137956,31.8275904522251,108.11384257467,20.3428484707472
79.6894052785389,31.8313322133728,108.389598060465,20.3714038240331
79.836222937138,31.7291822857955,108.614394865004,20.430172965726
79.8485335079753,31.8370429715046,108.804836807149,20.4268013532164
79.3796700432101,31.9219935948907,108.038059729048,20.2540817546945
79.392830716378,32.030697407723,108.391769581858,20.2518093650488
79.1489268143884,32.0146847662083,107.086913177653,20.1663456514102
79.1625930046997,32.1239867441177,107.206831423213,20.1649467526811
78.6591200072168,32.2625926271827,103.702477114787,19.9828207088028
78.706259432341,32.3187601302873,104.45205991991,19.9959641092839
79.0138170586758,31.9926835452107,107.301573065315,20.1164516046885
78.771745064638,32.2112334815331,104.271742503334,20.0247040436507
78.7851496977986,32.0888740697034,105.682292646789,20.0306361093306
78.6916800459534,32.2085007403675,104.093858442413,19.9960656570886
79.0752372231396,31.9294551728261,107.23187505668,20.1323767940262
78.9188584644051,32.1089594158678,105.546206835576,20.0797424856074
79.1904232817996,31.883462219806,107.84725823152,20.1783174020426
79.3196752580774,31.7179256947233,107.65330624449,20.2241773609206
79.128994596686,31.9462013096014,107.944369748798,20.1597873613207
79.0336754647625,32.061392322121,106.6006021739,20.1226628578538
78.7326617572681,32.0732150968339,105.263688046707,20.0084287452506
78.8597286618166,31.9021567771672,105.976439860991,20.0539298474243
78.8460691854362,32.0238639079377,106.049983678268,20.0502786353933
78.9405909250641,31.9071854185066,106.323772418272,20.0815521523957
78.6203985765405,32.1245065827412,104.482499712168,19.9660115001584
78.7460816735156,31.950792012269,105.402296474993,20.012915023567
78.9603579768396,31.9760951287766,106.651614220301,20.0906480562361
79.089192205075,31.8089310269513,107.075154314009,20.1378960562581
79.3056543159054,31.8376488299959,108.284012230574,20.219929258274
79.4346676622514,31.6721149054141,107.422381576232,20.2677025608878
79.7426778242658,31.5815872988722,108.178914978359,20.3851885513613
79.6493770092653,31.6972685421557,108.100631671091,20.3542695288062
79.7761945559033,31.5291561167878,108.198913202071,20.3984809245435
79.7626925024706,31.6484806577911,108.353369449555,20.3980091716764
79.4006767372577,31.7236577240937,107.569257700086,20.2518873518245
79.5026578225815,31.5689221552983,107.417903153089,20.2997498755803
79.2856599944157,31.7694029540143,107.659357673431,20.2085201946966
79.3877876611571,31.6149977888217,107.294485217442,20.2558158186732
79.5492015121703,31.6255740522507,107.522484331887,20.3114911372016
79.6169342198737,31.5218793333478,107.719799771817,20.3434127648209
79.2044380146685,31.763387068472,107.637756295747,20.1809078800012
79.2725219664611,31.6604488234798,107.70207606313,20.212208052553
78.9741958800231,31.8550256457076,106.563624274918,20.0953541059187
79.0417300023399,31.7511662332664,107.087772065034,20.125731604074
78.7132029118126,32.0041501803336,105.072498332205,19.9981347503001
78.9267189729453,31.7973730334712,106.547212855648,20.0834316169731
78.6335289066768,32.001320833677,104.80283130872,19.9722151037286
78.8123408866808,31.8447970285493,106.099137493921,20.0413970591223
78.7318599502146,31.8405910904533,105.868120556275,20.0146273321884
78.4757385940112,31.9983573678223,104.115073730061,19.9190418278857
78.5482084325704,31.8065852965462,105.087741657784,19.9547403544794
78.2214241100749,31.9736055205547,100.273013033311,21.09252842932
78.8457265933692,31.7921729995812,106.381043023556,20.0561884583653
78.7732446673364,31.7065299778788,106.510949207739,20.0369827482617
79.0756622220786,31.6994747777443,107.358718696685,20.1413093142211
79.5573484827263,31.3199767521158,107.103776617873,20.34170845501
79.1911556815565,31.654225540222,107.665443183359,20.1844049767508
79.5167950832362,31.4498483444944,107.294309742035,20.3139591730104
79.3066432310075,31.6090638555365,107.544478889686,20.227925214956
79.5772185625886,31.387420431935,107.335576908561,20.3410978451959
79.421882439413,31.563541661468,107.249879769942,20.2717791232304
79.630921903796,31.4028534000772,107.38927466706,20.3578861919449
79.536651952472,31.5172608280866,107.396771327314,20.3154783714859
79.8033539035541,31.2907450105631,108.0356656379,20.4281044066243
79.6507629094609,31.4699026215594,107.633326877831,20.3596278822667
79.8564851241562,31.3045156715673,108.095106904035,20.4452695144853
79.477058089857,31.3145859670742,106.841620399573,20.3144292434476
79.4020138018152,31.4957611262155,107.112121719306,20.2701388310387
79.2129326421198,31.4553795536294,107.371836036119,20.2090836048461
79.286776460831,31.5409310869122,107.426343592658,20.2262324773924
79.0163424826874,31.4930210000754,108.300997107382,20.1403037273917
79.1713119874871,31.5857750397153,107.667367344857,20.1826577834723
78.9407075775145,31.6763567799545,107.110522758226,20.0968817996576
78.8261177564287,31.7230843845374,106.565184448829,20.0543131430862
78.5998066955089,31.8217257263596,105.281199831088,19.9713654483801
78.5291004520084,31.7373502901659,105.708562518492,19.9622008032313
78.6601052951844,31.755498351273,105.790735426359,19.9961020531874
78.6407983852644,31.6862553900693,106.340273848948,20.0000127964682
78.8873733719806,31.6593513812425,106.951737307092,20.0794358388779
79.0558670257828,31.6307533602144,107.504789579576,20.1395116032186
79.0021980861649,31.6135118464552,107.382710853018,20.1221436757941
79.1174291752481,31.5685172177411,107.653358815353,20.165160433349
78.6736232319582,31.632953793107,106.998657464997,20.0185052060232
78.7731745817124,31.4746322757605,106.445762360077,20.0812506575613
78.901371675621,31.5382617901856,108.024610136625,20.0987615398949
78.9824657384133,31.5445409362771,107.931439585453,20.1233333315676
78.7537638377239,31.6373191823972,107.029155451051,20.0401474057158
78.8540199216625,31.4802781621645,107.099701063506,20.1013811304556
78.815029777595,31.3419629418179,106.572543166311,20.1045844409992
78.6266316317945,31.5758773121894,106.072585059999,20.0208475553869
79.0988060845771,31.2705386241457,107.486984684962,20.2058635421029
78.9689685670548,31.4348507980881,107.117080918768,20.146086526655
79.3496059162779,31.2510519228025,106.655446954525,20.2932898477081
79.7321034452129,30.982341249824,107.232679896111,20.4495396729584
80.2211468659096,30.780161894502,108.970854932585,20.6399210519761
79.9341828613991,30.8139908508837,107.651806873442,20.5360064130801
79.3153887954221,31.3021073298587,106.710660854446,20.2716642140482
79.3622642969658,31.3597720472704,106.794602414285,20.2699665744832
79.2470513605323,31.4042691784943,106.947540534173,20.2260500922571
79.3281506572028,31.4109168762593,106.881047625111,20.2520415237682
79.6588249993596,31.164685294155,107.153958784763,20.400634050513
79.5912183354942,31.2683333675916,107.091991087678,20.3590838586171
79.8168520517963,31.171400346212,107.726452373347,20.4474325533353
79.8049964605675,31.0634263432766,107.602751778304,20.4643378546427
79.4629141292019,31.4337319289765,107.119112271581,20.2965527986543
79.4430301149488,31.3659160263518,106.986729557926,20.2972493536237
79.7442161088971,31.354500101015,107.76037591202,20.4023166339093
79.7835283218102,31.2240338061032,107.654158473502,20.4276669781408
80.1461537286011,31.0119785097056,109.044884827549,20.5776318377858
80.2411409771898,30.8461084392249,108.995220440036,20.6349663150566
80.1860991634868,31.143842930768,109.547141924667,20.5758235350246
80.3586481010882,30.8959574755728,109.840935199455,20.6636114458431
80.3464176907555,30.7866661973612,109.354728118216,20.6791505086556
80.2216094616381,31.0103517069013,109.355065819805,20.6028862484413
80.3155322714243,30.8430687061682,109.568794194863,20.662328588514
80.6624940988617,30.3936390765237,109.827459472602,20.8307841428537
79.9934777184428,31.0129960930051,108.291801086196,20.5314004822244
80.006224739384,30.8927853657949,108.213947342138,20.5540176625786
80.1144786775857,30.8375550755592,108.557548793674,20.5973715577362
80.2096810168975,30.9017202768421,109.134180359328,20.6181363253774
80.7339581450089,30.4678770466659,110.027978822133,20.8489887510208
80.6911149662517,30.3345479119211,109.732954878486,20.8458308361686
80.9576518323153,30.4060670239632,110.117410376359,20.9319342809292
80.93476717387,30.3382468690794,110.012398145654,20.93029596262
80.5320993613784,30.5965704755323,109.688563638283,20.7657472775257
80.7620323371578,30.3282451574881,109.932388010978,20.8718257819971
80.7406216949782,30.7055463215291,109.985645825136,20.8108660271817
80.8565793401877,30.4702792252371,110.22191661867,20.8912886317381
80.6681660399993,30.7105458596322,110.573276812898,20.7914811457652
80.7267007282168,30.5936265542939,110.185668187954,20.833078067823
80.5659590333957,30.773469444904,110.542311544341,20.7501392006826
80.5529257176305,30.6628506022988,109.876502035545,20.7657807997981
80.6386548281759,30.7686565975367,110.071549011104,20.7676278481408
80.6252688064162,30.6575366634475,110.532781628926,20.7941058189438
80.5041825049989,30.9675539373356,110.243226621328,20.7023946833962
80.8422499007776,30.6421056385819,110.663698436014,20.8561032319671
80.6599022788101,30.8351122091944,110.467563440614,20.7686286049681
80.9162990737096,30.7181917800785,110.566729815238,20.8671229914513
80.3993539176581,31.0278287667817,110.038885645307,20.6610387800606
80.5360254097979,30.8310380210277,110.251068997298,20.7287842511504
80.5568567882987,30.8972138129163,110.377981123924,20.7277282821778
80.4199068284693,31.0938748119474,110.166700414244,20.6622701870273
80.4324441081572,30.8923150759353,110.090201379593,20.6880810430986
80.2416494966451,31.0762356025789,109.348862854983,20.6012882664836
80.3276868450137,30.9521677697318,109.588964973397,20.642541637045
80.2531105568175,30.9548910687295,109.538996184554,20.6218442100422
79.7640385054924,31.4211957170847,107.975758842512,20.4036623013508
79.9676210794376,31.2527939521211,108.421426327155,20.4901099245895
79.9148326098901,31.2398954492232,108.185246794347,20.4725642328424
80.1141188393493,31.0666658391023,108.802178656206,20.5580974428108
79.8763134195621,31.3709128383795,108.47206174541,20.4472561688625
80.0250901186554,31.1872123528508,108.749417637148,20.5158786349705
79.9874818251721,31.3189475493538,108.661807983272,20.4909162439712
80.1340382977268,31.1326436024053,109.38567868502,20.5585087936806
80.1740761718163,31.2645562597084,109.414883222264,20.561744487142
80.2933648680555,31.086662570271,109.767326667289,20.6188951689107
80.0775042157224,31.1992269823451,109.090987928049,20.5335410039909
80.0974491991494,31.2652247642836,109.017912006369,20.5345133339566
80.608025274763,30.9061037916718,110.472795463261,20.7443809974146
80.5250849774736,31.0338044808738,110.449132281748,20.7044347688045
80.7329399723554,30.9107164864187,110.717084282477,20.7875319880156
80.6293502155959,30.9726444829449,110.580652230951,20.7457333436819
80.7623510710834,30.7723561234286,110.593457809942,20.8098391258142
80.8065154847407,30.9065747515649,110.706428178411,20.8132153518434
80.8137812077559,30.7810453059895,110.663400875731,20.826435060269
80.7111304867957,30.8438142999242,110.541398872098,20.7857071905069
81.3316767558935,30.474264827003,110.040826198662,21.0286718573551
81.3566626275091,30.5437289006011,109.991010149441,21.031357800763
81.8708800065326,30.3323086601634,110.63181092643,21.2194486894468
81.649717584701,30.4344169558994,110.377203237268,21.1386911891859
81.6549887331314,30.308321092063,110.622375235776,21.1507824357948
81.4634882687389,30.4866706195237,110.125185138223,21.0716753153896
80.9667417201516,30.6464588509499,110.492552598945,20.8923545072161
80.9392041359203,30.7859658169003,110.664138807835,20.8691211917767
81.4897877623958,30.3486554824253,110.39882653665,21.0964957778324
81.4381199957617,30.4169354036697,110.220768990201,21.0694620907836
81.9367619234621,30.020958905697,111.51437635806,21.2803211135291
81.5458927723447,30.3615916862067,110.436223322946,21.1103315533495
80.9728022311042,30.5198451901977,110.286035559345,20.9129447594226
80.8645134572076,30.7093290423959,110.525767123769,20.8501161186264
81.8244553255943,30.0679831547334,111.462984290533,21.243993326171
81.7913978894485,30.3270338938811,110.585727810814,21.1943676636871
82.0500404817631,29.9758262763273,112.70723388543,14.9974196526696
81.8185973073186,30.1925557437993,110.907829540893,21.216101883455
81.7924810546896,30.122562611948,111.278920003608,21.217690762695
81.7077508671401,30.2425105446499,110.813688220559,21.1758731724141
82.1308641510236,29.9846040255501,112.067993317403,15.0862259865167
81.9893136565613,30.1605359580657,111.060584605728,21.27355954991
82.0155789337848,30.2301428339654,110.926553728148,21.2765653683307
81.9305516008213,30.1445932694401,111.093522614123,21.25643898762
81.876800414163,30.2078643995621,110.926209139265,21.2328759163894
81.765320781917,30.2570926689764,110.720600363595,21.1918100095474
82.1290263970466,30.1842713363616,111.693828720436,18.2337393885961
82.0434744265069,30.0984704369332,111.679575203599,17.5547620030618
82.2169169359834,30.0709576948026,112.209720870394,15.1879591219325
82.1027207561455,30.1149412613962,111.964792716751,16.8488304389743
82.4472713877485,29.9872574421021,112.209418508985,15.4656469684339
82.3581529299118,30.0971241463827,111.955860139814,15.3584497793804
82.6713535363193,30.0255784566243,111.716272922446,15.735057073362
82.4736222035815,30.0555395327954,111.701328553626,15.4971828756464
82.9132054333375,29.8324614376431,111.264109658086,16.030935639179
82.787839000512,29.9865366159571,111.631994515128,15.8768416050733
83.0303456534506,29.7955442646409,110.722512997531,16.1741247586858
83.0216282268296,29.9106432255846,110.944804347553,16.1597588656987
82.9687059872928,29.77736529981,111.060758056475,16.1007313566077
82.9396394522656,29.8992689317352,111.283615640016,16.0612052364919
83.1476103838945,29.7590321474294,109.649311331797,16.3175080824081
83.1741358564,29.8251882922812,109.947244540128,16.3465838098652
83.3823329100821,29.6867932943192,108.325886990852,16.6046457620705
83.4089943448838,29.7524014399431,108.560937994382,16.6331207472074
83.4374303039574,29.6330236284587,107.85744956862,16.6745797276071
83.5277993098808,29.5317736974147,107.128897442858,16.7922869839842
83.2935501702534,29.6029293102671,108.307769419756,16.5029440840197
83.0857975476583,29.7409048118509,110.272885942622,16.2436956568378
82.9421961372032,29.7104819522252,111.278741977498,16.0742865708737
82.5025121409635,29.9293629444154,112.340906548194,15.5333248548709
82.8517658355632,29.8142951962956,111.438615109812,15.957839469652
82.6795803321494,29.9081572435809,112.075704844471,15.7475222726245
82.5895796951109,30.0150973312309,111.662030567033,15.6368414392592
82.7962655428955,29.8699596815195,111.631699509917,15.8887636847857
82.618598590149,29.8901468645596,112.182219395356,15.6744230935452
82.1641586601075,29.9324214796558,112.525784499124,15.1309869548115
82.6266940713713,29.7725310112697,112.381484516662,15.6925156911235
82.5103618048976,29.8108065352951,112.618881778283,15.5498608373428
82.7085888519284,29.7842329192331,112.009138697678,15.7893162415712
82.7433421942154,29.7350947946384,112.06289757175,15.8362845585358
82.5921582209356,29.8221462071123,112.281789135244,15.6439485888443
82.7309840665588,29.6250816729323,111.72815534791,15.8372204555947
82.8602301125252,29.6983347203508,111.674023578748,15.9776254769356
82.8131560796411,29.637450151422,111.955278444179,15.9299305327846
82.7350469204819,29.8518544392271,111.831242493358,15.815735672565
82.825288575872,29.7470558838441,111.449630439548,15.9292783006964
83.2117124630489,29.5906792624885,108.57088582904,16.4078781315543
83.1763805474542,29.6385486271413,108.998976580642,16.360577858154
83.1651256280997,29.5304719941621,108.5411816114,16.3617814139452
83.0592478905054,29.6743635407694,109.8906402178,16.2154707402737
84.0304435464988,29.3395986475266,105.175674483993,17.4182880025292
83.6448002295799,29.4960404124149,106.607411873607,16.9354855301117
83.4107055373679,29.5673773064248,107.608681665263,16.648112980232
83.3999068407198,29.4600071306961,107.348863559701,16.6472804811023
83.0830442771871,29.5179062548135,108.760007506606,16.2656873268041
82.977297721882,29.6621155918399,110.94710980294,16.1208024058037
82.9655831820132,29.5532583718356,109.765054556091,16.1247829335524
82.9390702485849,29.4863318312395,109.494703822732,16.1026688712885
82.6961116433562,29.6740051390991,112.423633767374,15.7891063499504
82.704523392849,29.5574005810163,111.299149150508,15.8136834641515
82.4760846886652,29.8609814569159,112.551704495168,15.5029408773994
82.5793122644506,29.7112531907511,112.769980874288,15.6483016859773
82.3944376434969,29.8501107022426,112.61465941294,15.4084447171508
82.4972623403049,29.6994520143345,112.725674807098,15.5527042929087
82.3545166677951,29.6691872300735,112.269356838495,15.3841145036247
82.2650846025531,29.777803719698,113.333283203625,15.2713849343832
81.8366032784956,29.8196022896136,112.888004853684,15.9826331389345
82.1498205518653,29.8189369994517,113.290063298771,15.1305803873482
81.6974367408961,30.0014645325945,111.529182582716,21.2184145874165
82.0089555857101,29.7918560228692,112.341263891243,14.9606009063104
82.0171515843974,30.0287815211771,112.264141156049,14.9525409165294
82.1234443523532,29.7493860517288,112.252323571079,15.1001111837479
81.9043096941826,30.0747091267304,111.228944269135,21.257740414643
81.9216038161502,29.9062179892638,113.023182611038,15.3012072840103
82.3604495622614,29.9008960074039,112.2963259751,15.3628990003408
82.3468034058571,29.788589414595,113.396280337661,15.3686932278235
82.2453363279921,29.942035620161,112.426147380956,15.2254652791391
82.231270011156,29.8290162352424,113.50691151128,15.2285845183313
81.6033720204236,30.1683856586551,110.964834308269,21.1611717964548
81.5562614247018,30.1087161243379,111.114091256613,21.161949020665
81.4948479577781,30.2219474945527,110.673154438387,21.1199770514007
81.3828375837781,30.4048901105611,110.185386977209,21.0531243874511
81.5981151657939,30.2945280340492,110.620337438286,21.1352567225429
81.5724234879688,30.2246069735754,110.781283939243,21.1421453363742
81.2660542236577,30.2202651166174,110.125683574459,21.0542240092728
81.1488143545213,30.4543020121669,109.652126727674,20.9770002942364
81.1620529113778,30.2806054723932,109.796308291372,21.01341390984
81.0749438792852,30.4571548678583,109.473756908695,20.9586769384555
80.9289088066325,30.4652575714537,110.256114778155,20.9153403030986
80.8712151080809,30.5832855358924,110.442619231824,20.8759913593996
81.464421678465,30.2789361866364,110.540864463665,21.0984654155309
81.4786171295642,30.1060304176609,110.908302828566,21.1362039371652
81.1879743196834,30.1406340218539,110.144079236082,21.0348647902735
81.1329624519831,30.3394229422151,109.583136683259,20.9983068008294
81.1380122813259,30.2118268825005,109.912065374787,21.0113281614158
81.0593489887466,30.3426787805533,109.380783157559,20.9725910544989
81.3416108243154,30.2197411443691,110.376007262451,21.0799089644858
81.3465111104634,30.0923873425916,110.54240739317,21.0927309781402
81.4481516058131,30.1630407089099,110.725757562422,21.1208195824653
81.4531950618336,30.0361295366013,110.931163877415,21.1335552332387
81.9562716337021,29.6518239181624,112.841969090458,14.9027813773332
81.5050921235444,29.9687197684025,111.09193113264,21.1569786372962
81.5103766419616,29.8424093938408,111.166933795919,21.1857181259127
81.3976907846714,30.0235472384514,110.811391358999,21.1163104883379
80.989661770074,30.1384268737912,109.599447418031,21.0334509503727
80.8837084618965,30.3300845159867,109.993610869185,20.9134668550362
81.2920070894061,30.0809299230874,110.402605755992,21.0753287042381
81.4027591904882,29.8966575353792,110.93389887095,21.1634367001303
81.3726721758832,29.9539776336482,110.80060105904,21.1296863488109
81.5724826118609,29.730554007428,111.312290472645,21.5223896040494
81.5883897714664,29.8463900655294,111.300494537239,21.2055007480051
82.2743492934947,29.3061133378495,112.430080241381,15.4224486511367
82.2939653181301,29.6505103777493,112.671651005543,15.3119544830748
82.070626738014,29.6098199707102,112.923747815598,15.0433349121715
81.8104191089703,29.7493802143697,112.930056343725,14.7216159887702
81.7247073116392,29.8668487693289,111.720514610576,21.2391057061539
81.6987035436577,29.7966232548632,111.755748436939,21.2384463282269
81.6141475356159,29.9165114963806,111.32705791288,21.1986676962168
81.8953489373883,29.8361822841072,112.742438013745,14.8219307236909
82.0022445786747,29.9144293862565,113.501681075085,14.9497217252297
81.8089293977608,29.952742663484,111.793103150728,21.2598308653672
81.8890096089048,29.9597923661758,112.329788206185,19.5279293947348
82.0352835172667,29.8616794599498,112.976229811446,14.9907835199164
82.1163735313671,29.8708938827823,113.521658781236,15.0886987589744
82.4708295019964,29.6309791582211,111.960155839952,15.5260386399807
82.3809364189981,29.738043787064,112.961942192297,15.4123089945008
82.3834898928703,29.5431075315262,112.663282428171,15.4257106917618
82.2386791253217,29.7085773278734,112.871389641757,15.2418502660556
82.8773732807443,29.4672239084553,109.895226013743,16.0297443529807
82.8388526330087,29.2905698981435,109.019732945088,16.0000227010539
83.23801303257,29.2494680519015,106.79750326293,16.4864182631292
83.1914728652614,29.1889503725788,106.643720158945,16.4368033992868
83.0477264754092,29.5658376336457,109.334992690736,16.2154627003697
83.0564971180917,29.4513404992801,108.523699887618,16.2471526321348
83.4087264746199,29.3468510545809,106.557182905519,16.6828451152382
83.3180184486561,29.4476443436457,107.509968254511,16.5570316942957
83.814226778938,29.1875118603226,104.765992130399,17.19100565594
83.4354336085127,29.412484518423,106.791163216486,16.7020545507608
83.0853558110485,29.3310474862306,107.865695848409,16.293018102296
83.2913719983617,29.3817207538365,107.195901555533,16.5374803665265
82.9946544347152,29.4323492874055,108.858652468448,16.1742513324408
83.1739438054909,29.4165029681525,107.857627572545,16.3922601221335
83.1119724443595,29.3976723315412,108.104717255083,16.3189293387599
83.2292835771039,29.3630803468685,107.347178948061,16.4640672892251
82.6389737568326,29.3111565692108,110.3965434541,15.7641686878266
82.6166682363765,29.4700687531874,111.513106532235,15.7133299051597
82.5216551746884,29.3460625415065,111.055165052287,15.6342893157422
82.4178426161034,29.4934473990878,112.405545739061,15.471513883238
82.1857749509706,29.5695985494778,112.921674738113,15.1852189114985
82.301562062288,29.5308996449897,112.587684702901,15.3277825543279
82.2674903721532,29.5811839773708,112.874184119173,15.2830611423673
82.1784754285008,29.6902427778531,112.92042151386,15.1698895334348
82.1520333734001,29.6205944223685,113.148994822942,15.1415857477847
82.0636564803787,29.7315233422076,112.583157029776,15.0286352971921
81.9233403853133,29.7044596414822,112.834415031465,14.8602419757211
82.1717588670373,29.4564913217847,112.563779727107,15.2490498610357
82.7213824257402,29.3248332627338,110.079136864926,15.8554561746588
82.5345116066928,29.4570315989675,111.625412332596,15.6153521056834
82.7686415825862,29.3864806647705,110.180561401375,15.9047472147639
82.9917294673379,29.2091464638073,107.875802119101,16.1926611881107
82.8859396209088,29.3519563908559,109.165418418378,16.0493252537522
82.9680698021373,29.3653544513304,108.906069171736,16.1480563597713
83.355261569605,29.2152226629159,106.130970245597,16.6320180620799
83.6602688391415,29.0512905186756,104.445886205362,17.0217302762492
83.1206778242896,29.283587717471,107.523860058213,16.3407098684178
83.2026230392016,29.2967939584475,107.277409084139,16.4384752439749
83.3335344074469,29.0004557138494,104.817339793539,16.6601220664974
83.1093628064015,29.1754761809615,106.940573705975,16.3389191659163
83.3444024428888,29.1078358113102,105.683373858083,16.6319015828012
83.2269372362464,29.1417506469691,106.277766712813,16.4853518795924
82.9801463234774,29.1005819254351,106.935196004828,16.2337600442249
82.8740764839396,29.2428670738466,109.222430168967,16.0473741833888
82.7091035961887,29.2149636924088,110.396905182068,15.8858902879414
82.6040468532015,29.3595507455363,110.776880232526,15.7127135934494
82.6264752395219,29.2008626505816,111.434589914363,15.810276896011
82.4869291545476,29.3949283738406,111.319832903233,15.5818183526965
82.123742254718,29.393909110437,112.696690764091,15.2539831190869
82.1378725538157,29.5072535196771,112.758472741587,15.1536738871995
81.9414566514177,29.5373879842058,112.881472330996,15.0373803004316
82.056207741131,29.4960222282213,112.888752485842,15.1420922880941
82.0418229633517,29.3822198099462,112.995782526273,15.1961108443178
81.7798167825455,29.5190616447514,112.771105427785,15.0023952046071
81.6674547334023,29.5654810537914,112.690240452008,15.0144872063214
81.6830561662178,29.6810568361295,111.834683004024,18.4417451972613
81.5566218374898,29.6147080726017,111.66088773231,22.1640881059965
81.4943599308435,29.7264810279443,111.194035716056,21.9580033288013
81.8125321911459,29.465846955707,113.152440196792,15.0115431111175
81.7150864585888,29.6266871104126,112.201848736387,14.9670768160147
81.5881400572253,29.5593913315006,112.385190163148,19.399299027724
81.6039069394338,29.6751672870084,111.468266087414,20.8930825631251
81.7306159583887,29.7421330370812,111.917513782186,19.6205920547377
81.8276793013671,29.5808483302194,112.549729345413,14.9475810311712
81.2969653044374,29.953644688776,110.613405467118,21.1485430056102
81.4635835828204,29.7828801672204,111.110495902454,21.882388201873
81.8428694032702,29.6958418420509,112.67042930516,14.7629850371862
81.9083834890911,29.5898294666835,112.882117653479,14.9489886593333
81.2674673001347,30.0117605287151,110.484745367934,21.0969282690126
81.3866408215024,29.7807398997586,111.000177042605,22.0845762679445
81.0906128013752,30.0748945376514,109.950869298001,21.0858621395959
81.1480825330186,29.956700305745,110.252129634705,22.0418081318205
80.9461678580076,30.0839179867316,109.550034912252,21.1454488789637
80.861482125995,30.26282339558,109.86111089214,20.9117398876435
81.1929633139835,30.0131633778234,110.277886574612,21.1307787773374
81.356530327932,29.8381058366926,110.889897271709,21.7921948428028
81.07492923616,29.9600178628699,110.047181938241,22.1580241180958
81.1322312975549,29.8414668103721,110.459618319708,22.5140075230097
81.2513847251465,29.896131233864,110.573302506266,21.5975742587769
81.3705670755298,29.6648124360863,111.341163720812,22.3080172066644
80.9310533465196,29.969889613266,109.792674994576,22.4277344904487
80.6773941216535,30.2225838059486,113.357288004498,22.0701550668361
81.1770064681129,29.8977836905036,110.41773397114,22.3072122657503
81.3404327348441,29.7222242604294,111.10251135973,22.3015140196303
80.8322149543784,30.0362593592683,109.402205071129,22.8790191450235
80.5782655189816,30.2887107749881,105.711112203865,21.2699417623891
80.6489400008004,30.2819471687583,109.571098648666,20.8361465029624
80.3770087738218,30.4177055388562,111.644466984909,20.8924543767759
80.7618765587077,30.0432805216062,109.277728211842,22.212737704689
80.7338639114727,30.1032502812983,112.236259378894,22.6405227397625
80.4363570852892,30.3018790956292,99.8804180190796,21.3507909313229
79.6096080952405,30.6948305552072,106.442702711406,20.6670847708185
79.9551729152229,30.6520302739733,107.688320942166,20.566064231629
80.0197757846476,30.543398841253,105.718191798265,20.7582178688724
79.8123012045775,30.7576693764943,107.224293468671,20.4977476756137
79.8007137642941,30.6496007396321,105.378546695561,20.6088357120851
79.9436843092949,30.5438397204528,105.5993678367,20.9482780349277
79.8453794116436,30.7046413886268,107.197873873366,20.5136191587923
80.0632996530528,30.5969907031028,107.994482170408,20.6006482672019
79.9667260518512,30.7601956683482,107.926565591001,20.5521065871458
80.1696547479941,30.5395129953152,108.554998743117,20.6563702520373
80.0428870301016,30.7600070622006,108.343410940321,20.5798632300409
80.2435008287782,30.5362319230218,108.67031943916,20.6704488875205
80.074886895176,30.705377964169,108.317236364912,20.596124073441
80.3469736081774,30.4751219995574,110.231171488128,20.7895183282081
80.1499692816964,30.7037453956102,108.42852060979,20.6223890274095
80.6354403124807,30.1702322586367,111.828861522906,22.4789115834043
80.5364226627416,30.2366191456449,102.121843717256,21.7370619534741
80.5914444927401,30.3998923583019,109.694935011149,20.8052432524861
80.7761067525115,30.1560586670052,109.963657327036,21.7641220773907
80.7903859370789,30.2688181514246,106.18819944979,20.9029089517011
80.8468250359922,30.1495495312984,109.244175786328,21.5321148083764
80.4782654480982,30.3539110014167,106.024401354274,20.9436917284065
80.4614093622327,30.5223076319947,109.425182863005,20.7482576777422
80.2553748325486,30.6452505699972,109.009368638882,20.6643142521938
80.4818165081796,30.5883188151115,109.691908503757,20.7500672065637
80.5831708591685,30.5246878023986,109.858717261555,20.791459080464
80.6836739770369,30.4601240074925,109.948474833332,20.8322508437262
80.6333656366551,30.5325833863636,110.048077345871,20.8082446776902
80.7837073771418,30.3950864452692,109.991509126975,20.8724424832351
80.6546244488828,30.5991547258941,110.118140929357,20.8091728030646
80.8342756119718,30.4029235863089,110.028458849973,20.8891261183467
80.7557136480984,30.5348108847948,110.086126017238,20.8501131225383
80.8277787677292,30.5293732477354,110.277145705674,20.8743376629319
80.4502833082643,30.7254809797265,109.60220133898,20.722772160595
80.5231274536105,30.7206725615279,110.434677026385,20.7506219660232
80.0260077799954,30.9589633665903,108.324931602939,20.5495371679091
80.1023181144368,30.9583789532532,108.67823537757,20.5752144752113
79.8831999875735,31.0655247777084,107.86299131326,20.4865660975992
79.896450828765,30.9458314665648,107.847596260932,20.510951651179
80.0626547701072,30.8261770832111,108.226563638901,20.5796071447487
80.3262229603506,30.720702281236,109.346899603402,20.6830543568166
79.8436945087188,30.932422780945,107.433567815516,20.4929927882825
79.9539281573154,30.8804078757171,108.045299619453,20.5367629077795
80.2861393453689,30.5888766874722,108.94377650615,20.6805662081462
80.1698071327798,30.769749841239,108.828410027589,20.6229475152862
80.3591409230392,30.584681159699,109.111642744935,20.7066050430099
80.2753292757845,30.7111608705882,108.980445018771,20.6653381585824
80.4909511838676,30.4643532700465,109.425228314659,20.7639099146141
80.3792829280245,30.6505937925546,109.464264175084,20.7078043483326
80.3892751936221,30.527478249937,109.191259231271,20.7224836085518
80.4488526304741,30.4121072277489,111.09755521228,20.8498571373987
79.5055174118255,31.0766119645195,106.586895493541,20.3617017494433
79.633292976818,30.911195853851,106.728244966072,20.4206984697692
79.6728029347589,31.0456367513192,107.09040439797,20.4233554232522
79.7123471310952,30.9152972860898,106.888689341882,20.4484342919717
79.3298437714823,31.1829860311063,106.657351482098,20.2918303005597
79.3711862629582,31.0535020563754,106.526400037538,20.3167377832646
79.4646375596316,31.2061361024633,106.637997183351,20.3339820758893
79.4448730864812,31.1384172267693,106.599490627471,20.3352914611399
78.9297680438344,31.2968492602768,106.798916641732,20.1464808169696
78.8877403279105,31.428387081241,106.900342148209,20.1210008356696
79.545056203316,31.2116920708953,106.777881754032,20.3559267391832
79.5592627774968,31.0927484032496,106.741151411998,20.3792747332534
79.771605894991,31.1160502159074,107.480618261154,20.4441735707874
79.7852580328647,30.9967345477045,107.385467799558,20.4671807625557
78.7537483872249,31.4054086653471,106.334726886788,20.0806815604376
78.5471339894527,31.5727527612855,105.25343263784,20.0012867226916
78.6402671645817,31.4533277699909,105.841554037934,20.0402400592614
78.5147376487229,31.6268192245839,105.265398293777,19.9837202334307
78.5280246002089,31.503422310976,105.236944755675,19.9991122310252
78.4361396677407,31.625218890807,104.739744806222,19.9596947545211
78.4577644745594,31.4188182152805,105.243878578314,19.9809466397412
78.3795970248484,31.4172307518942,105.053084773921,19.9563626557372
78.7955902238864,31.2727094191295,106.466602088083,20.1021911943268
78.7150350079617,31.2668248229258,107.203987963967,20.0763909688638
78.6018730729024,31.3146432378286,107.356402706865,20.0389776375751
78.5882226520037,31.4372483922556,105.94169970921,20.0234044315669
78.9833110300961,31.3145067969983,106.853386791841,20.1630241436754
78.9102087373439,31.2277226594876,106.69716924093,20.1442164137417
78.587942612476,31.2042034799409,107.486514060452,20.0724894715258
78.443550335996,31.3081847124938,106.640685174803,20.000656672355
79.0253531273639,31.1838282918168,107.159327430767,20.1862513484672
78.8292155080794,31.2209102661085,106.521860441879,20.1175639463962
79.0450051414622,31.2527731110224,107.486661731669,20.1884512576319
79.0594542943578,31.1328818578445,107.510655447648,20.2023427547129
79.3909649089593,31.1216043759933,106.568271166421,20.3178704291219
79.4053316495143,31.002559063357,106.468514138071,20.3329071408007
79.2434686844795,30.9882740209399,106.529438771096,20.2773174031685
79.1749450389298,31.0897305340134,106.917468443385,20.2456584526813
79.5875754658908,30.8546916166045,106.526327464599,20.4093672222858
79.5076558264299,30.8492453832562,106.539632937162,20.406333336723
79.6193039620651,31.0303041676621,106.746887603543,20.4052384663428
79.5995342672781,30.9629099412422,106.773997845342,20.4042584685073
79.7005651421081,30.8072103483651,106.896842920502,20.4537082075939
79.6888467391027,30.6991017433556,106.915788543292,20.6225185445432
79.2777883535906,30.9375895363808,106.502062006729,20.3336688323005
79.3587887210865,30.9448282623169,106.360853359235,20.3211225886614
79.1621670827404,30.9805701534467,106.781990318326,20.2602322608522
79.1407420759065,31.1405051503633,107.033032950596,20.2295357975858
79.1494543066673,30.871390884813,105.540053071193,20.3833010503287
78.9308581826885,31.0666903128056,107.020346782345,20.1860722904017
79.1278608324985,31.0312514084837,106.89830261425,20.2336914605779
78.9441184154066,31.1764327121605,106.810619818616,20.1593181097195
79.0464331489871,31.0234246595516,107.116171329282,20.2508899241728
78.8157227807342,31.1109043929295,107.43423857007,20.1721615293754
79.0122295805994,31.0742804409612,107.516619768259,20.190768903449
79.1150451016804,30.9219785371654,106.126798328972,20.3370583826436
78.8968480317193,31.117896142621,106.735875063037,20.1522802056214
78.9991720342896,30.9647131822147,106.801634691237,20.2948609932392
78.1038565119037,31.3644872951441,105.236686151538,19.980373738513
78.0132522186776,31.5354722458982,99.4813261875142,21.3995470341344
77.7917048501662,31.5500080492836,98.1539087299578,21.1639233185768
77.1222170210112,32.2380475113643,97.517127361261,19.3365078917629
78.2563244638779,31.3614367258028,106.008990458393,19.9857863589049
78.3335621588181,31.3614643308245,105.981030908229,19.9713618170447
77.8945402632822,31.4866036982546,99.146603956402,21.3733173649902
77.8357861024097,31.6025534295236,98.1613054080592,21.1126114232102
78.0280469909784,31.6462700287229,99.4118233995576,21.2372999109146
77.3882065018044,31.8133264517913,95.744772469133,20.3224257497652
78.149009037919,31.4187646157748,104.823784417503,19.9338527015521
78.1184765643484,31.4753226160677,104.386797472016,19.9113573526341
77.9537568875331,31.6504115193053,98.8360679443963,21.1363821906637
77.9093727140501,31.5973816669954,98.6493148188722,21.1945673335541
77.1497523716143,32.1783800878419,96.7611888018856,19.441319678823
77.3040047244584,31.9911766741969,96.7329432720022,19.9527395324091
77.5033169127368,31.8568756879312,97.2622285844785,20.3696304630536
77.4315935848851,31.8645693358969,96.7040674784614,20.2915078035633
77.4468150115511,31.9749872103689,97.2395946853154,20.0769296386324
77.5886886916595,31.680111925021,96.6867375418782,20.7435954796594
77.5185044855388,31.9673362827613,97.2659919222397,20.1830613606444
77.7048051656681,31.7252302337155,97.179822900063,20.7832011345072
77.7198501582092,31.8358483999046,97.3988496999423,20.6055863012084
77.7336505086821,31.6667201110208,97.4779075593405,20.9187905570706
77.5316881776575,31.7978959938891,97.2980904231087,20.4897773708898
77.6037521320869,31.7906744707254,97.5446330440895,20.575702651819
77.3319967426151,31.9318488195872,96.375731899805,20.0870134646132
77.4034214306045,31.923734965347,96.7803511139861,20.1544826591665
76.6351137438885,32.3112798612111,100.646050488241,18.7717014798553
76.5736548788427,32.6048930771716,103.630605468905,18.1827941501615
76.9230514365109,32.0968143618329,97.4321681886138,19.3910988435852
77.2050811263489,32.0592066152195,96.4754960468533,19.7404005109478
76.8152637318913,32.3379729763241,99.3761217543706,18.9139403135772
77.0206111761678,32.0269980219213,96.5888989873298,19.6017967125641
76.4229806091705,32.5210296749432,103.965017247018,18.2625156801368
76.5317385080203,32.5562092483305,103.447199708112,18.3232198971609
76.2419620876751,32.6742838019027,106.403438107509,17.8467600268667
76.4646020671895,32.5693137958576,103.929420941164,18.2381106478665
76.5154025922943,32.4461226612567,102.591649442401,18.4638676968523
76.4394696346497,32.6310933272813,104.449192360396,18.1050608172361
76.4481774843954,32.4592365418315,102.992131047339,18.3838318452451
76.3731299633684,32.6449776922047,105.167832402073,18.0522158410738
76.1940276454226,32.7996811320983,107.663399511468,17.6426080709119
76.2587553726305,32.7842877731221,106.945077410739,17.6969317165889
76.210942728724,32.9096478106326,109.264570057493,17.4011481747193
75.9353409260204,33.0399476947813,111.112721019658,17.0215582649887
76.6414382764132,32.5925402247196,102.876718064442,18.286528429451
76.7197491292981,32.4097229028704,100.29408600123,18.7165767399744
76.348475596683,32.7071314743908,106.351311786789,17.9125068695878
76.2829359405001,32.7217765386072,106.574743156203,17.8263671257864
76.8420268418183,32.2775558014433,99.038623213281,19.0405477577107
76.8578974549524,32.3876938344069,99.4978155486615,18.8273098551664
76.9387437025169,32.2069970139199,97.639359226982,19.2591870143383
77.0088367565676,32.1971221394188,97.2719947010146,19.3189033062222
77.1066661278712,32.1278323159436,96.5435840608914,19.5426270274117
76.9435781748046,32.4466867600236,99.9259674503083,18.8574331158404
77.1342535397391,32.0681432414421,95.9723449963242,19.6711374951632
77.0517899746892,32.2474086474056,97.4901153320135,19.2293609413043
77.418686411272,32.0341217173683,97.1864504171817,19.9710491749297
77.2482676152683,32.1099848244502,96.9490743934776,19.6680504117966
77.024504660822,32.3072995062291,98.1458642277942,19.1232340528264
76.9544806231161,32.3171604639182,98.6439853194925,19.0183165972254
76.6252131805539,32.4824518909174,101.680384445373,18.5113323093557
76.5573424194486,32.4948111086846,102.010983871555,18.4565051693999
76.3897473379507,32.7550129651556,106.801918722476,17.7895147606031
76.4205024265271,32.8945317267981,106.221038813885,17.6533752057239
76.3804818458193,32.8869458265021,106.717699982978,17.6095633838851
76.4559982697165,32.7411400449476,105.378644804053,17.8790083603043
75.8298897521059,33.1861686572027,113.024830201896,16.6957631250738
76.1703331747489,32.8625471754054,108.891983672385,17.5031636252932
76.2023817375572,33.0424242740628,109.468489656222,17.2054861133158
76.2997048233864,32.83178159322,106.82672751813,17.6031285972202
76.2907867323476,32.9641389279865,108.164271728208,17.4080583905238
76.3651568938348,32.817151988629,106.313438609352,17.6831454498452
76.5120811188353,32.8187606233104,105.15154714867,17.8601654367492
76.4112360964144,33.0264463422212,107.286108639235,17.5035825088335
76.6049346351557,32.7441505444976,104.159576337063,18.0691916828173
76.4526468579517,33.0742348672725,107.354471825418,17.5027331565202
76.7358240396979,32.5198278315705,101.362740101701,18.4938833232543
76.6571531521594,32.6621349373145,103.376550238458,18.2308919091097
76.8471709309574,32.5175567014363,100.931934013824,18.6466225091517
76.7147515629448,32.740130411774,103.035270709865,18.2200939772677
76.8311949847867,32.4480972178478,100.522552703904,18.7048758077666
76.7516650549531,32.5893511606454,101.889809739602,18.4377751056065
76.9868149815729,32.4558841732786,99.5397166294212,18.9042137029353
76.8792421385175,32.656390988758,101.688437913378,18.5357122826053
77.3695505053117,32.3089288111811,97.3885502696481,19.5886653266245
77.6474148761347,31.8424780194821,97.3643879365049,20.5008462560185
77.6360505382943,31.9702835314692,97.5918614502713,20.3374670910815
77.5468343764558,31.9083903507915,97.4938855321519,20.3038801224035
77.3807989495602,32.1804831561633,97.6661657763762,19.7510319074173
77.8507120832815,31.7132752292885,98.1190724164847,20.9401682179288
77.336034638414,32.1706603070312,97.9381461694203,19.7016987284212
77.3193544026286,32.1014963715975,97.3802655793592,19.7582821143901
77.1826469704267,32.3168633273818,97.729837532026,19.3260479633878
77.2205261340637,32.1694692537966,96.7401973342846,19.5475281747765
77.6188682251157,31.9012142542219,97.6268311553473,20.3937000382027
77.9242622616572,31.708136033552,98.5796856701061,21.0270636415792
77.4355229890352,32.1032420531892,97.3583293693797,19.9129895234993
77.5355090112402,32.036425593956,97.1078284474436,20.1251158131783
77.7486528702421,31.7773710988144,97.5296722082836,20.7126357791669
77.8066197841584,31.6607225997247,97.9177786536792,20.995803624554
78.225206289571,31.4172269914509,105.208743328367,19.9382676699312
78.1636262659367,31.5295816576585,104.525222053158,19.8911589941845
77.821590256593,31.7714137033652,98.054516922201,20.8169673485379
77.9420534352249,31.7772353288979,99.0697173148259,20.9714056947557
77.7372215123837,31.9049106381243,97.9260076620851,20.5493564962553
77.839165720782,31.8404869455006,98.5062291367883,20.7610136427535
78.3666687611249,31.5415114672866,104.38811405938,19.9428439755589
78.3479521510362,31.4721984524747,104.648307586523,19.9399548818057
78.1331567202872,31.5861342316888,103.499706221655,20.1500903050585
78.046068943964,31.7154160560695,99.4750881541575,21.182172974455
77.6993156977118,32.0496666788507,97.9993552434426,20.3313015816493
77.8860602938453,31.8514496943498,98.7993695555201,20.8113863717214
78.2582459665024,31.5972844037445,103.691511335044,19.9033406950469
78.1125109651782,31.7966206230898,99.8337337639474,21.1777310789472
78.4172219945614,31.5558928884753,104.586309561276,19.9591244968883
78.2188463415527,31.7373021270094,102.713073998779,20.266715333096
78.307991840331,31.6108028196796,103.855840906174,19.9197129043125
78.1881704366076,31.7937747392855,101.979100888818,20.5948713491368
78.3267000351513,31.6800981104716,103.711041469569,19.9210504226874
77.9189250845411,32.0312035450227,98.332930601985,20.6404552371923
77.6706106377218,32.1084000791206,97.5585398490557,20.2262881667024
77.7835812594917,31.9155084294508,98.2447981484311,20.5990698289265
77.5981784599327,32.1156134373968,97.4730370664923,20.1187697133064
77.6819500764685,31.9806113116327,97.7991686828186,20.3876113449014
77.497634242598,32.1822812590368,97.1544302898592,19.9061855534011
77.4806374435226,32.1131985037536,97.2140680451507,19.9620121957732
77.5697004261914,32.1745695854498,97.1894835007463,20.013914067744
77.5810026619497,32.0465506487638,97.5197741764107,20.1744932863801
77.7721761305074,32.0430303012749,97.7738847774273,20.4376019454889
77.6134684145696,32.2260556761312,97.3500529555001,20.0058303961977
77.4693660054413,32.2414366176008,97.2674339968228,19.8008965432326
77.41306459833,32.3598927473692,97.8673157785884,19.5830641881901
77.8745408747515,31.9786421133678,98.3959510019203,20.649661427927
77.7145378883326,32.1601871290321,97.5540338613551,20.2162915282242
77.7873710596709,32.1535932645873,97.8516492379251,20.3178555107195
78.0075678823606,31.8577944948836,99.0202946629587,20.9670667340481
77.8896639694136,32.0892753858451,98.2745455107676,20.5297575938335
78.0823545334183,31.853739445351,99.4099147906095,21.0698523882922
77.9929175849264,32.0261518066635,98.7831428724671,20.7351329958441
78.1274023587342,31.9073628485991,99.6839681451894,21.0598383919343
78.4043132300742,31.6801306433492,104.673052114189,19.9419306227891
78.233615399234,31.8480401233634,102.000122778308,20.5385319784883
78.2954597557593,31.7358281986104,103.881564029062,19.9041361317908
78.2030032620246,31.9045095942584,100.15827208575,21.1588291337508
78.328812880901,31.915682184729,102.762507648101,20.2861147221196
78.341326034353,31.7907960851778,104.70412637494,19.9049299030163
77.9074069125699,32.1582715599177,98.4948066652202,20.4629035303179
78.0973024478382,31.9644676764946,99.3252717976091,20.9448099190255
78.0108772615005,32.0951678513935,98.9158056794849,20.6732698658755
78.1639925122852,32.045512865459,99.6316512594346,20.9356508683704
78.3788509650295,31.9291427933612,103.713678912825,19.8908412550738
78.4188537076995,31.7907714240332,104.866280391784,19.9215280797657
78.397730759659,31.9983211369935,103.229851195448,20.0491260992101
78.4885781849787,31.8742710788445,104.585720558953,19.9311657506578
78.0586906672592,32.1065797750606,99.045080327637,20.7259582163276
78.0768740518544,32.1756207442349,99.1115589136254,20.6752230565812
77.8401943226313,32.3605487375863,98.2500208466095,20.1504889139583
77.9546090392468,32.1692177946376,98.6130612900763,20.515125401632
77.7669274046396,32.3671555194305,98.2053902563226,20.043040525752
77.8515639230453,32.2331558902897,98.114694352001,20.3051235078984
77.4638267221568,32.5670733432269,98.341059158557,19.410120898197
77.6479515832968,32.3640735279856,98.3899904479569,19.8835784856558
77.6858735277524,32.2188866343033,97.7054983658008,20.101380586833
77.3024908589467,32.5563844213615,99.0984396627375,19.2023350296492
77.8163044529532,32.0951697599815,97.8648932948458,20.4279889465919
77.8049062451077,32.2225812685151,98.0341891814049,20.2536900732131
77.5017530857104,32.4208188349767,98.2488310390508,19.6234020348647
77.2036960081314,32.6251373187892,99.7322926619743,18.9931678828861
77.3850334331747,32.4191961079076,98.0749510004106,19.4756332630605
76.9918286353367,32.6954837480068,101.306381618803,18.6349911697507
77.5850309494714,32.2849780508308,97.4988626580598,19.8933271782193
77.5129948782785,32.2926472718434,97.3744333738833,19.7945406319577
77.3136510780533,32.4277531553708,98.224709535444,19.3704729994503
76.9113670274929,32.8358431235313,102.567432329958,18.3671114510949
77.0080511950373,32.7647993336792,101.452574742771,18.5754641581698
76.6271380767493,33.054785665055,105.636282925755,17.7450992406195
76.9220384149881,32.7060179846881,101.659918587482,18.5320216150432
76.7208318704414,32.980788232672,104.584470095395,17.9534224982008
76.8155893838708,32.9078116313379,103.561634151125,18.1602309652718
76.7786757733304,33.0585790359392,104.67913529507,17.9465891736194
77.1658591666042,32.7730428912849,101.054666482905,18.7825182864967
77.2479383354953,32.6345812223337,99.5454934452011,19.0415151177972
76.9543248763347,32.8447167128849,102.172695186287,18.4133376758695
76.9705313932574,32.9140227861584,102.715907089639,18.3630086551024
77.2645869184569,32.7037083831539,99.736369049518,18.9889940985613
77.3471137263027,32.5659812320195,98.9794011269158,19.2512847293661
76.5910728139372,33.2072485399926,106.702190514692,17.5335745760488
76.6685171921993,33.0628763594861,105.264739264425,17.789116884023
76.3930621822234,33.2907124042676,108.785543889176,17.17553062556
76.408456669513,33.3604305975979,109.221915565242,17.1254732435744
76.7525701162895,33.1197323009222,105.279957067671,17.848480252324
76.8580423981933,32.9164349740545,103.304987496593,18.2062248658067
76.6843110423485,33.1323856714781,105.836267601414,17.7405947029259
76.7627512137487,32.9891431099793,104.442265660188,17.9987381479918
76.4434286874159,33.206146216647,107.753467951653,17.3367879467638
76.3623800395422,33.1511853419449,108.703143220916,17.2996187366449
76.2733874737915,33.2292222840886,109.612658266295,17.1010734793488
76.0993447392488,33.3885182662609,111.865902154535,16.7017710516761
76.8952834696448,32.7664613764785,102.281699495689,18.4270912669639
76.8260359265637,32.7776062603965,102.630573422354,18.3235023688155
76.1857024551624,33.3083390422844,110.533790862836,16.9017205195757
76.2497048540972,33.292107712122,109.942176911672,17.0009128120108
76.5442102464644,32.9984247964882,106.028434537745,17.7057856582409
76.4280145578119,33.1364197389512,107.779150864055,17.3994795222988
76.9060570460951,32.5959337873688,101.072134348442,18.6382457922847
76.731015768748,32.8501773830136,103.99201592974,18.1165668694859
77.1055170983932,32.6945810609612,100.635856163845,18.7828546700265
77.0188948667063,32.6353128891256,100.674387475102,18.7403334960577
77.0891545256928,32.6253310692997,100.379927050916,18.8448712531952
77.0733685077095,32.515207896649,99.6927263097653,18.9552258257348
77.1871835807926,32.5559434608823,99.619753599952,19.0501643388165
77.116504342301,32.5654124145354,99.9702253932452,18.9513725355943
77.2858305072903,32.4872488181252,98.7824719693057,19.2631263983073
77.2981260440442,32.3175183931591,97.4558695724816,19.481766234688
77.2702576359478,32.3770394168357,98.055614881582,19.3776462538867
77.2814565370978,32.2483617497077,97.5874561545478,19.5386605067535
76.8899638090553,32.526548730583,100.757373732138,18.6947653978618
76.8099169448489,32.6675425663155,101.824869885725,18.4280158863752
76.6206302784826,32.8137362129217,104.157477914883,18.0132448832863
76.6370442931513,32.9237671012951,104.808257372556,17.910042405215
76.6886908502502,32.8012336118681,103.584234253741,18.1178874131931
76.5190903524392,33.0602292010443,106.657662497633,17.6012939571776
76.5949799640286,32.8751777841062,105.028677995477,17.9119800831888
76.5276462514794,32.8884137006077,105.60075132938,17.808190951791
76.5024626436453,32.9502314955665,106.301535789401,17.7078278912327
76.4359322470057,32.9642472260105,106.603447169845,17.6021734020119
76.2411974441188,33.0494424740201,109.016521230262,17.248716480689
76.232635392247,33.1822031563405,109.540198802761,17.0954768640845
76.1535018932947,33.1285373071294,110.323763162431,17.047343682481
76.1453053383267,33.261711783525,110.756149673603,16.8943149995518
75.9821092150513,33.2899076800044,112.541805623307,16.6496531966495
76.1685558778921,33.1984611722779,110.11866315826,16.9916041988842
75.8983150073253,33.3720502516769,113.489373088507,16.4527526363877
75.9969017409793,33.3599586332863,112.414267504561,16.5938080072286
75.8087646086559,33.5896338523689,115.100133814758,16.108704226853
75.67920305215,33.9381631359842,117.057807990332,15.5434579963044
75.727476804044,33.6737104365938,116.034928223515,15.9178613376709
75.8911096351816,33.5063166221285,114.072777034569,16.3013697901658
75.6679193378425,33.6936844089137,116.765181893815,15.818587483687
75.6649504474087,33.867821675921,116.724357849007,15.6371357603641
75.6471678907406,33.758476675864,116.857180786625,15.7304950058131
75.5855996562773,33.953094870157,117.433556384215,15.4437304837105
75.2755659437084,34.2991699531623,120.777757556692,14.685026109662
75.3341337567165,34.1031569800688,119.969776075323,14.9855357337615
75.5677557090678,33.8438642590576,117.532961363079,15.5463652301306
75.5271870589748,33.973869420705,117.478933486264,15.3640396716383
75.35210999168,34.2120072985493,119.906109396166,14.8743485399765
75.4113066436301,34.0162560384444,118.558920935839,15.1535209178203
75.094239697482,34.6386770399277,122.556929282501,14.0463117315715
75.4769521237575,34.2010769688863,118.944078701586,15.0033268220123
75.8409043917132,33.7693922780761,114.916386156445,15.9392750654421
75.8478194429107,33.6348275283656,114.691948721174,16.1270986977577
75.7485708622513,33.6091054927631,115.647914669501,16.0061372678075
75.7662447266581,33.7185950431205,115.617800602694,15.9371560784732
75.9129779307162,33.4421648180856,113.676260479687,16.3982063147236
75.9304689720792,33.5518365090578,113.829059602011,16.3145707541714
76.0593077697115,33.3422783196289,111.862675129871,16.6949739726211
76.0766299500243,33.4520703008458,111.575651347863,16.6055504786147
76.1775367098553,33.4415050989865,111.012305832941,16.7254575772111
76.1625073103392,33.3715663251129,111.133004674028,16.8002501379476
75.9598547351975,33.6920499652822,114.006533736486,16.1687232802389
75.9920285248511,33.5335564181177,113.291625012598,16.4076900556611
75.923284554874,33.68609660087,114.294879640881,16.1240732845101
75.9086456179433,33.6159560024231,113.587539622012,16.2219925684348
76.0067949887161,33.6036284191326,113.128322789457,16.332778748109
76.0364401479746,33.7436945044509,113.751784107527,16.2273042781932
75.9746018649707,33.7621169568874,114.29375440344,16.1211477108914
76.0439312790795,33.6097865830915,112.887294305628,16.3659816789889
76.1292520745846,33.5284634408495,111.906130922236,16.5663489092487
76.1442622762476,33.5983960740999,112.383941773326,16.5197886042563
75.8769496665896,33.775177333464,114.782793979294,15.9715968557263
75.7078180739939,34.07877338919,117.388610625046,15.4399519880259
75.2129929720924,34.457398260535,121.173388206718,14.4127007985656
75.1075280358937,34.7094580838618,123.055547872545,13.9986067146229
75.4431031540832,34.1957726318465,119.238271598145,14.9705098300889
75.413155669604,34.358404848864,120.225002313012,14.7566039689494
75.795118189771,33.8590795608634,115.910327423222,15.7771023048447
75.5693812386631,34.1851522700298,118.469691559674,15.1409435044465
75.6485976008631,34.099270609687,117.475339928831,15.3330339058542
75.5997216879719,34.0235015787201,117.370674026698,15.354149551793
75.714283698177,33.9436872481573,116.72157699823,15.5822183400838
75.6343648811843,34.0289318303018,117.224290846846,15.3913332892675
75.3223104109657,34.3750808192919,120.60077269705,14.6191980003002
75.0883943481746,34.775004774406,123.558070670071,13.9130064922829
75.3717585280658,34.1467388063002,119.394742506853,14.9928299653724
75.3658343484865,34.2826053195483,119.593417055714,14.7874468298425
75.7451878074061,33.7831621404364,115.891593872564,15.8296256972442
75.6856685512724,33.8030696987542,116.3506807199,15.7476808435167
75.1995412086474,34.3866772940399,121.380399307113,14.501945578508
75.0189803559105,34.7270571153674,123.25133074201,13.8575709475458
75.1430956063921,34.4090259901864,121.90350506062,14.4401619523364
74.9121873746712,34.8102575975362,123.916441784529,13.6601278444139
75.1239640023264,34.474482799243,122.288310828168,14.323384519249
74.8821713937449,34.9753624876147,125.081926156019,13.4404492326557
75.0619383436049,34.6333835888983,122.527375205511,14.0305203887819
74.9380715813947,34.9521138914139,124.914840562885,13.5428626133637
75.032127127064,34.7978976185053,123.771935654392,13.8110720492091
75.1832680273559,34.6212491003085,122.35638863575,14.1869751192179
75.2400087790376,34.5987784935948,122.09495564856,14.289047033437
75.2458394378003,34.4626477769002,121.093197494716,14.4419725845064
75.1640139827269,34.6867651051812,122.883561288233,14.1007216076229
75.1698395313041,34.5505282030632,121.807265307002,14.2518306135021
74.5415932855002,35.2551611104771,130.366586674403,12.7649558591067
74.4984807514263,35.350235543946,136.138757649179,12.6748759270699
74.5847039227854,35.3320703455454,127.825809703306,12.711869433256
74.6401630068238,35.3082835054272,127.659552548239,12.8133150179865
74.4678031897795,35.3444232146391,139.084628209952,12.7014674417326
74.9440134923803,34.8156388247967,123.963430059052,13.6904458499829
74.8693123360676,34.9044052261446,124.604039535439,13.503890035032
74.5294421853031,35.1839232832755,129.600144405728,12.9473185451037
74.9869234190536,34.7217240200629,123.39000439335,13.839709029013
75.0677759040396,34.4970559381199,121.944171085725,14.2784149732635
74.6154530886765,35.1659701835413,126.210148015545,12.9092190793142
74.676956696805,35.0057367376127,125.162241686393,13.2711044442397
74.4558023415387,35.2731302310159,137.311128334927,12.7349808129599
74.6589421626929,34.8982527896703,125.563909059447,13.4462745092023
74.474351151073,35.2077046181948,135.261441549443,12.9228682569246
74.6775612400438,34.8326898698092,126.383948329532,13.5234391565078
74.5480054548937,35.1184652411893,125.977759233161,13.041642150607
74.7328537938971,34.8091398672168,125.924677362653,13.5977958833112
74.6217384055069,35.0293017894338,124.926888372528,13.2314833006644
74.80693718675,34.7201557546235,124.833437100339,13.7739963218414
74.7508819010363,34.9167857651374,124.718412620521,13.4115277298521
75.1250703368237,34.3005514494123,122.045756543101,14.5323691696454
75.0487665397349,34.5625436956142,121.976226455323,14.1365921593712
75.1815164292942,34.278106780703,121.611381120835,14.6264194160616
74.7634780844627,34.9878562385877,124.919363865635,13.2819976423906
74.8377170628867,34.8989752314366,124.611979803207,13.4803450366501
75.2188184954811,34.3212660687028,120.952862661962,14.6221940255673
75.2575610417455,34.1904567856585,120.772349204457,14.811013860115
74.5851543382213,34.9874671617471,124.415118981842,13.2634147410601
75.1873102499702,34.1419676868998,121.393543272509,14.7474211206152
74.900081525135,34.5657676931743,124.164260376827,14.0100711841464
74.9927993956205,34.5853184303052,122.926732393017,14.0988444304321
75.1059267592476,34.3660594683419,122.436876618539,14.454382149558
74.9738936045633,34.6508256329923,123.223249453689,13.9555645175362
75.049741871809,34.3887312921658,122.838043295936,14.3475329281141
74.8993012975646,34.7393015582648,123.711220652258,13.7872350993528
75.0307225851481,34.4542709792909,123.068154568664,14.2639200119993
74.8437052771995,34.7624351650983,124.301508647059,13.7270308318992
74.5114622101897,35.0767669870081,122.571224759464,12.9939693681665
74.78736574694,34.441635552804,123.62923725278,13.8534684602942
74.4563903326997,35.1006595706041,111.326422962749,12.7092122495814
74.5177975418798,34.9400741767168,115.177817616327,13.0053187097308
74.5300253494603,35.011254928553,119.796631921181,13.0465861850437
74.6650421273963,34.7616170080199,126.215216272196,13.4792148016738
74.751517964375,34.7435611991307,125.710915953322,13.6873573960869
74.9297944490585,34.4009490195449,123.727037450972,14.1695649926776
74.437842529496,35.1661391486722,129.787573341404,12.7792967318633
74.4443096253766,35.0294253628261,112.067010292413,12.8305062648767
74.603740932731,34.9219271354839,126.550261875505,13.3905568535494
74.7388551410158,34.6725430644597,125.542951333408,13.6747409595517
74.4871313236272,34.9343520507399,113.057791343933,12.9719080435916
74.5667248206907,34.7084967570122,125.796412775408,13.2674497931627
74.6340272727297,34.7560530568148,126.138845442768,13.4059132202622
74.8426538326146,34.4185075243832,123.917051483031,13.9717933115494
74.5605304815704,34.8451594960546,125.115933069159,13.1790179734974
74.6216229248682,34.6849281924781,125.869138824554,13.3718176980626
74.9912793107438,34.2417770456197,122.912604166085,14.361470472834
74.9558478181629,34.5427063704407,123.48489289295,14.106996757312
74.9168218923045,34.3300430291116,123.322136036078,14.1696541165887
74.8256727037928,34.6545762674417,124.518145936536,13.8501623685545
75.0850930374481,34.0882855535136,121.226925206467,14.6611594747449
75.0043908598621,34.3126269798622,122.738683322712,14.3352393034096
74.9747616743471,34.4771466570231,123.366415879979,14.1666505554772
75.1117081210894,34.2298153423024,121.958246122428,14.5601181883396
75.0365170132866,34.3179376134468,122.491092138473,14.3873850612751
74.8812579352759,34.6313381676476,124.034260870971,13.9409772104559
74.9616754591441,34.4062960262049,123.44668591697,14.2054815478872
74.8554858252107,34.489468823918,124.774895794077,13.9612660310231
74.8871352347045,34.4948607015646,124.793839520546,14.0194077839082
74.812867961963,34.5836136829292,124.735117828672,13.8283322991295
75.2633981328686,34.0544421935002,120.976636889711,14.9323584553683
75.2770295773202,34.1250601853472,120.428406717397,14.8852507684161
75.3400407254748,33.9672845126629,119.886721715522,15.123926155685
75.3538032523237,34.0378413839944,119.862346835847,15.065702934355
75.4612213049819,33.7888794709775,118.919971538198,15.4565574080332
75.4312087846755,33.9510428960716,117.970064524786,15.2506482586439
75.6536375417111,33.6233758863354,116.598827515916,15.864444117763
75.5093175401597,33.8647156944189,117.883598001435,15.4430658098666
75.6987661227307,33.5331579722896,116.48487959518,16.024733227985
75.5881956762222,33.7789098607102,117.610557053206,15.6315198292405
76.1153090509958,33.1218013617153,110.579929729875,17.0040785173494
76.0820734303074,33.2786989664019,111.425760643579,16.7932478868005
75.8156952008501,33.4550623962683,114.642174365385,16.2555102065091
75.8302315930165,33.5252423170656,114.603176145709,16.2006917393606
76.1003665237863,33.0518081817029,110.126288689711,17.0847826670594
76.0671505971779,33.2087115857288,111.30464982368,16.8485714529553
75.9451205359931,33.283671874278,112.839855272114,16.6058456085474
76.0295729687254,33.2022407694212,111.736575414075,16.8034954188372
75.7653700293982,33.3789619198423,114.532408558034,16.2988766019407
75.6187130974104,33.6177970097921,116.866438002956,15.8322103063475
75.6844642103099,33.4628464676471,116.52524208113,16.0987064119039
75.5395584149949,33.7030588551488,117.840800185508,15.6399735773571
75.6045392731654,33.5474228000817,116.593953835725,15.9285227979511
75.4952933197509,33.7942814694739,118.576672569902,15.4835550259653
75.5255134744545,33.6326226473979,117.075699927188,15.7346000215948
75.4173149595063,33.8805470364325,117.830399982099,15.2963470946246
75.3698462079072,33.8046457811656,118.775129741499,15.3432845644635
75.3067198322132,33.9619825752835,119.865611905508,15.0831219141045
75.2362433252786,33.9131449568008,120.057977697101,15.0577594901499
75.1546359703218,34.1366933598572,121.815982197257,14.7110987258484
75.3896353151572,33.7394910483252,118.703812398861,15.4425873121537
75.3519889813828,33.695648177498,117.761013373718,15.4679445479051
75.4673529224038,33.6533472575618,117.97203074314,15.6577957673844
75.4495677874829,33.5441751432825,116.612061188353,15.7781819496888
75.4473063092231,33.7183820699669,118.738425057227,15.5281305899483
75.3836304679659,33.8752038008523,118.249361377348,15.2651798456429
75.930437780929,33.2135525991343,112.44279515971,16.6879842693931
75.7692311559285,33.2050155259764,113.122911018123,16.598911343285
75.7867290544784,33.3146295127482,113.475057756405,16.4499889933072
76.0202376885766,32.9588053917306,110.025414783559,17.2289119425762
75.8690954680788,33.2317461601205,113.275614568754,16.6258863647102
76.0374153608984,33.0686613454964,111.335885065172,17.0148530472585
76.1064525363612,32.8786950700397,108.961734256502,17.4116075869548
76.0147607197598,33.1321845833385,111.204432641678,16.9038625436823
76.0832590835412,32.9419147944577,109.232058821508,17.2901410397565
75.9526337041523,33.1497313874086,111.191080898546,16.8394199968521
76.0894362169478,32.7687623612404,107.76687673465,17.5503720874967
75.9975321662886,33.0223566148345,110.946249921105,17.0858333166714
75.9803385371648,32.9125143029675,109.842435059745,17.2308928966634
75.9130969197728,33.1037993723455,111.32996014228,16.8884198237572
75.8957900336659,32.9940324526911,110.879897957849,17.0240602010035
75.8516954475463,33.1220429468788,112.214903359637,16.8155277977851
75.5281147062002,33.4584330884426,115.821522182579,15.9828686009961
75.5868441156389,33.4380550739598,115.580528985314,16.0865521239584
75.429494673377,33.6092550322532,117.319521246944,15.6793501830157
75.4318113275188,33.4349937894303,116.649314925957,15.9429669137198
75.7517655554578,33.0953890743246,111.816568284796,16.7053130401517
75.6878645553537,33.288784964504,113.949770612407,16.3934946657555
74.9733072267053,34.1335003112452,121.017966763097,14.4490671282863
75.0671423663012,33.9798042239469,120.041433079719,14.750620323018
74.6777319582489,34.3150633613853,121.510444855741,14.0796869219986
74.7507838682625,34.399355109148,123.185967361549,13.8463981379894
75.2930660992657,33.8913638549442,119.765557659865,15.1502837734149
75.2751702643873,33.7825005112813,118.808414355192,15.2665190391232
75.2168906411997,33.9784834973234,120.476523403319,14.9625663080453
75.1989642530634,33.8697596792339,119.219200891059,15.0521759313232
75.0481068943275,34.0453072360768,120.651480495621,14.652216884965
75.0101763934337,34.1762939902154,121.817335741229,14.4561685430352
74.6951019038909,34.5959780143399,125.138513804399,13.5783544246534
74.8246774067462,34.3105442865121,122.60062025999,14.0450297253428
74.7076503011,34.6670490225829,125.697054503171,13.5917399350142
74.7814483156487,34.5781752283799,124.895900043533,13.760063983245
74.4138064534053,35.0236175363496,120.588114483388,12.8572744626222
74.4750179254148,34.8631204670496,115.009977804251,12.9717090600355
74.4018398658998,34.9523330233177,113.515508926851,12.8475936949437
74.3839311863731,34.8453541591244,115.152823072906,12.8467493989599
74.5482711469961,34.7739811172865,126.010765660952,13.2015598856921
74.6221578104232,34.5118887095863,123.422387537729,13.5407708798346
74.6401106596008,34.6194209397191,124.952330498737,13.4608283030628
74.6771356597005,34.4883363798854,123.769504306704,13.6523753421369
74.713636735708,34.5304552644471,124.403030401877,13.6616017413246
74.7693980795612,34.3337782540968,122.409048273317,13.9389267779138
74.5303293970791,34.6666687437543,125.193665060717,13.2538664367605
74.4755209469681,34.6904634285912,124.942287009648,13.14944354504
74.4576127761413,34.5832655605004,123.189500215444,13.4987778240674
74.4023426300758,34.7798757567998,123.292805066898,12.9769552364855
74.7328311942432,34.2915508513023,121.464641475221,13.9777796161283
74.69567432804,34.4227593342222,123.097830151444,13.7415829280349
74.3420931839018,34.5958785623599,124.364353331546,14.0783245407682
74.4391829892026,34.6488314755906,123.990834790545,13.2655145000715
74.4454358513486,34.5120914854087,123.034085869055,13.9449347993034
74.6042241479758,34.4043573853418,122.1330944814,13.8864286025247
74.59176360649,34.3332861077756,121.352434672128,14.2707114372806
74.8067225517688,34.2025794077712,120.974094945674,14.2866547748266
74.6651314132168,34.24404419826,120.692837615154,14.4786968088459
74.7514513010057,34.2259199662188,120.828998607623,14.2399454984921
74.7810860168186,34.0606999068294,119.485329172845,15.3275129088955
74.8996987349904,34.0481882855019,119.799932261259,14.629347689043
74.9291761115855,33.8835549532237,118.331083982293,15.6854091574107
74.9611277216512,33.888826010771,118.61079638905,15.2968618254196
74.8808916527397,34.1137981039819,120.367952076183,14.3812169844191
74.9161370112132,33.8126960312569,117.397685764075,16.1016959408588
75.2300594457643,33.5324098014703,115.798472406466,16.6850216137642
74.8607629673146,33.8355570897896,117.51594029567,16.0893979034
74.8549809400658,33.9720252131308,118.782871598371,15.3140557215383
74.8866854233871,33.9773285439975,119.061764284823,15.1175636816889
74.8254340348126,34.1369575897697,120.327002941837,14.4681327452088
74.7683194706685,33.9897349681358,118.691830749237,15.7124065890585
74.8125572059575,34.0660442334176,119.615877671946,14.9607864164169
74.7074707241347,34.1495655054075,120.004184578316,15.0452527896581
74.738712374874,34.1549536524504,120.134887808444,14.706232703423
74.5185432747938,34.4226417877191,121.935325978374,14.1337348339433
74.6037282812362,34.0598989858715,118.772402487261,14.6591760406878
74.4878879141123,34.4170616209702,121.78498130369,14.4357636420658
74.4756792791092,34.345889946352,121.002422162796,14.8435383312277
74.3301695103264,34.5246057344074,124.13180239836,14.396942605374
74.5485802639962,34.2566593055848,120.456356654253,15.0971967233199
74.4761373385493,34.1729925595874,119.392222146636,13.8819740353841
74.4940060322654,34.2803493413929,120.380630071651,15.0160055300158
74.6216168457815,34.1675352835907,119.761600668491,15.2334380395829
74.3484479324911,34.4591258356341,124.094679920493,14.4612560104343
74.4033247071118,34.2625097712888,120.03058324317,13.7350972717885
74.3186033837384,34.2808902470603,119.984113199349,13.3156025665751
74.530699283186,34.1491898549704,119.420569179763,14.3808519347832
74.5669446519911,34.1910959299237,119.868263026207,15.1685579708728
74.6221488968716,33.9942656770555,118.38894018139,14.3628942656788
74.7248916984683,33.7398816893213,116.453831025852,14.4404145715421
74.8721855878944,33.5627286165198,115.290511349852,14.8416450409771
74.8428832125952,33.7273784812496,116.51606801894,14.8534828146095
74.9783932542504,33.4797553925746,114.526739643734,15.1388308554719
74.8982555707886,33.7044128910129,116.505529294343,15.4797150427411
75.0209056167686,33.3865308954987,113.917294571925,15.2435408399925
74.917064469086,33.6388251211484,115.802794002393,15.2172037350362
74.9916160348606,33.5505194616869,114.950740130835,15.3431322312842
74.9349350121062,33.747161686365,116.859884953501,16.2817446550861
74.7690228422909,33.8161486331097,117.203916011578,14.7507907867722
74.7133372710121,34.012970993779,118.683539933984,15.6573909600999
75.0475014203968,33.5280059523952,116.233127943509,15.6960943776566
74.9905427940147,33.7245119550853,116.857709422998,16.3729927427322
74.8241885752565,33.7929883557093,117.002930730114,15.0577442115577
74.7869074954471,33.9241667991587,118.046092357755,15.9027769251872
74.6341069503419,34.2386046498028,120.514408527355,14.6961874952761
74.694841619245,34.0785479942178,119.254591170102,15.5192583285874
75.3524262689957,33.179453636588,111.63691540683,16.8408317937699
75.2359768503881,33.3964736779276,114.211283244729,17.2800078684816
75.6911743167238,32.7749870991353,107.457980943864,17.5490575927188
75.4620158001566,33.2732397331391,112.906489078481,17.4709083120244
75.4507241090623,33.028522900715,110.279825582183,16.8124576055603
75.3901192022655,33.2235359262163,112.625839465137,17.4289760310294
75.5092512973477,33.0081153283382,111.537816141567,17.2041228804952
75.4480622806746,33.2027726328191,112.280459102662,17.7023685903427
75.1228156000187,33.4402601002893,114.019795443922,16.1260822590199
75.0037163790855,33.7953170383922,117.733781226733,16.0157292421329
75.2752105146693,33.2659361508558,112.664875856122,16.6367882168089
75.3248104365605,33.0384145947505,111.152698577919,16.0596469818813
75.1421083181456,33.3748274487082,113.166363574779,15.8555458617044
75.1774783000377,33.0756786809289,111.430649533353,15.8187003789802
76.0045740860921,32.5119739454526,103.722802943022,19.2565109657886
76.4994095614023,31.8440826584594,96.2938668623765,19.0528795984856
75.834712154156,32.6737923879265,105.928732998502,18.5897042984858
75.6872216881066,32.948989127592,110.251710421161,18.4686144832439
75.7516725355091,32.7561507349955,108.545170996358,18.0214137869461
75.6065261961302,33.0328968209791,111.091897074967,18.2233837323072
76.0915275968524,32.4326734912133,102.654310678951,19.5646537969357
75.866515927835,32.8537606801032,109.958752297267,17.9560860652156
75.7734607427036,32.6920131490393,107.263507685607,17.6762297878314
75.6274777622393,32.9683290762277,110.319968238185,18.1803512853105
75.783457014156,32.936093086706,110.173785060006,17.8957878971691
75.7085550059691,32.8846400992565,109.40613268536,18.3919001472344
75.9033909850959,32.860043752224,109.660941451542,17.6904152939199
75.8519318080481,32.7835903237885,108.376971885137,18.7519097391632
76.0215561011674,32.6219184226096,106.5061234762,19.3891363318569
75.9587421620738,32.6387235491,106.332394162703,19.1056233623825
75.9360961441444,32.7022503877172,107.512784677061,19.136004407843
75.8741143804758,32.7197614540315,107.396627236808,18.8601446372254
75.701554686032,33.0192797130918,110.351445086864,17.8456471847794
75.7689983305112,32.86586235818,109.465716192719,18.6650757133876
75.5268337980375,33.1175145284716,111.843922942486,17.8928997190596
75.4683417996518,33.1378459778233,112.320838974266,17.6146674487446
75.1406423828531,33.5489994712135,115.4254031336,16.8510113752521
75.1053784837401,33.8487941601937,118.509305964776,15.0937533731448
75.1540815453589,33.6196951822053,116.488356783717,16.4111729427984
75.0844394972841,33.5711457087172,115.551132515705,16.8729567849239
75.065352989291,33.6365972655831,116.072768358892,16.5508638157431
75.009472435322,33.659011070902,116.207672447534,16.4932272129415
75.2164898848267,33.4617701186348,114.760947949995,17.0126322774365
75.1599167264817,33.4836170786371,114.833164877695,16.8493176461556
75.2004525533307,33.6955920504059,118.008612698811,15.4155216311722
75.0786599757817,33.7073479855325,117.263099884956,16.0040736059086
75.2632246672824,33.5376961268913,116.856793915236,16.1495681829517
75.186905883491,33.624952895907,117.356466982135,15.9269279597163
75.049216008828,33.871318151467,118.83480638233,15.0293409584166
75.1111659621517,33.7125925289428,117.851033114311,15.7749803278058
75.3401921051563,33.4508708293108,116.063032189642,16.583395240701
75.3539960808392,33.5213943848996,117.20906096297,15.7709811558677
75.6703108411455,33.1792576308022,112.693193187373,16.4969936960431
75.7373274512675,33.0251620809528,109.796597036131,17.5849975246024
76.0030951296872,32.8489349413549,108.887041213712,17.3289076134907
75.9508079224379,32.7723615844721,107.556424612213,18.4007927095623
76.0744845909726,32.698772995625,106.833955322783,18.0587710719991
75.9882750773307,32.7788879108888,106.95443169634,17.9973286434236
76.1771495798035,32.6896988432069,106.600540675728,17.7661588919987
76.2510051995638,32.541894851146,104.145526908125,18.4116679786123
76.3318329760864,32.5970944686561,105.276589267211,18.056095626505
76.4327244244674,32.3895031953133,105.562151110538,18.5326862860291
76.2662049966418,32.611755375048,105.330730529848,17.9712913379479
76.3412288725199,32.465131896853,104.455557948852,18.4065505030647
76.2860705824941,32.3875730167503,103.364713972095,20.2404316762167
76.2116660453563,32.5344978690318,104.592808984118,18.9601310798707
76.220706287157,32.402093066507,103.052522372052,20.0218099053532
76.0446911330743,32.5587242687285,105.202454913929,19.3723460395979
76.31068445501,32.3254613415303,101.918910674927,20.3068165459469
76.3012912068545,32.457440863798,106.147038548426,18.8524647157475
76.3768422822157,32.311701540803,101.81971801869,20.4306353459377
76.3921855560424,32.381503288636,105.824914400923,18.9490539719305
76.6564374346535,32.0908546598901,98.0272733474257,21.1186408367039
76.5410707184261,32.3847117184833,101.94999292675,18.5708258821465
77.140422053807,31.7411055677789,97.0676841938836,21.9235684232719
76.8102376663272,32.0979268838539,98.3362766758544,19.2464217777361
76.4688755627219,32.2369790191898,101.105737271643,20.8349329262067
76.4843487856484,32.3067203101846,101.966860007658,19.6621921432451
76.5777251363203,32.2330764011015,99.9300044306187,19.8417581011273
76.6090296017372,32.3723457770498,101.367954000494,18.6662025138749
76.7143473126607,32.1693191511516,99.2595039297537,19.0387072904477
76.7301803118808,32.2388558455023,99.4610828604118,18.9802061176644
77.0043855066803,31.957651465901,96.4803447892047,19.6602561189705
76.9932143455095,32.0869251713501,97.194930781059,19.4945856752544
76.6194100490579,32.2416794413015,100.107773552899,19.099246825369
76.5254894179436,32.3150417616718,102.013271733991,18.6441954977834
77.0911618040942,32.0175970050718,96.1128220936744,19.6989992432104
77.0361777247582,32.1372131833401,97.0938414414712,19.4480621792569
77.3000871245076,31.7522882988539,95.8780766822002,20.4682912632891
77.2010177811835,31.8201522746943,95.724224729288,20.0761433373899
77.4996194924734,31.6182563800993,96.4883035221793,20.879577307747
77.4881806617994,31.7463928105494,95.9958609168043,20.5336691041016
77.7568260865959,31.4118035857456,98.6756982971472,21.8761564853527
77.6173178691186,31.6213069696342,96.9345770977898,20.8524392427666
77.8033880948014,31.4227014520056,98.5901210090384,21.329538882727
77.7187025092856,31.5560459187029,97.7972412592284,21.060572921857
77.9241326751039,31.4288283088752,99.4428728232302,21.4813084345924
78.0106370915379,31.2982751703939,103.056569492579,20.1194413976149
78.332417601002,31.1264740917633,105.460634222279,20.0731667482219
78.3510351138529,31.1957809545527,106.408850587456,20.0748801215168
78.0497860397881,31.1569809769348,103.045792286075,20.8045505902593
78.0677362797608,31.2261455218022,103.671215058478,20.1577799289825
77.5375654250071,31.4727559743272,97.7402114292159,22.4801983222877
77.6553147291421,31.4763856817918,98.0523838468196,21.317300179551
77.6381589219,31.4072737481516,98.2011595683892,22.665105653721
77.6001693358937,31.5522015379804,97.2068131908165,20.9107695524076
77.4375604092424,31.5389627582617,97.3659661922319,22.369992627373
77.3996133264422,31.6849784584065,95.8819680942772,20.4933571839424
77.454378871665,31.608120261441,96.774961480711,21.4471286502243
77.4164224560229,31.7541295833325,95.7620055856428,20.4318827293494
77.3661480542923,31.5466220134984,97.1955093311535,22.8169395949061
77.3547241290837,31.6749860124753,96.0287560860544,20.7349148121178
77.1681433687676,31.6816123071727,96.9856987626173,22.4300383039023
77.0585555223947,31.878964454151,96.6609572104364,20.7017701154225
77.3380588851679,31.6057885977703,97.0968866604359,22.3489985020699
77.255524315999,31.7424092731249,96.3631395014289,21.0932822188068
77.5660495438114,31.4139588058586,97.9164715420826,23.1013681844965
77.5545476385396,31.5418851223006,96.9322885784988,21.245084750564
77.4225584956477,31.4284298061386,97.2369685328674,23.1854614863982
77.0698432565467,31.7499486276569,97.134639815946,22.1485911745764
77.9304967278825,31.106356407895,102.643233579389,22.4408629744176
77.8417285501562,31.2792593993526,99.5883164694915,22.7266502592969
77.9450852967329,31.217239758696,102.172657507161,20.9044271544555
77.8711474346525,31.2214535352441,101.187958615828,22.3608788800865
78.5034472862614,30.7750303263329,107.724993578245,22.3900983280703
78.0801951488965,31.1003661030322,103.289447035625,21.8817446925585
79.8720886204139,30.4650510198923,101.81833691275,21.0685125029292
79.0436387266368,30.6059986192726,99.8233929286434,22.010902990241
78.3733015015085,30.9895449711495,104.839160916249,20.6714250148728
78.8463190722656,30.6394301491118,103.538245104447,22.4312298019057
78.2638122918681,31.0428926678395,104.35116626132,20.7226662923185
78.2496303900089,30.9320521770945,104.837193802656,22.2670996678012
77.8270426205569,31.1684239595987,100.657404330668,23.7847409922484
77.7685329693107,31.2844792375905,99.1880048880329,23.615598384132
77.5226401359843,31.3621424870323,97.6832784167603,23.5026376951021
77.4658371312565,31.479968141745,97.4884905746573,23.0656448128284
77.0545086733552,31.6396414422948,95.8860000931664,21.197849776864
77.3724698730753,31.2209081883481,96.4240568996495,20.9657722071334
77.3229738864417,31.4953301194506,96.9643656839646,23.1000509910483
77.2669223785956,31.6138455334875,96.9991284024441,22.5265572441293
77.2238314103954,31.5627750547278,96.601235891568,22.5447627191058
76.8748933675922,31.8885120012649,95.7401696038096,21.700883732849
77.1251458969574,31.6307722994214,96.5282509754218,22.2323628151695
76.7517098939916,32.0192771833705,97.3854027850042,21.2504901830481
76.4526360641583,32.126845151621,99.3056139036162,20.7195635726907
77.1746351556343,31.3550121042555,95.6252773212225,20.5412045707218
76.8322265488149,31.8384013594898,95.5448673149687,21.7122975243733
76.6721605391973,32.1604636961718,99.3986961092543,19.5235786294869
76.7627039654524,31.8486927659227,96.5454801426162,20.1690148314514
76.5881050862311,32.1023908998986,98.748671752131,21.1042524850676
76.9447719246421,31.8787592998756,95.7609079866869,21.5809339878957
76.9292615772496,31.768511527315,94.9488654876544,21.6314155357987
76.7675613145561,32.088822330957,98.2791100355236,19.7036532741373
76.6827921620511,32.0301638099791,97.3587677275195,21.2730102923538
76.9720570152264,31.8188815275319,95.4166559725273,21.9058837511885
76.9608788630674,31.9481736615404,96.5385820385396,20.0675179241179
76.8478697226283,31.948619540961,96.3755128478888,21.4822376630517
76.7784257763433,31.9588999322088,96.9746049843348,21.4963122625279
76.5720849641847,31.9922240621488,98.822329877587,19.6991601048785
76.4019274296432,32.2499591459589,100.836620804896,20.6273848300324
76.1320220089242,32.4798431995016,104.062013076463,19.6914092390144
76.1798660155058,32.3545191459091,102.695738289228,19.4103407388632
76.6669248792976,31.9199786881872,97.4049741100498,20.1127628214946
76.5621238485946,32.1633980013898,99.2902868298317,20.9359960357979
76.4782591773829,32.0654738608578,99.9401288706718,19.6196676909269
76.4944343893216,32.1756210121072,99.3977125164616,20.8654438396657
76.1965682963653,32.4645648465761,103.855403113372,19.8306991536958
76.2941982859269,32.2153650143566,100.466714884215,19.1435464338293
76.3855974570245,32.1398359614145,100.354690684034,19.2433987715576
76.5149202059551,31.9138309336377,96.8780207936681,18.9950068318957
76.6405060581708,31.9806814698978,97.3671640748693,21.1957788428796
76.6511922159902,31.8503699654641,96.3761509741469,19.2864743260159
76.2695202514401,32.2774920108498,100.580221032791,20.1705622302418
76.3702334977063,32.0700355848924,98.8797633967657,18.6087706095342
76.7359266427975,31.9090838642292,96.7216338366753,21.0584346776133
76.7468572915683,31.7791582617998,95.240532323542,19.5095886420756
76.11523384767,32.3698210718881,102.451679725842,18.6777439288966
76.2391467219769,32.1377105198681,100.178449576024,18.3516430326314
76.5460384958989,32.0532427329736,98.8059779268005,20.5186725698283
76.5564761137003,31.9225516212299,97.023638403534,19.0634135014563
76.2040663472738,32.2920296283373,101.813364977185,18.7988366823398
76.2789607550953,32.1455055597968,100.033933308113,18.3928025214219
76.4063780610379,31.9174974829298,97.148452090019,18.8388588831724
76.462769037526,31.9957335755608,98.5253934986642,18.8406148230611
76.329826641022,32.0619330885208,98.8444233550766,18.5617361910545
76.4217626902294,31.9873053691817,97.9764010047396,18.7764392849042
76.1889495825481,32.2221067971323,101.158217048163,18.1812760929157
76.3145679255945,31.99206625976,98.3362180771909,18.628513497379
77.0763513311447,31.4228412834194,95.4415046351629,20.3279644822017
76.8433479897166,31.7088182552919,94.3910624660305,19.7266408694612
76.7845333751546,31.6298645352786,93.8446905536745,19.6909542800885
76.7043280591081,31.7699416574826,95.076350229198,19.4263724808711
77.0382985585906,31.5703131557174,95.2745047272164,20.1606576260584
77.3013543981982,31.2285345738166,96.0339092233476,20.8639738141484
76.9084614230348,31.5003560456652,95.9799951247919,20.0135791415228
76.8003988256034,31.6994075647458,94.3642921744006,19.6415799672821
77.190989340799,31.4242875224642,95.4555195416342,20.5007853607707
76.9946156415036,31.5606064196891,95.7978925245078,20.0707393115456
76.897198154572,31.6296613000099,95.1303676676154,19.8630231446175
76.8593098365526,31.7782786116081,95.1712366995983,20.6442022390714
76.9405211653753,31.6392250687503,95.267993244536,19.9413245086671
76.956603618599,31.7086160504524,95.428286083196,20.6488582923314
77.3511077373869,31.4361324995174,96.4697266599173,22.0361826374233
77.4340838122052,31.3002473242845,96.6053880877588,21.0474013729472
77.65208662472,31.237999428022,98.31447900946,22.8088355157818
77.7364655340528,31.1045308524929,99.9672536743187,21.4297380852399
78.0657847348808,30.9894554404635,105.339220263813,21.4842086775201
78.1544720709961,30.8626667493372,106.226361545118,20.7490239318944
78.1727085052235,30.9320287696643,106.395724148903,21.6172468415055
78.2129072080694,30.7932543729252,107.140545945834,20.5465609150916
78.2813057636432,30.8770632607607,106.730322199571,21.917748165587
77.7921330053036,31.0301001099819,102.810489395349,19.9505754040538
78.5976350485651,30.6582850814976,106.941289155201,21.1994461235339
78.3728979837777,30.7552281549004,107.735447771777,21.1820748552172
78.3592947444024,30.8787964766119,105.344502084632,22.1367355787168
78.5596713991917,30.5191630318224,106.276035877674,20.1944626629073
78.2628371810244,30.8076256074059,107.178568507334,20.8503530332298
78.3357360314569,30.6162494032622,107.736177582234,20.1002665387143
78.1053945481779,30.8492329958903,105.203444463273,20.1122731355737
78.2261304065022,30.6687927145568,107.193240222278,20.0517046234226
78.0477812346856,30.9201645661332,105.411381746163,20.4918667831244
78.1946612286661,30.7238782949015,106.765835878502,20.0311646519196
77.6730580780331,31.0245083910355,98.7007854022734,21.6029697980561
77.5891817359713,31.158310358446,98.0276109151756,21.3874730688173
77.6008341544621,31.0305811414894,98.2756281107811,21.5049617933082
77.4888641213797,31.2238526151338,97.2611665945001,21.1706493704503
77.2024798789407,31.2957010728683,95.9947985847987,20.6517532311774
77.3344748565008,31.3669511794714,96.0193519591837,20.8199722702647
77.0925766448433,31.492177290686,95.1633933163933,20.2948485713067
77.2353107818996,31.4342053494047,95.4709600575503,20.5966057490298
77.1365776860077,31.5019869538259,95.1005081490548,20.3733535591436
77.152917931762,31.5712548806712,95.7712764992209,21.3676679300749
77.9426599463844,30.979844668817,104.629678484175,20.354341958974
77.8775979382464,30.8987661794785,103.712381960982,19.902598575794
77.8040730399487,30.9030725175943,103.052976249561,19.876919907958
77.8929478587917,30.7304581711234,104.363549569292,20.016710092477
77.8951547165494,30.9679513296086,103.739924682602,20.0120389918922
77.9995177310437,30.9075594156208,104.831413385532,20.2166422202695
77.907339628356,30.8414191044291,104.791318916635,19.9160227851437
77.9674052662843,30.7273534101564,103.93038862852,20.0017634449501
78.0120058609809,30.781621620207,104.106581922609,19.9650546752324
78.1041052359176,30.6130271025342,104.538452221729,20.1067001977237
78.1182325786337,30.7239861972624,104.915439627559,20.0051184202858
78.2897712978002,30.5595682904374,107.609196045295,20.1237349004509
78.3221186691131,30.7398591664151,107.507552840868,20.1768535018147
78.6399180951663,30.5257446859799,105.75108079223,20.2261174230234
78.1806196713697,30.6129589563339,106.260013279772,20.091765646074
78.3219503302491,30.5054439432452,107.738036800736,20.1799842438487
78.2121644844163,30.5578893908453,107.402866102396,20.1440637353357
77.9977366441542,30.6706449192126,104.025490045908,20.0597685773636
78.0860165583763,30.5435542528505,105.568699748595,20.2816658549197
77.9798833411383,30.6012562368112,105.094391234496,20.2689337906807
77.8281163124087,30.6492566150656,104.293129455214,20.2369572580509
77.7721812290222,30.7229017287751,103.694256613268,20.1959997381428
77.5004450292681,31.095868642882,97.5923624591271,21.2900143379084
77.5861638387637,30.9198040201383,99.4363278967481,21.7418394882394
77.4856943692896,30.9851719399191,98.325105847049,21.5132312783979
77.5691682241399,30.8506021174759,100.061812814761,21.5683818525928
77.3858244406072,31.051283219893,97.7548744272393,21.3281852637682
77.4688769410501,30.9159688564203,98.6392412847289,21.7370642445905
77.2864380770974,31.117996610865,96.823709557561,21.0851350776324
77.3244272249404,30.971860452017,97.4502518836722,21.5805444052998
76.737438852234,31.380529982364,92.3609864857647,20.2687040787958
76.9632381493516,31.3808714968213,95.8486243235076,20.2783460487972
77.3575955448072,31.1103266551697,96.7104848486596,21.1241160172172
77.369172314663,30.9820639077152,97.8143699548726,21.5754381917694
76.8931140019995,31.3900404742952,95.8862305569011,20.2134788289744
77.0726905809233,31.1836330816268,95.9867052604449,20.8842718953166
77.1040167570142,31.3633742086591,95.795140205585,20.440199747472
77.1595782303647,31.2445720935153,96.0479503112141,20.6965648684378
76.7960406863898,31.4595219306133,93.25203560108,20.0361791702892
76.811521940168,31.5698053323243,93.2736292085049,19.800286502061
77.2898393303969,31.3569292435139,95.9519942562708,20.7174109896761
77.3891134662181,31.2900958803547,96.3860282452911,20.9464012638504
76.7152592808531,31.6399973933613,94.033303381098,19.5880670481008
76.6091452561589,31.8414012769899,96.0192682780095,19.2121898087248
76.6198309406215,31.7110715750624,95.0532456057863,19.3776954406993
76.6728928970827,31.5900832591846,93.5751391817865,19.6292969889803
76.2075469359542,31.9576581610475,98.3299231454412,18.5859120145994
76.2240086493009,32.0677807762895,99.3786612135516,18.417034499923
76.1422613559078,31.9720813485269,98.7928151510405,18.5344425826117
76.1347177049382,32.1446205053781,100.543962920741,18.2054833927241
76.3081102273279,31.7503443992857,96.1096986361288,19.2079812347699
76.3902311636576,31.807318851394,96.1391327707394,18.997293821923
76.2321857799596,31.895569714764,97.4987546886842,18.7049823827466
76.2982634353047,31.8819134598629,97.2487572939171,18.7887551950579
76.6040614166587,31.6008391998532,93.6998785813104,19.567398799915
76.7802110937915,31.3900181247678,93.7569708852106,20.2642002780309
76.6996371285929,31.5297412640642,93.387668707734,19.8116883983662
76.7689918841966,31.5195962572868,92.9412727061966,19.8483965832007
76.0387293623062,31.9796923138074,99.2713043933692,18.5755977086127
75.9432874732813,32.1917525687161,101.519003458683,17.937280033239
75.9516237592182,32.0584558696463,100.230452164133,18.3452682970456
75.880604930364,32.2085250082514,101.794864670917,17.8494983279941
75.7129048962625,32.3715465008676,104.053654960412,17.4277430812323
75.6481903402262,32.5641229050049,106.3233459618,17.057196942505
75.6911790791128,32.4356665722309,104.671894070468,17.3031184998725
75.6269234521428,32.6284564188863,106.778906183339,16.9486966081893
75.5290892786038,32.6027654192579,106.692424589659,16.8737879468312
75.7305507553709,32.1426871476626,101.828475129784,18.0366480652599
75.4496202562142,32.6874424458951,107.639281252041,16.6920057792205
75.5358426137646,32.4678122659903,105.396234229238,17.2801206387777
75.3913237935933,32.7078135202674,107.899521640828,16.6200364663542
75.4561377961548,32.5522390841721,106.493694412183,17.0646353813246
75.3309591983907,32.9028033275851,109.878898264741,16.2290340391984
75.3433627477074,32.6317944647415,107.277688771719,16.9192814109137
75.5673976703528,32.6477442753317,107.099110490544,16.8472993866957
75.4701792171659,32.6226506994276,107.123300348056,16.8085984946971
75.0825834954624,33.2281803210738,112.706017065143,15.51108245822
75.2995642559563,32.7230726211494,108.11992412307,16.6181103941617
75.6095827764645,32.5188160547371,105.749455642231,17.1077678517259
75.5500076298621,32.5381705998531,106.101292277361,17.0361179675536
75.7961215233664,32.2895487376389,103.111005974031,17.6748834474441
75.7910873061789,32.4632170823346,104.954667388615,17.3669827571114
76.1497345536385,32.2146119867644,101.3427050247,18.1411348067958
76.1588139567957,32.0821847295008,99.5680164922451,18.3130249956282
76.0536463763138,32.049733950132,99.656645932216,18.2785352235554
76.0703483051823,32.1597936809926,100.711774446859,18.1016784258393
75.9749441853171,32.3718332462913,103.553408139576,17.7196766359137
76.0467492646504,32.2225948529737,101.505724964854,17.9943012050727
75.8423307369403,32.5397792550636,105.47688417789,17.33945327969
75.8975740399988,32.3184615533133,102.869637845333,17.6809175496875
75.8896201563056,32.4521251315917,104.361030050932,17.5057673571655
75.9601836904302,32.3017311100635,102.69857832855,17.7844813771261
75.918991113058,32.5923746509719,104.840931995389,18.9184279994716
76.0128928118053,32.3787103180292,103.347704326252,17.7594827514208
75.856943055324,32.6099322821052,106.21214276538,17.9046427734843
75.9269486354973,32.4587219221702,104.294029952852,17.5475172698411
76.0277640454862,32.4487545612973,104.018441768887,18.3534822007023
76.1002383447808,32.2998359897905,102.104049895506,17.9678785868315
75.7589745234552,32.6218037133962,106.402171428252,17.1290810997348
75.589018868263,32.9233849862438,109.022840934903,17.673648224874
75.6768125064256,32.7047203348772,107.406376066444,16.9209528691943
75.5298849228236,32.9433134237153,110.237098548958,16.9736125965987
75.5957705813255,32.7884540840317,108.421348518935,16.7143531617581
75.4811327833008,32.8672992466898,109.304965521379,16.4676555216344
75.1986963488302,33.3528880415395,115.056122474419,16.1195170327581
75.2812246996863,33.1301489062899,111.778004817623,15.9053724915171
75.2949598651646,33.2006962832363,112.953782799002,16.2516552393532
75.3585807551988,33.0438458664643,111.0024492515,16.0960037726505
75.487649435691,32.7321117528191,108.094637449457,16.6402997981162
75.4025468441742,32.9525656741642,110.168552484964,16.2619821210304
75.2478471648553,33.1247865741412,111.77243451165,15.8526789313727
75.3110529987582,32.967866102705,110.312053793965,16.1217967431827
75.5606502892572,32.7826815984323,108.657657644847,16.6779440995778
75.5465166708433,32.7122989649343,107.865153299297,16.7418152683428
75.2045960533197,33.2169403473079,112.518231573099,15.7213200461359
75.2342155724336,33.0541832504323,111.128186552985,15.9181222956114
75.1286261813629,33.30416988268,113.186234386941,15.5316756195151
75.0648268806137,33.1194327884853,111.659394789621,15.6282643224891
75.0959605938377,33.2988915808499,113.336398073516,15.4474633990393
75.1715859131039,33.2116282429973,112.523552931892,15.6490926179164
74.8592008790623,33.4918613991568,114.555474995213,14.9031709488095
74.7983846417829,33.6512009332466,115.908541565825,14.6412330653484
74.946339561611,33.474492882093,114.571904973409,15.0416916986207
74.9520490701093,33.3381756331248,113.442486216701,15.2070197421809
74.2946982221501,34.1384110961406,118.758984501839,13.4096563536138
74.391184434342,34.1913405393015,119.417443185358,13.5145414139469
74.6954511992101,33.9051152296053,117.658621529485,14.4580594293737
74.7561978697123,33.7452291826952,116.539626157124,14.5280116842088
74.6769491991542,33.970746850955,118.146895889066,14.6179201885612
74.6827611406563,33.8341450294685,117.15259744631,14.3163458792215
74.3306036777397,34.3521083081899,120.638463164063,13.6257074892519
74.3850251027437,34.3280778706948,120.468584620381,13.8218313142926
74.2765496132729,34.2038950826679,119.269472466922,13.3143865429849
74.4211952379957,34.0251324654888,118.185757321918,13.7083823387019
74.360862781224,34.1856905020739,119.306019783497,13.451230416678
74.609594318357,33.9232448879341,117.713635914418,14.1192057925234
74.4758423644179,33.828419228012,116.635613475436,14.0050435683935
74.5059810544352,34.0069990247339,118.231811085414,13.8456456055985
74.4936709240351,33.9358810930421,117.619042873807,13.9060056678488
74.3488296150887,34.1144750884515,118.67993722065,13.510486140497
74.2884430770212,34.2751588536755,119.87842848943,13.2558595038758
74.5787351102561,33.9178075303477,117.610543337719,14.0427179732571
74.6516838134116,33.8287559464747,117.100329691589,14.2421416826313
74.3670004113662,34.0489583092679,118.196191311944,13.6066797075123
74.5484540433788,33.7391081849216,116.196494938388,14.2292736828454
74.2587500224864,34.0969461577668,118.315727249534,13.410306841652
74.4393967143169,33.9595876475382,117.614690915287,13.8040665548343
74.6574802134405,33.6921570333967,115.942761206331,14.4019439838511
74.5667554002456,33.6734706020349,115.460618137903,14.3433344464301
74.5119124798574,33.870313558897,117.075491401209,14.0030262532765
74.9332230701996,33.4036771691891,113.97081001549,15.1058105271154
74.9154199612139,33.2952342716339,113.031825075598,15.2128868254036
75.0266450689138,33.2503160962935,112.776558877138,15.4094849672438
75.1403588887637,33.0320778678686,111.035802692876,15.8656985480452
75.1017630182231,33.1628003127329,112.074170480107,15.6133237778335
75.1580804814374,33.1409703003922,111.90683859797,15.7139365364684
74.8470492811483,33.247160210753,112.392628678249,15.3475638276585
74.7862903197609,33.4065454232995,113.952198918371,14.9701901985537
74.9898749944757,33.2071697949283,112.402948616905,15.4551242443277
75.0438620111777,32.8419257542597,109.414120352861,16.2831989965021
74.7733839025096,33.3356696723963,113.333062360716,15.1853606545695
74.6943410649348,33.5609510599991,115.030145125924,14.6347425790228
74.7677056570148,33.472158018714,114.369318830671,14.809577659635
74.7121737921493,33.6689129333327,115.818556690477,14.5025246503234
74.7128234254396,33.4953251261115,114.219186265416,14.7519892730211
74.6391004807017,33.7577368659168,116.484503792357,14.3032913804239
74.6212652314676,33.6499395236944,115.505577044162,14.4053774586101
74.5845841702568,33.7811569281668,116.529934681698,14.2021343631821
74.554244588694,33.6024487527424,114.809815779877,14.5284693400407
74.4033743943011,33.9178406305981,117.263448439579,13.8080651492558
74.5235457218753,33.5970166904941,114.841780004586,14.5899272432188
74.4940875624792,33.7627956998666,116.071133463795,14.133920620223
74.2349286823964,33.9544778747741,117.094597259355,13.8290743185133
74.34919104368,33.9417814349601,117.405030681745,13.7460521816349
74.2230637407706,33.8832234119002,116.553971894657,13.9211746085843
74.4817107857828,33.6917260530594,115.612679355666,14.3678558405485
74.8024879699851,33.1709996696745,111.966078916226,15.5586044687528
74.4093369370836,33.7811227769818,116.144295961381,14.1604162459685
74.4389306010941,33.615117825006,114.904407592093,14.5312366924606
74.306922882625,33.8649793625557,116.606151648518,14.0339995915038
74.3849478142054,33.6388464610207,115.016253258955,14.4189301781694
74.4512030393905,33.6862325707573,115.382352555572,14.3795977517599
74.5111390654793,33.5259490467734,114.351894590284,14.7364844012174
74.31296753011,33.7282477555311,115.591603501954,14.2140274285622
74.6568255819934,33.1744898787715,112.454303192642,15.0588701003155
74.7420036344439,33.3303575339873,113.1835347861,15.2424328565039
74.8154207596696,33.2418744111848,112.463469165345,15.4269833955014
75.0706046315576,32.9833270057066,110.614218120544,16.0031609214725
75.1192401415578,32.7548157188942,108.675561632184,16.4785415603207
74.9955838314128,33.070940501874,111.343135097934,15.768258987585
75.0247758608298,32.907306374262,109.93315314896,16.1775677283253
74.6270082584578,33.513331048198,114.526695382859,14.7774314448354
74.674593552582,33.2825046242809,112.772487142237,15.2543742520815
74.700047921925,33.4244002813006,113.553133868178,14.9352710770313
74.6396517410783,33.5843045009021,115.145732372301,14.5577940830983
74.9633965461574,33.0656677615593,111.229684751324,15.8493714340701
75.0380935956668,32.9780321890466,110.637671895257,16.086552081565
74.5960904329976,33.5079442610359,114.371861651179,14.8397246730036
74.6562302232281,33.3480809005975,113.23316471963,15.1487960164029
75.2165370736826,32.9451512318135,110.145278081646,16.0655658878952
75.3295468667637,32.5612757366498,106.657231520288,17.0027755505861
75.1597784450189,32.966736948372,110.297221936037,15.9987005001774
75.2934246248588,32.8586993798819,109.312260679546,16.2625138073661
75.1757353436427,32.733335827087,108.335209776798,16.5896684735206
75.222531494162,32.8093467018874,108.961525242398,16.4064045869078
75.2362007181569,32.8799166572967,109.612730081863,16.1814027621457
75.3774061562882,32.6373488708795,107.244356914139,16.8550367846058
75.313357822124,32.7935900346797,108.80324337011,16.4086588008265
75.3710929567794,32.7727761524279,108.533426743636,16.4589102164917
75.6984930592495,32.3012955182928,103.567979515638,17.7181197233805
75.6308907923113,32.454445069922,105.18111011805,17.223944515239
75.8659428391151,32.1383798247155,101.389777679088,18.147007382008
75.8141916882237,32.0615161918341,100.605417613794,18.2396859932229
75.9138127159272,32.0515110522881,100.316770183481,18.3822367233215
76.0972465920772,31.7620609419402,97.1211068236703,18.8392707463597
75.5709023558477,32.1337697867954,102.732494178704,17.4513265638707
75.56692375084,32.3077923876534,103.78454099906,17.6196270809505
75.6166023080524,32.3841402673058,104.613222137308,17.5312090472368
75.6481498555048,32.2248033134078,102.764818023031,17.8261932712597
75.5811104050591,32.3781533896316,104.373009716768,17.5105466990934
75.6624598969024,32.2951112913439,103.336004766419,17.7178125371691
75.5008639435085,32.4619959091509,105.450308665957,17.3461492387129
75.4868007349681,32.3915821056498,104.822477927846,17.4163516636198
75.3496695281952,32.4963633162113,106.24283417387,17.0547109311521
75.2659427494117,32.7176123544995,108.131049882608,16.7021125835468
75.1777064900657,32.5590604262202,107.040401088063,16.4252179476122
75.1952902961319,32.6681522666115,107.891938978016,16.6728501834339
75.1133741758211,32.8907806599562,109.812289646869,16.2838886212839
75.1893036090705,32.8039590015466,108.943680038139,16.4883166840968
74.7292009317518,33.2594339606589,112.568151905839,15.3521525355623
74.9324877811679,32.8862895231176,109.699466039378,15.7946984530089
74.9690951266221,32.9294385509152,110.121461283095,16.0759106457741
75.0261908581856,32.7331196873626,108.725050595034,16.0065412374343
75.2346943093966,32.5378613757674,106.857494682965,16.5874206849119
75.2720753835313,32.581982600118,107.102099212098,16.8618681065906
75.5076116262957,32.327036954521,104.401860116511,17.4404273681867
75.3902735786027,32.3666638862777,104.912639899185,16.9654731814942
75.5881244978088,32.2434707473241,103.317514798666,17.6469454435059
75.4902978049273,32.2174425295539,103.447503497055,17.2401081998494
75.6697685551303,32.160732276248,102.286421053677,17.8430681508936
75.6526485020138,32.0509338252067,101.811405826808,17.656851482564
75.8823150685701,31.8713506595953,98.4256158693302,18.1601982276871
75.8367206013134,31.9980274263817,100.228699701041,18.2217201558103
75.9687640882218,31.7922433253992,97.3351344863951,18.3627718228649
75.9221438707288,31.9182029676574,99.0300327163136,18.4422210418475
75.8906649364144,31.73801812342,98.5383812261897,18.3345581168791
75.9053841030752,31.8081656130908,99.0202027230094,18.2681050003276
75.7356050608551,31.9690071242589,100.498324423371,17.856436694163
75.7134943036451,32.032832805501,101.040253081334,17.8447962244491
75.5566842662549,32.063428655429,102.38761533886,17.5068561123218
75.54966049897,32.1981295251308,102.909570643007,17.3573004381108
75.6024077489701,31.9744086919671,101.640696848902,17.6680771041403
75.3967850809772,32.2314374261738,104.101104230428,17.0940899824827
75.0554124520469,32.5698715164506,107.171660343951,16.2112311774079
75.0070859103799,32.7985517676365,109.335429680294,16.0019569781378
75.0128295570562,32.6624285180947,107.969179788034,16.0676206482391
74.9381560445978,32.7500436574197,109.442566475835,15.862684639586
74.7588709167717,32.920995587462,111.6114380628,15.4077271728358
74.6131062541614,33.0982160687069,112.612394633014,15.0159390729641
74.3247957592816,33.454844189357,114.335986671212,14.2956452475455
74.4211516194527,33.5076641147812,113.927417245052,14.4349498292101
74.5714439405774,33.192514254374,112.680807119967,14.8739178802161
74.457052175089,33.5495436242072,114.461673508058,14.6232330359815
74.6018170239971,33.3713389178853,113.34952453228,15.0452395182185
74.7847312570006,33.0627133923901,110.354158082452,15.3991856525948
74.7476681203495,33.193871176558,112.14006631684,15.4599500409387
74.8033289835174,32.9971189412129,111.031544756128,15.4459393706676
74.638453853294,33.240121656285,111.765785757126,15.0012473912658
74.367177327248,33.5315079789638,114.436879495761,14.292034698046
74.8583962312995,32.9743604601761,109.996386676494,15.606634823112
74.8210740833375,33.1054597542317,111.474242056995,15.6643067087938
74.5835506735204,33.4369241790841,113.767887490862,14.9417632929751
74.5115420081934,33.3526804212508,113.5600774115,14.6776714900968
74.529318451488,33.4603609514864,113.905277204762,14.8345281223862
74.5657695643082,33.3291313279334,112.619983819698,14.8202070714001
74.2053066360429,33.7762880199233,115.803051169201,13.8855934000991
74.2949213276261,33.7937712294884,116.027440064834,14.1244548694896
74.3490950727888,33.5971161191434,114.344243358792,14.2119049709145
74.2410856178961,33.8177328272515,116.119081443484,14.0045434969563
74.2771550992955,33.6866621773073,114.922582954277,14.0148556637893
74.3549716051258,33.4603945919229,114.20146432146,14.286602443758
74.2952035309285,33.6210820855298,115.026243552195,14.0978620244291
74.4392772998396,33.4420333804565,113.613871390731,14.4667713353805
74.4269392916274,33.3709652982211,113.486140622047,14.4639793792504
74.4933572160581,33.4183247948639,113.076598508163,14.6082449349003
74.5281825949851,33.1161123848087,112.985652593168,14.8820730711703
74.1815423471136,33.633836833558,115.155456919566,13.9071237305175
74.3965871649045,33.365482565871,114.017544909119,14.4289014501466
74.4990728046771,33.2816580754892,113.380491276474,14.6812997014575
74.2113912049713,33.6395376417342,115.122253799491,13.8886460730861
74.4685295159159,33.2762343248981,113.451369419933,14.6854765362359
74.5406809394266,33.187132902553,112.985652593168,14.8820730711703
74.685827547306,33.009497993181,112.032842577454,15.2734489747186
74.7459876204309,32.8501140885258,110.334271504023,15.5611311975243
74.7903449685302,32.9262836444727,110.72087835615,15.4531155077577
74.7644710857435,32.7845675311144,110.813036459664,15.6643623491665
75.1175101092509,32.4124181467436,106.051753490178,16.5890511617784
74.9804689754533,32.6571211407531,107.745122884152,16.0744207868218
75.1193545480774,32.2379904877445,104.962094854734,16.9052322271516
74.8929856619842,32.6739753496525,108.210198858969,15.9675742412805
75.0435750949245,32.3247944208314,105.712318663821,16.6973519038854
74.8378971626485,32.6963924269019,108.469579906709,15.7903309424565
74.9684897187247,32.4120593537199,106.491877415274,16.4189400310608
74.6009739937132,32.8535837604779,111.6114380628,15.4077271728358
74.832282137535,32.8327376675958,110.941869844139,15.6224166041603
74.8192722152364,32.7619032172882,110.813036459664,15.6643623491665
74.2531225240611,33.5443003816756,114.8587335071,14.0399695295026
74.3126911661266,33.3836882364045,114.335986671212,14.2956452475455
74.6914332263875,32.8729997661895,111.6114380628,15.4077271728358
74.5827343342061,32.919256904995,112.032842577454,15.2734489747186
74.2411508170596,33.4730998419302,114.022555074391,14.1965123360455
74.3129133200012,33.2107784482137,113.451369419933,14.6854765362359
74.187602370992,33.4970923176716,114.8587335071,14.0399695295026
74.2234247453789,33.3659990136412,114.335986671212,14.2956452475455
74.4023547808885,33.2287881515036,113.451369419933,14.6854765362359
74.3666108683097,33.1869140094214,113.451369419933,14.6854765362359
74.3846091981966,33.1212566763378,112.985652593168,14.8820730711703
74.1519871474296,33.4556704660864,114.8587335071,14.0399695295026
74.2413473718886,33.300401151683,114.017544909119,14.4289014501466
74.2949575188447,33.2764087022049,114.017544909119,14.4289014501466
74.4564694301301,33.0318555968017,112.612394633014,15.0159390729641
74.5104331838293,33.0082998894593,112.612394633014,15.0159390729641
74.9495320787323,32.4775618851953,107.171660343951,16.2112311774079
74.6553347035317,32.8304144001002,111.6114380628,15.4077271728358
74.8015574723437,32.6534107275235,108.469579906709,15.7903309424565
74.7467211269922,32.6761428497216,108.469579906709,15.7903309424565
74.8201570209006,32.5877951781344,107.745122884152,16.0744207868218
74.8752892915374,32.565318560562,107.745122884152,16.0744207868218
74.9862021275959,32.5209976394145,107.171660343951,16.2112311774079
75.0243831846892,32.3902042522963,106.491877415274,16.4189400310608
74.728259617302,32.7417888956315,110.813036459664,15.6643623491665
74.6736776912523,32.7647500616337,110.813036459664,15.6643623491665
75.4273659003903,32.0707524442108,103.347841040322,17.3212608622873
75.3689345106383,32.0905004814756,103.347841040322,17.3212608622873
75.430757999015,31.8964366814761,101.640696848902,17.6680771041403
75.1369822660543,32.3472348861057,105.712318663821,16.6973519038854
75.331139961235,32.0457048089795,103.347841040322,17.3212608622873
75.6753364597214,31.6481805305714,99.7198635965559,18.1556963887041
75.2732305261155,32.0659490469144,103.347841040322,17.3212608622873
75.3514950202122,31.9808414627147,102.536997186713,17.4595853630593
75.4100306364915,31.9610982439457,102.536997186713,17.4595853630593
75.0999145407852,32.3032963352274,105.712318663821,16.6973519038854
75.9078911274991,31.4717232462283,96.827406466812,18.7175260376237
75.7593495442875,31.5673215577498,98.7264076112771,18.2951757899111
75.8216496335149,31.5507261787413,97.7352081445237,18.5770099610358
75.7368218077865,31.6308770683094,98.7264076112771,18.2951757899111
75.4899692187787,31.8772387245833,101.640696848902,17.6680771041403
75.5710348452459,31.7942003403868,100.674824884299,17.9462432144331
75.6532988107725,31.7120563511507,99.7198635965559,18.1556963887041
75.6703096159596,31.8220079323275,100.674824884299,17.9462432144331
75.5926060772732,31.7300324687686,100.674824884299,17.9462432144331
75.6097243307298,31.8400044514408,100.674824884299,17.9462432144331
75.9314913127304,31.4089184245411,95.9136257665239,18.9275288784304
75.8613330353145,31.5976693945084,97.7352081445237,18.5770099610358
75.9244646958852,31.5818654643458,97.7352081445237,18.5770099610358
76.1010118937112,31.4276608177053,95.9136257665239,18.9275288784304
75.5111025901432,31.812808795477,100.674824884299,17.9462432144331
75.5283449663816,31.9226903588552,101.640696848902,17.6680771041403
75.5881676223961,31.9040646640193,101.640696848902,17.6680771041403
75.5213279477654,32.0573974241511,102.536997186713,17.4595853630593
75.2907453045103,32.1754789499506,104.231002831162,17.0429773580664
75.2073407037552,32.3967289164083,105.712318663821,16.6973519038854
75.2134555606065,32.2610789586057,104.962094854734,16.9052322271516
75.2532135088974,32.1309856634817,104.231002831162,17.0429773580664
75.1937114600591,32.3261368704478,105.712318663821,16.6973519038854
75.1310178016761,32.4830600189569,106.491877415274,16.4189400310608
75.1641003876231,32.4884691234652,106.557549687564,16.475712976581
75.101608858876,32.6458642114279,107.794718864003,16.2171378352712
75.2545460264153,32.4727553576037,106.25062042132,16.6268867342765
75.3120496707513,32.4519642427272,105.859128227067,16.8234229936591
75.3485567123246,32.1552381048649,104.231002831162,17.0429773580664
75.2844511510558,32.3109315681994,104.962094854734,16.9052322271516
75.4694495455034,32.2820284307618,104.129503109776,17.175391166123
75.4762020340092,32.1470511477691,103.334908327473,17.3028504440227
75.5072100631379,31.9870036329954,102.536997186713,17.4595853630593
75.4413616081221,32.1411959115228,103.347841040322,17.3212608622873
75.6309849039458,32.1150400931835,101.853785345413,17.5535513195335
75.6383081195807,31.98064311149,101.38593633827,17.713116068423
75.8529895964889,31.731012485058,98.7264076112771,18.2951757899111
75.9392060508093,31.6520180088412,97.7352081445237,18.5770099610358
75.7972525582994,31.9515795058114,100.084851577956,18.0509072826595
75.8052450116418,31.8178695997779,99.682284159074,18.1273707038529
76.4472535111764,31.3534536906068,92.9309623075905,19.5112715751643
76.4844899523167,31.2027562727526,91.9485728435726,19.729554781964
76.0269045297837,31.57426013702,96.827406466812,18.7175260376237
76.1554882636688,31.5056220163466,95.6869954532069,18.9586946937876
76.2062732534118,31.4222263671491,94.9398818231963,19.2085578360857
76.3081385029655,31.2168257374866,93.3114078165364,19.5621153727976
76.6103989476946,31.2709764822018,91.618433878364,19.8205107774284
76.7712608333205,30.9920063742889,94.154447197028,20.4087816820997
76.6861850750643,30.9318078280755,94.154447197028,20.4087816820997
76.5792823189602,31.1316535995118,94.755994668689,19.9838640850781
76.7555116996793,30.922425337588,94.154447197028,20.4087816820997
76.8301137059093,31.0712713035445,94.6828628045123,20.3494745991351
76.977195434019,30.726168707475,94.9177347364562,20.9032892972211
76.8681956110837,30.9232395772197,94.3234970637185,20.6214980813762
77.0473590490648,30.7179635143746,95.3627432222189,21.0456690289271
76.965627172272,30.8550544852117,94.7579029759037,20.7900973403284
77.1733105969742,30.5916243921313,96.6990033873013,21.3273604733289
76.9275122668332,31.0025798127792,95.0939212768111,20.5579495051057
76.8523287239672,30.8537199681719,94.3234970637185,20.6214980813762
76.5153702615266,31.3422008661264,92.5349662692694,19.7057338159942
76.6708582811513,30.8212301598037,94.154447197028,20.4087816820997
76.4953526834209,31.0724422710539,94.755994668689,19.9838640850781
76.5482450307972,30.951516770788,94.0873848545434,20.2664860053381
76.46909551355,31.1329945181846,92.5237694611597,19.8416923737952
76.2921645551005,31.1063512449429,93.3114078165364,19.5621153727976
76.2826934054212,31.278066029239,94.075958652402,19.3499667081533
76.2978429688528,31.3479383076791,94.075958652402,19.3499667081533
76.3753491327124,31.2049900169774,93.3114078165364,19.5621153727976
76.2666908671554,31.1677109656614,93.3114078165364,19.5621153727976
76.2162209259826,31.2906739725193,94.075958652402,19.3499667081533
76.3594951038668,31.0945948571229,92.5237694611597,19.8416923737952
76.4012323477148,31.1441187406904,92.5237694611597,19.8416923737952
76.5637730178636,31.061954950607,94.755994668689,19.9838640850781
76.5748775453543,30.8911372405069,94.0873848545434,20.2664860053381
76.3854169461158,31.0336106871717,92.5237694611597,19.8416923737952
76.200110167118,31.1802561982545,94.075958652402,19.3499667081533
76.109284515524,31.2553179789528,94.9398818231963,19.2085578360857
76.1750850315848,31.2419790373363,94.075958652402,19.3499667081533
76.4797062457409,30.9619136508603,94.755994668689,19.9838640850781
76.7675002701026,30.7520584176961,94.3234970637185,20.6214980813762
77.2292620136593,30.4733081096005,97.2122746814313,21.4692399866739
77.158659039092,30.4808290351981,97.2122746814313,21.4692399866739
76.8372457074151,30.7431942819779,94.9177347364562,20.9032892972211
77.0325327921217,30.6073468204416,95.3627432222189,21.0456690289271
77.06031828667,30.5479498640425,96.6990033873013,21.3273604733289
76.9496377215932,30.7855914786423,94.9177347364562,20.9032892972211
77.1307295189868,30.5401120487593,96.6990033873013,21.3273604733289
77.0750762771982,30.6586735853213,95.3627432222189,21.0456690289271
76.864681189699,30.6835090502128,94.9177347364562,20.9032892972211
76.7826673502119,30.8626571665086,94.3234970637185,20.6214980813762
76.9346945147476,30.6750317817645,95.3627432222189,21.0456690289271
76.879701468299,30.7941397842273,94.3234970637185,20.6214980813762
77.3564348248395,30.3479876078025,102.030889227977,19.6589329673563
77.9686594047859,29.9736605339606,108.212874928075,19.9089413900224
77.4704349156058,30.3935466666999,102.030889227977,19.6589329673563
78.0756627680753,29.9180881721269,108.751539106988,19.9535373452168
77.8333338075898,30.0887863711017,106.967346142391,19.8377457643201
77.5419504895338,30.38736605483,103.239759755217,19.7123115996805
77.5563120256788,30.2177905700803,105.733487619257,19.7391223042539
77.2573471443013,30.4141537654406,102.034359961013,19.6324324543625
77.5275801822464,30.2763364316879,103.239759755217,19.7123115996805
77.4560299360963,30.2824602872144,103.239759755217,19.7123115996805
77.7597220894727,30.0920561644972,106.967346142391,19.8377457643201
78.5209446852705,29.7245230593475,103.379715846735,20.1110007248135
77.7302242759405,30.1497604199443,106.160648868687,19.7800802546015
77.8633848797444,30.0317488359019,106.967346142391,19.8377457643201
78.1524791139431,29.9196689834081,108.751539106988,19.9535373452168
77.5706372504408,30.3289750126053,103.239759755217,19.7123115996805
78.1844916802885,29.8653457289857,108.751539106988,19.9535373452168
78.0443359681252,29.9734263573632,108.212874928075,19.9089413900224
78.1979061794743,29.9764419856519,108.751539106988,19.9535373452168
77.7738572620535,30.2033950288877,106.160648868687,19.7800802546015
77.9824787193938,30.0849705265797,107.859370630109,19.8811784429294
78.2624440857927,29.8688641170892,105.314199903633,20.0172491485349
78.0580806780636,30.0845869561603,108.212874928075,19.9089413900224
78.6332127234933,29.9135238294217,103.869463039136,20.1171537179177
78.4073102641094,29.7686651642266,104.232276898034,20.0459813747301
78.1254097309221,30.1685903930696,108.134212718114,19.9080483932103
78.0892758797043,30.0292946258184,108.212874928075,19.9089413900224
77.9379967104372,30.029912562155,107.859370630109,19.8811784429294
77.8474031070229,30.2000099531312,106.967346142391,19.8377457643201
77.8085792990222,30.3421383724679,106.053690896038,19.7816203983221
77.8773823530791,30.1431053834308,106.967346142391,19.8377457643201
77.2719052600757,30.5250341373037,97.2122746814313,21.4692399866739
77.4275711877043,30.3412795395252,102.030889227977,19.6589329673563
77.3427146965163,30.517842386552,102.034359961013,19.6324324543625
77.370910806563,30.4589650293997,102.034359961013,19.6324324543625
77.2438832379775,30.584067405514,97.2122746814313,21.4692399866739
77.2222841375115,30.7996146876627,96.6712680356195,21.1829194239852
77.5039640888991,30.5320923564705,102.275835744748,19.6626344369976
77.6426769270685,30.3235148064825,105.733487619257,19.7391223042539
77.4587090169716,30.5214887125209,102.030889227977,19.6589329673563
77.4420228157398,30.4522173534931,102.030889227977,19.6589329673563
77.6597264891129,30.3928073055687,105.733487619257,19.7391223042539
77.6717036136693,30.2654893822366,105.733487619257,19.7391223042539
77.7616634413977,30.3302736966796,106.160648868687,19.7800802546015
77.744407783921,30.2609393601664,106.160648868687,19.7800802546015
77.8648871725214,30.2694173039227,106.577203974924,19.8207037805152
77.9519148523709,30.1411259914582,107.859370630109,19.8811784429294
78.0760372422468,30.1541794007365,107.859370630109,19.8811784429294
78.166029018708,30.0307296428957,108.751539106988,19.9535373452168
77.7964026903632,30.4689988997203,105.189481596034,19.7803165001011
78.1842244906396,30.1004310498387,108.751539106988,19.9535373452168
78.0360810676154,30.2936378609695,107.438908505456,19.8660159539206
78.3453056778951,30.0661359253174,106.632398758887,19.9978849421519
77.7232382290977,30.4734454783265,104.7157741108,19.7423367610526
77.9125667655977,30.2820077887987,106.647995980255,19.823171345701
77.9444085788929,30.4625301907809,106.89466796417,20.0665343973482
78.2344866957459,30.11591528483,108.492482703911,19.9519877799801
78.0181354672533,30.2240581124613,107.664391086879,19.8654452346044
77.9000875676242,30.4082976886617,106.338495895149,19.8953833173185
77.6360243472813,30.6477299657035,104.159003445384,19.9469918168145
78.1121839044947,30.2934433958147,107.672363566995,19.8931571891368
77.8403102221262,30.5225550215798,106.051644501885,20.0233829172377
78.2208129487032,30.2398619315784,107.775760370192,19.9687992771272
78.0193643184755,30.4607094802333,107.19695316392,20.1707113457728
78.3311866528237,30.1891082115877,107.727010069419,20.0629243748249
77.6940318253652,30.5314203782841,104.585758808715,19.8253885365408
77.607220083562,30.706061116334,103.233388470603,20.0360663739134
77.5927206818637,30.5951919140066,103.42043556976,19.7136224539407
77.4071180962888,30.8363848481692,97.8679076803235,21.7569343602178
77.5208152879345,30.601359873376,102.763237407242,19.6631839522828
77.2602636565976,30.6533853543251,97.2122746814313,21.4692399866739
77.4041061478577,30.5975250133475,99.1816505473806,21.0725334563459
77.1616858197088,30.720147663554,96.4159834029417,21.2138064957269
77.6215706232936,30.5368286824298,103.775870710741,19.7026024500049
77.5588110356478,30.4566389560833,102.756349716291,19.6966864052617
77.3047947095813,30.6636406520284,97.3658909584286,21.4623658709303
77.0253775216799,30.9344413717734,95.1965693338582,20.765774801151
77.7059912520627,30.4041177902044,105.496987235667,19.7414418805601
77.6045298090047,30.4675419106354,102.929444457929,19.7014571769163
76.9115394135108,30.9331235003197,94.5064431860172,20.6276839768117
76.7062709904112,31.2006432688224,94.6533793666607,20.0286616320897
77.2059162111103,30.7303022932873,96.5507391102801,21.2535292295363
77.0634721586413,30.7873709840639,95.3627432222189,21.0456690289271
76.8142648197311,31.0017588632735,94.2910607162648,20.418814776105
76.6749127622737,31.061437851999,94.0852515723566,20.1538616418259
76.7175447881971,31.0710299397885,94.1100136223689,20.2097907919513
76.6214902193967,31.1410378106242,94.7589094969725,20.0008311108047
76.4212649166523,31.4143726052101,93.4045322857897,19.5018873700176
76.526237509448,31.2119035820113,92.2534934282372,19.7915273387777
76.2615154445725,31.5003475654342,94.6929687217253,19.0940138432093
76.338541809258,31.3565168368287,93.9431963279482,19.3759113733013
76.3537928640326,31.4263278584407,94.1868706230738,19.3038438667803
76.4318805846645,31.2836993622641,93.0123544949922,19.5840654467524
76.0658611619354,31.5819160953896,96.5988506531303,18.7510152236249
75.9854427551768,31.9023163381798,98.45606171252,18.6571348409677
76.4371684050269,31.5246208619496,93.9773201049631,19.682881830463
76.6370995186258,31.2106704710488,92.1669302712357,19.931721588484
76.1705014659641,31.5755497118873,95.6841351230272,18.8856724876189
76.2776698430574,31.6105572018436,95.280619053413,19.2559000952492
76.625989596046,31.3812661206252,92.4952282617683,20.0911961436307
76.7332748217196,31.140603596521,94.6300596152491,20.1400339683347
76.7486581430636,31.2509340755483,94.4236937926041,20.2685744578929
76.8028585621225,31.1310915238398,94.7670515751406,20.2467854072269
77.1074144217415,30.7974409549895,95.5502909821366,21.0451577331528
77.0092797723432,30.8650403326645,94.8588155866374,20.8363765321198
76.8453597997594,31.1816342750731,94.4713316948723,20.4834318759625
77.1236437617189,30.8667938599324,95.661523857649,20.9755279823149
77.1107615022921,31.0366106535549,95.5177777917305,21.1240138961091
77.1943013223603,30.8588118302462,96.136066463104,21.2016252170398
76.7217150968263,31.3109586661241,94.0180436382126,20.2948431657224
76.6415900182196,31.4508977747715,92.729132306958,20.0556655100625
76.9311811048432,31.2420412085786,95.5294762854613,20.6981874386662
76.8340111083106,31.3109488400589,95.7528990131441,20.4550483943344
76.5417258797255,31.2815946585009,92.0027299294225,19.7209499250847
76.5574055733663,31.3918749234932,92.6874322716779,19.8828344289898
76.4004428000241,31.6762078845115,95.0529509412758,19.4085468718801
76.546610063715,31.5221778339029,93.3317766755118,19.8342560224837
76.2526516797348,31.6722134395556,95.7733096563237,19.2771504804767
76.2364327465743,31.5620187931023,95.3602874364948,19.0755206820481
76.0089941757111,31.8395415788458,97.8943862528104,18.6416620921076
76.1459006130182,31.6376025733344,96.0765866237948,18.8674568654716
76.0566599928596,31.7143417670625,97.0117082754297,18.6655551839024
75.9923748087056,31.7294464643739,97.9417740123094,18.4715360412806
76.0731912573392,31.8244640383829,97.7339143261551,18.8723253388757
76.0002582095929,31.972418695182,98.9425692678314,18.5540756215336
76.1622773888073,31.7477644262522,96.7303148803286,19.0738048691779
76.0881300948616,31.8945116859231,98.1517513953397,18.7996440823785
76.1868139820171,31.6857277592074,96.258024595335,19.0476725001787
76.1773358132018,31.8177536732223,96.9466083674641,18.9811191048294
76.3697897762733,31.5365655810814,94.1724830654029,19.4436014860167
76.3595841762615,31.6676945846103,95.1591687871509,19.4235837125863
76.415810535657,31.745984064567,95.8600403855817,19.1794825471468
76.483418570402,31.7338808245149,95.311909870388,19.2187400126117
77.0127702996342,31.104341237138,95.1875927912611,20.9205719822025
76.9426312527621,31.112983941366,94.6676100899961,20.6988514170697
76.9907684686955,31.3212197130184,95.8654322381593,20.4657211863169
77.0611885737347,31.3124579582466,95.86745801054,20.5131818809336
77.5068382517768,30.7708116558122,99.4785781679923,21.2602501853604
77.4237803760718,30.9056096877332,98.3673505791787,21.7572157977083
77.7256377416255,30.7115853276411,103.504882004244,20.2105620123229
77.7084414411433,30.6423605217598,104.404139556385,20.0607525409847
77.8107128250534,30.579995424783,105.304548560101,20.1027940335962
77.7375992578408,30.5844140638829,105.256282474116,19.9865547391979
77.225512137054,31.0386595043148,96.805563694973,21.3159555338496
77.3079176729194,30.9026063352575,96.9110262852528,21.5415997685435
77.3924512622558,30.725676835082,97.8197686223789,21.6150739784096
77.3360184260035,30.8435835545127,96.9467755539935,21.5477581297419
77.4207823279857,30.666791306411,98.2821014138158,21.5810063312905
77.4354060052744,30.7775340193004,97.8407406502448,21.7611199721946
77.0403792724403,31.0448956025842,94.8954102647416,20.9322574599292
77.0958176489925,30.9261238422659,95.4351775884829,20.8894528047777
78.1574247710605,30.3492569586572,108.421581286155,20.1558255760096
78.4431764368815,30.1411679540116,106.498119527301,20.0772440817528
78.143593118452,30.2382763119558,107.950865775789,19.9094346582691
78.0372268843961,30.5301091300466,105.72682180795,20.3340041122112
78.0053043016582,30.3496804025401,107.194070315664,19.9068889284707
77.9302748811728,30.3514907289371,106.475522325805,19.8238858347886
78.2528821517184,30.4203617074828,107.88497284767,20.4156935340957
78.234546840399,30.3507814809376,108.445569465785,20.2398648374091
78.1260902755933,30.4044376872109,108.014115046479,20.1988909404833
78.0500732807003,30.4046664568217,107.856292061005,20.1104428348293
78.3773307184025,30.2466649320347,108.781696980755,20.2686786139364
78.2665265118601,30.2965533252463,108.543620628166,20.2085016462136
77.7895769508416,30.7921558161125,103.756243933934,19.9959478302908
77.8631515697344,30.7878248105557,104.506931599496,19.9670307505555
78.3034031166694,30.4357994728458,107.785960715372,20.4073865737505
78.1938406192575,30.4883254208161,107.527915605215,20.3722108134366
78.8912292117345,30.2798116462652,102.534063191618,20.3800888542552
78.5886419540657,30.2760434529932,105.069959149984,20.463853748076
79.0072946781805,30.2392574673153,102.230974853572,20.4263220120267
78.7413895520484,30.3719637344192,103.819069307888,20.3065234876494
78.641359212611,30.2943192894769,104.291641464777,20.4702476992473
78.7180442913528,30.1123855819138,104.438525935562,20.4441437954447
78.9341239037329,30.1507467643237,103.449044871913,20.5166065652792
78.9148295041889,30.081349382223,103.888455004839,20.5212369796718
78.3447308247962,30.2999103220073,108.336371469913,20.2862967936579
78.4764271264936,30.0889299988961,105.766318846172,20.043170881186
78.4565169181544,30.2518107496197,107.063697567189,20.3446212122488
78.3632906629438,30.3695741420577,107.374554844517,20.4427867169559
78.9879616154542,30.1701447175035,102.64459476419,20.4816516578448
79.1466046848831,30.0020743038723,104.40875730003,20.5889706012373
80.3029847096155,29.5628940636071,110.236595988674,20.8928725594534
80.0348515437062,29.6172075820689,111.463558743586,20.8142570636047
79.3353444459822,30.0484359201175,103.601271562497,20.5904751399194
79.4908804960456,29.8767381563367,106.41898494037,20.67727650193
79.165986596597,30.0709146617574,103.745637819468,20.5626077520347
79.2965884404068,29.9118206087473,105.541561373414,20.6239072564179
79.3963479522864,29.9882705928387,104.77930314541,20.6245213347565
79.4499569000867,30.0055997427455,104.553949024033,20.6202932919084
79.2814993732851,30.0302404302548,103.270278161949,20.595892612615
79.637003595005,29.7790114309197,109.510236568123,20.7270166505813
79.5488890790567,30.0794689313658,104.492186164001,20.5833372637235
79.785878368704,29.8629033621074,108.142662823382,20.7141344373663
79.2199487285809,30.0897587322211,102.91976659122,20.542627577423
79.0500973079959,30.1108741129038,102.446008623721,20.5664265406351
80.0922808616796,29.8148789384264,109.539508057914,20.7686577778925
79.9495952684351,29.7418564119416,109.999651870314,20.7747506075173
80.0001171995462,29.7524931244459,109.475776542635,20.7749488155624
80.136674014053,29.5554838158131,111.039002486669,20.8448352937199
79.8811840973728,29.9300429884587,106.948658088255,20.6975432169384
80.1557932887656,29.6212091841045,110.926132944063,20.8393724224508
80.4274164386185,29.3534969583395,109.614700683097,20.9644414868675
80.2550683656158,29.5562532363242,111.113422378893,20.8801515877883
80.5405556159059,29.3481612854192,109.888510867366,21.0055416530216
80.399287311525,29.4944367490288,109.111690514139,20.9343753959182
80.7689384454417,29.3385682889785,110.494000362255,21.0622625066679
80.5138878020396,29.4901423633405,109.49624219285,20.9529427271556
80.7261896977424,29.2048792711735,110.657246997497,21.092396079354
80.6804242712793,29.281323997496,110.410521269292,21.0646471036869
80.7052252645165,29.1383642747595,110.724199245722,21.0936032872321
80.5873583491798,29.3529573342506,110.002825441996,21.0177997369772
80.612972405501,29.2103631055662,110.381583908132,21.0506295773346
80.4938814660057,29.4242376664294,109.581508364882,20.977120461184
80.5470449630204,29.221005254849,110.243782291755,21.0159193515865
80.4469885462337,29.4191374881081,109.460413449499,20.9628174431278
80.520626856499,29.2823326805066,109.990717632542,21.0054315638305
80.35200468183,29.4887124987427,108.981977306505,20.9195953285408
80.2358899161914,29.4906634377599,109.711914859468,20.8831850674973
80.1227496531816,29.7580873127045,109.66836981236,20.7932339691351
80.0539708860432,29.683155198683,110.639317356303,20.8057684679045
80.1662324709051,29.4977039690995,111.511790663675,20.8626146153226
79.8427901343104,29.797222246114,108.542360033861,20.7412164618702
79.8235834952733,29.73064762464,109.595246271586,20.7533228642384
79.9304385034143,29.6756165046159,110.781897960369,20.7857046639412
79.8558046741485,29.6765424204259,110.994965980054,20.7638849928702
79.7034830478269,29.6741009177177,111.329679125697,20.7306116145839
79.411239633015,29.8697546185443,107.162617437847,20.6639652590937
79.9618537722908,29.6203033216048,111.367671360458,20.7919909717185
80.0542671492387,29.4516381585189,112.247954280357,20.8183487156934
80.0653688351175,29.5606540039144,111.906048599245,20.8325006611989
80.125410239471,29.4461784124099,111.732406885213,20.8507116212425
80.2243230278363,29.3808233318574,109.16529988981,20.8877497328761
80.3291593898331,29.187087473214,110.009948064446,20.8849571893915
80.252818632726,29.321691473194,109.365795120902,20.8797421588456
80.2644925759954,29.4317415005656,108.958838390711,20.8986760975699
80.3207097612878,29.3126907985671,109.769054528252,20.9266469946167
80.3604011179979,29.3632334249771,109.468966088802,20.9370324397293
80.4417702089849,29.1813701549426,110.371675939422,20.9180213808103
80.4543908207013,29.2927662249479,109.916672494221,20.980055199141
80.7169731122667,28.9630122721631,111.251389589138,20.956616878489
80.6910703718789,29.025005143918,111.306028138016,20.9869784002498
80.5076208892337,29.1704584972512,110.680296566448,21.0029749580277
80.6289915247281,28.8257488584648,111.096791075824,20.9084848202654
80.4149585677984,29.2423503369959,110.285686796334,20.9710807612407
80.539141464776,28.8997620460054,111.093563185174,20.8789339522431
80.3482923895505,29.2525386705694,109.966654686599,20.8966109973468
80.4223091133861,29.1157568564425,110.393753087166,20.8648362731042
80.1548974679323,29.3882200984854,108.788385831437,20.8485609939995
80.2338943263682,29.2562867231007,109.426982645667,20.8582824636828
79.8126206414848,29.6222943816208,112.033405219422,20.7575323219936
80.0354538485895,29.3859803353162,111.883494940567,20.7924676443055
79.7364504724775,29.6211060395957,113.081758313445,20.6893135954005
79.8816660742386,29.4348706905606,108.528132122272,20.6863602903362
79.4943888437741,29.6497751001478,110.029786068228,20.4609221826799
79.4795519218333,29.7683476932985,108.446997727247,20.6489144565498
79.1346261844314,29.8929877430767,105.295787082978,20.4855432101279
79.1500340561872,29.7746850408306,105.151286646417,20.3265990281192
79.2849340804461,29.8030874422591,106.640423645653,20.4135955834622
79.2621078257144,29.9617462119189,104.026349878225,20.611623520191
79.250358705441,29.8529331436871,106.470824523966,20.5423389994445
79.181192448123,29.9524216754995,105.200205805855,20.6041126334244
79.6259140732144,29.6707409643341,111.628983864478,20.6026561924023
79.6035107690104,29.8309621593816,107.681495402786,20.7063928933618
78.9493345422417,30.0315987160462,104.214820578145,20.5329274089853
79.0653430512941,29.9921370047697,104.561732869925,20.561461826091
79.5135818848674,29.7173146850398,109.175066134046,20.5728869362213
79.5248295267609,29.8256648428136,108.224990878096,20.6953289282135
78.8208894098094,29.9616065463874,104.482946630605,20.1859846234714
78.8334688766618,30.0714704732879,104.201980274779,20.4878680167893
78.5696992686838,30.2063090099858,106.153127161464,20.3862757767751
78.7052362992412,30.0022537361186,104.887155383766,20.1379319215798
79.0185340883565,29.9323491284845,104.994967992575,20.3530153225094
79.030746648703,30.041727935203,103.544978885915,20.5479895180703
79.053229244725,29.8828525905876,104.942861999166,20.2810137441717
78.9023835400119,29.9716785024554,104.132037118664,20.353329643339
78.4896766669427,30.1995161356492,105.780638740294,20.3300311461203
78.5565731858516,30.0958647999985,105.670730839035,20.1306184752381
78.3638733172562,30.1359056838864,107.085407149356,19.99781471965
78.4576944113566,30.0191663423481,104.619179321052,20.0425182935474
78.590313749395,30.0445207363705,104.790804039904,20.0891399763463
78.6862329791756,29.9326296392539,104.382092538576,20.1380406594301
78.9369866580326,29.9220198960267,104.306866588164,20.2435497581074
79.0960807000993,29.7551991803005,104.847791494178,20.3094369421891
78.4058578661711,30.0016364731162,108.76535226638,20.0198616886468
78.7636535953407,29.7529506978625,102.863195288679,20.1890997611634
78.801781633995,29.8921223885172,103.242759903854,20.1856760050237
78.832655776056,29.653491639306,103.216684021923,20.2534007370394
78.7483500598675,29.8725417527061,103.049745668253,20.1677031845613
79.0768126316629,29.6861158730909,104.950698381823,20.2967628144259
78.9955185267651,29.675386121199,104.101486714184,20.2839337223332
79.0339792045091,29.8138016043637,104.129488982421,20.2801740670724
79.2117875010359,29.7158197937849,105.772202875607,20.3542426119924
79.6068012877023,29.6036498262407,111.209334591003,20.5118636437414
79.3805517787698,29.693271662311,108.016951325532,20.4157182417615
79.399799752309,29.7612439827418,107.615290399772,20.481511695637
79.6792985677255,29.4206736127479,110.383321379147,20.5449973455554
79.4410939534897,29.6328382148011,109.318716036681,20.4432422188895
79.4559356700508,29.5142144076594,107.431746132328,20.4515615788885
79.3268957403383,29.6752316307012,107.430326083812,20.3985651671085
79.3076024851315,29.606825910537,107.379409261122,20.3935232477808
79.4107885082033,29.4565006043229,110.434419882109,20.4627534175329
79.2270861428661,29.5975317444685,105.725298450906,20.3532107975932
79.2963267877427,29.4982358205295,109.039890673278,20.4203419671062
78.8640647884417,29.8328981873834,103.06480436989,20.2144472076236
78.9800732043699,29.7940020441848,103.50128148898,20.2622399076795
78.4203788084171,29.8795780789103,104.232276898034,20.0459813747301
79.0999216439004,29.5277390295826,105.439768526411,20.3309782671076
78.5714351724488,29.9748035972844,104.46912594266,20.0904952556749
78.6143168209444,29.8437778434467,103.379715846735,20.1110007248135
78.5189435351911,29.9563860192438,105.319281469591,20.0692393428815
78.5001937024611,29.8865949772126,103.379715846735,20.1110007248135
78.3083364454279,29.9265688769021,105.314199903633,20.0172491485349
78.3872735616344,29.9318413901556,104.232276898034,20.0459813747301
78.7168029609692,29.6926954445998,102.863195288679,20.1890997611634
78.8449393362371,29.7633829623343,102.863195288679,20.1890997611634
78.6483346714767,29.7932272388308,102.904870797559,20.1593972999425
78.7293292448782,29.8028876002847,102.904870797559,20.1593972999425
78.4872121335155,29.7759152303685,103.379715846735,20.1110007248135
78.635702132015,29.6827267431824,102.904870797559,20.1593972999425
78.3740904878552,29.8209975243745,104.232276898034,20.0459813747301
78.2950936183936,29.8155559184679,105.314199903633,20.0172491485349
78.8673531740905,29.604010975223,103.216684021923,20.2534007370394
79.3309981080988,29.4484969684085,110.434419882109,20.4627534175329
78.7512683233182,29.6427452236021,102.863195288679,20.1890997611634
79.4451851946199,29.4061380287499,110.434419882109,20.4627534175329
80.4620110036157,28.7997022117582,111.282370612721,20.8990947150599
78.9836701773407,29.5659025095709,104.101486714184,20.2839337223332
79.0650348396653,29.57689294078,105.439768526411,20.3309782671076
79.523998630531,29.4123428560287,108.709935686865,20.4612394618585
79.5348256204477,29.5204927656308,107.943401101498,20.4915516807337
78.9488293081642,29.6151072811714,104.101486714184,20.2839337223332
78.879476368658,29.7138741425678,103.216684021923,20.2534007370394
80.1677844135013,29.1845142425158,109.234161325615,20.8198677125047
79.6462113496022,29.4732466096315,104.325251945931,20.5406877700634
79.5684908992485,29.4689841339626,109.167479597193,20.4987121474357
79.8942797100115,29.3135518811131,105.478290323021,20.6360447157079
79.6355530601047,29.3651754188331,107.165341172554,20.5081377841092
79.8522210650117,29.260333898431,108.215335743992,20.6071682925279
79.5579724680946,29.3611075446159,104.071986034347,20.5300133197202
80.0689791503519,29.2494215074127,108.214476604659,20.7790522931503
81.1908743033436,28.3084829934907,111.171923458626,14.2621182511977
80.5512193062716,28.7248019387554,111.282370612721,20.8990947150599
80.6151819859045,28.7125679902511,110.888799878553,20.9282440512688
80.3452834427177,28.9349889416746,110.586251015138,20.8966484878326
80.2797481891803,28.9460060683274,110.586251015138,20.8966484878326
80.0985263096741,29.1916852020771,107.462477615009,20.7369577896214
80.2912402798487,29.0563476232915,108.99572197365,20.7878810001534
80.1852802346688,29.0158961050678,109.857868193692,20.8465865645469
80.25228682688,29.0062897132336,110.511612544076,20.8575648787478
80.087926911105,29.0827144998265,109.857868193692,20.8465865645469
80.4488507614102,28.9734156445318,110.766610934497,20.8865165381992
80.6958039488375,28.8962339812199,110.867775836591,20.9149072910234
80.4362598293527,28.8617503961736,111.042580775189,20.8747909191248
80.3717843623996,28.8737019139373,111.042580775189,20.8747909191248
80.0877597467486,29.3150477973532,108.960185508952,20.8032535450521
80.1865622340669,29.2499457210183,109.325588382177,20.8315084055926
80.1567209953529,29.0749698054188,108.953772682473,20.7141142044756
79.9672659706529,29.3108452447455,106.985664759023,20.7295897953162
80.0582104229712,29.1404179675951,109.021331955572,20.6858020292717
79.9874896393725,29.1459791208663,108.975798488562,20.7778106980062
79.9566768963359,29.2022698367405,108.659661764138,20.6491805401979
79.8840336172008,29.2054521115385,106.543121509998,20.6941660027817
79.7450749436909,29.3145897079881,107.809742877506,20.5609669594479
79.6689516146437,29.312860819367,103.600415192524,20.5585748735548
79.5540308255394,29.5880525226539,110.927774878336,20.4904093294081
79.7880041085382,29.3689348501231,105.377938638802,20.5956343898208
79.6653313472179,29.54035020354,109.016243395189,20.537838738509
79.8627431843246,29.3686121145102,105.103448323131,20.6714200667069
79.7746504041062,29.4893682377381,110.470219890899,20.6274413002784
79.9320256606733,29.4457190417548,110.289910593269,20.7272931418927
79.8259365751529,29.5018602068529,110.82611346779,20.661206313569
79.84486853072,29.5681267492701,113.570489852385,20.6988506759499
80.2826406773373,29.1818369620955,109.898943556025,20.8556550280844
80.5139475457168,29.0429837509583,110.985082189125,20.8916411236821
80.3763533000427,29.1112879024203,110.370313580208,20.8604194051982
80.564586504686,28.8375137009701,110.929123332426,17.5159485390269
80.4682352473758,29.0389571820276,110.765624283088,20.877124922357
80.604822094921,28.9695283251227,111.26869436833,20.8948087153037
80.5589756260423,28.965574554882,111.144830931052,20.883876021918
80.6494025301074,28.8919486307369,111.039898853872,20.9030684225182
80.8373794416033,28.6186825263035,111.534795861495,13.7006730936272
80.7404733333126,28.8190006495691,110.953063241334,20.9344800633278
80.9054982390349,28.6109481697061,111.534795861495,13.7006730936272
80.8331149600856,28.7476702576519,111.093646264416,20.8025447427782
81.4551806589891,28.2700771119997,110.612810621257,14.5486317901768
80.9740508588944,28.8153471380604,111.882016172813,17.5264760818419
81.3446344340241,28.3166485162487,110.914954364269,14.3573500600482
81.9070300055897,28.2419976792581,105.954978875764,14.9927063204993
81.5351160534595,28.2799982102133,110.612810621257,14.5486317901768
81.8508400634878,28.2970164356032,108.831336604363,14.9119667420483
81.5679251625969,28.2278994581961,110.612810621257,14.5486317901768
81.4486394664711,28.3944029905789,110.960553394804,14.4026133031853
81.7642440961327,28.2041047617943,109.770602414022,14.7893782638056
81.4999128625188,28.5360297474974,111.600272616394,14.4426083618311
81.8806220991356,28.1708269267582,105.665776505454,14.9835047037296
81.7905062526762,28.2753280313719,109.945884991206,14.8436976434472
81.6674920094186,28.0740889324022,109.770602414022,14.7893782638056
81.6823934422827,28.1895970012302,109.770602414022,14.7893782638056
81.6489601688627,28.2403151197499,110.120027415546,14.692842100246
81.5609410559672,28.350998529199,110.713304871912,14.5483969290738
81.4076562454825,28.2074495034385,110.612810621257,14.5486317901768
81.4231370889587,28.3236985458935,110.914954364269,14.3573500600482
81.2312546041807,28.4946029582992,111.485672057573,14.1177779323697
81.3385916697185,28.4421705051381,111.221524485335,14.2590519553525
81.1319906450026,28.424155127533,111.519855138824,14.0729040048929
80.9782859104929,28.6864589565517,111.659187438938,13.7745974528939
80.8223117109493,28.5037728052135,111.534795861495,13.7006730936272
80.8112820312552,28.6804061423607,111.001491788265,20.9551766605944
80.7050099602581,28.6384089066883,111.001491788265,20.9551766605944
80.7449251309892,28.6900722559944,111.001491788265,20.9551766605944
81.0146973949683,28.3688613696156,111.595714108703,13.9788227584278
81.0026221093388,28.5447659294175,111.690404990389,13.7933022614269
81.0872132778222,28.3664242412894,111.519855138824,14.0729040048929
80.9168915543503,28.4344784315384,111.690404990389,13.7933022614269
80.8901938492866,28.4957357996234,111.690404990389,13.7933022614269
80.7964050062685,28.5658236932715,111.534795861495,13.7006730936272
80.9870096696638,28.4290213341302,111.595714108703,13.9788227584278
80.7303927197728,28.5758835860091,111.001491788265,20.9551766605944
81.4395934618146,28.1535669532152,110.612810621257,14.5486317901768
81.5526654995172,28.1118177844552,110.120027415546,14.692842100246
81.7497266571027,28.0892966606134,105.665776505454,14.9835047037296
81.2367712747151,28.3679762398648,111.171923458626,14.2621182511977
81.1160020258542,28.3076229362695,111.519855138824,14.0729040048929
81.3287883508107,28.1999051612967,110.914954364269,14.3573500600482
81.3135038667569,28.3718898867168,111.171923458626,14.2621182511977
81.2978086538736,28.2554832006816,110.914954364269,14.3573500600482
81.2207825783923,28.2512307785704,111.171923458626,14.2621182511977
81.783647939844,28.0397794184176,105.665776505454,14.9835047037296
81.7981833864217,28.1546185124057,105.665776505454,14.9835047037296
82.3391503122912,27.9449686776571,95.232158258135,15.5248865270649
82.4932918186102,27.8739238061842,91.6516494195956,15.8928649700706
82.1370031997157,27.9515635071429,99.3401240045648,15.3734469846779
82.255639001678,27.9251278740415,95.232158258135,15.5248865270649
82.576626587282,27.8935125961234,91.6516494195956,15.8928649700706
82.6952753398831,27.8676133831091,93.194516561117,15.9937902491474
81.8664501814104,28.0566902144866,105.665776505454,14.9835047037296
81.9839847694207,28.0265417295142,104.992436097291,15.0808017194475
83.5538086445978,27.6185175217275,98.1003165687603,17.2221730144289
83.2032228993964,27.7121292149218,96.3456350275743,16.8188132973974
82.8137693739869,27.8412624427054,96.766647427262,16.1528828786493
83.0500587592112,27.7864429559794,100.33950519764,16.5082937297185
82.9320465729345,27.8142534048947,101.538775594529,16.3562620151095
83.1677560727605,27.7576951574786,94.3295768144604,16.604411874667
83.0855710024095,27.7411107702237,94.3295768144604,16.604411874667
82.8610103934323,27.9046323721069,99.5792303956262,16.262953465538
82.8493112758949,27.7962127393413,101.538775594529,16.3562620151095
82.8255166197111,27.9498824507947,98.8504977297873,16.2092111323883
82.9675857940094,27.7691015487883,100.33950519764,16.5082937297185
82.9790466290951,27.8770725625709,102.190982103722,16.4150651759396
82.730798866731,27.8225932640225,96.766647427262,16.1528828786493
82.74275181117,27.9315327021192,96.0614408914122,16.1072238191861
82.6121030425466,27.8484180478812,93.194516561117,15.9937902491474
82.5057993748347,27.9841118817378,91.7913800951788,15.7935997467884
83.2850940999121,27.727906171321,96.3456350275743,16.8188132973974
83.096809944847,27.8487053722154,98.5629577826148,16.5726414631948
82.2687630103039,28.0367971289126,96.9346350434659,15.482057163871
82.4578908989035,27.919198640886,90.5487286337253,15.6803344042378
82.1020643306527,27.9982078718873,104.121005833735,15.2761865891462
82.0324696074482,28.0924072175297,104.4688814997,15.2220123851031
82.01867087459,27.9791427962988,104.121005833735,15.2761865891462
81.9978057763385,28.139925815367,104.813000671205,15.1273515324067
81.9008032825169,28.0083347249254,104.992436097291,15.0808017194475
81.9149683756915,28.1224157231153,104.992436097291,15.0808017194475
82.1421362455203,28.1815574401637,104.672381369552,15.2922069173525
82.5888994996512,28.0032732681866,94.955583670947,15.8939301711092
82.378684300044,28.126066930333,99.5500216983322,15.5995492384046
82.6243256506849,27.9579488522911,92.6161864922366,15.9499233888497
82.4406298457534,28.1498004395267,97.2023882402926,15.6872427787741
82.7072787842046,27.976773574484,97.2373823372775,16.0544700689628
82.0855577487887,28.2341453000821,105.248127753912,15.2110452766204
82.3220747788649,28.1771636287833,102.044438069646,15.5183791857088
82.6156339007587,28.0723304642934,99.3134988591694,15.9079395543466
82.7340313232462,28.0453463851029,98.7118210676066,16.0673866464061
82.8522834111651,28.0179665476361,99.7962541375524,16.240968483183
83.0326087252433,28.0118209108367,102.362340566602,16.5016492087179
83.3227879945029,27.9013042641415,101.657227298848,16.8623368858065
83.2959663337979,27.8350354848942,98.7865407661004,16.8355417991965
83.1503990090482,27.9825425527211,102.534961572847,16.6647859502288
83.1788235212864,27.8650970529176,97.0425405101767,16.67219613556
83.023788726608,28.1246348767106,101.661938692224,16.5347461492835
83.267875381951,27.9523861738914,101.67807313073,16.826817300484
82.9145462577505,28.0403259670691,101.613039038815,16.360538964254
82.9057104488901,28.1535188963916,102.226001223015,16.3848775845924
82.7044861978145,28.1640747693287,99.6092435453662,16.1103310667333
82.5895595305898,28.416639446981,103.596180643436,15.9627150145969
82.7992611622696,28.2907798668866,102.466352328151,16.2387592882594
84.1855398757563,27.7867829120411,100.155721714394,18.0449299687719
83.1771448813955,28.049196164425,101.4023956069,16.7339279305488
83.9936318175663,28.0334238400751,100.877033862587,17.8800867477962
82.8259919615932,28.3588441110223,102.432326362707,16.3113492457362
83.2591510621602,28.0646797586439,101.337793894568,16.8288900417121
82.8881771675995,28.3806479677171,102.377984772028,16.4248929065361
83.0706064645769,28.1867625992482,101.725138481749,16.5894716611801
82.6689990816229,28.2097866034421,103.277343466023,16.0586812374468
82.5628663782281,28.3476570752274,103.88938125527,15.9407829608216
82.3135140792272,28.2935662749414,108.072956941124,15.5445376868408
82.5504853490953,28.237549771634,106.776468646786,15.87745276486
82.4672757799771,28.2192366832768,100.99319270546,15.7487912769702
82.2603044288856,28.1534099086588,102.436923730348,15.4433471292173
82.5859010998509,28.1916724858228,99.7417188078431,15.9260568120119
82.4971594013316,28.0991493644092,99.1645077190191,15.7542698432874
82.0243197829046,28.2109303319092,105.343293262015,15.1424408222824
82.0773165415395,28.3524626129394,106.576204120461,15.1857794677887
82.2036745415737,28.2051451455829,104.497925945032,15.3628898593489
82.195255636596,28.3224644480047,108.391074896901,15.3592936616722
82.6778008093733,28.0955827897292,101.43945935053,15.9920799794051
82.5592338047711,28.1227044535798,100.140179229186,15.8370669538758
81.9678770305928,28.2645949147756,105.801968553889,15.0622542976817
81.9943336300205,28.335502125379,106.163236516302,15.0858092618406
81.7347107061262,28.3319848436028,110.266826189459,14.7633097351662
81.6198053197373,28.3700642999563,110.677623492182,14.6153793302209
81.3952116136252,28.4576372524918,111.227306448109,14.3245384776603
81.3271126071672,28.6943348577679,112.211924166392,14.2441899522777
81.1755558715957,28.6906852688408,112.050157049163,14.0214786322564
81.2809117412906,28.6346445172259,111.993136287114,14.1596589374772
80.8817832034993,28.7538300405575,111.218371266325,19.2541029761893
80.7878480955289,28.8240387313723,111.020345701327,20.9493184140602
81.1018032987213,28.6918731330093,111.965150254635,13.9301278683776
81.025931220365,28.6132894539536,111.670086529363,13.8457968432673
81.2051167178463,28.6328437275307,111.742548607008,14.0594580781823
81.1269754097245,28.551723523775,111.616043399464,13.9799554752024
80.7835428115681,28.9531147112184,111.587370045125,20.9855382426639
80.7312980225754,29.0766181407059,110.861651226337,21.0927219574639
80.8097386892991,28.8913766285557,111.267064298248,20.9652926779376
80.7982224408675,29.0671775510676,110.974989171476,21.1383290654687
81.0016226234275,28.7550342519635,111.772773538962,13.7923868077354
81.0171457656862,28.8704406696081,111.992688495503,17.1094239610026
81.1912817750321,28.8066242616023,112.224316380276,14.0964616081032
81.5322823009704,28.4827387754138,111.378010071498,14.4899180433104
81.2864260474274,28.5080157092337,111.476087399564,14.1820894408347
81.1805411401946,28.5630736071646,111.652849247446,14.0428248824757
81.2208236118965,28.7488398571104,112.293148506389,14.1137041756089
81.6458297576515,28.4411613903533,111.009093077821,14.636579717002
81.7419405727707,28.5685786620945,111.185999506601,14.8979234961566
81.7272790283425,28.4537155242007,111.017376289399,14.7351871030655
81.5474521703383,28.5983737848585,111.69592648843,14.546612443309
81.8771941974938,28.3680978425731,110.308539096924,14.9335875661548
81.8430864833403,28.4175519551653,110.75191801563,14.8866513830317
81.9738318590873,28.4975825021713,110.381291971025,15.2110365828463
81.4361142411334,28.6442355482925,112.038395142473,14.3878095930897
81.5410361605521,28.7227075472527,111.512622502667,14.6340627685952
81.7754608376618,28.5178062016453,111.09157221116,14.8749207144088
81.857409073433,28.5318190114706,110.913128374104,15.0136050328165
81.4046630028651,28.6990977230158,111.993230100813,14.3970854899971
81.3216022213578,28.8207711606955,111.963890310619,14.3417789895231
81.3891475257605,28.583118672072,111.765385939032,14.2978810699733
81.311496514842,28.5782900905153,111.743331685539,14.2030201225196
81.2965842743783,28.750689128502,112.222916857313,14.225505533532
81.1657158030908,28.9460115211041,111.973914954069,14.1195113887116
80.9196415766623,28.9366757426447,111.460172916393,21.1131780465482
80.7738784541509,29.2101441447244,110.748172160348,21.1128275383061
80.9895038661112,28.9305938425107,111.33373777146,21.1921423001901
80.9151041392925,29.0652313894631,111.113269684541,21.1906496789231
81.2702782211461,28.8884221286381,111.995918675328,14.2571108272625
81.0878259140414,29.0764150147878,111.325374525078,21.2408466921154
81.5151903763985,28.6517754208544,111.66936712553,14.5560037128448
81.4301487935991,28.7696720922413,111.761277619428,14.4848936352237
81.6277504943616,28.6084094705213,111.446615536956,14.6785575640344
81.487432759869,28.7857458004494,111.654520355204,14.5525269745467
81.6606953371549,28.5563717148061,111.4498928403,14.6850375821022
81.6538605420529,28.6795490427011,111.354577297365,14.7834642037002
81.7130915004176,28.6987181962661,111.517590475348,14.8499630840656
81.4030651152588,28.9055482905832,112.00035185974,14.4162051486981
81.9707616780294,28.6949909967076,110.874044553877,15.1875054944823
82.4148743795084,28.4975734131651,104.807716881565,15.7634029975651
82.1787729804994,28.5583244605636,105.984894057101,15.4560215783048
82.4713085320864,28.445578044469,103.627499952691,15.8475850644991
82.0533152922142,28.7098270956011,110.555915032852,15.2857806058854
82.0877621681017,28.6609284433409,110.258362078339,15.3409086258186
82.2883181771195,28.6448398427277,106.517808344008,15.6230757930803
82.6515791691862,28.4390768389071,103.401584409798,16.0894547770449
82.3531449673195,28.4748936266719,104.74615309615,15.668613362198
82.117523392023,28.5359786347666,106.438013546586,15.3772065726995
82.4446366507796,28.376143102545,103.960688440772,15.7944277956495
82.3615688915156,28.3582666713972,104.695848714907,15.7001430947489
82.2085617056324,28.4346401588042,105.780051966034,15.5060687411095
82.1256033879032,28.4174303165836,106.023293157364,15.3572589972036
82.2434459784088,28.3873627390532,105.549750130124,15.5565001030671
82.3264988808204,28.4050258027099,105.016653806158,15.6519153649563
82.7078101982657,28.387801047922,104.089998822973,16.1165727179339
83.270064580964,28.1719719644432,101.666941367466,16.8434977015846
82.944039873511,28.3295646370722,102.069223756706,16.4270312993897
83.3054902921766,28.1258234553083,101.361363272982,16.8954367169632
82.6810983573883,28.3192798810289,103.69803401685,16.0924959791709
82.5981861309413,28.3015693339764,104.297830545311,15.9740383048043
83.0351302465181,28.2326230847779,101.909308233539,16.5371472963148
82.9527616374988,28.2161447897088,101.749479546487,16.4295356656396
82.9172897583881,28.2619492589645,101.983622575109,16.3862337968692
82.8347076475475,28.2449644027249,102.619932072406,16.2887160435597
83.2968888999503,28.2383520740734,102.195265041425,16.9206065348247
83.3870757778413,28.1404386393329,101.300660164933,16.9964545366287
83.1881968611496,28.1566916762542,101.206104571002,16.7257945711528
83.1795323664876,28.2694386541289,101.553890195051,16.8209234194091
82.5332030039792,28.4681997032271,102.855037002248,15.9648259161541
82.7699263742486,28.4099638543862,103.65657968298,16.2534398542521
83.3591588097094,28.25821550126,101.739205384596,17.1179549232106
83.1508950239238,28.3874383969959,102.391688918728,16.9397117255176
83.2418067978586,28.2898457844988,101.510289216747,16.9853881877847
83.1153498368966,28.4336426943853,102.319008688299,16.9990958852614
83.1241631130627,28.3207183791534,102.240530296336,16.7390927188058
83.0329767276322,28.4180675616037,102.455172480182,16.7939167005728
83.0062719608749,28.350945854887,101.672874129552,16.6021773311253
82.7965882253204,28.4779505575771,103.568289775731,16.4229501954407
82.5598274146842,28.5370901977055,102.806468470073,16.0504320892114
82.6428391123032,28.5539617432725,104.252757882313,16.1566260190115
82.4414786762373,28.5669114522336,105.966141754567,15.854951266749
82.524550027295,28.5838026841767,106.783505728171,15.9721980609888
82.1705951856723,28.6766636000682,108.61263842233,15.4578824168275
82.0672258956712,28.8231079678843,111.026692127761,15.2988203734467
82.3232728733084,28.5972707347877,106.889557379276,15.6785573942043
82.1015444046782,28.7739739376356,110.535010257956,15.3688351888168
82.6782217482656,28.5075125406985,104.712009833049,16.2236426768055
82.5722768228139,28.6473277947503,106.704611680189,16.1309200514684
82.7611269931327,28.5242195532245,104.118931138169,16.3567616850321
82.6903738847621,28.6171237496473,108.875015714463,16.2951296949881
82.8793480290398,28.4943733394529,103.345521465856,16.6329472669506
82.8084596534397,28.5869875841959,107.356213459645,16.5202296628638
82.9148592601016,28.448194388929,103.701673137823,16.5691190466826
82.8910401585553,28.6030609376322,107.574989128426,16.9677537622622
83.3504587893851,28.3706655291003,102.152820995256,17.4121558074125
83.2330382592848,28.4024942310832,101.850258164596,17.2031421127487
83.3966829444239,28.4312722817179,103.84389195874,17.8595208795301
83.4761821784316,28.2257440892664,101.564954477848,17.2845556186271
82.6550890554275,28.6637772744289,106.13011246942,16.4511619456886
82.7997769971444,28.7014594126966,111.057124469226,17.1059093733128
82.419215758714,28.7251330093653,108.071503837795,15.9212364185068
82.6817587023617,28.7322360900377,106.721207828559,17.0358892402146
83.3612460226446,28.4778275655994,103.634294396923,18.3314825308796
83.2708041007479,28.5762950256952,105.701112692807,18.2123674105239
83.1265534639639,28.5414410092452,104.647939221056,17.7718047119985
83.0356036224484,28.6395890685464,106.834579892144,17.7229310143032
83.0088777380682,28.5724408921029,104.660546452334,17.5421183702405
82.9177459186425,28.6706378882971,108.280178274699,17.5171230670492
82.7437193834836,28.7536034396651,108.021809216919,17.1193522076589
82.4161459172077,28.9171678014843,119.843846819183,16.7698134593288
82.9798874706178,28.6914448420203,108.895927240086,17.5997205091105
82.8618415334169,28.7225853981837,113.626878375101,17.4581088365115
82.6255874273431,28.7846946617196,108.986727778152,17.2290549348198
82.2984440874344,28.9502611343722,110.458989051877,16.1883885886785
82.4458467526542,28.7944613932464,113.533680517745,16.1400121905632
82.0642680944871,29.0200019198006,111.210254956147,15.8203102385587
82.2637627387951,28.9989222454137,110.686364411157,16.7611304766208
81.8328686315627,29.0968970708804,111.356915802877,15.2284885297451
82.3281290438144,28.8264146179368,110.226987987388,15.871092606443
82.2719085512173,28.8806359777271,110.437332209632,15.8073359928736
82.1841497250706,28.7892315567217,110.210236504009,15.4886310422196
82.3895842112926,28.8479387935727,116.895626205454,16.25244133993
82.5075124384307,28.8160543847166,109.422323551129,17.0313466535679
82.4542407429488,28.6778179435583,108.610771686458,15.8927512899512
82.2053228617208,28.6284918075971,106.912098592265,15.5092864229796
82.2187539074313,28.7408198355777,108.905492370041,15.5476431932853
82.5637568388203,28.7631633524938,111.466349510769,16.4289355588914
82.5371037820294,28.6942592976699,106.801823837102,16.1343290337672
81.8355024014169,28.8965163886126,111.845226713237,14.9540417707094
81.4950583383529,29.2322298970632,111.756470545792,14.5776653862535
81.4969833971952,29.0269746342866,112.123068164353,14.4780248352831
81.4130050263699,29.1473992106933,112.451825670823,14.3550898296427
81.6406324912776,28.9269643311809,111.976317361571,14.7062857391931
81.5225719325269,29.0973400275715,112.337058302806,14.5036218351986
81.9217522319375,28.9868545550823,112.007517924875,15.0875564669516
81.9509380882219,28.8587277733976,111.239056550426,15.1260831768627
81.692657701,29.0683079487357,112.280419517117,14.740290022637
81.5801750890078,29.1133993966596,112.333632813843,14.5846133280169
81.4694941773569,29.1618860113064,112.38160443129,14.4307081687405
81.1752689383228,29.3984266095923,110.871007760954,21.2053904167775
82.0378209813829,28.9497164246881,111.516194641184,15.3465892278603
81.9773618035026,28.9293239143819,111.815215545305,15.143093367558
81.3609389231384,29.2140225136443,112.460017251849,14.2822106756679
81.0986901755933,29.3198167397145,111.520025663552,21.1542991582655
81.2009286996428,29.2587582516788,111.70051254987,21.2015241899669
81.1511352513304,29.3293908714769,111.574908460145,21.1781885460208
81.0499824124067,29.3921604153288,111.404632700942,21.130791105625
80.7580878751024,29.5943604054183,110.08131525733,21.0011588794051
81.2547717954347,29.2698965202073,111.794930068919,21.2284845512112
81.2810386265728,29.1316923364004,112.20924464187,14.1984833553666
80.9011257569258,29.4505765091633,110.949574764652,21.0662073144139
80.9060325413504,29.322406889431,110.855213183096,21.0952357348164
80.9988619809456,29.3839446402453,111.400834025703,21.1089486113495
81.0036469056362,29.2558111466445,111.07446246463,21.1494201759864
81.3057219066126,29.2012119984917,112.378020394111,14.9142375623158
81.3110872258969,29.0745074751812,112.105786478501,14.250751310489
81.0595316783558,29.1359741801899,111.269824206397,21.1976002236303
80.976012419383,29.316045280405,111.082959808711,21.1066905911466
81.1610051230693,29.074009720638,111.850817612625,15.8690125056926
81.1035394616756,29.1919533640051,111.226456012114,21.182567407199
81.1901697584861,29.0155344769578,112.008488372295,14.1330225685811
81.2059906013644,29.1313858947955,111.756292821424,17.7235741628385
81.5286972809702,28.9724181540207,112.093426699664,14.54057859017
81.4187375132446,29.0215251408118,112.110349699486,14.3908699479535
81.5929271240543,28.8646697722431,111.835847709127,14.6627030954502
81.6082123115794,28.9802366114847,112.086356346511,14.6344731431133
82.0937343088484,28.8934911466329,111.293467136041,15.3996612898014
82.2107142002678,28.8593166582882,110.606824136076,15.6348017874362
81.7061921063012,28.821748314655,111.647201212491,14.8060041053143
81.7541884900049,28.8848088193765,111.752813781261,14.8545327132211
81.6254624709976,28.8115265022374,111.657283040292,14.7162981679179
81.4814331971187,28.9111106364706,112.03299233746,14.5145494682821
81.3776035720146,28.8349949271786,111.87272318883,14.4046417358768
81.2952853802722,28.9585073666533,111.970937594104,14.2675782594465
81.5993947755169,28.7404493048902,111.468524826044,14.7034190279591
81.5132437636286,28.8566342546771,111.855896570514,14.5705990130881
81.8281697455322,28.6601241268116,111.212049740478,15.0013603540407
81.7393427661528,28.7698438231625,111.519990000411,14.8650585393776
81.0640084567827,29.0075086562599,111.272190560026,21.2507264741434
80.960634398056,29.2011541115054,111.094870229968,21.1614742669065
80.8639545667118,29.2689295209414,110.89024406112,21.1124923846299
80.878931678107,29.3832050037112,110.860908053247,21.0637847472856
80.8685227747943,29.1402559870388,111.033049149594,21.1568905603039
80.8198486901712,29.1341858760724,110.937524983853,21.1429147618129
80.9650525689267,29.0724627875701,111.183757206086,21.2066154080521
80.8909223319266,29.2079105162779,110.979941726259,21.1350048937103
80.2045187830598,29.6290213507651,110.885790046275,20.8507927914117
80.1035954387523,29.6923292275752,110.433343581448,20.812594771192
80.4866489341946,29.5507480870194,109.292539481013,20.9229794078793
80.3055423594317,29.7974478717275,109.953832713542,20.8369169960943
80.0304270388479,29.9271263991816,107.628049011081,20.7385213262665
79.6948033233109,29.9801920567891,105.301422549402,20.6553169989958
80.6078332950741,29.419160494287,109.904880435225,21.0025019884947
80.6213611789915,29.5314928804906,109.754992588505,20.9605086261592
80.4313570248419,29.6709873543335,108.905569014678,20.8845680150491
80.5810477952673,29.480266975105,109.738967628511,20.9639674686438
80.2936927758559,29.6875042840077,110.838832322241,20.8440481168252
80.22374554414,29.6946567625707,110.444067093635,20.8205389014815
80.7955745621483,29.2772355642769,110.665129929353,21.0985409978761
80.8102177891786,29.3910600878376,110.476803650622,21.0483433739793
80.1725629246866,29.9984708456005,106.245362636643,20.818668974094
80.1340781451475,29.8671453381055,109.108298061677,20.7750785612208
79.6613867903715,30.0325139837364,105.323600462269,20.6225958544782
79.4808559963607,30.1817088453364,102.945165018443,20.5506493740637
79.77224647978,29.9827926086328,105.970038379477,20.6588827738133
79.7060304274929,30.0883948058318,104.781854757896,20.6314844363709
79.9879195870279,29.8740698303002,108.465156848417,20.7336797147953
79.8923127468667,30.0383667785107,106.642742196635,20.7358922545369
79.8050892831461,29.9294787494658,107.192196462016,20.6716166613633
79.8162236649737,30.037723563157,106.321386500892,20.6738204599054
80.019259142678,29.8184611498348,108.198497923832,20.7507297865568
79.9244295428983,29.9840004393933,106.411382713269,20.7020780468267
79.8941546948996,29.8093592776274,108.739743890135,20.7444945037647
79.9133225683009,29.8756070899855,107.949513026513,20.7127549657088
79.4692965558346,30.0733013470808,104.032790201162,20.5737725309717
79.5634745904602,29.9607150140979,105.665700351786,20.6567212691758
79.58277434027,30.0280226419244,104.672115841468,20.6184157044651
79.6755517562542,29.9132690429313,106.210480750388,20.6947122173319
78.9727529578134,30.2892223666111,102.412727221244,20.3909387088071
79.1040580058019,30.1301260065776,102.5556050017,20.5366318220775
78.9039316977962,30.3895523949628,102.898020139445,20.3343931965428
79.0888132967115,30.2487924614924,102.092416161563,20.424720374561
78.871951738172,30.210446459261,102.520789493195,20.4973747818389
78.7031064519215,30.232761158735,104.889177956512,20.4868130792532
78.6266624753654,30.4154092444271,104.708525496058,20.2509009477416
78.7563219708401,30.2516511751521,103.951031401665,20.4305704319817
78.6735936002601,30.474242371475,105.25678588349,20.2442973061024
78.7755124985496,30.3211969849867,103.255042378337,20.3378116163956
78.5462915673926,30.4086798583459,106.029518007669,20.2567892936413
78.4469732924358,30.5664095948779,105.983168137899,20.1446618978115
78.4142823204981,30.6196224714416,106.577930910884,20.1304598682774
78.5129754245166,30.4609314458435,106.503682152664,20.220972483023
78.7544208694553,30.4820590951907,104.27094907579,20.2684556702458
78.8568497828408,30.3300839290809,102.710175151538,20.3378268815857
78.5264472808058,30.5714736845636,106.148930191887,20.1709307671984
78.6589982000223,30.595304403728,106.155115735096,20.3899468278833
79.2047442098586,30.2081840892567,102.405257792608,20.4687750007005
79.1234225731971,30.198933992435,102.264112819349,20.4672091743876
79.0197619277157,30.3487087385638,102.357762500023,20.3795878801963
79.6726781725103,30.1407198344567,104.099901178048,20.6234021819074
79.4350709675244,30.1240611408089,103.320672481669,20.549799748088
79.3664811559339,30.2251458772526,102.548619226276,20.5113797305718
79.3547104069027,30.1165273502905,103.157797588551,20.5369250602497
79.2513205846927,30.2670970911138,102.089649217506,20.4672178637118
79.5603416743383,30.1877654745913,103.333527907137,20.5772856661876
79.5797714634521,30.2551883252927,104.11498178279,20.9278240396648
79.4467190628961,30.2325274683519,103.781529951522,20.6560149830996
79.5197485444646,30.3169815885102,95.1136937854312,20.9411734746856
79.3321235273937,30.2754880634719,102.242700676505,20.4950805789493
79.4661979089261,30.3003748252273,105.788889502964,21.1199826447012
79.1746246575924,30.4456402845206,100.662254410662,21.4255168711818
79.351628830039,30.3437369621537,104.373081026961,21.1621700295501
78.7736463129965,30.5515574679246,104.318069017381,21.2578013811928
79.1011437561407,30.3580427880246,102.217442718492,20.4081669848367
78.9853199925952,30.3987664634902,102.574181814191,20.3623992042173
79.0047461941069,30.4679521038515,103.329215071165,21.4408924070772
78.4329836069429,30.6891443233051,105.78320790942,20.2326243578179
78.4845581295842,30.7054937084055,106.991851935734,21.3067450811727
78.8889919456739,30.5092878870639,103.804099082848,20.7002903196146
78.9426803867818,30.5281153045328,103.205325463794,21.5712921938434
78.5453496560064,30.6410336647534,106.951896685301,21.0275443913461
78.3915871657529,30.8247297699458,107.387198404759,22.2527651402841
78.7118804044933,30.6133028722501,105.534887800553,21.487302884404
78.8269942201836,30.5700869815457,104.261424006009,21.3539470738893
79.2363465204124,30.385761018705,104.107831891658,21.4071473144881
79.0781161993694,30.5557248099816,100.943631567193,22.2711990157621
79.424912778214,30.4290640952429,97.5368238229,21.9680872399977
79.4054486536145,30.3612446850956,96.9820607120684,21.1023868120067
79.6522769124909,30.3376729055252,101.960987212907,22.218999350688
79.692038254062,30.2077075698621,104.064800633559,20.8601716925779
79.1941147576141,30.5142215559568,99.3086338393709,22.1156151317072
79.290316018145,30.4039636658045,98.3334304055924,21.2359378504267
79.8412492743046,30.2903728152265,101.25080351541,22.1200716205548
79.8547176597901,30.1705136203967,102.32423547706,20.864629769205
79.8739485806694,30.2367298997766,104.034271494397,22.013767933538
79.9628260791747,30.1161311988036,102.236834662474,20.8253189200653
80.2638373763145,30.05886289268,108.957800436293,21.7922654331618
80.4033259389252,29.7306352028164,110.163099337653,20.8729218895457
80.1227745830538,29.9895035676699,108.026284379477,20.7765515070439
80.2353406442857,29.8042193930997,109.310447682177,20.8095319743469
80.324985266408,29.8630325983314,109.814879608399,20.863852797444
80.3343357516531,29.7386766948857,110.117346042384,20.849553959652
80.0182662023034,30.04854079545,106.901090035669,20.815269926774
79.9990762730687,29.982620715837,106.685897231942,20.7278023238172
80.2249879772633,29.9275756724851,109.024862978539,20.8134202746184
80.4994392147927,29.6620633495257,109.245299049677,20.9094352456236
80.2740589440788,29.9354097815773,108.075404417643,20.8570416690828
80.5268451522748,29.6017156839863,109.302184729904,20.9221561166996
80.4230137679834,29.796300291147,110.580423017247,20.8978597969508
80.594397671278,29.5923357996684,109.687211132019,20.9459260013787
80.7097928255509,29.5885758243447,110.054671311411,20.9850528096124
80.7834207347572,29.4521474154428,110.485679021325,21.0239281163609
80.5194653670258,29.7279045187646,109.294839263978,20.919232737733
80.6148543007882,29.6584437268237,109.676311023235,20.9575538715867
80.4628837560286,29.927945020724,105.313976885276,21.4415737331848
80.4710601291652,29.8024960301569,110.059089344774,20.9268386476212
80.7797208477849,29.6613309319972,109.805020956494,21.1731370069979
80.8049782489466,29.5190307417869,110.525596389331,21.0250173133524
80.8762195268149,29.5927735117743,110.152200308142,21.0432800652262
80.8539586049533,29.5253177893367,110.61901911126,21.0428400003449
80.4911618142347,29.8684118884366,112.118966756095,21.2893247591907
80.5673173003342,29.7336672708337,109.352678689512,20.9432531926946
80.3932114378969,29.9356600604709,104.14151617702,21.1540301200405
80.3734552457459,29.8699288820935,108.335292036505,20.8836254339286
80.3764204538239,30.1044798400293,105.427108814163,21.8250000043684
80.3642557912343,29.994402412053,110.031042944248,21.6704419546934
80.0880590942619,30.1245222641231,101.994848989107,21.5239735509422
79.4956453697256,30.7408725859359,105.303301927226,20.5747209705557
80.6977068036726,29.8431532108295,109.419161041365,21.8030090012756
80.683829322527,29.7306049220809,109.461212666416,21.014271341626
80.1613680474009,30.1209033372286,105.60883929223,21.8862611324766
80.0994635689683,30.2332351186162,101.210525523264,21.8934702124083
80.2756391009041,30.1683369526368,105.350217293702,21.883196863715
79.7028872448798,30.5799728264717,101.802839985211,20.7769344269488
80.1729094162751,30.2298770106645,102.792947007245,21.9555430628756
79.0907052944779,30.6650431557147,102.370727582188,21.2146072348718
79.3611778222388,30.7173554891592,104.004749481069,20.5595772912161
79.9499925973252,30.2367314195512,102.4858295883,21.9945004886116
79.5900352742883,30.6275961189477,103.759424957067,20.7033894290113
80.0681230766071,30.2888219018827,101.679035213512,21.9346131943297
79.9933511670318,30.2904792515682,100.632140780481,22.0516481121123
79.8525935277722,30.3985467154798,101.767768337528,22.0491145072577
79.3071945183668,30.6997792974185,102.933901416539,20.5552926795424
79.7753310039163,30.3966864465216,99.716614175696,21.9845753728583
79.7639532329567,30.2885405979646,100.153064035909,21.7710758211499
79.6637850359538,30.4458519748502,102.643170241936,22.1216693404663
79.8852560348406,30.3449482632256,101.518904038632,22.1278141692863
79.9613146575348,30.3450528342076,99.5837865306123,21.8415257615663
79.730698204622,30.3412554559061,101.666639485457,22.2340013159871
79.7446636957602,30.2219643585907,100.488544505806,20.8945525395102
79.2753435956857,30.5225568658128,99.4654040317404,22.4495480235318
79.3905995898663,30.4797709184004,97.9904283242894,22.2495434777252
79.0586517646723,30.4868280517504,101.222422490086,21.4016229380595
78.9277450055805,30.6477808720518,101.819829619321,21.907515434362
78.9406733478272,30.7574821242337,104.219770943495,20.6305473202923
78.9620898782478,30.5972674918688,102.367391007605,22.406760497339
78.8253617825777,30.800341298183,105.008075796931,20.4174388515026
78.8122002078111,30.6903674876719,104.255996831618,22.0617053085973
78.5969302468442,30.8905378410203,105.588640311314,20.5632160875377
78.7310906966027,30.6827720253495,105.429996908008,22.5581246881109
78.616700842785,30.727818225476,108.026300759536,22.5185815598007
78.6972929962563,30.7343044773273,105.870207019318,21.8878675709139
78.4843945008634,30.938793870028,105.320549701664,20.4125525259577
78.5833232112043,30.780101289066,106.127431315898,21.9376150322499
78.4055105768668,30.9354449258793,105.008240845565,21.3475625111745
78.4705804137632,30.828180507031,106.129738093153,21.9939031899699
78.3919292432023,31.058869679756,105.167357025503,20.183994749258
79.0563291718148,30.715410180563,103.373398156009,20.7339255892631
78.8593819240165,30.7493212666787,104.694324062696,21.3528528426358
78.9749177788207,30.7068790597421,103.428921909894,21.1611629675075
78.8982032882011,30.8877943189456,106.338984069109,20.3082362568286
79.1720489871986,30.6735657506786,101.0880696176,20.7810476001815
79.0758883675157,30.7843774455625,104.471174554748,20.3943730494755
79.3219192219875,30.5809262291754,92.9314206595092,21.1922742856379
79.1916614317594,30.7422725124235,103.655040178971,20.4540291785932
79.4025832632134,30.5883415280575,93.1871233550062,20.8009749661627
79.2064644602886,30.6232459616888,97.109588228462,21.2199097427812
79.2875567620414,30.6313872802419,99.7982633872012,20.8253990166081
79.618560946357,30.389561214701,99.6228485515148,22.3388604858552
79.4222212397689,30.6563761353335,102.740792392712,20.6978448993119
78.9601498382854,30.8266490401369,105.211807702931,20.3408864533322
78.6876668682626,31.0463229025522,107.45624714029,20.2010607993947
79.2456970525592,30.7603473728104,103.366432973655,20.4631713267563
79.5508502377044,30.4926855344999,95.919353110234,21.5452865191655
78.7443827384851,30.7929199175999,105.892255192602,21.1244159123149
78.8447253134686,30.8696448783551,106.022094527435,20.2876539605931
78.7106814739173,30.8445256646186,105.817225410617,20.6352817136256
78.4618006222419,31.1435007326248,106.811632089895,20.1190504870923
78.7299015657067,30.9139048709353,106.685550299924,20.2349242761261
78.6542324172603,31.0986558143953,108.011789996953,20.1826747819285
78.6302146181874,30.8381931867354,105.650332128009,21.1512442201912
78.6159752819113,30.9599343661564,105.934777380323,20.1878469043526
78.5171725960322,30.8855959778362,105.385787642913,21.4382956462152
78.4429657967921,31.0741469097421,105.658452556394,20.1560598868698
78.5411266763838,31.1468926656448,107.63424694462,20.1449497745608
78.4758662345768,31.2541210440396,107.396717571542,20.0605905230347
78.5740772838219,31.0937420125644,107.332873262764,20.1595006136495
78.5032409292362,31.008168837419,105.858231817631,20.1659324649978
78.6684607712484,30.976971371343,106.911004969945,20.2057350853436
78.5550450583199,31.0243698551769,106.370024568162,20.1597090892526
78.7829475056396,30.9316052135367,107.61689627224,20.2569824421429
78.8022961391079,31.0008783981586,108.090550615636,20.23605310957
79.0139350849263,30.8450158331783,104.920245711865,20.3572579396911
79.0334777312846,30.9139483657547,106.14091836632,20.3252735000295
79.265317875424,30.8287042706008,105.288795749336,20.4309220021026
79.7224171688473,30.6468198112806,105.637317129463,20.7373844664057
79.3807997396821,30.785357079393,105.174549189099,20.4992452606766
79.9807819426338,30.4112411534684,99.4629266245576,21.243876020057
79.5756801652712,30.7464527288375,105.116683112231,20.5100654785938
80.3449093972962,30.2421301923515,103.820118241548,21.9177865614731
79.9110828887255,30.5977454755917,107.207661399791,20.7769649787168
80.2952747639369,30.2340255724711,103.99058653849,21.873040443207
79.8338442495565,30.5965553346434,105.902178205188,20.8420271981906
79.7616691159045,30.516255626331,101.561255335102,20.8954176951713
79.6497271036618,30.5650229715894,101.916945019753,20.7736646848036
79.4760413782313,30.6732506877946,103.0270402908,20.6219317358302
79.5364859858567,30.6115990400075,102.605009027078,20.7501657473377
79.630144064886,30.497765966467,98.1665219766783,21.2336404487068
79.9242042025331,30.4776434124791,103.736492201123,21.0859164401509
79.8143458719617,30.5300545704168,103.000400585972,20.9080531163462
79.5168679475774,30.543948072517,104.234719398116,21.2499594291008
79.4368019735364,30.5375624842045,102.503339215454,21.7205955272629
80.4054994847049,30.0459684337359,107.655208414391,21.8266777417661
80.3962531853635,30.1701926906384,103.071291220915,21.7776102456703
80.3648047812409,30.3079042132097,106.411422644939,21.8553735834499
80.5937651009197,30.0375882513374,106.431451835545,21.7587833139457
80.2623253589588,30.3704553069197,105.923247633332,21.5937721072865
80.4454439082292,30.1775265190287,104.530962499923,21.9490345089077
80.087597035703,30.3547645457596,101.756336744187,21.5447655113189
80.126669733217,30.4865298115278,109.587293710849,21.0598656933323
80.5651430613911,30.1775040594294,103.715369400109,21.9422733370123
80.64265315609,30.0441078760119,107.486254728433,21.8259087657359
80.0322788033421,30.4226127154605,100.693761641247,21.2155679100496
80.0517773478396,30.48857668027,106.738100069837,21.1266485102339
80.2426391735714,30.3047182085625,103.634850540043,21.7915932008897
80.2316916134328,30.4271847581444,100.674955136845,20.970936631915
80.3348697524602,30.3655342173319,102.320395246847,21.3843353966425
80.2742002972002,30.4796803951006,104.151012691335,20.7043819926873
80.9591139147981,29.9099125988724,110.007594651679,22.0956526489749
81.0357232906822,29.7766395305531,110.419200593397,21.8941434557269
80.6637260343893,30.1105976104976,105.530830859191,22.1663394089918
80.7402429571124,29.9763747968603,109.437852041719,21.7566687987704
81.2648046027957,29.7221699453838,111.101586853666,22.1851465190613
81.1369059050324,29.7133504538669,110.739638009533,21.9728834030793
81.3453632499586,29.5948506218985,111.126303844909,22.217613951014
81.2904752617353,29.5827157576175,111.001679546803,22.0973148185709
81.615499329227,29.4244949340901,111.828226129938,15.6184764490283
81.5622749907484,29.488930912905,112.030722259041,19.6226957965984
81.6735244578024,29.4407029499559,112.145668263491,15.7274015556185
81.6996023319184,29.5112321882158,113.059035200785,15.0101761300499
81.9554172670276,29.2931191966363,112.257454678167,15.8263894252174
81.9266808729676,29.4229456645538,113.162703098504,15.1053848269172
82.1605232230159,29.1467157674234,111.760291224063,16.1513794171566
82.0154149973196,29.3121057317935,112.581008037683,15.4666527892586
82.0443966550335,29.183771466486,111.738631589848,15.8504414588636
81.9003447310654,29.3526043415105,112.619366203711,15.594190876985
81.8146081460483,29.2638099210259,111.891816185652,15.668095875486
81.8408877914014,29.334369118944,112.069364605406,16.072048120979
81.7274957166054,29.3780504631992,111.891211225386,16.0072895425946
81.9290255914623,29.2226920965903,111.831783477773,15.8743640310214
81.2400624963616,29.6526201465158,110.993906882175,22.0849594021264
81.479567284893,29.4036891145937,111.535072422381,17.5171312613068
81.1864057519604,29.6419017490378,110.792311948254,21.991563648002
81.3715452338467,29.4567414301548,111.152162734133,21.9594481078602
80.6911458383989,29.9698572765953,109.278129414168,21.7755280243952
80.8636891450885,29.7672607184053,109.988240206281,21.774108056093
81.0844697157751,29.7039351147238,110.556070430788,21.9360697146998
81.1622442268725,29.5729063668396,110.790956831282,21.9272547335149
80.7524875717907,29.7220877878837,109.677451790984,21.2398943032429
80.7941617767298,29.7746497708349,109.786765279632,21.6518084349608
81.2657398204574,29.5131920951128,111.021892820171,21.943478679824
81.3555932306331,29.3407495791296,111.175704937656,21.0860063428483
81.1911777137476,29.5140975786105,110.878908777337,21.6985835117711
81.2497625096718,29.3973371044204,110.954943620815,21.4195931011684
80.6564525372041,29.7911747151359,109.334744657575,21.5597186108242
80.7667578786554,29.8351454781388,109.654301227667,21.728554808324
80.6011608654248,29.9116270416059,108.55241765901,21.8055971201434
80.6701539796274,29.9034547020174,109.268534333892,21.8035788729285
80.9463015450103,29.5860058447182,110.275810486052,21.2002928538734
80.9510650895773,29.4576807895078,111.060659886659,21.0855847005594
81.6860856951741,29.1920775561735,111.625095523395,14.9675471112666
81.6215201924269,29.2996106560706,111.593392708967,15.0444461686106
81.7996570762946,29.148909872091,111.52833578859,15.1525324749012
81.7339156315417,29.2542104261786,111.790273340035,15.2956979944547
81.4020127032974,29.4000194500002,111.258453029761,21.9391845694849
81.5740150457544,29.2382482518557,111.60688225195,14.7723048153749
81.9144396547529,29.1083753768871,111.435718661247,15.6554064398782
81.8476866195884,29.2116140801276,111.739699305567,15.5991835216837
81.9481190638716,29.0573606617163,111.515385037983,15.4008701528304
81.9625676324495,29.1714660687076,111.611124239419,16.0305474407059
82.0301888172533,29.0701117264914,111.450314196664,15.8371841544179
82.0783388888394,29.1334317506474,111.559655624555,17.0274187586679
81.39675713244,29.5266990291826,111.224594005187,22.2386713338339
81.5107908930806,29.3481362247816,111.597842876814,14.7872766886566
81.5051666389141,29.4739793859989,111.567714556344,21.886635481361
81.5896015457717,29.3539943391067,111.575543901137,15.0180662164188
82.4209130018637,29.145969233445,111.205719276368,15.6040643060248
82.5117537335836,29.0433182940788,109.085577463197,16.183517433807
82.5383515792956,29.112094702262,110.925930853264,15.7352204051506
83.2177894348024,28.8488197483838,105.074687400671,16.5680698747516
82.5340952498098,28.8848642355659,118.819275095981,17.3632674090187
82.3943347650131,29.0767855886486,110.751232063958,15.9550426291038
82.6521862901948,28.8530654945675,107.027924622172,17.6283148862434
82.5467311679417,28.9954598753682,131.982375815026,16.1735832711202
82.1466944641409,29.0337571071808,111.056204017114,16.7996032923452
82.1546042937843,28.914446210191,111.106746074131,15.5617437941125
82.7823497811781,28.9308834266678,109.894499299883,16.0341390535472
82.6293726011816,29.0104983216025,118.874465228584,16.0074044937729
82.3117727501361,29.0622597267627,110.914033146243,16.8480692026529
82.3812392448959,28.9652648850434,113.358604853603,17.2868512195302
83.3598245552229,28.661823852475,105.679352510259,17.0249799983171
83.5948000175017,28.4114180663427,102.438567167433,18.6288866708491
83.3351462446263,28.8158788990796,103.757204131015,16.7151925937386
83.6839956795687,28.494913440999,100.324480079078,17.8275860906839
83.2532649758168,28.8020449675019,104.503532228717,16.618855308851
83.324285932507,28.7085572634619,102.671261225476,16.9528997632335
82.8884782069381,28.7900921525209,110.449656373985,17.4163944706172
82.8648645994298,28.9458728036474,109.135883370196,16.1310687560685
83.0065458839279,28.7585322046697,105.095249946665,17.2413850240681
82.8915204374542,29.0133929457197,108.306815448708,16.1538463170446
82.8530433346789,28.8368995648987,105.415766675568,17.3016258802746
82.7703368122704,28.8215407608103,102.710795017988,17.7520931958898
83.1002602876003,28.8813843480309,105.734178070382,16.421048450239
83.0713965162225,29.0006970521859,106.630486130875,16.3653487857351
83.0180133433336,28.8668417721114,106.505054318595,16.3238397588091
83.0092859487007,28.9808133372448,106.873773767383,16.2951374756902
83.4791355967945,28.848175936927,103.693893246628,16.8838506559206
83.3706221486761,28.7690512751448,103.329398292674,16.7667797185919
82.9826040358197,28.9136947640038,107.048226573824,16.2752697848689
82.9002086943748,28.898888548153,108.397866678683,16.1779453152508
82.6645014463501,28.9630106910475,111.140767096289,15.889359868982
82.6559883515105,29.0788552613259,110.817915599171,15.8707473063296
82.1947998621943,29.0971508769182,111.291181449106,16.7267295990341
82.1577712150049,29.3433812146077,112.713674216441,15.2987018806031
82.3037743209658,29.1807324958175,111.730935315153,15.4695809596054
82.4046135113992,29.3817741278843,111.751530644697,15.4932252054326
82.2399993950263,29.3559184606031,112.184323508098,15.3631543327127
82.3648932266921,29.2010180988648,111.836339238732,15.5356616409929
82.508809169061,29.2350954702642,111.337628369198,15.6701892750639
82.3567812840054,29.3192815541246,111.969956039409,15.4893000610264
82.3914006009788,29.2701013742833,111.852494603548,15.5408494465813
82.4822836833729,29.166415931781,111.405456259804,15.6695197077467
82.2478626595906,29.2366436437218,112.43191083515,15.4722477061329
82.131315446182,29.2735623765384,112.49573421487,15.4982976523798
82.8356269698679,29.0663395314493,109.066755955986,16.0802708733869
82.7737320497906,29.0460110905394,109.567726873487,16.0112490904402
82.9447276286307,29.147883033704,107.469626368765,16.1660627851998
82.9535349506421,29.0335312669219,107.648752294211,16.2216576694293
83.0980405348159,29.0673709056665,106.519504040668,16.3720426174413
83.180314607261,29.0811133935525,105.995213284124,16.4531530829501
83.2979717162697,29.0475135845066,105.523718035784,16.5916222513552
83.3068014109872,28.9344595052995,104.953263556391,16.654657604746
83.5433349284276,29.0862448650487,104.931283849493,16.8755265422414
83.4154727329663,29.013597084919,104.838095843505,16.7451562301759
83.8022129965549,28.8617243778634,103.23906645514,17.2472286327433
83.461712951923,29.0736128266752,105.140257878344,16.7783869066408
83.7752165473654,28.7967920939848,102.503197199524,17.2457222884573
83.8833170969533,28.8733054373579,103.160716558931,17.321866815827
83.6854046127337,28.8971927004715,103.6327048071,17.0996585626105
83.7667277896475,28.9091790965407,103.555081595568,17.1854135023176
83.999638944883,28.8368658470959,102.844430322373,17.480688471984
83.8934538588864,28.9799468774902,103.697856473324,17.3139998674442
84.2314482823671,28.7622540320708,102.28545290025,17.7788534138995
84.4069131645731,28.5569762773813,101.586624777209,18.0804702896794
84.276568419482,28.8208221116373,102.715457661067,17.8020279702587
84.3821092761537,28.6756598281133,101.850413313688,17.9901003858591
84.9788632111272,28.359359966291,101.952397645989,18.847449833284
84.6122749791318,28.5976872365975,101.886738221764,18.2822688860689
84.2392586882187,28.649643335455,101.651810230731,17.841926168204
84.9502429103035,28.2946193610709,101.722594265036,18.8248002723945
84.5843654863964,28.5333536803637,101.766374648734,18.3125516677384
84.4972950838499,28.6368605874587,101.764426527931,18.1349341307134
84.4695705407432,28.5725734328917,101.644274252539,18.1381147772854
84.2666795797456,28.7139913397267,101.95868212639,17.8504911987454
84.1236889558064,28.6873537081151,101.628007499394,17.6970094846752
84.4142538055525,28.4440864735419,101.481814367189,18.1249961803647
84.0611898136944,28.670824109212,101.349276422866,17.6332338544978
83.8292237705374,28.7436350570192,102.239340356213,17.3317193872973
84.0078273513824,28.724462065803,101.684028386604,17.5447696601141
83.9187536531502,28.8256804713331,102.878485223024,17.3955832157226
83.4510397669988,28.9665009862702,104.387322073061,16.8059245089935
83.5960956579668,28.8139153704938,103.143632509619,17.0306829879151
83.8021814776267,28.6787029551949,101.764446739795,17.3143632355826
83.4522898505235,28.7824560500998,103.16835878457,16.8648843805394
83.5414878560101,28.8666836444848,103.635145256405,16.9500647611421
83.604620725049,28.7014236160337,102.279403653138,17.0676586005181
83.9182304762457,28.6428222547143,100.840239785853,17.4661073441583
83.8375060353608,28.6312695291957,101.131464816197,17.3670084855387
83.6858306393828,28.7139164603212,101.821296136022,17.1654906047463
83.7919650592193,28.5720537352085,100.443102253937,17.3931248994166
83.594171183633,28.5946078264701,101.441440443149,17.3413192396298
83.5691920860999,28.7484844015148,102.578123101839,17.0147773679975
83.4416198984101,28.6753905934872,102.125984016909,16.9799257798413
83.4877487585136,28.7355288581215,102.885748966239,16.9170822949333
84.2645093061573,28.5311860111731,101.587426534531,17.9172669365799
83.9434160147161,28.4885514376679,100.24231880886,17.8538982450635
84.7123976761913,28.2666956778301,101.524390585806,18.7180266533888
84.0339696842735,28.6062700233133,100.77631221529,17.6166057176509
84.7569953924325,28.3252230509034,101.653019743624,18.6375582316795
84.8263303428607,28.2263736296983,101.517977365974,18.8369621490232
84.28964724055,28.375908940378,101.393131286863,18.2272350101135
84.1394546868883,28.4623322724458,101.189484578384,17.8439663266209
84.3545449601292,28.6113622049727,101.658072206098,17.9953145619173
84.4938738906515,28.4537308573522,101.626825723315,18.2194865827259
84.2995212676605,28.4827953678044,101.555934728317,17.9730813308667
84.2919564887543,28.595497511004,101.656236441843,17.9401323829658
84.6429443044988,28.3651887384378,101.659177348922,18.4270915034794
84.6360995754475,28.4785560680847,101.747004758312,18.3923294738634
84.1493933405337,28.5690467839558,101.662697807529,17.7667245219321
84.0691498574207,28.5583779193403,100.905536829303,17.6685393638765
85.093186920926,28.3199813243188,102.201622748855,17.785296726252
85.0642677758914,28.2549350276769,102.126481754321,16.6501103678969
84.8362888230524,28.33456089621,101.720084430782,18.6743500884756
84.8134649152758,28.4540967814313,101.905106655315,18.6153974768923
85.4083727814077,28.1412341071324,102.468641867442,13.3884029631494
85.213243914461,28.1664532463113,102.339345867179,12.8705962674064
84.7222974180941,28.3745167253667,101.67903491458,18.5220661220809
84.7504197094425,28.4388735958277,101.829434954825,18.5463355382241
85.178508804023,28.2158419393374,102.465966527169,12.785039961034
85.3176720151963,28.0185571059642,101.85645338329,13.3868825631839
84.8709415775193,28.2851206120743,101.652185180125,18.7295571529096
84.8609605841782,28.176802921054,101.297334103759,19.1322687412291
85.0887630255154,28.0962195572764,101.942766346996,12.7502675496067
84.9402064616512,28.1860235605444,101.523520207371,19.1170593835264
85.5598281743754,28.0590880410082,101.951012167431,13.8898722115563
85.5493843252751,27.9482232529401,101.575124431831,13.9224099253123
85.9887263866134,27.8926166372575,100.679343790846,15.0430599043376
85.7854063600834,27.8908731136796,101.150876506642,14.5347148340392
86.2213009459671,28.0871141417299,101.750262505852,15.5438998305217
85.8787775443048,28.0234879074663,101.848395836081,14.6600989348385
85.8587184362968,28.1404901649757,102.910807627934,14.5881556979604
85.6414541630936,28.0754384751422,102.052767880564,14.0312314312407
85.7394494318941,28.1656402164007,102.999511163068,14.2742763971517
85.5244180708361,28.1069003277044,102.254449674154,13.6985032975367
85.9104351180536,28.0930821033707,102.481849568248,14.7216425566424
86.0357178967395,27.9607605038674,101.278034410142,15.1113338157949
85.7908981389238,28.1163835516323,102.607444171244,14.4062681766733
85.9153095352966,27.9793708060308,101.26792762344,14.7983698680225
85.5549000912806,28.1741976918796,102.911021400264,13.7842803716452
85.7707312930504,28.2345277706008,103.836325644112,14.3439044421081
85.4384236418973,28.2078164482673,102.932830025317,13.4784816028178
85.7345475752127,28.2805333402819,104.294412137195,14.2419959219365
85.3227797041412,28.2437237844643,102.921696079494,13.1757685892128
85.3824763857339,28.3764475051848,104.190866237698,13.3338412862949
85.5040032948352,28.226541314444,103.25556596124,13.6555900773327
85.1513882580214,28.4506819217664,102.656808163552,18.9947847639694
85.3876978221001,28.261207610006,103.105192214728,13.3511524016227
85.2077696228802,28.2812976363977,102.823455884354,12.8753500676307
85.0713345953757,28.4400295647949,102.321390834162,18.9071984826556
85.272131566676,28.2978676517243,103.251606215821,13.0420390348026
84.9279091740812,28.4143781000497,101.96532761206,18.7540456604756
84.8418204137429,28.5186946870255,102.021504346524,18.5903776088312
85.0364212835694,28.4893359635609,102.445238926591,18.8352174963883
85.1570945840442,28.3359144615536,102.829615190907,14.4663517722892
84.9216322950114,28.5285020376291,102.257075818751,18.6838226019387
84.7270953140363,28.5582494039497,101.968588548582,18.4346574981146
84.9665765935104,28.5877832092098,102.617791074231,18.6861119098968
85.3017707117645,28.3639217986587,103.999994998043,13.119129081502
85.081469479071,28.5490425088699,102.834317055206,18.8217862572984
85.5344754175707,28.2939101711437,104.009689695917,13.7223789183333
85.2769828604728,28.5226930672481,104.394197954202,13.0461000877374
85.6162719945703,28.3096909811374,104.39520679691,13.9243360818716
85.672365848756,28.1435214141722,102.662985775897,14.0929832561534
85.6521050910418,28.2626007299269,104.041246162221,14.0234438947329
85.9006467335982,28.3211309574602,104.623112610807,14.654966244047
85.8903385066456,28.2100568424598,103.782805814896,14.66038799951
86.0209920958497,28.3001420751811,104.297169677816,14.9607931966431
85.9739703344573,28.2327786065063,103.947150723398,14.8486337041756
86.704807890786,28.1582302766609,99.4101808616684,16.7593929878134
86.6201143412584,28.1275389444467,100.419503292099,16.5448821694368
86.142004778599,28.2824821347602,103.75737962449,15.2743390496644
86.1319782962651,28.1720392584346,102.767154639108,15.2946151186006
86.4977975351085,28.1360395647582,100.537567719227,16.2433345022751
86.2536304584944,28.1577727918615,102.580083648534,15.5947787264176
86.5873154566743,28.0572762185684,99.4311215481612,16.5070487306377
86.4602505589398,28.1754255550734,101.727438853173,16.1093437827433
86.4651453990712,28.0655247982317,99.9534404341232,16.1850385380542
86.375609274863,28.1459533516273,101.532938306819,15.9266689016988
86.099841078292,28.1015487437031,101.769414177137,15.2236841400595
86.094879207968,28.214276690112,103.435566104993,15.17936485842
86.1518634459317,28.0577681569618,101.899115136879,15.3588471105936
85.9789072223682,28.1191669856912,102.491652746553,14.9046912711574
86.7095652387597,28.050104724567,98.4729997163446,16.827158376221
86.8271858220413,28.1509503343562,98.6336590240643,17.0772626227145
87.0054131577283,27.9997728812008,96.636899104105,17.6011571886838
86.864940692861,28.1131739142098,97.831857353108,17.2026081410397
87.4433524511304,28.0132671465153,94.6285966613972,18.7369281329721
87.3547232976046,28.0874676307698,95.3961496854271,18.4691268984001
86.8832770290442,28.0054816440177,97.5768823742398,17.2792354536393
86.7425068565031,28.1200317350037,99.3330415709673,16.8815249914083
87.3717626989749,27.9823144662735,95.3017965162673,18.5541406937319
87.1098500841691,28.100373633367,95.6450503121535,17.8426711501643
87.1187192794661,28.2054388437565,97.8782277956692,17.8146372707619
86.9873941904943,28.1067021946279,96.7464042508638,17.5147563043955
87.2322966304426,28.0940130957204,95.2735268167844,18.1596192119986
87.1944135723865,28.1310284478324,96.137870510009,18.0387979577089
87.7218097398584,28.0658181025049,95.4836045093053,19.4192952793596
87.4856177921831,28.1840236090807,96.325792613894,18.7789343473644
87.8099164170605,27.9915460891233,93.5050858331737,19.7207713059069
87.5615104503434,28.1102383407542,95.4625409040825,18.9910189269754
87.8060665449664,28.0946396868099,94.1940225480605,19.633037088678
87.6078611820748,28.176375665571,95.8467936743912,19.0999507085607
87.8440928186917,28.0578141179751,94.2217260255489,19.7511246044609
87.6920953790317,28.2053143249632,95.8445912501133,19.323220402165
88.4169551054374,28.05171354376,92.0080096046449,21.2335374410511
88.0964779945387,28.1426632941645,93.9544381850028,20.3858763856787
88.4201916968414,27.9493940773898,91.4716790288706,21.3489784360649
88.5773526354374,28.0070492305852,91.4931281206583,21.7183357307681
88.6613566561494,28.0358775308212,91.6347729083323,21.8734114260079
88.9442435170477,27.9865304969406,91.3235560782704,22.6942516925527
88.6643249716181,27.9335969170472,91.08698560198,22.0073394860006
88.6996107999605,27.9995654921158,91.4390466627945,22.0168912028685
88.3472389993284,27.9203923970021,90.8504105963312,21.1591999090245
88.3329314531063,28.0235073924539,91.8928994777431,21.04228484831
88.5909549968569,27.9041153306056,90.9767586969888,21.8152032181583
88.5391391531364,28.0435378191482,91.7094778089592,21.5766049228765
88.2981594835023,27.9578652711891,91.35031447904,21.0090570112757
88.2107438301706,28.0321660427467,93.0028802605535,20.7248222571844
88.2254011766763,27.9289304820009,91.152390712963,20.8346230229574
88.088550901121,28.0408760308774,93.4871538134967,20.38613760762
87.9663378704356,28.0494721484863,93.7397147063232,20.0529444840022
88.0504736385436,28.0777166622798,93.9440293314996,20.2717147638811
87.5655816414736,28.0064697141679,95.035370326155,19.0569541825156
87.4771220095905,28.080631453,94.7276445734694,18.7936336328922
87.6838085703408,28.1026315404142,94.4406278494527,19.3144373441921
87.6877704367819,27.9992291258812,94.9196874889931,19.3693268750551
87.094127040351,27.9253019538505,95.7547630141294,17.8404126675748
87.0764892708586,28.0316934187875,95.5857058653602,17.7813345352737
87.7415876506619,27.8585472600036,92.6470980510112,19.5548525186161
87.6158574647,27.969086771193,94.2124730323266,19.2068067460959
87.8634174040768,27.8510853285185,91.8984049216232,19.8783744435831
87.7378435040203,27.9617864867417,93.5309980545845,19.5364341353164
87.947313759474,27.879864302409,91.7402023907495,20.0984204868975
87.8597863225608,27.9540430101165,93.0565837753186,19.8599380287913
88.0690382135461,27.8716587369453,91.339899955349,20.4226491905876
87.9816883502716,27.9459144655754,92.5470463527619,20.1849310014472
88.1069520863516,27.8349438399132,90.6837361994983,20.5293902148831
88.1761305322381,27.9664833670798,91.887523499504,20.6996728436961
88.8374150720103,27.7876227237807,89.7768544882445,22.4888186472507
88.6775260014693,27.8307524578705,90.6335861346502,22.0542147826105
88.7992901532797,27.8237464489764,90.4821350948029,22.3816043761343
88.7156102126946,27.7944485313731,89.8585909137161,22.1614557710813
88.5557975659728,27.8383370857455,90.3753277210793,21.7273374736771
88.4721042601534,27.8097961477171,89.9899986432751,21.5082051994862
88.312415403525,27.8547463533379,90.9250337273596,21.0737637000936
88.464417644415,27.7082183460758,89.1110723408863,21.5463249855878
88.1907340205637,27.8632299885987,90.5966499687956,20.7483040080398
88.1035558859459,27.9374939863539,91.8476065562699,20.5090749078891
87.733279610451,27.7560849869759,92.7556008429659,19.5548953853687
87.703743754291,27.8951213941941,93.0097399254222,19.4510690522023
87.4514268135431,27.8050437369158,92.7841494510751,18.8304901467825
87.3380679245475,27.9144090253434,94.6227557285991,18.4832647771502
87.3293781290099,27.8104983627169,93.6151623888038,18.4978760957664
87.2538440156204,27.8834069987256,95.0557963705839,18.2653478180397
87.0852000487199,27.8202267773726,94.9731746756381,17.8520552699137
87.0097990301799,27.8936085490653,96.1309692522608,17.6221186876888
87.0007862217529,27.7881024554032,95.1576585934625,17.6711836717705
86.8877632226042,27.8986187379183,97.7467698006567,17.3001536340707
86.8786312137359,27.7924354574774,96.9050693238025,17.3512809442302
86.7657340334209,27.9038553513289,97.5481879648737,16.9844460458958
87.1318292542811,27.8885983071996,95.4888683769609,17.9413450035056
86.9541717626214,28.0375802116247,97.3948510861001,17.4631540669805
87.2161081423825,27.9199881748276,95.4572872867188,18.162971306707
87.1275461550603,27.9941174205696,96.4504896128008,17.9138876822421
86.9721340198402,27.9305076407286,96.4448562189169,17.5201417675041
86.8318580150675,28.0436309208008,97.3329167610214,17.1473502844708
86.8501393902247,27.9357896125252,96.7534941026526,17.203816757129
86.761152689962,28.0114844274657,98.4692814066322,16.9614430116434
86.5824828478784,28.1662676550378,101.119773865554,16.4212546404628
86.639058450221,28.0180446546673,98.8717803038932,16.6424036186245
86.4843206870583,27.9548321152144,98.9539730167586,16.2445551857875
86.3431112114587,28.0752937160213,101.009976319466,15.8641252483406
86.6437287548268,27.9096066416762,98.1473795540825,16.6704511428649
86.5170228410883,28.0254942849401,99.3066293531081,16.3203566325109
86.1196803906472,27.9871818952628,101.742795889487,15.291786834983
86.0308265575822,28.0736564321849,101.284891267388,15.0390706749848
86.3625446086826,27.9634590464258,100.296811707363,15.9260217761197
86.2733354048913,28.0448239910323,101.051014032218,15.6781264904714
86.2311118369138,27.8641447850246,99.5549913955973,15.6688410032641
86.1567502833547,27.9457452466227,100.534309382944,15.4172810252555
86.756480569082,27.7969652134873,96.5042169455448,17.061152048177
86.521771843137,27.9161952322262,98.5535438817295,16.3638992275407
86.5967882631549,27.839773482859,98.6772818579387,16.5850792979195
86.5122619724813,27.8078551152155,98.3057766613217,16.4144609945922
86.1096798461371,27.8767437467443,101.34765997906,15.3450959130142
85.6359653877684,27.849507883617,101.056302498335,14.6206518730705
86.2880008072377,27.7120657164211,100.350086793353,16.1136136462309
86.0256192923039,27.8500363522436,100.961324605957,15.157506572447
86.1666210178937,27.7222537994263,100.02739317787,15.9356916113626
85.8056032836002,27.7737155785513,100.264387506992,15.539347390306
86.3577552338993,27.7439433093378,99.8079396886845,16.1101337053092
86.3902573112866,27.8150168868573,98.480072080037,16.1078491040894
86.1146575686104,27.7646325054315,101.335522742552,15.5817004195707
86.1344292380372,27.6513090176473,102.415097597879,16.0795528560802
86.5359986663831,27.5894318110747,99.6903472029697,17.5466639372594
86.4095993284495,27.7042564495108,99.0723681788372,16.3319942147207
85.9251819890034,27.7524606342477,99.7271326953995,15.75098555586
86.0136489317305,27.6650021055315,103.641204924761,15.6827769268834
86.8635980687637,27.6154116993135,93.3766427785191,17.6173872371436
86.5313195219659,27.6981882729283,96.428993850711,16.6031705567927
87.3502515279847,27.6013776509154,90.7936084142276,18.8473646217704
87.0185728958851,27.6818334527075,94.4418838197843,17.8008372689941
87.5057108339348,27.6644159170119,91.948561860347,19.1422314609378
87.262192324305,27.6740169938375,93.1118290564384,18.4612684940984
87.333517878868,27.7061477150837,92.7582450629633,18.6208322242882
87.1229345787286,27.7837297543535,93.6075519110208,18.0129950868983
86.774918266075,27.6891818331149,95.5928953343358,17.1623455600465
86.7188664952315,27.8342751700251,98.6853583502059,16.8966592502223
87.2115471320839,27.7106499493223,93.2445346794493,18.2979836382381
87.1403911748493,27.6780815512646,93.8986976078316,18.1362972076366
86.6015458010809,27.7313299305537,96.7159560186796,16.705824398021
86.6343498820477,27.8019917690164,97.880640152563,16.7302511202258
87.573438440994,27.7990751083733,92.3649309729223,19.1386282380609
87.6197124240475,27.8655106607649,93.1734833791981,19.2321728428067
87.8706715733238,27.645405891738,89.4277909434522,20.1431653332406
87.6112884118938,27.7626833109531,92.5132312827782,19.2528350649986
88.06103456467,27.7698608083563,90.2213096715698,20.414519570665
87.9392025495257,27.7778705028417,90.8245591614149,20.0890574475342
88.0989746972631,27.7331971084987,89.396861620576,20.5471998872574
88.0645040303132,27.6673206067912,88.1327471788872,20.6508093664396
88.2207993328074,27.724880998895,89.5590313720835,20.8709858108782
88.1861821189552,27.659139441997,89.4744633752129,20.9304045992696
88.3046126889463,27.7531547522076,89.5440384191959,21.0873302103139
88.1828333068056,27.7615651334178,89.540167852871,20.7406080757392
88.3426081248656,27.7164904987848,89.3892100641232,21.2443302853798
88.2352184759016,27.6217277105955,89.4658554307806,21.1357422192507
88.478142729718,27.6051971258401,88.9576392770235,21.8014768452717
88.3078375239378,27.6508014520899,89.4715631797006,21.3118370873815
88.7080983659103,27.6927552582833,88.8718803921328,22.2543599334333
89.0500193445274,27.5044243384266,89.2890911538535,24.2058217138661
88.3566807382152,27.613409680173,89.2204475128723,21.4581105074224
88.4294865842768,27.6424989987124,89.2289815397483,21.6031816758036
87.99222702565,27.6378972181712,89.755387415695,20.4882828652928
88.0792129533094,27.5640471780823,87.6489368394248,20.748129833184
87.9427895976199,27.6751716014295,89.9431832227454,20.3086691450876
87.9578399534483,27.5717646686699,88.1152350257899,20.4075200437351
87.6992197426005,27.6893644295915,91.379086440644,19.6234834826593
87.6274124126732,27.6587135498735,91.5142229949886,19.4516500914064
87.5773616535799,27.6955688934264,92.148022831521,19.2822931193579
87.6311207697661,27.555369625824,94.3939890263257,19.5295357853873
87.4554586576419,27.7011474695138,93.1994887614883,18.9383744205245
87.4718580644711,27.5967692646932,89.8765080229684,19.2049119121553
87.8210292156501,27.6825477352817,90.9075347085381,19.9289848489155
87.8364192506298,27.5789717241351,88.4553939668028,20.0687285137765
87.5934258588311,27.5915141782274,89.7133766609882,19.4741571863195
87.5849252941757,27.4886714102543,92.9575264759482,20.4750466615344
87.9955974397614,27.5352807723847,87.3513170760586,20.5265649615022
88.230431824681,27.4177426752049,88.5463886931743,23.3876096949909
88.4733013375236,27.4013351754995,88.3122175647248,23.7360886566943
88.3596909644702,27.511100157488,88.810483473553,21.9041399384207
88.5947426069704,27.3933730865914,87.6909876191815,23.3610042689732
88.4810273424984,27.5029192084218,88.4934330132854,22.679910888868
88.7237533256824,27.4875386814037,88.4484733252418,23.2310330525391
88.9642415920472,27.5766740282136,89.486572307368,23.1132060270885
88.5996204815324,27.597282134156,88.6216123236555,22.1265517346687
88.6728301085874,27.6267699844979,88.939856260493,22.3201284740664
88.6782433537442,27.4221836702761,87.911064560784,24.7464458429609
88.6023771401338,27.4950084709114,88.1721152772579,22.7784227799077
88.6079030777346,27.2903651444269,87.1036907034134,22.1609023387976
88.1926021600074,27.454335669247,88.7431529409673,23.1931866599709
88.1169921252274,27.5274779833822,87.4227627385833,20.8600004057907
88.200548113739,27.5559735004464,89.2584333120476,21.0724256591877
87.3791962674566,27.4617940689336,90.1410134393447,19.8161956413569
87.2286144482701,27.6054154542338,90.5450022947371,18.8231397422734
87.3957390398558,27.3575227241325,87.0643699220053,19.5703805277433
87.2574180211194,27.4653184502525,92.1985039491095,19.2852439785298
87.223878104297,27.3965790539319,92.2136306800313,18.8542433340837
87.1356167907914,27.468268938888,95.9611687962696,18.923735057705
87.219772267461,27.5011234603265,91.9923175015366,19.171215786082
87.1445403781652,27.5729501155788,89.6186704033688,18.9030176813968
86.6155254848305,27.4070184819106,92.5479048483888,16.8929386822211
86.8544262980334,27.5092196943799,91.5807689089861,18.4330541824906
87.013800219664,27.4707914751869,97.388050578324,18.51345990637
86.657686099246,27.5853901779385,95.8801799528985,17.5557080883888
87.0980015770361,27.5041064854564,95.5810911484005,18.8531166988771
86.9011158055999,27.5790452603912,93.6166008303279,18.1649739074988
86.9762174645415,27.5067408605291,93.8547952354653,19.1022825879584
86.7793967073786,27.5820386439378,91.0765046259898,18.1723727028521
87.0228328406805,27.5760931044436,90.0877814429448,18.6420839025745
86.7235307116972,27.7266638610202,96.2436568341343,17.0183739314991
87.0895542699356,27.7147669647999,94.7642932859167,17.9690687454912
87.1069546080521,27.6089873395149,91.8176399577953,18.320184650961
86.9675478964173,27.7186679065891,94.0372455317367,17.6611978586195
86.9852801105185,27.6122579287563,91.7851362144764,18.2430197984793
86.7419178657256,27.6187275892594,94.4794733031775,17.2422718339553
86.6531036261017,27.6933160629998,97.232946184415,16.8448507457628
85.9937029419757,27.7796197286362,99.5772369734518,15.4232620384643
86.0505154691824,27.6231958569669,102.673916558412,15.8240152313182
86.2360664312177,27.7529620144777,98.8583389500605,15.8859620717758
86.2928337418361,27.6015439150485,99.9576933197639,16.767913808556
86.4986163671851,27.6271096257825,99.6235805921682,16.8194289083897
86.4891017482941,27.5187683387445,93.1313352059896,17.3904074049135
86.620250802248,27.6225008586877,94.8356152641175,17.4105720398059
86.6108552218482,27.5148822364291,92.4155364293899,17.969717942533
86.3770506342065,27.6330409401432,101.834633997511,16.6552852878624
86.3674089559427,27.5239985839805,95.1131797377026,16.9392917714344
85.9300937249119,27.6393514067213,103.988760285779,15.3229204491171
86.1813450840661,27.3884870381392,94.4625993900302,15.7164948122911
86.2556187385379,27.6408861598394,100.236948875169,16.2630875426104
86.2831032914101,27.492060023903,95.9527858458152,16.1167014810078
85.8935230325969,27.6826841981028,102.086357401182,15.362617768544
85.9199308670572,27.528426278167,97.53887810963,14.9977476846293
85.7743098008691,27.7047726004039,99.8922011252752,15.0921650322482
85.7639848245248,27.5936480638362,99.6944302056021,14.5640953675058
85.4132088657615,27.6853429301351,100.747269843442,13.533148572032
85.4585917499544,27.747308255334,100.823290625526,14.1397208332909
85.3035811418371,27.6069303929952,100.310460735728,13.2513797983785
85.418125136663,27.5698390438346,100.273079108189,13.5726096945965
85.1948607243832,27.8711015788839,101.212999868946,13.5223921702078
85.4236077882616,27.795872136099,100.846246956693,14.4826878528938
85.1157560121403,27.8610879938238,101.162580153577,13.4316174228899
85.0712151196895,27.8017290349364,101.066950953342,12.6503122845399
84.7419035058195,28.0333092906105,100.936402123499,20.0994351018242
84.8450779443253,27.8840681200072,100.945977673598,19.3744876096313
84.7763181735871,27.9836562346653,101.029339966073,19.7945016208072
84.5983177396773,28.3067873089936,101.538277350524,18.4899860692042
84.8550532223708,27.9924125307227,101.093253088411,20.1239582106206
84.6564713927405,28.1381405955529,100.723270947865,19.218325312333
84.968161136877,27.9515203153776,101.450146107939,13.071306621227
84.769967269943,28.0975592329389,100.760689342389,19.3024026848816
85.0025088045319,27.9016249154885,101.367549781322,13.1161968211906
84.8833456312901,28.0568155592104,100.753781975386,19.2632486412346
85.3088588509909,27.8325262494975,101.067909257756,14.1973155234313
85.2240502242482,27.9364377778038,101.502329781979,13.3751685696158
85.3331941286892,27.6730236392679,100.515406985016,13.3221689292003
85.343553520006,27.7832869198915,100.898989632121,13.7846292939313
85.6562181400324,27.7312892561646,100.244388634274,14.9799320012368
85.4535854441535,27.862328554261,101.290571237808,14.1152491231841
85.5393382915647,27.7618759914283,100.542252882568,14.8012392265698
85.4330634396195,27.9821300230982,101.694455976615,13.6239430035958
85.7492026233156,27.936365695011,101.476552391306,14.4267581942967
85.5697550192582,27.8290673916284,100.978982315808,14.6370714565389
85.8734506531434,27.7986061366307,100.456684402763,15.1630778076688
85.6668122639432,27.9175946860661,101.464451762427,14.2337203257718
85.7541438776209,27.8219226825064,100.791585659077,14.8513977630663
85.6870855539922,27.7993321790238,100.576561197261,15.2497420658445
85.5189775581443,27.8809602259558,101.448688660936,13.9429146872052
85.2828229450999,28.0678074664473,101.979916730046,13.2399574768153
85.4030864356642,27.915582225929,101.499932335607,13.7820659301334
85.3384223753551,27.8983610896622,101.400302200769,13.789051364736
85.7957589229371,28.0020148789028,101.812058766736,14.4927740399317
85.8684935596868,27.9124054778509,101.01143763564,14.7220779668473
85.3280203097588,28.1286664773061,102.3319742436,13.2036825374261
85.3979750499314,28.0308396557171,101.866848652711,13.5381013904445
85.098922703707,28.2054085259199,102.312699892751,12.6267609682669
85.2029851817623,28.0567987801259,101.92326889071,13.0660126461817
85.0541392048447,28.1458973868073,102.056408548688,12.6543445055128
84.262261859495,28.3116577880582,101.044319634613,18.6095952232684
85.1737882005712,27.9913598705084,101.659357843893,13.1740265148295
84.9967146829318,28.0161473996667,101.600376748801,12.9321062413743
85.1102188176378,27.975874810873,101.584613345641,13.0383797134449
84.9462544881676,28.0716327862885,100.859855991241,19.1036711369423
84.8326665160578,28.1123129560261,100.79830328605,19.2828244086835
83.8273272668634,28.5246376787627,100.472022095968,17.6529605166654
84.7190189886759,28.1529585205193,100.791093579581,19.1654017188213
83.9697213175231,28.3705075902455,99.6213500410263,18.6795734282463
85.0599051169862,28.0311876182273,101.772350975072,12.8893592847117
85.0813682649467,27.9109430079401,101.334055303434,13.2913399147314
84.4911869080756,28.2333494126742,100.811123488901,18.9415154378844
84.628606390549,28.0739789109083,101.180785158273,20.2246058708471
84.4044033037642,28.3370114953769,101.25389755135,18.4229765001345
84.5427739683652,28.1783722360414,100.739074665428,19.069362063955
84.4840259456686,28.3465010042549,101.50735271847,18.4029197692759
84.6052159612559,28.1933572778777,100.806036733935,19.0851459500697
84.1745728905081,28.4141623628518,101.467194497586,18.1297066808816
84.3219395515141,28.1444537095481,100.772395816188,19.3717547844768
84.369471815335,28.3857164334583,101.392898036517,18.2053942514392
84.4288168493084,28.2181193045933,100.616073967678,19.0393052314465
84.5188650487181,28.2975374485851,101.443637469925,18.4471885415897
84.5287143900125,28.404850381815,101.65714196348,18.28703758048
84.1844923304924,28.5209101474643,101.649336574269,17.820722681471
84.2546226907751,28.4243495213946,101.481299480825,18.1475520844195
83.621704973047,28.4767716405764,101.196278870867,18.1803806434324
83.6754824048088,28.6071845588973,101.071551473545,17.230995312638
84.0591640545747,28.451719182061,99.7100314958671,17.8752008769967
84.1473073887189,28.3498160466803,101.089682118734,18.6366750567005
83.4771349202469,28.6285369632501,102.234049457468,17.1901717280157
83.558692640547,28.6416143625143,101.873604548518,17.1889594510285
84.0239584202522,28.4996281155832,99.799117803519,17.7433549615086
84.0850194393263,28.3335105263824,100.965090088605,18.6306890650306
83.9081263746331,28.536202218877,100.057912848565,17.581378257375
83.9163489050736,28.4239063174264,100.174488244834,18.3835366756337
83.862222658497,28.294431241899,101.326637559683,18.6110729286229
83.7380545436297,28.4421350759617,100.979891628153,18.2668878637373
84.0320037520898,28.3872400200513,99.2013375873067,18.2543918086781
84.0578253593075,28.2690552921964,100.791670193217,18.9901449187904
83.3880580254813,28.5438115276129,104.188628317028,18.3570221021059
83.6301397893018,28.364479868242,102.083482793408,18.3148407704511
83.4781781926409,28.4449989794924,103.233168941009,18.4995144849856
83.5030162904814,28.291384068699,101.535816467314,17.4621962955209
83.5050308218972,28.5106472654417,101.819484971155,18.3996184706701
83.5673176617364,28.5292654219714,101.292800549343,17.7452837125749
84.1999626020187,28.2957557603133,100.763454974268,18.975790851378
84.5496676396253,28.0650634084757,101.130196683763,19.8325746622179
84.3145552577019,28.2572716416192,100.734502498949,18.8805612726549
84.3768811003997,28.2728141737762,100.754636557422,18.868402512551
84.5150825988512,28.114243784362,101.11220927397,20.0058029834998
84.0828691873444,28.1143673217636,100.840029420905,18.2576692569905
84.6532217816158,27.9168148367361,100.922768357773,18.7473785574336
84.4359629776305,28.1050702643902,101.035141906471,19.8182016528329
84.4261215274392,27.9979098488091,100.884911723219,18.4706563461116
84.5052388807549,28.0069139458339,101.02741717681,18.5851881635117
84.3914308358736,28.0468857280109,100.923164017732,18.7220916379533
84.4501490496227,27.8787935135738,100.632314834533,18.5187915769549
84.1726681889434,28.2314419377776,100.69407902276,19.0540402212239
84.3120809443327,28.0375038364919,100.745747348324,18.3262009375615
84.0928276795471,28.2210432150944,100.906951960458,18.8522152026269
84.2847389970614,27.9733643343867,100.656081945356,18.288316263319
83.942615724525,28.3058778080676,101.177248153201,18.9629258543304
83.9325464042954,28.1992735002981,100.940336928384,18.3293640176568
83.8270325630713,28.3418712779348,101.536422257781,18.8466898040578
83.8168566939564,28.2352628143999,101.113668073488,18.2875491314566
83.5843550956872,28.3046447188681,101.365182872532,17.9165360552079
83.5135700664457,28.3982596836142,103.066216327006,18.0772042751347
83.7629236132526,28.1054093188038,101.211439988978,17.6205931759428
83.6197425712883,28.2577513772275,101.17162867833,17.6768079984665
83.385954990729,28.3241933806758,102.109377388096,17.3504605197845
83.4675712916314,28.3380607458223,101.686561685929,17.7425633359836
84.1083682603679,27.9960481467693,100.741622336268,18.0439418365915
84.1627528004902,28.1246948194938,100.868575771501,18.6135790703189
83.9676737248593,28.1515385974338,100.992846954645,18.1639536505607
84.047842971236,28.1624041394328,100.962801681041,18.6285506469092
83.6469715076413,28.1400120435055,101.598341825276,17.4126089987582
84.1160098815941,27.8835032114727,100.533522171616,17.9482299203567
83.5928612031871,28.1924133047961,101.446487772049,17.410144760161
83.8864910935239,27.957589067812,100.799866468003,17.6542059242849
83.8784836322354,28.0698868401259,101.316711746853,17.7245323092298
84.195432130988,27.8935727725403,100.544521553391,18.0839277053527
83.4139302274636,28.2064467116249,101.383344840012,17.1376259438871
83.5390504182424,28.0614014731389,100.999324232167,17.1902091623977
84.5122059519091,27.8935898963929,100.79668476784,18.5924687152838
84.7509441661578,27.5832900781439,99.803396455955,15.7891695012044
84.7384004660808,27.8113785174616,100.71113114934,18.8703947658403
84.873133634471,27.6494570525097,100.859271019408,12.045971617595
84.6762089486422,27.7970652723698,100.72246584818,18.7754207464945
84.7949812401926,27.6413450762756,100.533658322222,15.8980978531737
84.5398203004358,27.9576431766071,100.980601150462,18.6048510957567
84.5633315201186,27.8382158602686,100.729379001949,18.6124043096934
84.618740951858,27.9663568357628,101.036299892267,19.1091757268437
84.6254349687367,27.8527235763715,100.786870585476,18.7320228134711
84.9013580499292,27.7137407839428,100.946861354034,12.1303360129942
84.7663903792234,27.8755735947532,100.860508424608,18.884117231359
84.1976690194518,28.0763422900684,100.767354525239,18.4447148656638
84.2772767514426,28.0861696635097,100.809330757249,19.0493389316143
84.9639137348081,27.7280725298172,100.970204015445,12.3144314823313
84.8794166864795,27.834119455948,101.02745461458,16.3329445292226
85.1055717610887,27.7517221445567,100.86100318612,12.6961052429418
85.3535322722655,27.5524331778969,100.24995866045,13.3920489541954
85.21907954002,27.7116227830447,100.722706413214,13.0033508432382
85.2985221128999,27.7224039878438,100.738748627854,13.2182120185539
85.6816155482856,27.5738268314127,99.9827058169767,14.2912489859326
86.0035776200274,27.5542923055573,96.6999158840703,15.3933538829928
86.0085535569108,27.4417432628315,95.9350171375357,15.2182698671348
86.1245058220503,27.5410479687376,98.3996231836963,15.6866847914719
85.800220031536,27.5487775893562,99.681827380036,14.6253557583103
85.8833124078348,27.5716793691401,98.2180562828131,14.9321114962262
86.4938740917294,27.4100546303738,93.1030499719571,16.5612235111762
86.0404960563228,27.5126199460953,97.098230112456,15.2964078324168
85.9399505512079,27.4131670211992,95.8968982487056,15.0424400823875
85.7889019611156,27.3625133940429,95.3133036037389,14.6455091631426
86.5499930964353,27.2644418969341,90.8583693831314,16.7783312958391
86.1491471644806,27.3171121034742,93.146319849968,15.6537385703323
85.8882544719798,27.4581737899309,96.4696521009949,14.8875960466972
86.0653021029196,27.2871474895729,92.8005527079575,15.4371712712324
85.701679779538,27.4556376725462,99.5477203001504,14.3751545914727
85.8251668356315,27.3184061733966,94.2177887140617,14.763927726982
85.5538225081064,27.4164126280682,99.6117725373408,13.978870697843
85.4731798356991,27.4013299766998,99.6149345913843,13.7635062304889
85.2105074669773,27.525438029754,100.275551303559,13.000339921913
85.1898791729166,27.646134543379,100.521682518462,12.935327064779
85.1318688390821,27.5158335944139,100.347314561436,12.7818159081123
85.0767393632292,27.6867109624955,100.876972382471,12.6200852819863
84.9853674507687,27.6075369233752,100.692481644527,12.3566317697099
85.0138675497804,27.6720799295312,100.868722491922,12.4467025910082
84.6484175477022,27.7330488343009,100.64918227868,18.6918507236144
84.7608615937043,27.6913895778035,100.564502076845,18.8375343012782
85.0977464719768,27.5660222618492,100.542115633007,12.6854900813071
85.432700295639,27.2236329455858,99.2192605291344,13.5721766848697
85.2447837510642,27.4755393553024,99.9350318645546,13.1080711543813
85.3480911604041,27.3266819244675,99.666358205977,13.359543713128
85.3584596563942,27.4370953445163,99.7981198866952,13.4321110085832
85.427880492263,27.3391457707554,99.5093498164847,13.6247874062423
85.7065255326733,27.3413219909198,97.61731675986,14.427194041405
85.5787798840884,27.2581139309944,99.0008525875701,13.9924688730715
85.7786417201323,27.2514166454453,94.7377447976478,14.5691510675595
85.6962011511612,27.230200707856,98.6127565122846,14.3114894330607
85.8202823560655,27.4319770086953,96.3005671469233,14.7096591263534
85.9082338073393,27.3428673693671,94.6414246418966,14.9821776059698
85.9347762473034,27.1896690361499,91.3975011587322,14.9829884538061
85.9448607260722,27.3004813786434,93.401980780408,15.1020490158918
85.8980999340817,27.2319554707833,91.5615979468944,14.9386538029403
85.9030095340863,27.1186689066103,89.772564206185,14.8721654046109
86.7505295636533,27.0843223680949,84.0071706577149,17.2977248437659
86.0553598940302,27.1767369568916,90.4646140333716,15.3402258496018
85.6603485257122,27.2759991778734,98.8947920202307,14.2472064526008
85.7161258348483,27.1123139059555,89.579702918239,14.3755096295181
85.2344853916078,27.3655482119803,99.7830442549015,13.0653025358366
85.3135711829057,27.376155098322,99.6228323440227,13.3257811092466
85.0194228548267,27.5572550094219,100.372542455618,12.4620528860234
85.12166150189,27.406295384145,99.8472257849035,12.7629774186548
85.0093140636416,27.4481758039081,99.9531272019506,12.4539627207303
85.0875702834414,27.4566364019596,99.8388199330075,12.684929582401
84.3580991926868,27.5795972919986,99.965712878343,18.2910622355132
84.5326186658321,27.5532331046481,99.7013101866299,18.5441916227027
84.3092499099002,27.8545856298771,100.517561543798,18.2381107273179
84.412832967301,27.7076080232182,99.895539764563,18.3572747857695
84.1060782286851,27.7767986443229,99.9369438341935,17.9484659385725
83.9665350882396,27.9688597129568,100.850860058774,17.7697105258096
84.5601834090416,27.6171862108448,99.7141150539919,18.5715357478116
84.5700269579868,27.724715632654,100.358074701509,18.5647113886616
83.76087020688,27.8865721782461,100.280568891363,17.4856392762322
83.7359476381002,28.0403599845161,100.921821075233,17.4764151801595
84.336613178906,27.9186791020544,100.584606442305,18.3462644511888
84.4226662208933,27.8147781394979,100.528342472113,18.4056272583973
84.0811943594072,27.9316738034479,100.663722643239,17.9465293873582
84.0014653833217,27.9210235306844,100.743039148371,17.8281142981094
83.5306291279372,28.1736704679137,101.303878825879,17.3125493445232
83.6552716081715,28.027779629077,100.836952129486,17.3584555031005
83.6200395326122,28.0746636176555,101.356126625133,17.3024077693743
83.8494199289319,27.7863118290886,100.143993192668,17.6080849762443
83.5037406043155,28.1080108803443,101.034601309082,17.1620957091777
83.6096438141872,27.9679620418106,100.60157308648,17.2772871225982
83.8514486102414,28.0050875826283,100.927340727278,17.6308568884116
83.956498809447,27.8622555635065,100.552880216655,17.7335680811954
83.7710877714202,27.9931714165434,100.898813527706,17.4930082880577
83.8763879314589,27.8510048264065,100.157770108788,17.6395754963395
83.528550337411,27.9546148278204,100.514771603024,17.1820010317954
83.3763518901414,28.0334021938091,100.916576793604,16.9776702771891
84.0712401042088,27.8250009678671,100.182118791985,17.8900297669735
84.1930491868541,27.6740680457027,99.8043277371998,18.063719567793
83.4117819112773,27.9871092797935,100.702309660985,17.0320025633083
83.4931893220311,28.0011701682261,100.703104138146,17.1268718481061
83.7339574820307,27.8216305503067,99.4958047797653,17.454709464988
83.8413108012759,27.8985020430928,100.337232894082,17.5816395153238
83.6449217154706,27.9211140203401,100.279176363531,17.3326765338074
83.7256899488253,27.9337429343371,100.587162762503,17.428943955034
83.9644244335029,27.749926112966,99.9430685574544,17.7611209016056
83.8754804746757,27.6684090399699,100.216245504997,17.600690587434
83.7874203519571,27.7688711210577,99.7828654516572,17.4959390852434
83.9103572723282,27.6207872443716,100.164636339989,17.6476869622183
83.9024880486541,27.7330886611142,100.179365041969,17.6484508375546
84.0247680143975,27.5837758220149,100.086351988411,17.7964191326746
84.2202475879576,27.7382170652876,99.907452757818,18.1015022692046
84.2993983000596,27.7476299205946,99.9171314424232,18.2015606308447
84.4472755066986,27.6583327144519,99.728465927526,18.4171351839461
84.5258692008275,27.666795258836,99.8047385971459,18.5165348801823
84.0789681450422,27.7125016299979,99.7931305117274,17.9132726416142
84.3307769505129,27.5156042945219,99.8274493526755,18.2476461480069
84.244888899694,27.6194434726636,100.001404103565,18.1183769538335
84.3651004328822,27.466446496549,99.6035223349758,18.2835086572592
84.583247724896,27.4973701790048,99.5214372104402,18.6091560753981
85.2597799845935,27.1293034151495,99.2879996275081,13.2445068324466
84.0148169889952,27.4772962027162,100.020821841665,17.8832280768597
83.9900192659082,27.6317744470116,100.120553447414,17.7562753303918
83.5290666631302,27.7716745043138,99.4912876643803,17.1392528637637
83.4395633980562,27.8697789887226,99.4523807663853,17.0458568125906
83.5642790196535,27.7251319269838,98.6325026418733,17.1967068965684
83.5559443650038,27.8372191150404,100.193011919711,17.1844502458807
84.0170875332933,27.6962300174347,99.9501583474909,17.8160162559462
84.1040821649472,27.5940739052709,99.9849744985446,17.904101380061
83.3204991331208,27.6820643549026,97.3419190485695,16.9193163429544
83.3313361811519,27.7890885844891,97.2677547370133,16.8887147565445
83.4020346641296,27.6970024086464,97.3419190485695,16.9193163429544
83.448011868466,27.7576498916623,98.8710493335624,17.0366972176917
83.7502462761419,27.5974115637252,100.297144223242,17.4236243736898
83.6800989030298,27.6914713304187,98.5275732012069,17.3422989085325
83.5185545232852,27.6649604897494,98.347744821796,17.12297545051
83.669785746659,27.5849718208891,100.297144223242,17.4236243736898
83.4373646251593,27.6508556865553,98.347744821796,17.12297545051
83.7852922167361,27.5502543258988,100.20041048226,17.5225461362138
84.3553161646597,27.359503652139,99.5064213859312,18.4037023507654
84.5458581708249,27.326000205654,99.7622422805807,18.6800700657485
84.0941715417294,27.487451738419,100.020821841665,17.8832280768597
84.1288232138039,27.4391111185351,99.6544087470907,18.0431919348993
84.5799104235295,27.276073567721,99.7622422805807,18.6800700657485
84.4336340940264,27.3677670304782,99.5064213859312,18.4037023507654
84.2078141203085,27.4485727062633,99.6544087470907,18.0431919348993
84.1386935271733,27.5456879644094,99.841853722447,17.9461933793344
84.2423184275781,27.3998248432507,99.7143377590092,18.1423056607293
84.2521339342688,27.5065590815383,99.7626853431431,18.1229594214834
84.4678345273949,27.3182183105805,99.4207398871827,18.5096551267607
84.4776148907529,27.4254263312858,99.685593321769,16.8428062513633
85.1033432781469,27.1108975437507,99.2043892574382,12.7030621392508
84.8905469864129,27.305709468416,99.7030069125015,12.103941368264
85.4422051729445,26.9927738187134,98.8634684639978,13.6807535599375
85.4875218874389,27.0554404130022,98.5239627363843,13.896024276912
85.3281915023521,27.0295547234403,99.2879996275081,13.2445068324466
85.3386163154931,27.1401476402006,99.2879996275081,13.2445068324466
85.3625155893645,26.9798612714581,98.8634684639978,13.6807535599375
85.0255601467172,27.1028650021953,99.2043892574382,12.7030621392508
85.1371450707121,27.0601544018283,99.0302010582092,12.9178840885429
84.779131782688,27.3486465289789,99.9609548528163,11.801277725915
85.6746738547209,26.9319844708336,89.1635442524244,14.3318729385081
85.9494673077597,26.8516018764951,87.396572505858,15.1995644700509
85.7209250467822,26.9981337617248,89.1635442524244,14.3318729385081
85.5576609690099,26.959931702406,98.5239627363843,13.896024276912
85.4769839236146,26.9441608363157,98.5239627363843,13.896024276912
85.8295010171389,26.866343529338,87.9671531473045,14.9843990815214
85.8033783296778,27.0207633006258,88.5361362702115,14.5470944587435
85.793142385966,26.909585342432,88.5361362702115,14.5470944587435
85.7105539743384,26.8867201016598,88.5361362702115,14.5470944587435
86.0430901830224,26.9918512712055,87.396572505858,15.1995644700509
85.9595350229428,26.9623764852855,87.9671531473045,14.9843990815214
85.5987077570073,27.1390496966519,98.4088433493346,14.0386912272081
85.6850395990291,27.0432961215543,89.1635442524244,14.3318729385081
85.0357391487644,27.2122207495826,99.3460124654895,12.5847053955725
84.980884880887,27.3836727919429,100.262004376033,12.3445007063862
84.9142707384505,27.1462838299943,99.4607910734931,12.2901097186455
84.6450174372685,27.51140679083,99.4654157683171,18.6934242164249
84.9918396499384,27.15371777966,99.4607910734931,12.2901097186455
84.7014673739532,27.3411337261578,99.6948661663106,13.676778045386
84.8805375341275,27.1970511978928,99.572625643199,12.0858680141836
84.80301617544,27.1898659928303,99.572625643199,12.0858680141836
84.6916079137412,27.2332238017971,100.090320245049,11.7913324506261
84.6675459279638,27.3913199392892,99.8580752010453,16.66296546855
84.8070556380944,27.412640004584,100.348884359756,11.8770610038704
84.8129587202525,27.2982106786736,99.5377466598035,13.0425794787016
84.7571184544053,27.4690411355798,99.8577914813784,11.7543442002888
84.6727481846308,27.5753923091546,99.5963491920874,17.8617499991948
84.8690251340647,27.4263599038246,100.539984946327,12.0426577003265
84.7850436184019,27.5331188546411,100.011669426043,11.8221953805045
84.9186968043008,27.3698616310742,100.317361439063,12.174905105524
84.9243215019799,27.2551125286151,99.4607910734931,12.2901097186455
85.0303749273784,27.327252659349,100.087593307153,12.467795778068
85.001954114125,27.262848182704,99.4348547065035,12.3987374818589
85.1423250585924,27.28531300254,99.6760683500904,12.7675821548304
85.1135751201728,27.2205306558317,99.2999548497205,12.7141958474451
85.225690255028,27.1793748740942,99.1465947746748,13.0195228695372
85.1474590186016,27.1700601048116,99.0302010582092,12.9178840885429
85.3730313504291,27.0907802633305,98.8634684639978,13.6807535599375
85.3682062430409,27.2061389637518,99.368695184986,13.4017166621677
86.4427018515386,26.9408976956696,85.0271535451622,16.5054271232319
86.3169848880813,27.0517106233999,87.2899553072901,16.0233409658649
86.1959637636344,27.0561453593403,87.9378766996928,15.6675704421566
86.2846109926791,26.9795549472678,86.2252905998901,15.9641699119471
86.9225897031903,27.0494161116657,85.1255673745324,17.7790688158965
86.5405420146245,27.1565729231717,89.400820966583,16.7112661141792
87.0437191829069,27.0495682118469,83.5221869864786,18.1635744973004
86.7460846963586,27.1909415796823,88.9283944991031,17.3484684194426
87.1648477067874,27.0492162827345,85.0342030425529,18.5189585940164
86.7834785325258,27.155294683181,88.793488286388,17.4421299830105
87.5996055788779,27.0757788115822,83.9713882514571,19.8212193142153
87.0264182952881,27.1546472944588,87.8565982956944,18.1331871274085
87.7208064350423,27.0713346662121,76.5703997126834,20.2608341430588
87.1103945764434,27.1890572955468,87.7153967339461,18.3406599694372
87.0477125271333,26.9445694319675,79.8756476348737,18.0708633050393
86.9931602535344,27.0846408611492,85.8313178661111,18.0522319424409
87.2859701675253,27.0481771463218,78.5853196586622,18.8593241690938
87.2357850546362,27.0834330727871,80.6328929574063,18.7645282004666
86.9174944236273,26.8382993987124,77.7176559296232,17.5241823042909
86.684705843209,26.9416608307932,83.3894380217723,16.9505472330058
86.8718447222014,27.0845492691644,87.0234469411205,17.6363763560115
87.010410645339,26.9794228524185,79.8756476348737,18.0708633050393
86.8014611747466,27.0489889826299,81.9102903294215,17.4133639923118
86.9267072990464,26.9438369889733,77.7176559296232,17.5241823042909
86.4055547435986,26.9773452749076,85.6222547662802,16.1791085089105
86.3217119137819,26.942272073745,86.2252905998901,15.9641699119471
86.5637043084234,26.9408886326178,85.0271535451622,16.5054271232319
86.5592053306124,27.0485914534679,86.7610219357271,16.6883945327009
86.2007770409127,26.9457462261903,86.8111888722673,15.5252039204025
86.0331406370707,26.8813864420288,87.396572505858,15.1995644700509
86.2749128708196,26.8701891945241,86.2252905998901,15.9641699119471
86.1909664230243,26.8358672628078,86.2252905998901,15.9641699119471
86.1539308891947,26.8741415204094,86.8111888722673,15.5252039204025
86.3120204262802,26.8330300363223,86.2252905998901,15.9641699119471
86.0700540913003,26.8417527782305,86.8111888722673,15.5252039204025
86.433117837908,26.8323786973928,85.0271535451622,16.5054271232319
86.6380982408244,26.8698437287614,83.3894380217723,16.9505472330058
87.0012849125935,26.8743050197334,79.8756476348737,18.0708633050393
87.0385950651154,26.8397069072013,79.8756476348737,18.0708633050393
87.1223572913743,26.8751061501695,79.6732178036809,18.2858283701502
87.1597033981963,26.8404925780422,79.6732178036809,18.2858283701502
86.8057057857261,26.9427675597718,77.0936594487338,17.3125414856581
86.7591583260222,26.871377357107,77.0936594487338,17.3125414856581
87.2897257620619,26.9441503523362,78.061727386232,18.6888705156269
87.2434329388953,26.8751721869124,78.061727386232,18.6888705156269
87.3733239750027,26.9777702827913,79.9643740142353,19.1263909156899
87.2808149364677,26.840479377783,78.061727386232,18.6888705156269
86.8802189541831,26.8729779464749,77.7176559296232,17.5241823042909
86.7964013215865,26.8365124311918,77.0936594487338,17.3125414856581
87.4942688034861,26.9755081735851,76.8246810300163,19.3445458597323
87.3645044728058,26.8743685592502,79.9643740142353,19.1263909156899
87.7650760568012,26.8301748914486,77.8131804507765,20.2362306921694
87.4019207124502,26.8395123492712,79.9643740142353,19.1263909156899
87.8943554034763,26.9267310972801,84.0061983133639,20.4498738900543
88.1277478567211,26.8115642976838,86.7826042474236,21.3518843508798
87.7275757901002,26.8657292902274,77.8131804507765,20.2362306921694
87.5230090040348,26.837505972334,76.8246810300163,19.3445458597323
87.6440653196937,26.8343976675664,76.1472793489408,19.9654024665707
87.8860306099852,26.8249034605464,84.0061983133639,20.4498738900543
88.4977323520198,26.8891118605226,85.9196037092472,22.53210641945
87.9693817179297,26.8547296597918,86.8263015950323,20.7820176661013
88.0901900770008,26.8478680295781,86.7826042474236,21.3518843508798
88.4523258280788,26.8241207089577,86.0332295581014,22.2051212364147
88.2485193742312,26.8038549872094,86.5343423607316,21.5606662223228
88.3692499851977,26.7957451997663,86.1733658043098,21.984463052866
88.1358407847725,26.9131456430988,86.7826042474236,21.3518843508798
88.3316467853295,26.8323344468612,86.1733658043098,21.984463052866
88.0983181784266,26.9495108913362,86.7826042474236,21.3518843508798
88.2109412734705,26.8403357111339,86.5343423607316,21.5606662223228
88.5729994953315,26.815948505888,85.9196037092472,22.53210641945
88.4899606256471,26.7875021976729,85.9196037092472,22.53210641945
88.218959148857,26.9419071696485,86.5343423607316,21.5606662223228
88.325977793522,27.0369066487814,86.4122571325162,21.9334718697907
88.0069208501508,26.8186453561711,86.8263015950323,20.7820176661013
88.0151280907899,26.9203176131251,86.8263015950323,20.7820176661013
87.8568674535385,26.962689230745,84.0061983133639,20.4498738900543
87.6526301450632,26.9367522294093,76.1472793489408,19.9654024665707
87.4107202944719,26.9426813269332,79.9643740142353,19.1263909156899
87.6065894478421,26.8696958719742,76.1472793489408,19.9654024665707
87.4783607713944,27.0792480101031,82.9681203135734,19.4595474248571
87.7360515040773,26.9679611696314,77.8131804507765,20.2362306921694
87.4070783887322,27.0463121944398,79.6632377579858,19.2243874617532
87.5316926624686,26.940233867987,76.8246810300163,19.3445458597323
87.6492086116052,27.0397655999172,77.9075701347119,20.0483695201185
87.1568386024092,27.2583364604871,88.402397259221,18.4240872796112
87.7702077325343,27.0350195732779,79.6777140996243,20.3359012274886
87.512196541558,27.1471731501946,83.3370185654066,19.5917698994385
87.6151819868842,26.9722453784457,76.1472793489408,19.9654024665707
87.5281618668525,27.0435290351921,81.4251381202811,19.5785620093462
87.8419542049104,27.0659451535679,80.1118127093854,20.4971765665319
87.5959740014123,27.1788883278274,85.8805883232807,19.8117464792315
88.2050435891861,27.0449506481647,86.8069529121342,21.6272788788717
87.6045195352653,27.2816229012203,86.4886852227989,19.6183347579225
88.2565016756255,26.9054009910717,86.5343423607316,21.5606662223228
88.1328560364502,27.0155108875441,86.8547035391901,21.4536713678151
88.339558685293,26.9338921792219,86.1733658043098,21.984463052866
88.2536300388327,27.0077085412158,86.4511852790266,21.7129905610559
88.6158244792429,26.9833825614133,85.5922590108227,22.744426576396
88.8573628392663,26.9686512564436,86.2820575123537,23.4236061437011
88.3607387833787,27.1026140636397,87.2381339075783,22.4063656996265
88.6861304210325,27.1151718190341,87.9204568796989,23.0142020921409
88.567801300656,27.020599675608,86.0558904286946,22.5666234113933
88.5650805668666,27.1229329646321,87.8802824275471,22.8830492754197
88.4950948612215,26.9914080285627,85.9782464580605,22.3643986911941
88.4818017386887,27.0944279256003,86.8935670681358,22.5524332769899
88.4440480667554,27.1310143996968,86.9551005328419,22.3856978305648
87.8844675926929,27.2345528844405,85.4700535156449,20.3721591178517
88.5727721284653,27.2245597902327,86.6091481961541,22.1000051940377
88.8072105020313,27.1079075287248,88.3609055206005,23.3781904226638
88.6028698761665,27.0864104350789,87.7603482253043,22.9003893009249
88.3685969916052,27.2041816290322,86.7702539327858,21.5966909101153
88.3230159522121,27.1392072221364,87.3321465961809,22.2981243485382
88.0055703270091,27.2277237956569,87.2935711260258,20.7014625809043
87.7598520133073,27.3434877510878,85.9765872908929,20.3579892582589
88.3309003903486,27.2407771684492,86.9821403536313,21.4561704317052
88.0889699965993,27.2567157749876,87.6020168860932,20.8890260844141
87.63357438509,27.1432167593667,84.5737586656998,19.9779221140811
88.2019649089146,27.1472805876982,87.0876852664726,21.7869500119094
88.1185530873797,27.1185833262463,87.5730858210092,21.6065888995708
88.0808767063275,27.1550036537789,87.6217215059339,21.3339109586927
87.7172832276727,27.1741902597176,85.5903493432804,20.3011329916884
87.8761805741394,27.132538335058,84.1205487383211,21.0512278323655
87.891150906324,27.0293357394192,82.6550495835116,20.5171616802041
87.9973957838644,27.1259115141257,87.8055922764787,21.1894695126415
88.0840693536168,27.0526048357841,87.252655832839,21.2896970496758
87.9597377899027,27.1621719096497,87.6243698158474,21.17696068385
87.963042124223,27.0596648736998,87.3648839181778,20.8688706943141
87.3570834741438,27.0817741674488,81.9376108223885,19.1135487589997
87.1478839212301,27.1538219271225,86.5160254545849,18.4598314837435
87.4746201284934,27.1826673305796,85.527497223371,19.4273935859554
87.2318207139254,27.1876570844085,85.2756038857139,18.6743919773715
86.8675231809159,27.1904657549378,88.7910150488081,17.664232038297
86.7927307936876,27.261741781469,89.8738999624311,17.441277638389
86.6292147059242,27.0842939977478,87.8895201046597,16.9008782134036
86.4286496316571,27.2670421614983,91.2475237844379,16.4432627237414
86.4380825988778,27.0494344201064,87.0689548696066,16.3431566219633
86.260477302167,27.2000711470769,90.7344625561058,15.9480882886848
86.5079024604451,27.0848580128049,87.0571472847555,16.5957544425554
86.3073631439714,27.2712162680355,91.7652549973242,16.1080258056992
86.2653549784738,27.0899377367122,88.2837329598086,15.8837158395892
86.1764012529016,27.1677811066602,90.3708540750423,15.6711349127464
86.6246475424208,27.1916833129794,89.769302949107,16.9716124202487
86.4190912105831,27.1584628837221,89.8218136125141,16.3540336053132
86.5032178339072,27.1930870433194,89.6089573387762,16.6517246568072
86.1862048586728,27.2776618638897,92.2811894956066,15.7717237546667
86.3818133955549,27.1956672009594,90.1336750649611,16.296909540598
86.2976878679497,27.1619565955171,90.4544936492282,16.0071791883555
86.9141040038823,27.2608238227721,89.3761218357403,17.7709029886819
86.988960626895,27.1899270262791,88.2298798024821,18.0137390006592
87.2781906095967,27.2563484964727,87.568941928104,18.7842360658094
87.269340909328,27.1523911925813,81.331312903512,18.8415645351274
87.6420904718387,27.2458289891043,87.4002011934904,19.7395267714793
87.7549049245516,27.1383251280369,82.6931914396035,20.5898412825723
87.7633063037747,27.2406074085711,86.4175302076045,20.0484312933441
87.8385396736374,27.1685995152178,84.9571647368815,20.7341943804467
87.353232216177,27.1855652237312,85.5907097338092,19.0673046562634
87.240698133977,27.2917924859095,88.2334379723687,18.6410530084627
87.2742942256673,27.3606537898428,88.0197113831999,18.915228000671
87.3620018147259,27.2891779072588,87.7814170839836,18.9643508165576
86.980550140752,27.4010573751049,90.3654021216729,17.9581298456436
87.1193764800055,27.2937657747582,89.0031622920305,18.3010902018898
86.9098572982668,27.3668061189801,90.2930972204963,17.752839338178
86.998043933346,27.2952551101115,89.3793899055239,17.9749017658845
86.4239488536136,27.3760588182367,93.1866642778448,16.388411566237
86.6340281558369,27.2990721449171,90.983739083799,16.9894485291092
86.3722702633767,27.4143766923206,93.6767546217136,16.2252258381157
86.512702509934,27.3011927383339,91.4631302525975,16.6585307848189
86.3025722832487,27.3811189868981,93.4185075775949,16.0501707533334
86.3914095577621,27.3044767420513,92.0098431384098,16.3269459984263
86.1294761625359,27.4294846393726,94.9138033024384,15.5579372049216
86.2701952201366,27.3095449288012,92.4881448177321,15.990869949219
86.4047651449898,27.485815493861,94.4742602881325,16.5784180866787
86.6668751492281,27.3702183677493,91.9572767088331,17.0489149179951
86.2507704251439,27.4206151729266,94.5649114255982,15.8914027766308
86.1616299574221,27.5007504636664,95.6469002527465,15.8155612147265
86.5265231088981,27.481329415577,93.6760625271636,16.9681741852639
86.7326357381691,27.5118301375062,90.7381808227541,18.1125196902812
86.7883649173111,27.3683959000122,91.3757256130022,17.3791700524338
86.6483260042275,27.4780111260844,92.5448893080634,17.5556622162777
87.5009432091289,27.4575970911477,90.8688822436093,20.8216643789449
87.8811233900811,27.3372172469207,85.4426479373627,20.2785520124345
86.8588736202836,27.4028754740732,93.6128246985412,17.5775217822487
86.770147504353,27.4753776201559,90.4788090731234,18.1505722278386
87.6226496694078,27.4526548060159,86.5109496223595,21.4405605837146
87.8659142616193,27.4405155750154,86.3765841616031,22.0159008286354
87.9496806705911,27.4698333275885,88.2814456781408,21.7696022786543
88.0023383508012,27.3302302377482,86.7309549540255,20.5879549128421
87.8281479913178,27.4767993983886,86.9625416809683,21.6800673527079
87.9531254835958,27.367264963228,85.9037264048535,20.804902416928
88.195813725782,27.3519744006693,88.1127296747111,21.349137629884
88.1089687347751,27.4257693987704,87.6828708649811,23.0082030064712
88.1235010408014,27.3226543804312,87.9947437582856,20.8963063155546
88.4518343398261,27.2325921361488,86.6804082394325,21.7740715222978
87.8317047329597,27.3740460698687,84.9864575170081,20.6351542984648
87.9679412928975,27.2640435584977,86.0605221903265,20.5590352982792
87.7102288940168,27.3801034058807,85.4281493832081,20.4222249938847
87.8468562090959,27.2706956123433,85.3003228075534,20.25076061607
87.6385268912739,27.3489802453274,86.3989350554034,19.6441772496001
87.725714246912,27.2765745346746,86.3583599719564,19.9250512033111
88.2446222486526,27.3146691276776,87.8650203376559,21.2045099352739
88.4895625840339,27.1960180486464,86.7006436841895,21.9625593701047
88.3171035052797,27.3438196252275,88.184010364974,21.5030430083494
88.6105365017773,27.188061150262,86.7945265298899,22.2796443531168
88.5596585352224,27.3275428776298,87.3625986300614,22.3445344317146
88.6937296011443,27.2168775055258,86.7568136591757,22.4285457098966
88.4868052146142,27.2983080166846,87.4373519446596,21.8386061517574
88.7315343330556,27.1805106609372,87.0740561761071,22.655256742826
88.8501815598434,27.2758634597398,87.2560598371994,22.8005307563541
88.5568175591423,27.4298668821971,87.8722354956368,24.0698828345119
88.4383789865704,27.3356031010263,88.0584304430791,21.9834220815953
88.4354125043418,27.4379148913175,88.4348859280643,23.8117232046842
88.8377065106964,27.3788187916772,87.8700833107367,24.3865958218327
88.716208119375,27.3858234055254,87.780037292362,24.231932149432
88.3657174456386,27.306479135917,87.9271718335095,21.5176763837416
88.3518701204236,27.4095267752782,88.3839277122102,23.0607666422159
89.1664727635854,27.2945216733919,88.8786757512948,16.1313559209708
89.0808018278966,27.3665809257409,88.8124653671059,24.5991961788912
89.0450493965831,27.2999961217166,88.5898735361549,22.9251531924746
88.799700336576,27.4150150450732,87.9611352415863,24.5613040022121
88.9713712569478,27.2694795958261,87.9700214706817,23.1131310028306
88.9236527290523,27.3060190976114,88.2387566619849,22.9759854100094
89.577629176917,27.2443235350664,89.6250954723497,17.6384221466441
89.1642652084529,27.397009053691,89.1644003847226,20.4922725555001
88.8022879169193,27.3126312621814,87.5065865905405,22.7290055582009
89.0494710159494,27.0951225506736,88.8900151972387,16.8781653457376
88.729025658372,27.2828391550237,87.3224101381345,22.4751596234487
88.8147182743922,27.2097080405291,86.8211182245056,22.7483742753134
89.2158420732208,27.1559080121838,88.4391758648754,16.4976405286346
89.0925910226014,27.2636738324163,87.9120265771264,20.0573292020739
89.7003999071139,27.1371703454608,89.8087478137693,18.6496942506327
89.3350942173802,27.2534888298879,88.9745390968034,16.7502539802186
89.4581189805434,27.1463007381774,89.2822804556428,17.6032564954876
89.2879152170226,27.2894956670229,88.9748487322617,16.5773857601885
89.6623042877342,27.1727963883762,89.6085964678464,18.1030406801978
89.4093682521837,27.2847780793744,89.4350061834154,17.0180148383417
89.8201406220825,27.2350771272444,90.2442986138468,18.5334563571107
89.6505740335315,27.3783054439273,90.54593703355,18.7838328734613
89.4563613363574,27.2488480010519,89.1597822552334,17.1964718897791
89.3239927233993,27.3563753406017,89.5001700113997,17.7293876652186
89.6522773148143,27.2757093624004,89.9322968734416,17.909099531266
89.5672172823116,27.3472271396103,90.1431002795959,18.0683152158656
89.5308245598009,27.2802298557282,89.6112587917252,17.464384613212
89.4074132021762,27.3873264510107,89.8478167589004,17.9861290184787
89.931997570282,27.3331124420483,91.0733771395143,19.1530654451096
90.1837702398893,27.2193369020258,90.3005446029243,19.8357126706136
90.1367354792755,27.3583230078569,91.6671710943613,20.1892141355082
90.4268397126241,27.1046713794336,87.5638809411,21.6508105121135
90.0535538056115,27.3278937912061,91.4053912409786,19.9443152604935
90.016554429054,27.2611297067399,91.0166858095355,19.2402234283413
90.4180715898358,27.3102788494466,90.2503375934853,21.0224967663887
90.668829258808,27.0920535231411,87.1219838614124,22.8650026205629
90.6225318165884,27.3337290597396,89.9466971685127,21.5476842802744
90.7445385835908,27.2248624186354,88.7366174711063,21.8715199071448
90.9871972452251,27.2136313166047,87.5706256084723,22.760691613568
90.7824421672288,27.2912931109886,89.2719334073386,22.0038307804308
91.6378433900699,27.1800414772643,84.4756757956025,25.7469790485558
90.9105524443723,27.1827134850514,87.5632716209957,22.537683156685
91.3953018041493,27.0694653574488,86.4441220120771,25.4035608666295
91.6321593618655,26.9755277699546,84.1937984671624,25.3735832429959
91.2685955526414,27.2742770942505,88.0244749188648,23.797355902436
91.5167430388924,27.1742701095963,85.3974811724775,25.3858785597117
91.2300228070077,27.2065230296252,87.4802537363835,23.6601612540176
91.752945116635,26.9849599777775,82.5967392603614,25.9489076831633
91.1469912714518,27.2765797756036,88.7878488523996,23.3420178956005
91.3954963510863,27.1717273404804,86.2889023328695,24.6647364591609
90.3806280082336,27.2438211529187,89.6390780977025,20.5472484930003
90.668299445263,27.1946078338125,88.9040704544034,21.5973820979737
90.5011097288761,27.3401377584931,90.3729430092073,21.4462691566193
90.5471881864071,27.2009582912138,89.1479417471542,21.1563169839833
90.1750852031335,27.3223376710333,91.6133090722328,19.7929616346179
90.3049311098816,27.2134465252766,89.5939339155453,20.2741144607498
89.773720054695,27.271083190738,90.3648598783853,18.3496489057219
89.8951473591691,27.2662489587399,90.6800389031045,18.7934410696671
90.4260686109853,27.2072879707403,89.5504213463473,20.7152332004645
90.5019400826149,27.237525447158,89.4068619559629,20.9884484577202
90.5095616596898,27.1345642470467,87.8991068003407,21.984631408319
90.7455160811445,27.0197929227075,86.1249506966537,22.6532790655742
90.1379376215837,27.2556813858121,91.2176717513196,19.6662123445892
90.2592952372907,27.2499002484256,89.4455139839418,20.1073007082764
91.0317260619118,27.1777674733365,88.5990404124705,23.1222668449875
91.0318949329861,27.0753332051322,88.5022949066562,23.9084470896146
91.1085868070075,27.2093666135927,88.3336616715027,23.387736370355
91.1529944278471,27.0715734886332,88.0327991611739,24.6468060777098
90.9050098975759,26.9780166534185,86.4242687721516,22.8716296147603
91.1145140071623,27.106765958184,88.3785848451195,24.5098983476513
91.2742113169581,27.1717879941272,87.2374305423608,24.2528855599997
91.3514910297441,27.2056226873915,86.6871805541369,24.4409894174417
91.5935772579045,27.0073432485664,84.1842050655972,25.3750948865396
91.5988551066867,27.1097309143479,84.9462414819555,26.0139441646515
91.2741387211026,27.0694586029704,87.1406613574714,24.6902419591204
91.3567400403329,27.1033091757222,86.8613942980928,25.2979884732043
91.2300371699838,27.0017877650779,87.0741563238646,24.2489123796427
90.993462848884,27.1109401433191,88.6434348943381,23.9326689703608
90.987693819917,27.0087165100164,88.4918178723997,23.4661003803127
90.9108417490445,27.0802373169255,86.4043730207842,23.8199012225277
90.503398823551,27.0323210608116,86.6389897462388,21.5426800283824
91.1090554060178,26.9021309578386,87.3501411557019,23.7345536676867
90.388590923074,27.1408306810623,88.036716770308,21.4328406053234
90.6627997982775,26.9898260545424,85.8591848891409,22.0579192738687
90.3058238932703,27.1108126619871,87.2818976594561,21.4186828723882
90.3823290383012,27.038572595284,86.7412768328485,21.1488706533941
90.0255476148361,27.1581441727772,90.8073864334476,19.743768849283
90.1783583236318,27.0144112787415,85.6978599786465,20.1680418220013
90.2676007282509,27.146898117935,88.2589227674375,20.7424161366596
90.2612398747101,27.0446247374577,86.2322255719322,20.8563678310187
89.5792623709384,27.1417460483009,89.5424663048379,18.1281465161492
89.6935796340923,27.0348819873055,89.5976572208395,18.4619887403517
90.1847853479969,27.1166943162502,87.2389177096735,20.8855907151602
90.1401270667331,27.0503953983287,85.6070707660279,20.5510170255675
89.8215256483657,27.1324547239692,90.0412586448749,19.1626433901718
89.7766489619924,27.0658480013975,89.7393424871519,19.1052932952567
89.6988909372671,27.2397734406711,89.9788754078193,18.0836274821037
89.7834024202821,27.1681444508554,90.0043811062829,18.5853000710865
90.1465866508976,27.1526822336265,88.8734011962579,20.1753055372027
90.0637219389742,27.1222625127308,90.5577427866714,19.9940421486212
89.2138347840682,27.2583842347847,88.545494368324,16.310637977521
89.3369765146829,27.1509747870659,89.0556989622899,17.0893147196914
89.4200838858045,27.1819052069321,88.8085274582919,17.1427148828075
89.4511053291548,27.0440720122136,88.7058407829915,17.6317826399036
89.5411960126127,27.1773404531247,89.1865387760739,17.6214307641421
89.5342492334199,27.0750859878384,89.4619048505993,18.1043446818884
89.2989747387642,27.1866316315473,88.3918109577613,16.6702229659179
89.414912252431,26.9771198218652,88.5382752552442,17.4192216515449
88.8525649477215,27.1735022949714,87.2298097358597,23.0115806107299
88.9357410837638,27.2031217070531,86.8574444325673,23.0636655436682
88.9736290934557,27.1670799219933,87.4942251795058,23.0228767499117
89.0567953077701,27.1971189747604,87.3444354839431,18.4369575241354
88.8450824485995,27.0716685258336,87.923030903369,23.4653222451015
89.1706444577286,27.089574086406,88.8475454195232,16.6163708094335
89.1727563302109,26.9870492562845,87.9008385698884,16.6222443884736
88.9662386110982,27.0651468038166,87.4945942495546,23.7769710997631
89.2199118572563,26.9508579031491,88.0107104266691,16.7380738188535
89.0874257934231,27.0592094048555,88.1783333948504,16.3010662573591
89.2218288735345,26.8483490877547,88.0107104266691,16.7380738188535
88.9781835578358,26.9621547571222,86.3625917699016,23.6441479969753
89.340804648049,26.9458716765158,88.3115603298697,17.0429731732811
89.20863808893,27.0537988450408,88.8406646052794,16.783848587428
89.2938286954017,26.9819263938501,88.3068400770794,17.0726669585765
89.3047240511275,26.8790216177671,88.3115603298697,17.0429731732811
89.3298672564967,27.0487979959943,88.7844930574017,17.2027180344297
89.4130414246956,27.0796923804216,89.3617181493539,17.6138247162053
89.6570842794327,26.9679070031056,89.3750817970277,18.2415419635756
89.5723450824716,27.0394805801771,89.3637179233592,18.1448710720649
89.8148029686043,27.0301554408385,89.703453113358,19.0781994581726
89.8978291088241,27.0609841920388,90.0894796549344,19.3847791605395
89.9452594337906,26.9222393217792,89.6629398557397,19.0278840004452
89.8257132909483,26.8245796795886,89.3819277371353,18.727702902896
90.0291349787698,26.8502307063481,90.0739024392569,19.6361217217561
89.946463994657,26.8196031502935,89.6629398557397,19.0278840004452
89.666970001835,26.8649822033475,89.3750817970277,18.2415419635756
89.8190746612695,26.7222890792859,89.3819277371353,18.727702902896
89.7781593615025,26.9632270053141,89.3819277371353,18.727702902896
89.7877080109026,26.8602838488553,89.3819277371353,18.727702902896
89.1839874186561,26.884133965724,88.0107104266691,16.7380738188535
88.9306786410357,26.9987594876648,86.6005168440578,23.679541408771
89.1010718349138,26.8537677683716,87.4748674084659,16.1465017599503
88.8096859413266,27.0054822969459,86.3057365106335,23.2949511425858
88.8596393334808,26.8662472115727,86.2820575123537,23.4236061437011
88.7365767503668,26.9757427576356,86.1032232778761,23.0446879217083
89.0632698773327,26.8896897938609,87.4748674084659,16.1465017599503
88.7314043948339,26.7716056422257,86.1032232778761,23.0446879217083
88.8521696934699,26.7643693307157,86.2820575123537,23.4236061437011
88.6936878668945,26.8080597515862,86.1032232778761,23.0446879217083
89.1767656707556,26.7820016170686,88.0107104266691,16.7380738188535
88.9803398827813,26.8597127376603,86.3625917699016,23.6441479969753
89.093801796111,26.7516650183456,87.4748674084659,16.1465017599503
88.9351617386301,26.7938606000932,86.3625917699016,23.6441479969753
88.8144072780108,26.8006693563692,86.2820575123537,23.4236061437011
89.2146612475446,26.7461648212022,88.0107104266691,16.7380738188535
89.0559492815799,26.7876463302141,87.4748674084659,16.1465017599503
89.5773154417434,26.7316702532578,89.1757410577808,17.9391533495255
89.5393046619227,26.7673056254079,89.1757410577808,17.9391533495255
89.3355384918597,26.7410871421286,88.3115603298697,17.0429731732811
89.6982003598299,26.7270377856057,89.3750817970277,18.2415419635756
89.7809968282555,26.7579846426165,89.3819277371353,18.727702902896
89.2976026252354,26.776822237069,88.3115603298697,17.0429731732811
90.1498163063368,26.8447665345782,84.1847959186537,19.9361867146652
90.3023772938359,26.7006755744979,84.7059026261257,20.570807280964
89.3426023148818,26.8433315340895,88.3115603298697,17.0429731732811
89.418451200648,26.7719650018979,88.1762423323202,17.4579941264971
90.6323348287439,26.8205127634639,85.6395988628845,21.9699725948945
90.7529453200883,26.8144080057041,85.6949357912108,22.271421917084
90.5056426881611,26.7245154215543,85.428010180874,21.5089434506023
90.3085852630407,26.8029226968323,84.7059026261257,20.570807280964
90.5439009542314,26.688333625391,85.428010180874,21.5089434506023
91.2302128648276,26.6947624830765,86.9168259399033,24.0356163379654
90.8677995390664,26.706415988814,85.5634825172265,22.7197047869698
90.7854025934414,26.6760665738051,85.6949357912108,22.271421917084
90.6646484287223,26.6820942443614,85.6395988628845,21.9699725948945
90.7470691152901,26.7121526295032,85.6949357912108,22.271421917084
90.2641806127368,26.7367372982849,84.7059026261257,20.570807280964
90.4231471552744,26.6945790371798,85.0701722082446,20.8714793789925
91.1478451073053,26.6621328426118,87.3501411557019,23.7345536676867
91.0269888596833,26.6657319055076,88.3121915626907,23.1617902649056
91.510526428271,26.6629741880802,84.9963335623398,24.9217093744652
91.1149318755438,26.7996547875598,87.3501411557019,23.7345536676867
91.2687418608331,26.6601525915292,86.9168259399033,24.0356163379654
91.2741003694366,26.7625618743116,86.9168259399033,24.0356163379654
91.3510885862084,26.6941286033732,85.7163587656781,24.6192113600346
90.9942303151174,26.8036403674571,88.3121915626907,23.1617902649056
91.1093656250467,26.6973480447698,87.3501411557019,23.7345536676867
90.9118536909733,26.7728200158679,85.5634825172265,22.7197047869698
90.9885603516043,26.7013447096189,88.3121915626907,23.1617902649056
91.3898617578632,26.9671599157671,85.7163587656781,24.6192113600346
91.1532634701306,26.8668458005811,87.3501411557019,23.7345536676867
90.7907940206384,26.8808705368783,85.6949357912108,22.271421917084
90.8735720745089,26.8086804467983,85.5634825172265,22.7197047869698
90.5498950546816,26.7905906288371,85.428010180874,21.5089434506023
90.6263549337066,26.7182657133306,85.6395988628845,21.9699725948945
90.5117267318522,26.8267615099541,85.428010180874,21.5089434506023
90.1879015194934,26.8087811294229,84.1847959186537,19.9361867146652
90.4292478722639,26.7968258713205,85.0701722082446,20.8714793789925
90.3849207373056,26.7307185922772,85.0701722082446,20.8714793789925
90.307732943492,26.9055516279623,84.7059026261257,20.570807280964
90.3911091914328,26.8329682309032,85.0701722082446,20.8714793789925
90.1869322573633,26.9114194887498,84.1847959186537,19.9361867146652
90.2704739075434,26.8389983341539,84.7059026261257,20.570807280964
90.3832431521713,26.9359482507337,85.0701722082446,20.8714793789925
90.2994961434627,27.0085439720092,85.3670104338033,20.854054160119
90.5041949193785,26.9297133902986,85.428010180874,21.5089434506023
90.4206114239013,27.0024180939646,86.3478107624006,21.0456027399427
90.6251358696176,26.9234165431354,85.6395988628845,21.9699725948945
90.6244572122685,27.0259998964607,86.5726154119525,22.0150711485142
90.5492748198379,26.8931768277175,85.428010180874,21.5089434506023
90.541709523992,26.9961294561661,85.7492573710717,21.6877638388236
91.0261612802953,26.9731071097972,88.3121915626907,23.1617902649056
91.2301328449369,26.8994493973654,86.9168259399033,24.0356163379654
91.1473585298463,26.9693314744234,87.3501411557019,23.7345536676867
91.2741714496023,26.8648402393701,86.9168259399033,24.0356163379654
91.3512631916712,27.0010201178633,86.0495764166951,24.4718759462984
91.5159818525061,26.8675927454611,84.9963335623398,24.9217093744652
91.2686004805074,26.9671929503569,86.9168259399033,24.0356163379654
91.3512404174619,26.8987215617569,85.7163587656781,24.6192113600346
91.4724728332343,27.0026759121076,85.0823832580609,25.0142696288801
91.6367161408896,26.8735512231338,84.1937984671624,25.3735832429959
91.51108376354,26.9697301930598,84.9963335623398,24.9217093744652
91.8343864763514,26.9255723887678,81.5573013368953,26.2542295970009
91.9540688242937,26.9420425886932,80.9316197469015,26.7974057626885
91.8348877496262,27.0276673082457,81.5573013368953,26.2542295970009
92.0728803406671,26.9629394634834,80.9316197469015,26.7974057626885
91.5933185007946,26.9051013955084,84.1937984671624,25.3735832429959
92.2289015431924,27.0655084924773,75.0456904792834,29.8235978148033
91.9928237978606,27.0162966110393,80.9316197469015,26.7974057626885
92.3473240014639,26.9959081797299,72.9525203256004,30.233640563884
92.3079651598522,27.1201379616371,72.9525203256004,30.233640563884
92.7583886770192,27.2795371536549,68.0892774089131,31.3986663848639
92.9021491949372,27.2092683811957,66.2090022060504,31.9428214123145
92.1932761767427,26.8873898510402,77.3319369523795,29.4479531634073
91.9963051046118,26.9149409674717,80.9316197469015,26.7974057626885
92.6850153811012,27.1140132623612,69.7910045437285,31.0849417931467
92.6481085369134,27.031768813567,69.7910045437285,31.0849417931467
92.794356653732,27.1602212291583,68.0892774089131,31.3986663848639
92.6835061399113,27.0121931130563,69.7910045437285,31.0849417931467
92.1136251536932,26.8356034875078,80.9316197469015,26.7974057626885
92.0759577191285,26.861786225476,80.9316197469015,26.7974057626885
91.7571517856198,26.8831948590444,82.5967392603614,25.9489076831633
91.6362890580904,26.7714211625834,84.1937984671624,25.3735832429959
91.4723315637554,26.9004041856633,84.9963335623398,24.9217093744652
91.5978482019973,26.8031465594205,84.1937984671624,25.3735832429959
91.3950967342657,26.864913500803,85.7163587656781,24.6192113600346
91.4772029682034,26.7982809224154,84.9963335623398,24.9217093744652
91.838206268913,26.8240397283966,82.5967392603614,25.9489076831633
91.7182421584561,26.8116384972945,82.5967392603614,25.9489076831633
91.7566011427626,26.7811387405228,82.5967392603614,25.9489076831633
91.8764093640603,26.7949316788696,81.5573013368953,26.2542295970009
92.0712990120428,26.7588745357731,80.9316197469015,26.7974057626885
91.5926952806531,26.7007345135965,84.1937984671624,25.3735832429959
91.7516807711299,26.6784628295429,82.5967392603614,25.9489076831633
91.8332831632749,26.721383626035,82.5967392603614,25.9489076831633
91.9527249833364,26.7379304368486,81.5573013368953,26.2542295970009
92.3419603453891,26.7906884248421,75.0456904792834,29.8235978148033
92.4195770220204,26.8485413754715,72.9525203256004,30.233640563884
92.5327068421155,26.886666904965,72.9525203256004,30.233640563884
92.6797483759173,26.9087448839326,72.1986731449812,30.5586546332283
92.8969390575916,27.0040313587248,68.0892774089131,31.3986663848639
92.109128536828,26.7324097306243,80.9316197469015,26.7974057626885
92.1887530539418,26.7844010802671,77.3319369523795,29.4479531634073
91.9908562428701,26.7099715044083,81.5573013368953,26.2542295970009
91.9955015631853,26.8130161710875,80.9316197469015,26.7974057626885
92.2305757047185,26.8626522704431,75.0456904792834,29.8235978148033
92.304920091081,26.8142797516249,75.0456904792834,29.8235978148033
92.5687891757754,26.8656797893156,72.1986731449812,30.5586546332283
92.572670184016,26.9691702953465,72.1986731449812,30.5586546332283
93.1082857932862,27.1094108211207,65.20069773562,32.2471646820905
92.9724047848501,27.2766663395823,65.20069773562,32.2471646820905
92.9691023423152,27.0726687080198,66.2090022060504,31.9428214123145
92.9726764058103,27.1757641253476,66.2090022060504,31.9428214123145
92.8623143437809,27.0218960415249,68.0892774089131,31.3986663848639
92.900453965988,27.1073919772375,66.2090022060504,31.9428214123145
92.7540202881993,26.973765936238,69.7910045437285,31.0849417931467
92.7578340638749,27.0769434534314,68.0892774089131,31.3986663848639
93.0033088595631,27.0555956731503,66.2090022060504,31.9428214123145
92.789130377895,26.9549419168,69.7910045437285,31.0849417931467
93.2119847641974,27.1651965103109,63.7441161187505,32.7908657342091
93.4160854437447,27.2815766421012,53.2103089865051,33.6347514696433
93.2815044371416,27.2377133061411,63.037808788312,33.0883187363926
93.584188976219,27.4168845394534,52.4730583540507,33.9277146251944
93.6834250019552,27.4788495870709,52.0456243041762,34.4784607324742
93.7846066619132,27.6443361119217,51.541234627859,35.3182760830487
93.9774169973896,27.6695640469164,51.2280613919079,35.6050295450682
93.8164055604181,27.6312540818503,51.541234627859,35.3182760830487
94.0090392989601,27.6569406818792,51.2280613919079,35.6050295450682
94.0113702529253,27.7594260914039,51.3067605251642,36.1602114097598
93.383330095407,27.2961501132691,63.037808788312,33.0883187363926
93.3145567123915,27.2226435719651,63.037808788312,33.0883187363926
93.9116729499011,27.5924829279399,51.541234627859,35.3182760830487
93.8824516962862,27.7078860390681,51.2280613919079,35.6050295450682
93.916452266288,27.7974501194719,51.2280613919079,35.6050295450682
93.6192123564735,27.5059516618128,52.0456243041762,34.4784607324742
93.6164364546797,27.4031504981562,52.4730583540507,33.9277146251944
93.4871744102467,27.4587524480045,52.4730583540507,33.9277146251944
93.519553650659,27.4446937731667,52.4730583540507,33.9277146251944
93.3872677297571,27.5004143348833,52.4730583540507,33.9277146251944
93.1822277790819,27.384957543089,63.037808788312,33.0883187363926
93.2847077265077,27.3406745038214,63.037808788312,33.0883187363926
93.1134274210119,27.3146033349993,63.7441161187505,32.7908657342091
93.1819203700916,27.2838474492675,63.7441161187505,32.7908657342091
92.8659990377526,27.1250505974668,68.0892774089131,31.3986663848639
92.7927498719015,27.0583788915339,68.0892774089131,31.3986663848639
93.0779522310806,27.2287841934141,65.20069773562,32.2471646820905
93.0067005111011,27.1589057406753,65.20069773562,32.2471646820905
93.5870533278043,27.5196446167511,52.0456243041762,34.4784607324742
93.5216760226269,27.5468575867203,52.0456243041762,34.4784607324742
93.3892255817431,27.6024404469781,52.4730583540507,33.9277146251944
93.4882682811009,27.5602784983529,52.4730583540507,33.9277146251944
93.6861707265926,27.5815465896321,51.6148142024582,34.7667697237366
93.5883927440817,27.6213276611823,52.0456243041762,34.4784607324742
93.7181360352391,27.5681786627052,51.6148142024582,34.7667697237366
93.6877488009004,27.6833937047234,51.6148142024582,34.7667697237366
93.9184717343118,27.8996272178976,51.3067605251642,36.1602114097598
93.9843611024966,27.9768150557567,51.1331263397439,36.4459685955507
93.9798045991809,27.7720660969037,51.2280613919079,35.6050295450682
93.9141206293807,27.6950421313174,51.2280613919079,35.6050295450682
94.0159884363365,27.9642586083936,51.1331263397439,36.4459685955507
93.5904782264783,27.7234589433249,51.6148142024582,34.7667697237366
93.7203694699943,27.6704599666167,51.6148142024582,34.7667697237366
93.7219291081219,27.7722905849982,51.541234627859,35.3182760830487
93.7864167606712,27.7463539989316,51.541234627859,35.3182760830487
93.5227499449685,27.6483682244113,52.0456243041762,34.4784607324742
93.4934351447689,27.7650813848144,51.6148142024582,34.7667697237366
93.6227123958637,27.7098398141188,51.6148142024582,34.7667697237366
93.5258397931832,27.7510803300411,51.6148142024582,34.7667697237366
94.018444775849,28.0667326486398,51.1331263397439,36.4459685955507
93.8204817178774,27.8355989538749,51.2280613919079,35.6050295450682
93.8231933625081,27.9381709577488,51.2618534841315,35.7574970980608
93.5280652980929,27.8532308524347,51.5394262045533,34.9059461065638
92.870377221488,27.5313786803201,65.8031509150697,33.8269780445093
93.291235847462,27.7479029939577,52.5599113134664,34.6026860802917
92.7991074417722,27.4656897574337,66.4746780517293,33.044906775011
93.083363769763,27.5345347944718,63.037808788312,33.0883187363926
93.184040707455,27.4868924429438,63.037808788312,33.0883187363926
93.4219482303516,27.5880219989278,52.4730583540507,33.9277146251944
93.4251645756863,27.6907756282533,52.0456243041762,34.4784607324742
93.3201938600172,27.5289851274465,53.2103089865051,33.6347514696433
93.3235378176399,27.6317758201278,52.4730583540507,33.9277146251944
92.870893615181,27.4305930635595,65.1991903068942,32.2799414284402
92.9740507033758,27.3785312996509,65.20069773562,32.2471646820905
92.9015423672213,27.3100901969242,65.20069773562,32.2471646820905
93.0084796439308,27.2608197814472,65.20069773562,32.2471646820905
93.0081819455567,27.3617156942217,65.20069773562,32.2471646820905
93.0779765905561,27.3297813611434,63.7441161187505,32.7908657342091
92.4615055205269,27.0314924000599,72.9525203256004,30.233640563884
92.3449702509112,27.0968064904199,72.9525203256004,30.233640563884
92.5740779036794,27.0709719324616,72.1986731449812,30.5586546332283
92.5724596090819,27.1717356700678,69.7910045437285,31.0849417931467
92.3069645133492,27.018272312393,75.0456904792834,29.8235978148033
92.0736310080271,27.0649019053231,77.3319369523795,29.4479531634073
92.1905760729179,26.9883922683953,75.0456904792834,29.8235978148033
92.1145568555009,26.9374738664892,77.3319369523795,29.4479531634073
92.1914532742392,27.0902970427484,75.0456904792834,29.8235978148033
91.9985729123594,27.2207921997452,81.8458306379997,27.5062594699294
91.9546944900594,27.0440658129232,80.9316197469015,26.7974057626885
91.7154198259515,27.2197080712849,83.4407058158388,25.7372826296048
91.4778512235626,27.105011762195,86.0236446710939,25.910074465947
91.714441762184,27.0155513201666,82.5967392603614,25.9489076831633
91.6373979263139,27.0779373503125,84.4199897858459,25.9542697450237
91.7196159173426,27.1180002110036,84.3553262125203,26.6735232883282
91.5164244384292,27.0720823531199,85.0894103035344,25.4388025246632
91.4729460473056,27.2071442516995,85.4653707086445,24.5780087858588
91.959647832641,27.1466468623289,82.0591868862611,27.229580003674
91.7158190368927,27.3218475058374,85.0046345525107,25.4857935653924
92.1961649947845,27.1930071052314,75.3840607785764,30.1751095948405
92.1172126046785,27.2431529014182,76.3156906602409,30.2908063335021
92.45952369245,27.1323049554044,72.1986731449812,30.5586546332283
92.3495031731001,27.1995898883108,73.3191208190582,30.463135818691
92.5364322096882,27.1924462809287,69.7910045437285,31.0849417931467
92.4274424773683,27.2570993562457,72.699131249861,30.9034680689407
92.7974247713584,27.3638768177678,66.2090022060504,31.9428214123145
92.8669752032736,27.3277120894918,66.2090022060504,31.9428214123145
92.7615954939755,27.483147907754,67.2837480436798,33.0612903927517
92.6878807527594,27.3176389094629,68.0892774089131,31.3986663848639
92.9778362650778,27.4814049385336,63.7441161187505,32.7908657342091
92.9054066009363,27.4129717921524,65.20069773562,32.2471646820905
92.7624405771683,27.3824167176394,66.7471014606091,31.8118663752341
92.5767267841662,27.2745907565072,69.7910045437285,31.0849417931467
92.6524101503058,27.3371931580196,68.7787635905523,31.5966234293508
92.4652805687674,27.3368995211652,74.5973326823421,32.1038240543874
92.5407525759116,27.295290329322,70.4967652619932,30.9993532184135
92.4639246610187,27.2351297963203,71.6001905478175,30.690258542515
92.1162369936314,27.1413187567588,76.8063331083251,29.5078540965149
92.0753993815464,27.2686524754212,77.1786859403262,29.7421917074739
92.0784663662067,27.1675485549782,78.5266345175957,28.8783506641221
91.9977322470574,27.1189008474584,80.8025143759558,27.6367823198815
91.8399542626632,27.130178953505,82.5461098540119,26.7004714149816
91.7580786490552,27.0874294959021,83.4051559186122,26.5208695114949
91.878968895628,27.2029582540201,82.3636736288908,26.7869489380293
91.7586536102564,27.1894581088105,83.7370227729752,26.4953304284897
91.8751139154607,27.3044705136616,81.8482825104316,26.1735374737481
91.9950938306173,27.3221001822462,79.2221073568637,27.3116263532807
92.1141164220915,27.3442770589476,75.3377112754656,29.5892809303762
92.2319597563554,27.3710091769783,73.6210673072219,30.2343584066366
92.3113067704949,27.4255653036052,72.6727170848851,30.5660051622132
92.4633351601943,27.4376630494734,70.8488835242512,31.655593013422
92.7631244949277,27.5849379205654,66.3660149216961,33.3582919765637
92.6882450960087,27.5201339592695,69.410049245376,33.0032952277742
92.9066388847784,27.6156036661333,65.2118778551608,34.0741461769494
92.9071820759331,27.5148208556683,65.1563946673427,33.148486136057
93.1190486713499,27.7213317909733,63.7176420771367,34.906757286858
92.9776331608579,27.5822712592061,64.6445250269603,33.6364397089063
93.3262748819765,27.8350105600512,52.5962721964842,35.7816837581714
92.9793609774064,27.684109445115,64.2544782254741,34.5923191057986
93.0135485758907,27.6673360367083,64.0202889201621,34.7620737871427
93.0137769900598,27.566475683415,64.128739082231,33.4719183994669
93.3954825018638,27.9085675489699,52.9228314703704,36.5690488651261
93.3934269664422,27.8065589000065,51.9011772767844,34.9397911210343
93.1879531203472,27.690804923649,52.9628419506676,34.1941067841687
93.083462210475,27.6354993438581,63.6339293764035,34.2525229807856
93.3924958530985,27.7052053853854,51.9686996279783,34.0730296505073
93.1875661851966,27.589724280051,53.2103089865051,33.6347514696433
93.1189740163408,27.6203760554719,62.070964240104,33.5718733649508
93.2208607683646,27.574261403353,53.2103089865051,33.6347514696433
93.2228829043823,27.6762450084411,52.6048766173167,33.983602119377
93.2905719746808,27.6466915701676,52.4730583540507,33.9277146251944
93.5949353535797,27.9278071171778,51.2495528578968,35.3397495607925
93.5934962493712,27.8261402884725,51.4586337621861,34.9158717280101
93.7271107720315,27.977183572247,51.2280613919079,35.6050295450682
93.6256765817104,27.8125067870067,51.541234627859,35.3182760830487
93.791381720893,27.9511890745443,51.2618534841315,35.7574970980608
93.724767291428,27.8749106833731,51.2280613919079,35.6050295450682
93.923504527429,28.1045548542587,51.1331263397439,36.4459685955507
93.793300889845,28.0531975815599,51.173824029056,36.0255754924116
93.6279628851785,27.9147172070782,51.4491054582791,35.3189779701022
93.9892500211932,28.1816775595629,86.6952882499306,37.4893434347544
93.8274927618266,28.1425010338202,51.9732999749518,37.5838759929501
94.0209410346394,28.1692064099571,86.6952882499306,37.4893434347544
93.9256383993492,28.2067265887985,85.7085953602119,37.5933495074396
93.4946238303884,27.8665878817542,51.8019130164638,35.187219491913
93.427326413546,27.7928676909258,52.0986204109909,34.8448733768542
94.0233014337821,28.2715627242055,84.6891756509027,37.6964250434786
93.8938929554685,28.2194217162192,80.7749654657557,37.6003350887648
93.8303206898473,28.2450689357623,53.286546810958,39.7726305209132
93.6997260737638,28.1948575873416,53.4952416915732,39.726985723045
93.7984932592921,28.2580204770083,53.3483426767336,40.2356264314897
93.696719965614,28.0922287780016,52.1832351861297,37.8466168723039
93.6944677579413,27.990050931881,51.4288029936206,35.959965609611
93.3988596120929,28.0113215645274,54.8963098079553,37.5309065626214
93.5971256544259,28.0299259229904,52.325002754268,37.0291046349731
93.0852805659837,27.7373718352912,63.5386285996041,35.1297303120042
93.2932173848771,27.8498618536685,53.1794679215446,36.0187078870705
93.017377980946,27.7701908633734,64.5566353680233,35.0308260599788
93.0890347581883,27.8402133429475,64.5315311614673,35.3599869424767
93.1227501173581,27.8241678989672,62.9228412422145,35.6879321841825
92.9124537043492,27.8202885651115,67.0653695503143,34.3450879551693
93.1934835579496,27.8955357021827,56.9672451330409,36.0482035137931
93.1247841393901,27.9260780975081,64.8942565637724,35.5636966798398
93.2268217132514,27.8801256828957,54.8940072492916,36.4751746370689
93.2967191832197,27.9526504808894,54.9966855001433,36.8211767089198
93.5000010382169,28.0713664793093,54.0530006891412,38.3330677003341
93.6324599882433,28.1190279541994,53.0690688742076,39.2973380802144
93.701513546616,28.2966784764321,54.5585912510279,38.9820075654841
93.9942984716228,28.3865382958877,86.5583894271655,37.75163366432
93.7956110991481,28.1554375592898,52.1837380513472,38.2449886001778
93.7317280654165,28.1816161797576,52.7906169028029,39.5746534337396
93.7341822237444,28.2838802372976,54.2205592550701,39.2733759544916
94.025878071608,28.3740359588172,86.5583894271655,37.75163366432
93.8328319554847,28.3474005877992,54.392671324651,39.8744977438384
93.9283413166873,28.3092470856852,86.3947660824527,37.6987553239713
93.8005221179993,28.3600191746143,54.2018663674177,39.405952237706
93.6363752514352,28.3228616263749,55.2894685518748,38.1047545857663
93.9967937584591,28.4889082054764,54.1853714415794,39.8780435505677
93.90139570982,28.5264392339187,54.5983140482042,39.2668134676836
93.8348447114632,28.4493834704113,54.5791970346533,39.2483280017709
93.8989151284681,28.424139685957,56.00073770913,39.7587765052399
94.0284949408944,28.4765088593567,54.1853714415794,39.8780435505677
93.9359780813139,28.6163320565072,55.0207955266154,38.4332930232744
93.6348534633219,28.2212269932231,54.4695948321587,38.7512450619789
93.6040897675934,28.3363552044244,55.1190733641023,37.8977600741997
93.601794168919,28.2342494138454,54.7686649294101,38.3185097502597
93.5360289560596,28.2610339170194,55.5978922403356,37.5991291989572
93.2293803501299,28.0831281100103,57.5048759590659,36.2230050703619
93.2289360303717,27.9820881608307,56.963051307811,36.2343321439181
93.4338225370369,28.0990268179948,55.547118889206,37.4712053080711
93.2974677247667,28.0538347909637,56.4230843927233,36.6290362994966
93.0892068770639,27.9411441388697,65.1717827142643,35.5455169596712
93.0193254005526,27.8720542198558,65.8095646370312,35.2265958198722
92.9832434452715,27.7869665333424,65.0332002782459,34.5993092369863
92.0009468424588,27.5265406343515,81.859768352642,28.9428657966496
93.4315607981468,27.9969511297548,53.6256238115119,37.9579560315589
93.3998807355777,28.1126512313994,56.2661732602622,37.1397791218215
93.5324344851426,28.0574256387907,52.9657967018568,38.7517678181911
93.5347635417454,28.1595622964071,54.6999048207134,38.0744925857314
93.3297240397378,27.9377894183697,53.9697995204663,37.2099392414695
93.3319146738776,28.0398064728747,56.2617532860118,36.8345056486175
92.9105982623419,27.7184678732012,65.8523107654768,34.1991308627166
92.1991939607504,27.4985143936192,76.6336692353828,30.4340775042083
92.6557809435498,27.7431744408794,69.8496520743716,33.9969117356215
92.4306000839174,27.7648969463685,74.5155918051749,31.050369105859
92.9119734594318,27.921031049237,66.8355081201493,33.9314945765261
92.9831082957076,27.8877957255889,66.1616552043491,35.1333228065089
92.6929516959284,27.8254057166738,69.1600275120076,32.6773094778749
92.8755686735777,27.8367943577999,67.5079662374419,34.5901259943646
92.5434125361388,27.7012686513088,72.5302275885398,33.5412823630643
92.3520187505757,27.707503743537,75.6297475674548,30.7502066570909
92.3137005434991,27.6290889886286,76.2062092135976,32.8435041218226
92.3148032778939,27.7308818869609,76.0351041945669,30.3223448862676
92.8074499798722,27.9746004816026,67.6028619256001,32.5306235150422
92.8772790317047,27.9385718035151,67.0899014021252,33.235785514982
91.7559809211851,27.5973245492033,85.2399955072328,25.8561456127583
92.0838405995185,27.778755031063,81.1545666341679,27.6393345347484
91.9584234237899,27.553722767526,82.4032936147791,27.8092051892532
91.9591132089653,27.6556762286264,83.3533050321538,26.5906351089333
91.8379458048764,27.537673701675,83.9251620906149,27.4113668587428
91.3517480167448,27.5125476444612,88.3675078816322,24.447255492251
92.1965304019926,27.5994132323177,77.3079610538914,31.6525055937968
92.2351606133957,27.6763989547785,76.6926973971664,30.2576591556863
92.1199947035486,27.5487226941015,79.0748712966379,30.9644622587101
91.9974673747385,27.627799382396,82.3703418972334,26.7706645723552
91.760222393755,27.4956373569035,85.084215955734,27.0696284213378
92.0810955749799,27.4732060912053,78.5084832254914,29.2741424806965
92.4293617239674,27.6631389941165,74.684931862337,33.0055627340405
92.315969502626,27.5283081051008,74.8917331463631,30.9906888671755
92.0780366304756,27.5742590727271,81.8148667379275,28.7578918237371
92.2366984840703,27.4737181714388,75.9518321726088,30.4541803124758
92.3530263919442,27.5049724928983,73.820279246755,30.6644620884236
92.237852759574,27.5754830973158,76.7035422136278,32.3791760987268
92.5449157071722,27.6006075327744,71.5929155911834,32.1215659406685
92.3543168117676,27.6067085337104,75.5985454906568,32.9138996131817
92.5809804610264,27.5799100151083,70.4060435639803,31.9560491067971
92.4692351782084,27.6422014001357,73.8717540044081,33.2853087450255
92.6924668947654,27.6229892078061,68.2751824643403,32.6324543292712
92.5825207714639,27.6816434768251,71.4965504713366,33.1527116964857
92.6569189963608,27.6425188173231,69.449116822736,32.4668737934554
92.6526443646028,27.5396716031687,68.6795793663555,32.6886028842458
92.767267751819,27.6877985942273,67.9332387178601,33.0582507143913
92.6941178494843,27.7247460284129,68.9643465786751,33.541228972192
92.3484136166043,27.402210979019,71.8972486007878,30.903745623141
91.880201886436,27.4069879172397,82.8383299474734,27.052010365322
92.4312432870448,27.5624368712027,72.9001554549057,30.983397132172
92.4267082241418,27.459647979728,71.0028691206998,31.2671362823134
92.1944072873252,27.3958263819835,74.4263258833787,29.9444983612582
91.8366542518149,27.3337347708029,82.5095046755448,25.9777441286076
92.8720102707624,27.6331862480971,65.2293097971703,33.9800682834887
92.8023252317132,27.6692851209047,67.4491301911555,33.5057128955722
92.0761891726966,27.3705805532943,76.3403791094764,29.1310304694437
91.7210524604187,27.4242793035602,85.6519799419027,26.5925750606837
91.9568553148959,27.3499236329146,81.2148712127395,26.4788721041481
91.6385578939639,27.3843785024929,86.3752685673386,26.3917406730731
91.7544311653577,27.2911849026262,83.3588066925488,25.6436343102551
91.3957103477213,27.3763516758545,87.6422980460863,25.3875882926193
91.7596253227322,27.3936372453236,85.2230257869598,26.0255226605567
91.8417839395255,27.4362279335454,83.5274734488325,27.3880574793859
91.6332624920732,27.2819846568352,85.2379950103917,25.1803721258965
91.5943005090086,27.211653598792,84.8021106172691,25.50754531244
91.5945731950488,27.3138737599461,85.7108760507377,25.0194271849191
91.2355453659107,27.4111833132996,89.0622698043086,25.8562209843885
91.3902209037153,27.2740574925735,86.7599917813784,24.2534203446448
90.9926624865785,27.4183287624891,89.5640427948039,24.874364424862
91.4785246741579,27.4117576352589,87.4369721073094,26.6337330333701
91.4730946047985,27.3094346663332,86.6921153187843,24.555429520037
91.2299265240896,27.3089346336748,88.5039764242218,23.6457555750817
91.031203851535,27.3826818222685,88.9486213755883,24.0918372704234
91.5953233893191,27.5181362568265,86.7692718819871,25.6988778309374
91.5999064725243,27.4162467868867,86.7657278507402,26.8857505769617
91.1526140823334,27.4812001640254,89.7497604058263,24.1231316274417
91.2741796187805,27.3765343884465,88.5140858598437,25.1491841296042
90.7879729634495,27.4960495681248,91.1710518659877,22.6364732490055
90.7884043151824,27.3935091034709,90.1688456842459,23.4451605551892
90.986856085841,27.3161118853541,88.3793637227823,23.2491437789918
90.749948633999,27.4296331003669,90.5670656033604,23.8314385425646
90.743953063379,27.327414663945,89.7193590012183,22.609603184611
90.6670435246687,27.3997465692315,90.350873012905,23.7762377685703
91.0254314842882,27.2804631756594,88.3364644448566,22.8936706624154
90.909785549788,27.3877071395144,89.8094266142319,24.4975482283972
91.1526694294241,27.3788139352928,89.3301048358738,24.884494270908
91.1083679606095,27.311810277034,89.1301285160024,23.1972914774982
90.6609857216437,27.297521119289,89.7654433399217,21.664310983007
90.5072960386409,27.4423801557955,91.4401471327964,22.922699627704
90.539533499259,27.3039201555218,89.8659760697649,21.118364074581
90.623239456695,27.2311425159055,89.0518793977392,21.4297667058377
90.3796742839861,27.34645063662,90.2334860688547,21.0936202636368
90.2645947738807,27.4548122680539,92.1695038115548,21.0902749739206
89.9003565331302,27.4711745514605,91.4721821725058,19.6050752658465
89.9386290640399,27.4354098299432,91.4623597736144,19.9638009760022
89.8171454451564,27.4403173673049,91.2197229757721,19.8795471330127
89.8936951581631,27.3688777225297,91.0759190201253,19.7569127433098
89.6956442031469,27.4449780332977,90.979257638351,19.0608790400549
89.7721424315076,27.3736981633326,90.8945198680298,19.6946253017654
89.2929582684688,27.4941524449104,89.868724355241,16.9324887458462
89.5289954527812,27.3828032763746,90.144729100096,18.8731764419986
88.9592389593079,27.3724088751374,88.6928943615112,24.7929984448933
88.8451632359742,27.4806290761258,88.8868131717886,23.4300266921078
88.8071808306815,27.5167924985881,88.9908416904975,23.2742208788864
88.9211919427857,27.4084374806044,88.7670111576865,25.3218883765892
89.2858339781935,27.3920143638853,89.4849950897317,18.1285974802837
89.2023891154501,27.3612752996611,89.2083713550584,16.9949169831196
89.1598968380264,27.6018834696098,89.8368953067993,23.6210341227921
89.5741304432013,27.4494824377096,90.4552650606423,19.09097697886
88.8426666164657,27.5829457633369,89.4218906390232,22.7925580713201
89.0858463170477,27.5709829252402,89.6285409185066,23.4368260323151
89.2817267405963,27.5969743592962,90.2001106164884,20.1065537396744
89.6940621662647,27.547573324788,91.3071519827558,18.2714560713157
89.8908858077383,27.5741399746185,91.8594102315548,19.0432686590665
90.1432077914345,27.4606085432672,91.9922301856733,20.9391278826341
90.1815264219673,27.424619668483,91.9413544325653,21.1755800924502
90.2582175718572,27.3525395347591,90.7912132177778,20.7953847432712
90.3859560987988,27.4487082268902,92.1096043713104,21.6878983951762
90.1804606753271,27.5272624890044,92.2351936222091,20.0707643022802
90.6212544905049,27.5389023067555,92.6815260059864,21.6065213303602
90.6286226670949,27.4359580459673,91.0695602869872,23.5545587931818
90.0588962508902,27.5328299920415,92.1297699719036,19.6765027446622
90.1344406729611,27.5636104507338,92.2959976967896,19.9195395236366
89.657422476081,27.4805789046416,90.9861097594596,18.6057267860082
89.7690745244878,27.5789229826891,91.5511971453032,18.4935937445659
89.5359365584497,27.4850466156458,90.494629427907,18.4923757484396
89.5724184252482,27.5520461707126,90.8634102926861,17.7438133807116
89.6472470196216,27.5834796361239,91.2654770209188,18.0624760816306
89.4015215824365,27.6948897330925,90.6387182159736,17.0360137319156
89.4507680962854,27.5564821356418,90.563919853282,17.2753479123813
89.5254088309128,27.5879147660435,90.8684777640097,17.5561059669817
89.038085542946,27.6072407210037,89.6798408160568,23.3028524273955
88.8299882895609,27.6858370614032,89.0370406426854,22.6004976930198
88.9285844111045,27.5103136801097,89.2191516065573,23.0385886962713
88.7945473397803,27.6196524073495,89.435769940533,22.6553696509014
89.329117828147,27.5610226415982,90.2161338186426,17.2806990039427
89.1958489333554,27.6686468090318,89.7210964290584,23.6265144523076
88.9163003851344,27.6131462317176,89.578280810554,22.9799282852483
88.7918411492203,27.72199317005,88.7664364995854,22.3794222826613
89.0738692246923,27.6738297338455,89.5653444571652,23.2905871946271
88.9137264237606,27.7155192830432,89.1453702781072,22.7777052448142
89.4035665409373,27.5923663948382,90.5963972008671,17.1126279109602
89.2795497340104,27.6994610698789,89.9035376622253,20.6262659491553
90.0126758949515,27.5690523487397,92.1443759805707,19.5030303166255
89.6838473129473,27.650485675461,91.5415790344895,18.1224331982094
89.767424488512,27.6815317835002,91.7969971464125,18.3888203779341
89.2866572002514,27.8015807977659,90.5634095788956,23.6901160554391
90.2550511173452,27.6604562890138,92.9660272778117,20.2092172980354
90.4235106501463,27.5151511602468,92.4619242822385,21.2155333812708
90.6205143453342,27.641498689594,93.3015781412552,21.5874406762326
90.6664863658789,27.5023218725103,91.9231996431965,22.075576152508
90.8641309278829,27.6290227324584,92.3254324762213,22.4477717788827
90.9027753704355,27.59303732116,91.8171418784293,22.633160104147
90.7429277888825,27.5325295244279,91.6668323297148,22.1845218739569
90.6590865581698,27.6052674634132,92.7635685640685,21.7297659688817
90.537254060892,27.6117332306162,93.0378571984461,21.27439760619
90.4995793068029,27.5453549204329,92.29625139298,21.1922279109068
90.2935472376244,27.6243567537568,92.7739416535491,20.3837795053547
90.3778900093581,27.5517028869297,92.3810503549586,20.7466682971982
90.8646148316881,27.5264802693608,90.7398309291182,22.4977996959963
90.8712897756271,27.4236542451456,89.898607213524,24.4059084614233
91.1080944225875,27.516646090576,90.0749665056015,23.4237954123203
91.1140803817675,27.4140368693507,89.5163723613223,25.2047878931763
91.2742504880657,27.4788525005908,88.981855510494,25.1669260858208
91.3570416437627,27.4102538632899,87.9260065069798,26.3763164650927
91.3517734071872,27.6148867304204,88.8917291604367,24.2839647344732
91.4735826648473,27.5138628227429,87.6007191493956,25.0917460014712
91.2685831671126,27.5813283287248,89.4448474369363,24.0080960911995
91.2299044719688,27.5136489103601,89.3962610022272,24.4867108443919
91.3905893765448,27.580904538148,88.4322120732152,24.4821932558523
91.51753380059,27.4809247585402,87.3505085457648,26.259936414669
91.6344107689883,27.588364461821,86.6934135361484,25.4112002785763
91.6390193229516,27.4864557761499,86.4996929420729,26.9784644248778
91.7168365174013,27.5259478356934,85.4784013508232,26.4172215739229
91.4737366261962,27.6161332625873,88.2088695915239,24.7844818902278
91.0246645689684,27.5878637786039,91.0787278874509,23.0841652592366
91.113616465303,27.7213223362173,91.2736105588681,23.2193584414334
91.5125664520595,27.5830457261946,87.8501273774312,24.944233195658
91.8384973559192,27.639709514585,84.5507572881062,26.1580489756317
91.3961265470632,27.683187034181,88.6914424440447,24.3760334373739
91.4792167967407,27.7184428362311,88.2307000947965,24.6395379950189
90.8700634824444,27.7312340316177,93.4752260204569,22.3370896106126
91.107865005836,27.6191014364445,90.7025362691482,23.3639995055912
90.9918177325469,27.7257773843884,92.7094521375611,22.8148645216532
91.3573446592475,27.7171554174614,88.9334396832649,24.1327502549287
91.0304737515984,27.6900781127779,92.1630089422886,22.9856954938826
90.9854161475654,27.8285081417765,93.7799408063065,22.7564764035219
91.2354637548263,27.718290724505,90.0542283723553,23.7234055213786
91.1522535885581,27.7884236580074,91.6260478534168,23.362535670655
90.9086756648635,27.6952492006007,93.0024830493386,22.5235404691584
90.9083483740863,27.7977472193682,94.0112300419184,22.4761644788095
91.2742112527175,27.6835769919539,89.5813992765315,23.9006886293153
91.2742773124693,27.7858834453516,90.3437066537404,23.8042471160334
90.252908093388,27.8657252714395,93.4663214332613,20.1256814339923
90.4216791977685,27.7203988388361,94.2921271565504,20.7195923531903
90.786913359287,27.7011625205435,93.5093249358911,22.0755862518653
90.7412329205356,27.8402243993333,94.9980639191884,21.8772799623815
90.4208249482491,27.8230227341954,93.6584066643383,20.7177370201216
90.2999078208089,27.7266245920041,93.5788152680238,20.2752116442808
90.6266297927486,27.7437268345843,94.3694553588854,21.4593805158943
90.5434301112186,27.7139706086607,94.4476726467408,21.1504590976081
90.4154108342726,27.6181463504532,93.213644242192,20.8277996642423
90.017861158849,27.7739847553589,92.8453799428222,19.2604236090075
90.5049176931307,27.7502122689854,94.4754495058686,21.0218358204155
90.498710441156,27.6479702814679,93.6061277149642,21.0886987098652
90.3831911611858,27.7565906413701,93.5863596110145,20.5822124954025
90.3768920785343,27.6543332523913,93.5414679263774,20.6643715352984
90.1331832496018,27.6662538043423,92.8204902683161,19.7398698565586
89.9344330947538,27.743312034048,92.5592091637064,18.9525553905039
90.0112880360956,27.6716923166558,92.5068838734594,19.3035311590688
89.5669595889388,27.8597237979183,92.0084507367554,17.6455285968228
89.8058314589968,27.6458784315323,91.8438817129104,18.5774857954288
89.5687559423358,27.7571742654846,91.3116599006692,17.622712578381
89.64546550351,27.6860638348387,91.4592166374521,17.9569747706788
89.5304275648154,27.7927021451862,91.5039103126978,17.4891647466669
89.5234956763347,27.690470320602,91.074420239565,17.4888431451977
89.446841646568,27.7615449088138,91.0916106098336,17.1759709566277
89.2030187723914,27.7707158956154,89.9968107066824,23.4758172694467
89.1575876247567,27.7043320260098,89.5149526743659,23.4579259550894
88.9592553213093,27.7814229876672,89.7625645799031,22.8184721198878
89.0356440505895,27.7096519451455,89.0731610833022,23.0642015384912
88.9210909360949,27.8173703734156,90.5950147367553,22.7085738644343
89.2752463273273,27.9043732861129,91.2962466576029,23.6429136635743
88.7864447019014,27.9265408852854,90.9800493095557,22.3348272570176
88.9567758599354,27.8837331973585,90.9540353158699,22.7971633513364
89.0811254444946,27.7758110038948,89.9801363473758,23.147960057048
89.0307938817281,27.9143598065039,91.1438429315786,22.9909702282641
89.3249269457682,27.7660111502745,90.1163460948283,21.7805476786677
89.272967939169,28.0068333883612,91.5921231378344,23.5200765443394
89.6890025893281,27.8553399511569,92.3059352314244,18.0847172105804
89.6523085478482,27.7883287519608,91.7750273342021,17.9363447265858
89.7741781010446,27.7838165759198,92.1855436932287,18.379164764808
89.690663334664,27.7527591570584,91.7662623094701,18.063909930603
89.8893669588957,27.676766537811,92.2277496183601,18.8536230197795
89.8125573703906,27.7481673553313,92.1830685495539,18.5085017667343
90.1680606306079,27.9381685998955,93.7550135848122,19.8505984058126
90.5427085593193,27.8165766073495,95.2687312351474,21.1545498075693
90.1307724244136,27.8715216214208,93.2997364527865,19.6864361684698
90.0550293117266,27.8407447730776,92.9001249352129,19.3994552035496
89.6419769155716,27.8912103844106,92.3559398472467,17.9332272130435
89.5562280607423,27.962590212599,92.536803382336,17.6614939634116
89.3228584143601,27.8684770045052,91.2556399786337,23.7735193512775
89.4338172574073,27.9668968885551,92.1168916879333,19.0625966114379
89.5197361592426,27.8955529316997,92.0841112331726,17.4953991750243
89.1890005106341,27.9759285665621,91.5736616493757,23.3699717325667
89.3974904826596,27.8998937870403,91.6843076520726,22.5738364775176
89.1530111336157,27.9091426878247,91.2554466020237,23.3171867790883
89.0787831833451,27.8781716868187,91.0521454571018,23.1219751072926
89.0666100907803,27.9809610484896,91.4601322132835,23.0268911703566
88.834798778124,27.8898932489991,90.7745936264856,22.4707035904157
88.783613328204,28.0288369701018,91.5159721701951,22.2436774710944
89.2008135634589,27.8731304454738,91.1536796256227,23.4491672636235
89.1505944283133,28.0115555133732,91.6826337342455,23.2361940831474
88.9515548325528,28.088388956811,91.5643834621114,22.6358033913141
89.0282386683516,28.0167256626671,91.5555344579874,22.8729016724049
89.1577639179515,28.1135731131741,91.7634795582954,23.1768938860186
89.3114057351453,27.9712936058741,91.505785129192,23.6915821038182
89.3184692327411,28.0734178062006,91.7200266318166,23.6020127101384
89.3953501101307,28.0023972117514,91.7799015676297,23.8803313758764
89.7624781822681,27.9893234506152,93.2742863929947,18.3804658380904
89.6854404776811,28.0604976130991,93.5594311317024,18.0864554726107
89.8848272041661,27.9846098740083,93.6409061731247,18.8061934319161
89.8077443444946,28.0559739257644,94.0951207920942,18.5208840333697
90.007153990837,27.97957011341,93.6850537051089,19.2588566957243
89.9300289270072,28.0511650322536,94.4227366617646,18.9577195111078
90.2581272819612,28.0706295206077,95.4149323785616,20.1358103415619
90.4126163236758,27.9260220548536,94.0356565606336,20.7259635852501
90.4189007626658,28.0282743266146,95.6609436111211,20.6988823542205
90.5348584572544,27.9195631358096,96.3157648735715,21.1646572851773
90.5410543828888,28.0218002842354,96.2237067486953,21.1684786064202
90.8628002021764,27.9366080001485,95.5090383467376,22.3418250713973
90.4961883379519,27.9558178156239,96.2542995864853,21.0159371658489
90.664580847894,27.8100711832947,94.9448252561151,21.5941851072486
90.3750158542987,27.8595893420341,93.5873134004759,20.5619271985517
90.3739692257183,27.962219204556,94.2487664029106,20.5993284289654
90.6570880216344,27.9130277183139,95.9389350969561,21.6028379102051
90.786455183085,27.8037056196914,94.4572549239538,22.0355324947615
90.2989202513561,27.8292584125152,93.3319307925215,20.275509106932
90.2903521150902,27.932256112124,93.8687386093366,20.289497412366
90.7405899394919,27.9428016437476,96.024185551479,21.9152770372736
90.8633097714228,27.8340637600258,94.4479339411511,22.3225903150961
90.9850395060771,27.9310104245842,94.8052563706051,22.792125835247
91.1075664415144,27.8239251491099,92.8287935310683,23.1962075051778
91.2685540093643,27.8883455354233,91.3197659499557,23.7998860573228
91.474234007356,27.8205198025852,89.1737498905355,24.5315282781259
90.9074971410703,28.0027900062799,95.9702998098826,22.497199085216
90.9015657959424,27.900581269243,94.9825306616766,22.4796049216607
91.107322426201,27.9263761415517,93.3045937545924,23.2304411677036
91.0238477102379,27.8952562041616,94.2378250330516,22.9185267856453
91.4743905764437,27.9227695496503,89.9902505953277,24.5548949835848
91.6355967644182,27.8946644034314,88.164089798788,25.1300964733962
90.7793181744171,27.9066117208843,95.5831768109027,22.0399545612173
90.7853373484532,28.0088247678017,96.5275283120721,22.0154700211751
91.390958454387,27.8876992647822,90.4892260972291,24.241756226233
91.3520242782405,27.921754384172,90.9916133996888,24.1131047646132
91.8843266584905,28.0186447347261,85.9421422831085,26.0716945891354
91.7575876113906,27.9033758350197,86.793712871528,25.5753509855614
92.0050504484969,28.0359305325503,84.3340976087815,26.5244436619376
91.8404107988085,27.9455881878721,86.1697010791314,25.8908151771485
91.879112498114,27.9161688938187,85.6750851269948,26.0226970301664
91.999939155085,27.9333904350188,84.140134044434,26.4678110269704
92.439360568984,28.172774310033,73.0936634484622,30.6085390730387
92.6605432358921,28.0483496096198,68.9252954801995,31.5758664563476
93.0250329592097,28.2783380444205,65.5648088067078,33.123466581439
92.7775784405949,28.298274630567,69.2881322233254,32.0776948024294
92.434662276213,28.070031690168,73.7065608383264,30.5457700879979
92.4733666535623,27.9473942140251,72.4995001235834,30.8673139606638
93.2002178873979,28.3022977940812,64.4129175102275,34.1298290847173
92.9175452586949,28.2263691710057,66.5268268345376,32.6462975277904
92.8809931889753,28.1421192750011,66.56964803644,32.6422538889187
92.8085225216971,28.1769945942149,67.6221212824324,32.1648766475476
92.7715792395935,28.0937289793175,67.4489535635896,32.0964246967735
92.5855444367441,28.087439554255,70.5896536406072,31.1873199944449
92.471489577218,28.048054791921,72.7141660336176,30.6946817052662
92.5492301865448,28.1081436512529,71.5420108629604,31.0445517717046
92.2007215046021,28.0065420273306,78.5782187982277,28.821382218772
92.3172992136905,27.9343291796435,73.2213576417954,30.032229600437
92.0816504996358,27.9816109474231,82.8793476636174,26.7842224775591
92.1228986791639,27.854179287289,79.986309072926,26.9246081824915
92.1198184395154,27.9551982762984,81.8759292142254,27.0135837793649
92.1997106801654,27.9047522016383,75.8255303025129,29.1402372550297
91.9614627088082,27.9613197924795,84.7482931847491,26.3385588805808
92.003421658044,27.8321825441981,81.8032356196411,26.482712812772
91.9642000085194,27.7582151654847,83.7999577372886,26.5015903516135
91.9607436154421,27.8594031146988,83.0561885752881,26.3248759375634
91.8822257097274,27.7128680439163,84.7821778109377,26.2287147128085
91.882989733064,27.8147489652724,83.7007013145616,26.0355671171779
91.60099472452,27.722691715155,87.2335417224952,25.1010329314655
91.5183469485727,27.7875165544973,87.9694850148736,24.6994499321089
91.63976163097,27.6907419110922,87.0507600281358,25.2893828142048
91.6402365789699,27.7927913787337,86.7502578796255,25.1416176339583
92.0025119300792,27.730361773955,83.7815864276535,26.7024610796743
92.1974980425411,27.7012427359229,77.9103237450109,29.5242105150797
91.7612344750572,27.6997589835076,86.0848724416893,25.779976883315
91.8436891068308,27.7421833980154,84.8826513834984,26.0323450560741
91.5956074500368,27.6203339301592,87.3531084018895,25.2112845020954
91.5180116630617,27.6853710928534,87.9236537808478,24.823198005752
92.4352169127512,27.8676631881849,73.9360975161127,30.7951378053853
92.6616332661057,27.9477421762522,70.7682012987345,31.8767802840806
92.1218396465121,27.7524215776439,80.9580050609509,28.2668622873781
92.2023590594416,27.8039077252585,77.8058444392689,29.5809187399465
92.772314164774,27.9930857113444,68.2412306749196,32.384278414038
92.768079564755,27.8902447590207,68.3624412955076,33.1496705263487
92.5492675222883,27.9058196290277,72.4708118755687,31.3808386561621
92.5478046901282,28.0064306562129,70.277573948442,31.0682739958686
92.809283196884,28.0763513125543,67.411120433668,32.4491134625789
92.9888973453126,28.0924459360989,66.2619755552071,33.3567628984331
92.9179632432853,28.1256683632693,66.5875723509397,32.9142845766243
93.0230930579062,28.075715915775,65.8749104144316,33.5014019269176
92.4718915606041,27.8456959685009,73.9791786124285,31.0272477209312
92.4333679414113,27.9683126660415,71.6653447829546,30.5377704361345
92.3567109563815,27.8102424088596,75.7154577007947,30.5137387565442
92.3580552721376,27.911939649309,73.2868020829389,30.2767925700704
93.0251243960257,28.1775524876781,65.9619218505061,33.4720535390785
93.0949649546812,28.1458170996034,65.4685295062839,33.8426345773397
93.3361976485876,28.2437449341117,57.2790538259766,34.9989620802614
93.1308576902153,28.2317067752784,65.0890046657154,33.9705736572228
93.4406177745403,28.4051346261078,57.2844443597853,35.4231071521843
93.3384847065675,28.345742341515,57.990979182016,34.9463834814217
93.4348238734536,28.2003435523167,56.3400264922564,37.0567950230773
93.303149824218,28.2585489470501,59.6901750503902,34.7986283684277
93.2995431813225,28.1557732343224,56.6751502685428,36.0568912891895
93.1996726187186,28.2012791915978,64.963159546557,34.3286784805392
93.5035110018446,28.2748997239603,56.0709942968132,36.9834714143278
93.4055186706823,28.3173842826103,57.1466807525951,35.2643434152199
93.1959427757097,28.0984756003432,60.6243259679794,35.3061927887698
93.1287353701987,28.1298211339925,65.1646082408277,33.9879454892622
94.0309750330245,28.5788632315712,54.7459172925635,39.3401583570428
94.0020820156711,28.6937648350655,55.3693073232949,37.805376971652
93.7038746749727,28.3988458332798,55.2926923721229,37.9913847677973
93.8377897354092,28.5519469850683,55.2100227728847,37.8318790004708
93.7069950624516,28.5014680079378,55.7563745468194,36.6720458949709
93.7390202466541,28.4882938764312,55.3665638970776,37.1795122896654
93.9993291315214,28.5912776680983,54.7459172925635,39.3401583570428
93.933155961652,28.5138142552377,54.3520417524005,39.628259696445
93.6073311495049,28.4390204731247,56.1687984202596,36.1999493305605
93.6113720837882,28.6427451773587,57.8907813321399,35.808429252848
93.5393389742995,28.3637279511539,56.1317426960719,36.1732142536309
93.5082521779328,28.4790710636518,57.0752072083835,35.7058275929991
93.6395641496831,28.4255136493783,55.8192415565855,36.5830269300036
93.6089706839552,28.5406529477978,56.9151250730207,36.0819946102765
94.0390120617103,28.8861595994118,56.6842543526071,37.4542893858319
93.9410269619178,28.820889429402,56.468185903093,37.5967722425924
94.0073524523919,28.8984987711976,56.6842543526071,37.4542893858319
93.7434627941303,28.6923405408878,56.8262884417928,36.5765559883626
93.9066515790227,28.7311474163149,55.9540746526376,37.5660504637023
93.8080825710985,28.6668176585923,56.1000672298063,37.0752039267784
93.543133550237,28.5673011800255,57.5939243876064,35.5802201372078
93.7088879836096,28.6032749735719,56.352850430924,36.6704490379408
93.6420653479902,28.5277008054297,56.5076896810337,36.3434140915271
93.5068732389498,28.3776059035674,56.43226100348,35.7564380712274
93.4382558014473,28.3030759741598,56.6508821425458,35.5295331961542
93.2023009887706,28.4041636729293,64.3626491290302,33.9346352954104
93.1310810657219,28.3325944285824,64.392909212711,33.5971625814237
93.4066298816135,28.4186892422847,57.6281219964492,35.2047610769946
93.2352646386217,28.2878654283135,64.8264365605975,34.4654403144246
93.339298370617,28.4468866193164,58.9022992840599,34.5690553628361
93.3039829552961,28.3597051858307,59.3169995403111,34.7007647122247
93.7113586444945,28.7054313752947,57.4027725581862,36.3111466306156
93.2433840172623,28.5944334930489,65.2028967935503,34.1459461604204
93.2395700417186,28.4916565553786,64.6618035145685,34.1463201736718
93.3061524948095,28.4616224312879,60.1383500913233,34.4120704817172
93.8106183323026,28.7690414795702,56.9727957430291,36.8000411999506
93.5175611628485,28.7864897313164,60.380829365171,35.3224213650902
93.8425398097622,28.7562452238639,56.6117486602981,37.1169905631425
93.6469907132705,28.7319623399283,58.2907399650441,36.0297632548977
93.91224453964,28.9359706000302,57.6981471235019,37.3060681867827
93.9092487916758,28.8334414351419,56.8641576341336,37.2806461676755
93.7145940643373,28.8080465519736,58.6143193370718,36.3684301389964
93.9439691921157,28.9234043069594,57.3451747408644,37.4273323565248
93.5500116027229,28.7726660846016,59.8843375837011,35.5174100538925
93.7498668249037,28.8975419583933,58.9417172355601,36.4346413532451
93.412473926107,28.6233914390038,59.7946349946424,34.9327213339184
93.8137342631347,28.8716141358982,58.1041828187315,36.8312320377528
93.7466458011869,28.7949424835423,58.0050639587242,36.493250422421
94.0102269659037,29.0009841778708,58.4221625751029,37.5943457492001
93.9469513700162,29.0259180532279,58.5316168578794,37.4457706047654
94.0131420908799,29.1034689035275,59.2767632069548,37.3840200702917
93.848704724778,28.961361098181,58.7228211295306,36.8961862850653
93.6529774993628,28.9367750996926,60.0888449682933,35.8341817697178
94.0418321552836,28.9886307180419,58.4221625751029,37.5943457492001
94.0446931332149,29.0911013921171,59.2767632069548,37.3840200702917
93.1389185817153,28.5381981032074,65.8504760097646,33.6654237309218
92.9279210084384,28.5337710727643,66.8133562882311,32.5839869340483
93.2099985521666,28.6097351392098,65.4950067718161,33.9697280106959
93.1411628993213,28.6400527306592,65.928199997942,33.5188429833132
93.4161008773135,28.7261174998157,60.3886190500339,34.9242940323069
93.3429592977533,28.5496401149524,59.8758495630711,34.6250691217
93.313609909768,28.6671418005129,62.2329048751464,34.3989021510822
93.3098644337301,28.5643846459346,61.461482129704,34.4720993887168
93.4452505782657,28.6091481462224,59.3334162901371,35.0923235706454
93.5105804462099,28.5811019382976,58.0381067292032,35.3530044692838
93.4488260624731,28.7118648807305,60.0379777191345,35.089063754899
93.5140529653875,28.6837978054821,59.3965560913119,35.4227783999427
93.6147261503954,28.7454017805302,58.7774933085527,35.8736110393918
93.5465545788548,28.6699854959866,58.6414309183548,35.5629506057529
93.0972002460028,28.3485341350141,65.1086905284134,33.4620243424076
92.9947974198968,28.3978401208653,66.593507324553,33.0349426558971
92.9907205831759,28.2950183584248,66.200803245147,32.9852874832065
92.9216953016051,28.3291962682519,67.8006677006631,32.7044645543267
92.7732524790602,28.1954542421199,68.5449077124501,32.0181248011699
92.6665511968937,28.2528595425543,70.422943742147,31.5930408060753
92.6620997422777,28.1500554023347,70.836288692266,31.526737758024
92.5900704936485,28.1902300345463,71.3733266648009,31.2474845737962
92.4808123942625,28.2535652975199,72.3251764017614,30.6647388594223
91.6021121916936,28.0290631486462,89.2485943588852,25.0028972109729
92.1248215130518,28.0578011781849,82.2378341832563,26.9705313040419
92.2385002387812,27.9816738201099,76.6337200897271,29.6950023210312
92.3605536953234,28.1153955820085,74.7114799991218,30.2510305232466
92.3184512376958,28.0360837166623,75.37297577768,30.0435757621562
91.8895577460699,28.1211157245004,86.114547320676,26.0012521549659
92.2056562838741,28.1091829991272,78.0715402151362,28.989262118682
91.7240862869168,28.0365775583128,87.8279877669489,25.4525425202973
91.9666148605628,28.0638362903094,84.9213859783856,26.3657604982445
92.1298444034157,28.1603981297376,81.8507232604978,27.0242796239826
92.243389547679,28.0843365178518,76.5446504943283,29.7509633918602
92.2483000978103,28.1869928489931,76.7230465414694,29.6956929333294
92.3232696353223,28.1387801199326,75.2562058663085,30.1051731538393
92.4440824582812,28.2755100537924,72.8600564666616,30.4676397535216
92.130966483944,28.2621073323003,81.8561040962177,26.9196051753095
92.5538057023019,28.210922833305,71.6121004726,31.1016148057555
92.4761389645883,28.1508134900666,72.8251683976144,30.7511008486238
92.9258746033955,28.4320168060223,66.6922775737987,32.6768437342875
92.8869820471063,28.3466904354481,67.9156451889721,32.5525692977493
92.8912124297976,28.4495086935115,67.01175317943,32.4748872275523
92.7085143473585,28.4378771927228,69.6018977981564,31.6368133925289
92.7819320044233,28.4010881396843,68.6938449148628,32.0065436923127
92.670018346305,28.4562063224935,69.907836565626,31.4885302625144
92.6710289640241,28.3556566805338,70.499623200123,31.5273340068964
92.5963207927083,28.3946660254501,71.1603851676275,31.1520856326181
92.7074776725688,28.5384316199588,69.5476520516658,31.6909348298579
92.8928100317412,28.6518686775388,67.6304890725924,32.5220591101002
92.3281102238023,28.2414699016556,75.0102844203816,29.9939251296636
92.0887387887145,28.2877020892922,83.0946756682408,26.781269959937
92.2106118351302,28.2118176956582,78.595862318293,28.7408829395423
92.01114372677,28.2402412212255,84.0961386882138,26.4788680477366
92.0917621928562,28.1867661760792,82.6813280733202,26.7511394948926
91.9683469674817,28.26747301412,85.1853484695801,26.3382459170486
91.971784896626,28.1663475183327,84.8606388852613,26.3107435065514
91.7252057772532,28.2405461649613,88.6825939422337,25.4549731611351
91.9691149511661,28.3693435021723,86.0016228346147,26.3994530211272
92.671671083551,28.5578671488483,70.4233753040986,31.5616297843593
92.2090816490749,28.4143360044551,81.8079466626263,27.2836119579368
92.3667710428959,28.3197525202516,74.0624078303369,30.1794360687809
92.3271428289599,28.4438384178007,76.5185401612229,29.7671908061867
92.4823731074323,28.3552181092896,72.4558058128286,30.665141899997
92.2469385852212,28.3894677218721,79.6663268926698,28.0786851909174
92.0128764464393,28.4438974771128,85.8011708285934,26.5993328509947
92.3645514749084,28.4204278587012,74.9955777901608,30.2263493079177
92.4436715149625,28.4777661463146,73.8456001118136,30.5831519176292
92.5585279761543,28.5159132795305,72.0950888199482,31.0740901693684
92.2141103176266,28.5169453758,81.8120178262704,27.7345316344824
92.5570138537325,28.4142457799486,71.3348801541511,31.0045197612208
92.4805588144563,28.4558153703305,72.8879912386069,30.7182720645083
92.8971351511863,28.7546664092622,68.3754599600865,32.6186054153768
93.5540826924297,28.9761964806427,61.0432249168403,35.4332801800584
93.2106588505172,28.7107162807279,65.268406569123,33.8494329951101
93.4197263493671,28.9293409054767,62.1812154739344,34.8592299416826
93.0352621992259,28.5857760009833,66.2348634531569,33.0512906234788
93.2128666404574,28.8125520804855,65.2103394808915,33.9355719712945
92.8909143578797,28.5501616923339,67.0984096211254,32.4426798754273
93.1054931891968,28.6550008202306,65.790719904954,33.3837445250588
93.0352736936544,28.686516323316,65.8404749100835,33.1231287827449
93.107602302459,28.7567890571187,65.7902311501659,33.4678481452026
93.5215415112176,28.9899403102265,61.6247898873722,35.31140678477
93.4525461947168,28.9151656045867,61.6281990795509,34.9790550772018
92.7830592616491,28.6033618489575,68.9053261707932,32.0448213344658
93.000943188173,28.70314601159,66.3979964271436,32.9974853715573
93.6181169276067,28.8480550535392,59.4317933914543,35.8504796101063
93.4513249502852,28.8139018700064,61.1558111891609,34.9092237228309
93.6503300228975,28.834603179257,59.2029745907774,36.0316172973481
93.5525862701188,28.8747698591374,60.2922054118353,35.4479286635783
93.6198959815563,28.9496666647306,60.384427192285,35.6748278590583
93.7525831062626,28.9997848177892,59.5538084922894,36.3744113632906
93.9152799543323,29.0384983988655,58.689053575998,37.2378782413451
93.8191789842085,29.0761608398419,59.7640036522264,36.5718569863487
93.9497946265648,29.1283101766031,59.2770408916539,37.2294478104612
93.7259142660467,29.2171968407751,61.0736552906868,36.3269921844712
93.7199054344424,29.0124493270909,59.9765975126202,36.1740095041212
93.622441659772,29.0517417291757,60.9577034516007,35.768828902975
94.0159187183346,29.2058326008039,59.5636041575023,37.3260294458692
93.9205708973913,29.2429528209771,60.0316210696496,37.1187710330239
93.4234619591072,29.0320542883297,63.1557942443564,34.9605688725773
93.8537621521453,29.165639123663,60.0181985150435,36.7857470601694
93.7579445923404,29.2041533255793,60.6924088451179,36.4432382120621
93.9523173027212,29.2304630426334,59.7718987525554,37.2328541996378
93.821868173231,29.1783741313985,60.3014728262695,36.6707381425616
93.7546067754393,29.1015606976886,60.2527713598347,36.3379318412942
93.7225250309257,29.1145918325207,60.5659252782176,36.2216111960058
93.6547414042547,29.0383724757677,60.6413560447268,35.8858651346401
93.3168636182667,28.8701552229078,64.6934220319038,34.3959371569567
93.217573983798,29.0162662905034,66.797546690817,34.0951957375675
93.2463580725638,28.7973181608712,64.9929477080402,34.058600959963
93.0416598026525,28.8910862019838,67.2941089647555,33.3049231511348
93.3500097119456,28.8554726775975,64.0843139146562,34.5189354146838
93.2168349403655,28.915319121519,65.9864013198213,34.0323880844855
93.1414960280972,28.7408992971083,65.4919091784112,33.5920593908105
93.0394281543055,28.7893123941127,66.5591591788575,33.2187697701405
93.5267693424,29.1940386798793,62.6267720292348,35.5030000299076
93.3538113500811,28.9582075989218,65.0896279210672,34.6170414932653
93.6259460923065,29.1543857889322,61.4164629548472,35.8741897673431
93.5576516287143,29.0788667554422,61.7578426988834,35.5352263966592
93.5251608664615,29.0926213040846,62.1306626691026,35.4176717389253
93.4562310934094,29.0178702991402,62.074437135775,35.0786725484938
93.9263800212237,29.4476370051307,60.8634418553171,37.3400133848689
93.9554208522389,29.3329735640465,60.1270702833234,37.3419561671833
94.0217742535905,29.4106784185481,60.5046703677767,37.5213720043481
94.0187361791501,29.3081957031734,60.049302167802,37.4017329913523
94.0563691507827,29.500859199946,60.698582019858,37.6958599905267
93.9237270438476,29.3454767576946,60.3662147454542,37.2287152523952
93.8598812091834,29.3705002886128,60.8564910114121,37.0015184300177
93.8569832195563,29.2681911065591,60.4031621507142,36.8932050198409
93.7607738848498,29.3063859635009,61.2410038859369,36.5504103500005
93.961025153523,29.5375074636488,60.9778296476075,37.5479953940763
93.9292536885901,29.5499177103789,61.3067353173403,37.4111980986006
94.0592556981349,29.6032061102028,61.2261645057063,37.7088533396471
93.9583844839348,29.4353612760594,60.4533181248118,37.4559167608264
93.8622703179544,29.4724511025109,61.1496395567486,37.0832170925019
93.6628180304035,29.3447424905294,62.1126603632344,36.1524304706697
93.8275433250163,29.3829039072534,61.1095633543426,36.886828605653
93.7280592900042,29.3189719684742,61.6250118310896,36.4274563548299
93.5619247891959,29.2823590924088,62.6543724300654,35.7033427319539
93.830347458938,29.4851080463017,61.7063233870557,36.9284859419201
94.0276125998148,29.6153987867699,61.2261645057063,37.7088533396471
93.6304793854009,29.3580386704893,62.6475552027405,36.0105969997623
93.4325418846385,29.4391520644744,67.6600242409856,35.3112356130224
93.4601437961473,29.2211262834518,63.4959250611799,35.216406891428
93.3573496934887,29.1612403097266,66.3985221350867,34.7678938169588
93.3563276909686,29.0601587335433,65.7305717360227,34.717487283451
93.219872198658,29.1180762423937,67.3129364497945,34.1536260411782
91.8926239052932,28.5285615306923,88.945423050815,26.2139566154345
92.8241580129669,28.8899547549383,70.6557405069254,32.3811172860373
93.2527024354356,29.0019687815647,66.428688308092,34.2507978070267
92.7128933734894,28.8433640737687,71.9865040269015,31.9010576091454
93.6278265703575,29.2559784192856,62.0378898672955,35.9748357686022
93.5603314824668,29.1809547487241,62.2113916417478,35.638323246517
93.2502761652964,28.9000798252337,65.5939163624398,34.155691081156
93.1455320121977,28.8436813213689,66.0386049613479,33.6874726539839
93.3217542155842,29.0739907727788,66.1750513698632,34.570403492506
93.3207150690987,28.9728981183292,65.5412866692885,34.497768065023
92.9339998638819,28.8389451469505,68.4230543723467,32.8329842954284
92.599923650723,28.80009975994,73.7412089509648,31.4126807357713
92.896897087947,28.8552743211105,69.1362616130136,32.6808051922484
92.131124009093,28.6681960364346,85.8544008200674,27.1358475425405
93.1482715186939,29.0463186726519,67.4745574282994,33.8233304747541
93.1478647957638,28.9455093317881,66.8165400077464,33.7841150159521
92.9337389474806,28.9395514660212,69.2123331483419,32.869385835287
93.0052480475063,28.9066462310972,67.9411304077495,33.1460964199226
92.486932569438,28.660156420389,74.4327635265572,30.869477529103
92.0103985175172,28.6467250681863,87.9673817282686,26.7003646722233
92.4899862947937,28.8633999278812,76.5646530741926,31.0073119897693
92.2126312063191,28.719362421268,84.5979439452184,27.4573838374893
92.898869236305,28.9569475653201,69.918800082171,32.7317444364487
92.7887553785993,28.9083438012705,71.5608400818028,32.2483593053678
92.2177325014171,28.821945421528,84.9812409829395,27.5561888717407
92.5618584143037,28.7191587067834,73.5887915824204,31.2125766370827
92.1362868732472,28.7707422719891,86.4651592850706,27.2295249647056
92.3687012119673,28.7253349870415,77.7253640002054,30.3803709266186
92.2115138155138,28.617665235676,82.8307539952714,27.7769020874135
91.6435609022735,28.609337130074,93.2337118980762,25.3729994312995
92.3708992174607,28.6247177321115,76.3762000753722,30.372636126138
92.6752724271635,28.7611390125681,71.9014144898776,31.7000310148665
92.2506182274842,28.6944746641663,83.5573071010774,27.5800968915494
92.3311603093021,28.7487726567837,80.361428332319,29.2915563285207
92.0917703090115,28.5929412582787,85.9122960577915,26.9562851944984
91.5204988327691,28.6048157130378,94.6018060418549,24.9390809207738
92.4851485327398,28.7606975520754,75.4876511612405,30.9160939574993
92.5634321327597,28.8207870221603,74.9290823434525,31.2703483991465
92.5632131504745,28.6186617296425,72.7933832735967,31.165069919527
92.2532400123387,28.5937376698946,80.3236279630695,28.7490923391741
92.3320605568393,28.5465032325458,76.5389758415158,30.1772333658627
92.0138699768453,28.5456346188129,86.9384154051333,26.6599730064071
92.3298876076554,28.6471076705923,78.9611506490034,29.2261909815454
92.3694240162312,28.5231108626229,75.7180005808038,30.3122105009026
92.7869091603025,28.8066955489561,70.417329818897,32.1835286665465
92.6762372418701,28.6606411194572,71.1378764583059,31.654411099183
92.8247764517706,28.789412578798,69.6881719741073,32.3449421725907
93.0051477635784,28.8059423918623,67.1496329642416,33.0918876947928
93.1121144143312,28.9603916117775,67.2542880520134,33.6392176593658
93.1116879859646,28.8595747770539,66.4152474676611,33.5650492260167
92.6013029434592,28.6995966079457,72.7441525413887,31.3689127919594
92.7119942396024,28.6412156126373,70.4359731594542,31.7866666487589
92.7138833780955,28.7428609808918,71.0772164294975,31.857852780437
92.7875043126675,28.7061536937026,69.6807361526035,32.1388551773656
92.5949026857423,28.4952231460459,71.1968786234988,31.2089741214462
92.5995401978932,28.5979829796077,72.1413191568904,31.2972203515919
92.81836750143,28.5849387759552,68.1275672444942,32.1773646425527
92.8227633728299,28.6877356437252,68.9574777205079,32.2664136181769
92.9275991407197,28.6344221570639,66.8770656313849,32.6519672201487
92.9318741382427,28.7372227239608,67.7339354040827,32.7445402047578
92.089659063964,28.3895113573729,84.0239012248368,26.8413862377293
92.1341708960548,28.5673000184391,84.7990711143729,27.0974205607679
92.0076810663197,28.3413863064359,85.178510079639,26.5202229066669
91.9743492676638,28.4718310650166,86.9060066303581,26.4807678602331
92.2519235494393,28.4920991311114,80.8789817910004,27.845329476584
92.0947932200985,28.492061836006,84.7971327665279,26.9179543664198
92.1279177814737,28.363060750193,82.9732575838228,26.9635512586483
92.1330109616215,28.4656328597148,83.7954917497798,27.0423095320999
91.2799293158345,28.3997865196833,95.2207162052713,23.9654439706968
91.4806236915294,28.3316224540611,92.76834563992,24.6356834699138
91.3635881357915,28.4330674080494,94.8170001218126,24.2844652811688
91.8903675561877,28.2229525318342,86.0633580268193,26.0374953065946
91.3579190996499,28.3308230333271,93.8672529149664,24.2001211605287
91.11838462259,28.4380505750779,99.3588418689136,23.4176250965516
90.9958548657847,28.4428569934185,100.173290972991,22.9914228824913
90.8664549832025,28.5514453566886,101.95101004005,22.6022063385434
90.6672373226286,28.4252469996385,98.3719852998167,21.8181710571088
90.6208105616706,28.5645157817963,98.8904908407355,21.7535711109807
90.538547367294,28.3296466725928,97.9693682294297,21.2947745006277
90.0532413545889,28.5587975769924,97.8616135635399,19.7753440400485
90.4159733710524,28.3361667730796,97.6232489718467,20.8673123381522
90.0159581861234,28.4920113923306,97.2512652472256,19.5878378228165
91.4027922088921,28.5011334305875,94.9324848260451,24.4628299796519
91.4025852903502,28.3989527240428,94.1988997946111,24.4004310332659
90.6284661298795,28.461539443725,98.4499993905392,21.7084300069086
90.2986573149844,28.5473453625558,98.844956711854,20.6192733344377
90.8733693477714,28.4486086037411,100.804006511274,22.5607176480166
90.6665773044874,28.5278347096944,98.5349363248898,21.8864936790396
91.525579190169,28.5027906695751,93.677181304597,24.8976740422813
91.4862110680728,28.4339006120707,93.5458094261441,24.716116860269
91.6040846955965,28.5394552928621,93.0942623885387,25.1955267604534
91.6087553316449,28.437680252142,92.1527504931511,25.1549030996691
91.6482537886289,28.5075474027961,92.2659210174276,25.3355390733804
91.6477420658124,28.4055629410278,91.3872191381769,25.2757734028225
91.85302968894,28.4562281124656,88.8168633739544,26.0362508287848
91.76999703255,28.4141237857297,89.8588072910387,25.7158247822907
91.72681367959,28.5464957485956,91.603363828312,25.6356798336795
91.3973333288936,28.6033689365117,95.7633574381201,24.5042312108557
91.4811532684908,28.5359113174497,94.3991010341665,24.7589371144373
91.0279293585516,28.6122168604434,101.663123395689,23.2193980337166
91.7706655697679,28.5160254708366,90.7480885545907,25.7769928546697
91.9716948235617,28.6747327334707,88.8189064138068,26.5760962618985
91.6044036907021,28.6415748739575,94.0805624659452,25.2616448347839
91.8491643728162,28.557522760314,89.9054638981051,26.0736100236094
91.3581524452702,28.5352923910985,95.656487953601,24.322760107507
91.1510162178856,28.6075995777064,100.526905881409,23.6457476191411
91.7272877537667,28.6485080853848,92.569220844379,25.6983763502128
91.8887359985928,28.6298728036895,89.8214614151815,26.2575037302227
91.1568516914345,28.7098035468286,101.45443557659,23.7560844821916
91.358172333566,28.6375858956802,96.7193022885479,24.3958724551171
91.033842543624,28.7144165590031,102.501598820311,23.3323275313666
91.2741567832637,28.6044941677658,97.6280836945731,24.0744147250118
91.0345013851644,28.5094848196158,100.478068643806,23.1690128553604
90.7818839894839,28.6241776806364,99.6817267734802,22.3711841330383
91.2350306525265,28.6394136607426,99.393332669305,23.9669524796873
91.2351576462404,28.5370479238953,98.0241576806864,23.887662856429
90.9118317937908,28.5150285924753,101.374457960185,22.740970945729
90.7429182317364,28.6604455579573,100.911879578627,22.2690959716106
91.1119344264794,28.6430772034037,101.282005390974,23.5399433785227
91.1122069844557,28.5406370908954,100.31046374462,23.4645522571516
90.743628567193,28.5578605751637,99.6578402986676,22.183476925617
90.6588919248421,28.6308121315513,100.40452816869,21.9480810141015
90.7897124227735,28.4187071086276,100.866166954282,22.2452428064808
90.7891966997554,28.5212554811578,100.55919102433,22.3178008796644
90.5060136341211,28.4681652254491,99.0305500845303,21.2857950079507
90.3835427313511,28.4746344685317,98.7967699012198,20.8568694193473
90.1293608236817,28.5896136044699,99.1744477350888,20.0673461525274
90.4979849219776,28.5711749451621,99.2229690418305,21.3314544173029
89.7585656053485,28.7070512813029,98.1753579193098,20.4452969777493
90.0436724223461,28.6617664842302,99.2609622854838,19.8468634039398
90.1279079962026,28.6922473970232,100.000061225449,20.1704765091394
90.175964994257,28.5532756316174,99.0293245414261,20.1919086006464
90.2509626346092,28.6864692570813,100.430433512966,20.5891003021377
90.4969796757759,28.6738067527464,101.123268553278,21.4273629279591
90.1667745512549,28.6562751875993,100.193321339539,20.2654445808652
90.2522657404234,28.583828602858,99.1095797624549,20.4875926859778
90.0502145517465,28.7640470465314,99.1648481252291,19.9851864845807
90.4128837769617,28.6440769844384,100.110330999071,21.1065178851088
90.2573732699545,28.7887381294792,99.4231049650565,20.7257889928254
90.5358963597985,28.6375105612473,100.502764901865,21.5268908006714
89.1813993350269,28.6923090423181,95.1312822472922,23.258857692695
89.145362787872,28.625448205466,94.7399195881796,23.1530390231058
89.6374615776739,28.6087581713617,95.7925950793948,24.4326112910861
89.4278049837166,28.6839506751336,95.5422309985021,23.898773306587
89.3045995668,28.6880190669373,95.3191147546534,23.5787844877833
89.316439071488,28.5852804928809,94.8808334426259,23.5922591865988
89.4392667679244,28.5811855440961,95.1962801177705,23.9120383885288
89.5122335389495,28.7153350201547,96.0092980151499,24.1244369851834
89.5144401170851,28.6128466160023,95.5668513591114,24.1126214360207
89.4028332260551,28.5141429824616,94.6126039715307,23.8149916555424
89.1936158210008,28.5895807052051,94.604516303605,23.2727206181015
89.2801816143076,28.518316609366,94.3049951855821,23.4981380668483
89.684907635819,28.5729834670847,95.8861328226077,23.4064888539988
89.5510080748378,28.6799352366855,95.8834511825878,24.2187421295479
89.5620917121727,28.5771339917315,95.404999926681,24.2315418079931
89.6481283266528,28.505929387581,95.677707530235,20.5999627600131
89.2683834801228,28.6210298308956,94.9140889515066,23.4728353003556
89.3187265926216,28.482876632888,94.1400431343018,23.5995966254252
89.7604700938256,28.6044873048377,96.6958763572739,21.6886255531364
89.7707591514081,28.50160997094,96.3727118797956,18.7419874547351
89.8077081949591,28.568602807766,97.0022525385508,19.2750038536112
89.8933707363341,28.4969934173579,96.7639414544484,19.1650416324544
89.8834594176655,28.5999165516098,97.765911003223,19.2252526988376
90.1385170178876,28.4866171919184,98.3179331851174,20.0127946627434
90.375139326829,28.5776567119427,98.9848147866475,20.9089467103281
90.4222701786301,28.4384181319905,98.7401372528489,20.9661278096924
90.2610451211846,28.4808123619251,98.7919907070643,20.4372164616987
90.1772100278137,28.4506341455208,98.5052755639857,20.1170088731389
89.886720001857,28.3947131417881,96.5850093701713,19.0523928929785
89.9320291906718,28.4612845298978,96.6959876343747,19.2688099200842
90.054634296309,28.4561658948073,97.1756409966246,19.692545700156
89.6867468973934,28.470437096865,95.829977824947,18.6564058171853
90.1320287957364,28.3843377092974,97.7199566711195,19.9045761254774
90.0480897959388,28.3538823635306,97.1954994412857,19.5840809216141
89.9254030128584,28.3590016100173,96.7067380002336,19.1574948359796
89.5640801872887,28.474629612748,94.7892999504807,24.2418052791558
89.8026910305422,28.3637461931553,96.1373795863807,18.7307814445567
89.5572122392095,28.3724133148436,94.2200770153557,24.227552785795
89.5185938318571,28.4078620146234,94.2420366499739,24.1255919691655
89.5254842841055,28.5100628714502,94.8183960228164,24.1390566863843
89.3117004614438,28.3807759519287,93.4922902268897,23.5861242148606
89.0733927250832,28.4919596837551,93.983703113059,22.9568015090885
89.1889489573919,28.3852097230445,93.3447775956721,23.263899704106
89.0277074388534,28.4257142992622,93.5591675364497,22.838412200176
89.4344573010569,28.3765631727495,93.7501452517035,23.9056633915303
89.4414046766284,28.4787295112461,94.3671878534586,23.9197971782438
89.9351952023032,28.2560670783124,96.067428541122,19.1056372430739
89.7640279486972,28.3993432534934,96.0127028042433,18.6278061287899
89.8883901639956,28.2921116342233,96.0883804949884,18.9715751946462
89.6799589753522,28.3681856681981,95.5568536134085,18.3046312216443
89.2731344081285,28.4162417115223,93.6915478704324,23.4817673648417
89.3233414911723,28.2779815976988,92.9078695936586,23.611608275617
89.1504125469247,28.4207582741205,93.5574812991225,23.1622203422639
89.2009583221053,28.2824160418792,92.8064017867316,23.2906934319268
89.5681146594214,28.2695794400899,94.2992721312487,19.5975597164662
89.6469457851215,28.0960356526012,93.8474467570431,17.9686262467683
89.8128534613246,28.2608466087274,95.5721808569029,18.6783169627514
89.8981456112026,28.1891836919782,95.6072648407448,18.9234738206629
90.3020576502441,28.2394279310059,96.7686261693376,20.3911144035815
90.3802828761667,28.0644762921568,95.5264869607956,20.571292383688
90.4251848103331,28.1305256592167,96.8431728227566,20.7567704747754
90.1797996621765,28.2453648208343,96.7883066950047,19.9622902260174
90.3783144604245,28.2697431277242,97.0749563067519,20.684543519774
90.4997722705693,28.3659242080323,98.1813747226688,21.1847492752164
90.2558775478567,28.2759063671077,96.889224321066,20.2544674022898
90.3772187998347,28.3723783980388,97.8533561486261,20.7584369461033
90.1707477021687,28.3483571830399,97.5370026650299,20.0111922528871
90.2546388633681,28.3785428508036,97.8378744110543,20.3314600114102
90.00938844787,28.3897274952449,96.9328120056803,19.4777082587106
90.0109144940558,28.28710892283,96.5763230473458,19.398096968791
90.293375182645,28.3424359890402,97.5087047550236,20.4389782193878
90.2997549140564,28.4447016007078,98.6652519580555,20.5404450213683
90.8673753702494,28.3464031029748,99.8119217485338,22.4708154009928
90.9122040484695,28.4125341268767,100.26567034055,22.6725912438161
90.9062389667424,28.3103296422921,99.2704360635051,22.5833039913784
91.4023483855132,28.1944385063538,92.2393883159056,24.2768824812956
90.9899426378182,28.3406537610192,99.0157414022336,22.8998396800557
91.0347300696344,28.4070500186512,99.5788227472804,23.104471790294
91.1515028358053,28.300439982388,97.5787713132578,23.4467447931427
91.1573041576582,28.4026514194765,98.7388054275351,23.5339796438924
91.5252224390658,28.400695629585,92.8318452069081,24.8363068818026
91.6422706603607,28.3032241791014,90.5040695122372,25.1937397468007
91.6029351925165,28.2332135937593,90.3121195292792,25.0143172185063
91.7256695921956,28.3425904273423,89.7746850559763,25.5150014116964
91.886498753381,28.3243142671054,87.002716593592,26.0772537043204
91.8917911935126,28.4267628809484,87.8094255331006,26.1577957466662
91.7646131153447,28.3117318984032,88.8212642828692,25.6350944162478
91.8477008837765,28.35380016821,87.8284006475404,25.955908510182
91.5196665848288,28.2984024072949,92.0467232055173,24.7540337142061
91.6032511208315,28.335358446183,91.286640182843,25.0744507910848
91.2353268639533,28.2300299502197,94.7964989287827,23.7022131630303
91.27420933695,28.2975580845794,94.4409276987636,23.8810453809778
91.1128041569615,28.2333982189423,97.0887908672716,23.2671331349077
91.235216082036,28.3324070340418,95.8050137220389,23.7642244244109
91.2410686686368,28.1275955612645,94.1360049040086,23.6698632303913
90.8679053568366,28.2438575631487,98.6616932148145,22.402445496997
91.0288470746218,28.3048458225024,98.3491998867178,23.013794966637
91.1125537044313,28.3358430209068,98.1253758195879,23.3311871331491
90.8747294793068,28.1410247332491,97.5520827267411,22.3686121447497
90.623118885929,28.2567050370943,97.463294282868,21.5419027080519
90.661106723463,28.3230246635929,98.8451985440836,21.7233553108715
90.7448364184909,28.3527259013196,99.7076276504486,22.0409414651543
91.2799758945809,28.1951143476884,93.4920497054943,23.8411911146005
91.3578892118949,28.2285148821724,92.9953111795435,24.1374179653755
91.4799192746824,28.0250651938725,90.387538527617,24.5349343146313
91.5243425252996,28.0942282224277,90.4253984845991,24.6785003655396
91.6464207003257,28.099381520854,89.22570819685,25.118683945508
91.5246982428753,28.1963465394658,91.0008640706884,24.7153387037924
91.76289934547,28.0057916041688,87.155934239292,25.6189322273164
91.6075655683611,28.1314016474221,89.7707016246855,24.9896570254478
91.7682265533813,28.1082031557678,87.5340151134442,25.5602791786243
91.6469243083544,28.2013960440275,89.459715961934,25.1546997243356
91.8456635174581,28.0480419706624,86.4470914105946,25.8889822767913
91.7294494216755,28.1389689097872,88.1365289293628,25.4308191968229
91.850932667108,28.1504910986935,86.6435150683099,25.8727628439004
91.7688801258245,28.2101368013045,87.7281718399752,25.5952663375323
91.7187381299301,27.9341821602296,87.4294245626232,25.4451128378757
91.6410017180076,27.9970247712254,88.6475195095857,25.1722834232245
91.3965416818926,27.9899696272537,90.9525002736132,24.2629249925895
91.5188347601435,27.9919200705805,89.963895019347,24.6987553815497
91.3576401592843,28.0240123302621,91.5404919860974,24.1135577343806
91.363266682902,28.1262679440331,92.0867440960156,24.1103487798585
91.2353572021462,28.0253656684846,92.4089720821556,23.6260571332001
91.2799043124966,28.0928230116279,92.9734251042726,23.7999757472546
91.1131109573329,28.0285912214031,94.8430965397781,23.2101047173853
91.1576991243897,28.0954740053597,95.1515417203088,23.3612072289354
90.9909146747001,28.0332190951692,95.7356381725895,22.7663098670033
91.1189072468407,28.1308047654539,95.946810785669,23.236772429844
90.7913604691183,28.1110368332791,97.6244203031089,22.0558630596644
91.0355424387812,28.099674804477,96.20664836844,22.9250413381986
90.0457404589811,27.9437106536707,93.4239210304322,19.4086936168652
90.0137300098905,28.0818590227849,94.9967913862699,19.2719350233734
90.135943072035,28.0764348228262,95.0377396235269,19.7061102476941
90.2645263678341,28.1728998243834,96.7279325022716,20.211757581843
90.0588329168934,28.1482849654491,96.0277584192341,19.4642904269275
90.1424281788759,28.1787161835883,96.4438874147849,19.7823301905093
90.3030959088461,28.136789345523,96.5944348121174,20.3251503704135
90.3865956041412,28.166732425156,97.11678454271,20.6415810365659
90.9130911102966,28.2074932343116,98.0305387239459,22.5408878467199
90.913433874606,28.1049976187645,96.9998170703328,22.4902785737961
90.9903328005806,28.2381549737665,97.934349949018,22.8349571342305
90.9967961592169,28.1354265055962,96.7878615662664,22.8021689280327
89.7658425709015,28.2967665781604,95.565618081434,18.5425288610518
89.7759672376495,28.1938761293683,95.0479634017913,18.4948883945616
89.6432764030158,28.3011402513983,94.6728294670637,20.3807181904576
89.6922400649795,28.1627600962883,94.5262318475686,18.1737517543254
89.3255192850521,28.1755406304191,92.1305297505784,23.6155918205228
89.1529510153456,28.3183551648728,92.9750854685068,23.1667029486447
89.2032795569545,28.1800214074548,91.9508492124658,23.294955334384
89.0785882443635,28.2872245308857,92.7655445047365,22.9700396893443
89.5246525261718,28.1003118822716,92.7757782855298,20.8033274522302
89.6537702279797,28.1982885794046,94.4885201868851,18.0656296194023
89.0354899880328,28.1186495880038,91.4675356097097,22.8550792852568
88.9588485533696,28.1902466251044,91.7681693574078,22.6531040383347
88.9132415839168,28.1242866382551,91.3512404937334,22.5336979303025
88.8366747007648,28.1962372868187,92.1671060836018,22.3327542426482
89.4477637497213,28.1712679607357,92.7064435549858,22.1293805038153
89.5315604245252,28.2025286860819,93.801398807914,19.5788993488643
89.2871275520568,28.2110314529563,92.2639458883853,23.5151632477101
89.2800547413179,28.1089330993447,91.6921170892789,23.4985683933621
88.8219083752314,27.9927183106042,91.3006935183968,22.3906525554345
88.8293010231397,28.0944781442331,91.497449206405,22.3137893471082
88.4627721516209,28.1166480578179,91.7931224533331,21.3492501087233
88.7070849577262,28.1012356980232,91.5531408023379,21.9922294606555
88.5467169105101,28.1451252665023,91.6338556286128,21.5699616530216
88.798420372713,28.2322921902102,92.4031925858058,22.2330990626605
88.3025479088007,28.16185535295,93.1800507907892,20.9277527668913
88.3483715186685,28.2266813184187,93.5820700111164,21.0506032636646
88.2185708208634,28.1338228552565,93.2524659972233,20.7088166630458
88.1043779874524,28.2444514336406,94.8334302848465,20.409721918263
87.8142376307039,28.1969791447481,95.3675410961587,19.6439726170753
88.0663512149555,28.2814073747549,95.2163611950418,20.3121652379984
88.1804885661752,28.1706695747728,93.7737475020381,20.6073263312588
88.1726375598784,28.0689759496912,92.7777554549565,20.6015425209499
87.5699162420535,28.2133267950234,96.2737062125723,19.0022020679661
87.9363459841056,28.1883702594746,94.894124852947,19.9648744852588
87.616207863348,28.2793224026833,96.7897585979039,19.1290690415653
87.9743704138681,28.1514529993293,94.4504275650305,20.0656401456876
87.860349910479,28.2622928501002,95.8566919490393,19.7692720898338
88.0584261987405,28.179561529867,94.3677650478729,20.2857235871791
87.9443770304887,28.2904312555265,95.7479414438621,19.9927081703809
87.9823749091242,28.2534347325609,95.3533023135005,20.0899555922127
88.584909633189,28.1086518776801,91.6234539085215,21.6705794534932
88.4703916233182,28.2182197723833,92.7624824978638,21.371017724335
88.7910266079873,28.1305648894437,91.4895244886629,22.2125007195247
88.7145387683522,28.2029055452003,92.0938654404256,22.0116541351752
88.668851252245,28.1375215073266,91.3494327116136,21.8909600756839
88.5542723523772,28.2467127948372,93.086489362216,21.5920016143379
88.8339232094274,28.2985115329001,93.0275960715035,22.3293815600478
88.9562404296088,28.2925570502055,92.8491789227047,22.6496258656705
88.4181103793508,28.3579297072431,94.1805342747502,21.2423635651641
88.4322596678364,28.2548555135272,93.2648593766583,21.2722519257836
88.4672186396258,28.3205117151352,93.8098323783785,21.3689423227048
88.5894099882267,28.3125104527777,93.4169780535514,21.6884529191884
88.540481879917,28.3496773790776,93.8128634178478,21.5634649719344
88.907855947525,28.3289067364424,93.0957171796711,22.525177778858
88.7853551731893,28.3351220837176,93.2331652232787,22.2039639262663
88.9050277015591,28.431235979907,93.6262437883757,22.5168579158379
88.4530197788777,28.4235931050427,94.6199207843639,21.3348675835575
88.5372243286785,28.4519872286441,94.5019152688833,21.5579638688161
88.6981697627049,28.4080691612755,93.5176279974478,21.9763824259928
88.7823824814718,28.4374247962679,93.6232233664593,22.1985081552914
88.3450640317659,28.3290481198333,94.3210895022106,21.0482607181622
88.1697951561075,28.4783455427775,96.1250695985294,20.5989985902081
88.1008146898047,28.3471048103464,95.7466318306995,20.4086815249452
88.0855522179677,28.4506732191024,96.6532637022987,20.3765548579907
88.051145333471,28.3850108637574,96.1923987466509,20.282576724942
87.8486551285671,28.571854238481,98.552989985856,19.7613898255541
88.1734559429577,28.3757549630555,95.6013336691084,20.6024293680626
88.1883131438574,28.27236407378,94.6295022763952,20.6320962423655
87.7003532477609,28.3079978716592,96.7066804200026,19.3528877393271
87.80648721016,28.4034736996084,97.3141033082013,19.6428678504936
88.2229341787961,28.3379663329003,95.1485765325888,20.7285435229539
88.2263718961022,28.2354804407775,94.2363660470003,20.7301409651171
87.612186256725,28.3831774086644,97.737182202586,19.1306543943605
87.6841227552661,28.4125010892456,97.5208642670609,19.3233380308769
88.2957727547808,28.3666749157352,94.9585506513494,20.9214830482411
88.3102777349075,28.2634597082525,93.9714937415411,20.9521741098276
87.2454319458057,28.4082891599787,99.2228753183996,18.172423073624
87.2119437458371,28.3403346280677,98.7448250622569,18.0740958878767
87.1231466028938,28.4164902222902,99.8979566060898,17.8526182102309
87.4393058914679,28.4299391579113,98.7746910994118,18.6842543217904
87.1140513959001,28.628785343633,101.769376066711,17.8617758207378
87.2278254267541,28.5146496470691,100.45218023829,18.1416108487063
87.0008628180477,28.4248175726765,100.423503761873,17.5338866118352
87.1943995537971,28.4468238824274,99.7610202523762,18.0450768640297
86.9447805556448,28.5710460233832,102.58144923114,17.4098035952556
86.9916038965289,28.6385228511689,102.767664416604,17.5450117937493
87.3504202648136,28.5058358292487,99.8124717671043,18.4630222311259
86.5869592893756,28.7110273393474,105.582316530947,16.514598178603
86.7563596247989,28.4424989962915,101.979289081092,16.8958888000098
86.8600634579653,28.5419840511902,102.289333664805,17.1885464633838
86.216448309416,28.5329725653935,105.640818327728,15.5054546946821
86.2487122288081,28.6029783795825,105.938842395793,15.6099140732769
86.0262840098516,28.5242052126328,105.723119301174,15.0053258019313
86.2114887758771,28.6452488070392,105.932718589601,15.52660062332
86.5774658452307,28.6026649551546,104.421889156564,16.4650433531221
86.8270420777625,28.4729767368398,101.789287503262,17.0874950748866
86.7375421819766,28.55197273901,102.994773376586,16.8700096924773
86.8222757150797,28.5808723801757,102.760284349995,17.0970945483356
86.1150502987288,28.4354626007279,104.322285700544,15.212814409711
86.4601642297026,28.5046994272833,104.334751447305,16.1345735679402
86.2685037962112,28.4892267408663,105.117192621639,15.6292698097531
86.7234166970697,28.3729770273688,101.337667172625,16.7957531598236
86.5169038343379,28.3532111083804,102.513351169356,16.2504505673896
86.6341858726936,28.4522922997016,102.587779741211,16.5778293650528
86.1049606564849,28.3248698320622,103.742434262318,15.1671028095486
85.9944342521964,28.4546567104575,104.855414486788,14.9015161642568
86.4698550489935,28.2842482905989,101.799773336091,16.1235144924641
86.3576987336541,28.4051341110134,103.883342933377,15.8421212069721
86.3901917684778,28.4752800945002,104.569952023314,15.944173886183
86.6013852597678,28.3824769126931,102.289149780451,16.4769351194203
86.5121123899154,28.4631081335294,103.49736868436,16.2602046308011
86.5823485017948,28.4930688084131,103.347887332619,16.4512807444929
86.8455125208072,28.3642485405765,100.631707443279,17.1153303710637
86.8363558176706,28.2575997545753,99.5339785008519,17.0762534256703
86.9676449133579,28.3560361487405,100.031620522446,17.4341795869921
86.8785927243471,28.4334066320903,101.072990188982,17.214490980644
87.0053715781676,28.3181420815961,99.4500930853987,17.5278439933252
87.0897941279573,28.3481285515373,99.2996224242518,17.7540744211897
87.4940857714142,28.2874159491156,97.2245513315485,18.8091067307449
87.5782935417096,28.3164158117485,97.2528182802598,19.0334563331636
87.3340830159858,28.3325238303071,98.1784666163858,18.3936619244177
87.3633416718858,28.1913638218233,96.7636421470135,18.4569535467915
86.9586265147221,28.2500895958778,98.9002851123837,17.3968514807097
86.9495908388403,28.1441425466384,98.757067163592,17.3786867015661
87.2410394789239,28.1984686084982,97.2477079808626,18.1355444354036
87.3254577591681,28.228446928166,97.2276745834233,18.3600697275391
86.2634972159146,28.2676823692979,102.788459945283,15.5888821659022
86.3381718732245,28.1861381763891,102.563939682324,15.7950001589613
86.2262615206176,28.3090139498552,103.052572212197,15.482416247957
86.2163389145096,28.198913258063,103.288817930317,15.476345199481
86.3479334764899,28.2956365620523,102.68170345398,15.8008263437631
86.273369641634,28.3775910591009,104.156239016948,15.6151613521398
85.7811339979204,28.3456542867451,104.790226760878,14.3396743937006
85.6371917908672,28.5315579409577,105.317024516553,13.9904430272277
85.5093927113068,28.4524829962941,104.501295273834,13.6305579823
85.4989532555275,28.3418548548848,104.380868198932,13.6261672870122
85.5449241498621,28.4046517449852,104.651012813928,13.7373861251305
85.5553781612899,28.5153967161421,104.932468927849,13.7712708710193
85.392858504076,28.4866801047886,104.361856911491,13.336349617463
85.4032454257212,28.5969166965466,104.651305584653,13.4050555608094
85.6267290035068,28.4206230371163,104.74192958775,13.9375615297275
85.5198372366911,28.5631146828936,105.026545684321,13.695392790244
85.9109632305851,28.4322057523464,105.190670248308,14.6770138079526
85.9841979969528,28.3437175574573,104.453836874848,14.8641082182984
85.8745107895193,28.4770590426176,105.532666183625,14.5937690599235
85.8641554342241,28.3659459909136,104.840899499193,14.5436345778739
85.6680200792569,28.5993358144755,104.865960586979,14.096348844946
85.6730119218387,28.4846152758631,105.108907775612,14.0687606875327
85.1615899875556,28.5600031697936,103.066938429994,18.9163320977529
85.2068339077197,28.6204291954682,103.40575279,18.5175510198413
85.0465259075448,28.5981997296501,102.875189881521,18.7704096360124
85.0566355020289,28.7070677385975,103.260886884375,18.7635385710689
84.9416705139229,28.7453708630033,103.063614669483,18.6182808127795
84.9766245677864,28.6963587590055,102.969555035284,18.6689292041877
84.8617551699148,28.735026443242,102.7508864605,18.5235726048333
84.6221430196692,28.7051694384121,102.286532251727,18.2466584274488
84.9316490180824,28.636934328825,102.658337777559,18.6250842842719
84.8517855335819,28.6268584024061,102.488127718396,18.5305218512416
85.3120978145391,28.4738596605313,104.295501858444,13.1205916675848
85.3224297470442,28.5838017568203,104.729564639998,13.1887969864226
85.2666843854162,28.412906601507,104.180859587916,13.0408668448962
85.1965956536684,28.5109488927664,103.333410085029,17.2843065071425
84.8168456907079,28.6759384421649,102.509448711558,18.4794406875788
84.8069011908709,28.5678999571574,102.1259201234,18.5274958886522
84.7020272876934,28.715007752176,102.467393370444,18.3340207853568
84.6921352353762,28.6073180618935,102.050976398657,18.3735012805104
84.2413512834837,28.8690422922303,102.737048410996,17.7518430136878
84.1708625776214,28.96523339875,103.266936428355,17.6521087664296
84.1609252331677,28.8585133308809,102.7590799357,17.656215281998
84.0550299049276,29.0023365906406,103.575482703788,17.5066527349517
84.1156797691037,28.7998379167031,102.527858134262,17.618139672195
83.9288570124035,28.9323131760478,103.417425563085,17.3638395586137
83.6498750947105,28.9444855501021,104.007038535507,17.0291952762292
83.5683367893578,28.9320955645158,104.062228006371,16.9552295604029
83.4262055188323,29.1207936163567,105.522218099864,16.7292689552644
83.5327823295624,28.9792744168672,104.379481249185,16.8918079120413
83.4369293666032,29.2279970462575,105.91251352551,16.7294274878993
83.7769826774236,29.0158742746953,104.06776756782,17.1679600220726
83.4723772624859,29.1807314841809,105.543032522379,16.7777890170762
83.7060921932674,29.1107185924281,104.628218138149,17.0694516718247
83.6957521988931,29.0039523678295,104.165305460761,17.0712651048643
83.5893289965397,29.1459164003804,105.067360920629,16.9238149563093
84.0096772153673,28.9435048989931,103.375840895767,17.4600213771436
83.9389551465655,29.0389520215857,103.866007964264,17.360933612087
84.0450224000485,28.8956826082158,103.089488533225,17.5100060456318
84.0197111675479,29.0501499442952,103.835490838581,17.4572441927354
84.4720639406261,28.7926957668133,102.65363261901,18.0432275588245
84.401829100013,28.8896602858239,102.85080645124,17.9428407562288
84.5071475686205,28.7440751707112,102.494914312072,18.0935970110772
84.5170018474511,28.8512945344139,102.862625690255,18.0881524703122
84.8552257768617,28.8486747449112,103.297180439122,18.4972716809858
84.8267944920563,28.7839812244756,102.910772399013,18.473262081454
84.6881711274525,28.941609919364,103.382103673482,18.2805075861662
84.7119228892205,28.8227018591611,102.867728434967,18.3283183895026
84.1629222441682,29.0777083456654,103.779999151656,17.6268181041271
84.2512528686108,28.975835959182,103.219576678567,17.7478674793647
84.1095473522748,29.1314305747124,104.097215433963,17.5552845326943
84.1355976699455,29.0132210216438,103.542408021958,17.6025798945961
83.8767187551923,29.2047667349357,104.76632296743,17.2646371346018
83.9035849452601,29.0865945801427,104.119171177489,17.3116173531629
83.6430629736798,29.2764645752376,105.535253460741,16.9736910787732
83.7872306675315,29.1225759467037,104.564982635779,17.166183814291
83.5807122625082,29.258614067289,105.615463272769,16.9001145055509
83.6706546828139,29.1581021665053,104.913886833301,17.0207099151241
83.5259663574004,29.311789458646,106.037367529967,16.8282348504137
83.5538789227359,29.1932221659025,105.403567545813,16.8751037232383
83.6975655824705,29.2232544674682,105.17299460757,17.0455644608291
83.5527448367194,29.3771629491022,106.28663680649,16.8443117800391
83.7599891727422,29.240810765431,105.098447595837,17.1190887227757
83.634361584631,29.3891261207955,106.096512116007,16.9395288540236
84.0204077167382,29.2329352932932,104.684119455368,17.4277094778926
83.9932426723403,29.1683157150443,104.420992979053,17.4100008541796
84.2787126127908,29.040240788305,103.478916247893,17.7721461558962
84.1368394906562,29.1959433137267,104.470586147425,17.5707347525035
84.3337446628936,29.1690846775319,104.333101825966,17.8102061504444
84.3415196396252,29.0564324627401,103.546907365429,17.8459534323315
84.7401134057509,28.8872300724335,103.284141671135,18.3521381285623
84.4849814623371,29.08281794518,103.669290430168,18.0150508956934
84.5727512619562,28.9800879822574,103.418147774747,18.1352531606661
84.4496627283324,29.131211478724,103.95515994255,17.9559187786467
85.0280810714925,28.9406214394297,103.89794725806,18.6835941420614
85.9693983939997,28.6846354633484,106.069128618217,14.912316881228
85.4332939943263,28.6634751558934,104.53635862708,13.5121936523453
85.1439678557926,28.9032949883802,104.000724075576,18.8290830909893
85.2011185607767,28.7349214261022,103.586475285723,18.9327803817249
85.0633124900888,28.8918239236376,103.920272775506,18.7415388618936
85.0343120735941,28.8265071561035,103.679441473336,18.7166147461045
84.8319533030493,28.9678521394894,103.647689602656,18.4499475528416
84.9703705097379,28.8102949607016,103.490198233748,18.6422284375792
85.1717966635739,28.669328669355,103.329199740398,18.9086995189701
85.0856314283489,28.7722880489893,103.585779815955,18.7874238618445
85.1499187647051,28.7888768736004,103.662985486179,18.8620909757373
84.8035243338327,28.9030779846702,103.416880670237,18.4264422947742
84.7163546895286,29.0062094633491,103.541697130079,18.3005220414545
85.7866131402034,28.5711724199187,104.636991447446,14.3949160495812
85.7554074070654,28.5027439508747,105.412923013425,14.2901640833997
85.9743541782134,28.570797584955,106.353900649231,14.8851686172573
86.1471558586314,28.5053935516643,105.121771914506,15.3162670987341
85.7350367386372,28.6208259730084,104.685241737742,14.2788457305802
85.5294748716983,28.7495772652195,104.61777992316,13.8018523840825
85.8493231180843,28.7086647470495,104.995255992789,14.6111301276452
86.0951244210417,28.5504672139721,106.197372186507,15.1931283284403
85.6166375403624,28.6503301360034,104.251910630678,13.9826351303042
85.2955008324207,28.818206340699,104.016237737554,19.0326572768869
85.4990395276567,28.6823422196027,104.277491965886,13.6907462609335
85.2601336229892,28.8667525059858,104.184493576433,18.9758181369873
85.8858096167125,28.663289391134,104.842164289022,14.686627189875
86.1271845932151,28.6203207479716,106.481641972895,15.2989883573408
85.3821440712265,28.7164037547128,104.265900992204,13.4038987973316
85.1792464135489,28.8545707791701,103.893874761778,18.8869832820423
85.7300264339586,28.7356329507287,105.356323212664,14.3113341051607
85.7766763503821,28.8004004128748,107.267374447605,14.4516030059537
85.611535910737,28.7653371278628,104.809244945516,14.0218137118731
85.6579323540465,28.8291016336083,107.072287370831,14.1594043664604
85.376697705715,28.8313148479898,104.728717117759,14.9655889853695
85.5399307685046,28.8601960991796,107.17546770836,13.8716321494957
86.0061640196764,28.6403038811218,106.653099086409,14.9916851886203
85.8961934498081,28.7744192046026,107.129425729208,14.750606523065
86.0901626507858,28.6635610089308,106.657556250973,15.2162937582219
85.9797117662671,28.7956746623167,107.940402716041,14.9716531686155
85.8597392617283,28.8198091536581,107.705397713229,14.6753150215712
85.7717043009843,28.9149989394411,106.959912375907,14.4970533393272
85.7404982820891,28.8467022738855,107.596065069543,14.3793578494714
85.513577417439,29.0941840638043,106.347672383503,13.952212385023
85.2704114644106,28.9763619886743,104.596388240995,18.9585731083674
85.3655935408765,29.0606188495642,105.107863023979,19.058410833662
85.1541473010362,29.0124374393601,104.332877392702,18.8128402785587
85.2485313722846,29.0956003853678,104.990380635772,18.9132805867071
85.1894574434288,28.9638673828004,104.224964465714,18.8635318830966
85.3870666907979,28.9413844925818,104.926869649717,19.0652844293854
85.4121939021697,28.7830583188054,104.667576831989,14.3926492131006
85.3058093629902,28.9279712085527,104.62058325903,19.008680190976
85.4937873113282,28.7973609943066,105.635597659378,13.7285889212292
85.4225881877444,28.8932741579688,106.194342059011,15.1958444965014
84.9123650270461,28.978458606719,103.662361930281,18.5355014610234
85.0381657854687,29.0493136845845,104.241930398364,18.6677000743737
84.841907102359,29.0758694660519,103.592232394634,18.4268257755089
84.9223664554418,29.0867327402259,103.952861224011,18.5222287187513
84.5654392308535,29.0931069217793,103.500427158603,18.102579188155
84.6105830122032,29.1519483018882,103.332462700125,18.1381480717617
84.2629743950609,29.2653645027335,104.585723125323,17.7069288940525
84.494839972968,29.1899502929561,103.372397009619,17.9937982286143
83.9849078896739,29.2807323274724,104.970129517507,17.3712952140454
84.1013805887734,29.2438811534497,104.745987547027,17.516622744392
84.0221826619156,29.4520614116461,105.72396367344,17.3953496510275
84.2275761831025,29.3134179557142,104.7908246795,17.657405901193
83.7869389367174,29.3057463356157,105.347269929805,17.1344221973877
83.9949721128963,29.3873957924841,105.453457084854,17.3697852598058
83.5632960926044,29.484199655724,106.755719314626,16.8399142058739
83.8682398134422,29.317208560511,105.304652126178,17.2294770991156
83.6803130814714,29.4484661527441,106.25404544441,16.984091643682
83.9139045197254,29.3762063461729,105.493037599089,17.2733339602963
83.6716899102429,29.5612151060974,106.826524889565,16.9626911642238
83.7616783374521,29.4601036994455,106.173897444566,17.080925849111
83.7341784619952,29.5786213288391,106.775162794769,17.0369190810719
83.7971897250159,29.4124852925943,105.886207982926,17.1290264065516
84.0849832971607,29.4688205786094,105.697009612632,17.4696561166986
84.3789804421117,29.2277798794659,104.390380250671,17.8506841472939
84.2550592619873,29.3778968181026,105.110327724432,17.6837384296227
84.4595229993638,29.2382751843256,103.814986732266,17.9456736813904
84.3712643301928,29.3404098557173,104.776519076671,17.8278183341196
84.575302548528,29.200398120301,103.733407996895,18.0897085869962
84.5506636211831,29.3188978640069,104.507353825588,18.0466445970335
84.6910010148894,29.1624322356031,103.701866563186,18.2338468201134
84.4873418181785,29.3027225161527,104.502360956105,17.9719984403523
84.8066697499517,29.1244983647659,103.791676105778,18.3779166950882
84.6033163999111,29.2648943709828,104.37771946038,18.116069596363
84.782960054143,29.2432626812058,104.601788600678,18.3349559648641
84.4622292313637,29.4211625808943,104.999299101769,17.929552842364
84.6668235061666,29.2810565162631,104.452108537242,18.1907707866337
84.3101364697074,29.5068734844296,105.601861386709,17.7382417009002
84.4344305864623,29.3566691779562,104.741583051156,17.9024156793311
84.3180886493861,29.3942853290719,105.097262522803,17.7581757982546
84.3436238424717,29.2759718737732,104.475577017269,17.8018046732693
84.0766659383611,29.5813028283918,106.248026052151,17.450390614439
84.2016116223425,29.4316827295199,105.40888341843,17.6140135492515
83.7886643178611,29.5250801665764,106.431903424364,17.106883511137
83.8784075336786,29.4239007461676,105.810805361396,17.224195991684
83.643811670031,29.6799296039929,107.548264460407,16.9207849018186
83.9054997930939,29.4887059682599,106.055836529476,17.2511240661349
83.5546006565166,29.5971686072429,107.362353602208,16.8185694162295
83.4908451309538,29.763994332705,108.2890115092,16.7313435183036
83.7714043619668,29.7503937622152,107.56603096243,17.070790036671
83.7611141456823,29.643588302143,107.044753518085,17.0648621399558
83.8528592648975,29.7615890234262,107.434495400753,17.1683608316148
83.8783048393295,29.6070766484956,106.67340304893,17.2089480073477
83.8426575553877,29.6548488838115,106.91253320011,17.1625894579741
83.9681974618688,29.5056811857582,106.049593342672,17.3254553927863
84.3457036442851,29.4587597505942,105.333374233982,17.7854133420611
84.114003911088,29.7525638263931,106.976490796308,17.4953230112145
84.4266875510239,29.4693738298091,105.255053368836,17.8821666000669
84.0866683266723,29.6879854040504,106.734868360315,17.4556923602595
84.5885271724906,29.4907201963331,104.870781846329,18.0753339562543
85.1256402747856,29.2457308617866,105.198522080679,18.746912843956
84.5786624790679,29.3834496722771,104.52766203498,18.0735818259116
84.8351477629305,29.1892670475079,104.503867171322,18.4042476455151
85.4060484080092,29.2373265374116,105.801597103388,19.0844504509515
85.4881196377538,29.2521590785323,106.129587062776,19.1810233919702
85.1835135663819,29.0780831700105,104.675644641561,18.8374124296659
85.1612010886098,29.1973488419131,105.123892123091,18.7953843242171
85.417143262047,29.0079448151562,105.18683896546,18.6050457395155
85.3956728273781,29.1272792180166,105.388519037401,19.0855351359442
84.6950493854743,29.3457303265954,104.434428597484,18.2178014782566
84.9511156530689,29.1517309283196,104.551185144828,18.54829253446
84.9278743148023,29.2707238912984,104.92971997988,18.5064111641403
85.0153920851304,29.1683626125378,104.699815709035,18.623617791582
84.7192365721487,29.2270401974071,104.480211979202,18.2600364940065
84.6595503543659,29.3941161632203,104.597956765147,18.1700998604175
85.0672115381464,29.1146043074405,104.671743100303,18.6928378133546
85.1318297803286,29.1316029418531,104.805050867507,18.7682689741018
85.6220141806301,28.876177072939,107.383040742753,14.0906251181436
85.4831176013887,29.0269657564219,106.173266736106,14.4189110078544
86.1003366750735,28.7743134053134,107.967441300318,15.274036197056
85.7511527624722,29.0334415707171,106.907799310201,14.5162175107427
85.6320471327118,29.0627959188226,106.595054310716,14.231774800196
85.5346891409113,28.9749799181622,106.236087836343,13.9257792497318
85.719965855347,28.9651010793196,106.939242250497,14.3937628848746
85.6528509020945,28.94387547369,106.919052579189,14.2095830096445
86.0754282626869,29.0038712283955,107.921747291913,15.3275779555182
86.0803682508042,28.8902584966042,107.267559236245,15.2782484186933
85.9595756060385,28.9125997346452,107.401124062686,14.9789168030702
85.8912870725832,28.8886697165069,107.594916678691,14.7906218272648
86.3185169978682,28.9648044468921,108.011372639163,15.9302963335333
86.2017070715618,28.8704381976273,107.178519973481,15.5812573741106
86.1124265610246,28.9598608642357,107.72998832981,15.3978355046533
85.8448833185819,29.1633446963716,108.218813949468,14.8421879817974
86.0017223376639,29.0929300686142,108.232597455325,15.1935645112789
86.244005370232,29.0504779180494,108.633297123844,15.7867461350066
86.4781071086679,28.9065305785657,106.957063295056,16.312198412286
86.2339674916331,28.9401577838549,107.797408556564,15.6998669515645
86.4877807650408,29.015622836734,107.974372904447,16.392564101902
86.6005331815216,28.8919864034266,107.524782642185,16.6211737812521
86.6100228945281,29.0003664741805,108.369484519212,16.698803886247
86.8458014906443,28.8660881131249,105.46397628229,17.2440114315584
86.8128010318673,28.7973981128551,105.043573347748,17.1306963778777
86.6853624325068,28.9189014682485,107.187628404541,16.8524955778576
87.1761791886781,28.8707135349862,103.839967645001,18.1010610866132
87.3370822677355,28.8214162934484,102.6212592343,18.4995159258175
87.5910501554005,28.9036615308719,102.379923614637,19.1883600205285
87.5828029584082,28.8004305366119,101.508763144192,19.1300688867317
87.1095133410052,28.7352348946553,102.852689406604,17.8780175007713
87.1808281927263,28.7645365384515,102.806702031741,18.0735384971131
87.2989863374958,28.859771876675,103.139824784571,18.4155213534074
87.4599446569095,28.8108860256523,102.073204069314,18.8145981394384
86.9537952968219,28.6772242954019,103.203460484667,17.4546590398205
87.3589727309993,28.6099020983241,100.463848268785,18.4938575869178
86.7231138706541,28.8785940205007,106.562524639434,16.931875764045
86.9869905179343,28.7457003117473,103.675531762085,17.5635938089797
86.7420825291608,28.7681512173323,105.233348582293,16.9357840002319
86.7091533026965,28.6989510889181,104.791026881775,16.8243524351341
86.5677998531935,28.8226464404592,106.918803969701,16.5055890082192
86.4975535917558,28.7939823093236,107.158636322881,16.3118092134507
86.3234550659055,28.8527669271537,106.878460394844,15.8869595985928
86.2538108469401,28.8253760481947,107.33236417017,15.6943314532863
86.4455151648373,28.8369522880683,106.859383904493,16.1955819150141
86.5023708008832,28.6834356718117,105.966603772658,16.2870194557373
86.8691842171626,28.6486357839858,103.012123628926,17.2305537659095
86.6902437246427,28.8095441113204,105.91013965873,16.8172220809833
86.746818975357,28.6593543240746,104.206578784482,16.9134215201596
86.6197500649353,28.7805157549042,106.108684455025,16.6227771737408
86.6245324628048,28.6708512343307,104.848349961318,16.6007667604107
86.4927635789334,28.5745952019063,104.925570206039,16.236530003263
86.333218044998,28.629246563921,105.288584712905,15.8354849410975
86.2586647736409,28.713103665251,106.799537438717,15.6653019933027
86.6998257908055,28.5913235484657,103.888719323001,16.7776058329497
86.6150936264972,28.5627340016219,104.127706640181,16.5519364276705
86.3706079304693,28.5878723598801,105.222395376646,15.92207475387
86.3803875413859,28.6973926403446,106.702243342642,15.9736560305079
87.4349671204572,28.5345063121105,99.909070969004,18.6848928650433
87.1985971073082,28.657384620469,101.899602741478,18.0870866353887
87.3124254254504,28.5435283647654,100.153374333518,18.3681478638646
87.0761875876587,28.6671667553605,102.252838847867,17.7729501135055
87.6038548869258,28.5910659664668,99.5954852265963,19.1250993589847
87.4814223500794,28.6005147766709,100.298956202364,18.809048974773
87.1898717928518,28.5525349636708,101.261173590742,18.0439200728635
87.1052248326824,28.5235123828962,101.050838194136,17.8236487996766
87.0673200934936,28.5616726870011,101.274846204577,17.73123630174
86.9826328697135,28.5325772712828,101.779981557968,17.5040488274902
87.2320561003505,28.725063486679,102.235525906187,18.1934681786365
87.2365126848626,28.6192945455102,101.514406060572,18.1772160947596
86.8645051951192,28.7566062986092,104.468111928306,17.2492177255986
86.9354324401024,28.7859554301665,104.390113510212,17.4438926226694
87.3035553030034,28.7542555267645,102.184535402056,18.3895320263546
87.321013750741,28.6477829536742,101.03472658343,18.4042322422023
87.8105533263565,28.6092288367584,99.032252414224,19.6693145570681
87.599682036358,28.6951871798206,100.525317347064,19.1412949678954
88.3381634683781,28.533862076539,96.2120747884791,21.0355998448814
88.0896803122469,28.6552920678286,98.3789764869876,20.4079342306839
87.7262652654717,28.5815063637979,98.9757034207133,19.4455819257625
87.5490039338931,28.733972938509,101.059694556502,19.0210025407725
87.8024660332374,28.5067911145274,97.8714396221174,19.6420104227762
87.6881963848203,28.6189761637205,99.5334585063893,19.3519598536795
87.6799913059214,28.5161751401911,97.9512772708571,19.3256894972817
87.5955586101427,28.4879889891789,98.4436792210238,19.1013036456133
87.9630808317894,28.4601117541951,97.2062929712554,20.0561963736284
87.9328951411865,28.59944504002,98.4778081573797,19.9871485877521
87.9249198498333,28.4973064572638,97.6438013270698,19.9575832435717
87.8405959388554,28.4695242613062,97.9750298879506,19.735902478102
88.4147143265178,28.4602905665437,95.1888467036613,21.2331544766878
88.1775653049416,28.5800800011763,97.3488509729576,20.6203573590237
88.6597798975362,28.444342375033,93.8561708884723,21.8739358327736
88.5755718942626,28.415493029766,94.0051519142867,21.6564245485035
88.2922420396372,28.4691273918269,96.0998270584618,20.9147581739085
88.2080227359211,28.4413370225903,96.0282271652227,20.6956709044776
88.8208131339132,28.4013718420845,93.485999112351,22.2987109366873
88.8281474151285,28.5031068783074,94.1181226263324,22.3143944426818
88.4079107259105,28.6650247570752,96.8032797634784,21.2392820650396
88.4223044803531,28.5618692840045,95.8732615165469,21.2600999915286
88.8993812039843,28.6357672098614,94.8061011357692,22.5139363813873
88.9123046845136,28.5330336688417,94.2664315657531,22.5383824007863
88.6535443160105,28.6488489483415,95.3796467653409,21.8759144248923
88.7897352900806,28.5391294835953,94.4092446078686,22.2142045655654
88.5798833204101,28.6193459522273,95.4469131475151,21.6782058123617
88.6672092455669,28.5459704183452,94.6054211439489,21.8977712197096
88.9350505254435,28.7022414853033,95.2610963884196,22.6198196211612
88.9480179910157,28.5994772496105,94.6416927956774,22.6340035191083
88.5658043195127,28.722361764612,96.2948897133812,21.6636340025281
88.702547915944,28.6119525863072,94.9252534846984,21.996267922447
88.2851665134769,28.6740969159354,97.6164486424669,20.9214006159892
88.2999192442056,28.570754598309,96.6412642390783,20.9379240000838
87.951325786612,28.7692618240022,99.876161104588,20.0781121358619
88.0397700243419,28.6935143811001,98.8553913798018,20.2870415770533
87.8284908354079,28.7795939684442,100.430431935701,19.7619440881799
87.9170896438045,28.7035658659328,99.4528263840965,19.970183824084
87.7902297285955,28.8172453941979,100.843793816,19.6741515209542
87.7944061217338,28.7136997305468,100.000143503745,19.6535920734193
87.7056516298295,28.7899993792552,100.941112075503,19.4458880561951
87.6717124094437,28.7238498320352,100.479963290914,19.3371972709242
87.7137734860116,28.8928036078449,101.800427527104,19.50216139895
87.6674279379563,28.827790416375,101.403907979323,19.3589899060151
88.4428272346671,28.7306510071915,97.1096918795446,21.3456731359947
88.5307012282055,28.6565702720714,96.0752396721671,21.557330570482
88.6962004876968,28.816487818491,96.336778058077,22.026636428967
88.7764397629071,28.6419195140371,94.9443974297286,22.1946465927734
88.8119215258798,28.7081611765067,95.4841331838991,22.3006614102231
88.6576657648262,28.8527528158379,96.72269464488,21.9366772316089
88.6888367212008,28.7148545716373,95.7945332285077,21.9819536032127
88.7733282474926,28.7441963788059,96.0970791376337,22.2087857390626
88.8964192191947,28.7380550230806,96.0371184717146,22.5273221769695
88.8192121842753,28.8098710679141,96.8957166999828,22.3445210890414
89.0195475441267,28.7326313727181,95.7749143660266,22.8463492585035
89.0223589727634,28.6303156136256,94.7081949277159,22.8333410949195
88.5732431647826,28.8239484213756,97.0272646031703,21.7098747406509
88.527296898458,28.7589057158248,96.8329510138477,21.5724908659171
88.4119007020069,28.8690341827383,98.3511377409527,21.3040553498128
88.2009601078489,28.9535524508679,100.18535645252,20.785967585424
88.289104379177,28.878297200786,99.1281775525831,20.9884775233968
88.2814833585308,28.7766376002579,98.3632090611234,20.938226926166
88.1663550307144,28.8881425340756,99.8231681385541,20.6737342985227
88.081952032634,28.8609824028764,99.9857587138243,20.4458012910754
88.0436398366802,28.8984247832884,100.537312410267,20.3588925375893
88.0358281821583,28.7964465673955,99.7036063801693,20.3058342578765
87.9592175805258,28.8714024006071,100.696178441208,20.1310056194511
87.913027382217,28.8067752914737,100.344463040055,19.9901912551228
87.7095521213474,28.9967607289691,102.766688636967,19.5317622751759
87.920945450664,28.9090098518564,101.131945077717,20.0452225036905
87.6755808301974,28.9307317391966,102.337324399531,19.4176049408942
87.7982616246054,28.9198013387233,101.711765549063,19.7309318599425
88.4321679621833,29.0377688410368,99.5098807804761,21.4275008403596
88.4468701754225,28.934572172885,98.6201962794981,21.4169307102819
87.4639071926952,29.0195548217871,103.800999535796,18.911118899801
87.6588430613749,29.0360166759786,103.09925989228,19.423402307301
88.5347531826916,28.8604857025075,97.519787246838,21.6208284904868
88.2740910357233,28.9817353086597,100.236990950509,20.9857881188817
88.3238879476256,28.9437326705147,99.6147071893097,21.1009650763509
88.8904982092667,28.9424874085253,97.5127992744467,22.5676187118703
89.0267110354622,28.8344983283155,96.7225179327965,22.8894023731023
88.7670992617621,28.9486070053465,97.3726454884616,22.2500840506339
88.7806358311566,28.8458776075808,97.0158567398424,22.2538465251406
88.6437528020795,28.9555938866901,97.5221446980929,21.9340734215283
88.6790616352831,29.0215463054973,97.6659859585065,22.0518713227472
89.0139369775723,28.9371310943383,97.3308653849008,22.8854017800718
87.9006570467258,29.1168221960658,102.624842842048,20.099690487791
88.5204683895468,28.9634844611766,98.4626348670046,21.6173551382121
88.397249011052,28.9722323980879,99.2729773689194,21.3016434114182
88.9261967418484,29.0089470153137,97.8318703115683,22.6834871791121
88.802604156056,29.0148163665474,97.6864459024542,22.3765615834765
89.0626431183437,28.9011517798284,97.0651970607719,23.0005817160999
88.0238157554636,29.1055522368029,102.356171844342,20.4129106139435
88.7638411193629,29.0508436657676,97.8623436180518,22.2977343804844
88.8873954430918,29.0447258714649,98.1413409031541,22.6049901005757
89.1346148833659,29.0347029802957,97.7318373969849,23.2418556509156
88.1855348533524,29.0572414102154,101.268313906022,20.7966529553501
88.3163630236492,29.1488135788456,101.212942666943,21.1866965176283
87.9390922926805,29.0789449525147,102.326999373333,20.1730209271964
87.946924075954,29.1811786685159,103.293575060344,20.2496126391848
88.308821594275,29.047155898753,100.452721568144,21.1126277912929
88.0315663127929,29.2076087028444,103.164066232406,20.4800262830137
87.5777972939145,29.217190711231,105.186636126044,19.3186861475313
87.815912889246,29.090327537559,103.207492493512,19.8598202763478
87.5395366398346,29.2558666010928,105.68035643299,19.2425232823629
87.6544055915154,29.1402476651663,103.869643365575,19.474905565164
87.955218867064,28.9746014585414,101.523618341525,20.1586210228324
87.7775229036101,29.1284099351983,103.720026976964,19.7852405915627
88.0622961185356,29.067882968078,101.903361718686,20.4892521844279
88.0780749573114,28.9638889981307,100.978998909843,20.4715011622873
87.7818565837888,29.0246180265545,102.450095933918,19.7365133635042
87.6927500293803,29.1019602621963,103.105217903286,19.5527409095872
88.1470082858482,29.0946869789895,101.722823962859,20.720394187009
88.1509853986411,28.9918604654788,100.799657879289,20.6731954967928
86.8501832026929,29.0814972063193,107.785810882375,17.3612680121695
86.4633876814227,29.2401228495532,110.63147389103,16.4785326761559
87.3233417710282,29.1381764537978,105.897195618529,18.61553159652
87.5528986153251,28.941762008458,102.875469600822,19.1054761899233
86.7934415017566,29.232521998086,109.469120715102,17.3199156650635
86.557835775003,29.373697843374,109.101396254451,16.8157342468104
87.208893856054,29.255909138828,107.19663893395,18.39602510248
87.4082172470491,29.1646262306381,105.600798693083,18.8521369715947
86.95421620104,29.1775091250649,107.828849691157,17.6945048141647
86.8026661437079,29.3399469447039,110.395875652779,17.4129582556306
86.7085136084535,29.2068699036142,109.732054427296,17.0851723687662
86.4731375881124,29.3494671456849,109.521106148259,16.5840556377748
87.4547983785591,29.2297560654831,105.800782595846,19.0106967518898
87.5695984777006,29.1137978484681,104.478724690323,19.2366754587192
85.9501760902965,29.4808932005456,109.563832413748,15.3727265278965
85.8403133977309,29.6183491718435,110.841888709168,15.2252185759236
86.5482176555094,29.2648105143022,110.761723620533,16.7161698851769
86.3138134173488,29.4120637023831,109.434046898083,16.2282435108387
86.6707510747748,29.2481541577198,110.353821860556,17.0172454246885
86.4356996549519,29.3922195145002,109.147914592864,16.5201693913362
86.3609008304848,29.1441834294461,109.648523697001,16.1429441244946
86.3510963888016,29.3686392051201,109.467672150737,16.2893612461981
86.2391498451544,29.1632353920409,109.506652944933,15.8445633498208
86.3038035619669,29.3018971951854,110.626585986783,16.1212369159304
86.4308240491725,29.1709582430537,109.712853157758,16.3387775207495
86.2192149172578,29.2787590927049,110.717481061658,15.8856281128588
86.6052015299806,29.1105919726792,109.068989001978,16.7480250137802
86.5858592317932,29.2229250444927,110.101316803709,16.7775923426884
86.3657501549403,29.0322298909229,108.710977811925,16.0884905606443
86.1177587968669,29.1840778775386,109.517623874577,15.5487126530469
86.553155699849,29.1539974811662,109.127445252947,16.6408600250213
86.4503209639608,29.0574244744266,108.661142533956,16.319654315548
86.4829415132423,29.1267225380086,109.148323045962,16.4446061174381
86.5724382145298,29.0415197811665,108.552422417244,16.6239100519637
86.7276291565534,29.0955822451069,108.494718559811,17.0535978252573
86.7324244402962,28.9862391215846,107.462697926817,17.0066289982991
87.2851560701264,29.1772368675337,106.278086782776,18.5435729435496
87.2898536594587,29.071303574379,105.059935613618,18.4894326288472
87.446460271008,29.1258541963088,105.136511277753,18.9264837477595
87.5313020868962,29.1523081467613,104.959838088066,19.1618795058521
86.9728290874814,29.068154235693,106.590965077773,17.6689672377777
87.0439800595007,29.0963134157271,106.92196912558,17.8687720721239
87.4683236727157,28.9146039579648,102.973846340191,18.875013270543
87.5358350874632,29.0475739317198,103.916281035225,19.1093730503429
87.3410974472925,29.0312239837539,104.43295265123,18.5968474015449
87.4128366419949,29.0593208114101,104.229744468248,18.8014954230348
86.9396689344169,29.0000550920446,106.2807935938,17.5472990900836
86.9306474671142,28.8936243922427,105.303213756674,17.47498955622
87.3455995777192,28.925678657512,103.52750333472,18.5619073400529
87.4302172242411,28.9529110431722,103.445041639889,18.7920813589272
86.8549392268522,28.9729980900872,106.48125250672,17.3158702343786
86.8079619524651,28.9058869801594,106.149251616344,17.1632888785764
86.7983450405195,29.1234859210543,108.711891918084,17.2519100069651
86.8171530828283,29.0130428057516,107.145325518749,17.2381684945728
86.6756764985304,29.1382310981367,109.283357314778,16.9482415024671
86.6947301049153,29.0267941737177,108.069852747438,16.9302219098222
86.2068654243902,29.0937894853729,108.900333734368,15.7175595738015
86.1967672188105,28.9833036824286,108.06726844268,15.6274180835733
85.9546201286307,29.026816497383,107.664396695919,15.0318873710726
85.7616432747646,29.1445097298275,107.448754936793,14.6174304091165
85.8344184401405,29.0522035313172,107.359499111647,14.7405293097615
85.6425388331916,29.1736273750826,107.212996541562,14.3364402144798
85.8813795272878,29.1175788784564,108.014520890862,14.9032886573822
85.637332407902,29.2883739897272,108.253699358291,14.4120784275065
86.0856841168592,29.1147504655219,108.822396414219,15.4218197574995
85.9968267145223,29.2069751055095,109.115132720549,15.2581977583841
85.9650022107525,29.137919217722,108.397236286722,15.1293728328153
85.8243862481718,29.2813977905915,109.715813449164,14.87897171919
85.7253711843796,29.1909866358183,107.732261673169,14.5586393781955
85.4004177168517,29.3518222704811,106.23986738145,19.0711333698584
85.6064676928068,29.220688552497,107.5589685468,14.2811150881479
85.3484377679252,29.4041892540657,106.14731903922,19.0096697534987
85.2603671240336,29.504670458239,106.09360775817,18.8990859401172
84.7545134574292,29.6959331487123,105.86025368362,18.2810056483902
85.1713848303972,29.3064610323776,105.461892356165,18.7949394081896
84.99578760461,29.5094621146584,105.337576434829,18.5754875167873
85.1357927356517,29.3546902876143,105.489034102948,18.7470139110616
84.4110737673799,29.6946328471887,105.861802321561,17.862123671614
85.2885361591677,29.271369855618,105.640918832098,18.93960751569
85.2305850908734,29.4383921123101,105.813776041873,18.8637422561022
84.4365516533992,29.576361384072,105.725257237831,17.8849197652305
84.2941182734577,29.7319528177769,106.361687547531,17.7187781256937
85.0089219536676,29.2821950985448,105.090446832405,18.6023167171064
85.0545294743169,29.3424080555435,105.327009864082,18.6506511743662
84.8923785731338,29.3191909658663,105.006348165481,18.4582955792862
85.0189824328417,29.390713309059,105.284849371461,18.6029303332385
84.7759446543617,29.3565544058302,104.855035823838,18.3140216203799
84.9378793043648,29.3789673676628,105.240761029864,18.5064442446549
84.5530100873246,29.5389562736836,105.345197529257,18.0283507510389
84.7049401753223,29.453275082453,104.826795180949,18.2191423481558
84.3555820587216,29.5656377415841,105.835485394704,17.7881603201938
84.2308907477967,29.7154412729284,106.559633058785,17.6357864890766
84.2389820728916,29.6029481447333,106.158374888256,17.6446710212794
84.1934665957756,29.5441932095916,105.92793953428,17.5942288090168
83.8884696908191,29.7137903553784,107.132077118775,17.2141024093363
83.9698184915909,29.7248675880357,107.084477317594,17.311563553024
83.6542504275789,29.7868851543639,107.918943259511,16.927432229863
83.6081888859943,29.7276874951281,107.75555140502,16.8749908913558
84.2034015958562,29.6509262944822,106.404926778245,17.5982886560019
84.1222654361912,29.6400829562034,106.472583313342,17.501101638284
83.6186791827696,29.834708081219,108.269226104423,16.8834029959288
83.5370365058451,29.8233341456095,108.471884850266,16.7842600170411
84.4643961715784,29.6408667889012,105.683244172773,17.9236400702113
84.0972549137953,29.9775944431825,108.104968821733,17.4748122957525
84.4720899214558,29.5282112243671,105.457076762992,17.9317661610032
84.3476818424738,29.6781936435118,106.1572295945,17.7777347364776
84.6977104951118,29.5662525071232,105.110622841142,18.2007387514942
84.3217487175261,29.7964737890818,107.009467224492,17.7510065204681
84.5279747250484,29.6572871651117,105.993493268945,17.9989111086264
84.6694307407084,29.5015649079935,104.94801739543,18.1721655569748
84.5810596899165,29.6035227439564,105.421233789766,18.0596169633271
84.7858657619255,29.4643115083739,105.044015385265,18.3156435653901
84.761741709036,29.5828265025195,105.111180911269,18.2875700965077
84.8213712439856,29.4159766493265,105.177009070791,18.362823026522
84.9311684925611,29.4924017334446,105.316398034552,18.4889266791605
84.9023604284844,29.4273055850074,105.240813932539,18.4589803933224
85.0248984285189,29.5749480925182,105.526611746714,18.611802282202
84.3316395653302,29.9033117742123,107.426096946896,17.7601339994856
84.6373716937788,29.732890644451,105.923918788668,18.1372715866046
84.438897246838,29.7591828784514,106.645953110061,17.8948684562827
84.6448473137503,29.6199783472479,105.18734827675,18.1414154898868
84.4031456003436,29.8072607383022,106.89689692708,17.8507060579353
84.0872513274993,29.8708914502795,107.621445073481,17.4647502173614
84.1770804066663,29.7691804107898,107.039232571632,17.5710298491717
83.9698853885259,29.9079767563534,107.951965470595,17.3207637119006
83.8799305373444,29.826400780466,107.707641624836,17.2074129202466
84.0514829074105,29.9188304149206,107.880586705402,17.4205211136757
84.0599518781161,29.8062952698278,107.320453360899,17.4311630574454
83.5817868873692,30.0671136660317,109.508415165808,16.8510675539727
83.5906401485554,29.9538801913879,108.913812563672,16.8588708606628
83.8254223311839,29.8801832442773,108.048616121745,17.1421431078691
83.7452969160397,30.0888954632658,109.238494081404,17.0478194254688
83.7627632021489,29.8631601763864,108.10925636792,17.0656039532468
83.5106138645713,30.1635148451454,110.236721004663,16.7642136802253
83.8626522448123,30.0517760754389,108.825102638335,17.1899223901034
83.7349577081224,29.9819920508583,108.735387110851,17.0350636345082
84.7902664570674,29.6477596299854,105.302789756394,18.3272626844386
84.5560083586808,29.7219075561971,106.238625785847,18.0394364457703
84.8787011461935,29.5459366445258,105.226814750627,18.4278656805693
84.8143966625712,29.5291712310081,105.119023884097,18.3514473585445
84.5301263938363,29.8771445553768,106.995997752448,18.0003948034001
84.9075073376457,29.6111157204095,105.334635163409,18.4698438190302
84.4487642810201,29.8661665168445,107.067136368333,17.9029423925047
84.5202629421726,29.7700333115012,106.47829605125,17.9935185165693
85.1167722951844,29.6962162760567,106.357018785598,18.7162587055074
85.2244504856695,29.5525640551754,106.142749045634,18.8536891368704
85.9397341436046,29.3697571789139,110.56647722833,15.2532912371853
85.4714717687548,29.5959765431228,107.232118116465,19.1492685053185
84.8817019948063,29.7672453891717,106.387103708679,18.4293296921908
84.9890945612839,29.6230629046187,105.863961055221,18.5680315265393
84.9991325436267,29.7314134830214,106.116798816915,18.5725261776634
85.1424965928238,29.5394060067772,105.730131458275,18.7546663890033
85.3785732571092,29.4709285182554,106.374673123766,19.0437579428286
85.4666745960946,29.3711292620328,106.524135290432,19.149178390051
85.6162418762924,29.4072727649099,107.682937814855,18.7341531409948
85.5186220451938,29.3193186416067,106.531646829301,19.2100481068758
85.1130612877936,29.4735572449106,105.541384988074,18.7162573711336
85.0480916931414,29.4561077533636,105.359687533249,18.6394201722456
85.8558996095831,29.3500971990082,110.344162140942,15.0241208536097
85.7565848027073,29.2591897825296,109.372347740504,14.6908444794875
86.0656120796287,29.2313178393367,109.943768303301,15.4549914609611
85.7358053754185,29.3777754273662,110.085779011547,14.7475181644538
85.9447333599137,29.2553196960483,109.38810709719,15.1614685171915
85.8764220755985,29.232025165421,109.088550607361,14.970721835749
85.5799887378668,29.4543296472148,107.162446669956,19.290862666353
85.7046078506186,29.3095203691955,109.166405208668,14.6059508123926
85.4971756351005,29.4383818556811,106.83966174607,19.1898223579457
85.585384940465,29.339510389431,107.444399946864,18.1443619667781
85.8298055835705,29.5072438809322,109.875745667585,15.0965422761922
86.0976442870215,29.3005882932818,111.082524444936,15.5986182011191
85.9869313103953,29.4354617198098,109.245155473835,15.4260913702016
86.1820356424872,29.3227000016315,110.727918589599,15.8283329840225
86.0606576858378,29.3452781271338,110.820258285382,15.5387272498028
85.9765232486218,29.3243563806744,110.512685043569,15.3071806273988
85.7099064518938,29.5352940087451,109.006104254218,15.8306117686711
85.8193044369526,29.3961402147651,109.56510500087,14.9733580597459
85.6267328673177,29.5179737626578,107.517605052335,19.3421075861138
85.6993955975035,29.4243874248288,109.157249705859,15.958485940618
85.5904651679792,29.5649090431987,107.657143553392,19.2946463277276
85.5076088172112,29.5486931193096,107.274132782142,19.1967533867628
85.9973480427611,29.5465689011084,111.012191489663,15.5474599065681
86.0709918308444,29.4562615508256,109.884432381015,15.6536095850742
85.6993680365711,29.7644474608653,108.358795793459,19.409557649027
85.631857819109,29.7431608443426,108.062380360205,19.3299244168171
86.1922217584537,29.4333514228686,110.204100245513,15.9392174412001
86.1079295826093,29.4114786281978,109.632394273119,15.70991386408
85.6009458995684,29.6754898779211,107.859774827743,19.2982185151064
84.9855298066235,29.9579559817237,106.150236129736,18.5440166434445
84.8916707312822,29.8752138424991,106.572739249376,18.4352261355758
85.8196056774578,29.736338830054,110.563809363767,16.5802085113659
85.1526524364809,29.6483333120831,106.372554030772,18.7628803471709
85.1269020027443,29.8049958777751,106.35900403161,18.7213482888966
85.0349629641089,29.6834362986889,106.177152872134,18.6189297237723
85.0450316084068,29.7919267028135,106.13710748892,18.623996642565
84.917493745719,29.7192038557878,106.222752067695,18.4752593412163
84.6571261054671,29.947582238633,107.023800864964,18.1501271647776
84.8001921410213,29.7554945589009,106.351221909727,18.3320574403359
84.8717367842764,29.6592795524138,105.782827509529,18.4245979411834
84.6731162013683,29.6847297467343,105.322187167282,18.1836405750069
84.5757394015247,29.9362748629937,107.108651882848,18.0526014818009
84.7644240558757,29.8035623669014,106.453097775538,18.286184072282
84.6830009347284,29.7921618241266,106.270551781444,18.1887647733441
84.4130178578872,29.9141916200362,107.336312379495,17.8576912359149
83.9543678464798,30.1693721469204,109.210703789419,17.298482310491
84.2859891264563,29.8444997130202,107.227806428853,17.7064305569973
84.204538315285,29.8337217988111,107.305075575141,17.6069731230373
84.1886780370406,30.0951571095427,108.522048707855,17.5817373191757
84.1787265997355,29.988424221094,108.031826603837,17.5726312702768
83.9341234959306,29.955898588382,108.2230193005,17.2787627515882
83.8524479569198,29.9449953519129,108.322738804762,17.1787709922878
83.6992504736936,30.0299801794723,109.022114825835,16.9933698638289
83.6174396667437,30.0190270832827,109.177726178803,16.8924102116757
83.5923411773926,30.1742749191481,110.001106854991,16.8624688461349
83.5212890342434,30.270851202376,110.732508890221,16.7771875204146
83.6296667531326,30.3465098239418,110.80818183701,16.9083512166759
83.872849593446,30.1585647774956,109.300535876545,17.2004337904041
83.6279380830374,30.1261115937167,109.705816860061,16.9058802494848
83.6384282738328,30.2332053867251,110.206807938888,16.9179832716006
83.8095522223001,30.325495541333,110.25253142004,17.1242004996588
83.990065080472,30.1214135563735,108.937791790634,17.3421719417642
83.9815434995608,30.2340412296987,109.49678077553,17.3308252315378
84.071536291316,30.1322437976072,108.858991556217,17.4400508141898
84.0445594124459,30.2506751054945,109.485439054724,17.4065247087793
84.1072539142227,30.0843040243155,108.609264291418,17.4839549559268
84.0988652074172,30.19683214119,109.13853846147,17.472183976402
84.2244078872546,30.0472165639273,108.256140850984,17.625953834853
84.2958920122515,29.9513026075353,107.695539032419,17.7150551548985
84.2144747045526,29.9404662312371,107.770235558974,17.6174329058238
84.6472480360151,29.840234647171,106.52550578292,18.1431161166959
84.5658734102774,29.8290892083633,106.688239714554,18.0459009508686
84.6321538603214,30.0656665957515,107.644904828435,18.1159399622972
84.8029305782453,29.976136653225,106.417765638834,18.3241057431136
84.4507641888663,30.0856821235709,108.092513922226,17.8974318809173
84.7743374051456,29.9111946486645,106.614172031201,18.2924145637558
84.8675786114546,29.9933548544162,106.359364133358,18.4010218661597
84.2795716749016,30.1762909399919,108.795678014078,17.6897439844263
84.3334706123531,30.1226407633268,108.445159967707,17.7554726694054
84.2161737742933,30.1596975415405,108.802801926997,17.6137721857811
84.3057926366629,30.0581109511528,108.17622744947,17.7236600239874
84.1620684916901,30.213436926129,109.131102941891,17.5480327982792
83.7469189068189,30.3088206349644,110.292142382148,17.0488101861566
83.9270465908174,30.2880105417222,109.843591289716,17.265231119596
83.8642190259898,30.2713493957525,109.881038165025,17.1897312467767
83.6920997228528,30.3631849062774,110.703398872328,16.9834374894115
84.5145905042946,30.1023480884226,108.064620679679,17.9736800072855
84.5680846757694,30.0488943113256,107.708748056742,18.039446849026
84.7498011403678,30.0292967634477,106.830740849677,18.2583625793277
84.68545581397,30.0123354511054,107.223915524333,18.1816331871216
85.1037108232487,29.923252129272,106.236633922543,18.6872708582515
85.3409226240074,29.8564197876725,106.853088576614,18.9749556031978
85.4600268694827,29.8245405110898,107.302899940261,19.1192349128737
85.0383558688832,29.9052473054751,106.139939192073,18.6096895693301
85.3934198390076,29.804755525903,107.076495560434,19.0408288841494
85.5795018172084,29.7938480638973,107.862992072755,19.2639537752458
85.5124379101544,29.7733111035923,107.577556391163,19.185207269286
85.2221579017381,29.8893530185385,106.555155798621,18.8307321628433
85.1564092973607,29.8708359990975,106.358550228476,18.7531775377967
85.2808792420488,29.7234573217073,106.620371686276,18.9113140531645
85.2747464987769,29.8372832380203,106.719922125646,18.8967640550411
85.8718580923529,29.6868328074084,111.312685488596,15.3691428038058
85.8768760988083,29.5723675422653,110.89115619704,15.2721289452889
85.9402280830529,29.7096264969042,111.785915421335,15.5590851056036
85.9606262714617,29.5920310231971,111.230052507954,15.4976741858854
86.1133809920777,29.6361638547199,112.100289763425,15.9162600684707
86.0813352632916,29.5672470360149,111.457691545459,15.7749719922623
86.2024170815013,29.5440053130489,111.505694016295,16.0558636387131
86.1182242585786,29.5223710516249,111.082277316926,15.827440722894
86.061201139042,29.684261030875,112.433912037328,15.8324207356716
85.9924430428912,29.660801854293,111.672737603235,15.6403646831865
85.7516597463761,29.7142978528321,108.945406218691,18.6941514620696
86.2346702651845,29.6129926015478,112.442123993399,16.1957757773383
86.3562497169489,29.591122924352,112.49934334317,16.4794122277154
86.7930172182065,29.5587962229687,112.229017682857,17.5464517585417
86.9156834212258,29.5415815647007,111.616343779214,17.8413386877696
87.0900810977207,29.4828770459552,109.940128186314,18.2391508065574
87.3356766405982,29.4531298859708,108.346158794341,18.8411503662586
87.5815091314707,29.4253766446404,106.948575015609,19.447993078435
87.704490901495,29.4121221321329,106.317238673876,19.7528533791662
87.5304919076491,29.4658358055466,107.577651923547,19.3441969965245
87.6536409556613,29.4522281174364,106.94066001536,19.6478775663506
87.7088552544226,29.3078543075455,105.42544274735,19.7042584453541
87.4631083766093,29.3336658200344,106.702309160899,19.091056173684
87.4585683852286,29.4390309719439,107.626793524125,19.1437007440613
87.4073918589851,29.4798898366249,108.27261024069,19.040855556268
87.1613683804071,29.5094830667014,109.819208638754,18.4383397069065
87.4165946132494,29.2687133917594,106.346367477067,18.9347647021472
87.0384729203616,29.5251677833224,110.688138834424,18.1387323613515
87.3021888410797,29.3865859753709,107.923088746858,18.7131106882963
86.8448509089346,29.515269691578,111.785306121463,17.6433944723346
86.7224235884015,29.5326821922503,111.239656985878,17.3487843384297
86.4780937698256,29.5705213318514,112.179278436328,16.7665606784446
86.5674547056094,29.4825902061664,110.740893607034,16.9206916384411
86.4455216000639,29.5017890282223,110.789102767765,16.6287990620835
86.8118821019053,29.447378864192,111.369730243074,17.5106402900949
86.7272186543553,29.422707050497,110.567948865761,17.2789663521956
86.3610475596211,29.4786173752554,110.566953041302,16.3988884347167
86.7178688753576,29.3147854132023,110.093935562108,17.1808653290194
86.482890992858,29.4588156008023,110.361373227047,16.6895207767871
86.840476349986,29.2989677543433,109.72266652492,17.4821962204069
86.6895852609029,29.4644881908186,109.640068645871,17.2142478334286
87.1708214865446,29.2955376241511,107.773743466905,18.3221872453745
86.6801700785699,29.356318141914,109.079104688356,17.1132650570729
86.5954108601097,29.3315723181635,109.655950626599,16.8812994876324
86.4258824860289,29.2826540057352,111.053765082904,16.4171115953108
86.3411520188964,29.2586642957326,110.857816583613,16.1845521463595
87.0772045134558,29.1639036030395,107.312162710009,17.9972487169013
86.9252910233826,29.3244435350203,109.422577200397,17.7143278544585
87.0860123559058,29.2696518772865,108.02106987324,18.0900795521747
86.9674072940659,29.4986783914488,110.813741708126,17.9403425224725
87.2936849040876,29.2819071883487,107.047910929812,18.6284045889156
87.2175134654229,29.3610020149939,108.130692746267,18.4818677223304
86.9631981790133,29.2839580944715,108.833374078744,17.7856219985669
86.849630910702,29.4061514574733,110.761788129237,17.5771663333481
87.0948010261612,29.3754081789825,108.965486207292,18.1790235140482
87.0480161037334,29.309674241363,108.600732835262,18.0180955123174
87.3402879192124,29.3471196228343,107.409638968244,18.785990330569
87.42494454322,29.3728088360628,107.207098605652,19.0180216703895
87.662506133245,29.2433365995091,105.068422139462,19.550773629596
87.5859663710364,29.3205910275351,106.040938320451,19.3970294437967
87.0568572122845,29.4156631811355,109.518260183084,18.1086156810293
86.9721651891748,29.3904146654085,109.803834536428,17.8770534062485
87.9163426886055,29.3214996234489,104.608526972237,20.2426651424985
87.7768310345958,29.4390223150196,106.251499537943,19.9532149966022
88.1546596898604,29.1965297201999,102.447234452904,20.7913175396319
87.8275103026982,29.3992522661948,105.68345222575,20.0594856711492
87.9085154510835,29.2191580367701,103.801746255734,20.169479886652
87.8317728769539,29.2954464940078,104.748821595716,20.0120944443166
88.7710992247902,29.1525002676952,98.6247835742496,22.3604669535143
88.3201088013126,29.3530066182228,102.869987088475,21.2927349500717
88.4010212748071,29.176293301845,100.846574493262,21.4166647772344
88.2853391810377,29.2877407626094,102.385760986452,21.1705628139936
88.3935440814405,29.074686048493,100.132118583272,21.3483304049193
88.2778074555667,29.1860442142662,101.713292853977,21.1035645810545
88.193164912116,29.1590264431206,101.904113155562,20.8728537660012
88.2702469011899,29.0843502846851,100.556477072539,21.0403139707176
88.5555809639333,29.0292036992688,98.6691264269684,21.7436025248242
88.5629649919864,29.1307834230058,99.4384391998062,21.8152135917322
88.6403418671111,29.0578628278207,98.3456523401454,21.9738384116907
88.5243082798192,29.1674021396021,100.030938060459,21.7305452058158
89.0109910006726,29.0393949466594,97.8811406615065,22.926996904681
88.8098469849643,29.1164998553443,98.2277760776225,22.4464301408928
88.5169081886944,29.0658242421844,99.2935836922436,21.6653783359895
88.4396278385571,29.1393601006499,100.237399317623,21.5003642850421
88.693662081515,29.2247740067057,99.2916467340992,22.1905504391886
90.0131230601866,29.2100034497966,102.393236162184,22.0001146511851
89.1805166910046,29.1012342884944,98.1529667621456,23.3976358676926
88.8170672879501,29.2181819261294,98.492092382838,22.5052757645321
88.647669494566,29.1594606523048,99.1208955067106,22.0450427804892
88.5171885412202,29.3719692469019,101.659162471661,21.8076073493231
88.940524353809,29.2124912884371,98.6888076806564,22.8207969377235
88.7646050757141,29.3568025151855,99.8869016645332,22.4339602738872
88.9017537468176,29.2482060255943,98.7976886628987,22.7364577807397
88.5668506297502,29.3345900355385,100.942655589967,21.9160655870579
88.7783342311136,29.2541556149926,98.9992392338102,22.4213214040206
88.5703235147026,29.2323632762926,100.155214120276,21.8767713186776
88.6549725288693,29.2610579876055,99.8439621472036,22.1076332324973
88.3936051578792,29.3811465492862,102.559059281587,21.4951768401438
88.5316822907587,29.2689804896611,100.716031998439,21.7941281786098
88.4470607511219,29.240952485407,101.065203571798,21.56374255535
88.0777190243643,29.2718403286005,103.409502202261,20.6302192542327
88.0233497075507,29.4139722164055,104.900376589037,20.5674892107782
88.0392861243016,29.3096699488427,103.937796961752,20.5513696371762
87.954724852644,29.2834176636243,104.134875545162,20.3209410410337
87.9000646873307,29.4262467109376,105.557799670256,20.2601137819133
87.9505733469508,29.386821141847,104.988613829154,20.3661769399493
88.1466940965655,29.4022805906518,104.203685719606,20.8752680764417
88.0736873751801,29.3748989833038,104.287673749447,20.6745438431952
88.2701089492353,29.3912918104503,103.473497428134,21.1846036145344
88.4084709525441,29.2779020612707,101.608802820425,21.4823002550719
88.3238761253775,29.2504734526568,101.873342934149,21.2517189276305
88.8884148504247,29.3507732408447,99.8254537242817,22.7477706567325
88.9375310705444,29.3146373019944,99.9657213850237,22.8571684709401
89.0122692091541,29.3456024963471,100.175305841127,23.0637751081439
89.3085660994695,29.3015629277339,99.5528576880591,23.8048215488065
89.3839626134173,29.3333966950351,99.6848639122444,24.0117816699817
89.4346002370339,29.1954937209638,98.3208631934176,24.0873401918371
89.2600540424993,29.3371083264612,99.8112773177304,23.6958626131861
89.184870752792,29.3054444512778,99.6798593369008,23.4883464591715
89.0252148643422,29.2430664402589,99.1312018283683,23.0517005217126
89.3957200585778,29.2307637118603,98.6652067704804,24.0006588655187
89.1487035481694,29.2385684539419,98.775481212967,23.3678853132384
89.6427312773018,29.2232575172889,99.1681556519744,24.6340241370396
89.6317687778377,29.3260287329476,99.7086184590308,24.6452432502666
89.5581307262134,29.1917544415211,98.705292176984,24.4046647164992
89.5078697638161,29.3297600659267,99.6787427483246,24.3290725940444
89.9286351842741,29.1791790170219,100.648597006552,23.7739347993743
90.2509295771463,29.3019784275864,101.82965963641,21.4133456021235
90.506549972074,29.1861909149681,104.957741750172,22.0987159622047
90.3746640567225,29.2957905090711,102.882724393007,21.8149192578831
90.2977046951472,29.2654888697322,102.509217861985,21.513959053257
90.0033542073497,29.3129661580241,100.655913477821,23.3537474919508
89.8795172333007,29.3177343180501,100.116702270275,25.2786069354892
89.9269571728979,29.2817785488921,100.139483726554,25.3575993530501
89.7556534238971,29.3220602530925,99.8800406478583,24.9623984146434
90.7916163159323,29.2388377170302,105.308778108831,23.1291740854642
91.1167972531629,29.2572480381508,106.952358329832,24.2501980472197
90.9930611448028,29.2626099478721,103.65185133533,23.8392887348805
91.2857368828618,29.2180562863912,104.767390729873,24.7731818152147
91.5330365100267,29.2177192063788,100.031761929621,25.6151879769377
91.7357487960351,29.2604215045493,97.3980945030852,26.3568017268855
91.6121154987279,29.2539717798149,98.8054262807348,25.9278573190514
91.6560225908127,29.1199573150001,97.188440495593,25.9165797771703
91.2405885278657,29.2531702180965,105.543703790643,24.6642068311679
91.7399982119488,29.1589826829648,96.5980096718421,26.2565497469166
91.6565989617968,29.2218743953184,98.1593811064913,26.0417435442967
91.2464419865809,29.1507865234978,104.655515836331,24.5581152030799
91.038581912597,29.2263930669854,105.036829246044,23.9458959843192
90.9996880882365,29.1598894800479,105.399658353333,23.7297194444981
90.8693698853929,29.2688274546958,103.948343891796,23.4308893623456
90.9150818039333,29.2322900139159,105.275920953269,23.5364597950279
90.6681613451411,29.2456522381455,104.531963059147,22.7232345515366
90.7921652396805,29.1362855313321,104.76850773408,22.9952228361797
90.4212175482506,29.2591552434994,103.951412439396,21.9165154674078
90.5455668822528,29.1498656617365,104.398981893377,22.1804438864898
90.4983650860316,29.2892216964562,102.645427817452,22.216536527967
90.544699910864,29.2524928042171,103.77217460637,22.3190105582754
90.6298332585418,29.1794141767164,105.25254937103,22.5043292332365
90.7531056329533,29.1726011186614,105.435289213956,22.9111123288735
90.9094542744192,29.0276039487341,103.641367606952,23.2489942035164
91.0388157677878,29.1239679463546,105.369838923793,23.8171548350853
91.1171371032851,29.0524883408687,105.017895286089,23.9899791234579
91.2856545828667,29.1158077422027,103.779892845334,24.6489873552792
91.1621294946681,29.2214556350707,106.042510063991,24.3579586720118
91.488299836697,29.2509647628295,100.472987166145,25.5023102734117
91.5326298080989,29.1156770934123,98.6903112296858,25.4946205773143
91.3644354390726,29.2509110178408,103.614592772929,25.0813910885712
91.3698981113522,29.1487378144082,102.46676143296,24.9777711882844
91.1622060926958,29.1191239755853,105.088323353861,24.2315986690421
91.2406126067443,29.0485865113802,103.928921445017,24.4052050967765
91.6111638030808,29.0499959791569,97.1770948293831,25.6681741504093
91.4933672190806,29.1490230963291,99.5875668703526,25.3985158511373
91.526970714053,29.013419076386,97.9396175716688,25.3418392554256
91.4091448059853,29.1144351646801,100.754195138969,25.0710487244116
91.3583906261061,28.9442992215395,100.159170120595,24.6840061086504
91.0269277539579,28.9195790712263,104.592304946584,23.5155424274268
90.6688688842702,29.1430572888027,104.622614182911,22.5868044244142
90.9034389149805,28.9254057085706,103.47186350133,23.0980469954944
90.5002873086601,29.0839498694659,103.355268083087,21.9387542513608
90.7469885796093,29.0703895530065,103.998417600841,22.752100897196
90.6627035093021,29.0408363091841,103.650503662899,22.4270926994957
90.8703393024853,29.0637875003842,104.086291257902,23.165455137864
90.2534966674151,29.0966777769981,103.071392376733,21.1237765842248
90.3832430743104,29.192747395724,104.859762377792,21.6941646290751
89.6749084054872,29.0856449908734,98.6825425785545,24.6688701411374
90.123565936487,29.0001642968221,101.140868929709,20.5398339026033
89.8051545238391,29.1837175117293,99.5854734712938,25.0385214339189
90.2988936404458,29.1628360532946,104.22854833569,21.3694880313866
90.3769077610241,29.0904916543171,103.393276283926,21.5264487000523
90.1741567828927,29.2713967297226,101.645021181997,21.1128054758534
90.292508703992,29.0605717741697,103.138486622271,21.2013323847665
90.136531110611,29.2047153124325,103.284273212758,20.8883724685827
90.130051623113,29.102440323726,101.873954575943,20.7150218839137
90.0520881090138,29.1742050345255,103.02435919596,20.56208213666
90.2599042783034,29.1989452801538,104.266871248438,21.2907096223337
90.175508127413,29.1687503309613,103.142600766643,20.9650321059693
89.8896839131545,29.2148270191534,100.154560395356,25.2672397490356
89.8033126647667,29.2862798264574,99.7885184284234,25.0706932422825
89.5192298680835,29.2270596300329,98.8685515301856,24.317382585673
89.432265087105,29.2978793475404,99.3991253202867,24.1212061340242
89.5123990634632,29.1248948571672,98.4281915758634,24.2631100957955
89.311065910513,29.1992468163987,98.1900294901246,23.7703645915543
89.9220341440622,29.0769081487803,100.684772748056,21.4213987918716
89.7662180327923,29.2192178524475,99.5237814645588,24.9507971313203
89.427718535167,29.0933690186569,98.1520445902079,24.0340000179992
89.2722084361742,29.2345322592954,98.686001048557,23.6840240333709
89.1416685416513,29.1366368750482,98.1855844856957,23.3102158669883
89.0640180504488,29.2075536040259,98.3710036311525,23.1368507378738
89.3041154098231,29.0971958946924,98.0187954078993,23.7130646650596
89.1875353589873,29.2031980235974,98.2228182700353,23.4534716610951
89.7595261595968,29.1169714636755,99.0923365480406,24.8980863921528
89.681650835416,29.1878712544261,99.079543182918,24.7216326305242
89.5513183893006,29.0895711121216,98.4069920565464,24.3466552839679
89.7528233385467,29.0147233784138,98.6696904563622,24.8243081050778
89.388820583921,29.1286627145845,98.1177151528209,23.9457884546296
89.3819054785286,29.0265594431494,97.7076748847044,23.8741958083179
89.2652408789207,29.1325100353794,98.0859050791542,23.627775188032
89.2971483266517,28.9951426693985,97.491003414558,23.6414887280695
89.7984825122097,29.0814624111877,99.1399847302967,24.9866487071306
90.0016989893284,28.9028374456575,100.182219965178,19.992867852847
89.7918001334704,28.9792057052138,98.8265738852381,23.6218188812424
89.9255348458843,28.8717095418974,99.4205355015327,19.6935007659375
90.0455585658156,29.0719285722878,101.297108673917,20.3896247573962
90.1625875361618,28.964202691412,101.091959067386,20.6158363952865
90.1690506461016,29.066477005687,101.827898219938,20.7893745990374
90.2470844352512,28.9944093885584,101.686539560915,20.9425529743522
90.4159330372364,29.0542577705119,102.740206706927,21.6024862206394
90.6183611259099,28.8723427454556,100.843287836199,22.0599852632285
90.6565387667116,28.9386145657137,102.143978030074,22.2663926167674
90.7490151848386,28.7626587124695,99.9318470840064,22.3911978062742
89.9154243163406,28.9746358927096,100.391663885603,20.2945974514114
90.0000136356236,29.0054518873051,100.859280891213,20.1235991639595
89.6681540329459,28.9834168886974,98.1920328531756,24.5917528327201
89.7548232008158,28.9121725407035,98.0896550292832,24.7980404645318
89.629195552246,29.0188294537219,98.2481329203047,24.507391521588
89.631352939222,28.9163204044227,97.6039888937827,24.4786295645492
89.0498260549566,29.0038150515176,97.4725990878327,23.0013592889588
89.2608869368306,28.9281320744216,97.1045467248955,23.5223314162721
89.5055541727156,29.0227279621002,97.9735828250158,24.1972358645705
89.5078692725627,28.9202678200565,97.3762947826378,24.1598024224055
89.17347993691,28.9992682462232,97.3907943925695,23.31740020038
89.2582561689821,29.0304854554111,97.7008094601543,23.5618421561878
89.8022982477574,28.8763304766568,98.2399039570158,23.6714890804242
89.9205400455779,28.666825348456,99.2070413441653,19.4274264727786
89.3115980371615,28.7900965670313,96.387748365807,23.6182405698899
89.185912162498,28.8966075776485,96.9684502537017,23.3187869611284
89.3959980275619,28.8214554235667,96.6252004747854,23.8448887010296
89.3091947365532,28.8924618552464,96.9856593652284,23.6372490194657
89.8040782045235,28.7737553549874,97.9355456980058,22.3552166916193
89.8817058040891,28.7025116383477,98.970307767747,19.3355264096092
89.642200467428,28.8135153575512,97.0955843587785,24.4823040226458
89.635406131848,28.7112872410381,96.4007900944505,24.4440782778492
89.2658743364496,28.7234274336623,95.6832394496776,23.4851650463241
89.1497934669997,28.8297661419153,96.574469473337,23.2077136945139
89.1427024687149,28.7278034052269,95.6519736558685,23.1656855059361
89.0653587429243,28.7988990386166,96.4439049467565,22.9806395402511
89.7652842731533,28.8093088307922,97.4841270485877,24.8009475786796
90.004821429968,28.6975917889876,99.4492237080017,19.7524954177565
89.9271596201448,28.769102978698,98.9106501650273,19.5698168024118
90.0113871251349,28.799871940809,99.3458455213995,19.8956163941745
90.1343964074204,28.7945251022199,99.1903946677063,20.3094447514386
90.2898447665607,28.6503635549587,100.010626951438,20.6861758977082
90.1732387063964,28.7585507663044,99.3281649577898,20.4014679420294
90.3739855041854,28.6802977474641,100.93985911801,21.0078078611524
90.1719233004556,28.8611957386873,99.6330001281632,20.5179604114195
90.296230498871,28.752628837727,99.5377373602668,20.817374662427
90.2950689276824,28.8552780208879,99.9151397602935,20.9325530512948
90.3803179751438,28.7825539429012,99.8430306254482,21.1402084398813
90.3717859352843,28.8855880764045,100.483177172494,21.2297235807406
90.5032336906081,28.7760480465217,100.010297944448,21.5565035667759
89.8782736861695,28.9077039602631,99.2932937846375,20.3229888912554
89.8883482573107,28.8047858512683,98.921565852362,19.4833455623834
90.6643354875605,28.8356265210581,100.582071493333,22.1769335097121
90.6199531698844,28.6671292704327,101.255982929516,21.8476299990659
90.6650407777112,28.733034095372,100.819587464424,22.0707484611822
90.7416273969909,28.8655878633278,100.992049527754,22.4751907672741
90.9104757868749,28.8225628694458,104.301213679463,23.0120749131145
91.4030140621264,28.7056108685213,97.0859096310245,24.61023859753
90.4181821511819,28.8489702999609,100.410136819064,21.3459870822795
90.4950847640941,28.8790698486023,100.892248300668,21.6444419801998
90.865891062351,28.6539928943332,102.911451155868,22.6913276520674
90.9948317192235,28.750280236196,103.102315827754,23.2319054415934
90.542124279218,28.739747000769,100.365233493537,21.6522196278908
90.6261286185786,28.7693556454783,100.498933619738,21.974153916473
90.7879538996128,28.7263872884805,100.964545569019,22.4898087939272
90.8719097648096,28.7561961102582,103.024534181076,22.8103678284671
91.7718083887827,28.7199479656072,92.4190765655347,25.9111511722315
91.7663689222313,28.6175765531999,91.746425887748,25.8109923526552
91.1177980325443,28.7452786232437,102.192267187806,23.6535190266515
91.7327601082655,28.7508594800646,93.2807570495856,25.8008196069686
91.156745375311,28.8121494173172,102.537507001226,23.8537879575767
91.6052426146798,28.8456162156407,95.5780430198081,25.4412725985
91.0335867317389,28.8168481655936,103.461103075109,23.4315817017139
91.1115408767787,28.8478579466298,103.249351351551,23.7339160431969
91.6490834120052,28.7116571654024,94.170407600744,25.4753095314027
91.526456304527,28.8091643444393,96.3106269840483,25.1335014935984
91.4869539831034,28.7403752167456,96.2759319780829,24.934269698116
91.6099573589184,28.7438793129037,94.8859324893729,25.3661118040012
91.2799599484277,28.8089787562776,99.4005906705935,24.2769371470928
91.4032125923953,28.8077705654863,97.4135479062703,24.7034854931439
91.9735322005592,28.878210302849,90.4019983521927,26.7524721939518
91.274056986421,28.911392252737,102.038545357971,24.3584726341455
92.0166805419528,28.8509086486684,89.4549954846834,26.8784854824981
91.6055620265499,28.947709603654,96.3429177472827,25.5413752157459
91.4818424590084,28.8423544922423,97.0341093466612,25.0095616280283
91.2347910700473,28.9463843366389,102.771930264886,24.2601427025736
91.3583838371898,28.8420209011567,99.4418361681919,24.5811309458516
91.150463786999,28.914733250964,103.316637862063,23.9359423353156
91.2349375751525,28.8440303475207,101.267260975543,24.1555935923766
91.1112427314562,28.9502932081748,104.159375687393,23.83910276514
90.7873990119634,28.828938798966,100.565663025524,22.5938692857938
90.4940231646099,28.9817081072278,102.424169908144,21.7631472232137
90.5412678278252,28.8423700522842,100.548735479099,21.7610310121272
90.4096185736709,28.9520057832596,101.442378783793,21.4402713211888
90.5330885037961,28.9453927538633,101.913580950788,21.8527958366377
90.6174536490474,28.9749620513395,103.047686453893,22.1764653110358
90.8648997232733,28.8590368878254,102.626150172615,22.8928714341412
90.7408731636206,28.9681771608798,102.615268259425,22.5904294090261
90.8642980358509,28.9615865235191,102.704487265964,23.0037811082699
90.7799831914778,28.9318693277035,101.89185232619,22.68240399286
91.3976918953956,28.9099816749124,98.7732687277136,24.7840402791302
91.1563315253747,29.0169295297095,104.320028260186,24.0741088874881
91.5213231306703,28.9111575111054,97.1651995244419,25.2128597289013
91.2798515937671,29.0136011481925,103.177584270825,24.4865212769355
91.6448648416126,28.915360516795,95.5405295635704,25.6450874885279
91.4876802532014,29.0467793554898,98.7201939570939,25.2505476060584
91.4820042626447,28.9445322373983,97.946567567399,25.1104016176082
91.4034133781358,29.0122098864031,99.7143512419918,24.9099219657346
91.7289336750558,28.954327118475,94.746199040587,25.9731869715763
91.6504371655741,29.0176610626119,96.3824181177164,25.7662337644729
92.0949002722116,28.8980569236102,88.3359402852073,27.1918774552822
91.768159874411,28.9233221500697,93.943538913573,26.0798513586312
91.8964446979636,29.0377174231622,93.000304445473,26.6352477764191
92.5685160333204,29.1255400381566,77.1827555622701,31.5753780088999
92.3751780773524,28.92955531377,79.047634641587,30.6128172261746
91.9743490360375,28.9799997989786,91.1959728641118,26.8476304037974
93.6712224866177,29.6510708027669,63.6715143476392,36.4851580629665
92.6816458657195,28.9655110289897,73.573410308173,31.8628746852974
92.1396677781444,29.0757219742549,88.7583504557651,27.5155087513478
92.9051589587111,29.2619236694994,72.438861760396,33.0471049392774
92.5733703353867,29.2282381215883,77.793965414506,31.7057053012335
92.7232080865516,29.250919041564,75.4191162003956,32.3219947340623
92.8347498233017,29.2976156888357,73.7072386252186,32.8051360898689
93.1595506773134,29.4544006588158,70.5543129766542,34.2591686148562
92.7927487807683,29.1116054350736,72.8594112501914,32.4448071049753
93.7342961577671,29.5236996179651,62.6664549104798,36.5857204669243
92.6807257905828,29.0659555098705,74.6644032786821,31.9546010249078
92.7946656210976,29.2132168622683,73.9214203460478,32.555954512028
92.8301683092766,29.1948638866953,73.149634995682,32.6793903853593
92.6825102602182,29.1675376488109,75.5457844494982,32.0683169949792
92.4513008397372,28.9857904937297,77.9875308859162,30.9685074050289
92.605131472125,29.1048558557174,76.3549834556844,31.7000539741248
92.3353187983954,29.0535785255811,84.268634155124,28.4526030703549
92.4527846151135,29.0873751432684,79.0473055362269,31.0784786121728
92.1344357916143,28.9732026674185,88.0849871516771,27.3988531276878
92.215144643687,28.9226050131577,86.097910385815,27.6348470476894
91.8949424848003,28.8340572553669,91.4440274436873,26.4394875016826
91.8910323968212,28.9353163914455,92.2431681649175,26.5173188408048
91.8512934892878,28.8631043277779,92.2988964328673,26.3123723849355
91.8940888308366,28.73229810665,90.5935827291091,26.3501082320743
92.2556771470877,28.797080125854,84.2054725821391,27.6692646021728
92.6064732013057,29.0044083992947,75.1436072233513,31.6002615415112
92.1374832310265,28.8723659174217,87.2908518935324,27.3191654943029
92.3361548230296,28.8514114855006,81.0397328527513,29.0955016353082
92.2570368179773,28.8986761469298,85.032779108767,27.760048015978
92.3340003423979,28.9519564486965,82.0493343307662,29.2083483977347
92.0979251355755,28.7972358248505,87.4302077336081,27.1168546681492
92.0927230059454,28.6947105852847,86.8282634095546,27.0171045645659
91.8551823220762,28.7618602834546,91.4700927795998,26.2377297865526
91.849794892054,28.6594543992321,90.7065196865975,26.1360792813522
92.4481470676622,28.7826345148267,76.5575024448314,30.7775824978597
92.3736520906514,28.8279918361269,79.3789209404822,29.8375501025166
92.9032893055602,29.0597239512448,70.492383866547,32.8300386269855
93.0073342426724,29.0083604843746,68.6698171641173,33.2086963988506
92.9381098773586,29.0423312613922,69.8804524147418,32.9533064026815
93.0417385669068,28.9917856649168,68.0921541892081,33.3364844740149
92.604647150531,28.9028349780633,74.9894420326916,31.500681925071
92.6769912898514,28.8627611546964,73.2753711200925,31.7578422937132
92.5682018988497,28.9235107718502,75.2912797196281,31.3716067869978
92.7174993410568,28.9461246702057,73.1510196607231,31.9868676961547
92.9403147460867,29.1440207343968,70.5323971618724,33.0587933986577
93.5656063423428,29.3850185939833,63.3247595926161,35.7760810801258
92.7194569974314,29.0477326328901,73.371092147487,32.0931829145235
92.7932920269794,29.0111131181644,71.8624712581727,32.348467726903
92.4916608931285,28.9649726838698,76.8718383800986,31.1103264276662
92.5668834450666,29.0239522525794,76.3587325484364,31.4648103485365
92.9031105726356,29.1602853203325,71.401350642759,32.9300513232234
92.830733752194,29.0943710755143,71.806975953725,32.57793362023
93.3281060205964,29.2785863398899,67.3640612856536,34.7288245719067
93.8362546683897,29.6896201334863,62.7140874867957,37.1694478614506
93.5683919163633,29.4870902047664,64.155256021697,35.8933218334295
93.7693038142221,29.6129546205067,62.9337969026604,36.8179519064929
93.0118029126391,29.2117983173761,70.2026977058896,33.4103315912428
93.5347761544843,29.5000949310587,64.5350894682635,35.777086492831
93.533071448166,29.398701105509,63.7273036610512,35.6595378171594
93.4639387421236,29.3238184208015,64.321147289742,35.3146405372433
93.0459918776016,29.0945626158396,68.7262077437388,33.434824617644
93.1143092915728,29.0621515625361,67.8471431319592,33.6851238952886
93.3612587227653,29.2639609516703,67.0352605327066,34.8448551448437
93.4272769912707,29.2352305279396,64.746946831712,35.0880060013155
93.324148061477,29.1758582933512,66.8183197273848,34.6260505411611
93.2534225664194,29.1029071635071,66.8931968054253,34.27849029662
93.7307899979587,29.4211024489389,62.1199855092401,36.4917391225813
93.8337398876453,29.5876669852158,62.123817353667,37.0455889158115
93.9642510538856,29.6400145309732,61.3070763820308,37.617625784892
94.0307746479083,29.7178793025327,61.8209538022245,37.8873129233944
93.6340982303996,29.4606730951711,63.3622920052193,36.1225036707404
93.7663607578214,29.5107326372866,62.0305361907331,36.7018579530986
94.0623648290849,29.7056738824607,61.8209538022245,37.8873129233944
93.8686269961471,29.6772992448562,62.3624856921927,37.2809684538168
93.9325315283222,29.6524375360479,61.8310127113177,37.501123906366
93.9673360161699,29.7423975729069,62.137958679427,37.7387554520609
93.666386897772,29.4473657289314,62.9302160008696,36.2395023525388
93.6360805741147,29.5622460661175,63.8474113256733,36.2432269763571
93.73654856381,29.6254590130507,63.4649954727533,36.703207581624
93.335783570637,29.5842040509556,69.9135599113227,35.1019224595207
93.3292297749392,29.3796477275568,68.0994433794847,34.8417525063231
93.364980128926,29.4669406719095,68.6874362685249,35.074808374881
93.2574452528751,29.205652927658,67.6699551630646,34.3806644890159
93.1553106389284,29.3516544789292,69.7659929012395,34.1277715911191
93.2599644121221,29.3075172210348,68.1905173525216,34.4887690778179
93.2271506543027,29.4235220006997,69.7169481969907,34.488392757383
93.2239442635294,29.2208267222809,68.0463430448149,34.2578197221835
93.1548306306495,29.2508835755897,68.6492302801147,34.0191865204338
93.2247618754144,29.321738797338,68.6020904792189,34.3646104398077
93.0139702584118,29.3134803698226,71.1414162372772,33.5304391157135
93.1189945306963,29.2656972030773,69.2226890814364,33.89242863864
93.0483072617076,29.1963063986954,69.4035940461059,33.5385983920965
93.3638724997084,29.365889962578,67.6609053458246,34.9619452083096
93.2648918343328,29.5111502214492,69.9504289809701,34.7395268417789
93.4390817959493,29.6437445422839,68.9933815573576,35.5719399552813
93.4351269886069,29.5410581282274,68.7425535030447,35.4362237417831
93.0484528154685,29.2969636825582,70.4559090050312,33.6464628540597
93.0528053324654,29.3997207706241,71.2484699310357,33.7814658494116
93.7715435941572,29.7147006711915,63.5275917764065,36.9469837889521
93.5374506444109,29.6020695244503,65.0591214498491,35.9052250778397
93.4666404194013,29.4258176100133,66.0200898314476,35.4299500598884
93.4680446130567,29.5270280942775,68.3085153747614,35.5488815316396
93.6692533437251,29.5495110571464,63.5416385308272,36.3575697358863
93.4719502763284,29.6297071560374,67.5082190294892,35.6832540527944
93.9700955744139,29.8445367649783,62.7333159909435,37.873581647772
94.0655156568398,29.8081410814283,62.2816090069297,37.9866727558911
94.0685261460842,29.9104852044658,63.370227523698,38.1858603861349
93.7393910896233,29.7275769879003,63.8081935384173,36.8390469270887
93.8426872625962,29.8943673629236,63.9921962200247,37.4453770011231
93.7430150373318,29.8301659517444,64.3811518371285,36.9800991218841
93.7751175744373,29.8172785653048,64.082024687288,37.0868966959642
93.6388411222753,29.6642909398827,64.4432646975338,36.3733169576783
93.5700824291217,29.5884714999717,64.6669796449955,36.0165980624257
93.6425751724905,29.7669153071182,65.0221679090639,36.5114774102609
93.5777091170824,29.7937638595863,67.1171186304584,36.2993229331263
93.781827012002,30.022061289812,65.2314138757864,37.4215882786206
94.0750378071634,30.1154167104008,64.2266492189067,38.4637860801547
93.5738773396364,29.6911197681548,65.3122271316254,36.1537246929007
93.5451746985597,29.8073805063021,68.5555397475953,36.1952108992285
93.8745918700431,29.8817799494782,63.6179614290318,37.5524830612877
93.8780939967039,29.9843188656835,64.3897408855952,37.7032954725295
92.9141386116873,29.5679329188242,74.2268656960897,33.4951903265631
93.341126752246,29.7879340107394,70.8674802918832,35.4397133984934
93.2313269820891,29.5262552693486,70.3893767713347,34.628130127212
93.0228024663733,29.5189854203675,72.4242917516574,33.8190441434913
93.1255629950754,29.470176648764,71.0015299751046,34.1450975332468
92.9490781246684,29.4500899656996,73.0576815196749,33.4454112165613
93.3689971455152,29.569646459206,69.5030838556906,35.2113557130676
93.1638229460917,29.557140344729,71.2626163881143,34.4080474322316
93.3317185309665,29.4814914446468,69.2500322772448,34.9582967768676
93.2607640383969,29.4084209865858,69.3581204215827,34.6030049847645
93.4758916958017,29.7323813990427,69.6184899255509,35.8326825686857
93.5412944050008,29.7047272191435,66.1936688103305,36.045415662148
93.0183710704604,29.4162364421034,71.8444318836648,33.6669193069273
92.9142188041257,29.4674246479986,73.6738363501146,33.3498338747856
92.7185126287843,29.1481827529192,74.7805802858663,32.1891158003297
92.6099409510129,29.2075654926099,77.0506518586547,31.8259902430045
92.909674235178,29.3646778839072,73.0542057409395,33.1795038877449
92.8393597095733,29.4003598865157,74.3388543276547,32.949925594791
92.7992940219805,29.3159627800433,74.4081505855621,32.6897705798191
92.5770164457524,29.4313098385489,79.0374453811086,32.0072352402667
92.4899056094993,29.0654558933559,78.147669829226,31.2004102927393
92.4948253041616,29.1681320678901,78.8395887301177,31.3277369490766
91.9797094520158,29.0824370392984,91.9575953003155,26.9758446700997
92.4627379647837,29.29268333615,80.1784994613913,31.3743340429017
92.0185220248413,29.0544038703668,90.9927906289234,27.0743088006854
92.1011532715475,29.1022838750719,89.7513653965302,27.4075988335807
92.3729998877819,29.0301126182694,81.6686561632698,29.6610347342648
92.259557195474,29.1019314719537,86.6843758260898,27.9563009192748
91.9850872434129,29.1848680985584,92.7707328314487,27.1266872086197
91.8590211474465,29.2709513406309,95.7569098422048,26.7908650749722
91.8573842767729,29.0673838870373,93.8738915734507,26.5299152651235
91.9018733057666,29.1401127438037,93.8849234624093,26.7799570474923
91.7791623346437,29.1280173954402,95.8168740111854,26.3561080128405
91.8628450922951,29.1697613511622,94.7873994923492,26.6876946525507
92.1064417096718,29.2047761241466,90.4981860400351,27.5671687319992
92.3403897911718,29.1561903312896,85.382798825279,28.2900147077235
92.3454828870278,29.2587945661743,86.1293450309481,28.447972464316
92.3780288526796,29.1327422665383,84.5537420730428,28.3972328177682
92.6872533270553,29.2702624873923,76.0819543071178,32.1999937504665
92.5782497400111,29.3309283255496,78.38146043105,31.872673762348
92.4997691004214,29.2708004334834,79.3760053044512,31.478422708478
92.4577494707224,29.1900331502199,79.6468830856278,31.2062209690031
92.2647107146377,29.2045026204721,87.2551398205753,28.0906174633692
92.6911927466618,29.4733652947228,77.2283117953829,32.5064291244688
92.6147760185363,29.3102672483676,77.5534125366317,31.9696709887875
92.6167014816854,29.4117934575362,78.1786617971907,32.1374501433237
92.803950356107,29.4187010034341,75.0006928812129,32.8540901850287
92.7279305410282,29.35364753595,75.8687715569295,32.4693691976886
92.3830804355358,29.2353642543043,85.358701346164,28.5353206450319
92.3434075175866,29.3592769614652,86.4921311697255,28.8894940559665
92.0249625610315,29.2585107289054,92.6521335521529,27.3463806624785
92.1449192672513,29.1782343748618,89.4880898123073,27.6597470139871
92.2661559913043,29.3060507638816,88.1470325192052,28.230778402363
92.1034905279585,29.305536454914,91.4611292352126,27.6680184593764
92.2266685731754,29.2293616990452,88.2661522826473,27.9981822212032
92.2241573972195,29.3299583667583,89.2057980156678,28.1123892795683
92.1461971944713,29.2798091184876,90.3651467511887,27.7862129218164
91.9816970837057,29.2858235561828,93.6265131152123,27.2290147088805
92.3846967189632,29.3368780610029,83.92374598001,29.9781621430548
92.7299918402311,29.4552110650346,76.4514521918919,32.6360534342267
92.8035009481168,29.5191380787384,75.6957636098325,33.0031686257091
93.023071648552,29.6195970134834,72.9889298526455,33.9895205202755
93.166366798645,29.6589058380336,71.6955023762634,34.5792285377555
93.8489073093185,30.0988555718256,65.2193884733982,37.8076485621529
93.9480676976259,30.1640363142674,64.8128347588199,38.2867691835792
93.4787313163313,29.8343554027825,70.032178533109,36.018397254598
93.4430720180607,29.7464259162357,69.8859246511264,35.7247441809227
93.2355363803377,29.6289823601974,71.1570101857213,34.7707654785179
93.2364680197294,29.7298519848718,71.3153584898209,34.9638791977674
93.2690530662453,29.6138734752774,70.7577068647955,34.8807554874343
93.3398828649215,29.6869110294664,70.4113095708417,35.2680281358997
93.2716997425347,29.7157061431264,71.020119925398,35.0810011235832
93.1304895901519,29.6736507036252,71.9947883232602,34.4743392183099
93.1298826522013,29.5729187412751,71.6276517508803,34.3141673648296
93.6786301374906,29.8562949601948,65.0342177604833,36.772142103054
93.580637659687,29.8958137604977,66.6989870761318,36.4969704639311
93.7466776897294,29.932751857366,65.1172183922636,37.134831456472
93.6484686187902,29.9710837663328,66.1721501323809,36.8646891139199
93.9800835097853,30.1519187168672,64.3965585744569,38.3516302317578
94.0466625005834,30.229900591694,64.9323617259159,38.7688969274037
94.0783568553973,30.2178815022593,64.9323617259159,38.7688969274037
93.7490762515625,30.0344909521506,65.7807252659327,37.3328853076
93.6816447739856,29.9584221688885,65.8269795237674,36.9508851463411
93.8812680037578,30.0866099113597,64.8832647251104,37.8881823414839
