74.0289659066006,33.5245239940017,0
74.116371872378,33.4143021881634,0
74.2044652602609,33.3034392146422,0
74.2929773996126,33.1923751028843,0
74.3816610631648,33.0815308095997,0
74.4702927651962,32.9713039312986,0
74.5586744051856,32.8620650261566,0
74.6466342579251,32.7541545675767,0
74.7340273260124,32.6478805388381,0
74.8207350845317,32.5435166663102,0
74.9066646603844,32.4413012779035,0
74.9917474999639,32.3414367637565,0
75.075937588493,32.2440896076386,0
75.1592092921944,32.1493909502038,0
75.2415549004058,32.0574376390532,0
75.3229819486796,31.9682937155706,0
75.4035104057462,31.8819922846532,0
75.483169806981,31.798537710773,0
75.5619964146985,31.7179080822147,0
75.6400304813269,31.6400578848302,0
75.7173136854049,31.5649208271497,0
75.7938868025951,31.4924127601461,0
75.8697876647514,31.422434637282,0
75.9450494497906,31.3548754635831,0
76.0196993339925,31.2896151862886,0
76.0937575267205,31.2265274840171,0
76.1672366957477,31.1654824162343,0
76.2401417797232,31.1063489000107,0
76.3124701731427,31.048996986471,0
76.3842122588128,30.993299914861,0
76.455352253474,30.93913592765,0
76.5258693242306,30.8863898354538,0
76.5957389269074,30.8349543256891,0
76.6649343125588,30.7847310136641,0
76.7334281451892,30.7356312391986,0
76.8011941723362,30.6875766157873,0
76.8682088905046,30.6404993427224,0
76.9344531494427,30.5943422934641,0
76.9999136428182,30.5490588958658,0
77.0645842377946,30.5046128216527,0
77.128467102159,30.4609775038262,0
77.19157359476,30.418135501479,0
77.253924892851,30.3760777318906,0
77.3155523382285,30.3348025898061,0
77.37649749256,30.2943149735294,0
77.436811900751,30.2546252369661,0
77.4965565693641,30.2157480860848,0
77.5558011747649,30.1777014374945,0
77.6146230226258,30.1405052560135,0
77.6731057865213,30.1041803872724,0
77.7313380584565,30.068747400592,0
77.7894117482131,30.0342254566255,0
77.8474203713017,30.0006312135642,0
77.9054572670798,29.9679777850871,0
77.9636137892354,29.9362737626622,0
78.0219775104068,29.9055223142805,0
78.080630481285,29.8757203711796,0
78.139647582221,29.8468579135687,0
78.1990950022683,29.8189173657671,0
78.2590288768452,29.7918731104622,0
78.3194941109498,29.7656911309632,0
78.380523410241,29.7403287893242,0
78.4421365374417,29.7157347470143,0
78.5043398065607,29.6918490334032,0
78.5671258224834,29.6686032656923,0
78.6304734686537,29.6459210220554,0
78.6943481409483,29.6237183676731,0
78.7587022215096,29.6019045310623,0
78.8234757823053,29.5803827256586,0
78.8885975045674,29.5590511090437,0
78.9539857970535,29.5378038695759,0
79.019550093288,29.5165324275338,0
79.0851923055729,29.4951267353002,0
79.1508084116103,29.4734766586493,0
79.2162901480282,29.45147341894,0
79.2815267839361,29.429011074028,0
79.3464069468367,29.405988014051,0
79.4108204727583,29.3823084469881,0
79.4746602523441,29.357883848091,0
79.5378240448129,29.3326343469779,0
79.6002162321891,29.306490026404,0
79.6617494869779,29.2793921074948,0
79.72234632754,29.2512939975564,0
79.7819405367907,29.2221621784443,0
79.8404784215313,29.1919769158722,0
79.8979198917066,29.1607327729128,0
79.9542393411888,29.1284389142568,0
80.0094263143105,29.0951191914707,0
80.0634859453043,29.0608120034629,0
80.1164391610482,29.0255699305478,0
80.16832264104,28.9894591447865,0
80.2191885322949,28.9525586036015,0
80.269103920854,28.9149590378965,0
80.3181500657268,28.8767617499731,0
80.366421405325,28.838077240327,0
80.4140243506856,28.7990236858379,0
80.4610758839445,28.7597252948533,0
80.5077019845146,28.7203105671479,0
80.5540359091371,28.6809104886401,0
80.6002163553127,28.6416566920384,0
80.6463855404756,28.6026796152204,0
80.6926872315469,28.5641066891207,0
80.7392647611111,28.5260605862021,0
80.7862590673122,28.4886575592346,0
80.8338067946115,28.4520058981317,0
80.8820384917389,28.4162045300458,0
80.9310769414795,28.3813417848578,0
80.9810356543786,28.3474943446828,0
81.0320175550384,28.314726392145,0
81.0841138854845,28.2830889680301,0
81.1374033451729,28.2526195446128,0
81.1919514817021,28.2233418165741,0
81.2478103403155,28.1952657070865,0
81.3050183739799,28.1683875824389,0
81.3636006093773,28.1426906646224,0
81.423569057715,28.1181456276752,0
81.4849233530508,28.0947113603917,0
81.5476515950049,28.0723358753021,0
81.6117313674929,28.0509573416883,0
81.6771309006194,28.0305052188681,0
81.7438103392707,28.0109014650715,0
81.8117230793757,27.9920617969723,0
81.8808171313562,27.9738969753011,0
81.9510364700316,27.9563140929446,0
82.0223223312117,27.939217843458,0
82.0946144173935,27.9225117499503,0
82.1678519783368,27.9060993367394,0
82.2419747367273,27.8898852289489,0
82.3169236345468,27.8737761682171,0
82.3926413819837,27.8576819358119,0
82.4690727975564,27.841516177587,0
82.5461649353867,27.8251971282674,0
82.623867003011,27.808648235416,0
82.7021300805304,27.791798686023,0
82.7809066590326,27.7745838408883,0
82.8601500228403,27.7569455837841,0
82.9398135060282,27.7388325937366,0
83.0198496586072,27.7202005496272,0
83.10020936163,27.701012276685,0
83.1808409330813,27.6812378443255,0
83.2616892676854,27.6608546242291,0
83.3426950536261,27.639847316581,0
83.4237941076224,27.6182079510895,0
83.504916866859,27.5959358678226,0
83.5859880720127,27.573037681143,0
83.6669266701561,27.5495272281688,0
83.7476459598155,27.5254255013213,0
83.8280539930963,27.5007605627431,0
83.908054241781,27.4755674367461,0
83.9875465258939,27.4498879750695,0
84.0664281946586,27.4237706886416,0
84.14459554131,27.3972705388069,0
84.2219454251164,27.3704486806342,0
84.298377066467,27.3433721509801,0
84.3737939742171,27.3161134944554,0
84.4481059588581,27.2887503213187,0
84.5212311806809,27.2613647925711,0
84.5930981790608,27.2340430291201,0
84.6636478274204,27.206874443759,0
84.7328351583885,27.1799509968139,0
84.8006310051803,27.1533663785798,0
84.8670234082659,27.1272151240168,0
84.9320187408894,27.1015916675359,0
84.9956425128591,27.0765893479959,0
85.0579398190921,27.0522993761752,0
85.1189754074926,27.0288097789114,0
85.1788333496724,27.0062043357477,0
85.2376163075339,26.9845615252304,0
85.295444398614,26.9639534989317,0
85.3524536730458,26.944445101768,0
85.4087942247945,26.9260929572528,0
85.4646279691984,26.9089446359247,0
85.5201261275532,26.8930379243521,0
85.5754664672864,26.8784002108343,0
85.6308303529749,26.8650480022282,0
85.686399668883,26.8529865842667,0
85.742353677695,26.8422098353434,0
85.7988658825787,26.8327002010744,0
85.8561009605705,26.8244288340709,0
85.9142118344952,26.8173559003327,0
85.9733369482308,26.8114310505656,0
86.0335978061588,26.8065940516092,0
86.0950968321892,26.8027755700948,0
86.1579155969556,26.7998980975052,0
86.2221134537896,26.7978770030385,0
86.2877266151049,26.7966216981365,0
86.3547676910643,26.7960368942807,0
86.4232257020975,26.7960239337218,0
86.4930665662344,26.7964821712282,0
86.5642340515735,26.7973103837521,0
86.6366511737695,26.7984081841236,0
86.7102220084463,26.7996774145351,0
86.7848338791691,26.8010234956512,0
86.8603598732443,26.8023567077054,0
86.9366616303762,26.8035933808994,0
87.0135923432505,26.8046569738116,0
87.0909999045793,26.8054790203225,0
87.168730132135,26.8059999277682,0
87.2466300018835,26.8061696115919,0
87.3245508195312,26.8059479546668,0
87.4023512626035,26.805305082642,0
87.4799002285364,26.8042214500892,0
87.5570794290774,26.8026877358261,0
87.6337856774554,26.8007045495069,0
87.7099328221114,26.7982819553289,0
87.7854532891138,26.7954388224235,0
87.8602992045028,26.7922020151136,0
87.9344430774839,26.7886054396343,0
88.0078780354054,26.7846889670566,0
88.0806176115424,26.7804972549512,0
88.1526950966579,26.7760784927028,0
88.2241624748632,26.7714830972787,0
88.2950889732575,26.7667623876139,0
88.3655592629727,26.7619672665546,0
88.4356713564208,26.7571469394795,0
88.5055342515792,26.752347698275,0
88.5752653789361,26.74761179828,0
88.6449879101754,26.7429764541498,0
88.7148279897402,26.7384729783509,0
88.7849119510745,26.7341260832253,0
88.8553635786049,26.7299533643169,0
88.9263014744423,26.7259649789909,0
88.9978365854329,26.7221635303811,0
89.0700699416655,26.7185441624479,0
89.143090651984,26.7150948675059,0
89.2169741955924,26.7117970030761,0
89.2917810416451,26.7086260104203,0
89.3675556209565,26.7055523227101,0
89.4443256658103,26.7025424465578,0
89.5221019254982,26.6995601966642,0
89.6008782568308,26.6965680597008,0
89.6806320806334,26.6935286602938,0
89.7613251873175,26.6904062991951,0
89.8429048671772,26.6871685314373,0
89.9253053342281,26.6837877505493,0
90.0084494063223,26.6802427437671,0
90.0922503990416,26.6765201826651,0
90.1766141865857,26.6726160137625,0
90.2614413796025,26.6685367144522,0
90.3466295677082,26.6643003810605,0
90.4320755733398,26.659937617976,0
90.51767766359,26.6554921995698,0
90.603337667778,26.6510214800512,0
90.6889629506781,26.6465965304308,0
90.7744681945308,26.6423019863487,0
90.8597769471043,26.6382355956177,0
90.9448228981174,26.6345074598591,0
91.0295508521496,26.6312389704881,0
91.113917372673,26.6285614454461,0
91.1978910789145,26.6266144793598,0
91.2814525847762,26.6255440261346,0
91.3645940768769,26.6255002392049,0
91.4473185367895,26.6266351006682,0
91.5296386205986,26.6290998761479,0
91.6115752168387,26.6330424373609,0
91.6931557115616,26.6386044988411,0
91.7744119965626,26.6459188189916,0
91.8553782635338,26.6551064184631,0
91.9360886329628,26.6662738707078,0
92.0165746718242,26.6795107203294,0
92.0968628583884,26.6948870845031,0
92.1769720556829,26.7124514912135,0
92.2569110571742,26.7322290053679,0
92.336676269012,26.7542196899788,0
92.4162495926117,26.7783974446368,0
92.495596569397,26.804709257476,0
92.5746648461551,26.8330748998618,0
92.6533830146646,26.863387085239,0
92.7316598730776,26.8955121050925,0
92.8093841490066,26.9292909459682,0
92.8864247154946,26.9645408821355,0
92.9626313211291,27.0010575289386,0
93.0378358446596,27.0386173323669,0
93.1118540727628,27.0769804610543,0
93.1844879872874,27.1158940579971,0
93.2555285356248,27.1550958009213,0
93.3247588450571,27.1943177126171,0
93.3919578292987,27.2332901558405,0
93.456904123266,27.2717459417053,0
93.5193802706725,27.3094244759794,0
93.5791770786587,27.3460758644644,0
93.6360980446149,27.3814648967637,0
93.6899637529331,27.4153748273099,0
93.740616133895,27.4476108735606,0
93.7879224735074,27.4780033538352,0
93.8317790620632,27.5064103913454,0
93.8721143707039,27.532720116575,0
93.9088916494411,27.5568523072702,0
93.9421108470677,27.5787594138605,0
93.9718097632015,27.5984269281027,0
93.9980643553866,27.6158730640595,0
94.0209881396908,27.6311477331097,0
94.0407306415187,27.644330808463,0
94.0574748742917,27.6555296895244,0
73.9820473664851,33.6910384945656,-3
74.0988305435771,33.6110750532239,-3
74.1857727073431,33.4999194505566,-3
74.2729553849107,33.3883553715229,-3
74.3601482143439,33.2768146749777,-3
74.4471387580343,33.1657007592243,-3
74.533736800749,33.0553876662593,-3
74.6197775264413,32.9462193368436,-3
74.7051234908261,32.8385089234276,-3
74.7896654118744,32.7325381473639,-3
74.8733592771269,32.6285941402899,-3
74.9595261123598,32.5302700345677,-3
75.0447098827851,32.4343246765715,-3
75.1288762932647,32.3408841172206,-3
75.2120096735559,32.2500419421963,-3
75.2941104137785,32.1618607752475,-3
75.3751922665897,32.0763741344005,-3
75.4552795984989,31.9935885852396,-3
75.5344046700973,31.9134861343979,-3
75.6126050202945,31.8360268063926,-3
75.6899210230853,31.7611513478954,-3
75.7663936771291,31.6887840053762,-3
75.8420626787536,31.6188353247015,-3
75.9169648181921,31.5512049246317,-3
75.9911327272495,31.4857842001261,-3
76.0645939945086,31.4224589158405,-3
76.1373706519988,31.3611116550606,-3
76.2094790253004,31.3016240944548,-3
76.2809299277065,31.2438790803264,-3
76.3517291686275,31.1877624873837,-3
76.4218783371931,31.1331648463195,-3
76.4913758142477,31.0799827315915,-3
76.5602179598337,31.0281199056277,-3
76.6284004189843,30.977488220165,-3
76.6959194862804,30.9280082794904,-3
76.7627734692121,30.8796098739481,-3
76.8289639918907,30.8322321951537,-3
76.8944971840009,30.7858238469064,-3
76.9593847049322,30.7403426678079,-3
77.0236445595898,30.6957553830912,-3
77.087301670237,30.6520371041634,-3
77.1503881776023,30.6091706949161,-3
77.2129434541,30.5671460240007,-3
77.2750138220781,30.5259591220664,-3
77.3366519801896,30.4856112624714,-3
77.3979161510041,30.4461079832781,-3
77.4588689725227,30.4074580674773,-3
77.5195761650661,30.3696724974346,-3
77.5801050128343,30.3327633985421,-3
77.6405227060608,30.2967429860623,-3
77.700894594949,30.2616225281818,-3
77.7612824103401,30.227411337388,-3
77.8217425082412,30.1941158014582,-3
77.8823241958952,30.1617384646039,-3
77.9430681960054,30.1302771686483,-3
78.004005303081,30.0997242635136,-3
78.0651552817285,30.0700658957383,-3
78.1265260512037,30.0412813832054,-3
78.1881131938045,30.0133426837193,-3
78.2498998169092,29.9862139644742,-3
78.3118567898395,29.9598512788037,-3
78.3739433674768,29.9342023558389,-3
78.4361082028925,29.9092065078257,-3
78.4982907414098,29.88479465883,-3
78.5604229787138,29.8608894973931,-3
78.6224315560916,29.8374057543743,-3
78.6842401568334,29.8142506057529,-3
78.7457721594488,29.7913241985596,-3
78.8069534958418,29.7685202964001,-3
78.8677156561018,29.7457270392481,-3
78.9279987762545,29.7228278103584,-3
78.9877547412888,29.6997022013299,-3
79.0469502331406,29.676227064576,-3
79.1055696521246,29.652277640787,-3
79.1636178406255,29.6277287474464,-3
79.221122539685,29.6024560131362,-3
79.278136512454,29.5763371412769,-3
79.3347392732768,29.5492531861461,-3
79.391038367365,29.5210898235184,-3
79.4471701535192,29.4917385981155,-3
79.5033000510342,29.4610981302447,-3
79.5607485087711,29.4302015516735,-3
79.6258120140871,29.4050394908113,-3
79.6917091564234,29.3785086143117,-3
79.7588091132942,29.3506430750135,-3
79.8274367569186,29.3214230363762,-3
79.8976838751693,29.2905897291066,-3
79.9689655771845,29.2572060627854,-3
80.0391624259409,29.2188032783225,-3
80.1044844791668,29.1712497580285,-3
80.1761910405908,29.1254757235675,-3
80.253758668649,29.0806462910829,-3
80.3163477378679,29.0156330963119,-3
80.3985097022636,28.9647265533919,-3
80.4675305635595,28.8949841622639,-3
80.5440422688192,28.8268465023028,-3
80.62210445229,28.7542232402757,-3
80.7217007328606,28.6969932817483,-3
80.826382542232,28.6386519627964,-3
80.9362791057759,28.5793238331279,-3
81.0514744833402,28.5191418744254,-3
81.1720050957706,28.4582465262507,-3
81.2978579331342,28.3967846727322,-3
81.4289694836848,28.3349085982556,-3
81.56522540882,28.2727749193763,-3
81.7064609748658,28.2105434991715,-3
81.8524622378237,28.1483763493308,-3
82.0029679625817,28.0864365245223,-3
82.1576722438694,28.0248870130367,-3
82.3261116368754,27.9737734815958,-3
82.5154874957752,27.9408416349091,-3
82.7028065395009,27.9036722832346,-3
82.8788883066797,27.8536828643112,-3
83.0408643160184,27.7886203285755,-3
83.2223921417886,27.7427686976699,-3
83.3967472925359,27.6900342889463,-3
83.5666151516769,27.6337309728508,-3
83.7356079962002,27.5780905852599,-3
83.9046560646761,27.5246475697604,-3
84.0726390818256,27.4728643548343,-3
84.2530139734484,27.4367532900345,-3
84.4358119801029,27.4068684304726,-3
84.5986091418054,27.3612712126336,-3
84.7412062656976,27.3002061923646,-3
84.874978609303,27.235447124699,-3
85.0085343059944,27.1759524477222,-3
85.1611458576688,27.1412945194594,-3
85.3116110996348,27.1105190250946,-3
85.4579904142165,27.0818813321185,-3
85.6001056354923,27.0553452250333,-3
85.7378188357545,27.030862188753,-3
85.8710318224881,27.0083720374521,-3
85.9996851765289,26.9878036778997,-3
86.1237568775781,26.9690760032561,-3
86.2432605677361,26.9520989104236,-3
86.3582435067136,26.9367744309997,-3
86.4687842739015,26.9229979628118,-3
86.5749902725878,26.9106595860264,-3
86.6769950903813,26.8996454450418,-3
86.7855924530139,26.900475860438,-3
86.8898054473273,26.9018787753967,-3
86.9860522114774,26.8999596658854,-3
87.0764161098949,26.8964758676924,-3
87.1635135351676,26.8937084031455,-3
87.2504863595749,26.8944582770847,-3
87.3322244210847,26.8932725807317,-3
87.4090269753309,26.8901092962473,-3
87.4872490777409,26.8909867354368,-3
87.5648087258931,26.8934934199977,-3
87.6406666703853,26.8962702968438,-3
87.7141259730577,26.8983123605717,-3
87.7840309053854,26.8981692764488,-3
87.8492761969455,26.8944560212849,-3
87.9100350309753,26.8870819528617,-3
87.9677447439153,26.8772372838842,-3
88.0270355870927,26.8693223421985,-3
88.0980797547482,26.8732968486826,-3
88.1671369512892,26.8752255156282,-3
88.2338834208636,26.8746069199664,-3
88.2984746106612,26.8714358553358,-3
88.3617268899688,26.8663846169756,-3
88.4247048488501,26.8603897745094,-3
88.4882709279296,26.8542012135345,-3
88.552983727161,26.8482798209758,-3
88.6191676934125,26.8428665382217,-3
88.6869903372065,26.8380589532437,-3
88.7565118522486,26.8338603225823,-3
88.827713580351,26.8302074792541,-3
88.900514920534,26.8269872349405,-3
88.9747854090487,26.8240480089678,-3
89.0503567047759,26.8212114206195,-3
89.1270380535132,26.8182874169504,-3
89.2046370731222,26.8150947736178,-3
89.2829841691242,26.8114852711272,-3
89.3619542731544,26.8073652294177,-3
89.4414775894224,26.8027060746241,-3
89.5215350382419,26.7975396144308,-3
89.6021417742671,26.7919413861701,-3
89.6833269403575,26.7860102247626,-3
89.7651166874638,26.7798510671944,-3
89.8475233488787,26.7735638687643,-3
89.9305403344115,26.7672381845436,-3
90.0176761769751,26.7644868377817,-3
90.1056086001019,26.7620995347751,-3
90.1933896556362,26.7592474682908,-3
90.2809153849291,26.7559523580982,-3
90.3680902890476,26.7522502116194,-3
90.4548279092693,26.7481911060173,-3
90.5410518224283,26.7438392989253,-3
90.6266969828497,26.7392736048042,-3
90.7117112106239,26.7345878445007,-3
90.7960565457578,26.72989109787,-3
90.8797101871155,26.7253074910433,-3
90.9626648114808,26.7209753285104,-3
91.0449281897107,26.7170455037208,-3
91.1265221388246,26.7136792453918,-3
91.2074809346541,26.711045343718,-3
91.2878493451992,26.7093170370317,-3
91.3676804374988,26.708668732478,-3
91.4470332790215,26.7092727023254,-3
91.526612934616,26.7119381768929,-3
91.6058223538127,26.7161624475775,-3
91.6843006427361,26.7216684911537,-3
91.7621103620022,26.7285917712626,-3
91.8393289429055,26.7370713210579,-3
91.9165943096972,26.7477952031156,-3
91.9942809387368,26.7611765818991,-3
92.0719095428642,26.7767635975361,-3
92.149495245497,26.794587901475,-3
92.2270387284447,26.8146563296084,-3
92.3045246633033,26.8369500099047,-3
92.3819202821631,26.8614237431831,-3
92.4591741196741,26.8880056680166,-3
92.5362149664565,26.9165972251822,-3
92.6129510809081,26.9470734412274,-3
92.6892697118274,26.979283553884,-3
92.7650369873164,27.0130520037402,-3
92.8400982258236,27.048179816515,-3
92.9142787228949,27.0844463985017,-3
92.9873850623667,27.1216117644353,-3
93.059206993575,27.1594192123926,-3
93.1295199067169,27.1975984543786,-3
93.1980879264834,27.2358692036044,-3
93.2646676287236,27.2739452092652,-3
93.3295154634197,27.3120418139555,-3
93.3921732790076,27.3496614268868,-3
93.4521294636552,27.3862544333185,-3
93.5091867711832,27.4215866193336,-3
93.5631657847161,27.455442083112,-3
93.6139090906094,27.4876267296108,-3
93.661285193081,27.5179714091705,-3
93.7051920606143,27.5463346262061,-3
93.7455601966745,27.5726047496828,-3
93.782355131371,27.5967016641293,-3
93.8155792375129,27.6185778084627,-3
93.8452727841159,27.638218559858,-3
93.871514152835,27.6556419311967,-3
93.8944191580084,27.6708975632314,-3
93.9141394289302,27.6840650063913,-3
93.9308598335214,27.6952513020597,-3
73.9301803208012,34.0207902779665,-5
74.0179586371952,33.9103542380405,-5
74.106445661202,33.7992592175131,-5
74.1953694215473,33.6879430579606,-5
74.2844785576069,33.5768245837777,-5
74.3735445986139,33.466299393966,-5
74.4623636085988,33.3567362693746,-5
74.5507572006917,33.2484742159648,-5
74.63857293897,33.1418201514061,-5
74.7256841594349,33.0370472301416,-5
74.8119892537778,32.9343937910342,-5
74.8974104701611,32.8340629018527,-5
74.981892294128,32.7362224662166,-5
75.0653994798085,32.6410058512035,-5
75.1479148066914,32.5485129876537,-5
75.2294366402869,32.4588118902838,-5
75.3099763759745,32.3719405410386,-5
75.3895558442195,32.2879090766546,-5
75.4682047522069,32.2067022201445,-5
75.5459582318925,32.1282818958062,-5
75.6228545576717,32.0525899683462,-5
75.6989330885337,31.9795510487294,-5
75.7742324799511,31.9090753123291,-5
75.8487892001518,31.8410612787647,-5
75.9226363741537,31.7753985073647,-5
75.9958029673454,31.7119701673644,-5
76.0683133088313,31.6506554475974,-5
76.1401869435535,31.5913317764504,-5
76.2114387917047,31.5338768290544,-5
76.2820795844526,31.4781703049617,-5
76.3521165367771,31.4240954657493,-5
76.4215542115185,31.3715404279689,-5
76.4903955237131,31.3203992125009,-5
76.5586428310837,31.2705725565524,-5
76.6262990552221,31.2219684991689,-5
76.6933687785482,31.1745027551282,-5
76.7598592645068,31.1280988953841,-5
76.8257813525524,31.0826883548018,-5
76.891150185112,31.0382102897481,-5
76.9559857306953,30.9946113091715,-5
77.0203130753905,30.9518451031671,-5
77.0841624638624,30.9098719926943,-5
77.1475690803625,30.8686584231742,-5
77.2105725698514,30.8281764232089,-5
77.2732163088161,30.7884030477175,-5
77.3355464444444,30.7493198224677,-5
77.3976107292005,30.7109122043954,-5
77.4594571852919,30.6731690693407,-5
77.521132639797,30.6360822359876,-5
77.5826811761691,30.5996460319624,-5
77.6441425512997,30.56385690531,-5
77.7055506292419,30.5287130820055,-5
77.7669318830181,30.494214267827,-5
77.8283040146838,30.4603613908802,-5
77.8896747410528,30.4271563793611,-5
77.9510407883129,30.3946019677997,-5
78.0123871333188,30.362701524068,-5
78.0736865228227,30.3314588888621,-5
78.1348992944939,30.3008782191797,-5
78.1959735155151,30.2709638274947,-5
78.2568454460659,30.2417200088586,-5
78.317440326352,30.2131508490035,-5
78.3776734772594,30.1852600076474,-5
78.4374516964402,30.1580504725689,-5
78.4966749238848,30.1315242815733,-5
78.5552381440117,30.1056822111784,-5
78.613033485173,30.0805234326483,-5
78.6699524723858,30.0560451378425,-5
78.7258883851617,30.0322421391896,-5
78.7807386696005,30.0091064498712,-5
78.8344073524802,29.98662685198,-5
78.8868074049274,29.9647884619372,-5
78.9378630043586,29.9435723037803,-5
78.9875116456938,29.9229549020227,-5
79.0357060562732,29.902907906596,-5
79.0824158733377,29.8833977628889,-5
79.1276290482493,29.8643854400592,-5
79.1713529476589,29.8458262305957,-5
79.2136151284346,29.8276696335268,-5
79.2544637701615,29.8098593327026,-5
79.2939677562486,29.7923332802165,-5
79.3322164019592,29.775023893287,-5
79.3693188348488,29.7578583708017,-5
79.4054030400056,29.740759133274,-5
79.4406145889779,29.7236443871943,-5
79.4751150772443,29.7064288117432,-5
79.5090803003912,29.6890243626122,-5
79.5426982037455,29.6713411843313,-5
79.5761666439761,29.6532886191065,-5
79.6096910040844,29.6347762968102,-5
79.643481705214,29.6157152875488,-5
79.6777516598114,29.5960192952494,-5
79.7127137108659,29.5756058680793,-5
79.7485781012771,29.5543975993456,-5
79.7855500158663,29.5323232909319,-5
79.8238272362363,29.5093190504326,-5
79.8635979456348,29.4853292930436,-5
79.9050387172915,29.4603076200699,-5
79.9483127154386,29.4342175477064,-5
79.9935681335031,29.407033062616,-5
80.040936888869,29.3787389848445,-5
80.0905335882519,29.3493311238166,-5
80.1424547722229,29.318816219589,-5
80.1967784418705,29.2872116692133,-5
80.2535638651143,29.2545450468951,-5
80.312851654888,29.2208534360942,-5
80.3746641064072,29.1861826002648,-5
80.4390057761292,29.1505860244482,-5
80.5058642808949,29.1141238612789,-5
80.5752112922083,29.0768618130548,-5
80.6470036977266,29.038869978314,-5
80.7211848998783,29.0002216881939,-5
80.7976862201315,28.9609923551252,-5
80.8764283768357,28.921258354095,-5
80.9573230047657,28.8810959546752,-5
81.0402741854842,28.8405803201524,-5
81.1251799593815,28.7997845883293,-5
81.211933792677,28.7587790467887,-5
81.3004259756973,28.7176304135851,-5
81.3905449322778,28.6764012323868,-5
81.4821784240353,28.6351493890172,-5
81.5752146374049,28.593927754127,-5
81.6695431455598,28.5527839543851,-5
81.7650557415034,28.5117602721237,-5
81.8616471425754,28.4708936708668,-5
81.9592155702123,28.430215941658,-5
82.0576632119213,28.3897539626441,-5
82.1568965749559,28.3495300620443,-5
82.2568267430484,28.3095624724882,-5
82.3573695487017,28.2698658628294,-5
82.4584456739651,28.2304519319664,-5
82.5599806923266,28.191330048003,-5
82.661905063409,28.1525079152755,-5
82.7641540906368,28.113992251399,-5
82.866667850068,28.0757894565462,-5
82.9693910962831,28.0379062576672,-5
83.0722731487623,28.0003503112709,-5
83.1752677596979,27.9631307496844,-5
83.2783329618663,27.926258657354,-5
83.3814308931511,27.8897474656857,-5
83.4845275927151,27.8536132571048,-5
83.5875927627686,27.8178749713677,-5
83.6905994894488,27.78255450963,-5
83.7935239165679,27.7476767342987,-5
83.8963448669026,27.7132693652089,-5
83.9990434072585,27.6793627751184,-5
84.1016023556924,27.6459896898427,-5
84.2040057319006,27.61318480053,-5
84.3062381547721,27.5809842975395,-5
84.4082841943046,27.5494253371256,-5
84.5101276883343,27.5185454536024,-5
84.6117510376707,27.4883819308515,-5
84.7131344960897,27.4589711479295,-5
84.8142554740762,27.4303479141096,-5
84.9150878770757,27.4025448089579,-5
85.0156015002122,27.3755915429895,-5
85.1157615018635,27.3495143540752,-5
85.2155279781123,27.3243354540882,-5
85.3148556588865,27.3000725392885,-5
85.4136937445835,27.2767383766687,-5
85.5119858991916,27.2543404769338,-5
85.6096704124498,27.23288086299,-5
85.7066805395369,27.2123559407979,-5
85.8029450222685,27.192756477237,-5
85.8983887909586,27.1740676872692,-5
85.9929338411137,27.1562694302244,-5
86.0865002741344,27.1393365125086,-5
86.1790074863502,27.1232390915084,-5
86.2703754861624,27.1079431729924,-5
86.3605263149453,27.0934111919491,-5
86.4493855437862,27.0796026646147,-5
86.5368838152217,27.0664748974912,-5
86.6229583969436,27.0539837374913,-5
86.7075547130531,27.0420843460325,-5
86.7906278178781,27.0307319789736,-5
86.8721437776493,27.0198827537936,-5
86.9520809264484,27.0094943853743,-5
87.0304309647699,26.9995268721882,-5
87.1071998717289,26.989943115612,-5
87.1833793575954,26.981680208735,-5
87.2685527288061,26.9842552743231,-5
87.3482922007207,26.9831628925293,-5
87.4236384135925,26.9793548765118,-5
87.499811760354,26.9779520053169,-5
87.5735540341144,26.9755862200688,-5
87.6433314083411,26.9706042923695,-5
87.7197389156951,26.9734731247732,-5
87.7972520352985,26.9785322850816,-5
87.8702196550813,26.9799880309636,-5
87.9368910224706,26.9759414267018,-5
87.9975539626959,26.9665278183011,-5
88.0541922415424,26.9535755295225,-5
88.1130155834312,26.9431372744473,-5
88.1872469655517,26.9482788912421,-5
88.2570672837689,26.9490254763358,-5
88.3225369454464,26.9452844567807,-5
88.3863810032523,26.9396321981854,-5
88.4501679191953,26.9334942201871,-5
88.5139890695993,26.9268261134198,-5
88.5780850285703,26.9197411792312,-5
88.642977090906,26.9126432374695,-5
88.7091327793476,26.9058933324312,-5
88.7768464327734,26.8996914197702,-5
88.8462542436194,26.8940923900088,-5
88.917371937064,26.8890446098391,-5
88.9905059707096,26.8848018500125,-5
89.0667975582971,26.8824678949447,-5
89.1445615531293,26.8803358629206,-5
89.2238699400324,26.8784719805637,-5
89.3047269026486,26.8768907750061,-5
89.3870416009149,26.8755278169289,-5
89.4706158503782,26.8742272062287,-5
89.5551579680617,26.8727550668519,-5
89.6403257501459,26.8708420195912,-5
89.7257922965865,26.8682483531375,-5
89.8113158012732,26.8648330187398,-5
89.8967809952017,26.8605941441849,-5
89.9821879533665,26.855656787446,-5
90.0699470359051,26.8525667114756,-5
90.1580523265619,26.8494625553933,-5
90.2458662079086,26.845859054716,-5
90.3333060538827,26.8418323055143,-5
90.4203043991309,26.8374784471521,-5
90.5068038061954,26.8329070006435,-5
90.5927506117664,26.8282330605698,-5
90.6780887842533,26.8235695901277,-5
90.762755330256,26.8190212747072,-5
90.8466787529457,26.8146814551733,-5
90.9297818380311,26.8106334349045,-5
91.0119891340108,26.8069565456769,-5
91.0932377418611,26.8037356057439,-5
91.1734881755547,26.8010705492632,-5
91.2527315841703,26.7990825348608,-5
91.3309912720711,26.7979144858014,-5
91.4083190697232,26.7977266289273,-5
91.4847887944367,26.7986892844845,-5
91.5610493944187,26.8015355109046,-5
91.6366709946176,26.8059068311626,-5
91.7113454671269,26.8115536687221,-5
91.7851222395526,26.8185712084477,-5
91.8580748704291,26.8270662100077,-5
91.9308741948937,26.8377305716444,-5
92.0039761375568,26.8510297319956,-5
92.0786768211418,26.8682585253474,-5
92.1579478362939,26.8923773386338,-5
92.237062120026,26.918638996841,-5
92.3159651759138,26.9469610859458,-5
92.3945822420066,26.9772342921979,-5
92.4728177475809,27.0093230696365,-5
92.5505552354681,27.0430667816317,-5
92.6276577763061,27.0782813110708,-5
92.7039688915973,27.1147611244109,-5
92.7793139920521,27.1522817654246,-5
92.8535023265347,27.1906027452561,-5
92.9263294251791,27.2294707865768,-5
92.9975800081492,27.2686233713503,-5
93.0670313193004,27.3077925341637,-5
93.13445683194,27.3467088364126,-5
93.1996302622415,27.3851054509795,-5
93.2623298149464,27.4227222825542,-5
93.3223425760674,27.4593100455114,-5
93.3794689586767,27.494634219377,-5
93.4335271008102,27.528478801456,-5
93.4843571092985,27.5606497772041,-5
93.531825040199,27.5909782314412,-5
93.575826505657,27.6193230275359,-5
93.6162897986629,27.6455729872354,-5
93.6531784314317,27.6696485108516,-5
93.686492990126,27.6915025860065,-5
93.7162722184305,27.7111211430344,-5
93.742593255093,27.7285227263785,-5
93.7655709659383,27.7437574638256,-5
93.7853563289871,27.756905329111,-5
93.8021338520455,27.7680737082139,-5
74.049519875214,34.1701068764694,-10
74.1371752087174,34.0599079438732,-10
74.2255169034972,33.9490676217776,-10
74.3142731658487,33.8380254753159,-10
74.4031934615066,33.7272019551895,-10
74.4920508587751,33.6169941168681,-10
74.5806437250781,33.507771950863,-10
74.6687967777407,33.3998753464441,-10
74.7563615045268,33.293611698139,-10
74.8432159831007,33.1892541523864,-10
74.9292641409756,33.0870404808507,-10
75.0144345084807,32.9871725571677,-10
75.0986785266375,32.8898164053173,-10
75.1819684794355,32.7951027804093,-10
75.2642951256994,32.7031282364421,-10
75.3456651094464,32.6139566305454,-10
75.4260982293005,32.527621009342,-10
75.5056246471331,32.4441258203361,-10
75.5842821137024,32.3634493896336,-10
75.6621132847397,32.2855466067802,-10
75.7391631948474,32.2103517580117,-10
75.815476948908,32.1377814506908,-10
75.8910976817043,32.067737574071,-10
75.9660648263913,32.0001102447025,-10
76.040412721639,31.9347806886711,-10
76.1141695760112,31.8716240173362,-10
76.1873567967857,31.8105118581913,-10
76.259988679288,31.7513148077829,-10
76.3320724422194,31.6939046791785,-10
76.4036085847131,31.6381565221315,-10
76.4745915322036,31.5839503997401,-10
76.5450105308802,31.5311729109131,-10
76.6148507446879,31.4797184532387,-10
76.6840945046654,31.4294902257973,-10
76.7527226579494,31.3804009759899,-10
76.8207159630382,31.332373498506,-10
76.8880564788603,31.2853408980705,-10
76.9547288977506,31.2392466305727,-10
77.0207217764485,31.1940443395653,-10
77.0860286245345,31.1496975069444,-10
77.1506488160842,31.1061789378982,-10
77.2145882975096,31.063470100983,-10
77.2778600723178,31.0215603444926,-10
77.3404844515684,30.9804460101968,-10
77.4024890669006,30.9401294650905,-10
77.4639086508606,30.9006180710884,-10
77.5247845966511,30.8619231116882,-10
77.5851643161389,30.8240586935648,-10
77.6451004207995,30.7870406399159,-10
77.7046497551112,30.750885391197,-10
77.7638723156206,30.715608927712,-10
77.8228300914217,30.6812257273874,-10
77.881585863096,30.6477477709858,-10
77.9402019972653,30.6151836060067,-10
77.9987392728689,30.5835374795942,-10
78.0572557731698,30.5528085499048,-10
78.1158058744493,30.5229901845741,-10
78.1744393584988,30.4940693541411,-10
78.233200671518,30.4660261275074,-10
78.2921283470603,30.4388332757148,-10
78.3512546053913,30.4124559894783,-10
78.4106051362289,30.3868517149945,-10
78.4701990664772,30.3619701115319,-10
78.530049109406,30.3377531331903,-10
78.5901618869059,30.3141352359684,-10
78.6505384120806,30.2910437099162,-10
78.7111747156254,30.2683991346583,-10
78.7720625962552,30.2461159549823,-10
78.8331904729317,30.2241031715102,-10
78.8945443148283,30.2022651397301,-10
78.9561086238597,30.1805024689083,-10
79.0178674441719,30.158713010652,-10
79.0798053731953,30.1367929252044,-10
79.1419085496638,30.1146378119607,-10
79.2041655953129,30.0921438892485,-10
79.2665684887343,30.069209207153,-10
79.3291133519799,30.0457348761289,-10
79.3918011329175,30.0216262933634,-10
79.4546381689395,29.9967943483615,-10
79.5176366203589,29.9711565890375,-10
79.5808147646125,29.9446383297377,-10
79.644197145182,29.9171736830787,-10
79.7078145718792,29.8887064982788,-10
79.7717039717996,29.8591911897638,-10
79.8359080927876,29.828593441233,-10
79.9004750636713,29.7968907720515,-10
79.9654578178011,29.7640729547604,-10
80.0309133885628,29.7301422746348,-10
80.0969020875397,29.6951136245344,-10
80.1634865778634,29.6590144307395,-10
80.2307308570345,29.6218844080077,-10
80.2986991651094,29.5837751446827,-10
80.3674548356237,29.5447495212912,-10
80.437059107972,29.5048809686358,-10
80.5075699211393,29.4642525739005,-10
80.5790407096885,29.4229560456808,-10
80.651519223703,29.3810905511096,-10
80.725046394931,29.3387614403348,-10
80.7996552716524,29.2960788754909,-10
80.875370044734,29.2531563829608,-10
80.9522051869224,29.2101093491378,-10
81.030164726614,29.1670534810314,-10
81.1092416760978,29.1241032539181,-10
81.1894176325711,29.0813703687862,-10
81.2706625680717,29.0389622425665,-10
81.3529348218416,28.996980554059,-10
81.4361813055633,28.9555198680529,-10
81.5203379284026,28.9146663594038,-10
81.6053302449099,28.8744966577524,-10
81.6910743246153,28.8350768321737,-10
81.7774778376877,28.7964615333201,-10
81.8644413463901,28.7586933085857,-10
81.9518597873476,28.72180210349,-10
82.0396241249584,28.6858049598675,-10
82.1276231517343,28.6507059185932,-10
82.2157454070608,28.616496131494,-10
82.3038811819435,28.5831541838338,-10
82.3919245738643,28.5506466253608,-10
82.4797755530157,28.51892870441,-10
82.5673419990144,28.4879452960238,-10
82.6545416658029,28.4576320115397,-10
82.7413040319051,28.4279164736598,-10
82.8275719935611,28.3987197377269,-10
82.9133033595753,28.3699578368467,-10
82.9984721089764,28.3415434256838,-10
83.0830693758119,28.3133874952814,-10
83.1671041295574,28.2854011291716,-10
83.2506035246537,28.2574972694141,-10
83.3336128985257,28.2295924600782,-10
83.4161954039908,28.2016085351074,-10
83.4984312691028,28.1734742175314,-10
83.5804166850793,28.1451265976334,-10
83.662262330851,28.1165124589867,-10
83.7440915507975,28.0875894232462,-10
83.8260382102111,28.0583268872467,-10
83.9082442607623,28.0287067293137,-10
83.9908570555575,27.9987237657462,-10
84.0740264600766,27.9683859431717,-10
84.1579018111944,27.9377142578995,-10
84.2426287814445,27.9067423994889,-10
84.3283462095439,27.8755161225019,-10
84.4151829608215,27.8440923577887,-10
84.5032548824952,27.8125380826665,-10
84.5926619186397,27.7809289778894,-10
84.6834854481474,27.7493479079502,-10
84.7757859059993,27.7178832687319,-10
84.8696007437635,27.686627251061,-10
84.9649427794837,27.6556740693163,-10
85.0617989801258,27.6251182015875,-10
85.1601297116219,27.5950526835348,-10
85.2598684824817,27.5655674932239,-10
85.3609221970938,27.536748059203,-10
85.4631719244454,27.5086739190295,-10
85.5664741772671,27.4814175503551,-10
85.6706626858075,27.4550433915681,-10
85.7755506398101,27.4296070639113,-10
85.8809333620437,27.4051548019815,-10
85.9865913671859,27.3817230946294,-10
86.0922937511887,27.3593385335766,-10
86.1978018486947,27.3380178626006,-10
86.3028730897982,27.3177682159949,-10
86.4072649826206,27.2985875312359,-10
86.5107391449178,27.2804651174527,-10
86.6130653063421,27.263382358469,-10
86.7140252030902,27.2473135268997,-10
86.8134162884879,27.2322266841048,-10
86.9110551865506,27.2180846397474,-10
87.0067808206387,27.2048459442957,-10
87.1004571558845,27.1924658880615,-10
87.1919755019452,27.180897481259,-10
87.2812563316532,27.1700923910873,-10
87.368250581081,27.1600018139337,-10
87.4529404071766,27.1505772634156,-10
87.5353393902247,27.1417712580556,-10
87.6154921796751,27.1335378958307,-10
87.6934735931195,27.1258333065657,-10
87.7693871891267,27.1186159770493,-10
87.8433633450291,27.1118469477347,-10
87.915556880371,27.1054898838398,-10
87.9861442753767,27.0995110274732,-10
88.0553205413011,27.0938790409897,-10
88.1232958057406,27.0885647550143,-10
88.1902916807988,27.0835408374008,-10
88.2565374853384,27.0787814017123,-10
88.3222663943648,27.0742615755983,-10
88.3877115888762,27.0699570506187,-10
88.4531024782943,27.0658436356376,-10
88.5186610649385,27.0618968358345,-10
88.5845985159886,27.0580914786931,-10
88.6511120031376,27.054401407026,-10
88.7183818637871,27.0507992572333,-10
88.7865691303555,27.0472563386083,-10
88.8558134662104,27.0437426266696,-10
88.926231538106,27.0402268802741,-10
88.9979158459606,27.0366768887412,-10
89.0709340215727,27.0330598514665,-10
89.1453285985984,27.0293428886213,-10
89.2211172470043,27.0254936775994,-10
89.2982934564187,27.0214812059856,-10
89.3768276445,27.0172766280508,-10
89.456668658759,27.012854208226,-10
89.5377456333367,27.0081923317325,-10
89.6199701561651,27.0032745596361,-10
89.7032386968057,26.9980907031057,-10
89.7874352411441,26.9926378896587,-10
89.8724340760611,26.9869215927162,-10
89.9581026652438,26.9809565949236,-10
90.0443045564351,26.974767855448,-10
90.1309022606633,26.9683912518762,-10
90.2177600452977,26.9618741684272,-10
90.304746585117,26.9552759039651,-10
90.3917374188916,26.9486678757496,-10
90.4786171632044,26.9421335979808,-10
90.565281440284,26.9357684179388,-10
90.6516384824144,26.9296789968544,-10
90.7376103819182,26.9239825275058,-10
90.8231339626767,26.9188056858367,-10
90.9081612565483,26.9142833195546,-10
90.992659575757,26.9105568825699,-10
91.0766111802274,26.9077726301735,-10
91.160012546827,26.9060795958809,-10
91.2428732554165,26.9056273767611,-10
91.3252145143764,26.9065637596769,-10
91.407067355767,26.9090322260379,-10
91.4884705373488,26.9131693772751,-10
91.569468195233,26.9191023271443,-10
91.6501072968295,26.9269461100286,-10
91.7304349488893,26.9368011565404,-10
91.8104956197003,26.9487508888082,-10
91.8903283377855,26.9628594878257,-10
91.9699639316654,26.9791698840816,-10
92.0494223763195,26.9977020203631,-10
92.1287103118179,27.0184514321524,-10
92.2078187981656,27.0413881864395,-10
92.2867213676433,27.0664562141327,-10
92.3653724318456,27.0935730646541,-10
92.4437060952019,27.1226301038658,-10
92.5216354200534,27.1534931683411,-10
92.5990521804054,27.1860036803145,-10
92.6758271323699,27.2199802185919,-10
92.7518108191664,27.2552205314609,-10
92.8268349175093,27.2915039683911,-10
92.9007141204509,27.3285942982475,-10
92.9732485394673,27.3662428730405,-10
93.0442265959946,27.4041920880816,-10
93.1134283600035,27.4421790819729,-10
93.1806292807856,27.479939613292,-10
93.2456042432158,27.5172120452765,-10
93.308131871623,27.5537413653943,-10
93.3679989933378,27.5892831635101,-10
93.4250051652866,27.6236074905157,-10
93.4789671599264,27.6565025188446,-10
93.5297233016336,27.6877779272948,-10
93.5771375416156,27.71726793506,-10
93.621103158698,27.7448339138355,-10
93.6615459751523,27.770366512309,-10
93.6984269811985,27.7937872342514,-10
93.7317442690385,27.815049419741,-10
93.7615341873307,27.8341385887481,-10
93.7878716398894,27.8510721172986,-10
93.8108694680799,27.8658982286606,-10
93.8306768748035,27.8786942953708,-10
93.8474768690064,27.8895644623487,-10
74.2754116755681,34.4160307446789,-15
74.3630011772053,34.3058488122306,-15
74.4512634726634,34.1950267023397,-15
74.5399263124861,34.084003802209,-15
74.6287390236279,33.9732003336021,-15
74.7174748985738,33.8630130705772,-15
74.8059329332311,33.7538116695257,-15
74.8939389127555,33.6459356340485,-15
74.9813458592095,33.5396919241462,-15
75.0680338686507,33.4353532071985,-15
75.1539093777539,33.3331567373121,-15
75.2389039111872,33.2333038398369,-15
75.3229723705156,33.1359599692326,-15
75.4060909332424,33.0412553010098,-15
75.4882546365785,32.9492858121965,-15
75.5694747245526,32.8601147996785,-15
75.6497758390909,32.7737747818397,-15
75.7291931356772,32.6902697261464,-15
75.8077694022069,32.6095775436786,-15
75.8855522557405,32.53165279104,-15
75.9625914861994,32.4564295205565,-15
76.0389366088032,32.383824221117,-15
76.1146346784598,32.3137387943533,-15
76.1897284096398,32.2460635140139,-15
76.2642546348066,32.1806799202562,-15
76.3382431235232,32.1174636050578,-15
76.4117157732528,32.0562868499211,-15
76.4846861719264,31.9970210823819,-15
76.5571595218689,31.939539123421,-15
76.6291329049564,31.8837172035862,-15
76.7005958601611,31.8294367313339,-15
76.7715312371598,31.7765858026905,-15
76.8419162835994,31.7250604466856,-15
76.9117239190639,31.6747656060473,-15
76.9809241458341,31.6256158572685,-15
77.0494855452025,31.5775358783034,-15
77.117376808362,31.5304606757737,-15
77.1845682526512,31.4843355866226,-15
77.2510332770819,31.4391160716493,-15
77.3167497154228,31.3947673202709,-15
77.3817010504864,31.3512636872334,-15
77.4458774594126,31.3085879828457,-15
77.5092766664586,31.2667306386943,-15
77.5719045868103,31.2256887707703,-15
77.6337757520124,31.1854651615519,-15
77.6949135145224,31.1460671819142,-15
77.7553500354226,31.1075056728417,-15
77.8151260652803,31.0697938058562,-15
77.8742905333817,31.0329459399088,-15
77.9328999649401,30.9969764912647,-15
77.9910177493262,30.9618988316771,-15
78.0487132848263,30.9277242289362,-15
78.1060610269013,30.8944608427083,-15
78.1631394674205,30.8621127874717,-15
78.2200300719409,30.8306792733026,-15
78.2768162008816,30.8001538342703,-15
78.3335820385259,30.7705236532461,-15
78.3904115512853,30.7417689910095,-15
78.4473874937483,30.7138627266079,-15
78.5045904778349,30.6867700149904,-15
78.5620981170514,30.6604480669518,-15
78.6199842545267,30.6348460553711,-15
78.6783182803303,30.6099051506016,-15
78.7371645406539,30.5855586866332,-15
78.7965818388583,30.5617324583102,-15
78.8566230262285,30.538345148442,-15
78.9173346785772,30.5153088820905,-15
78.9787568536235,30.4925299036767,-15
79.0409229233343,30.4699093708372,-15
79.1038594751339,30.4473442572022,-15
79.1675862760148,30.4247283544989,-15
79.2321162940542,30.4019533626363,-15
79.2974557725882,30.3789100547459,-15
79.3636043532247,30.355489502575,-15
79.4305552449107,30.3315843461943,-15
79.4982954373041,30.3070900907381,-15
79.5668059576716,30.2819064118634,-15
79.636062171341,30.2559384508505,-15
79.7060341263337,30.2290980797697,-15
79.7766869431324,30.2013051169615,-15
79.8479812505548,30.1724884732046,-15
79.919873668418,30.1425872094096,-15
79.9923173370551,30.111551487464,-15
80.0652624928364,30.0793433969673,-15
80.1386570876719,30.0459376420183,-15
80.2124474490828,30.0113220739361,-15
80.2865789758967,29.975498057787,-15
80.3609968630147,29.9384806628214,-15
80.4356468470941,29.9002986693757,-15
80.5104759634802,29.8609943874154,-15
80.5854333033776,29.8206232846649,-15
80.6604707591522,29.7792534251375,-15
80.7355437448814,29.7369647218046,-15
80.8106118788534,29.6938480101003,-15
80.8856396147319,29.6500039518759,-15
80.9605968085458,29.6055417822915,-15
81.0354592095644,29.5605779148827,-15
81.1102088644585,29.515234422654,-15
81.1848344258943,29.4696374154715,-15
81.2593313588209,29.4239153362147,-15
81.3337020401203,29.3781972000748,-15
81.4079557499222,29.332610802992,-15
81.4821085556433,29.2872809264969,-15
81.5561830926042,29.242327567101,-15
81.6302082478015,29.1978642188543,-15
81.704218755956,29.1539962377132,-15
81.7782547192411,29.1108193159207,-15
81.8523610640044,29.0684180936704,-15
81.9265869492688,29.0268649338977,-15
82.0009851427651,28.9862188841064,-15
82.0756113806585,28.9465248467059,-15
82.1505237269626,28.9078129764158,-15
82.2257819478841,28.8700983199132,-15
82.3014469150174,28.8333807091011,-15
82.3775800494641,28.7976449151954,-15
82.4542428166335,28.762861066342,-15
82.5314962787783,28.7289853267409,-15
82.6094007093267,28.695960830362,-15
82.688015269899,28.663718857375,-15
82.7673977476638,28.6321802364851,-15
82.8476043475272,28.6012569515685,-15
82.9286895306763,28.5708539264528,-15
83.0107058883543,28.5408709574935,-15
83.0937040375259,28.5112047598675,-15
83.1777325234245,28.4817510903502,-15
83.2628377129221,28.4524069068543,-15
83.3490636623097,28.4230725232794,-15
83.4364519434588,28.3936537173239,-15
83.5250414134661,28.3640637489,-15
83.6148679147599,28.3342252477153,-15
83.7059638952236,28.3040719304438,-15
83.7983579411107,28.2735501107131,-15
83.8920742192837,28.2426199688421,-15
83.9871318295046,28.2112565528196,-15
84.0835440719937,28.1794504873424,-15
84.1813176401016,28.1472083737153,-15
84.2804517525591,28.1145528699396,-15
84.3809372441923,28.0815224472181,-15
84.4827556380651,28.0481708262329,-15
84.5858782255668,28.0145661037207,-15
84.6902651838492,27.9807895868992,-15
84.7958647621057,27.9469343600042,-15
84.9026125693585,27.9131036133928,-15
85.0104309966017,27.8794087711913,-15
85.1192288052749,27.8459674581492,-15
85.2289009121058,27.8129013500803,-15
85.3393283973607,27.7803339549086,-15
85.4503787595399,27.7483883728148,-15
85.5619064346257,27.7171850842512,-15
85.6737535922482,27.6868398136422,-15
85.7857512147273,27.6574615144413,-15
85.8977204580373,27.6291505179207,-15
86.0094742865166,27.6019968837292,-15
86.1208193658085,27.5760789849762,-15
86.2315581912756,27.5514623545339,-15
86.3414914221975,27.5281988125729,-15
86.450420385633,27.5063258882294,-15
86.558149708108,27.4858665409573,-15
86.6644900284507,27.466829179734,-15
86.7692607412791,27.4492079710742,-15
86.8722927179975,27.4329834199557,-15
86.9734309507469,27.4181232014465,-15
87.0725370646561,27.4045832152219,-15
87.1694916449662,27.3923088304033,-15
87.2641963281371,27.3812362843615,-15
87.3565756098483,27.3712941963849,-15
87.4465783277742,27.3624051554804,-15
87.5341787830479,27.3544873410734,-15
87.6193774712698,27.3474561359864,-15
87.702201401605,27.3412256927788,-15
87.7827039907592,27.3357104172327,-15
87.8609645272299,27.3308263363925,-15
87.9370872099901,27.3264923229722,-15
88.0111997744699,27.3226311530028,-15
88.0834517271511,27.3191703791378,-15
88.1540122180937,27.3160430079083,-15
88.2230675880801,27.31318797524,-15
88.2908186336397,27.3105504205482,-15
88.3574776388535,27.3080817655411,-15
88.4232652274301,27.3057396093323,-15
88.4884070919821,27.3034874564475,-15
88.5531306596766,27.3012942986838,-15
88.6176617544304,27.2991340754342,-15
88.6822213155831,27.296985039952,-15
88.7470222315188,27.2948290610341,-15
88.8122663440823,27.2926508907219,-15
88.878141675917,27.2904374288443,-15
88.9448199281341,27.288177014576,-15
89.0124542901324,27.2858587736952,-15
89.0811775970394,27.2834720479527,-15
89.1511008632979,27.2810059299945,-15
89.2223122135131,27.2784489236904,-15
89.2948762239689,27.2757887456302,-15
89.3688336803667,27.2730122790513,-15
89.4442017494961,27.2701056866885,-15
89.5209745548519,27.2670546840977,-15
89.599124138819,27.2638449700186,-15
89.6786017870736,27.2604628054325,-15
89.7593396844211,27.2568957282375,-15
89.84125286551,27.2531333860213,-15
89.9242414188156,27.2491684653537,-15
90.0081928980588,27.2449976924344,-15
90.0929848918604,27.2406228769003,-15
90.178487699989,27.2360519681874,-15
90.2645670630537,27.2313000921128,-15
90.3510868919427,27.2263905343422,-15
90.4379119437095,27.2213556371695,-15
90.5249103919383,27.2162375765823,-15
90.6119562418584,27.2110889879243,-15
90.6989315435661,27.205973410595,-15
90.7857283606134,27.2009655251143,-15
90.8722504558579,27.1961511595023,-15
90.95841466177,27.1916270462225,-15
91.0441519082812,27.1875003158403,-15
91.1294078876397,27.18388771898,-15
91.2141433425238,27.1809145740215,-15
91.2983339707505,27.1787134441501,-15
91.3819699472053,27.1774225537343,-15
91.4650550709989,27.1771839604326,-15
91.5476055532183,27.1781415057681,-15
91.6296484678774,27.1804385730301,-15
91.7112198956631,27.1842156871137,-15
91.792362796707,27.1896079961552,-15
91.8731246547765,27.1967426794344,-15
91.9535549408558,27.2057363298746,-15
92.0337024489596,27.2166923624761,-15
92.1136125610955,27.2296985020847,-15
92.1933245014424,27.2448244049632,-15
92.2728686419619,27.2621194686702,-15
92.3522639227092,27.2816108837342,-15
92.4315154499873,27.3033019785655,-15
92.5106123341384,27.3271709058948,-15
92.589525826133,27.3531697145615,-15
92.668207808191,27.3812238443659,-15
92.7465896884398,27.411232073877,-15
92.8245817431097,27.4430669418804,-15
92.9020729420365,27.4765756531367,-15
92.9789312843729,27.5115814687577,-15
93.0550046614956,27.5478855710705,-15
93.1301222532975,27.5852693825256,-15
93.204096452521,27.6234973081846,-15
93.2767252997256,27.6623198617825,-15
93.3477953991147,27.7014771264449,-15
93.4170852730082,27.7407024930291,-15
93.4843691005082,27.7797266118691,-15
93.5494207741424,27.8182814875821,-15
93.6120181972602,27.8561046416329,-15
93.6719477350051,27.892943263651,-15
93.729008723055,27.9285582701234,-15
93.783017931314,27.9627281880895,-15
93.8338138745905,27.9952527818908,-15
93.8812608592603,28.0259563428788,-15
93.9252526541991,28.0546905652688,-15
93.9657156760523,28.0813369360241,-15
94.0026115833342,28.1058085727337,-15
94.035939181025,28.1280514508766,-15
94.0657355473039,28.1480449706983,-15
94.0920763068619,28.1658018243779,-15
94.1150749908258,28.1813671365932,-15
94.1348814416494,28.1948168660943,-15
94.1516792422651,28.206255472214,-15
74.3703756760705,34.4514696187911,-20
74.4578432376591,34.3412073928861,-20
74.5459845870087,34.2303075889908,-20
74.6345300429636,34.1192112857352,-20
74.7232317410243,34.0083404836598,-20
74.8118659869743,33.8980937926364,-20
74.9002349497153,33.7888427267475,-20
74.9881676924432,33.6809286294256,-20
75.0755205563035,33.5746602387509,-20
75.1621769246689,33.4703118909667,-20
75.2480464089971,33.3681223495347,-20
75.3330635086676,33.2682942374398,-20
75.4171858070705,33.1709940419879,-20
75.5003917743666,33.0763526540303,-20
75.5826782536092,32.9844663974022,-20
75.6640577112013,32.895398499369,-20
75.7445553348979,32.8091809490331,-20
75.824206062721,32.7258166879253,-20
75.903051624268,32.6452820753752,-20
75.9811376720395,32.5675295706658,-20
76.0585110747266,32.4924905743865,-20
76.1352174370531,32.4200783727334,-20
76.2112989019961,32.3501911306904,-20
76.2867922812668,32.2827148829796,-20
76.361727549118,32.2175264752856,-20
76.4361267231634,32.1544964124403,-20
76.5100031442818,32.0934915748859,-20
76.5833611561477,32.0343777696973,-20
76.6561961738114,31.9770220876218,-20
76.7284951203323,31.9212950428687,-20
76.8002372010282,31.8670724776339,-20
76.8713949766669,31.8142372184753,-20
76.941935690095,31.7626804765531,-20
77.0118227955103,31.7123029883464,-20
77.0810176359355,31.6630158976663,-20
77.149481212481,31.614741383558,-20
77.2171759886878,31.5674130419894,-20
77.2840676745468,31.5209760320277,-20
77.3501269376058,31.4753869995199,-20
77.4153309927344,31.4306137931271,-20
77.4796650274601,31.3866349889457,-20
77.5431234260803,31.3434392409265,-20
77.6057107627939,31.3010244749262,-20
77.6674425416186,31.2593969445558,-20
77.7283456686479,31.2185701670878,-20
77.7884586499955,31.1785637576181,-20
77.8478315163762,31.1394021794998,-20
77.9065254824541,31.1011134288457,-20
77.964612355691,31.0637276706593,-20
78.0221737152877,31.0272758439612,-20
78.0792998868174,30.9917882531332,-20
78.1360887422143,30.9572931626299,-20
78.1926443578558,30.9238154122048,-20
78.2490755655388,30.8913750698455,-20
78.3054944322194,30.8599861396958,-20
78.3620147044953,30.8296553423171,-20
78.4187502530284,30.8003809846684,-20
78.4758135505153,30.7721519371162,-20
78.533314214513,30.7449467345654,-20
78.5913576435253,30.7187328183802,-20
78.6500437713666,30.6934659350866,-20
78.7094659610607,30.6690897068722,-20
78.7697100555104,30.6455353875769,-20
78.8308535980063,30.6227218161845,-20
78.8929652314154,30.6005555777457,-20
78.956104280706,30.578931379193,-20
79.0203205193888,30.5577326446592,-20
79.0856541165624,30.5368323316927,-20
79.1521357575933,30.5160939662364,-20
79.2197869280873,30.4953728904333,-20
79.2886203477513,30.4745177133267,-20
79.3586405380376,30.453371950403,-20
79.4298445051293,30.4317758337774,-20
79.5022225178783,30.4095682707357,-20
79.5757589587764,30.3865889244344,-20
79.6504332249268,30.3626803869128,-20
79.7262206553088,30.3376904113054,-20
79.8030934604082,30.3114741673512,-20
79.8810216305219,30.2838964820736,-20
79.9599737997555,30.254834025941,-20
80.0399180439236,30.2241774039789,-20
80.1208225922278,30.191833111257,-20
80.2026564347279,30.1577253129552,-20
80.2853898102265,30.1217974108521,-20
80.3689945622182,30.0840133605802,-20
80.4534443539883,30.0443587073411,-20
80.5387147377232,30.0028413119371,-20
80.6247830765479,29.959491743895,-20
80.7116283226589,29.9143633240604,-20
80.7992306590735,29.8675318052258,-20
80.8875710168583,29.8190946860158,-20
80.9766304839182,29.7691701602534,-20
81.0663896253847,29.717895711233,-20
81.1568277392173,29.6654263675716,-20
81.2479220736871,29.6119326444469,-20
81.3396470358284,29.5575982008843,-20
81.4319734216057,29.5026172501754,-20
81.5248676993562,29.4471917663282,-20
81.6182913779532,29.3915285345187,-20
81.7122004900492,29.3358360977036,-20
81.8065452186748,29.2803216547288,-20
81.9012696924056,29.2251879673435,-20
81.9963119703059,29.170630334419,-20
82.0916042330006,29.1168336913176,-20
82.1870731906176,29.0639698907493,-20
82.282640712134,29.0121952185855,-20
82.3782246740052,28.9616481940066,-20
82.4737400190575,28.912447698119,-20
82.5691000096782,28.864691468866,-20
82.6642176525575,28.818454992815,-20
82.7590072658373,28.7737908163703,-20
82.8533861537213,28.7307282903074,-20
82.9472763485798,28.689273752455,-20
83.0406063765392,28.6494111440506,-20
83.1333129996187,28.6111030460038,-20
83.2253428857931,28.5742921122164,-20
83.3166541580163,28.5389028684738,-20
83.4072177742648,28.5048438374259,-20
83.4970186930886,28.4720099430443,-20
83.586056782936,28.4402851418374,-20
83.6743474385869,28.4095452232008,-20
83.7619218742742,28.3796607177018,-20
83.8488270703468,28.3504998499434,-20
83.9351253584536,28.3219314719926,-20
84.0208936390015,28.2938279142118,-20
84.1062222338336,28.2660676926891,-20
84.191213386453,28.2385380162689,-20
84.2759794314234,28.2111370413473,-20
84.3606406635722,28.1837758289857,-20
84.445322946049,28.15637996635,-20
84.5301551039317,28.1288908228062,-20
84.6152661566959,28.1012664199863,-20
84.7007824482933,28.0734819045321,-20
84.7868247376543,28.0455296218035,-20
84.8735053150106,28.0174187983271,-20
84.9609252104431,27.9891748499372,-20
85.0491715604407,27.960838341164,-20
85.1383151960095,27.9324636292548,-20
85.2284085120231,27.9041172330591,-20
85.3194836721428,27.8758759727089,-20
85.4115511968681,27.8478249304506,-20
85.5045989742657,27.8200552860295,-20
85.5985917238502,27.7926620816447,-20
85.6934709341824,27.7657419716616,-20
85.7891552842301,27.7393910110147,-20
85.8855415476894,27.713702533628,-20
85.9825059685281,27.6887651683089,-20
86.0799060852856,27.6646610345883,-20
86.1775829713875,27.6414641550251,-20
86.275363849185,27.6192391137691,-20
86.3730650268223,27.5980399838733,-20
86.4704950995972,27.5779095381826,-20
86.5674583513811,27.5588787508133,-20
86.6637582870441,27.5409665884983,-20
86.7592012238061,27.524180083607,-20
86.8535998680521,27.5085146736583,-20
86.9467768044407,27.4939547857957,-20
87.03856782607,27.480474639155,-20
87.1288250379862,27.4680392334371,-20
87.2174196713169,27.4566054884106,-20
87.3042445516623,27.4461234965774,-20
87.3892161728946,27.4365378498703,-20
87.4722763360356,27.4277890010202,-20
87.5533933221659,27.4198146211068,-20
87.6325625781684,27.4125509167246,-20
87.7098069042733,27.4059338730781,-20
87.7851761426355,27.3999003930503,-20
87.8587463762984,27.3943893067398,-20
87.9306186576715,27.3893422309821,-20
88.0009172948641,27.3847042638075,-20
88.0697877326896,27.3804245044694,-20
88.1373940727193,27.3764563954369,-20
88.2039162832874,27.3727578884223,-20
88.2695471557058,27.3692914419423,-20
88.3344890670708,27.3660238629566,-20
88.3989506128606,27.3629260096462,-20
88.4631431740237,27.3599723762864,-20
88.527277483435,27.3571405843345,-20
88.5915602554824,27.3544108062305,-20
88.6561909402068,27.3517651499495,-20
88.7213586599159,27.3491870330292,-20
88.7872393816463,27.3466605746264,-20
88.8539933733653,27.3441700331599,-20
88.9217629855218,27.341699315313,-20
88.9906707926201,27.3392315796698,-20
89.0608181220475,27.3367489551163,-20
89.1322839895976,27.3342323904492,-20
89.2051244531467,27.3316616474993,-20
89.2793723879191,27.3290154456094,-20
89.3550376788581,27.3262717606142,-20
89.4321078179504,27.32340827667,-20
89.51054888706,27.3204029844928,-20
89.590306900027,27.3172349148882,-20
89.671309471587,27.313884992004,-20
89.753467775162,27.3103369866062,-20
89.8366787468273,27.3065785459638,-20
89.9208274888541,27.3026022737042,-20
90.0057898231864,27.2984068303511,-20
90.0914349430882,27.2939980232395,-20
90.1776281099935,27.2893898531722,-20
90.264233342321,27.2846054845843,-20
90.3511160436584,27.27967810614,-20
90.4381455192683,27.274651649632,-20
90.5251973322665,27.2695813367718,-20
90.6121554540432,27.2645340259624,-20
90.6989141674799,27.2595883343899,-20
90.7853796861846,27.2548345147322,-20
90.8714714582731,27.2503740703896,-20
90.9571231290682,27.2463190983422,-20
91.0422831433936,27.2427913544179,-20
91.126914974825,27.2399210418373,-20
91.2109969762122,27.2378453302428,-20
91.2945218529285,27.2367066189111,-20
91.3774957675194,27.2366505643338,-20
91.4599370916132,27.2378238986905,-20
91.5418748280172,27.2403720717804,-20
91.623346732741,27.2444367545599,-20
91.7043971731566,27.2501532474222,-20
91.7850747645101,27.2576478405892,-20
91.8654298324295,27.2670351773535,-20
91.945511753826,27.2784156732843,-20
92.025366232541,27.291873045807,-20
92.1050325691604,27.3074720087042,-20
92.1845409864953,27.3252561850357,-20
92.2639100732321,27.3452462896943,-20
92.3431444081071,27.367438629341,-20
92.4222324256031,27.3918039628189,-20
92.5011445815464,27.4182867594025,-20
92.5798318730852,27.4468048855047,-20
92.6582247623478,27.47724974284,-20
92.7362325466319,27.5094868726909,-20
92.8137432103168,27.5433570319897,-20
92.8906237848978,27.5786777376017,-20
92.9667212337142,27.6152452656462,-20
93.0418638672314,27.6528370831272,-20
93.1158632832919,27.6912146797494,-20
93.1885168147818,27.730126758759,-20
93.2596104548692,27.7693127371641,-20
93.3289222176217,27.8085064979225,-20
93.3962258796449,27.8474403298043,-20
93.4612950366868,27.8858489847907,-20
93.5239073982121,27.9234737781821,-20
93.5838492330422,27.9600666531804,-20
93.6409198705764,27.9953941296656,-20
93.6949361551304,28.0292410562854,-20
93.745736745802,28.0614140858628,-20
93.7931861512578,28.0917447965461,-20
93.8371783881192,28.1200923850754,-20
93.8776401534083,28.1463458640333,-20
93.914533405928,28.1704257019484,-20
93.9478572586013,28.1922848536019,-20
93.977649093744,28.211909137794,-20
94.0039848260118,28.2293169310914,-20
94.0269782533145,28.2445581586333,-20
94.046779454268,28.2577125768266,-20
94.0635722116467,28.2688873576247,-20
74.2413448473972,34.8066354365333,-25
74.3331706332246,34.6889410809817,-25
74.42563451679,34.5705363557345,-25
74.5184332224046,34.4518876106084,-25
74.6112860821123,34.3334408969184,-25
74.7039379138491,34.2156174927104,-25
74.7961612139921,34.0988100951155,-25
74.8877576531177,33.983379702365,-25
74.9785588796761,33.8696531931661,-25
75.0684266513865,33.7579215974329,-25
75.1572523282313,33.6484390398868,-25
75.24495577377,33.5414223268552,-25
75.3314837228665,33.4370511367901,-25
75.4168076836372,33.335468766638,-25
75.5009214492917,33.236783379269,-25
75.5838383014137,33.1410696917433,-25
75.6655879900164,33.048371040251,-25
75.7462135773415,32.9587017551142,-25
75.8257682318651,32.8720497782422,-25
75.9043120563664,32.7883794558345,-25
75.9819090293281,32.7076344408694,-25
76.058624132514,32.6297406428836,-25
76.134520729533,32.5546091666502,-25
76.2096582507881,32.4821391864469,-25
76.2840902297084,32.4122207085271,-25
76.3578627238892,32.3447371809951,-25
76.43101314303,32.2795679173606,-25
76.5035694937099,32.2165903074072,-25
76.5755500393828,32.1556817964622,-25
76.6469633628349,32.096721621491,-25
76.7178088080024,32.039592299453,-25
76.7880772687574,31.9841808698522,-25
76.8577522842407,31.9303798991999,-25
76.9268113937372,31.8780882599981,-25
76.9952276990525,31.8272117006911,-25
77.0629715789495,31.7776632256744,-25
77.1300124984436,31.7293633058257,-25
77.1963208556196,31.6822399402106,-25
77.2618698100355,31.6362285889047,-25
77.3266370396021,31.5912719956614,-25
77.3906063769348,31.5473199177589,-25
77.4537692813527,31.5043287789353,-25
77.5161261087848,31.4622612598866,-25
77.5776871485814,31.4210858393641,-25
77.6384734034239,31.3807762974565,-25
77.6985170959406,31.3413111911988,-25
77.757861893069,31.3026733112264,-25
77.8165628464482,31.2648491268202,-25
77.8746860540147,31.2278282253873,-25
77.932308054344,31.1916027512302,-25
77.9895149710182,31.1561668473927,-25
78.0464014293034,31.1215161034588,-25
78.1030692716235,31.0876470114476,-25
78.1596261016895,31.0545564313924,-25
78.2161836896682,31.0222410678336,-25
78.2728562724724,30.9906969582861,-25
78.329758784162,30.9599189747553,-25
78.38700505161,30.9299003395622,-25
78.4447059900876,30.9006321570677,-25
78.5029678323204,30.8721029633499,-25
78.5618904229534,30.8442982964392,-25
78.6215656083115,30.8172002903327,-25
78.6820757489351,30.7907872966606,-25
78.743492379676,30.7650335385127,-25
78.8058750392247,30.7399088015385,-25
78.8692702878617,30.7153781679559,-25
78.9337109290245,30.6914017995263,-25
78.9992154470026,30.6679347758365,-25
79.0657876697353,30.6449269943545,-25
79.1334166623164,30.6223231386686,-25
79.2020768534266,30.6000627210669,-25
79.2717283935188,30.5780802051501,-25
79.3423177402048,30.556305213493,-25
79.4137784629291,30.5346628244745,-25
79.4860322557038,30.5130739612885,-25
79.5589901434259,30.4914558748367,-25
79.6325538641519,30.4697227207081,-25
79.7066174066867,30.447786228784,-25
79.7810686800203,30.4255564622048,-25
79.8557912885535,30.4029426605196,-25
79.9306663847674,30.3798541598563,-25
80.0055745690631,30.356201380931,-25
80.0803978050056,30.3318968737151,-25
80.1550213172036,30.3068564056364,-25
80.229335438611,30.2810000783658,-25
80.303237374198,30.2542534565795,-25
80.3766328487496,30.2265486906455,-25
80.4494376080356,30.1978256140108,-25
80.521578744772,30.1680327952172,-25
80.5929958236466,30.13712852398,-25
80.6636417831921,30.1050817106826,-25
80.733483596401,30.0718726789853,-25
80.8025026766277,30.0374938320501,-25
80.8706950204214,30.001950174155,-25
80.9380710843765,29.9652596712081,-25
81.004655398751,29.9274534358664,-25
81.0704859263566,29.8885757255915,-25
81.1356131809293,29.8486837449898,-25
81.2000991246884,29.8078472471528,-25
81.2640158699552,29.7661479323577,-25
81.327444214375,29.7236786463483,-25
81.3904720433425,29.6805423844052,-25
81.4531926365443,29.6368511114486,-25
81.5157029180103,29.592724412403,-25
81.5781016906085,29.5482879908913,-25
81.6404878964823,29.5036720379352,-25
81.7029589444636,29.4590094956078,-25
81.7656091440015,29.4144342434473,-25
81.8285282826337,29.3700792377967,-25
81.891800380544,29.3260746360393,-25
81.9555026513685,29.2825459388674,-25
82.0197046932174,29.2396121842384,-25
82.084467928006,29.1973842264808,-25
82.1498453007559,29.1559631331249,-25
82.2158812437031,29.1154387304339,-25
82.2826119029941,29.0758883263311,-25
82.3500656186432,29.037375636492,-25
82.4182636414462,28.9999499358439,-25
82.4872210638727,28.9636454536662,-25
82.5569479357768,28.928481025977,-25
82.6274505302368,28.8944600140309,-25
82.698732720114,28.8615704926314,-25
82.7707974221519,28.8297857066808,-25
82.8436480627311,28.7990647890789,-25
82.9172900178501,28.7693537278344,-25
82.9917319795848,28.7405865651981,-25
83.0669872022207,28.712686806869,-25
83.1430745834658,28.6855690149731,-25
83.2200195396044,28.6591405546642,-25
83.2978546380932,28.6333034609505,-25
83.3766199568307,28.6079563897639,-25
83.4563631460366,28.5829966154535,-25
83.5371391762074,28.5583220358298,-25
83.6190097637923,28.533833145653,-25
83.702042474866,28.5094349400624,-25
83.7863095159514,28.485038710882,-25
83.8718862300315,28.4605637009811,-25
83.9588493244717,28.435938584888,-25
84.0472748657971,28.4111027475755,-25
84.1372360838313,28.3860073376954,-25
84.2288010343709,28.3606160764266,-25
84.3220301751606,28.3349058084214,-25
84.4169739142635,28.308866786954,-25
84.5136701928585,28.2825026911698,-25
84.6121421659236,28.255830379164,-25
84.7123960441069,28.2288793863372,-25
84.8144191583263,28.2016911839541,-25
84.9181783052656,28.1743182179201,-25
85.0236184270181,28.146822752373,-25
85.1306616717548,28.1192755466424,-25
85.2392068745947,28.0917543973589,-25
85.3491294890098,28.0643425799199,-25
85.4602819893008,28.0371272250771,-25
85.5724947541737,28.0101976670727,-25
85.6855774304732,27.9836437994958,-25
85.7993207649716,27.9575544738857,-25
85.9134988810313,27.9320159741037,-25
86.0278719662482,27.907110596698,-25
86.1421893271032,27.8829153639843,-25
86.2561927574616,27.8595008924602,-25
86.3696201596977,27.8369304345912,-25
86.4822093505006,27.8152591070775,-25
86.5937019781959,27.794533313585,-25
86.7038474748545,27.7747903647443,-25
86.8124069646316,27.7560582931302,-25
86.9191570497439,27.7383558560872,-25
87.0238933972598,27.721692714775,-25
87.1264340533979,27.7060697738162,-25
87.2266224172273,27.6914796625178,-25
87.3243298124042,27.6779073359035,-25
87.419457603711,27.6653307717972,-25
87.5119388144749,27.6537217389703,-25
87.6017392112248,27.6430466109255,-25
87.6888578329356,27.6332672002301,-25
87.7733269536608,27.6243415893902,-25
87.8552114789887,27.6162249360301,-25
87.9346077883134,27.6088702325215,-25
88.0116420461182,27.6022290031146,-25
88.0864680160849,27.5962519249466,-25
88.1592644216241,27.5908893629266,-25
88.230231905177,27.5860918123036,-25
88.2995896461731,27.5818102465899,-25
88.3675717037091,27.5779963723097,-25
88.4344231547188,27.5746027956674,-25
88.5003961015664,27.5715831095578,-25
88.5657456245729,27.5688919122915,-25
88.6307257549787,27.5664847718844,-25
88.6955855422907,27.5643181517097,-25
88.7605652869264,27.5623493146703,-25
88.8258930046527,27.5605362237977,-25
88.8917811836425,27.5588374572996,-25
88.958423888198,27.5572121555759,-25
89.025994255473,27.5556200166081,-25
89.0946424230556,27.5540213544545,-25
89.1644939162358,27.5523772333887,-25
89.2356485143812,27.5506496875723,-25
89.3081796062631,27.5488020331258,-25
89.3821340346209,27.546799276136,-25
89.4575324209002,27.5446086165972,-25
89.5343699521248,27.5422000446253,-25
89.6126176034289,27.5395470215956,-25
89.6922237620211,27.5366272352341,-25
89.7731162114019,27.5334234142288,-25
89.8552044286262,27.5299241847163,-25
89.9383821423598,27.5261249481186,-25
90.0225300955063,27.5220287573385,-25
90.1075189533111,27.517647166349,-25
90.1932122961104,27.5130010267819,-25
90.2794696352838,27.5081212043053,-25
90.3661493914866,27.5030491874159,-25
90.4531117758357,27.4978375617863,-25
90.5402215173647,27.4925503245371,-25
90.6273503836833,27.4872630147335,-25
90.7143794463008,27.4820626390418,-25
90.8012010474177,27.4770473747898,-25
90.8877204310569,27.472326036613,-25
90.9738570080997,27.4680172973822,-25
91.0595452319988,27.4642486591144,-25
91.1447350695464,27.4611551749837,-25
91.2293920589683,27.4588779292555,-25
91.3134969556688,27.457562287858,-25
91.397044974046,27.4573559382378,-25
91.4800446418112,27.4584067429907,-25
91.562516291052,27.4608604373647,-25
91.6444902177595,27.4648582059608,-25
91.7260045485657,27.4705341786579,-25
91.8071028599,27.4780128898324,-25
91.8878316005427,27.4874067481975,-25
91.9682373735326,27.4988135669439,-25
92.0483641374586,27.5123142052269,-25
92.1282503902357,27.527970372339,-25
92.2079264004488,27.5458226450869,-25
92.2874115521637,27.5658887469215,-25
92.3667118686826,27.5881621342677,-25
92.4458177790304,27.6126109312758,-25
92.5247021879458,27.6391772489422,-25
92.6033189058301,27.6677769182933,-25
92.6816014894705,27.6982996602031,-25
92.7594625374609,27.7306097065488,-25
92.8367934761377,27.7645468789449,-25
92.9134648626361,27.7999281223978,-25
92.989327221468,27.8365494820588,-25
93.0642124199734,27.8741885020096,-25
93.1379355762782,27.9126070158716,-25
93.2102974812051,27.9515542901745,-25
93.2810875031511,27.9907704730339,-25
93.3500869325105,28.0299902929431,-25
93.4170727100465,28.0689469455477,-25
93.4818214719699,28.1073761002947,-25
93.5441138336474,28.1450199539673,-25
93.6037388241182,28.1816312544529,-25
93.6604983752174,28.2169772157483,-25
93.7142117623619,28.2508432442698,-25
93.7647198891836,28.2830363970642,-25
93.8118893054476,28.313388494567,-25
93.8556158472381,28.3417588141412,-25
93.8958277904318,28.3680362957729,-25
93.9324884131155,28.3921411979787,-25
93.9655978699486,28.4140261501798,-25
93.9951942915655,28.4336765574607,-25
94.021354034975,28.4511103247195,-25
94.0441910265053,28.4663768796427,-25
94.0638551570908,28.4795554876346,-25
94.0805297105023,28.4907528667015,-25
74.5387927078205,34.9124308998576,-30
74.6252970320329,34.7935852109925,-30
74.7124643638384,34.6741433007096,-30
74.8000270646228,34.554604770233,-30
74.8877387432631,34.4354485067065,-30
74.9753765865747,34.3171275116684,-30
75.06274305606,34.2000643951536,-30
75.1496669515962,34.0846475748667,-30
75.236003856652,33.9712282050301,-30
75.3216359924979,33.8601178453813,-30
75.4064715204991,33.751586867478,-30
75.4904433418334,33.6458635830566,-30
75.5735074527162,33.5431340677871,-30
75.655640920325,33.4435426434627,-30
75.7368395500151,33.3471929725361,-30
75.8171153180245,33.254149711049,-30
75.8964936456622,33.1644406594452,-30
75.9750105909639,33.0780593455561,-30
76.0527100320184,32.9949679702265,-30
76.1296409127127,32.9151006436074,-30
76.2058546166313,32.8383668390623,-30
76.2814025284373,32.7646549918812,-30
76.3563338344536,32.6938361715009,-30
76.4306936055739,32.6257677586256,-30
76.5045211963126,32.5602970624113,-30
76.5778489840001,32.4972648176193,-30
76.6507014621304,32.4365085072269,-30
76.7230946919163,32.3778654622518,-30
76.7950361064864,32.3211756973732,-30
76.866524653095,32.2662844481443,-30
76.9375512504371,32.2130443830445,-30
77.0080995308695,32.1613174711539,-30
77.0781468311736,32.1109764937059,-30
77.1476653906012,32.0619061950453,-30
77.2166237113818,32.0140040754578,-30
77.284988034693,31.9671808348336,-30
77.3527238842905,31.9213604820837,-30
77.4197976305275,31.8764801305553,-30
77.4861780292767,31.8324895043381,-30
77.5518376931975,31.7893501842653,-30
77.6167544567131,31.7470346255642,-30
77.6809126008262,31.7055249814976,-30
77.7443039093152,31.6648117689554,-30
77.8069285337316,31.6248924128406,-30
77.8687956507702,31.5857697062651,-30
77.9299239018089,31.5474502230857,-30
77.9903416105451,31.5099427182163,-30
78.0500867805108,31.473256549515,-30
78.1092068796906,31.4374001529222,-30
78.1677584243672,31.402379599998,-30
78.225806378575,31.3681972641328,-30
78.2834233890891,31.3348506185545,-30
78.3406888786588,31.3023311859038,-30
78.3976880222052,31.2706236556426,-30
78.4545106319382,31.2397051819784,-30
78.5112499778456,31.2095448713657,-30
78.5680015698202,31.1801034650506,-30
78.6248619268765,31.1513332185886,-30
78.6819273575605,31.1231779768471,-30
78.739292773856,31.0955734397182,-30
78.7970505587332,31.0684476106754,-30
78.8552895050687,31.0417214174147,-30
78.91409384108,31.0153094911751,-30
78.9735423547508,30.9891210889487,-30
79.0337076270489,30.9630611406933,-30
79.0946553811286,30.9370314018747,-30
79.156443952219,30.9109316902018,-30
79.2191238805647,30.8846611842982,-30
79.2827376276445,30.8581197612889,-30
79.3473194139584,30.8312093498743,-30
79.412895174955,30.8038352754281,-30
79.4794826301637,30.7759075739868,-30
79.5470914592918,30.7473422526931,-30
79.6157235779322,30.718062475304,-30
79.6853735045791,30.6879996527637,-30
79.7560288098532,30.6570944205493,-30
79.8276706381726,30.6252974864987,-30
79.9002742915534,30.5925703350934,-30
79.9738098647779,30.5588857766614,-30
80.0482429208102,30.524228332634,-30
80.1235351950774,30.488594450812,-30
80.1996453170638,30.451992547492,-30
80.2765295375936,30.4144428762571,-30
80.3541424502189,30.3759772261599,-30
80.4324376952943,30.3366384548992,-30
80.5113686356262,30.2964798653359,-30
80.5908889930431,30.25556443628,-30
80.6709534358707,30.2139639208491,-30
80.751518108102,30.1717578278128,-30
80.8325410920599,30.1290323031581,-30
80.9139827975378,30.0858789306093,-30
80.9958062717802,30.0423934709832,-30
81.0779774262101,29.9986745610448,-30
81.1604651775096,29.9548223929376,-30
81.2432415024745,29.9109373952904,-30
81.3262814079736,29.8671189367657,-30
81.4095628192884,29.8234640721121,-30
81.4930663920595,29.7800663497453,-30
81.5767752549544,29.7370146985284,-30
81.6606746919561,29.6943924097881,-30
81.744751774794,29.6522762287195,-30
81.8289949574417,29.610735567247,-30
81.9133936457521,29.5698318481516,-30
81.9979377561295,29.5296179879049,-30
82.0826172776337,29.4901380232021,-30
82.1674218520211,29.451426883706,-30
82.2523403859617,29.4135103110543,-30
82.3373607089922,29.3764049217767,-30
82.4224692897069,29.3401184094551,-30
82.5076510212403,29.3046498792928,-30
82.5928890853049,29.2699903062444,-30
82.6781649019418,29.2361231060525,-30
82.7634581697722,29.203024806944,-30
82.8487469989653,29.170665808393,-30
82.9340081364171,29.1390112122635,-30
83.0192172798542,29.10802171082,-30
83.1043494747858,29.0776545155443,-30
83.1893795855291,29.0478643104141,-30
83.274282828982,29.0186042132946,-30
83.3590353575005,28.9898267293494,-30
83.4436148752205,28.9614846808838,-30
83.5280012705056,28.9335320987824,-30
83.6121772459689,28.9059250616691,-30
83.6961289267394,28.8786224700879,-30
83.7798464273744,28.8515867443489,-30
83.8633243580626,28.8247844361898,-30
83.9465622515443,28.7981867460324,-30
84.0295648934815,28.7717699393511,-30
84.1123425408281,28.7455156574824,-30
84.1949110150466,28.7194111200591,-30
84.2772916597509,28.693449218135,-30
84.3595111554635,28.667628498933,-30
84.4416011875973,28.6419530449801,-30
84.5235979674263,28.616432252164,-30
84.6055416096079,28.5910805129215,-30
84.6874753736789,28.5659168123301,-30
84.7694447807558,28.5409642462968,-30
84.8514966203475,28.5162494722947,-30
84.9336778656241,28.4918021041767,-30
85.0160345185889,28.4676540634661,-30
85.0986104092856,28.4438389001819,-30
85.1814459753572,28.420391096685,-30
85.2645770498807,28.3973453682155,-30
85.3480336863853,28.3747359737331,-30
85.4318390502669,28.3525960503636,-30
85.5160084054185,28.3309569841987,-30
85.6005482237842,28.3098478294008,-30
85.6854554437326,28.2892947865297,-30
85.7707169006441,28.2693207497696,-30
85.8563089499703,28.2499449312815,-30
85.9421972993029,28.2311825692939,-30
86.0283370617667,28.2130447247725,-30
86.1146730384072,28.1955381696294,-30
86.2011402322939,28.1786653674684,-30
86.2876645919026,28.1624245458587,-30
86.3741639761059,28.1468098571204,-30
86.460549327907,28.131811622642,-30
86.5467260390281,28.1174166538665,-30
86.6325954827325,28.103608641329,-30
86.7180566879352,28.0903686015467,-30
86.803008123856,28.0776753701852,-30
86.8873495612864,28.0655061288004,-30
86.9709839740618,28.0538369516066,-30
87.0538194426271,28.0426433581822,-30
87.1357710207052,28.0319008578099,-30
87.216762526054,28.0215854712812,-30
87.2967282171445,28.011674216469,-30
87.3756143192983,28.002145544799,-30
87.453380366356,27.9929797169079,-30
87.530000327265,27.9841591072504,-30
87.6054634909954,27.9756684291797,-30
87.6797750878479,27.9674948740399,-30
87.7529566303876,27.9596281600292,-30
87.8250459628257,27.9520604889725,-30
87.8960970135426,27.9447864116253,-30
87.96617925148,27.937802604653,-30
88.0353768531858,27.9311075649394,-30
88.1037875932477,27.9247012292995,-30
88.1715214765626,27.9185845299525,-30
88.2386991362403,27.9127588981853,-30
88.3054500258123,27.9072257304493,-30
88.3719104387085,27.9019858326342,-30
88.4382213915815,27.8970388594059,-30
88.5045264109315,27.892382766245,-30
88.5709692645479,27.8880132921519,-30
88.6376916805038,27.8839234908732,-30
88.7048310967888,27.8801033279467,-30
88.7725184841433,27.8765393598616,-30
88.8408762832783,27.8732145101934,-30
88.9100164954564,27.8701079557331,-30
88.9800389624282,27.8671951334071,-30
89.0510298680216,27.8644478762274,-30
89.1230604893465,27.8618346836668,-30
89.1961862206967,27.8593211287765,-30
89.2704458879025,27.856870401112,-30
89.3458613652102,27.8544439811788,-30
89.4224375008635,27.8520024387175,-30
89.5001623515341,27.8495063437865,-30
89.5790077197238,27.8469172763488,-30
89.6589299823439,27.844198916989,-30
89.7398711929793,27.8413181985609,-30
89.8217604349761,27.8382464960415,-30
89.9045153975407,27.8349608297322,-30
89.9880441426039,27.8314450552369,-30
90.0722470263606,27.8276910124265,-30
90.1570187362144,27.8236996049113,-30
90.2422504013966,27.8194817814168,-30
90.3278317338332,27.8150593909343,-30
90.4136531549421,27.8104658845984,-30
90.4996078639678,27.8057468389489,-30
90.5855938042205,27.8009602775475,-30
90.6715154851674,27.7961767708317,-30
90.7572856207189,27.7914792975627,-30
90.842826547221,27.7869628552214,-30
90.9280713885794,27.7827338111691,-30
91.012964940534,27.7789089912464,-30
91.0974642513194,27.7756145076596,-30
91.1815388817125,27.772984333401,-30
91.2651708336863,27.7711586359681,-30
91.3483541434812,27.7702818886798,-30
91.4310941417498,27.770500783312,-30
91.513406390428,27.771961972982,-30
91.5953153130123,27.7748096790645,-30
91.6768525418517,27.7791832003194,-30
91.7580550127689,27.7852143662196,-30
91.8389628436747,27.7930249795966,-30
91.9196170397,27.8027242960575,-30
92.0000570726105,27.814406589097,-30
92.0803183867618,27.8281488503602,-30
92.1604298874765,27.8440086740539,-30
92.2404114703637,27.8620223730229,-30
92.3202716516603,27.8822033715053,-30
92.4000053600559,27.904540916053,-30
92.4795919496019,27.9289991415993,-30
92.5589934911594,27.9555165242288,-30
92.638153396357,27.9840057459277,-30
92.7169954232358,28.0143539895793,-30
92.7954231066493,28.046423674821,-30
92.8733196491323,28.0800536372456,-30
92.9505482994225,28.1150607449453,-30
93.0269532362304,28.1512419377324,-30
93.1023609643432,28.1883766656773,-30
93.1765822188877,28.22622969507,-30
93.2494143617621,28.2645542416867,-30
93.3206442420998,28.3030953835099,-30
93.3900514803885,28.3415936979669,-30
93.4574121238082,28.3797890624636,-30
93.5225026087282,28.4174245516525,-30
93.5851039554209,28.4542503605973,-30
93.6450061101768,28.4900276799103,-30
93.7020123414335,28.5245324471194,-30
93.7559435895337,28.5575588980596,-30
93.8066426645624,28.5889228430269,-30
93.8539781836118,28.6184645948156,-30
93.8978481380109,28.6460514796127,-30
93.9381829826982,28.671579867024,-30
93.9749481441606,28.6949766622575,-30
94.0081458503209,28.7162002116362,-30
94.0378161954767,28.7352405821131,-30
94.0640373659144,28.75211918625,-30
94.0869249671001,28.766887736116,-30
94.1066304113426,28.7796265226817,-30
94.1233383454026,28.7904420314372,-30
74.5013741568246,35.263796378336,-35
74.5919737182756,35.1557937473424,-35
74.6832285354414,35.0471476918821,-35
74.7748455115949,34.938281886701,-35
74.8665538000434,34.8296007813542,-35
74.9581075133049,34.7214855176121,-35
75.0492877582007,34.6142904604551,-35
75.1399039895786,34.5083403627104,-35
75.2297946909098,34.4039281702662,-35
75.3188274046409,34.3013134627748,-35
75.4068981487265,34.2007215138677,-35
75.4939302679889,34.1023429451926,-35
75.5798727796583,34.0063339400718,-35
75.6646982814413,33.9128169752765,-35
75.7484004975833,33.8218820233267,-35
75.8309915435117,33.7335881728515,-35
75.9124989926778,33.6479656108564,-35
75.9929628301328,33.5650179082316,-35
76.0724323761783,33.4847245484445,-35
76.1509632602157,33.4070436390612,-35
76.2286145197894,33.3319147464665,-35
76.3054458929666,33.2592617958431,-35
76.3815153638306,33.1889959810447,-35
76.4568770112658,33.1210186323688,-35
76.5315792006544,33.0552239943157,-35
76.605663146921,32.991501870089,-35
76.6791618658747,32.9297400947596,-35
76.7520995193319,32.869826804546,-35
76.824491148398,32.8116524754502,-35
76.8963427788191,32.7551117104088,-35
76.9676518727889,32.7001047600513,-35
77.0384080932202,32.6465387679937,-35
77.1085943394878,32.5943287372314,-35
77.1781880081382,32.5433982195252,-35
77.2471624281617,32.4936797346241,-35
77.3154884181535,32.4451149306653,-35
77.3831359120545,32.3976545010726,-35
77.450075601093,32.3512578767078,-35
77.5162805419323,32.3058927148896,-35
77.5817276847259,32.2615342091638,-35
77.6463992795993,32.2181642454046,-35
77.7102841258112,32.1757704309574,-35
77.7733786342662,32.1343450241365,-35
77.8356876809199,32.0938837914929,-35
77.8972252356992,32.0543848199296,-35
77.958014758621,32.0158473099948,-35
78.0180893616241,31.9782703755928,-35
78.0774917410278,31.9416518739621,-35
78.1362738913424,31.9059872881278,-35
78.1944966162386,31.8712686821948,-35
78.2522288567351,31.8374837478412,-35
78.3095468600296,31.8046149582381,-35
78.3665332148359,31.7726388434004,-35
78.4232757806142,31.7415253986722,-35
78.4798665387257,31.7112376357168,-35
78.5364003933639,31.6817312830012,-35
78.5929739492088,31.6529546403876,-35
78.6496842912161,31.6248485900523,-35
78.7066277899001,31.5973467635768,-35
78.7638989530349,31.5703758627043,-35
78.8215893419887,31.5438561289391,-35
78.8797865680517,31.5177019549047,-35
78.9385733812222,31.4918226281918,-35
78.9980268610806,31.4661231963364,-35
79.0582177166815,31.4405054396007,-35
79.1192096999019,31.414868936415,-35
79.1810591344374,31.3891122047051,-35
79.2438145606698,31.3631339009131,-35
79.3075164949435,31.3368340573504,-35
79.3721973003833,31.3101153376348,-35
79.4378811652312,31.2828842893852,-35
79.5045841837605,31.2550525731038,-35
79.5723145340793,31.2265381462915,-35
79.6410727465449,31.1972663823227,-35
79.7108520560098,31.1671711044613,-35
79.7816388306822,31.1361955166283,-35
79.8534130699672,31.1042930141158,-35
79.9261489632331,31.0714278593628,-35
79.9998155010054,31.0375757101363,-35
80.0743771296161,31.0027239899492,-35
80.149794439841,30.9668720932609,-35
80.2260248795523,30.9300314208763,-35
80.3030234799222,30.8922252439417,-35
80.3807435842788,30.8534883979614,-35
80.4591375683614,30.8138668112661,-35
80.538157540507,30.7734168752884,-35
80.6177560102544,30.7322046667924,-35
80.6978865140211,30.6903050347837,-35
80.7785041869271,30.6478005671721,-35
80.8595662705256,30.6047804542942,-35
80.9410325471872,30.5613392681125,-35
81.0228656931495,30.5175756772492,-35
81.1050315438052,30.4735911189651,-35
81.1874992666162,30.4294884497446,-35
81.2702414390865,30.3853705962943,-35
81.3532340314451,30.3413392285025,-35
81.4364562960345,30.2974934752578,-35
81.5198905677974,30.2539287030051,-35
81.6035219826323,30.2107353755501,-35
81.6873381226788,30.167998011949,-35
81.7713285997155,30.125794257371,-35
81.8554845897335,30.0841940796449,-35
81.9397983333293,30.043259101839,-35
82.0242626177677,30.0030420787336,-35
82.1088702573653,29.9635865224656,-35
82.1936135891894,29.9249264800146,-35
82.2784840009348,29.8870864626048,-35
82.3634715072265,29.8500815245591,-35
82.4485643894954,29.8139174867167,-35
82.5337489130142,29.7785912972356,-35
82.6190091326898,29.7440915205009,-35
82.7043267968343,29.7103989429664,-35
82.7896813554347,29.6774872830979,-35
82.8750500764873,29.6453239911937,-35
82.96040827082,29.6138711237248,-35
83.0457296225934,29.5830862759967,-35
83.1309866194195,29.5529235563738,-35
83.216151072872,29.5233345850335,-35
83.3011947171521,29.4942695002263,-35
83.3860898709277,29.4656779552948,-35
83.4708101449368,29.4375100902457,-35
83.5553311759325,29.4097174624488,-35
83.639631365998,29.3822539220441,-35
83.7236926052316,29.355076418851,-35
83.8075009553372,29.328145728963,-35
83.8910472717825,29.3014270907632,-35
83.9743277429089,29.2748907417752,-35
84.0573443257112,29.2485123495516,-35
84.1401050599133,29.222273331664,-35
84.2226242444307,29.1961610617754,-35
84.3049224632831,29.1701689607127,-35
84.3870264514337,29.144296473387,-35
84.468968794824,29.1185489343148,-35
84.5507874629471,29.0929373263289,-35
84.6325251765797,29.0674779388263,-35
84.714228617654,29.0421919335442,-35
84.7959474926078,29.0171048273606,-35
84.8777334647768,28.9922459029668,-35
84.9596389753877,28.9676475594255,-35
85.0417159763607,28.9433446155949,-35
85.1240146013386,28.9193735801467,-35
85.2065818040157,28.8957719024199,-35
85.2894599948827,28.8725772186229,-35
85.3726857088358,28.8498266079069,-35
85.4562883366796,28.8275558725893,-35
85.5402889533419,28.8057988562996,-35
85.6246992745841,28.7845868130502,-35
85.7095207721505,28.7639478392222,-35
85.7947439746577,28.7439063791986,-35
85.8803479781315,28.7244828138981,-35
85.9663001860235,28.7056931397881,-35
86.0525562938428,28.6875487441026,-35
86.1390605283487,28.6700562799963,-35
86.2257461456611,28.6532176432667,-35
86.3125361867989,28.6370300501076,-35
86.3993444831854,28.6214862131629,-35
86.4860768987157,28.6065746109757,-35
86.5726327892026,28.592279843824,-35
86.6589066545635,28.578583066939,-35
86.744789954107,28.5654624902742,-35
86.8301730508746,28.5528939323756,-35
86.9149472472837,28.5408514145314,-35
86.9990068714334,28.5293077803095,-35
87.0822513714251,28.5182353248434,-35
87.1645873740075,28.5076064178381,-35
87.245930663785,28.4973941042585,-35
87.3262080401702,28.4875726670485,-35
87.4053590111813,28.478118137004,-35
87.4833372860581,28.4690087360993,-35
87.560112032428,28.4602252421093,-35
87.6356688683219,28.4517512642636,-35
87.7100105646052,28.4435734218749,-35
87.7831574392438,28.4356814203517,-35
87.8551474311297,28.4280680216813,-35
87.9260358478039,28.4207289092918,-35
87.9958947881874,28.4136624500961,-35
88.0648122482097,28.4068693594176,-35
88.1328909238564,28.4003522773178,-35
88.2002467324958,28.3941152675144,-35
88.2670070792454,28.3881632525224,-35
88.3333089004804,28.3825014007971,-35
88.399296521239,28.3771344834489,-35
88.4651193671628,28.372066219479,-35
88.530929574622,28.3672986294039,-35
88.5968795447774,28.3628314175784,-35
88.663119488463,28.3586614034458,-35
88.7297950089371,28.3547820213658,-35
88.7970447687318,28.3511829075678,-35
88.8649982850754,28.3478495912002,-35
88.9337738956977,28.3447633044018,-35
89.0034769333293,28.341900923865,-35
89.0741981429531,28.3392350535399,-35
89.1460123709455,28.3367342550041,-35
89.2189775497741,28.3343634286582,-35
89.2931339960028,28.3320843453758,-35
89.3685040331256,28.3298563246117,-35
89.4450919443205,28.3276370513245,-35
89.5228842537251,28.3253835204779,-35
89.6018503283984,28.3230530944179,-35
89.681943286876,28.3206046551535,-35
89.7631011942669,28.3179998305596,-35
89.8452485182804,28.3152042708373,-35
89.9282978155197,28.312188949265,-35
90.0121516129123,28.3089314594089,-35
90.0967044453591,28.305417279575,-35
90.1818450076231,28.3016409744286,-35
90.267458376207,28.2976073034076,-35
90.3534282555243,28.2933322058465,-35
90.4396392020701,28.2888436336354,-35
90.5259787805599,28.284182203763,-35
90.6123396071265,28.2794016452539,-35
90.6986212366238,28.2745690177939,-35
90.7847318538574,28.2697646827208,-35
90.8705897321053,28.265082011025,-35
90.9561244265467,28.2606268174936,-35
91.0412776751324,28.2565165150967,-35
91.1260039849196,28.2528789890795,-35
91.2102708878825,28.249851195893,-35
91.2940588566119,28.2475774979855,-35
91.3773608770166,28.2462077514521,-35
91.4601816820603,28.2458951694924,-35
91.5425366575674,28.246793990422,-35
91.6244504381261,28.2490569844703,-35
91.7059552179644,28.2528328386623,-35
91.7870888082679,28.2582634635594,-35
91.8678924786144,28.2654812694145,-35
91.9484086259043,28.2746064622472,-35
92.0286783192347,28.285744412363,-35
92.1087387734917,28.2989831488301,-35
92.1886208078921,28.3143910333328,-35
92.2683463481974,28.3320146655798,-35
92.347926032742,28.3518770700555,-35
92.4273569826896,28.3739762103582,-35
92.5066207959783,28.398283872718,-35
92.5856818221903,28.42474495458,-35
92.6644857720586,28.4532771874771,-35
92.7429587104893,28.4837713159009,-35
92.8210064758555,28.5160917456582,-35
92.8985145609635,28.5500776664117,-35
92.9753484825677,28.5855446439302,-35
93.0513546567362,28.6222866681778,-35
93.1263617868826,28.6600786339549,-35
93.2001827600376,28.6986792215378,-35
93.2726170351469,28.7378341358468,-35
93.3434534950627,28.7772796542774,-35
93.4124737216882,28.8167464256352,-35
93.4794556417041,28.8559634557741,-35
93.5441774787295,28.8946622097083,-35
93.6064219369236,28.9325807552733,-35
93.6659805312202,28.9694678699695,-35
93.7226579708698,29.005087030525,-35
93.77627649604,29.0392202040466,-35
93.8266800621246,29.071671360438,-35
93.8737382634022,29.1022696280955,-35
93.917349886948,29.1308720187654,-35
93.9574459894255,29.1573656528597,-35
93.9939923937151,29.1816694234699,-35
94.0269915093516,29.2037350457526,-35
94.0564833905266,29.2235474482488,-35
94.0825459579536,29.2411244739747,-35
94.1052943261857,29.2565158717163,-35
94.1248791959341,29.2698015717936,-35
94.1414842914597,29.2810892555442,-35
74.4738628238977,35.8263733063188,-40
74.5644622232651,35.7183710379695,-40
74.6557168941404,35.6097253574613,-40
74.7473337440309,35.5008599406994,-40
74.8390419303144,35.3921792383586,-40
74.9305955693151,35.2840643932362,-40
75.0217757713006,35.1768697711966,-40
75.1123919941152,35.0709201257615,-40
75.2022827236943,34.9665084032842,-40
75.2913155043465,34.8638941836195,-40
75.3793863552263,34.7633027403142,-40
75.46641862165,34.6649246946293,-40
75.5523613206071,34.5689162291925,-40
75.6371870488152,34.4753998197758,-40
75.7208895287866,34.3844654376092,-40
75.8034808734918,34.2961721697618,-40
75.8849886532387,34.2105502014384,-40
75.9654528492998,34.127603101523,-40
76.0449227776301,34.047310351311,-40
76.1234540627951,33.9696300560742,-40
76.2011057371048,33.8945017798262,-40
76.2779375330917,33.8218494453471,-40
76.3540074291102,33.7515842441002,-40
76.4293694982308,33.6836075040472,-40
76.5040721000476,33.6178134674447,-40
76.5781564438337,33.5540919353783,-40
76.6516555399885,33.4923307409541,-40
76.7245935452615,33.4324180186015,-40
76.7969854961252,33.3742442427255,-40
76.8688374142092,33.3177040148676,-40
76.9401467581749,33.2626975844686,-40
77.0109031880434,33.2091320941623,-40
77.0810896009782,33.1569225461636,-40
77.1506833920193,33.1059924916457,-40
77.2196578893639,33.056274449953,-40
77.2879839115185,33.0077100689879,-40
77.3556313930167,32.9602500420968,-40
77.4225710263208,32.9138538002085,-40
77.4887758699163,32.8684890008421,-40
77.5542228763008,32.824130837867,-40
77.6188942983892,32.780761197597,-40
77.6827789385891,32.7383676879289,-40
77.7458732112206,32.6969425678379,-40
77.8081819958252,32.656481604646,-40
77.8697192659876,32.6169828861415,-40
77.9305084853573,32.5784456138762,-40
77.9905827693855,32.5408689028841,-40
78.0499848176957,32.5042506116654,-40
78.1087666278133,32.4685862246467,-40
78.1669890060643,32.4338678074797,-40
78.2247208957038,32.4000830535377,-40
78.2820385457013,32.3672144378372,-40
78.3390245460458,32.3352384923844,-40
78.3957667569601,32.3041252146548,-40
78.4523571600527,32.2738376185699,-40
78.5088906592636,32.2443314349649,-40
78.5654638585466,32.2155549661575,-40
78.6221738417005,32.1874490968385,-40
78.6791169777066,32.1599474611302,-40
78.7363877724954,32.1329767633056,-40
78.7940777853552,32.1064572473457,-40
78.8522746253412,32.0803033082538,-40
78.9110610401473,32.0544242358566,-40
78.9705141070679,32.028725079735,-40
79.0307045329772,32.0031076219573,-40
79.0916960677608,31.9774714424757,-40
79.1535450333906,31.9517150604103,-40
79.2162999688629,31.9257371330303,-40
79.2800013895355,31.8994376930732,-40
79.3446816579936,31.8727194041539,-40
79.4103649624234,31.8454888134381,-40
79.4770673975459,31.8176575805115,-40
79.5447971424283,31.7891436614911,-40
79.6135547288895,31.7598724279042,-40
79.683333393723,31.7297777007185,-40
79.7541195075212,31.6988026811325,-40
79.825893072467,31.6669007613226,-40
79.8986282810417,31.634036200259,-40
79.9722941271501,31.6001846519365,-40
80.0468550606967,31.5653335358491,-40
80.1222716761465,31.5294822422534,-40
80.1985014251002,31.4926421676352,-40
80.2754993424245,31.4548365787788,-40
80.3532187750394,31.4161003068572,-40
80.4316121021133,31.3764792759763,-40
80.5106314352011,31.336029873526,-40
80.5902292868115,31.2948181724824,-40
80.670359196062,31.2529190183882,-40
80.7509763004951,31.2104149960793,-40
80.8320378438184,31.1673952932658,-40
80.9135036103109,31.1239544797819,-40
80.9953362779096,31.0801912226611,-40
81.0775016835463,31.0362069581473,-40
81.1599689961194,30.9921045423016,-40
81.2427107945305,30.947986902011,-40
81.3257030504345,30.9039557079481,-40
81.4089250176943,30.8601100903769,-40
81.4923590329282,30.8165454176862,-40
81.575990233918,30.7733521561596,-40
81.6598062049354,30.7306148278216,-40
81.7437965601632,30.6884110812466,-40
81.8279524782756,30.6468108880432,-40
81.9122662028168,30.6058758753658,-40
81.9967305242267,30.5656588023121,-40
82.0813382601665,30.5262031854885,-40
82.1660817511361,30.4875430764148,-40
82.2509523882499,30.4497029908429,-40
82.3359401894196,30.4126979875284,-40
82.4210334390949,30.376533891568,-40
82.5062184051545,30.3412076551254,-40
82.5914791445455,30.3067078462681,-40
82.6767974069009,30.2730152547444,-40
82.7621526426603,30.2401036018705,-40
82.8475221192638,30.2079403403029,-40
82.932881145851,30.1764875283417,-40
83.018203403657,30.1457027625657,-40
83.1034613760542,30.1155401520413,-40
83.1886268690117,30.0859513170735,-40
83.2736716097472,30.0568863954732,-40
83.3585679085839,30.0282950395965,-40
83.4432893666104,30.0001273879459,-40
83.5278116097192,29.9723349959102,-40
83.6121130280504,29.9448717112213,-40
83.696175498841,29.9176944809206,-40
83.77998507021,29.8907640780181,-40
83.8635325835389,29.8640457375774,-40
83.9468142128268,29.8375096936398,-40
84.0298319007318,29.8111316101873,-40
84.1125936729192,29.7848929012083,-40
84.1951138148009,29.7587809368436,-40
84.2774128977217,29.7327891345288,-40
84.3595176450644,29.7069169359811,-40
84.4414606325327,29.6811696727799,-40
84.5232798209512,29.6555583251295,-40
84.6050179241958,29.6300991801517,-40
84.6867216192312,29.6048133976961,-40
84.7684406095885,29.5797264931652,-40
84.8502265578453,29.5548677482023,-40
84.9321319066619,29.5302695612538,-40
85.0142086115848,29.5059667509883,-40
85.0965068120292,29.4819958262998,-40
85.1790734695206,29.4583942371386,-40
85.2619510043083,29.435199620682,-40
85.3451759628048,29.41244905737,-40
85.4287777488848,29.3901783510859,-40
85.5127774518638,29.3684213472544,-40
85.5971868029489,29.3472093018631,-40
85.6820072901076,29.3265703133974,-40
85.7672294586638,29.3065288284215,-40
85.8528324215361,29.2871052300638,-40
85.9387835989531,29.2683155169832,-40
86.0250387027915,29.2501710785427,-40
86.1115419754878,29.2326785699263,-40
86.1982266878845,29.2158398888277,-40
86.2850158945287,29.1996522531768,-40
86.3718234389651,29.1841083771723,-40
86.4585551956227,29.1691967407174,-40
86.545110529115,29.1549019452465,-40
86.6313839463172,29.141205146941,-40
86.7172669115826,29.1280845565028,-40
86.802649791051,29.1155159930315,-40
86.8874238882973,29.1034734781862,-40
86.9714835306788,29.0919298557391,-40
87.0547281637328,29.0808574208781,-40
87.1370644099282,29.070228543232,-40
87.2184080480109,29.0600162675786,-40
87.2986858701163,29.0501948765817,-40
87.3778373757473,29.0407404006833,-40
87.455816264586,29.0316310614448,-40
87.532591693868,29.0228476361835,-40
87.6081492706119,29.0143737336373,-40
87.6824917542658,29.0061959726009,-40
87.7556394511876,28.9983040579435,-40
87.8276302886782,28.9906907510936,-40
87.8985195629013,28.9833517349007,-40
87.9683793617992,28.9762853756757,-40
88.0372976708893,28.9694923881125,-40
88.1053771764621,28.9629754116089,-40
88.1727337870365,28.956738509179,-40
88.2394948998351,28.9507866025875,-40
88.3057974443772,28.9451248594872,-40
88.371785739948,28.9397580501303,-40
88.4376092075776,28.9346898926011,-40
88.503419980184,28.9299224064428,-40
88.5693704566306,28.9254552949825,-40
88.635610846585,28.9212853765898,-40
88.7022867532254,28.9174060845138,-40
88.7695368400302,28.9138070538513,-40
88.8374906261242,28.9104738126123,-40
88.906266451994,28.9073875918118,-40
88.9759696538872,28.904525267055,-40
89.046690980954,28.9018594412658,-40
89.1185052842721,28.8993586750819,-40
89.1914705014233,28.8969878680762,-40
89.2656269543755,28.8947087904315,-40
89.3409969721929,28.8924807610733,-40
89.4175848436685,28.8902614646138,-40
89.4953770984816,28.8880078958714,-40
89.5743431090471,28.8856774172627,-40
89.6544359989655,28.8832289110937,-40
89.735593838024,28.8806240057667,-40
89.8177410981368,28.8778283522399,-40
89.9007903395637,28.8748129247724,-40
89.984644092279,28.8715553181208,-40
90.0691968935711,28.868041011973,-40
90.1543374398963,28.864264572543,-40
90.239950808736,28.8602307609537,-40
90.3259207047622,28.8559555183273,-40
90.4121316840171,28.8514667984051,-40
90.498471310076,28.8468052200489,-40
90.5848321972819,28.8420245141362,-40
90.6711138981014,28.8371917421401,-40
90.7572245944192,28.8323872670776,-40
90.8430825561348,28.8277044614681,-40
90.9286173346782,28.8232491414384,-40
91.0137706639749,28.8191387210747,-40
91.0984970468824,28.8155010864845,-40
91.1827640111084,28.8124731947047,-40
91.2665520250182,28.8101994084757,-40
91.3498540704478,28.8088295838821,-40
91.4326748765471,28.8085169338093,-40
91.5150298256898,28.8094156959611,-40
91.596943549472,28.8116786396726,-40
91.6784482396765,28.8154544508142,-40
91.7595817056646,28.8208850385614,-40
91.8403852158734,28.8281028115854,-40
91.9209011667923,28.8372279741699,-40
92.0011706278665,28.8483658947749,-40
92.0812308151009,28.8616046005619,-40
92.1611125495949,28.8770124512974,-40
92.2408377597297,28.8946360448118,-40
92.3204170871523,28.9144984037996,-40
92.3998476569688,28.9365974902052,-40
92.4791110716103,28.9609050887838,-40
92.5581716856079,28.9873660957239,-40
92.636975214993,29.0158982415522,-40
92.7154477302012,29.0463922700317,-40
92.7934950752423,29.0787125865364,-40
92.8710027485372,29.1126983806043,-40
92.9478362723025,29.1481652181901,-40
93.0238420677906,29.1849070897503,-40
93.0988488431987,29.2226988908721,-40
93.1726694898301,29.261299302893,-40
93.245103470293,29.3004540320432,-40
93.3159396704085,29.3398993572445,-40
93.38495967429,29.3793659290082,-40
93.4519414100245,29.4185827550326,-40
93.5166631018092,29.4572813022707,-40
93.5789074535528,29.495199640547,-40
93.6384659791306,29.5320865493541,-40
93.6951433859713,29.5677055073715,-40
93.7487619117211,29.6018384835734,-40
93.7991655086382,29.6342894496064,-40
93.8462237673531,29.6648875354497,-40
93.8898354708956,29.6934897542405,-40
93.9299316716133,29.7199832275641,-40
93.9664781879329,29.7442868494478,-40
93.9994774249343,29.7663523357327,-40
94.0289694324856,29.7861646153867,-40
94.0550321272359,29.803741531595,-40
94.0777806200487,29.8191328330607,-40
94.0973656084208,29.8324184497835,-40
94.113970813955,29.843706062561,-40
74.490986740095,36.3021430094107,-45
74.5815603958595,36.1941407410613,-45
74.6727893078983,36.085495060553,-45
74.7643804850668,35.976629643791,-45
74.8560631794426,35.8679489414501,-45
74.9475915945997,35.7598340963276,-45
75.0387469199916,35.652639474288,-45
75.1293386841496,35.5466898288529,-45
75.2192054349362,35.4422781063755,-45
75.3082147697247,35.3396638867108,-45
75.3962627519188,35.2390724434055,-45
75.4832727624448,35.1406943977207,-45
75.569193845558,35.0446859322839,-45
75.6539986172936,34.9511695228673,-45
75.7376808120139,34.8602351407007,-45
75.8202525476227,34.7719418728533,-45
75.9017413930508,34.6863199045301,-45
75.9821873225296,34.6033728046147,-45
76.0616396399826,34.5230800544028,-45
76.140153953642,34.4453997591661,-45
76.2177892758728,34.3702714829182,-45
76.2946053163338,34.2976191484393,-45
76.3706600282407,34.2273539471924,-45
76.4460074578977,34.1593772071396,-45
76.520695937107,34.0935831705373,-45
76.5947666468839,34.0298616384709,-45
76.6682525694169,33.9681004440469,-45
76.7411778337522,33.9081877216945,-45
76.8135574495699,33.8500139458187,-45
76.8853974129641,33.793473717961,-45
76.956695158604,33.7384672875621,-45
77.0274403242869,33.684901797256,-45
77.0976157868864,33.6326922492575,-45
77.167198923195,33.5817621947398,-45
77.2361630452559,33.5320441530473,-45
77.3044789575154,33.4834797720825,-45
77.3721165824908,33.4360197451915,-45
77.4390466025794,33.3896235033035,-45
77.5052420680204,33.3442587039373,-45
77.5706799247179,33.2999005409624,-45
77.6353424204518,33.2565309006926,-45
77.6992183537363,33.2141373910248,-45
77.7623041360068,33.1727122709339,-45
77.8246046446835,33.1322513077423,-45
77.8861338517429,33.092752589238,-45
77.9469152194885,33.054215316973,-45
78.0069818620418,33.016638605981,-45
78.0663764774748,32.9800203147626,-45
78.1251510613155,32.9443559277441,-45
78.183366417239,32.9096375105773,-45
78.2410914850091,32.8758527566356,-45
78.2984025090991,32.8429841409353,-45
78.3553820738579,32.8110081954827,-45
78.4121180326132,32.7798949177534,-45
78.4687023587407,32.7496073216687,-45
78.5252299465574,32.7201011380639,-45
78.5817973889823,32.6913246692567,-45
78.6385017573757,32.6632187999379,-45
78.6954394069169,32.6357171642299,-45
78.7527048284401,32.6087464664055,-45
78.8103895649415,32.5822269504459,-45
78.868581208114,32.5560730113542,-45
78.927362487371,32.5301939389573,-45
78.9868104609823,32.5044947828359,-45
79.0469958162492,32.4788773250585,-45
79.1079822831492,32.4532411455771,-45
79.1698261636381,32.427484763512,-45
79.2325759768262,32.4015068361322,-45
79.2962722185601,32.3752073961754,-45
79.3609472325358,32.3484891072564,-45
79.4266251889182,32.3212585165408,-45
79.4933221655144,32.2934272836145,-45
79.5610463258146,32.2649133645944,-45
79.6297981876123,32.2356421310078,-45
79.6995709754239,32.2055474038223,-45
79.7703510494864,32.1745723842367,-45
79.8421184036981,32.142670464427,-45
79.9148472244452,32.1098059033637,-45
79.9885065018163,32.0759543550416,-45
80.0630606842338,32.0411032389545,-45
80.1384703670358,32.005251945359,-45
80.2146930050382,31.9684118707412,-45
80.2916836386167,31.9306062818851,-45
80.3693956224121,31.8918700099639,-45
80.4477813454108,31.8522489790832,-45
80.5267929309378,31.8117995766333,-45
80.6063829050516,31.77058787559,-45
80.6865048220015,31.7286887214961,-45
80.7671138358256,31.6861846991875,-45
80.848167207855,31.6431649963744,-45
80.9296247408718,31.5997241828907,-45
81.0114491319384,31.5559609257702,-45
81.0936062374726,31.5119766612567,-45
81.1760652459584,31.4678742454113,-45
81.2587987557255,31.4237566051211,-45
81.3417827574508,31.3797254110584,-45
81.4249965233772,31.3358797934875,-45
81.5084224076403,31.2923151207971,-45
81.5920455644753,31.2491218592708,-45
81.6758535933624,31.2063845309331,-45
81.7598361222928,31.1641807843584,-45
81.8439843422175,31.1225805911552,-45
81.9282905073217,31.081645578478,-45
82.0127474169752,31.0414285054245,-45
82.0973478960081,31.0019728886011,-45
82.1820842903089,30.9633127795277,-45
82.2669479946064,30.9254726939559,-45
82.3519290286857,30.8884676906416,-45
82.4370156771878,30.8523035946814,-45
82.5221942065812,30.8169773582389,-45
82.6074486709054,30.7824775493818,-45
82.6927608155103,30.7487849578582,-45
82.778110085316,30.7158733049844,-45
82.8634737411607,30.683710043417,-45
82.9488270846633,30.6522572314559,-45
83.0341437887939,30.62147246568,-45
83.1193963280934,30.5913098551557,-45
83.2045564993152,30.5617210201879,-45
83.2895960202574,30.5326560985877,-45
83.3744871917982,30.504064742711,-45
83.4592036057279,30.4758970910605,-45
83.5437208789504,30.4481046990248,-45
83.6280173930799,30.4206414143359,-45
83.712075017429,30.3934641840352,-45
83.7958797929187,30.3665337811327,-45
83.8794225545651,30.339815440692,-45
83.9626994709248,30.3132793967543,-45
84.0457124802051,30.2869013133017,-45
84.1284696046626,30.2606626043227,-45
84.2109851273714,30.2345506399579,-45
84.2932796184191,30.208558837643,-45
84.3753798009997,30.1826866390953,-45
84.4573182516664,30.1569393758939,-45
84.5391329330829,30.1313280282434,-45
84.6208665618863,30.1058688832656,-45
84.7025658186437,30.0805831008098,-45
84.7842804112337,30.0554961962788,-45
84.8660620072187,30.0306374513157,-45
84.9479630547644,30.006039264367,-45
85.0300355153189,29.9817364541014,-45
85.1123295344664,29.9577655294127,-45
85.1948920800372,29.9341639402513,-45
85.2777655785909,29.9109693237945,-45
85.3609865827274,29.8882187604823,-45
85.444584502263,29.8659480541979,-45
85.5285804320935,29.8441910503662,-45
85.6129861085392,29.8229790049747,-45
85.6978030241199,29.8023400165086,-45
85.783021728069,29.7822985315324,-45
85.8686213365059,29.7628749331745,-45
85.9545692721001,29.7440852200936,-45
86.0408212483759,29.7259407816528,-45
86.127321508606,29.7084482730361,-45
86.2140033236586,29.6916095919372,-45
86.3007897473126,29.6754219562859,-45
86.3875946215844,29.6598780802811,-45
86.4743238186632,29.6449664438258,-45
86.5608767002747,29.6306716483545,-45
86.647147769834,29.6169748500486,-45
86.733028487749,29.6038542596101,-45
86.8184092158233,29.5912856961384,-45
86.9031812530079,29.5792431812927,-45
86.9872389218528,29.5676995588452,-45
87.0704816630123,29.5566271239839,-45
87.1528160941019,29.5459982463374,-45
87.2341579891448,29.5357859706835,-45
87.3144341357792,29.5259645796863,-45
87.3935840293218,29.5165101037874,-45
87.4715613656536,29.5074007645486,-45
87.5483352986543,29.4986173392869,-45
87.6238914324771,29.4901434367403,-45
87.6982325242252,29.4819656757035,-45
87.7713788784421,29.4740737610457,-45
87.8433684211391,29.4664604541955,-45
87.914256447691,29.4591214380022,-45
87.9841150457102,29.4520550787769,-45
88.0530322007855,29.4452620912134,-45
88.1211105996072,29.4387451147094,-45
88.1884661513372,29.4325082122792,-45
88.2552262539879,29.4265563056873,-45
88.3215278379115,29.4208945625867,-45
88.3875152231595,29.4155277532294,-45
88.4533378313512,29.4104595956999,-45
88.5191477957079,29.4056921095413,-45
88.5850975150056,29.4012249980806,-45
88.6513371983379,29.3970550796876,-45
88.7180124477386,29.3931757876113,-45
88.7852619249013,29.3895767569484,-45
88.8532151464741,29.3862435157091,-45
88.9219904497426,29.3831572949083,-45
88.9916931670199,29.3802949701512,-45
89.0624140428022,29.3776291443616,-45
89.1342279228326,29.3751283781775,-45
89.2071927387421,29.3727575711713,-45
89.281348806022,29.3704784935263,-45
89.3567184468484,29.3682504641678,-45
89.4333059428526,29.3660311677079,-45
89.5110978164392,29.3637775989651,-45
89.5900634328138,29.3614471203562,-45
89.6701559086283,29.3589986141868,-45
89.751313307189,29.3563937088594,-45
89.8334600946136,29.3535980553324,-45
89.9165088262693,29.3505826278645,-45
90.0003620283608,29.3473250212126,-45
90.0849142357435,29.3438107150645,-45
90.1700541439788,29.3400342756342,-45
90.2556668313779,29.3360004640447,-45
90.3416360053316,29.331725221418,-45
90.4278462266286,29.3272365014954,-45
90.514185065725,29.322574923139,-45
90.6005451460521,29.3177942172261,-45
90.6868260314052,29.3129614452298,-45
90.7729359172306,29.3081569701671,-45
90.8587930891698,29.3034741645574,-45
90.944327116478,29.2990188445275,-45
91.0294797528459,29.2949084241637,-45
91.1142055226464,29.2912707895733,-45
91.1984719766204,29.2882428977934,-45
91.2822596074081,29.2859691115643,-45
91.3655614220476,29.2845992869706,-45
91.4483821754682,29.2842866368978,-45
91.53073727602,29.2851853990495,-45
91.6126513810681,29.287448342761,-45
91.6941567075322,29.2912241539026,-45
91.7752910888426,29.2966547416498,-45
91.856095815997,29.3038725146739,-45
91.9366133060969,29.3129976772585,-45
92.0168846468237,29.3241355978635,-45
92.0969470696304,29.3373743036506,-45
92.1768314078914,29.3527821543863,-45
92.2565595987362,29.3704057479008,-45
92.3361422887219,29.3902681068888,-45
92.415576603761,29.4123671932947,-45
92.4948441427765,29.4366747918736,-45
92.5739092523267,29.4631357988139,-45
92.6527176359196,29.4916679446425,-45
92.7311953469022,29.5221619731222,-45
92.809248207689,29.5544822896273,-45
92.8867616907346,29.5884680836956,-45
92.9636012881315,29.6239349212817,-45
93.0396133871416,29.6606767928424,-45
93.114626658474,29.6984685939646,-45
93.1884539528885,29.737069005986,-45
93.2608946899073,29.7762237351366,-45
93.3317377102984,29.8156690603384,-45
93.4007645517867,29.8551356321026,-45
93.4677530954135,29.8943524581274,-45
93.5324815183853,29.9330510053661,-45
93.5947324784097,29.9709693436428,-45
93.6542974446931,30.0078562524504,-45
93.7109810822628,30.0434752104683,-45
93.7646055893429,30.0776081866706,-45
93.8150148824205,30.1100591527041,-45
93.862078520622,30.1406572385479,-45
93.9056952602817,30.1692594573391,-45
93.9457961323168,30.1957529306631,-45
93.9823469393405,30.2200565525471,-45
94.0153500764756,30.2421220388323,-45
94.044845589604,30.2619343184867,-45
94.0709113973433,30.2795112346952,-45
94.0936626183267,30.2949025361612,-45
94.1132499633329,30.3081881528842,-45
94.1298571723322,30.3194757656618,-45
