   4.4296915e-02
   7.5498528e-02
  -2.1476840e-02
   1.5091789e-01
  -1.6249111e-02
   4.1416485e-02
  -1.0420609e-02
   6.4005555e-02
  -2.1303133e-01
   4.0430675e-02
  -3.0035185e-02
   5.6122195e-02
  -1.2173667e-01
   1.6394021e-02
  -5.2993013e-02
   1.6880338e-02
   5.9604833e-02
  -3.2079404e-02
  -5.6629200e-02
  -1.8205419e-01
  -7.5133757e-01
   9.0494217e-02
  -2.0331843e-01
  -8.2688249e-02
  -2.6548256e-03
  -8.2479450e-02
  -1.2798169e-02
  -2.2218878e-02
   3.7929187e-02
  -1.1558074e-02
  -7.3552196e-03
  -2.5151805e-01
  -1.4658146e-02
   1.2527858e-02
  -3.5199441e-02
   2.3946955e-02
   1.8827430e-01
  -5.1756284e-01
   4.2382854e-01
  -2.4963691e-02
  -2.2157811e-03
   3.4793620e-02
   9.6739324e-02
   1.2974097e-02
  -1.5117818e-02
  -1.9842265e+00
  -8.5078026e-02
  -5.0771115e-03
  -9.3379259e-03
   3.9430751e-03
   3.8489979e-03
   1.6802996e-03
  -7.5388922e-03
   8.9265503e-04
  -4.8004362e-01
  -4.8553715e-03
  -2.1169917e-03
   6.4295233e-03
  -2.4314481e-02
   1.4245674e-02
   3.0996041e-03
   1.3210386e-01
   2.3365295e-02
  -4.0177220e-01
   2.0323526e-01
  -6.5840971e-02
   3.7385498e-02
  -1.0180192e-02
   3.6391619e-02
  -6.0620654e-02
   4.9802115e-02
  -6.1583181e-03
   1.8740536e-01
   1.9316110e-01
  -3.2873536e-02
  -1.0985664e-01
   5.7516996e-02
   2.4451877e-02
   1.8503143e-01
  -5.5002252e-02
   6.9640341e-02
   4.6213627e-02
   2.0570999e-01
   1.0008008e-01
   1.3812643e-01
   9.0806678e-02
   2.0035926e-01
   1.3650216e-02
  -3.2550373e-02
  -4.4711864e-01
   1.6040976e-01
   1.0609040e-01
  -7.8627915e-02
   1.6656778e-02
   1.1449792e-02
  -1.0862613e-01
   5.4286607e-03
   1.2928141e-02
  -3.6456924e-02
   1.5445776e-01
  -1.8654346e-01
   3.7044828e-02
   5.8583563e-03
   5.1105457e-02
   2.0619045e-01
   4.3439060e-01
   1.0604587e-01
   5.3279694e-02
   8.6434261e-03
   6.9943287e-02
   2.2428377e-01
   6.6522826e-02
  -6.7796579e-01
   1.0706145e-01
   7.4922255e-02
   2.7219590e-02
   2.6578022e-04
  -3.8532077e-03
   2.6996356e-02
  -3.0473277e-01
  -9.4634196e-03
   8.2510848e-03
  -6.5386280e-03
  -2.8030263e-02
   5.1364303e-02
   1.9607741e-02
  -1.1207583e-01
   9.1881756e-01
   1.0512355e-02
   2.1660963e-01
   2.0494303e-02
   7.4435626e-03
   1.7398555e-02
   3.9950278e-02
   1.9161092e-01
   1.1876334e-01
   9.1802030e-03
   1.8917719e-02
   1.3752341e-02
  -5.4633550e-02
   1.0747688e-01
  -1.4585015e-01
   2.7214851e-02
  -8.4667252e-01
  -3.8189634e-02
   1.3111191e-02
   1.1477161e-02
   1.2428531e-01
  -2.5335520e-02
   1.2012493e-01
   1.2602833e-02
   3.6058043e-04
  -1.2395702e-02
  -2.4108692e-01
   1.9249332e-02
   2.8068898e-02
   2.3019605e-02
   8.9567861e-03
   1.2403037e-02
   5.6566142e-03
   2.3964378e-02
  -3.6448477e-01
   2.2393224e-02
  -2.0819052e-01
  -9.0167132e-01
  -9.5599889e-03
   1.4087113e-02
  -1.0126551e-01
   2.7891697e-02
   1.7802552e-02
   4.3652553e-02
   2.3487183e-04
   2.1141829e-02
   1.7770105e-02
   9.6550167e-03
   9.6466786e-02
   6.3114515e-02
   3.0209364e-02
   1.6686055e-02
   2.9104090e-02
   1.7208119e-02
   9.5870221e-02
  -1.0056523e-02
   1.3310994e-02
   1.7067103e-02
   4.0432382e-02
   1.2200400e-02
  -2.2416012e-03
  -1.2377418e+00
   1.4411276e-02
   2.7000234e-02
   1.4407844e-02
   1.0976985e-02
   4.1154996e-03
  -1.9805145e-03
   2.6261040e-02
  -7.5464854e-02
  -7.0564405e-04
   2.9832456e-03
   5.2864536e-02
   6.6453796e-02
   8.1466180e-03
  -8.0822927e-02
   1.2430528e-02
  -7.7013814e-03
   5.6701305e-04
  -1.4105859e-03
  -9.5784132e-03
  -1.3633476e-02
  -8.5780926e-03
  -4.6513018e-02
   2.8622745e-02
   1.6351025e-02
   2.1688822e-02
   2.4934008e-02
  -3.1365323e-02
  -1.1716316e-03
   1.9277017e-02
  -1.6986833e-02
   3.1093809e-02
  -4.8095776e-02
  -6.9034934e-03
   5.3939896e-03
  -7.7140792e-02
   3.3211658e-03
  -7.6526395e-02
   2.2790255e-02
  -6.0679802e-03
  -2.8503630e-01
  -4.3587059e-02
  -1.2360421e-01
  -2.0189541e-04
   4.4670896e-02
  -8.5498927e-02
  -1.7441061e-01
  -2.1433421e-02
   1.8003163e-01
   4.2164108e-03
  -1.8432562e-02
   8.5454608e-02
  -3.5176425e-02
  -5.9476108e-03
  -1.2795186e-02
  -1.7818165e-01
  -2.3536704e-01
  -5.5328039e-04
   2.4263735e-01
   3.4043283e-03
   4.4158553e-02
  -3.0361103e-01
   2.1326533e-02
   6.1575314e-03
   2.6127696e-03
   3.1370514e-02
   2.9456310e-02
  -2.4972492e-01
   9.3337113e-03
   2.1271232e-01
   6.4414670e-02
   2.5441753e-02
   1.2194664e-02
  -2.3090894e-02
   6.3597668e-02
  -6.8117184e-01
   3.6572812e-02
  -3.7919701e-02
  -4.5148335e-01
  -1.5810063e-01
  -9.1318428e-02
  -8.3542986e-02
   4.1955035e-02
  -9.4342698e-01
   8.1996382e-02
  -8.8936217e-02
   1.1191610e-01
   1.0338466e-01
   1.7015924e-01
  -8.6087682e-02
   8.2985833e-02
  -2.2748481e-01
   3.2690621e-02
   6.1582876e-02
   6.1627305e-02
   1.0343880e-01
   1.2127036e-01
  -6.3925070e-02
   2.9872195e-01
   2.4765181e-02
   2.0679765e-01
   2.4863736e-01
   1.0186151e-01
   3.0565873e-01
  -3.8028322e-02
  -1.4134505e-01
   8.0853909e-03
   4.8245781e-02
   1.0853894e-01
  -1.0195901e-02
  -1.2293604e-02
   1.9760765e-01
   6.2028952e-03
   1.0450678e-01
  -5.3579065e-02
   1.1053635e-01
   4.3589327e-02
   1.2311013e-01
   3.7021322e-02
   1.0669113e-01
  -2.6201759e-02
  -4.1829724e-02
  -1.8785445e-01
   7.2231843e-02
   4.1444305e-02
   5.4821386e-02
   4.7984101e-02
   5.1970525e-02
   5.7485793e-02
   5.6529749e-02
   5.5564861e-02
   3.7497855e-02
   4.5846411e-02
   7.5611772e-02
   9.4027432e-02
   7.6969255e-02
   1.1314364e-03
   1.1308786e-01
   6.9260429e-02
   1.7334969e-02
   3.6871450e-02
  -4.9336976e-02
   1.2700107e-03
   3.9996312e-02
  -9.1445193e-03
   2.9302614e-01
  -1.0793049e-04
   5.0419416e-02
   2.2817111e-01
   7.3655948e-01
   1.4038275e-01
   8.9414191e-02
   1.2683998e-01
   5.1795267e-02
   9.8148126e-02
   8.8427703e-01
   2.3651381e-01
   1.3053096e-01
   8.8021423e-02
  -9.1856814e-01
  -4.1997423e-02
  -8.2705373e-01
  -1.1200580e-01
  -1.6314938e-01
  -2.2380855e-01
  -2.6835205e-01
  -5.0967937e-01
  -4.6056186e-02
   2.8435168e-01
  -8.2489526e-02
   1.8549787e-01
  -7.0815199e-03
  -1.0739390e-02
   3.2634679e-02
   5.3552453e-04
  -2.9406213e-01
   1.9093438e-02
  -2.3446034e-01
  -6.2406812e-03
  -3.0490004e-02
   1.0039576e-01
  -1.0011890e-01
  -6.2825235e-02
  -1.8016786e-01
  -1.4119833e-02
  -8.8510257e-02
   9.0579814e-02
   9.4537745e-02
  -1.3736570e-02
   2.9571301e-03
   1.4797116e-01
   5.9288414e-02
  -1.6004579e-01
   1.4744882e-01
   9.0129106e-02
  -6.0780911e-02
  -6.7213017e-02
   2.7230434e-01
  -1.2315770e-01
   1.0438028e-01
  -4.1778980e-02
   1.0956948e-02
   1.6403213e-01
   3.9964833e-01
   6.3478965e-02
   1.7480380e-02
   4.9535899e-02
   3.7978984e-02
   2.2263707e-01
   4.3460891e-02
   1.3703408e-01
   3.2957294e-02
   1.0704937e-02
   4.2508427e-02
   5.7999834e-02
   3.2965833e-02
   1.1566281e-02
  -1.1487892e-01
   1.6236660e-01
   3.1670204e-02
   5.8786503e-02
   4.3386005e-02
   9.0196548e-02
   5.1653365e-02
   5.6795265e-02
   1.6020589e-01
   1.8549678e-01
   8.9797953e-02
   1.7168061e-01
  -7.5399537e-02
   5.1275929e-01
   1.5544800e-01
   4.2083501e-01
   1.9500109e-01
   1.1732680e-01
   4.4058296e-02
   1.1551582e-02
   4.0463846e-02
   1.0248561e-01
   2.8606344e-02
   4.1069041e-02
  -3.4259004e-01
   1.0099076e-01
   1.5496582e-01
  -9.5043616e-02
   7.8597563e-02
   6.8438467e-01
   2.0918376e-01
   2.0570745e-01
   7.9818671e-02
   8.7252548e-02
   4.7697921e-01
   1.6888083e-01
   1.6078983e-02
  -1.5361951e-01
  -2.7977775e-01
   6.4427605e-03
  -3.9813727e-01
   3.6097999e-02
  -7.0845102e-01
  -5.3546308e-02
  -1.8438358e-01
  -8.3364358e-03
  -1.4240566e-02
   6.7947982e-02
   7.8768875e-03
   1.7416245e-02
  -4.9278650e-01
   5.3980588e-02
   2.6447216e-01
   4.1131028e-02
  -3.1957567e-02
  -6.1209520e-02
  -3.3268334e-02
  -2.7532946e-02
  -3.9921286e-02
  -2.7548175e-02
  -3.7943330e-02
  -4.8423144e-02
  -4.0362226e-02
  -7.2881739e-03
   2.6865612e-03
   4.4476099e-02
  -7.9356024e-01
   5.2067300e-02
  -2.9437755e-02
   4.8914101e-03
   8.4876571e-03
  -5.3662178e-04
  -9.8865743e-02
   2.8176474e-02
   2.4356984e-02
  -1.2609049e-01
   1.7751314e-02
   4.0867238e-02
   6.8389698e-02
   3.4922418e-02
   7.8745144e-02
   2.5881236e-02
   6.7805008e-03
  -1.0566876e-01
   1.2962120e-02
   2.1502714e-02
   3.3251641e-03
   1.2514459e-02
   2.1516495e-02
  -3.6945914e-01
   1.4908388e-02
  -1.4523649e-01
   2.9973318e-02
   1.8422116e-01
  -1.2691057e-01
   2.0877148e-01
   1.7401331e-01
   3.6407715e-01
  -9.7512361e-03
   3.2235030e-02
   8.7423590e-03
   2.4700675e-01
  -6.3964150e-02
   2.5846506e-02
  -5.3283007e-02
  -8.5414387e-03
  -4.3272523e-02
   8.0735005e-02
   6.6853846e-03
  -1.8293191e-02
  -1.0153673e-01
   7.9632849e-03
   1.2104616e-02
  -7.2800563e-02
   2.3830145e-02
  -1.2116393e-02
   5.8874175e-03
   1.5553097e-03
   3.7329619e-02
   5.8438109e-03
  -5.4200529e-04
  -2.1078580e-03
  -9.0672994e-03
   4.5229284e-02
   1.1767496e-02
   2.9302163e-02
   1.7905027e-02
   6.9433287e-03
   1.6532326e-02
   1.8977497e-02
  -2.4037308e-02
   1.2686186e-02
   1.3695376e-02
   1.9501551e-02
   4.9133480e-02
   1.5673116e-02
   1.3925913e-02
  -4.9262968e-02
   8.2732440e-03
   2.5845304e-02
  -1.3265967e-02
   7.5703329e-03
  -1.3007064e-02
  -1.1733304e-01
   1.2119520e-01
   7.4118717e-02
   2.5126599e-02
  -1.4980649e-02
   1.6978350e-02
  -4.2446776e-02
   1.3406475e-01
   1.4147700e-01
   7.0874867e-02
   2.4028696e-01
   7.8222311e-02
   8.0679331e-02
  -5.5601586e-02
   1.5621404e-02
   3.2003629e-02
   5.0443607e-03
  -1.3343108e-02
   2.6862925e-02
   2.7410124e-02
   1.2304752e-01
   2.1204394e-01
   5.6161373e-02
   1.4200857e-02
   1.7909146e-01
  -6.9371926e-01
   1.7286854e-01
   7.6285410e-02
   1.6758612e-01
   1.5638507e-01
   1.6589174e-01
   1.0951343e-01
   9.9247788e-02
   1.6623210e-01
   5.0321500e-02
  -1.4144239e-02
   1.1028982e-01
   5.6527799e-02
   2.8336250e-02
   1.1901324e-01
   1.2339715e-01
   2.1040785e-02
   8.9595402e-03
   2.2426335e-02
   1.2395663e-01
   3.0450635e-02
   4.3659197e-02
   2.3290692e-02
   2.7660519e-03
  -1.5806279e-02
  -3.7697308e-03
   4.9323476e-03
  -2.3914160e-02
  -2.2901865e-02
   1.1963721e-02
  -2.7357214e-02
   1.0027421e-02
  -1.7966281e-02
  -1.3284762e-02
  -2.6810126e-02
  -7.9797780e-03
   1.8079858e-03
  -1.7133715e-02
   2.9978979e-03
   1.7148353e-02
   1.8351310e-02
   1.5295263e-02
  -1.0326607e-02
   4.1247220e-02
   1.2531984e-02
   3.3745984e-03
   3.4064149e-04
  -9.5428868e-04
  -1.5512711e+00
   1.2328284e-02
   1.6078033e-02
   1.0368840e-02
  -2.3596082e-02
  -1.0116758e-02
   1.2780718e-02
   2.0887458e-03
  -8.8482339e-01
  -2.4449110e-03
   1.3992805e-02
   2.8910344e-03
   4.7217353e-03
  -6.3055057e-02
   2.2005692e-04
   5.9746557e-03
   5.7839402e-01
  -4.7416882e-03
  -1.0405182e-03
   2.5158542e-03
  -7.8790219e-01
   8.7346921e-01
  -5.5533994e-02
  -8.9967801e-01
  -2.6388813e-01
   6.4049056e-03
   5.2234505e-03
  -1.6348766e+00
  -1.2069866e+00
   7.3043650e-03
   1.4250148e-02
   6.8575778e-03
  -1.8650490e+00
  -3.5448506e-01
   1.2927859e-02
   1.0853479e-02
   3.1903279e-02
   1.4256482e-02
   1.0542965e-02
   1.5644526e-02
   1.3832398e-02
   1.2459814e-01
   1.1910635e-02
   5.9908283e-03
   2.2122246e-02
   5.9633601e-02
   1.5350497e-02
   2.7350944e-02
   2.8533282e-02
   2.0583859e-02
   2.5475650e-02
   5.9258919e-02
   1.1597501e-01
   3.0139347e-02
   1.1915597e-01
   1.2264739e-01
   1.2061303e-01
   1.1185735e-01
   5.7344542e-02
   2.1415534e-02
   5.4634566e-02
   5.2811379e-04
   2.5173446e-02
   1.1348026e-01
   1.4670814e-01
  -6.0677888e-03
   1.5032308e-02
   2.4789240e-02
   5.8048717e-03
   1.8766122e-02
  -1.3985304e-03
   2.2778699e-02
   4.5884796e-02
   3.2389200e-02
   3.4894233e-02
   1.1095218e-01
   6.1710627e-02
   8.5790490e-02
   2.6021907e-01
   6.6899004e-02
   1.0373298e-01
   1.1155430e-01
   2.3512164e-01
   3.0976418e-02
   1.1595534e-01
   2.0598886e-01
   4.0755166e-02
   6.3923443e-03
   3.3504927e-02
  -2.5175053e-02
   1.6883315e-01
   7.9237331e-02
   1.0767035e-01
   2.7224989e-02
   3.9268099e-02
   1.4304685e-02
  -1.1594484e-01
   4.7764302e-02
   4.0682815e-02
   2.8138293e-02
   4.1603768e-02
   1.1067670e-02
   1.9849374e-02
   2.3388920e-02
   1.8631504e-02
   1.3769822e-02
   1.1633166e-02
   1.6616053e-02
  -1.0112832e-01
  -9.8191939e-02
  -1.2645027e-02
  -6.3584882e-03
  -1.3425735e-02
   2.3081737e-02
   1.4135822e-02
   5.3237287e-03
  -2.5291840e-02
  -4.8835202e-04
   1.3724628e-02
  -2.8080459e-02
  -1.6606087e-01
  -1.3068084e-02
   1.4742436e-02
  -9.3371770e-03
   1.4343567e-02
   1.4585807e-02
   6.8996677e-03
  -1.0747268e-02
   1.2258321e-02
   1.7975221e-02
  -7.6075964e-02
   1.1791036e-02
   1.0173032e-01
   3.8269856e-02
  -2.3960421e-01
   1.0940179e-02
   1.7985617e-02
   1.6228890e-02
   1.4471574e-02
  -8.9852970e-03
   1.7909327e-02
   1.1948001e-02
   4.7263451e-02
   3.6639356e-02
   1.8178700e-02
   5.8496410e-03
   1.1244020e-02
   2.9212708e-02
   6.3594802e-02
   3.7706347e-03
   6.4939370e-03
   3.3493271e-02
   7.9440374e-04
   2.4652060e-02
  -1.2451214e-01
  -6.0386125e-03
  -2.5788097e-02
   3.1362949e-03
   2.7179980e-03
  -2.6597344e-03
   1.6768921e-03
   9.6118378e-05
   9.2964809e-03
  -2.7989043e-01
  -1.2028757e-01
  -3.2933893e-01
  -8.7236524e-02
   1.7091865e-02
  -4.5791960e-03
  -1.8260506e-02
  -4.4174433e-02
   1.4301925e-01
  -2.8001786e-02
   2.8991087e-03
   3.3966359e-03
  -1.0733233e-02
   1.5706170e-02
   1.5016928e-02
   2.1838043e-03
   7.1506432e-02
   2.2568380e-03
   1.3338530e-02
   1.1938303e-03
   1.0579853e-02
   8.4274244e-03
   1.1789571e-02
   9.4685289e-03
   3.5487925e-03
   4.2456711e-03
   1.1769756e-02
  -1.7263358e-01
   1.1069334e-02
   1.0515779e-02
   1.0055155e-02
  -1.3368686e-01
   8.6378713e-03
  -5.1307521e-02
  -4.7735251e-02
  -9.6838786e-02
  -9.8750593e-03
  -4.3870373e-02
   8.7455211e-02
  -3.3614372e-02
  -1.8546221e-02
  -3.8621946e-02
  -1.3963214e-01
  -2.1414858e-01
  -8.1157843e-02
  -6.4817200e-02
  -5.8129851e-02
  -3.5635196e-02
   1.2931435e-01
   8.7500409e-03
   9.2968120e-03
   1.0200999e-02
   7.8730005e-03
   8.9077819e-03
   9.7635706e-03
   7.3017992e-03
  -1.5902451e-02
   4.1883202e-03
  -2.9558259e-02
   9.0960977e-03
   4.5420424e-02
   2.1982761e-03
  -3.5538149e-02
   4.6655338e-03
  -1.7605894e-02
  -1.2902098e-02
   5.0971669e-02
  -1.6677736e-01
  -2.4863974e-02
  -3.7663288e-01
  -4.0944097e-01
  -3.1670842e-01
  -4.2697311e-01
  -2.2531370e-01
  -9.6547348e-02
   2.8824409e-02
  -6.7795923e-02
  -2.3245446e-01
   9.9043607e-02
  -4.0029889e-03
  -2.8649524e-01
  -8.9159589e-02
  -2.0598413e-03
   3.0627986e-03
  -8.9566731e-02
  -2.2036718e-03
  -1.5634613e-01
   2.6724015e-03
  -5.5559998e-03
   2.1821013e-02
   3.4210901e-03
   2.2220211e-03
   7.9828094e-03
   6.9271706e-03
  -3.2035397e-03
   5.7569192e-03
   5.7036416e-04
   9.8904596e-03
   2.3342439e-03
  -5.2939480e-04
   2.4819690e-03
   1.9842420e-03
   5.5611997e-04
  -9.5794140e-02
  -5.7510795e-02
   3.4891504e-02
   1.0525357e-03
   7.2875775e-02
  -6.5141524e-02
   1.0859553e-01
  -3.4885543e-03
  -2.9645126e-03
   1.9472525e-02
  -2.0043616e-02
  -1.5553620e-01
  -1.2666686e-01
  -1.9082328e-02
   4.8498353e-02
   1.0266194e-01
   8.0484954e-02
  -8.8566450e-03
  -1.9469756e-01
  -9.6319399e-02
   1.1197574e-01
   1.1145002e-02
   2.7182952e-02
  -4.6767693e-02
  -2.4687466e-03
  -7.6049473e-03
  -7.6972042e-03
  -1.2877027e-01
  -6.6519738e-02
  -1.7393087e-01
  -2.5863326e-01
  -1.0410065e-02
   1.2844539e-01
   4.1482511e-01
   3.4769980e-01
   5.0617115e-01
   1.2829871e-01
   4.3686602e-02
   1.1559700e-01
   5.1281483e-02
   6.7853517e-01
  -7.8482287e-01
  -6.4614940e-01
   3.1521717e-01
   5.3607975e-01
  -4.1653412e-02
   1.0476479e-01
   3.0106842e-01
  -6.5371997e-03
  -3.3565004e-02
  -1.8509879e-01
   1.1421748e+00
  -1.0154030e+00
  -4.0268464e-01
  -4.7637509e-03
  -1.5452495e-02
  -1.3659541e-03
  -1.5036688e-02
   3.1582846e-03
  -5.7400549e-03
  -3.3243518e-01
  -3.2358161e-02
  -3.5354339e-05
   3.2465541e-01
  -1.1618973e-01
  -1.0696291e-02
  -1.6750778e-02
  -1.1939710e-01
  -5.3938972e-02
   3.9203121e-03
   1.0764898e-02
   1.2747168e-02
  -5.8569557e-03
  -7.7072630e-03
  -1.1166744e-02
  -8.9085961e-03
   8.8697067e-04
   1.3272958e-02
   4.3423644e-02
   1.5473925e-02
  -4.9533864e-03
  -1.8392116e-02
  -6.6017933e-04
  -7.9853051e-03
   3.4283575e-02
   3.7165912e-02
   8.3709397e-04
   1.0321070e-02
   6.7215288e-03
  -2.8125645e-01
  -4.9775420e-02
  -5.5118633e-03
   3.1994374e-04
   3.0524350e-02
   7.0020802e-03
   3.2646702e-02
   2.1462661e-02
  -1.0909632e-02
  -1.9058785e-02
  -1.1489478e-02
   1.7413396e-02
   1.0149949e-02
   2.8487425e-02
  -5.9838157e-03
  -1.2866242e-02
   1.6087122e-03
   2.2969614e-02
  -1.9407479e-01
  -4.6117846e-03
   2.8429450e-02
  -5.3898908e-03
   8.1580859e-03
   1.6945817e-02
  -7.4110296e-03
   7.1807751e-03
   1.1293495e-02
   1.6825472e-02
   1.1336477e-02
  -1.5270615e-01
   3.6190610e-02
   2.2138911e-02
   2.5738175e-02
   2.8380090e-01
  -1.6668634e-01
  -2.0901212e-01
   2.9009995e-01
   1.6740340e-02
   1.7132625e-02
   8.1599801e-02
  -3.5534027e-03
  -5.6835184e-04
   1.0049038e-01
  -1.6405359e-02
   6.7444990e-02
   2.8986651e-01
   1.5655142e-01
  -4.0918944e-02
   1.6752514e-01
   7.5465815e-02
   6.1622412e-02
   1.5771466e-01
   4.4315932e-02
   6.4427377e-02
   3.1799199e-02
   3.7195979e-03
   1.6340594e-02
  -9.6299259e-04
  -1.0485053e-02
  -1.2463583e-03
   1.1291016e-02
   1.0015574e-03
  -1.4637477e-02
   1.0582419e-02
   6.1195778e-03
   4.4741957e-03
   4.7933006e-01
  -9.1670853e-03
  -7.8537360e-02
  -2.5442458e-02
   9.5148073e-02
   8.9075175e-02
  -4.3450015e-02
   3.9179754e-01
   6.3030442e-01
  -9.4664870e-02
  -4.7075425e-01
  -2.5951903e-01
  -1.4933164e-02
   1.6315167e-01
   1.0167929e-01
   4.7790377e-01
   2.1405691e-01
   1.4139825e-01
   1.0486430e-01
  -3.7109308e-02
   7.0781276e-02
   3.4440902e-02
   1.5851952e-01
  -3.5571153e-02
   2.2806635e-02
   7.4661572e-03
   2.3610600e-02
   6.7855594e-02
   1.3778098e-01
   9.4140638e-02
   1.3983569e-01
   1.9221473e-01
   3.0490133e-01
   1.5183534e-01
   1.4693135e-01
   5.0818236e-02
   8.7693811e-02
  -9.7692907e-02
   1.9253645e-01
   1.2503682e-01
  -3.7422522e-03
   7.5209504e-02
  -6.8757434e-02
   6.9555880e-02
   7.2792024e-02
   1.8270746e-01
   6.9675091e-02
   1.7575434e-01
   2.3888375e-01
   1.7565538e-01
   1.4144138e-01
   1.1810403e-01
   1.3308995e-01
   8.3897834e-02
   1.7386681e-01
   6.1181626e-02
   8.4268664e-02
  -8.7535612e-02
   6.4700424e-02
   7.6036910e-02
   7.9872746e-02
   1.0964741e-02
   7.0243546e-02
   1.0358308e-01
   4.2812510e-02
   8.5289972e-02
  -2.5214811e-02
   2.7286254e-02
   1.6845265e-02
   1.2284029e-01
   8.0703618e-02
   8.1680866e-02
  -8.9936578e-03
   4.2033491e-01
   5.2717760e-02
  -7.3679972e-02
  -1.4519115e-01
   3.6801665e-02
   2.4245403e-01
   1.1593603e-01
   2.4074774e-01
   6.9821682e-02
   5.2428891e-02
  -2.1821659e-01
  -1.4928220e-02
   2.7735756e-02
   2.0341286e-01
  -4.9294712e-02
   6.5920965e-02
   9.5861564e-02
  -1.5648616e-01
  -1.3457189e-01
   1.1881648e-01
  -2.3355967e-02
   7.1194554e-02
   6.4487614e-02
  -1.5403534e-01
  -4.9098607e-02
   2.0981995e-01
   2.0055307e-02
  -1.7436153e-02
   1.0018453e-01
   1.3117485e-01
   1.5734996e-01
   2.4568210e-01
   1.9284720e-01
   1.1049859e-01
   1.1819135e-01
   4.0749363e-03
   8.5834511e-02
  -1.9944518e-02
  -2.6612138e-02
   6.5263183e-02
  -2.8831863e-02
   2.3029720e-02
  -2.7768593e-02
  -1.2536094e-02
  -2.1605298e-03
  -2.1563665e-01
  -1.3857570e-01
   1.7401778e-02
   1.0702627e-02
   1.1385929e-01
  -2.1535898e-01
  -3.8356078e-02
   1.6670250e-01
   8.2355736e-02
   1.4884672e-01
   1.8992000e-01
   1.0334057e-01
   1.1560347e-01
   6.4989793e-02
   9.8609170e-02
  -3.8860459e-02
   8.1348891e-02
   1.0757116e-01
   1.5488184e-01
   1.1027987e-01
   1.9399763e-02
   2.9662952e-01
   3.0294144e-02
   2.0976559e-01
   4.8358668e-02
  -9.0548375e-02
   1.2312163e-01
   1.1056611e-02
  -4.6456273e-01
  -1.3733569e+00
  -6.7546242e-01
  -1.5463763e-01
  -4.2587098e-01
   4.9304388e-01
  -1.3968157e-02
   1.5709115e-01
   2.5041128e-01
   4.8771293e-02
  -1.0944084e-02
   5.2695117e-02
   1.2052487e-01
   7.0569412e-02
   9.3112753e-02
   3.0006760e-01
  -5.1938524e-02
   2.7785064e-02
   1.3721012e-01
   5.4373460e-02
   7.7341318e-02
   3.4722450e-01
  -2.4615998e-02
   1.3047584e-01
   4.9576435e-02
   8.4010381e-02
   9.6475715e-02
   1.6298223e-01
   1.6232542e-01
   1.7113918e-02
   4.8442710e-02
   2.0323307e-01
   2.5968810e-01
   2.0798344e-01
   1.7717976e-01
   6.3140645e-02
   8.4354106e-02
   1.5330053e-01
   2.1352918e-01
  -4.9424600e-02
   2.1734116e-01
   1.9007363e-01
   2.5664398e-01
   1.4151067e-01
   6.3508580e-02
  -1.7184418e-03
   8.8199603e-02
   9.1966935e-02
   8.8468704e-02
   4.5728573e-01
   4.7833390e-02
   1.5622414e-01
   5.6219360e-02
   8.1784979e-02
   4.6764539e-02
   1.0070457e-01
   8.6940255e-02
   4.2319898e-02
   3.9014356e-02
   9.5047863e-02
   9.2556576e-02
   9.9297395e-02
   6.8619335e-02
   9.8136156e-02
   3.7742782e-02
   6.6704508e-02
   2.1136464e-02
   1.0352952e-01
   9.0223004e-02
   3.0912981e-02
   4.1418942e-02
   3.6833970e-02
   5.6642206e-02
   1.7269838e-02
   3.4186654e-01
   4.9876438e-02
   3.8841339e-02
   3.2227187e-02
   5.6014829e-02
  -1.4327272e-01
   4.0855878e-02
  -6.0030791e-02
   3.2944962e-02
   2.0110344e-02
  -2.8675238e-03
   4.5034778e-02
   1.5005882e-01
   7.0566797e-02
   3.6264594e-02
   4.4379403e-02
   2.7270996e-02
   3.9180962e-02
   2.3333382e-01
   5.5269797e-02
   4.2151368e-02
   4.8941420e-02
   6.5711034e-02
   4.1013076e-02
   3.6433281e-02
   4.1166577e-02
   7.3137744e-03
   1.0363692e-01
   1.0179776e-02
   9.5556562e-03
   7.5235278e-02
   2.9035729e-03
   6.3422973e-02
   5.5355454e-03
  -3.4806791e-03
   2.3253068e-02
   3.0980939e-02
   1.2688268e-01
   9.8323285e-03
   4.5618206e-02
   3.8820780e-02
   3.5705010e-02
   4.8275787e-02
   3.0237047e-02
   5.7351551e-02
  -3.2918932e-03
  -6.6881732e-04
  -1.1224801e-02
   3.8164750e-02
   4.4694479e-02
   5.4429151e-02
   3.4108274e-02
   5.8548647e-02
  -3.8755773e-03
   8.0946426e-02
   6.4246462e-02
   6.1267101e-02
  -1.8719955e-01
   7.5828539e-02
   1.6152665e-01
  -7.4757027e-02
   1.0676383e-01
   5.0941949e-02
  -3.6748433e-03
   5.4778085e-02
   1.7263388e-01
   4.9986839e-02
   6.1717449e-02
   7.3276442e-02
   1.6000742e-01
   9.7809209e-02
   5.9221428e-02
   4.8677696e-02
   7.5004574e-02
   1.2136441e-01
   1.3825022e-01
   1.4665553e-01
   6.6905900e-02
   9.6819594e-02
   6.2076707e-02
   8.8041780e-02
   1.7076317e-01
  -8.9538689e-02
   2.5821962e-01
   1.7601886e-01
   2.7472128e-01
   2.7127793e-01
   6.4708579e-02
   1.1733640e-02
   3.3238612e-01
   3.3941369e-01
  -1.6429332e-01
   1.6151974e-01
  -8.1724624e-02
   3.5524048e-01
  -2.2059699e-02
   7.9041662e-02
   1.4323743e-01
  -9.1051716e-02
   1.5159417e-01
   2.2917762e-01
   3.7284628e-01
   3.7915328e-01
   1.0860843e-01
   1.5133966e-01
   2.0290019e-01
   1.8401261e-01
   1.1234747e-01
   1.5849621e-01
  -3.5907444e-02
   1.1239687e-01
  -1.7115942e-01
   7.7110464e-02
   3.1620590e-02
  -7.9971421e-02
  -4.8684520e-02
   7.5426579e-02
  -3.9441182e-02
   1.9561621e-01
   1.2573520e-01
  -8.2398458e-03
   1.8929898e-01
   6.7322671e-02
  -3.7789846e-01
  -8.7810484e-02
   1.2708455e-01
   5.2830888e-01
   9.2692216e-01
   4.6859082e-01
  -4.2590455e-01
   2.4210889e-01
   2.3216233e-01
   4.3575074e-01
   1.8514392e-01
   3.3254361e-01
  -2.9700218e-01
  -4.8039130e-01
  -1.7804384e-02
  -2.0948714e-01
   7.1259425e-01
  -7.6218469e-01
  -2.5339791e-02
  -9.6700826e-03
  -8.9268269e-03
  -4.9832852e-02
  -5.8936602e-02
  -7.0271631e-02
   5.9062411e-03
  -5.4718196e-02
  -8.9997430e-02
  -4.6738147e-02
  -1.3478464e-02
   1.2880437e-02
  -2.0098386e-01
  -5.2953391e-03
   1.4732722e-03
  -9.4862194e-03
  -1.2666679e-02
   5.4810771e-03
  -2.0548233e-02
   8.1386383e-03
   4.7792475e-02
  -7.3887239e-02
   1.5927556e-02
  -4.6943337e-01
  -9.1577731e-02
  -1.3409178e-01
  -5.5723880e-01
   4.6556293e-02
   3.3671611e-02
  -1.5783202e-02
  -6.1248714e-02
  -1.4560923e-02
  -1.3492398e-01
  -1.5129533e-01
  -1.2815418e-01
   4.9912947e-01
   2.2214177e-02
   3.0563662e-01
  -7.7494252e-02
   2.7165511e-02
  -5.4440924e-02
  -2.0587736e-01
  -6.1844685e-02
  -1.4875830e-01
  -5.0024254e-01
  -2.6575677e-02
  -2.0567671e-01
  -2.9788607e-02
  -1.2563255e-01
  -3.2319692e-02
  -2.6288284e-02
  -1.6480351e-02
  -1.1538389e-01
   3.3989405e-02
   1.5891796e-01
  -2.9667932e-02
   2.1085465e-01
  -2.5094428e-01
   2.5062111e-02
   2.5264879e-03
  -1.5038549e-01
   1.9820707e-02
   2.3651613e-01
  -1.3843072e-03
   1.7767314e-02
   1.2206822e-01
  -1.9135395e-01
   4.1871127e-01
   3.1795181e-01
   1.3196128e-01
   8.7075985e-02
   6.9637957e-02
   6.9138108e-03
  -1.7758996e-01
   1.2058482e-01
  -4.0340040e-01
  -1.4848741e-01
   4.1236183e-02
  -2.3155534e-02
  -9.3422040e-02
  -5.2633955e-03
   6.0021439e-03
  -2.2112176e-03
  -8.7729779e-03
  -5.6666693e-04
   2.0136612e-01
  -5.5354206e-03
   9.8111157e-02
   3.4078940e-03
  -9.6351752e-02
  -3.3194189e-01
   2.0489228e-03
   1.8725988e-01
  -4.1739789e-03
  -1.0326977e-01
  -2.3783606e-02
   1.7876270e-01
   1.0123162e-01
  -2.2240272e-01
  -7.6147119e-02
   5.5309854e-02
  -1.2273582e-02
  -7.9894249e-03
   4.4585309e-02
  -1.8595998e-02
  -8.9608097e-03
  -3.0012682e-02
  -3.6823913e-02
  -1.8399846e-02
  -1.2190875e-02
  -1.8805872e-01
  -8.7339975e-02
  -1.6012795e-01
   2.1614558e-02
  -1.6317499e-01
   1.1469583e-01
   1.6638745e-01
   1.6225729e-01
  -1.1275629e-02
   4.0187266e-02
   1.7844088e-02
  -8.1884740e-03
   1.7279433e-01
  -3.8915948e-03
   1.8421989e-01
   4.6793961e-02
  -7.8473920e-02
   1.9913284e-01
  -5.3939153e-02
   1.4879674e-02
   1.2893487e-02
  -5.5516736e-02
   1.5642757e-01
   2.2032616e-01
  -8.6885536e-01
  -1.5827841e-01
  -2.9100234e-02
  -1.3892552e-02
  -3.5545960e-01
  -2.2594085e-02
   9.3953332e-02
   2.9459350e-01
  -6.9705650e-02
  -1.6609941e-01
   2.4883508e-01
   1.4069921e-01
   2.8524251e-01
  -1.1365819e-01
  -1.7281333e-01
   4.6820611e-02
  -1.7118480e-01
   6.7299663e-02
   1.8816853e-01
   1.5737253e-01
   8.7700346e-02
   2.1855447e-01
   1.2658447e-01
   1.5882332e-01
   2.2861168e-01
   1.5674013e-02
   8.5582412e-02
   1.4916416e-01
   8.9684820e-02
   1.2271277e-01
   9.2458409e-02
   1.5341832e-01
   6.0793243e-02
   1.3799137e-01
   8.9572856e-02
   7.4539656e-02
   8.5577413e-02
   4.2602244e-02
   1.1110963e-01
   7.7210693e-02
   1.4445180e-01
   2.5882738e-02
   3.7415545e-01
   2.4604862e-01
   4.2606129e-02
   2.7682702e-01
   8.8853665e-02
   3.3725754e-01
   4.3068806e-02
  -5.1593659e-02
   3.0253279e-02
   1.3205537e-01
   9.6856227e-03
   5.9333020e-02
   2.4584433e-02
   4.0538478e-02
   1.8419233e-01
   2.8732302e-02
   3.3096151e-02
   3.2652831e-02
   2.7661164e-02
   4.0448845e-02
   3.6197291e-02
   3.1144157e-02
   3.2467682e-02
   3.4387814e-02
   2.7769239e-02
   2.1847721e-01
   2.6847014e-02
   4.0029794e-02
   4.5231185e-02
   2.7921565e-02
   4.5885496e-02
   1.0357622e-02
   3.9840627e-01
   2.0769945e-02
  -3.0103655e-02
   1.0879064e-01
  -5.7131115e-02
   4.3845841e-02
   2.1214205e-02
   4.6831773e-02
   9.6138338e-02
   1.7955009e-02
  -3.4398900e-01
   1.0204525e-01
  -3.8569737e-02
   2.6551473e-02
   1.0417395e-01
   4.4564758e-02
   5.1739302e-02
   1.3581388e-02
   6.4065584e-02
   1.3389211e-02
   3.5050545e-02
   5.6988167e-03
   1.7898612e-03
   8.2410108e-02
  -4.7654851e-02
  -6.9050915e-02
   2.1493120e-02
   3.8969535e-02
   6.6778464e-02
  -7.3778235e-02
   1.3832158e-01
   1.8659476e-01
   9.1999979e-02
   6.2003183e-02
   5.4638696e-02
   1.6122455e-01
   1.0464686e-01
   8.4072964e-02
   4.3397794e-01
   1.2761626e-01
   1.2143076e-01
   1.7815070e-01
   1.2918216e-01
   1.1867056e-01
   9.6246219e-02
   8.3497762e-02
   2.2127703e-02
   3.1361816e-02
   1.2069053e-02
   1.8623961e-02
   1.0618169e-02
   3.9376928e-02
   5.2835783e-02
   5.4091798e-02
   7.8404401e-02
   7.1085282e-02
  -8.3038662e-01
   1.7287060e-01
  -5.1417036e-01
   3.6886365e-01
  -1.4700401e-01
   3.7795409e-01
   4.4890518e-01
  -3.4831097e-02
   1.0385553e-02
   2.5547112e-01
   1.7468993e-01
   1.1608667e-01
  -2.3968003e-01
   1.1081170e-01
   1.4909298e-02
   4.9011845e-02
  -1.2887966e-02
   2.9838540e-02
   1.0474850e-01
   1.0665129e-01
   2.6833867e-01
   3.0234177e-01
  -4.0564990e-01
   1.3907778e+00
   1.2238631e-01
   1.9191840e-01
   2.4077938e-01
   1.8860806e-01
   1.6627074e-01
   1.9031464e-01
   4.8885251e-02
  -9.8547257e-02
   2.8489567e-02
   6.4343133e-02
   6.7692331e-02
  -3.0016237e-02
   2.2348197e-01
   1.0591583e-01
  -1.1669685e-01
  -1.1592092e-01
  -1.1466062e-01
   7.2550379e-03
   4.9544820e-02
  -7.2249353e-02
  -1.1824504e-01
  -1.4252300e-01
   3.9675464e-02
  -1.3085844e-02
   1.1576460e-01
   6.1228489e-02
   6.7174811e-02
  -1.2903687e-01
  -8.2826217e-02
  -1.1189831e-01
   1.9957471e-02
  -1.3940799e-01
  -3.8055458e-01
  -3.9240811e-01
   1.0047399e-01
   1.5040876e-01
   4.5641054e-01
  -5.9047518e-01
  -1.4368595e-01
   4.1893420e-01
   6.6745140e-01
  -7.2209197e-01
   2.9063369e-01
  -7.2529623e-01
  -2.4621592e-01
  -1.1066981e+00
  -6.7982073e-01
  -7.1319519e-01
  -8.3460435e-01
   1.6750488e-02
  -2.8432440e-01
  -7.0707468e-01
  -9.0705655e-01
   1.1744801e+00
  -1.4331223e-01
  -1.2506192e+00
   9.4290452e-01
  -3.0004632e-01
  -6.1583610e-01
   1.2372171e+00
  -1.1573296e-01
   6.4453754e-01
  -2.2526729e-01
   4.7521387e-01
  -2.2944652e-01
   4.6042514e-01
   2.2667632e-01
  -7.1765336e-01
   5.5463728e-01
   1.9758584e-01
   1.5534497e-01
   1.1512589e-01
   1.0238630e+00
   1.6741764e-01
   1.3387730e+00
   2.8521790e-02
   6.4408750e-01
   4.6284721e-02
   7.8834285e-01
  -2.1873516e-01
   4.6684561e-01
   2.6019000e-02
   6.8705918e-02
  -2.1312168e-01
   4.4441918e-01
   4.8018002e-01
   1.1479657e-02
   9.5587108e-02
  -7.2030816e-02
  -4.0369641e-01
  -2.9440359e-01
  -1.9281773e-02
  -6.5883631e-02
  -7.0940194e-01
  -4.6847637e-01
  -6.1434643e-02
  -5.1368749e-03
  -5.6682683e-01
   1.2542405e-01
   5.3273187e-02
   2.7089116e-02
  -4.0036054e-02
  -4.6681506e-02
  -9.6116350e-02
  -4.7794931e-02
   2.7204295e-02
  -2.0558059e-01
   1.6737386e-02
  -9.1008407e-03
   5.6632376e-02
  -5.6062096e-02
  -1.8816286e-01
   2.0337262e-02
   3.0416128e-01
   2.1661768e-01
  -8.8126991e-03
  -4.8652426e-02
   2.6104203e-01
   1.6599604e-01
  -3.2168621e-01
   2.4435301e-01
  -2.7993221e-03
   1.7679580e-02
   2.2521602e-01
   1.8355927e-01
  -2.3332232e-03
  -8.6683190e-02
  -1.4744253e-02
   2.4969274e-01
   6.2309745e-02
  -2.2925672e-03
   4.2119033e-02
   3.7231489e-02
   1.5789833e-02
  -2.4295202e-02
   4.4708193e-02
  -3.4313619e-02
   4.0639117e-02
  -1.7890808e-02
   1.7775412e-04
  -4.6718526e-02
  -9.1105087e-02
   1.4319095e-02
  -3.1846703e-02
  -6.8468991e-02
  -5.3791459e-02
   5.9004668e-03
   3.3993601e-03
  -5.4338105e-03
   1.6500166e-02
  -2.8478351e-02
   3.0381641e-02
   2.5422449e-03
  -3.2479351e-01
  -2.0129716e-02
   8.8643073e-03
   1.2320630e-01
  -1.6908043e-01
  -2.1039406e-03
   1.2558121e-01
  -2.4461125e-02
  -3.5384167e-04
  -1.0742563e-02
  -7.3245224e-03
   6.3730454e-03
  -4.6943839e-02
   7.1691341e-03
  -6.3106247e-03
  -3.4276052e-02
  -2.0311712e-02
  -4.8355877e-02
   7.6133212e-03
   8.2312089e-04
  -1.2359953e-01
   2.1721713e-03
  -4.5241718e-02
  -3.9069854e-02
   8.5513296e-03
  -2.0032735e-01
  -8.1586173e-03
  -1.4255069e-02
   3.5720722e-03
  -1.5196652e-02
  -2.5876664e-02
  -1.1332722e-02
  -9.9715295e-03
   8.1499950e-03
  -7.4585386e-03
  -3.4798451e-02
   9.3019896e-03
   5.1229027e-03
  -1.1247091e-03
  -2.4818857e-02
  -2.1493718e-01
  -2.0383170e-02
  -1.7785601e-02
   1.0372364e-02
   1.7363907e-01
  -1.9552409e-02
   5.6805881e-03
   1.1968533e-02
   2.5863067e-02
   7.3803829e-03
   2.2450340e-02
   8.7179718e-03
   7.0476899e-03
   1.3742244e-02
   7.8282104e-03
  -1.8289573e-02
   3.4698910e-03
  -1.2092956e-04
   1.6348677e-02
  -2.0353981e-02
  -3.5718794e-02
   2.2951627e-02
   3.1538810e-03
   1.5393262e-02
   5.6105224e-03
   5.5785476e-03
   3.2145366e-02
   8.7845650e-03
   7.1953950e-03
   5.0269556e-02
   4.4485092e-02
   6.5886269e-02
   3.6849973e-03
   4.0184920e-03
   3.3726470e-03
   2.8912439e-01
   2.9607683e-01
   1.4294192e-02
   1.7841407e-02
   1.0800980e-02
   1.6591172e-01
   1.2520045e-02
   2.3622173e-02
   3.0648671e-01
   1.0413763e-02
   1.0121578e-02
   1.9194558e-02
   8.9910186e-03
   3.9437423e-02
   8.1794781e-03
  -8.9362820e-02
   6.6400161e-03
   5.1750475e-02
   8.0907927e-03
  -1.3614737e-02
   9.1237245e-03
  -8.5162919e-03
   7.5285397e-03
   6.0960827e-03
   3.8170365e-02
   5.0510121e-03
   7.0434047e-03
   1.4151400e-02
   1.5385177e-02
   1.7722181e-02
  -1.3495066e-03
   2.8664032e-02
   1.4588896e-02
  -8.6659513e-02
  -2.7666749e-01
   6.9035923e-03
  -9.4731542e-03
   2.0544734e-02
   5.8424333e-03
   6.2663512e-02
  -3.8105801e-03
  -3.1347736e-01
   1.1579234e-01
   2.4432439e-01
  -3.2741026e-01
   4.1313062e-02
  -6.0636418e-03
  -1.1779924e-01
  -5.2069535e-02
  -7.5707568e-02
  -2.3357168e-01
  -1.5845483e-01
   1.7256611e-01
   4.6224555e-04
  -5.6234045e-03
  -1.6990883e-02
  -5.3752245e-02
   1.8054532e-02
   1.2642855e-02
   2.5114013e-02
   1.7262455e-02
   2.7728784e-02
   1.1610015e-02
   2.0200858e-04
   2.5906211e-02
   3.6423278e-03
  -8.0640416e-03
  -1.2911691e-01
  -2.1331564e-02
  -1.6139502e-02
   1.9663141e-02
   3.8594560e-02
   1.6561369e-03
  -3.1116041e-02
   1.0219585e-02
   1.5773263e-02
  -2.6320191e-02
   7.7163570e-02
  -7.2443700e-02
  -1.6296704e-01
  -2.6712271e-02
   2.0432613e-01
   3.8811086e-02
  -5.1117848e-02
   2.5736416e-01
   7.9070580e-02
   1.0796473e-01
   4.3333978e-03
  -9.6382352e-03
  -3.1046357e-01
   1.6786723e-01
  -5.8814238e-02
   1.0749515e-02
  -2.9585993e-03
  -1.9544611e-01
   3.9837616e-02
   2.3227924e-01
   8.2803928e-02
   1.7421048e-01
  -8.5324351e-04
  -1.7837556e-03
  -5.1695381e-04
   3.0288259e-02
   1.4996496e-03
  -8.0605800e-03
  -3.1883830e-01
   3.1957123e-02
   4.2412807e-03
  -4.2629975e-03
  -4.5118585e-02
  -2.7075064e-02
  -7.3727820e-02
  -2.9682986e-03
  -1.1774946e-01
  -3.1770655e-02
   1.0146742e-01
   1.5069762e-01
   3.0812733e-01
  -5.0335522e-02
  -4.2590109e-02
   3.3928399e-02
  -7.5087718e-03
  -5.6629336e-02
   2.9384901e-02
   7.0910437e-04
  -7.0370006e-02
  -1.2665186e-01
   1.0304928e-01
   2.4519144e-01
   6.6716896e-02
  -3.5957623e-02
  -2.7346870e-02
  -2.5407436e-02
  -2.9697275e-01
  -5.1538421e-04
  -3.7453535e-01
  -4.5801256e-01
  -5.0222158e-01
  -5.0131692e-02
  -6.5708363e-01
  -2.4788136e-01
   4.3371711e-01
  -3.3748452e-01
   1.2024463e-01
  -8.3932582e-02
  -3.8110712e-02
  -1.3980796e-02
  -4.7886748e-02
  -2.9113261e-02
   1.0016633e-03
  -4.2764259e-02
   1.0358316e-01
  -6.4257294e-02
  -6.4342013e-02
   1.2941933e-01
  -1.1620039e-01
   6.6243085e-02
  -1.8701157e-01
  -3.6815847e-02
   6.0614098e-02
  -4.3283964e-02
  -6.8939063e-02
  -1.4546491e-01
  -1.6696914e-02
  -3.9267154e-02
   1.9255416e-03
  -2.3283410e-01
   1.2218145e-03
  -4.8587062e-01
   9.1379077e-03
   7.7093506e-03
   1.7801846e-02
   1.1920410e-02
  -1.0458985e-02
  -3.2188464e-02
  -9.1873041e-03
   1.4747219e-02
  -9.0307885e-03
  -9.5088008e-03
   5.4965373e-03
  -3.9857935e-01
   1.0006176e-02
  -1.2225639e-01
  -4.9969206e-03
  -6.0938023e-03
  -9.5937639e-04
   2.3750049e-02
   2.2016501e-02
  -6.8645406e-03
   7.9577885e-02
  -2.7111506e-03
  -3.4020213e-01
   9.7349110e-03
  -2.0636836e-03
   1.1241559e-02
   2.1306438e-02
  -2.9745239e-01
   8.5072019e-03
  -2.9411683e-01
  -3.5044414e-02
   2.0717755e-02
  -5.2258895e-03
   6.5751106e-03
   7.9950600e-02
  -1.0939170e-02
   3.0320679e-02
   8.5726474e-02
   4.1147784e-03
  -5.2435526e-02
   1.7432061e-02
   1.6294126e-03
   4.2589075e-03
   2.0202101e-03
  -8.5653162e-03
  -2.4258034e-04
   4.5471864e-02
   6.1814979e-04
  -2.3175473e-02
  -1.9293106e-02
  -9.4924786e-03
   1.6888014e-02
   6.0282134e-03
   3.4184900e-03
  -1.0610811e-02
  -8.7281552e-03
  -6.9540053e-03
  -2.2355948e-02
   4.6663338e-03
  -7.2929949e-04
  -3.7028958e-02
  -1.3146286e-02
  -7.1147410e-02
  -3.5563311e-02
  -2.0773107e-01
  -1.2697927e-02
  -2.7972681e-02
   3.0748335e-02
   4.6779186e-02
  -3.3427233e-02
   3.3748980e-03
   5.9446015e-03
  -1.1692684e-01
  -3.7671268e-03
  -1.3998032e-01
   2.5305947e-03
   1.5047708e-02
  -1.3224687e-01
   1.4775346e-02
   2.0749077e-02
   3.1680404e-02
   2.1611453e-02
   2.0850338e-02
  -7.9055105e-03
  -7.4458027e-02
  -5.6757448e-03
   3.4388358e-02
  -9.2028090e-03
   5.3505856e-02
  -2.7735245e-02
  -4.0903248e-02
  -9.6583392e-03
  -1.1662403e-01
   1.8039379e-02
  -1.2288825e-02
   7.7369785e-03
   3.5815306e-02
   2.4305757e-02
   1.2951682e-02
   2.0063956e-02
   1.9835368e-02
   1.8556896e-02
   1.3875916e-02
   1.0836635e-02
  -1.0642195e-02
  -2.0638975e-02
  -5.0048530e-02
  -4.3749220e-02
   1.6272332e-02
  -1.7754016e-02
   1.6525427e-02
   1.7123957e-02
   2.2357653e-02
   2.7746599e-02
   2.0877838e-02
   2.2264054e-02
  -4.8699985e-02
  -3.6132567e-02
  -3.7204847e-02
  -5.5931767e-02
  -1.5206401e-01
  -1.2651743e-02
   7.6814875e-03
   1.9570310e-02
  -1.9702834e-02
   5.4219495e-03
   1.0659627e-03
   5.2518837e-02
   6.1603944e-03
   1.5668911e-02
   3.8297610e-03
   4.7687495e-02
   2.1565848e-03
   6.2022348e-02
   8.2979163e-02
   1.5383350e-02
   3.0257934e-02
   9.5026528e-02
   1.5973618e-02
   6.0395752e-02
   1.2328234e-01
   1.1674604e-01
   2.2915766e-01
   1.1759643e-01
   2.9121790e-02
  -1.0778104e-01
   1.1419593e-01
   3.4539512e-02
   1.1279801e-01
  -1.4026789e-01
   3.0235448e-02
   7.0165766e-03
  -2.5993088e-02
   3.0675403e-02
   3.3930545e-02
   3.3444071e-02
  -8.9863671e-02
   2.9624360e-02
   3.7014251e-02
   2.7633910e-02
   1.9405808e-02
   3.2384177e-02
   1.1649094e-01
   9.1834426e-03
   1.0256469e-02
   9.2685511e-03
   8.6994439e-03
   5.6126970e-03
   1.6099474e-02
   4.9554059e-04
   8.0156962e-03
   1.2199945e-02
  -8.2657720e-02
   8.2580830e-02
  -3.4824952e-02
  -3.5239065e-01
  -1.1302271e-01
  -7.3910295e-02
   9.8540305e-02
   2.6084541e-03
  -1.4491535e-01
   1.9273546e-02
   2.0241722e-02
   3.6731160e-02
  -1.8292287e-05
  -2.9820662e-02
   1.9442496e-01
   1.2399415e-02
   2.5524424e-02
  -3.5826155e-02
   6.3025544e-02
  -3.6328814e-02
  -3.5718808e-02
  -6.9167721e-03
  -5.4190753e-02
  -6.0142351e-02
   3.8790180e-05
  -2.5410300e-02
  -2.2359331e-02
  -7.2775795e-02
  -6.1899411e-02
  -8.7553095e-02
   3.1789946e-02
  -4.3876281e-02
   1.8572614e-02
  -5.3955066e-02
   4.7068149e-02
   3.1775315e-02
   3.3389488e-02
   1.7846864e-02
   1.7854494e-02
   1.7889628e-01
   2.2838944e-02
   1.8155039e-02
   5.5140953e-02
   8.1000032e-02
   2.7829250e-02
  -7.6934793e-03
   2.9741514e-02
   3.6636489e-01
   9.0879540e-02
   6.8827373e-02
   1.0480244e-02
   3.1987492e-02
  -6.0923472e-04
   1.4607567e-02
   7.9552130e-03
  -3.6411931e-02
   9.2187546e-03
  -8.4829990e-04
   1.0256380e-02
  -2.0781981e-03
  -5.8015666e-02
  -9.6740703e-02
   7.0059089e-02
   6.3889697e-02
   1.7114831e-01
   3.8625398e-01
   1.1004611e-02
  -3.3249459e-02
   1.0134430e-01
   3.6199936e-01
   1.0339123e-01
   1.2825956e-01
   1.5532749e-01
   2.5790402e-01
   1.0556892e-01
   9.7683632e-02
   9.7924974e-02
   4.2314273e-02
   9.8575536e-02
   1.7773759e-02
   4.4737519e-02
  -1.1629054e-02
   4.6124680e-02
   9.2467145e-02
  -1.1642005e-02
   9.8468646e-02
   4.6473054e-02
   7.0209048e-04
   1.2082940e-01
   1.1208423e-01
   1.0615414e-01
   1.0121761e-01
   4.1367572e-02
   9.7548159e-02
   9.7788334e-02
   6.0026731e-02
   2.9045119e-02
   1.2354748e-01
   6.0305003e-02
   1.2364361e-01
   5.9846814e-02
   1.2373439e-01
   1.2336125e-01
   1.2501024e-01
   6.0104062e-02
   2.2812547e-02
   6.1655267e-02
   2.7344173e-02
   5.9681577e-02
   2.1452617e-02
   1.2222744e-01
   2.1931413e-02
   6.0269523e-02
   6.0922288e-02
   1.2346456e-01
   1.4184255e-02
   5.9919404e-02
   5.9698618e-02
   2.7993554e-02
   2.7946561e-02
   2.0912563e-02
   5.9668772e-02
   1.3286591e-02
   2.7645984e-02
   1.2167132e-02
   2.0630560e-02
   2.8939078e-02
   1.2712615e-02
   6.0901910e-02
   2.1024217e-02
   2.7720198e-02
   8.9751528e-03
   1.6054721e-02
   1.0549983e-02
   1.6440205e-02
   2.2011689e-02
   1.1454203e-02
   1.4703050e-02
   1.0424347e-02
   1.5868778e-02
  -2.8479170e-03
   1.0012443e-02
   1.4101712e-02
   2.0679444e-02
  -3.0396452e-02
  -3.5528924e-02
  -2.4366226e-02
   1.2855739e-02
  -1.3049572e-03
  -2.5983301e-02
  -1.8938561e-02
   1.3828198e-02
  -2.8827488e-02
  -6.6237359e-03
  -1.3655846e-02
  -2.5100846e-02
   3.9973415e-02
  -3.4262999e-03
   4.6581928e-03
   5.9369785e-02
   1.1075628e-02
   5.5170936e-02
   8.2783224e-03
   2.0901188e-02
  -1.7600392e-02
  -9.8758619e-03
  -2.4172010e-02
  -1.0197952e-02
  -2.6035983e-02
  -2.0066684e-01
  -3.1559652e-04
  -2.5184609e-02
  -2.0928785e-02
  -2.8013064e-02
  -1.3320187e-03
  -2.8963927e-02
   3.0146437e-03
  -7.9908152e-03
  -1.1037995e-02
   1.1982549e-02
  -6.9757882e-03
  -2.1238413e-02
  -3.5842017e-03
  -7.4734094e-03
  -3.2620036e-02
  -2.9290955e-02
  -1.4960959e-02
  -2.1897923e-02
   1.9081114e-02
   3.3638352e-02
   1.8727854e-02
   7.1906546e-03
  -1.5591890e-02
  -1.2406200e-02
  -1.4656676e-03
   7.3798041e-03
  -4.4445926e-02
  -2.9606132e-04
  -2.1809939e-02
  -2.5753568e-02
  -1.3963948e-01
  -8.2862839e-03
  -2.5229571e-01
   6.5086671e-03
  -1.4559928e-03
   8.4047594e-03
  -4.0228333e-03
   1.4462173e-02
   2.2449743e-03
  -1.7855309e-01
   1.2942346e-02
   9.4861648e-03
   3.4266903e-02
   4.0541667e-02
   3.8712027e-02
   3.1101478e-02
   1.2233182e-02
   2.0398385e-02
   1.7806653e-02
   1.8214428e-02
   1.6664570e-02
   1.6012577e-02
   2.6461334e-02
   2.8453305e-02
   4.5840894e-03
   1.7766046e-02
   2.1973883e-02
   7.5183560e-03
   9.6606668e-03
   1.2226580e-03
   8.6974858e-03
   1.6446127e-03
   8.6292196e-03
   6.6778177e-03
   2.3988117e-03
   1.6560176e-03
  -8.2831893e-03
  -1.5509448e-02
   3.2904816e-02
  -2.7426444e-03
   1.2623746e-02
  -4.6918567e-03
  -5.0944988e-03
   5.7241452e-03
  -2.1707408e-02
  -7.3212628e-04
  -1.1118445e-03
   5.7080940e-03
   5.1881020e-03
   6.6445129e-03
   7.1217476e-03
   2.1082018e-03
   6.3599335e-05
   4.1710336e-03
   8.0191913e-03
   4.1520551e-03
   9.1331051e-03
   3.4197519e-03
   1.1276266e-02
   7.2427238e-03
   1.1659963e-02
   6.3685243e-03
   1.0904056e-02
   9.9403682e-03
  -2.5655263e-03
  -7.7740348e-03
  -1.1329142e-02
  -1.5793179e-02
   3.7173151e-02
   1.4456611e-02
  -3.4392563e-02
  -1.6772160e-02
  -2.3674398e-02
   5.1188123e-04
  -1.9774742e-02
  -7.8232029e-03
   1.4414197e-03
   5.5529589e-03
   8.5427127e-03
   1.2701146e-02
   1.3550638e-02
   8.6362144e-03
   1.0814675e-02
   6.4646896e-03
   9.2132327e-03
   1.9092189e-03
   6.0543531e-03
  -9.4411542e-01
  -7.9376512e-02
  -1.6295126e+00
  -3.9557588e-01
  -3.8867799e-02
  -2.1004241e-01
   1.1119684e-02
   9.7157501e-01
  -4.6346695e-01
  -1.1776778e+00
  -2.3317290e-01
  -6.0149940e-02
  -1.6299346e+00
  -5.2445791e-02
   7.8699625e-03
  -6.9430199e-01
   6.5073430e-01
   2.6378133e-01
  -1.4418858e+00
   7.6093049e-03
   6.3376201e-03
  -6.3338803e-03
   2.1206491e-03
  -3.2720737e-03
   3.0854283e-03
  -3.6545418e-04
   1.0070004e-03
  -2.4882418e-03
   7.6808926e-04
  -7.8252955e-03
  -2.1304008e-03
  -1.7672345e-01
   1.4540124e-03
  -5.6332898e-02
  -6.4644816e-03
  -1.9372365e-02
  -1.0150096e-01
  -1.3120397e-02
  -6.6631813e-03
  -6.7671694e-01
   3.3613913e-01
   1.0231815e+00
   4.1556820e-01
   7.2751236e-01
   1.0096893e+00
   6.8228788e-01
   5.0975068e-01
  -9.1116763e-03
  -3.2468652e-01
  -1.0955731e+00
   1.4675280e-02
  -1.6634305e+00
  -1.2178748e+00
  -1.1708530e+00
  -1.6452084e+00
  -6.1087346e-01
   4.9889893e-01
   1.6957056e-03
  -2.2101216e-01
  -3.6200107e-04
  -3.3771734e-01
  -1.2560820e-03
  -2.9107393e-02
  -1.8593355e-01
   1.6819519e-04
  -3.1981936e-03
   2.6202583e-03
  -4.8693672e-03
  -1.8028612e-01
  -2.1980614e-02
  -4.6224850e-02
  -1.0605926e-01
  -7.4762366e-02
  -2.3270024e-01
  -1.1618066e-01
  -2.2806796e-01
  -2.9687140e-01
  -2.4719779e-01
  -2.5292797e-01
  -5.6608966e-02
  -3.1060669e-02
  -5.5042103e-03
   2.8340983e-03
  -1.7789099e-01
  -8.2503676e-02
  -4.2694725e-02
  -5.3192830e-02
  -1.9844291e-01
  -1.7877447e-01
  -1.4841131e-01
  -2.2000740e-01
  -1.4456121e-01
  -2.2380168e-01
  -2.6099841e-02
  -1.5807270e-01
  -8.6296140e-02
   2.7935448e-03
  -9.7183810e-02
  -3.2421494e-01
  -1.5868844e-01
   3.4374875e-03
   9.2891935e-03
   3.0601609e-03
   7.3923407e-03
   3.0275461e-03
   6.9812763e-03
  -3.5570682e-02
   6.5589712e-03
  -3.0808858e-04
  -7.9638178e-02
  -3.1923002e-02
  -4.9504194e-02
  -1.3884523e-03
  -1.8748702e-02
   4.0818611e-02
  -1.2507130e-01
  -1.0073873e-01
  -1.8997116e-01
  -7.2400133e-02
  -2.2429187e-02
   6.4671385e-02
  -1.8554192e-01
  -1.6844915e-01
  -7.2977176e-03
   2.5137491e-02
   1.1497863e-02
   2.0896655e-02
   2.1215773e-02
   7.3948779e-03
   2.8141208e-02
   1.0515765e-02
   1.2079332e-02
   3.2825533e-02
   2.2734977e-02
   1.0584552e-02
   2.1648439e-02
   2.5989133e-02
   1.1205887e-02
   1.4194655e-02
   8.0605589e-03
   5.1154614e-03
   4.7962749e-03
   6.3650011e-03
   6.2760784e-03
   1.7777348e-02
  -1.2648648e-01
   8.1829466e-03
  -1.4027829e+00
  -1.6877797e+00
  -9.4124529e-01
  -1.6150752e-03
   1.0726467e-02
   6.5974926e-03
  -3.7316406e-02
  -1.4626432e+00
   2.6726289e-02
   1.2610497e-02
   7.2140775e-03
   2.0758252e-02
   2.2992850e-02
   1.2339071e-02
   2.1685662e-02
   2.3565826e-02
   2.2621937e-02
   1.3610589e-02
  -5.4142515e-02
  -9.1687954e-01
  -5.7916380e-01
  -4.7103834e-01
  -3.2274044e-02
   1.5094328e-02
  -2.2795414e-01
   3.1777222e-02
   5.6008642e-02
   2.6504086e-02
   1.0894275e-02
   5.5975744e-02
   1.1722661e-01
   2.0702000e-02
   1.1713587e-01
   5.8154467e-02
   5.6892608e-02
   2.7791559e-02
   6.1413833e-02
   2.8426282e-02
   1.2445438e-01
   1.2377705e-01
   6.0636745e-02
   6.0273259e-02
   1.2139185e-01
   1.2242944e-01
   6.0214822e-02
   1.2164745e-01
   1.2606369e-01
   1.2710773e-01
   3.7021994e-02
   1.2514371e-01
   6.3789074e-02
   6.1310525e-02
   2.0613984e-02
   5.8272025e-02
   2.6942660e-02
   5.9512262e-02
   6.4727268e-02
   6.6227336e-02
   1.1767013e-01
   2.0520807e-02
   1.1433040e-01
   1.3545998e-02
   5.6039647e-02
   2.5040232e-02
   2.4321014e-02
   5.5755248e-02
   4.7618532e-02
   8.6126503e-02
   6.6879155e-02
   1.1549641e-01
   5.6529744e-02
   2.0656918e-01
   1.1642851e-01
   1.0607233e-01
   1.9205767e-02
   5.5044457e-02
   1.1187792e-01
   1.0225543e-02
   7.3095116e-02
   2.4382554e-01
   3.6923481e-02
   1.0979525e-01
   2.4143362e-02
   1.0796702e-01
   5.4381881e-02
   5.3514575e-02
   7.5100976e-02
   5.5445053e-02
   2.5096477e-02
   1.1285267e-01
   1.9050356e-02
   1.1361893e-01
   5.1994506e-02
   5.5592205e-02
   2.5115866e-02
   1.0428473e-02
   1.2225754e-02
   1.9291060e-02
   2.4578843e-02
   1.2151764e-02
  -7.8925712e-03
   7.4668598e-02
   5.8721451e-03
   9.5855812e-03
   7.2291048e-03
   1.0294806e-02
  -5.0500058e-02
   2.0168162e-02
   3.6518723e-03
   9.4355516e-03
   4.0785166e-02
   7.4658128e-03
  -3.2393603e-02
  -1.4625624e-02
   1.5834040e-02
   4.8993298e-03
   4.9579058e-03
   4.9116719e-02
   8.6142332e-02
   1.4225035e-01
   1.9508519e-02
   5.2159962e-02
   2.4698173e-02
   4.4915063e-02
   2.7157256e-02
   5.9072235e-02
   4.6303666e-02
   2.5473164e-02
   3.3859115e-02
   5.2688724e-02
   2.8817476e-02
   4.8833352e-02
   4.3473977e-02
   4.2514233e-02
   4.1774534e-02
   2.3222694e-02
   1.7211114e-02
   2.9410374e-02
   1.9084225e-02
   2.4276338e-02
   2.3736326e-02
   1.8628936e-02
   4.9578162e-02
   2.8413846e-02
   3.9956132e-02
   2.7606761e-02
   2.8619560e-02
   5.3309102e-02
   3.8381717e-02
   2.7632049e-02
   1.9630940e-01
   3.8693040e-02
   1.0389157e-01
   5.0391697e-02
   2.0959844e-01
   5.1261190e-02
   1.0572477e-01
   5.2302921e-02
   2.2034853e-01
   5.4401638e-02
   2.2364349e-01
   5.5796026e-02
   1.1369056e-01
   5.7104783e-02
   1.2384895e-01
   1.1897018e-01
   2.2718418e-01
   2.3053441e-01
   1.0961550e-01
   2.1316733e-01
   2.1677240e-01
   1.0214548e-01
   2.0253625e-01
   1.9932624e-01
   1.8975189e-01
   5.1146927e-02
   1.9383725e-01
   9.5958409e-02
   4.2987140e-02
   4.8885982e-02
   1.0048002e-01
   9.5467480e-02
  -1.5678057e-02
   3.7749037e-02
   9.7710789e-02
   9.5399653e-02
   6.0088160e-02
   1.8665075e-01
   5.6474836e-02
   9.5682577e-02
  -2.8031268e-02
   1.8711496e-01
   9.8676209e-02
   1.8724606e-01
   1.8881195e-01
   1.9317911e-01
  -1.3945749e-01
  -1.5836439e-01
  -1.0187244e-01
   3.8680045e-03
  -6.3213045e-02
   1.2907465e-02
  -1.2765796e-01
   2.1648137e-02
  -1.1127650e-01
  -1.4815442e-02
  -9.5880444e-02
  -5.6674351e-02
  -2.2142157e-02
  -1.5903240e-01
  -7.9505886e-02
  -1.3934774e-01
   2.0705805e-01
   7.6394337e-02
   1.0292096e-01
   3.1310985e-01
   1.1398531e-01
   1.6154101e-01
   3.4279394e-02
  -5.7295020e-03
  -6.2137876e-02
  -4.0518515e-03
  -3.9372967e-03
  -9.2634278e-02
  -1.0556366e-01
  -7.8905583e-02
  -7.2079172e-02
  -4.8815996e-02
   2.7974561e-02
  -7.5351490e-02
  -2.5959271e-02
  -3.9637349e-03
   1.4708077e-03
  -1.2383170e-02
  -8.5959578e-03
  -1.0873434e-02
  -7.8484558e-04
  -3.1289264e-02
  -2.3960811e-02
  -1.8446041e-02
  -3.5553708e-02
   1.9354975e-01
  -8.3844307e-02
   4.5321082e-03
   1.4457245e-01
   3.2888170e-02
  -1.0224129e-01
   2.3016073e-02
  -7.4165771e-02
   2.5785618e-02
   1.7373987e-02
   3.9119581e-02
   2.7434978e-02
   4.6593434e-02
   3.0250699e-02
   4.8354517e-02
   3.0361320e-02
   5.4207152e-02
   9.6615184e-02
   3.7881693e-02
   9.9050082e-02
   2.6869044e-02
   4.7939511e-02
   2.6668264e-02
   4.8396565e-02
   2.4324401e-02
   4.7832312e-02
   2.7327839e-02
   3.7831284e-02
   2.6952563e-02
   3.8235975e-02
   2.6814917e-02
   1.9021466e-02
   2.2890272e-02
   1.6730211e-02
   2.2969531e-02
   1.8763298e-02
   2.3358723e-02
   1.9063315e-02
   1.5354909e-02
   2.1566609e-02
   1.8446807e-02
   1.3890679e-02
   1.7055389e-02
   1.6779749e-02
   1.7851263e-02
   1.9979486e-02
   1.5939422e-02
  -3.4814433e-02
  -5.4067227e-02
  -7.2262226e-02
  -2.1307065e-01
  -4.9801680e-02
  -2.7862610e-02
   6.5489236e-02
  -2.1126834e-01
  -4.4398473e-02
  -6.7468799e-03
  -3.7193664e-02
  -2.3001607e-02
  -6.8661291e-02
   2.0590419e-02
   2.3018075e-02
  -9.0614228e-03
  -1.7497570e-02
  -6.9436958e-03
  -1.0656532e-02
  -6.6043107e-03
  -7.0691080e-03
  -6.2697183e-03
  -5.4240404e-03
  -8.1410130e-03
  -2.7749475e-03
  -2.1025806e-02
  -2.8016876e-02
  -7.1240285e-03
   7.5442199e-03
  -1.1818695e-02
   2.5499812e-02
   3.4885324e-02
   4.4542728e-02
   1.6121332e-02
   7.4383326e-03
  -9.8259283e-03
  -1.4840845e-02
  -6.3110977e-03
  -7.9391491e-03
  -6.3274898e-03
  -1.1383604e-02
  -8.6588341e-03
  -1.3977861e-02
  -9.4435618e-03
  -7.4904124e-03
  -1.6204515e-01
  -1.4129162e-02
  -6.3097117e-03
  -7.0276613e-03
  -6.0867858e-03
  -6.2748723e-03
  -7.0608405e-03
  -6.3600704e-03
  -1.1698742e-02
  -7.1222103e-03
  -2.1714892e-02
  -1.2558232e-02
  -7.8236119e-03
  -6.9519457e-03
  -6.8597074e-03
  -1.7701000e-02
  -6.3363375e-03
  -8.9283902e-03
  -1.1367617e-02
  -2.5382835e-02
  -2.3143600e-01
  -4.6543709e-02
  -3.0360245e-01
  -1.9042110e-02
  -3.0700434e-01
  -1.1030608e-01
   1.2939821e-02
  -8.1883987e-02
   3.1032902e-01
  -3.8185285e-02
   6.6571471e-02
  -2.7165497e-01
  -1.1187214e-01
  -1.2216786e-01
  -1.2276525e-01
  -1.0239806e-01
   1.6522058e-01
  -1.2622262e-01
  -7.2408829e-02
  -1.9802059e-03
  -2.2250303e-02
   4.3459639e-04
   1.5764007e-03
   1.6961884e-02
   1.3379766e-02
   1.3459023e-02
   1.3214650e-02
   1.1329073e-02
   1.2296610e-02
   1.1483258e-02
   1.2698157e-02
   1.4569944e-02
   1.1233161e-02
   1.0865223e-02
   1.2197908e-02
   1.3195996e-02
   1.4053729e-02
   1.4396596e-02
   8.9591236e-03
   2.1331739e-02
   1.0974600e-02
   1.0412759e-02
   1.1456807e-02
   9.8500904e-03
   1.3621058e-02
   1.3491399e-02
   1.1923088e-01
  -6.1266339e-02
   1.3405216e-02
   1.3662562e-02
   4.7802181e-02
   1.7423649e-02
   1.1489571e-02
   1.1949360e-02
   3.5214081e-02
   3.2446581e-02
   2.0676866e-02
   1.9114166e-02
   1.4280358e-02
   1.2315607e-02
   1.1776452e-02
   1.1143113e-02
   1.0648907e-02
   1.1581129e-02
   9.8908699e-03
   1.0417213e-02
   1.3032218e-02
   1.3056139e-02
   1.4436337e-02
   1.2092573e-02
   1.5155638e-02
   1.9844362e-02
   1.3881330e-02
   1.9542733e-02
   1.3938377e-02
   1.7712107e-02
   1.5741365e-02
   2.0567212e-02
   1.8968861e-02
   2.6294632e-02
   3.0765813e-02
   2.4046977e-02
   5.3631297e-02
   5.9937936e-02
   1.6508771e-02
   2.1393003e-02
   2.1050506e-02
   2.2363089e-02
   2.4219015e-02
   2.6394995e-02
   3.7566121e-02
   3.1667457e-02
   1.5278958e-02
   1.2790923e-02
   1.6356818e-02
   1.7023692e-02
   2.5783641e-03
  -2.5156293e-02
   1.0261324e-03
  -5.9864412e-02
   3.6791377e-04
   5.9085570e-03
  -6.0309597e-02
  -7.8541938e-03
  -7.3157932e-03
  -2.3680378e-02
   3.4289010e-02
   1.2795962e-01
   4.6269067e-03
   8.4448888e-03
   6.6205710e-03
   1.0280819e-02
  -1.4835063e-03
   3.9518789e-03
   4.4595556e-03
   5.1317241e-03
   3.2240361e-03
   2.9096069e-03
   4.9458499e-03
   6.7206311e-03
   4.3935873e-03
   1.2367789e-03
   4.3824881e-03
   6.8214904e-03
   3.4932215e-03
   4.2382236e-03
   4.8326740e-03
   3.6317267e-03
  -7.9004682e-04
   3.7076044e-03
   5.1333193e-03
   3.8987780e-03
   3.2156059e-03
  -2.2805788e-03
  -2.6693636e-02
  -2.4836176e-02
   1.1833402e-01
   3.5995352e-02
  -5.4192883e-04
  -7.9950590e-03
   2.1107181e-03
  -1.5568941e-03
  -1.0403356e-02
  -3.0712319e-02
   3.1187281e-03
   1.3221801e-03
   4.1827594e-03
   3.2928231e-03
   1.6776882e-03
   3.1526989e-03
   1.6263848e-03
   2.7501643e-03
   4.0647711e-03
  -5.2680635e-02
  -2.1023331e-02
  -1.5413128e-01
   4.1331901e-03
   3.7481042e-03
   3.6309547e-03
  -3.4504773e-02
   2.5509366e-03
  -1.3683317e-02
   5.1050787e-04
  -3.3804050e-02
  -3.5206854e-03
  -8.0287391e-02
  -1.3128961e-02
   3.4199351e-02
  -6.7900507e-02
   2.7260988e-02
  -1.4333211e-02
  -3.9416034e-03
   9.1789628e-04
   1.6486844e-04
   3.4535396e-03
   1.8997888e-03
   3.0330736e-03
   2.8621963e-03
  -5.0587416e-03
  -2.8249194e-02
   1.9393792e-03
  -1.1622344e-03
   4.0374252e-03
   2.6877142e-03
   3.8009466e-03
   2.9564374e-03
   2.5612247e-03
   4.3202982e-03
   4.0568344e-03
   2.7847979e-03
   2.3788635e-03
   3.4745568e-03
   3.8355730e-03
  -5.3363060e-03
   1.8098756e-03
   3.3584033e-03
  -5.2978463e-03
   2.9926532e-02
   7.6880119e-03
   1.1252290e-02
  -2.8763236e-03
  -4.2296530e-03
  -1.8970035e-04
  -2.3775107e-03
   1.0719866e-01
  -8.2963635e-02
   2.6129358e-02
   2.3763004e-02
  -8.7136458e-03
  -8.9626337e-03
   6.1888708e-02
   3.3666787e-02
   1.0852319e-02
   8.6165601e-03
   1.2692178e-02
   8.7109552e-03
   7.5097434e-03
   1.0458335e-02
   9.0050224e-03
   2.9945354e-03
   1.3990416e-02
   1.1265689e-02
   8.7242095e-03
   9.8930747e-03
   4.6740107e-03
   1.2213242e-03
   5.7739715e-03
   4.0613332e-03
   5.1914022e-03
   4.4121141e-03
   8.1528052e-03
   5.9722021e-03
   7.7160567e-03
   6.7941896e-03
   7.7502815e-03
   6.2951774e-03
   7.9507324e-03
   7.2608282e-03
   9.6908836e-03
   7.8241307e-03
   9.0957111e-03
   8.8154488e-03
   1.0322832e-02
   8.2006826e-03
   9.2636377e-03
   1.1219966e-02
   8.7320092e-03
   1.1357923e-02
   9.4570140e-03
   9.5760450e-03
   9.3374700e-02
   1.8694096e-02
   2.0814408e-02
   1.2476448e-02
   2.8307604e-02
   1.5651548e-02
   1.9242927e-02
   1.3094198e-02
   1.4372336e-02
   1.0988321e-02
   1.4459692e-02
   1.5185668e-02
   9.3695976e-03
   1.0562710e-02
   9.9573867e-03
   1.0082081e-02
   8.8111507e-03
   1.0511011e-02
   8.8402026e-03
   9.0341056e-03
   1.0430232e-02
   1.1517589e-02
  -8.7808644e-02
  -5.7635283e-03
  -6.9185168e-02
   1.2229671e-02
   8.8243386e-03
   9.7558559e-03
   2.7437041e-03
   1.0646887e-02
   3.0526103e-01
  -3.9066541e-03
   7.4369655e-03
   8.6374510e-03
   1.4517019e-01
  -1.0890027e-01
  -2.1244195e-02
   6.0425309e-02
   1.2988462e-01
  -9.0950970e-02
   1.2105032e-02
   2.3072189e-01
   1.8741249e-01
   1.6270247e-01
   1.4701484e-01
  -8.3582805e-02
   7.7087549e-02
   8.1474938e-02
  -1.8430272e-01
   6.1799676e-02
  -1.3884146e-02
  -4.3003926e-02
  -7.7629837e-03
  -1.3753275e-02
  -5.9632804e-03
  -6.4583292e-03
  -9.5606200e-03
  -7.4824985e-03
  -8.2190067e-03
  -6.5689411e-03
  -1.8234405e-02
  -1.6645821e-02
   2.2576964e-02
   3.0518337e-02
  -3.3493503e-02
  -1.6913963e-01
   5.8672024e-03
  -1.5975552e-02
  -9.2524913e-03
  -9.5634949e-03
  -6.0949448e-03
  -6.3304061e-03
  -8.8695042e-03
  -5.5540083e-03
  -7.0692185e-03
  -1.2606022e-03
  -6.3469462e-03
  -8.6198438e-03
  -5.1390915e-03
  -5.6623243e-03
  -6.5997142e-03
  -9.6187560e-03
  -7.9494354e-03
  -1.0003995e-02
  -5.9537739e-03
  -5.1139994e-03
  -4.5378670e-02
  -5.4552591e-02
  -1.0634496e-01
  -2.1739153e-02
   4.3126608e-02
  -2.1576578e-01
  -7.8946899e-02
  -1.7531981e-01
  -1.0018913e-01
  -1.9048101e-02
  -7.5636706e-02
  -1.5863387e-01
  -5.4177927e-03
  -2.4872112e-02
  -1.0095556e-02
  -8.1094712e-03
  -1.6753972e-02
  -1.2021076e-02
  -2.7566741e-02
  -1.4786919e-01
  -7.3699254e-02
   5.1445416e-02
   1.2992829e-01
  -4.9106890e-03
  -1.7465847e-01
   5.8814183e-02
   1.6494880e-01
  -1.5011750e-01
  -2.7218180e-02
  -3.7731286e-02
  -1.6778593e-01
  -1.5119316e-01
  -6.5746639e-02
  -6.5409553e-02
  -4.0030205e-02
   1.0597487e-02
  -5.0549876e-02
  -6.7555357e-02
   3.1322931e-03
   8.3025975e-03
   6.4413666e-03
   7.3819409e-03
   6.8962066e-03
   7.2952572e-03
  -1.2089599e-02
  -6.5005706e-02
  -2.5356521e-03
   7.3483448e-03
   3.8387503e-03
   6.2202181e-03
  -2.4661105e-03
  -4.6785197e-02
  -4.9710361e-02
  -6.2525897e-02
  -1.1185860e-02
  -1.0935600e-02
   9.7165488e-02
  -6.2874616e-02
  -4.8226692e-03
   3.0721986e-03
  -3.7684440e-02
  -2.1017489e-02
  -5.4361151e-02
   1.1135090e-01
   9.0700018e-02
  -3.8901875e-01
  -7.6781760e-02
   3.8766257e-02
  -1.8470444e-01
   1.3177995e-01
   1.7028550e-01
   1.1115590e-01
  -1.1588515e-01
  -4.4061031e-02
   1.7871411e-01
   1.4874206e-01
   3.2040366e-03
   4.2929774e-02
  -1.3153898e-02
  -2.0608913e-02
  -1.4120971e-02
  -1.4172921e-01
  -1.8730730e-01
  -3.9484807e-01
  -1.1063082e-01
  -1.4083682e-01
  -6.4605251e-02
  -1.8301138e-01
  -1.0713217e-01
  -1.4528867e-01
   1.2619410e-01
  -1.8503077e-01
  -3.4106494e-01
  -1.5104947e-01
  -2.3595437e-01
  -2.2259775e-01
  -2.4599465e-01
  -2.2496253e-01
  -4.6381404e-01
  -8.0078245e-02
  -3.3073102e-01
  -1.3338973e-02
  -5.0685972e-02
  -4.3670532e-02
  -1.0686310e-01
  -4.9099067e-03
   4.5907589e-02
   1.9867736e-02
  -2.8182172e-02
  -1.1784024e-02
  -4.3747910e-01
  -6.0859033e-02
  -3.3970699e-01
  -3.7605075e-01
  -3.6357576e-01
  -3.3508483e-01
   4.7085936e-02
   8.1115694e-03
  -3.7241532e-01
  -1.9976053e-01
  -8.5181443e-02
  -2.6198367e-01
  -1.3450399e-02
  -6.8550010e-02
  -1.0681504e-01
  -3.4711874e-01
  -3.2370798e-01
  -3.5585564e-01
  -2.4942566e-01
  -1.4648836e-01
   9.5524277e-04
   5.8753692e-02
  -2.2147365e-03
   2.5550054e-02
  -6.1202611e-02
  -4.6438392e-02
  -1.8679103e-01
   4.5968009e-02
   1.8063864e-01
   7.1305157e-02
  -5.9932776e-02
  -1.9775145e-01
  -4.5682288e-03
   7.4228495e-02
   1.4348126e-01
  -3.1593440e-02
  -6.2372010e-02
   9.0579564e-02
  -6.8755136e-02
  -1.1589462e-02
  -5.8489476e-02
   9.5649960e-02
  -1.1126532e-02
  -6.1977820e-02
  -5.3388472e-02
  -7.0088441e-04
  -4.4351205e-02
   1.2112105e-02
  -1.0562017e-01
  -6.9341496e-02
  -4.4114896e-02
  -2.0432558e-02
  -1.9549617e-01
   1.7613696e-02
  -4.5414887e-02
   2.2730646e-02
  -1.8286571e-01
   7.3480342e-03
  -1.1008432e-02
  -5.4178109e-04
  -3.1058801e-01
  -1.4178756e-01
  -2.7207236e-03
   3.3424183e-02
   3.3885914e-03
  -5.0069131e-03
   1.4527721e-02
   4.8465073e-03
  -2.3031354e-02
   9.1093628e-03
   9.9730526e-04
   8.2394990e-03
  -7.4715373e-04
   7.9769242e-03
   3.7586112e-03
   5.8213629e-03
   9.2321616e-05
   6.2812461e-03
  -1.0875923e-01
  -5.0828865e-02
   3.1245753e-04
  -4.5310571e-02
  -2.4444109e-03
  -3.2209671e-02
  -3.4871741e-03
   2.9004622e-03
   4.8581402e-03
   4.6451672e-03
   4.3797364e-03
   4.1950600e-03
   4.6440395e-03
   4.1706106e-03
   5.9539742e-03
   4.4953096e-03
   6.0949603e-03
   6.8815490e-03
   6.9607544e-03
   7.7208450e-03
   1.1949755e-02
   1.1372373e-02
   1.8745838e-02
   1.5028328e-02
   9.2527628e-03
   6.2994568e-03
   1.7393209e-02
   1.2076689e-02
   3.0722807e-03
   7.5455481e-03
   3.6968975e-03
   6.4657260e-03
   1.0343590e-03
   5.4254022e-03
   1.1518460e-03
   7.6503383e-04
  -4.6274565e-02
   5.3312349e-02
   6.0014022e-02
   2.9828345e-02
  -5.3985362e-03
  -1.1690541e-02
  -1.7210366e-02
  -1.7653285e-02
   3.6178214e-03
   4.1492425e-03
  -4.1214532e-02
  -8.9266400e-02
   3.0129320e-02
   2.3606883e-02
   2.6455698e-03
  -1.9984938e-02
  -5.7572475e-03
  -2.7552354e-02
  -2.1007375e-02
  -1.2721351e-02
  -1.0030053e-02
  -6.6595923e-02
   2.6220617e-03
   4.6820302e-04
  -1.3667164e-02
  -1.6956257e-02
   2.7765343e-03
   3.0644975e-03
  -3.4634988e-03
  -4.5438009e-03
   2.6724818e-03
   3.4171252e-03
   2.7212691e-03
   2.6366281e-03
  -1.1620476e-02
  -2.1492229e-02
  -2.5586043e-03
  -3.1707312e-04
   9.4637073e-02
  -4.1127075e-02
   6.7598996e-02
   1.0755118e-01
   2.6111090e-02
   1.9997878e-02
  -3.6033672e-03
  -1.2995067e-02
   2.8007794e-03
   9.2146876e-04
  -1.0335324e-02
   9.5960714e-03
   2.1069044e-03
   3.6752069e-03
   6.7133529e-03
   1.0291045e-02
   4.3275661e-03
  -5.1388810e-03
   5.5119511e-03
  -1.4268225e-03
  -2.1869653e-02
   1.1142145e-02
   1.9087615e-02
   2.0562084e-02
  -1.2256704e-01
  -1.4475813e-01
  -1.1680396e-02
  -2.7668192e-02
   4.8614117e-02
  -1.7336910e-01
   4.6322225e-03
   2.4626566e-02
   4.5666975e-03
  -3.0153985e-02
   1.4345997e-01
  -2.2763104e-01
  -1.0698818e-01
  -4.1430799e-01
  -5.1493500e-01
   1.2387618e-02
  -2.6870375e-01
   5.1813382e-02
   5.4307001e-02
   1.7771662e-02
   5.9316183e-02
   8.5069951e-02
  -2.7345608e-01
  -3.7353684e-01
  -3.8820046e-02
   1.2792724e-01
   1.4630660e-01
   4.6673180e-01
  -9.1216590e-02
   1.7339356e-01
   7.1709838e-02
   1.0907718e-01
   6.1973821e-02
   7.6486750e-02
  -1.8030187e-02
   8.8140215e-02
   5.7472915e-04
   1.2294198e-01
  -1.0450397e-01
  -1.4550851e-01
  -1.3470018e-01
  -8.6748552e-04
   8.7602245e-02
  -5.1158008e-02
   1.7208121e-02
   1.2693423e-02
  -5.7615811e-02
  -6.7695113e-02
   8.9817400e-02
   8.4973302e-02
   2.0541286e-01
   7.9609616e-03
   2.9635708e-01
  -3.2554489e-02
  -5.7383666e-01
   3.7827005e-01
  -5.2232338e-02
  -7.4353263e-02
   1.4670321e-02
   3.7009802e-02
   4.9445592e-03
  -2.1906262e-01
  -2.9271879e-01
   1.9871278e-01
  -6.6308568e-03
  -1.0090766e-01
  -7.2914038e-02
  -2.2671352e-01
  -1.7621836e-01
  -1.0427489e-01
   1.3037391e-01
  -2.7905055e-01
   1.2595144e-01
  -2.7670573e-01
   3.6025026e-02
   1.4759994e-01
   4.3828945e-02
   2.0468160e-01
  -1.9093323e-02
   7.2652501e-02
   3.6776468e-02
   1.2014444e-01
  -7.5420904e-01
   1.1875421e-01
  -1.7512890e-01
  -1.1307648e-01
  -7.6649029e-01
  -2.2038142e-02
  -7.6053711e-01
  -5.0569959e-01
   2.1787070e-01
   3.1511587e-01
   1.8625223e-01
   1.3706254e-02
  -7.3194151e-01
  -4.6269206e-01
   2.9749850e-02
   1.1959972e-04
  -2.6080598e-02
   4.5378639e-02
  -5.3053884e-02
   5.2277048e-02
   1.1371860e-01
  -1.4968806e-02
  -8.0121569e-02
  -1.2824398e-01
   3.5548272e-02
   8.7207141e-02
  -3.5781885e-01
  -1.0816638e-02
  -1.7130775e-01
   1.0247202e-01
  -2.6320608e-02
  -1.4076773e-01
  -1.7737818e-01
  -1.1855216e-02
  -1.4489740e-01
   8.6494354e-02
  -5.5389881e-01
   9.9640473e-02
  -4.8196383e-01
  -1.2146214e-01
  -5.0483310e-01
  -6.1902304e-01
  -3.9545750e-01
  -4.5157640e-01
  -2.0656210e-01
  -2.8479372e-01
  -5.2501187e-01
  -6.6521242e-01
   1.4578052e-01
  -4.9264490e-01
  -4.2204448e-01
   1.2282708e-01
  -1.2731411e-01
   1.2839497e-01
   5.1500199e-02
  -2.1264929e-02
  -3.9093600e-02
  -1.8178010e-01
  -1.8565181e-01
  -1.1682340e-01
  -9.2047377e-02
  -1.1291215e-01
  -3.2660638e-01
   5.2728401e-02
  -1.3173075e-01
  -1.5808005e-01
  -1.0076595e-01
  -4.3021328e-02
  -9.6083414e-02
  -4.0427029e-02
  -9.5722803e-02
  -2.3833723e-01
  -1.4291949e-01
  -3.3537709e-01
  -6.2205473e-02
  -4.1162094e-01
  -1.9159760e-01
  -3.5475332e-02
  -2.8903385e-01
  -4.3174664e-01
  -3.1382628e-01
  -4.2963507e-01
  -1.2311953e-01
   7.8057905e-01
  -6.6403124e-01
   1.8420672e-01
  -1.4917440e-01
  -2.4030599e-01
  -6.3629713e-01
   2.9855869e-01
   2.4285367e-01
  -5.4501211e-01
   1.5626411e-01
   1.0619598e-01
   3.6539256e-01
  -1.0672547e-01
   7.5872969e-01
   6.2639797e-01
   3.1095112e-01
   4.9402780e-01
  -2.4367510e-01
  -9.7307945e-01
  -2.4174402e-01
  -5.7645431e-01
  -3.5296158e-02
  -1.8544958e-02
  -6.0376663e-01
   3.9190030e-01
  -6.2258978e-01
   2.9802430e-01
  -1.0252784e-01
  -1.0617914e-01
  -3.6960287e-02
  -1.3778737e-02
   1.9616712e-01
   2.1658164e-01
  -1.8121335e-02
  -2.1268214e-02
  -3.9633316e-01
  -1.6868022e-01
   1.0440402e-01
   2.8253307e-01
   3.3267279e-01
   1.7482767e-01
   2.4907775e-01
   1.6231009e-01
   4.7605359e-01
   2.6408425e-01
  -2.3968685e-01
  -5.7539563e-01
   2.4994966e-01
  -4.2265630e-01
   6.6306117e-02
   1.1326096e-01
   2.0245230e-01
   8.8678885e-02
   2.1571280e-01
  -4.2752531e-01
   9.9231082e-02
  -4.4107794e-02
  -3.4264901e-01
  -3.5380339e-01
  -8.8350512e-02
  -3.7284785e-02
  -1.9894713e-02
  -1.3266131e-02
  -1.1712554e-03
  -1.8457277e-02
  -9.6533696e-03
  -5.7695621e-03
  -5.4865973e-03
  -7.9048266e-03
  -1.2569248e-02
  -5.1634635e-03
  -1.2546290e-02
  -1.3007947e-02
  -1.7418864e-02
  -1.1568097e-02
   3.2370594e-02
   2.8765779e-02
  -6.0805240e-03
   2.7965979e-03
   3.6107991e-02
   3.6549580e-02
   2.8835459e-02
   1.6072028e-02
  -5.5201303e-03
  -4.4377407e-03
  -8.4920497e-03
  -9.9482961e-03
  -8.4426086e-03
  -4.2755384e-03
  -9.0530788e-03
  -1.0175957e-02
  -1.3832050e-02
  -1.7147132e-02
  -5.7030940e-03
  -6.2488479e-03
  -5.3749484e-03
  -4.2072636e-03
  -6.2974913e-03
  -3.3402193e-03
  -2.6971896e-03
  -6.5715874e-03
  -1.1902453e-02
  -7.5655572e-03
  -4.2272671e-03
   1.5631028e-03
   3.0348771e-02
   2.6805196e-02
   3.3546206e-02
   3.1841270e-02
  -3.2213336e-03
  -1.2819806e-02
  -4.2111731e-03
  -1.1161459e-02
  -3.7467384e-03
  -8.5256931e-03
   3.8621367e-02
   3.0228371e-02
   4.1292589e-02
   4.3067294e-02
  -9.8404831e-03
  -1.5468102e-02
   2.5673934e-02
   2.3598956e-02
   2.4180856e-02
   1.6108788e-02
   2.5388797e-02
   1.3275531e-02
   2.7075487e-02
   1.7960994e-02
   2.1701809e-02
   3.2898538e-02
   3.6708788e-02
   3.4845419e-02
   3.4500055e-02
   3.0851259e-02
  -1.9550359e-01
  -3.2756598e-01
  -1.5088726e-02
   1.2508710e-03
   1.3514521e-01
   1.9497406e-02
   1.8206859e-02
  -2.2234440e-01
   2.1495464e-02
   2.5623094e-02
   1.4550674e-03
   1.5754068e-03
   2.6323541e-01
  -1.6037708e-05
  -1.6124537e-01
  -3.3300650e-03
  -2.1023526e-01
  -1.0366940e-02
  -1.8513574e-03
  -1.0069497e-02
  -1.0236352e-03
   1.0395197e-02
   2.5516722e-02
   1.7791599e-02
   7.7035929e-03
   1.2660030e-02
   2.6288523e-02
   2.3698696e-02
  -9.7516101e-02
   1.6040476e-02
  -1.3642557e-02
   1.8993515e-02
   1.4748763e-02
   2.0755898e-02
  -1.8923170e-03
   1.5189611e-02
   1.1250903e-03
  -1.4902612e-03
  -2.3257859e-01
   2.3288660e-02
   1.8566622e-01
  -1.9312404e-01
  -3.0274462e-01
  -4.4911431e-03
  -1.4701144e-02
  -1.2842484e-02
   3.8009619e-01
   3.4653378e-01
  -9.0141931e-02
  -1.4576178e-03
   1.7070350e-01
  -2.5624877e-01
  -5.4451987e-02
   1.3224156e-02
  -2.4382755e-01
  -7.6376581e-02
  -3.3643405e-03
  -3.8469708e-03
   6.0565987e-03
  -1.7685187e-02
  -1.4507425e-02
  -1.3812144e-02
  -1.3401948e-02
  -1.2653920e-03
  -1.3701601e-02
  -1.0762579e-02
  -2.1178244e-02
  -8.9096124e-03
  -1.9430485e-02
  -1.0078195e-02
   1.7271199e-02
   2.1787887e-02
   2.5853563e-02
   2.6641678e-02
   2.6028366e-02
   2.8795300e-02
  -6.0965468e-03
   1.9411894e-02
  -5.5594967e-03
  -6.9306898e-03
  -7.6583847e-03
  -4.7087891e-03
  -6.9081011e-03
  -3.8954602e-03
  -1.8005945e-02
   1.9260948e-03
  -6.5585346e-03
  -7.7590990e-04
  -7.9862228e-03
   4.6238409e-03
  -3.5537337e-03
   2.2446568e-02
   1.2578936e-02
   2.0382056e-02
   2.0544826e-02
   2.6927662e-02
   2.2571965e-02
   1.8239580e-02
   4.4130657e-03
   4.2150775e-03
   2.2742482e-02
   2.1649752e-02
   2.7700935e-02
   2.8212061e-02
   2.7660294e-02
   2.6352492e-02
  -2.8522483e-03
  -7.7937524e-03
  -1.3013045e-02
  -1.9705571e-02
  -1.0888006e-02
  -1.3492837e-03
  -6.8520447e-02
   3.0368491e-03
  -4.7685683e-02
   7.9441605e-04
  -3.9559976e-02
  -1.6411814e-03
  -6.2785566e-03
   3.5359802e-03
  -1.8161146e-03
  -3.5773563e-03
   2.2692429e-02
   2.2161558e-02
   3.1228028e-02
   1.4123039e-02
  -4.0693630e-03
   8.4034384e-04
   1.0198957e-02
  -1.0750257e-02
  -1.5606938e-02
   3.7819481e-02
   8.9979205e-03
   8.5146538e-03
   6.0755019e-03
  -2.8844660e-03
  -6.4811316e-03
  -1.1338498e-03
   8.4501670e-03
   3.8301915e-02
   7.1078686e-03
  -1.7064882e-03
   5.3007928e-01
   2.1924248e-01
   4.0042399e-01
   3.7449543e-01
  -2.6371249e-01
  -1.2231687e-01
  -5.7876588e-02
  -2.7459226e-03
   1.9754976e-02
   3.6859521e-02
  -2.4957415e-01
   2.6344587e-01
   3.0752592e-01
   2.7380982e-01
   2.1327462e-02
   5.0417077e-03
   2.7392626e-01
   3.1426970e-01
   4.9519676e-01
  -1.7898128e-01
  -1.6094617e-01
   3.0776580e-02
  -1.4903184e-01
   3.1730270e-02
  -5.4484150e-02
  -8.1557235e-04
   3.0249263e-02
   1.9041464e-02
  -1.1739605e-03
   1.7075153e-02
   5.8049245e-02
  -7.7525213e-03
  -1.3554886e-02
  -1.0447105e-03
   1.3801788e-02
  -8.7240077e-02
  -3.4888698e-02
  -1.3332809e-01
  -6.5105192e-02
   1.1853673e-01
   4.2909415e-01
   5.1561957e-01
   4.2978675e-01
   9.9392273e-02
   3.2632263e-01
  -2.1294961e-02
   5.2645535e-01
  -2.3824261e-02
  -4.4095237e-02
  -1.6031739e-01
   4.9589436e-02
   4.5602312e-01
   3.8179311e-01
   3.5960514e-01
   1.5261526e-01
  -2.5474585e-02
  -1.2246413e-01
  -1.2109417e-01
  -1.1058952e-01
  -1.2171293e-01
  -1.3259756e-01
  -7.0801251e-02
   2.5599956e-02
  -1.9714971e-02
  -1.0158162e-01
  -9.1013716e-03
   2.8262389e-02
  -1.2661151e-01
  -8.9573302e-02
  -1.8794932e-01
  -1.7484721e-01
   8.8596911e-02
   9.2392937e-02
  -2.1806983e-02
   7.1200097e-02
   8.5637576e-02
   9.8796447e-02
   1.3004469e-01
   9.6583486e-02
   2.7291706e-03
   5.9315689e-02
   7.5345861e-02
   3.5202146e-02
  -1.6913695e-02
  -6.1874961e-02
   2.1692305e-01
   2.2472817e-01
   6.1747864e-02
   1.1724263e-01
   3.1739620e-02
   1.2404155e-01
   2.6185365e-01
   5.0515854e-02
   3.7763431e-02
   1.2682891e-01
   6.8683238e-02
   1.1067120e-01
   2.3540949e-02
   1.2148632e-01
   1.2842720e-01
   6.5956563e-02
   1.1190431e-01
   6.9327687e-02
   7.0249636e-02
   1.1867654e-01
   1.1718580e-01
   1.3386636e-01
   7.7916835e-02
   9.4330571e-03
   5.0384919e-02
   6.4369615e-02
   6.0523505e-02
   3.1121171e-02
   6.4168884e-02
   8.6481858e-02
   2.7284490e-03
   5.4959421e-02
   2.4107118e-02
   1.9070038e-02
   2.3019996e-03
   2.7380934e-02
   3.6196432e-02
   7.5874279e-03
  -7.8102860e-03
   4.1931483e-02
  -2.7273908e-02
   7.6564019e-02
   3.7375272e-02
   3.7893110e-02
  -4.9649699e-02
   4.7338037e-02
   8.6336829e-02
  -5.0501910e-02
   8.9639286e-02
   1.4643827e-03
   2.3333197e-01
   9.6805792e-02
   2.6419699e-01
   8.8195227e-02
   2.3789127e-01
   1.9298645e-02
   2.4637298e-01
  -3.5175505e-03
   2.0762371e-01
  -6.0525558e-02
   2.1025319e-01
   8.6363117e-02
   2.2706608e-01
   1.0754748e-01
   1.3667970e-01
  -6.1113034e-02
   9.1052394e-02
   7.0841614e-02
   8.3524717e-02
   1.9210748e-01
   5.1325423e-02
  -4.4341871e-02
   2.4712908e-01
   1.5220737e-01
  -2.0527194e-01
   2.4244382e-01
  -2.0035087e-01
  -8.9932981e-02
   3.3642319e-02
   1.2562099e-04
   7.8426196e-03
   1.9086113e-02
   1.4320890e-02
  -8.2834269e-02
  -2.0604782e-01
  -1.6426040e-01
  -5.2704032e-02
  -8.8025045e-02
  -1.1752688e-01
  -1.7167402e-02
   2.1855515e-02
  -5.6479226e-02
   5.2549643e-02
  -2.2112285e-02
  -8.3741241e-02
  -7.8062394e-02
  -2.0559570e-03
   6.7126691e-03
   3.5724456e-01
   1.3756096e-01
  -3.8490345e-02
   5.4347043e-01
  -8.0292946e-02
  -1.1520479e-01
   1.3742538e-01
   1.7308518e-01
   1.8688485e-01
   9.8169882e-02
  -1.2408286e-02
   6.6921687e-02
  -4.5815190e-01
   3.8044693e-02
  -3.2113239e-01
  -3.2997244e-01
  -1.9431596e-01
   1.5523807e-02
  -4.3524310e-02
   6.1831230e-02
   1.9906706e-01
   1.3283595e-01
   2.6193347e-01
   1.0960389e-01
   2.0759278e-01
   9.4086775e-02
   6.0407658e-01
   5.9500172e-01
   3.8634723e-01
   1.6280260e-01
   3.3169256e-01
   1.9620090e-01
   2.3195724e-01
   8.2595374e-02
   1.6975326e-01
   1.0775929e-01
  -1.4141105e-02
   1.8503245e-01
   1.7530595e-01
   1.8422897e-01
   1.1243841e-01
   1.6193283e-01
   1.4522232e-01
   9.7731079e-02
   1.9062507e-01
   1.7066104e-01
   3.2704847e-02
   2.0631887e-01
   1.1297283e-01
   1.7661642e-01
   1.3405574e-02
   2.0542487e-01
   1.0678385e-01
   1.8980127e-01
   1.0621315e-01
   1.2588919e-01
   1.2881883e-01
   2.1235375e-01
   1.6859598e-01
   2.1914611e-01
   2.3269207e-01
   1.3156222e-01
   1.0497305e-01
   2.0746794e-01
   1.2262407e-01
   7.3428605e-02
   1.4305341e-01
   1.9337448e-01
   9.4392850e-02
   1.0357326e-01
   1.8310240e-01
   1.6996642e-01
   9.0237799e-02
   1.5485396e-01
   1.0328908e-01
   1.0438379e-01
   6.7630568e-02
   1.0328570e-01
   2.3066469e-01
   2.6873366e-01
   6.1648810e-02
   6.8043401e-02
   1.5818384e-01
   2.3460988e-01
   8.7898561e-02
   4.8297244e-02
   7.5971722e-02
   7.7063341e-02
   4.3382666e-02
   1.4367992e-01
   4.3383562e-01
   2.8269894e-01
   7.7626317e-02
   6.5420626e-02
   1.0145212e-01
  -2.2574479e-01
   1.4926769e-01
   2.5389628e-01
   9.8277114e-02
  -3.5637729e-02
   1.8740903e-01
   2.9739229e-01
  -1.7550748e-01
   2.0262616e-01
  -3.0167434e-02
   1.6914246e-01
  -2.9146321e-02
   1.2821153e-01
  -2.7885735e-01
   1.8063578e-01
   8.4385579e-02
   9.0244438e-02
  -2.1418711e-02
   4.5489026e-02
   8.4751249e-02
   1.9705318e-01
   7.6156673e-02
   1.0561517e-01
   8.0294313e-02
   2.0578392e-01
  -2.0747140e-01
  -3.2875303e-02
  -4.1567141e-02
   8.9749491e-02
  -1.0444562e-01
  -8.0996887e-02
   3.8084545e-03
   1.0727451e-01
   1.1050897e-01
   5.5843737e-02
   1.4136728e-01
   1.1534559e-01
   2.6923632e-01
   1.9806574e-01
   7.9873716e-02
   1.0172919e-01
   9.8369567e-02
   6.8022217e-02
   7.7730660e-02
   4.5593812e-02
   7.1587836e-02
   1.0119156e-01
  -4.6242895e-02
   1.0312871e-02
   5.3961807e-02
   5.7971720e-02
   1.1193370e-01
   1.6831194e-01
   8.9939475e-02
   1.4858110e-01
   1.8753534e-01
   1.5097204e-01
   8.5849165e-02
   1.5965682e-01
   1.8876335e-01
   1.5571471e-01
   6.3667743e-02
   7.7133118e-02
   1.6478719e-01
   2.1242412e-01
   1.0740295e-01
   2.0680769e-01
   1.7392350e-01
   2.5681020e-01
   1.6342567e-01
   1.3549682e-01
   9.9866037e-02
   7.7762950e-02
   8.4753461e-02
   8.4037002e-02
   1.4082797e-01
   1.2858185e-01
   8.2131682e-02
   1.1925355e-01
   1.2855232e-01
   1.7599214e-01
   1.3530877e-01
   1.5631333e-01
   1.0151438e-01
   6.7320484e-02
   9.1551789e-02
   6.3647222e-02
   4.4028228e-02
   1.0645428e-01
   5.0109063e-02
   1.4708059e-01
   1.0113684e-01
   8.9473528e-02
  -6.0755370e-02
   6.9890774e-02
  -1.2156263e-01
   7.1121139e-02
  -4.3379087e-02
  -1.0371140e-01
   8.7280649e-02
   5.1867192e-02
  -9.5301736e-02
  -2.0845191e-01
   8.8373736e-02
   9.6423250e-02
   6.0895708e-02
   8.3817030e-02
   7.9629786e-02
   7.7109478e-02
   6.6775646e-02
   6.7658089e-02
   9.7766134e-02
   8.0041969e-02
   1.5487801e-01
   6.8308954e-02
   1.0609247e-01
   8.0542295e-02
   1.5478253e-01
   1.1818180e-01
   1.5393761e-01
   1.5358189e-01
   1.4998154e-01
   1.1590166e-01
   1.9327136e-01
   1.2003476e-01
   8.7972735e-02
   8.6030272e-02
  -3.7359613e-02
  -2.7470550e-02
   3.4786306e-02
   2.8111336e-02
   6.5192653e-02
   4.5870607e-02
  -9.3759935e-02
   1.9655171e-02
  -1.8865715e-02
  -6.0983935e-03
  -5.2122062e-02
  -3.8806294e-03
  -3.0648259e-02
  -4.8124561e-02
  -3.3401432e-02
  -1.2516429e-01
  -5.7677486e-02
  -4.0160634e-02
   2.4399233e-02
   6.7429504e-02
  -1.0869516e-01
  -6.8987247e-02
   4.9420883e-02
  -1.2073911e-01
   1.4837936e-01
   1.0991504e-01
   1.5879797e-01
   2.7325455e-01
  -7.4234405e-04
  -1.2622954e-01
   1.5222234e-01
  -2.1849667e-01
  -6.2586692e-02
   3.7122591e-01
  -3.0514074e-01
  -7.8791959e-02
  -2.3226191e-01
  -3.3620151e-02
   1.6015373e-01
   3.9369010e-01
   2.7221658e-01
  -8.6297184e-02
   1.3436944e-01
   1.5144589e-01
  -2.4591063e-01
   2.1759488e-01
   1.1187570e-01
  -1.4676320e-01
  -6.9768932e-02
   1.7602636e-02
  -1.2304009e-01
  -9.9226457e-02
  -9.0059232e-02
  -5.1946896e-02
   1.0527715e-01
   9.4582784e-02
  -7.2610763e-02
   1.2922559e-01
   1.4341344e-01
   1.5889366e-01
   1.1949442e-01
   1.5044864e-01
   1.5333264e-01
   2.3007324e-01
   2.5446547e-01
   2.5479389e-01
   1.5397611e-01
  -1.9706709e-01
  -1.8891650e-01
  -2.7272852e-01
   9.2641620e-02
  -6.0797724e-02
   8.4397275e-02
  -2.3894595e-01
   1.1084799e-01
  -1.3071347e-01
  -1.2846224e-01
  -2.4301985e-02
  -1.3921898e-02
  -2.3163827e-01
  -2.0374148e-01
   1.1509325e-02
   1.1853207e-01
   1.6026044e-01
   1.2072658e-01
  -1.1476486e-01
   2.8930073e-02
  -2.7791054e-02
   6.1036848e-02
   2.7188190e-01
   2.2675564e-01
   1.4742162e-01
   1.9588162e-01
   7.0725632e-02
  -2.1132386e-02
   2.0914920e-01
   2.1911747e-01
  -9.4801735e-02
  -2.2020219e-02
  -1.1205578e-01
  -1.2561079e-01
  -8.9287078e-02
  -2.0719779e-01
  -1.3361523e-01
   7.7245829e-03
  -1.6804971e-01
  -1.2273014e-01
   9.3831357e-02
   4.4106842e-02
   9.5957228e-02
   6.0375769e-02
   8.4214328e-02
  -3.1421872e-02
   1.2665374e-02
   1.6171744e-01
   8.7466464e-02
   1.3488556e-01
   9.3175895e-02
   1.0363836e-01
   4.0280305e-02
   3.5327107e-02
  -3.9495725e-02
  -2.1164008e-01
   1.7685024e-01
   3.8495550e-02
  -1.3825967e-01
  -1.8651678e-01
   1.4679476e-01
   1.0032942e-01
   8.9103184e-02
   9.8382469e-02
   2.1212706e-01
   4.0522263e-03
   8.3590264e-02
   5.4117858e-02
   1.6137038e-01
  -3.7390453e-02
   1.1352626e-01
   1.0416605e-01
   3.6349802e-03
   3.2004687e-02
  -1.3422039e-02
   1.2676497e-02
   4.2390668e-02
   2.5319558e-02
   7.1217667e-02
   7.0789222e-02
  -8.0816245e-02
   3.0701345e-03
   2.7352006e-03
   6.7533931e-03
   7.5609959e-02
   1.0601100e-01
   1.1238610e-01
   1.1443890e-01
   2.0032037e-01
  -1.5813988e-01
  -3.6003067e-02
  -2.1627247e-02
  -2.1118663e-01
  -1.2187505e-01
   1.7528496e-01
   1.4890910e-01
   1.5876883e-01
   1.4859447e-01
   1.2029220e-01
  -3.9948594e-03
   1.1674103e-01
   1.1175221e-01
   9.7917718e-02
  -1.3997927e-01
  -1.9272960e-01
  -1.7151439e-01
   9.4632543e-02
   1.8142057e-03
   3.5702870e-03
   3.6777788e-02
   9.6888203e-03
  -2.5155397e-02
  -5.7645287e-03
  -1.9021772e-02
  -2.2131169e-02
  -1.1711711e-01
  -1.1764492e-01
   9.8395142e-02
  -3.0465453e-02
  -1.0819498e-01
   1.9448076e-02
  -4.2636755e-02
  -1.8508205e-01
   1.1300484e-01
   1.0581094e-01
   2.0249699e-01
   1.1534115e-01
   4.3697807e-02
   9.7028765e-02
  -6.8179621e-02
   1.4259737e-01
  -8.8361986e-02
   1.7319487e-01
  -1.1153636e-01
  -1.2520597e-01
   1.7160042e-01
   1.8442230e-01
  -2.6869552e-02
  -2.5000494e-02
   1.7231997e-02
  -1.2545622e-01
   5.0224414e-03
   2.0416696e-02
   4.6421383e-02
   3.7773648e-02
  -1.5023693e-02
   2.0530899e-02
   2.0480335e-02
   7.6867298e-02
   1.4055719e-02
   3.4655044e-02
   1.4513969e-02
  -3.2436544e-02
  -7.6372284e-03
  -2.0281883e-01
  -6.8311224e-02
  -2.2592553e-01
  -1.6676919e-01
  -2.0570583e-02
   1.2680054e-01
  -1.5309944e-02
  -1.0136539e-01
  -2.3540824e-01
  -4.4700935e-02
  -5.4474899e-02
  -8.3436183e-02
  -4.7136638e-03
  -5.2051177e-02
  -3.6752519e-01
  -2.2623835e-02
  -5.0416668e-02
  -7.0109405e-02
  -3.4793032e-02
   2.2838307e-01
  -4.1038551e-01
   1.6395977e-01
  -2.2737074e-01
  -9.5181301e-02
  -1.5696971e-01
  -2.6375139e-01
   6.2751844e-02
  -1.9710237e-01
  -9.3296557e-02
  -3.8664878e-01
   1.3876421e-01
   6.1896182e-02
  -5.8428274e-03
  -8.9586700e-02
  -1.6795296e-02
  -1.1714544e-01
  -6.0976988e-02
  -5.5245306e-02
   5.9331641e-02
  -3.9855127e-02
  -3.9879931e-02
  -1.0431957e-02
   7.7294956e-02
   1.0533945e-01
   1.2042925e-01
   1.9459805e-01
   1.3926330e-01
  -6.8422566e-02
   9.5758269e-03
  -8.6249045e-03
  -2.9995852e-02
  -2.2454586e-02
  -3.1449629e-02
   9.8531078e-02
   1.2968854e-01
   4.2681517e-02
   2.6547201e-02
   3.4256296e-02
   7.0700297e-02
  -1.0262029e-02
   2.5808355e-02
   1.3520063e-02
  -7.7419888e-03
  -3.3530888e-02
   1.9724922e-02
   4.6854534e-02
   2.0119226e-01
   5.4208059e-01
   9.6104723e-02
   3.9272597e-01
   7.6179087e-02
   2.2713417e-01
   2.4331501e-01
   2.3773956e-01
   2.7385445e-01
  -8.8286714e-02
   8.8567915e-02
   4.0569112e-01
   3.1041901e-02
  -1.5461185e+00
   3.4033911e-01
  -2.4822277e-01
   1.2242539e-01
  -3.5974762e-01
  -3.9203448e-02
  -6.0996598e-02
  -1.0695382e-02
   1.2908284e-01
   2.3382633e-02
  -9.7520532e-03
   1.1554750e-01
   2.6371490e-01
  -1.3144807e+00
  -6.2764133e-01
  -2.6182515e-01
  -1.3653980e-01
   1.1289435e-01
  -1.0042566e+00
  -1.5524295e+00
  -3.8049399e-01
  -1.2252218e+00
  -8.7106874e-01
  -7.8518710e-01
  -1.2880160e+00
   3.6147681e-01
  -6.2974257e-01
  -7.7380997e-02
  -1.4518666e+00
   5.6771895e-01
  -8.8360087e-01
   4.5579313e-01
  -7.8393227e-01
  -9.4898247e-02
   6.9824685e-02
  -8.4441596e-02
  -1.5266949e-02
   1.0536214e-01
  -9.1410060e-02
  -1.0852211e+00
   4.9596347e-02
  -3.8125532e-01
  -1.2166049e-01
  -2.5122961e-02
  -1.9577043e-02
  -1.2686851e-01
   1.7439215e-02
   1.0458868e-02
  -7.1228781e-02
   1.8164053e-02
   7.7890626e-02
   4.4426741e-02
   1.0094983e-01
   5.1181878e-02
   5.7657200e-02
   1.1029467e-02
  -1.3210989e-02
   3.8036790e-02
   9.4472221e-02
   3.1454328e-02
   4.6092998e-02
   1.1537300e-01
   4.1640546e-02
   1.8304218e-01
   1.4855003e-01
   1.5954523e-03
   1.6817842e-01
   1.6401713e-01
   3.2817059e-01
   1.6733436e-01
   5.7383466e-02
   1.0947315e-01
   3.8798933e-02
   1.3295923e-01
   5.4237527e-02
   1.4707267e-01
   2.9741390e-02
   1.0763247e-01
   1.1320250e-01
   2.7476292e-02
   4.4737821e-02
   1.2635984e-01
   2.4890880e-02
   5.7315756e-02
   2.8061339e-02
   1.1615134e-01
   8.0311891e-02
   1.1485062e-01
   3.3772728e-02
   5.1701102e-02
   1.0106295e-01
   8.6635631e-02
   7.7213013e-02
   9.0840760e-02
   7.7380878e-02
   8.9849735e-02
   7.6953398e-02
   1.0659533e-01
   6.8029359e-02
   1.3355705e-01
   1.7691517e-01
   1.3985904e-01
   4.8399630e-01
   2.6692007e-01
   4.6377794e-01
   1.3810886e-01
   1.6564498e-01
   3.5774619e-01
   1.6179910e-01
   1.7102102e-01
   1.9000999e-01
   1.6487203e-01
   3.5445175e-02
   4.5592445e-01
   3.8323342e-01
   1.3915124e-01
   1.2442026e-01
   1.0799142e-01
   7.9452213e-02
  -1.0285558e-02
   6.6156334e-02
  -3.3449790e-02
  -3.9527921e-02
  -8.5327981e-03
   6.6113659e-03
   1.8125805e-02
   3.1166511e-02
   3.7813872e-02
   5.3754661e-02
  -2.8727845e-02
  -2.2741125e-02
   8.2280557e-02
   5.2209348e-02
   8.3044414e-02
   4.7312608e-02
   3.3630365e-01
   2.4060154e-01
   1.0943870e-01
   2.7714937e-01
   2.6197748e-01
   2.9325914e-01
   8.5196544e-02
   1.6715423e-01
   2.5764391e-01
   2.0606075e-01
   2.7207086e-02
   5.4248207e-02
   1.6440222e-01
   1.7490789e-01
   3.6770236e-03
  -4.1886292e-02
  -7.2308579e-03
  -4.6577834e-02
  -2.6634878e-02
   7.1962396e-03
   1.4882432e-02
   7.9235393e-02
  -2.7811140e-03
   9.4137457e-02
  -4.2039434e-02
   9.7620653e-02
  -2.8647383e-02
   1.1188904e-01
   1.2569861e-01
   1.4433394e-01
   2.8129527e-01
   1.8122465e-01
   1.4409012e-01
   6.5959217e-02
   1.5434782e-01
   1.7411985e-01
   9.6899427e-02
   5.5684945e-02
   3.2853986e-02
   5.0013519e-02
   1.1472436e-01
   1.4989878e-01
   2.4658000e-01
   1.8929513e-01
   3.2950372e-01
   2.1245896e-01
   2.7108516e-01
   2.2108702e-01
   9.0738402e-02
   6.8310205e-02
   4.9086912e-02
   8.1435181e-02
   7.8950691e-02
   5.7633863e-02
   8.5216419e-02
   6.1466548e-02
   6.8544738e-02
   9.9165119e-02
   1.0708822e-01
   9.7847781e-02
   2.7231356e-02
   4.1599475e-02
   9.3349239e-02
   1.0431451e-01
   1.9278687e-01
   9.7839297e-02
   2.2371669e-01
   1.4677386e-01
   1.1564036e-01
   1.0198018e-01
   1.1455088e-01
   8.9178356e-02
   7.1841591e-02
   3.7277391e-02
   9.0004518e-02
   8.1243635e-02
   1.2750286e-01
   7.8697826e-02
   7.6231243e-02
   5.7429014e-02
   1.0154808e-01
   6.8369370e-02
   9.6747883e-02
   7.0545235e-02
   9.1686124e-02
   1.0038208e-01
   9.6760761e-02
   5.9128359e-02
   1.4748162e-01
   9.0600278e-02
   1.0728639e-01
   1.0909015e-01
   1.2151577e-01
   7.8044065e-02
   8.1846624e-02
   5.4517881e-02
   1.3527500e-01
   6.9971235e-02
   4.1346468e-02
   5.8275183e-02
   5.2880823e-02
   7.0155068e-02
   8.7699531e-02
   8.0013477e-02
   4.7361864e-02
   5.8878758e-02
   3.5101643e-02
   6.1900509e-02
   3.6215811e-02
   6.4108582e-02
   3.6107385e-02
   5.7091334e-02
   3.9317457e-02
   5.5713323e-02
   5.3128870e-02
   1.0284603e-01
   7.2663392e-02
   4.6366356e-02
   8.3668765e-02
   6.1593850e-02
   5.9116645e-02
   5.2560883e-02
   4.6233711e-02
   6.5874637e-02
   5.1975944e-02
   3.8272138e-02
   4.8799712e-02
   4.2283489e-02
   3.1918802e-02
   3.2650047e-02
   3.1631764e-02
   3.9267757e-02
   3.0883044e-02
   3.8949635e-02
   3.5302959e-02
   3.8293566e-02
   4.3275452e-02
   4.7931236e-02
   3.7002492e-02
   1.1058550e-01
   3.4436262e-02
   1.2386724e-01
   3.5347570e-02
   2.3519482e-02
   3.0860007e-02
   2.6646227e-02
   4.4830398e-02
   4.0132121e-02
   4.4578887e-02
   2.9842875e-02
   3.7373655e-02
   4.7707482e-02
   5.2721723e-02
   3.7338743e-02
   4.1551547e-02
   7.3440794e-02
   5.0399517e-02
   7.4116404e-02
   4.4261927e-02
   6.5696708e-02
   8.7097017e-02
   8.1525977e-02
   5.1826861e-02
   6.2296684e-02
   3.7157749e-02
   9.5515661e-02
   9.5519048e-02
   3.9177223e-02
   4.5197779e-02
   8.1898472e-02
   3.8109292e-02
   5.5856228e-02
   1.0624735e-01
   6.1646298e-02
   3.5408381e-02
   3.7642007e-02
   3.7191946e-02
   3.1660037e-02
   3.8128365e-02
   1.5078386e-02
   1.1834784e-02
   2.8336103e-02
   3.1899139e-02
   1.7778034e-02
   1.1121626e-02
   1.8646405e-02
   2.9295341e-02
   3.6127591e-02
   1.9128807e-02
   4.3928350e-02
   3.8650659e-02
   4.2958980e-02
   6.3712467e-02
   1.9666436e-02
   6.5578273e-02
   1.9514989e-02
   4.5338815e-02
   2.3840973e-02
   5.0367420e-02
   8.3338990e-03
   1.0947767e-02
   1.2889750e-02
   3.1065495e-02
  -5.3696235e-02
   3.0971203e-02
   1.5591571e-02
   9.4020970e-03
   2.1094267e-02
   4.8024395e-02
   2.4530237e-02
   3.2095838e-02
   1.1172684e-02
   3.2352856e-02
   1.5089974e-02
   3.7873662e-02
  -3.6040744e-02
   3.5845449e-02
  -4.6942930e-02
   1.6831508e-02
   4.7130486e-02
  -9.6853843e-03
   5.6285974e-02
   6.9428262e-02
  -1.9888744e-02
   5.6662959e-02
   6.7225338e-02
   3.7189007e-02
   3.0803723e-02
   2.9028094e-02
   3.4692421e-02
   4.5653798e-02
   3.7379479e-02
   4.7033336e-02
   5.9081808e-02
   6.4443673e-02
   4.0969576e-02
   4.8333506e-02
   3.4628630e-02
   1.2205866e-01
   1.0367878e-01
   6.4767105e-02
   6.6376136e-02
   3.9291798e-02
   7.9706686e-02
  -1.1135108e-02
   4.1123312e-02
   4.5783183e-02
   7.3980252e-02
   1.1400900e-02
   4.8533690e-02
  -8.3089402e-03
   3.1424360e-02
   2.5023340e-02
   4.4378689e-02
   5.3142019e-02
   2.6394019e-02
  -5.5505326e-02
   5.1078119e-02
  -6.3828992e-02
   4.6159342e-02
   2.8138458e-02
   7.9603083e-03
   4.5149316e-02
   1.8682881e-02
   5.1479005e-02
   3.1897526e-02
   4.6204408e-02
   5.1063258e-02
   3.8426383e-02
   5.7459304e-02
   2.8088419e-02
   3.4945588e-02
  -3.1522414e-01
   5.9883248e-02
   2.6191566e-02
   4.8992037e-02
   5.6939733e-02
  -2.5635262e-01
   3.4222949e-02
  -7.0295479e-02
   1.6778711e-01
   2.2494490e-02
   4.9634110e-02
   2.1629129e-02
   7.6037980e-03
   9.0949199e-03
   1.5128446e-02
   1.0301140e-02
   6.9463735e-03
   1.8531130e-02
   1.2699211e-02
   1.8123905e-02
   1.3825790e-02
   4.3095808e-03
   2.9081787e-02
   1.2196622e-02
   6.7484133e-03
   2.6470979e-02
   2.5234846e-03
  -3.7721596e-04
   3.5033736e-03
   1.2146200e-02
  -7.6450684e-02
  -1.6516095e-02
   3.0248075e-01
   9.7069458e-02
   9.9073711e-02
   2.0064059e-03
  -9.7942566e-03
   1.1979151e-02
  -4.4530957e-03
   1.8824616e-02
  -1.4315966e-01
   2.1395188e-02
   1.4778445e-01
  -1.2989164e-02
   1.4286923e-02
   5.2443715e-03
   2.2737223e-02
   7.5406049e-03
  -4.8330268e-02
   7.1717925e-03
   4.3571111e-02
  -2.7974427e-02
   1.1276489e-02
   3.1625514e-02
   5.3180589e-02
   3.9546294e-02
   4.2975907e-02
   3.5213154e-02
   3.1904290e-02
   2.7819408e-02
   8.3267563e-04
  -7.7300043e-05
   4.1968099e-02
   4.4599091e-02
   1.8643920e-02
   5.8392648e-02
   3.4934671e-02
   1.5854242e-02
   2.2572421e-02
   3.5635391e-02
   5.6959034e-02
   4.0961234e-02
   4.4824567e-02
   3.7067072e-02
   5.3575204e-02
   3.5054276e-02
   3.6801899e-02
   3.8577005e-02
   1.9431271e-02
   3.7774639e-02
   2.3643409e-02
   2.7438159e-02
   3.9023415e-02
   5.5738847e-02
   4.1892681e-02
   3.7899911e-02
   2.0423152e-02
   3.8506129e-02
   2.1131538e-02
   5.2253071e-02
   1.3394086e-02
   3.8139018e-02
   5.0462789e-02
   3.8933888e-02
   2.0928045e-02
   2.5219435e-02
   5.5704013e-03
   8.4579461e-04
   2.5281988e-02
   3.9801578e-02
   3.0037771e-02
   4.3721592e-02
   3.8958380e-02
   4.8766688e-02
   2.1734437e-02
   3.8241404e-02
   5.0510786e-02
  -7.4930887e-03
   7.1251418e-04
   4.5164195e-02
   2.9091494e-02
   3.3058527e-02
   4.0311014e-02
   8.3805292e-02
   5.0995159e-02
   3.3770068e-02
   5.8477413e-02
   2.4874477e-02
  -1.5914808e-02
   6.9264212e-03
   3.5950412e-02
  -1.2736741e-02
   5.7884117e-02
   9.7548902e-03
  -1.0496397e-02
   5.2485107e-02
   1.4382640e-02
   5.2525895e-02
   2.1294422e-02
   3.2693704e-02
   8.6054064e-03
   3.2567737e-02
   1.0189709e-02
   1.4025155e-02
   1.4551108e-02
   1.1777563e-02
   8.3655416e-03
   1.3058791e-02
  -1.7760151e-03
   6.7115083e-03
   5.5101317e-02
   4.6705281e-02
  -2.2891453e-02
  -1.8198790e-02
  -6.1716711e-03
  -4.5152657e-03
   7.9009922e-02
   4.5737386e-02
   3.3411053e-02
   3.9695316e-02
  -1.9851112e-01
  -2.4016496e-02
  -7.3117712e-03
   4.5224210e-03
   5.2053737e-03
   1.0345064e-03
   5.4929698e-03
   6.5544566e-03
   3.7896664e-02
   2.2058855e-02
   2.5043091e-02
   1.2125085e-02
   3.0932724e-02
   4.6060005e-02
   1.6963808e-02
   4.6485328e-02
   4.3556880e-02
   3.5436917e-02
   2.2895956e-02
   2.9482235e-02
   9.6063591e-03
  -6.9692876e-04
   1.3489130e-02
  -1.1400560e-01
   1.1764243e-01
   5.9783973e-02
   2.7087721e-01
   6.9811590e-02
   1.4607065e-02
   3.1727278e-01
   2.7082461e-02
   4.0409511e-02
   2.7273184e-02
   4.6204618e-02
   3.0951654e-02
   5.0128346e-02
   4.7507347e-02
   5.4266878e-02
   6.5514711e-02
   9.6164318e-02
   5.7942928e-02
   7.8163049e-03
   7.2014778e-02
   7.2425574e-02
   9.8292496e-02
   6.7582703e-02
   8.1979844e-02
   4.5492362e-02
   6.7496667e-02
   7.1185049e-02
   4.4971032e-02
   5.3001199e-02
   5.5810330e-02
   5.6739343e-02
   5.2134975e-02
   5.1627996e-02
   4.6471669e-02
   4.7336867e-02
   3.6596718e-02
   2.9897899e-04
   3.3626369e-02
   2.3939020e-02
   1.5909763e-02
   1.1119157e-02
   5.9828183e-02
   5.5416588e-02
   3.9509604e-02
   5.5439891e-02
   3.7068780e-02
   6.6380833e-02
   7.7101584e-02
   9.2458739e-02
   6.8715523e-02
   1.1230692e-01
   6.1593587e-02
   1.0690115e-01
   7.2776456e-02
   9.5571253e-02
   7.7292702e-02
   8.7326210e-02
   3.7124110e-02
   7.5187260e-02
   8.1551100e-02
   1.0906129e-01
   1.1941442e-01
   1.0728277e-01
   9.8210093e-02
   1.1538488e-01
   9.7920928e-02
   1.2161037e-01
   9.9414580e-02
   1.2373831e-01
   7.9737213e-02
   1.4350926e-01
   1.1564018e-01
   1.0935060e-01
   1.7290604e-01
   8.4279196e-02
   1.1892165e-01
   2.0623176e-01
   5.4434569e-02
   1.7476129e-01
   2.4525379e-01
   3.0023832e-01
   2.1187755e-01
   2.6282355e-01
   2.1693692e-01
   2.1075380e-01
   1.9928336e-01
   4.0357916e-01
   2.0203558e-01
   2.1456176e-01
   2.2346789e-01
   3.5100085e-01
   1.3713610e-01
   3.6126676e-01
   4.6832763e-01
   2.4657171e-01
   2.2729348e-01
   2.7483209e-01
   1.2116955e-01
   1.6778380e-01
   2.7295676e-01
   4.4532355e-02
   7.8293954e-02
   1.1697710e-01
   1.4579850e-01
   1.1761977e-01
   1.0381908e-01
   8.2217451e-02
   1.0086211e-01
   1.3947706e-01
   9.7338230e-02
   1.5362145e-01
   2.1034573e-01
   1.0714016e-01
   2.1963145e-01
   2.1378443e-01
   1.9057976e-01
   3.7675308e-01
   2.0787798e-01
   1.4445372e-01
   1.1769814e-01
   2.4269734e-01
   3.3482563e-01
   3.2274402e-01
   2.7314955e-01
   2.8151600e-01
   5.3926326e-01
  -9.9327944e-02
   2.1061137e-01
   1.2438205e-01
   2.2646228e-01
   1.3621956e-01
   1.7198476e-02
   3.1085680e-02
   1.6198423e-01
   1.5147238e-01
  -1.3698269e-01
   1.9843891e-01
  -1.3533302e-01
   1.2882302e-01
   9.0501935e-02
   8.1840346e-02
   6.7632823e-02
   1.0452513e-01
   1.6210044e-01
   1.8953981e-01
   6.3339533e-02
   9.3135184e-02
   6.1183918e-02
   6.8192068e-02
   3.6383167e-02
   2.6266325e-02
   5.0530256e-02
   6.1575101e-02
   4.8996370e-02
   5.6614081e-02
   3.2101351e-01
   1.0086185e-01
   8.8949844e-02
   1.5093804e-01
   6.4869307e-02
   5.2148566e-02
   9.2622413e-02
   8.2963968e-02
   7.6018334e-02
   8.1661259e-02
   9.3486446e-02
   1.7095806e-01
   1.7357882e-01
   1.2269019e-01
   7.8431149e-02
   1.2783654e-01
   1.3234089e-01
   8.9495832e-02
   1.0894083e-01
   9.6654056e-02
   7.8853022e-02
   1.2392299e-01
   4.7279466e-01
   1.6235371e-01
   1.4593038e-01
   2.0583790e-01
   1.3922987e-01
   2.0034021e-01
   1.3099318e-01
   2.4118833e-01
   1.1979426e-01
   1.9107967e-01
   1.0811371e-01
   1.8126051e-01
   8.6225781e-02
   1.1513126e-01
   1.2979001e-01
   9.6436009e-02
   1.2692943e-01
   9.5152058e-02
   2.5368770e-01
   1.1295617e-01
  -5.5621020e-02
   2.3985087e-01
   1.5323784e-01
   1.1303022e-01
   1.5672438e-01
   1.2429406e-01
   1.4318512e-01
   1.1571362e-01
   1.0696977e-01
   1.7549016e-01
   2.2358310e-01
   1.2173544e-01
   4.9973928e-02
   1.5159344e-01
   2.3596036e-01
   1.3396949e-01
   1.7651763e-01
   1.5963745e-01
  -3.5494348e-02
   2.5221060e-01
   1.5098599e-01
   2.3920350e-01
   1.3404107e-01
   2.9913968e-01
   2.5406485e-01
   5.8571314e-01
   3.0482694e-01
   9.3561679e-01
   3.7085866e-01
   6.6930687e-01
   4.5780350e-01
   6.3390212e-01
   1.9910992e-01
   4.3603461e-02
  -5.0533816e-02
   1.7239346e-01
   3.4138087e-01
   4.2195723e-01
   1.1335125e-01
   2.7054065e-01
   4.4923049e-01
  -1.2387760e-01
   2.6915428e-01
   2.4280704e-01
   2.6832372e-01
  -6.0017587e-02
  -5.5167410e-01
   7.8113764e-01
   6.3747254e-01
   5.3149997e-01
  -3.8082383e-01
   5.0958898e-01
  -1.4374871e-01
   5.2733963e-01
   6.9766994e-01
   5.3441091e-01
   2.5980975e-01
   1.6945132e-01
   3.8071642e-01
   1.4760110e-01
   2.8074145e-01
   1.4274000e-01
   3.7434998e-01
   2.1548982e-01
   2.9025986e-01
   1.6282238e-01
   4.2443195e-01
   1.3037851e-01
   2.8240116e-01
   1.6235226e-01
   2.3196231e-01
   1.5355930e-01
   2.9441680e-01
   2.6621631e-01
  -6.6871404e-02
   4.3659789e-01
   2.2393148e-01
   2.2444954e-01
   2.1501723e-01
   2.6558901e-01
   6.1575919e-01
   3.8888297e-01
   7.8611683e-01
   4.2429919e-01
  -4.6700946e-01
   1.4792058e-01
   7.5700026e-01
  -9.8569395e-03
  -8.9932858e-02
   1.9874893e-01
   1.4613896e-01
  -9.5494405e-01
  -7.1093385e-01
  -3.1772978e-02
  -9.1798836e-01
  -3.4334871e-01
  -4.2729301e-02
   4.0096002e-02
   1.9988973e-02
  -9.9853549e-01
  -1.1021454e+00
  -9.4609677e-01
  -7.4036081e-02
  -1.2408229e+00
   6.9744704e-01
  -9.7582681e-01
  -1.1825079e+00
  -1.0120491e+00
  -5.0506710e-01
   5.8220198e-01
  -6.4175149e-01
  -9.8727050e-01
   2.8384204e-01
  -2.8760336e-01
  -1.3565739e-01
  -9.3991390e-03
  -7.3803165e-02
  -2.3981990e-01
  -1.4457665e-02
   1.2847185e-02
  -1.8834230e-01
  -2.7529085e-01
  -3.3934055e-02
  -2.9569820e-01
  -1.4979246e-01
  -3.4951155e-01
  -9.8981323e-02
  -1.8871462e-01
  -1.4557698e-01
  -2.4145794e-01
  -1.0350036e-02
  -2.7843201e-01
  -4.8429280e-02
  -6.0746399e-01
  -6.7406766e-02
  -5.0446130e-01
  -4.5647633e-01
  -3.8818086e-01
  -9.6904772e-01
  -1.3439947e-01
  -3.1772769e-02
  -1.5821423e-02
  -2.7577982e-02
  -7.7978965e-01
  -7.8133550e-02
  -1.6227052e-02
  -2.3551811e-02
  -1.3739607e-02
  -1.7514093e-02
  -1.0666967e-02
  -1.2362668e-02
  -1.4944583e-02
   1.1038285e-02
  -3.9103207e-02
   5.5249386e-04
   9.8329281e-03
  -2.1677964e-02
  -1.2880261e-02
  -1.7904069e-02
  -1.2279647e-02
  -1.0929859e-02
  -1.3840397e-02
  -1.7110483e-02
  -1.3108916e-02
  -1.6469549e-02
   6.5317499e-03
  -3.2066333e-02
  -3.6763883e-01
   7.8019076e-02
  -3.4802090e-01
  -5.5084870e-03
  -4.6242404e-01
  -1.1338738e-02
  -2.2285283e-01
  -1.0438179e-01
  -1.0284397e-02
   7.2784639e-03
  -5.8452707e-01
  -1.4978983e-01
  -9.4687717e-02
  -3.8823713e-01
  -7.4955608e-01
  -6.2141103e-01
  -4.0627956e-01
  -5.8612103e-02
  -1.4618153e-01
  -2.2409011e-02
  -3.7395424e-01
  -4.3780705e-01
   2.0201226e-03
  -2.3739645e-01
  -1.6211701e-01
  -1.4798091e-01
  -1.4008783e-02
  -2.6873476e-01
   1.8048073e-03
   2.2373533e-03
  -1.7605343e-03
  -2.4245956e-01
  -2.4369630e-01
  -2.8670758e-01
  -8.9467820e-02
  -1.6836614e-02
  -2.4333621e-01
  -1.2865971e-01
  -3.6710827e-01
  -5.1850626e-01
  -9.4713987e-02
  -2.3669063e-01
  -1.0703551e-01
  -4.1390980e-01
  -5.4416021e-02
   2.4005819e-02
  -2.5273360e-01
  -2.6045188e-01
  -2.2384981e-01
  -4.4735270e-01
  -4.2705436e-01
  -4.3055050e-01
  -4.0192287e-01
  -2.2676955e-01
  -7.1588689e-01
  -3.7392927e-01
  -5.2033978e-01
  -8.1230023e-02
  -4.9377853e-02
  -2.3941125e-01
  -4.0051555e-01
   9.2807106e-02
  -1.1051706e-03
  -5.2239486e-01
   4.9617693e-01
  -2.0183203e-01
   4.3553652e-01
  -1.5769450e-02
   5.5048753e-03
  -1.9674696e-01
  -5.8356899e-02
   1.9398744e-01
   2.5331440e-01
   9.6562549e-02
  -7.1322847e-02
   1.6483615e-01
  -2.9773637e-02
   4.6729360e-02
   6.8547585e-02
   2.7537597e-01
   6.6903340e-02
   3.3464390e-01
   4.8764617e-02
   3.5564721e-01
   1.4001260e-01
  -2.7546984e-01
  -3.1884310e-01
  -1.1232552e-01
  -6.2406492e-01
  -1.8477049e-01
  -6.3581261e-02
  -6.0313229e-02
  -8.8377907e-02
   3.6640562e-01
   8.3456675e-02
   3.1223271e-01
   1.3007540e-02
   4.8709087e-01
   2.1168717e-01
   1.1092765e-01
  -1.7695575e-02
   1.3016929e-03
   3.3010174e-01
  -6.9607037e-02
   2.4624598e-01
  -1.1888817e-01
  -7.0220433e-03
  -1.0647595e-01
  -7.2420424e-02
   2.1114082e-01
   1.2711239e-01
   1.9739739e-01
   7.9191326e-02
   2.3485235e-01
   2.9147153e-01
   5.8181139e-02
  -5.8899937e-02
   3.9015695e-02
   6.2716209e-02
  -5.0722387e-02
  -1.0893451e-01
   9.1827647e-02
   9.9277917e-02
   1.9866165e-02
  -6.7404605e-02
   1.8040483e-01
  -9.3020539e-02
  -4.6566737e-01
  -1.2532459e-01
  -2.0835147e-01
  -4.7251565e-01
  -4.8854350e-01
  -3.1846569e-01
  -5.3788083e-01
  -2.1316105e-01
  -6.7431923e-01
  -3.6534847e-01
  -1.0522344e-03
   4.5012394e-03
  -2.4007942e-01
   5.9570575e-02
  -1.2880073e-01
  -9.3652613e-02
  -7.8748515e-02
  -1.1900875e-01
   1.4386908e-02
  -4.3099368e-02
   1.3054163e-02
  -1.3285656e-03
   2.0060383e-02
   2.1325820e-02
  -1.7818142e-02
   1.6269816e-02
   2.9279489e-02
   3.6944022e-02
   4.8060121e-02
  -5.5103262e-02
  -8.1468948e-03
  -5.9331167e-02
  -1.8017695e-01
  -3.8828462e-02
   3.3510645e-02
  -1.5950095e-01
  -3.1026014e-02
  -3.0967204e-02
  -2.8337647e-02
   8.7271902e-04
   2.7846071e-02
  -6.5324353e-02
   2.0453295e-02
   2.7779054e-02
   2.1008482e-02
   2.5394243e-02
  -4.8502003e-02
  -1.6728821e-02
   4.2875477e-02
  -5.9941676e-02
  -4.4344162e-02
  -4.1122973e-03
   2.2367122e-02
   1.7735475e-02
   3.7356424e-02
  -1.7201141e-02
  -2.6376897e-02
  -1.7445573e-02
  -7.1397738e-02
  -3.9326993e-02
   3.0026204e-02
  -9.9690007e-03
  -1.6180879e-01
   2.2610862e-02
  -1.3782717e-01
  -1.2516818e-01
   1.2032306e-02
   1.9399350e-02
  -6.0689474e-02
  -2.9974712e-02
   4.8363513e-03
  -2.5196982e-03
  -7.1956729e-02
  -3.7777124e-02
   2.6492247e-02
   2.2200855e-02
  -9.9074039e-02
   1.5966318e-02
  -1.5346436e-01
  -6.4190957e-02
   1.4462097e-01
   1.9629305e-01
  -8.3468535e-02
  -6.0857339e-02
   9.7905748e-02
   6.6559426e-02
  -1.7796294e-01
   6.9425752e-02
   7.5011823e-02
   1.4994269e-01
   9.7036058e-02
   5.3794759e-02
   2.4192691e-01
   7.6319948e-02
  -1.5576680e-01
   1.6877879e-01
   2.0407040e-01
   1.0627436e-01
   1.5979326e-01
   1.0881155e-01
   2.4593643e-01
   2.7763323e-01
   1.5393531e-01
   1.8702006e-01
   1.5798078e-01
   2.1640411e-01
   2.2408454e-01
   2.5060436e-01
   2.5279693e-01
  -1.6128114e-01
   2.1397834e-01
   1.8724066e-02
   2.3969660e-01
  -1.3487956e-01
  -1.0882015e-01
  -5.1096473e-02
  -1.1882730e-01
  -4.7378418e-02
  -7.6729273e-02
  -3.7057377e-01
  -4.8579784e-02
  -4.1306953e-02
  -2.6715191e-02
  -2.7420954e-01
  -3.6924694e-02
   3.0501266e-01
  -4.0498898e-01
   2.8481474e-01
   1.4176200e-01
   2.0697793e-01
   3.1288511e-01
   2.9725325e-01
  -1.7902890e-01
   3.5081883e-01
  -2.2996855e-02
  -8.2322162e-03
  -2.9381088e-01
  -4.0048885e-01
  -3.3160108e-03
  -4.1225662e-02
  -9.6799460e-03
  -6.1083523e-03
  -5.9878053e-03
  -2.0141416e-03
  -3.6963847e-01
  -4.4001239e-01
  -3.9205937e-01
   3.6804448e-01
  -2.3497408e-02
   1.4107245e-02
   7.9367034e-03
   4.8243822e-02
  -1.5094606e-02
  -4.5852552e-03
   3.4528456e-02
  -3.9225032e-02
  -8.7956226e-03
   3.8704580e-03
   4.6666025e-03
   1.0534169e-02
   7.9707123e-05
  -1.3444786e-04
   9.1607082e-02
  -9.7448144e-03
   2.4366235e-02
  -2.8441199e-02
   3.5881549e-02
  -3.2908803e-02
   2.3741364e-02
  -1.0839560e-01
  -1.6919353e-01
   1.6347351e-03
   8.3184648e-02
   2.1844688e-01
   1.9612384e-01
   1.4414588e-01
   1.5765263e-01
   2.0579329e-01
   5.2269048e-02
  -2.4037138e-01
   1.6765326e-01
   1.3207029e-01
  -1.4525185e-01
  -2.5330021e-01
  -2.4117040e-01
  -6.1626872e-02
   9.3879366e-03
  -5.5222631e-03
  -6.8412257e-02
  -1.3785695e-02
  -3.8813809e-02
   5.7148853e-02
   1.3620880e-03
   3.3989779e-03
   2.1110547e-02
  -1.1046478e-02
  -3.4171562e-02
   3.7353208e-02
  -9.3216703e-02
   1.3769053e-02
  -2.6070761e-01
  -4.2101317e-02
  -2.2077794e-01
  -2.9728408e-01
   7.2339031e-02
   9.4585983e-02
   7.9184100e-02
   7.7836167e-02
   1.3465781e-01
   1.5407657e-01
   1.0498711e-01
   7.5458736e-02
  -1.0719730e-01
  -2.1289527e-01
  -1.8949235e-02
   3.7885367e-02
  -4.9502431e-02
  -9.7016571e-03
  -1.4655682e-02
  -4.5392409e-03
  -3.5600400e-03
   5.4974846e-03
   1.0328367e-02
   2.3934610e-02
   4.2525210e-02
  -4.7156641e-02
   5.1486040e-04
   1.2801568e-02
  -3.3720072e-03
   2.6266822e-03
   8.5481554e-03
   1.1593672e-02
   4.8166864e-02
  -4.8031489e-02
  -9.3538726e-03
  -1.1807409e-02
  -9.3044116e-03
  -1.0826696e-02
  -1.6989436e-02
  -5.3730764e-03
  -3.1817345e-01
   1.2248148e-01
  -1.2915418e-02
  -4.8454162e-02
  -2.7784883e-01
  -3.8592338e-01
  -9.2609003e-03
  -6.3931437e-03
  -2.2101283e-03
  -1.7467287e-03
  -1.0765695e-01
   7.3722230e-02
  -2.7559586e-01
   3.0913483e-01
  -1.4930373e-01
   1.4171269e-01
  -9.3378968e-02
  -2.5155395e-02
   1.5798784e-01
   3.6653081e-01
  -5.3034976e-02
  -6.5437621e-02
   1.7528153e-01
   1.3262325e-01
   3.4684678e-02
  -1.9681158e-02
  -3.5551638e-02
   2.4561376e-03
   8.3975369e-02
  -1.2605286e-02
  -2.8087170e-02
  -8.5039992e-03
  -5.2958790e-02
  -4.1047688e-02
  -2.5497814e-03
  -8.5623253e-05
  -1.2766134e-02
  -1.0630199e-02
   3.3778810e-02
   7.9861144e-02
  -2.2571759e-01
   6.3958488e-02
  -1.9873392e-01
  -2.0677801e-01
   9.8329753e-02
   6.4939230e-02
   1.5819024e-01
   1.3764320e-01
   1.5239166e-01
   1.0452916e-01
   1.2494992e-01
   1.0162625e-01
   3.8407513e-02
   8.5930902e-02
   5.7805789e-02
   1.2150939e-01
   5.1057214e-02
   4.8191666e-02
   5.6550579e-02
   1.4065204e-01
  -1.9274707e-01
   8.6495547e-02
  -6.7926398e-02
  -1.5967200e-02
  -1.4866580e-02
  -1.6013124e-01
   2.0530800e-02
  -8.5006402e-02
  -1.7614107e-01
  -1.7212893e-01
  -1.1082733e-01
  -7.3574501e-02
   1.5174267e-01
   2.1228292e-01
   1.5292923e-01
   2.2995779e-02
   8.1261995e-02
   4.7552368e-02
   4.4416334e-02
   5.2686454e-02
   3.0358030e-02
   4.4985450e-02
   1.7904626e-01
   2.6791323e-02
  -3.3496578e-01
   1.9020769e-01
   6.8484709e-02
   6.1982933e-02
  -1.7260691e-01
  -1.2206425e-03
  -2.0857487e-01
  -5.4792223e-02
  -3.6564933e-01
  -2.6852453e-02
  -8.8466739e-03
   8.7823096e-03
  -2.8389400e-01
   2.5514485e-02
  -3.8268631e-02
  -3.0701968e-02
  -4.4220877e-03
   2.7379408e-02
   1.9544172e-02
   1.4475687e-02
   1.2921801e-02
  -2.8488725e-02
   7.4971901e-03
  -6.6465924e-03
   1.4999541e-02
   9.8657986e-03
  -5.6661731e-02
  -2.0450759e-02
   2.0577904e-01
  -1.3062268e-01
  -2.9156772e-01
   1.5278563e-02
  -6.7214165e-02
  -2.3694918e-01
  -2.1453855e-02
  -8.1499892e-02
  -1.9398296e-01
  -3.4441867e-01
  -1.6926665e-01
   2.1239489e-01
  -4.4566660e-02
  -2.5170422e-01
   2.7454074e-02
   1.8312554e-01
   5.9114861e-04
   2.7867413e-01
   2.0939582e-01
  -1.7353888e-01
   9.0792672e-02
   7.2697078e-02
   4.2563536e-02
   8.1442975e-02
  -2.1675088e-02
  -2.0778594e-01
   2.4369447e-01
   1.8043228e-01
   6.6589216e-02
  -1.0239106e-01
   2.8553977e-01
   1.1021692e-01
  -1.7890849e-01
   2.1779196e-01
  -9.2320291e-02
   2.8761845e-01
   8.5761929e-02
   4.9757367e-02
   2.2624660e-01
  -1.6409407e-01
   3.5024952e-02
   6.1393791e-02
   7.8087838e-02
   5.3410062e-02
   8.9683599e-02
   8.5963425e-02
   1.0155470e-01
   5.6627264e-02
   7.1459739e-02
   1.2468248e-01
   3.4784651e-02
   9.2147476e-02
   4.9686844e-02
   5.7100845e-02
   1.2474805e-01
   1.3485717e-01
   1.4662329e-01
   7.3369342e-02
  -1.2892229e-01
   8.3632958e-02
  -5.9145150e-02
   9.7556783e-03
   5.2481963e-02
  -1.4089684e-01
   2.8836793e-02
   4.5336144e-01
   2.4335079e-01
   7.6779109e-03
   8.8080749e-02
   1.6284685e-02
   1.0335214e-02
   2.6037524e-02
  -1.8966931e-01
   2.0062166e-01
  -9.1528983e-02
  -9.1854468e-02
  -5.4000852e-02
  -8.2020112e-02
   1.8282771e-02
   3.2614678e-01
  -5.7323201e-02
  -1.5318321e-01
  -9.0112444e-02
  -3.9246312e-02
   2.9403111e-02
   3.0386797e-02
   1.1736622e-02
  -2.9800288e-02
   1.1482838e-02
   2.2550692e-02
  -6.0334751e-02
  -3.0352219e-02
   2.0733665e-02
  -7.0767540e-03
   1.6858218e-02
   2.8014513e-02
   2.1186080e-01
   9.6422005e-03
   1.4426109e-02
   1.0516932e-01
   2.5582004e-01
   1.7980569e-01
   2.4227076e-01
   1.0024794e-01
   1.4651717e-01
  -3.5382845e-02
  -2.8465804e-02
   2.5683621e-01
  -7.3388662e-02
  -7.7377234e-02
   2.7043561e-01
   1.3177811e-01
   1.6144299e-01
   3.5868933e-01
   1.4281177e-01
   1.9166157e-01
   2.1051999e-01
   1.0874588e-01
   1.0390404e-01
   1.1209379e-01
   2.5454824e-01
   9.9921290e-02
   1.2316144e-01
   1.5993322e-01
   1.6087077e-01
   1.6868908e-01
   1.6425845e-01
   1.7386312e-01
   8.5100115e-02
   1.1331126e-01
   9.8243648e-02
   1.4993788e-01
   8.6561943e-02
   1.9783539e-01
   1.3435487e-01
   2.0312085e-01
   7.6625634e-02
   5.1381988e-02
   8.2205066e-02
   4.5105539e-02
   7.7457112e-02
   6.1985397e-02
   7.6734147e-02
   4.4753654e-02
   1.2992039e-01
   1.2585505e-01
   2.4451443e-01
  -1.4151081e-01
   1.6526445e-01
   7.9529814e-02
   1.5393115e-01
   1.2013520e-01
   2.4112828e-01
   1.6420950e-01
  -8.1239473e-02
   1.5221213e-01
   1.4211071e-01
   2.6047806e-01
   9.4057897e-02
   8.9577254e-03
  -3.4115228e-02
   6.1355475e-02
   7.0938747e-02
  -7.9241172e-02
   1.4996986e-01
   3.2805607e-01
   1.2096025e-01
   1.8409111e-01
   1.6001013e-01
   3.0609483e-01
   4.3142669e-01
   2.3617785e-01
   9.1250000e-02
   6.0005155e-02
   1.3110501e-01
   1.1524083e-01
   9.6258432e-02
   8.7788614e-02
   7.1137209e-02
   6.3547246e-02
   4.5265028e-02
   4.4819773e-02
   4.3480969e-02
   1.4987749e-01
   3.7707414e-02
   1.7642912e-01
   2.5702582e-02
   8.5875455e-02
   1.1387978e-01
   3.1646860e-01
   4.1849505e-02
   2.4706759e-02
   4.0406789e-02
   3.4220059e-02
   4.2027800e-02
   3.1849935e-02
   5.4011244e-02
   3.4769405e-02
   3.9500292e-02
   4.2820382e-02
   7.7431586e-02
   7.0842133e-02
   5.2390381e-02
   7.1932520e-02
   4.4000200e-02
   3.1488161e-02
   3.7423895e-02
   7.2482468e-02
   3.5972492e-02
   7.6950732e-03
   3.5290446e-02
   3.2254298e-02
   2.9729110e-02
   2.9485263e-02
   2.0831276e-02
   2.1324122e-02
   4.4239455e-02
   6.8263020e-02
   6.6436230e-02
   4.5066663e-02
   3.1880392e-02
   5.5516196e-02
   7.2208771e-02
   8.1012187e-02
   2.5397625e-02
   5.5369269e-02
   9.7886368e-02
   7.3722385e-02
   6.1288419e-02
   5.2309877e-02
   8.1566055e-02
   4.5267110e-02
   5.5126524e-02
   2.7391140e-02
   5.5843570e-02
   2.6255939e-02
   5.8577712e-02
   2.7461956e-02
   4.4044903e-02
   2.8462978e-02
   2.8595026e-02
   3.2239640e-02
   3.1252262e-02
   3.0549739e-02
   3.2372894e-02
   2.8768751e-02
   2.6311689e-02
   2.5238345e-02
   2.7021344e-02
   2.5944604e-02
   2.9520220e-02
   4.9485687e-02
   3.1193203e-02
   1.6777449e-02
   3.3697712e-02
   1.7160054e-02
   3.5728150e-02
   3.9476880e-02
   5.0167304e-02
   5.8231480e-02
   2.9814959e-02
   4.3699544e-02
   3.6075367e-02
   4.3766079e-02
   1.1023602e-01
   4.3640239e-02
   4.0964532e-02
   4.9354501e-02
   4.5085253e-02
   2.9849640e-02
   1.8176826e-02
   2.8962687e-02
   3.6212307e-02
   4.5738752e-02
   3.6903479e-02
   1.8733325e-02
   1.2637204e-02
   1.9917556e-02
   2.0631968e-02
   1.5684868e-02
   1.9696011e-02
   5.1314771e-02
   4.9825863e-02
   4.3278132e-02
   2.2115007e-02
   1.7157866e-01
   3.0827537e-02
   3.5620479e-02
   3.0533643e-02
   8.9886626e-02
   3.3667900e-02
   2.2198895e-02
   3.3234497e-02
   2.0800652e-02
  -6.0686735e-03
  -1.0923660e-01
   6.1468671e-02
   2.0985322e-03
   5.5441491e-02
   4.7730382e-02
   4.6049908e-02
  -2.3905625e-03
  -5.2691583e-02
   3.5849703e-02
  -1.2098287e-02
  -8.4406389e-02
   3.5573670e-02
   1.8749779e-02
   1.1916253e-02
   5.8671072e-02
  -6.3015117e-02
   1.6110820e-02
   7.0618584e-03
   7.5665964e-03
  -3.3890419e-02
   1.7475913e-03
   9.4568479e-03
   2.2002427e-02
   7.1250991e-03
   2.4607312e-02
   1.0366082e-02
   2.1179552e-02
   2.1633807e-01
   2.1323013e-02
  -1.2572150e-01
   1.2299993e-02
   5.8297068e-03
  -2.3505798e-01
   1.8504967e-01
  -5.7842145e-02
   1.4532141e-01
  -2.5194730e-01
   1.0417295e-01
  -1.2667554e-02
  -2.4163842e-01
   6.2732416e-03
   2.8129771e-02
   1.0976629e-02
   1.4647618e-02
   7.4373139e-03
   1.0900504e-02
   1.2071858e-02
   4.8280859e-02
   5.2925125e-02
   8.5850123e-03
   1.3812746e-01
   1.1129926e-01
   4.6860067e-02
   6.0456024e-02
  -5.8777805e-02
   2.8650052e-02
   1.3547369e-01
   1.4359604e-01
   2.2055856e-01
   9.9827514e-02
   1.0211816e-01
   4.1965564e-02
   9.2383193e-02
   3.3874588e-02
   1.4383109e-01
  -8.8014409e-02
   1.5349987e-01
   2.0797635e-01
   7.3193656e-02
  -6.9473710e-02
   8.1300868e-03
   1.9889838e-01
   4.8056619e-03
   1.7434682e-01
   1.2434170e-01
   5.2587306e-02
  -5.6912038e-02
  -4.2119453e-02
   1.5677217e-02
  -6.0580114e-03
   2.7108591e-02
   4.7076655e-02
   2.8322156e-03
   4.1112498e-02
   2.9895642e-02
   9.6148028e-02
   9.5895424e-02
   1.0630946e-01
   7.3103862e-02
   7.3344908e-02
   5.1750586e-02
  -1.7352662e-02
   2.0641012e-01
   6.2044447e-02
   6.8417833e-02
   1.0698079e-01
   4.3973021e-02
   1.5711825e-01
   1.3744112e-01
   8.8550567e-02
   5.3496258e-02
   1.8270126e-02
   4.1721412e-02
   4.1645664e-02
  -3.7414553e-03
   4.8121881e-02
   2.5893665e-02
   2.5527447e-02
   2.4678006e-03
   6.7173351e-02
   2.3447153e-02
   3.2502750e-02
   1.4647770e-02
  -4.7938961e-03
   1.5473683e-02
   8.5538116e-02
   2.2120723e-02
   1.1587163e-01
   1.3241423e-02
   4.2247349e-02
   3.4371910e-02
   1.1110787e-01
   7.6882190e-02
   1.2533665e-02
   8.0542315e-02
   1.1758745e-01
   6.8865194e-02
   6.8473078e-02
   6.5815769e-02
   1.1997303e-01
   1.0319836e-01
   1.3396219e-01
   5.3200145e-02
   9.9058879e-02
   3.5179642e-01
   1.1798888e-01
   1.6645839e-01
   1.0025505e-01
   1.2167698e-01
   7.7462937e-02
   2.1486096e-01
   6.8020051e-02
  -8.3607003e-03
   1.8333305e-02
   9.9519972e-02
   7.3228765e-02
   1.0332827e-01
   7.5237563e-02
   1.1079624e-01
   1.4291598e-01
   2.0429734e-01
   7.7581802e-02
   2.1054440e-01
   7.9979184e-02
   1.3324189e-01
   1.6378300e-01
   3.7639687e-01
   4.1829831e-01
   1.2177928e-01
   1.5266971e-01
   2.6035879e-01
   1.8530759e-01
   3.4148794e-01
  -2.7081898e-02
   4.9263023e-01
   3.4077949e-01
   1.4432875e-01
   1.5912940e-01
   1.2466051e-01
   1.5317705e-01
   2.0301985e-01
   1.6026937e-01
   1.0458759e-01
   1.2100732e-01
   6.5401983e-02
   1.9531726e-01
   8.8030552e-02
   1.5075240e-01
  -5.0068283e-02
   2.5169062e-01
   3.1938746e-02
   2.0368682e-01
   2.5865552e-01
   2.1281345e-02
  -3.8959777e-02
   6.5731459e-02
   1.3742871e-01
  -4.3693095e-02
   2.4807333e-01
   1.0163070e-01
   9.3143994e-02
   1.1696507e-01
  -2.6072667e-02
   1.8823319e-02
   1.2257859e-01
   6.8333835e-02
   1.9312190e-01
   3.3485118e-01
   1.5062598e-01
   2.0830051e-01
   2.7831333e-01
   4.1723100e-01
   1.5408861e-01
   3.9509868e-01
   1.8920418e-01
   2.9588397e-01
  -2.3421162e-02
  -3.0286726e-01
  -2.2573289e-01
  -7.5675904e-01
   3.5700972e-01
  -8.4856025e-01
   4.7900669e-01
   1.6014420e-01
   2.4703197e-01
   2.5954367e-01
   1.3550447e-01
   2.0331552e-01
  -5.4878894e-02
   2.0278455e-01
   2.3864471e-01
  -3.4558965e-01
   6.6292785e-02
   5.2833486e-01
   4.8819461e-01
  -7.1901643e-01
  -7.4714856e-02
  -5.8067126e-01
  -4.0553791e-01
  -4.2379332e-02
  -6.0276012e-02
  -7.8187685e-01
  -1.5633840e-01
  -5.1413349e-02
   2.9368896e-01
   2.1015465e-01
  -2.2956100e-01
   1.8832122e-01
  -5.6128561e-02
  -1.1865811e-01
   2.2809607e-01
  -3.2517865e-01
   5.0720483e-01
   2.3334635e-02
   9.2284749e-02
   1.1689062e-01
  -3.5824870e-02
  -1.6488086e-02
  -3.8877627e-02
  -3.4904424e-01
   2.7566611e-01
  -1.6825819e-01
   2.3721611e-01
  -2.6260477e-01
   2.7915697e-01
  -4.5981060e-01
   1.5021653e-01
   1.7377999e-01
   1.4947482e-01
  -2.1744794e-01
   1.4771130e-01
   1.4211149e-01
   1.3759086e-01
  -4.5927479e-01
   1.4189950e-01
  -4.5371388e-01
   2.9094691e-01
  -1.0765148e-01
   1.3477553e-01
   3.4773049e-01
  -2.7516172e-01
   1.3351328e-01
   1.4605435e-03
  -3.0660932e-01
  -2.1143515e-01
  -7.3797552e-02
   1.9063702e-01
  -2.0252984e-03
   2.6909356e-01
   1.4348585e-01
   1.4859329e-01
   6.9597769e-02
  -1.9004916e-01
   1.1326379e-01
  -7.8398201e-02
   1.5971635e-01
   4.1434961e-02
   1.5682599e-01
  -1.0703244e-01
  -9.1081492e-03
  -2.1962272e-02
  -2.3248764e-02
  -2.9620965e-02
  -1.2575942e-02
   1.5865234e-01
   9.1662564e-03
   1.7358444e-01
   1.5514512e-02
   7.1750491e-03
   1.7213303e-02
   2.1402110e-01
  -2.9576153e-02
   1.0113019e-01
   1.4780782e-01
   1.2626937e-02
   1.3487713e-01
   2.2758751e-01
   2.1931114e-01
   1.0094070e-01
   2.1906455e-02
   1.9106249e-01
   9.9299222e-02
   1.1591406e-01
   4.2227163e-02
   1.9339737e-01
   7.2169877e-02
   1.6714133e-01
  -3.8618385e-03
   1.6552746e-01
  -6.5138236e-03
   1.6739934e-01
   5.2133059e-04
   5.5475047e-03
   1.6218677e-01
   9.1724259e-02
   2.3580895e-01
   1.2784471e-01
   3.5838348e-02
   5.2547966e-02
   2.3211990e-01
   2.3091658e-01
   1.4308266e-01
   2.5019401e-01
   1.4756731e-01
   3.1000299e-01
   2.2786652e-01
   9.9268957e-02
   1.2064132e-01
   2.5980780e-01
   1.8909566e-01
   2.8872073e-01
   1.4177109e-01
   3.1591406e-01
   1.7615129e-01
   2.2223785e-01
   9.5116034e-02
   1.6913905e-01
   2.1512875e-01
   1.3437098e-01
   1.9220473e-01
   8.7079203e-02
   2.2362071e-01
   7.6997362e-02
   2.0162471e-01
   1.0165290e-01
   1.0470708e-01
   1.2182908e-01
   1.9374865e-01
   1.2332461e-01
   1.8029752e-01
   1.5855526e-01
   1.3345909e-01
   1.5363111e-01
   1.9935149e-01
   1.7117403e-01
   9.7500410e-02
   6.7031235e-02
   9.2645531e-02
   4.4668095e-02
   7.5879503e-02
   8.5603034e-02
   7.6737511e-02
   4.3421067e-02
   1.1813013e-01
   2.3083769e-01
   2.2932938e-01
   2.0283088e-02
   1.2201223e-01
  -5.6484770e-02
   5.3772988e-02
   2.8904142e-01
   6.2146101e-02
  -1.5443529e-01
   6.6773729e-02
   3.5911947e-01
   7.4809971e-02
  -1.5654360e-02
   2.4556771e-02
   8.5593874e-02
   3.5632877e-03
   3.0840318e-02
   6.8493125e-02
   9.6323858e-02
   1.2257534e-01
   1.2453356e-01
   8.6209999e-04
  -8.3789318e-02
  -6.8125225e-02
  -3.9507747e-02
  -1.3731040e-01
  -4.5528404e-02
   5.0526614e-02
  -1.3083135e-01
   1.4545553e-01
   2.0213721e-01
   4.5549535e-02
   1.0365701e-01
   1.2958232e-01
   6.9264293e-02
  -1.1383722e-01
   1.4014693e-02
  -1.2600414e-01
   6.8992779e-02
  -2.0208841e-01
   3.7423115e-01
  -2.3561649e-01
   8.3056123e-02
   1.4916989e-01
  -1.4396149e-01
  -2.1138984e-01
  -1.1333035e-02
   3.6284210e-02
  -1.0109254e-01
  -2.4237827e-02
   5.5274234e-02
  -1.4323151e-01
  -4.3627490e-02
  -1.3988892e-01
   4.0619158e-02
  -1.3375847e-01
  -5.0676603e-02
  -2.6694176e-02
  -8.9458045e-02
  -9.5381243e-03
  -1.4041367e-01
  -1.6947795e-01
  -2.7718161e-01
  -2.2652481e-01
  -1.6417672e-01
  -2.1024211e-01
  -2.3871782e-02
  -1.3702205e-01
  -4.1666490e-01
  -4.2733080e-01
  -3.8902117e-01
   1.4452759e-01
  -3.9372363e-01
   1.1390170e-01
  -1.4745439e-01
   8.3823074e-02
  -2.1099563e-01
  -5.0109703e-02
  -2.5983333e-01
   1.2084098e-01
   1.8000588e-01
   1.0285456e-01
   2.4644664e-02
  -9.2322279e-02
  -1.3667623e-01
  -5.6506383e-02
   9.1621350e-03
  -5.7925987e-02
  -5.6200472e-02
   6.2163763e-03
  -5.0043069e-02
  -2.7596964e-02
  -2.8716057e-02
   3.1439962e-02
   8.9149834e-02
   6.0955998e-02
   9.5644100e-02
   9.8895793e-02
   1.0725707e-01
   3.1135281e-02
   1.2596110e-01
   1.4973727e-01
   1.5357396e-01
   1.5339808e-01
   1.6858239e-01
   9.4856292e-02
   1.8624178e-01
   1.1799863e-01
   1.6453578e-01
   1.2271247e-01
   1.8232660e-01
   1.0546962e-01
   1.7183899e-01
   2.5378300e-01
   1.2164469e-01
   1.3567113e-01
   1.4496159e-01
   3.5891512e-01
   7.9987432e-02
   4.6986119e-01
   4.8006786e-01
   5.4937619e-01
   7.9859160e-01
   2.6462568e-01
   3.0022285e-01
   7.7038163e-01
   8.7697348e-01
   9.0939668e-01
   7.9527360e-01
  -4.0116057e-02
   1.4062920e-01
   1.9542028e-01
   2.3766859e-01
   1.5192337e-01
   2.5498144e-01
   1.8618949e-01
   2.0832980e-01
   2.4203840e-01
   2.9433756e-01
   2.7849296e-01
   2.1806870e-01
   7.7621266e-02
  -1.1038419e-01
  -3.2798052e-01
   1.2831023e-02
   8.4228659e-02
  -2.6886625e-01
   4.1634724e-01
   3.4810814e-01
  -1.7281642e+00
  -1.4005017e+00
  -4.8140852e-02
   1.6789553e-01
  -1.3811176e-01
   1.2019789e-01
   1.4268758e-01
   2.2968601e-01
  -1.5127907e+00
   7.5263050e-01
  -1.0749524e+00
   1.1448735e+00
  -1.2043206e+00
  -2.8723092e-01
  -1.2444259e+00
  -4.0957131e-01
  -1.1415776e+00
   7.3397779e-01
  -1.2393515e+00
  -1.6070278e+00
  -9.4053594e-01
  -7.3156132e-01
  -1.0205099e+00
  -8.4786290e-01
  -8.0668717e-01
  -7.2627851e-01
  -6.8543205e-01
  -6.9003398e-01
  -6.5780547e-01
  -4.5264434e-01
  -1.1013317e+00
  -8.9499374e-01
  -6.9073296e-01
  -2.5605593e-01
  -4.0689964e-01
  -8.2067442e-01
  -6.7896605e-01
  -7.1516551e-01
  -8.2829755e-01
   9.5608894e-02
   1.9375868e-01
  -5.4251153e-01
  -1.6654395e-02
  -5.8441039e-01
   1.6833345e-01
   2.3594747e-01
  -4.8626437e-01
  -5.3473624e-01
  -7.2881739e-01
  -2.3837377e-01
   8.7832311e-01
   7.5304985e-02
  -7.5992639e-01
   1.2269122e-03
  -8.2410481e-01
  -6.2984823e-02
  -9.8885541e-02
  -7.9032134e-02
  -5.1219485e-01
  -3.0732040e-01
   4.5715998e-02
   4.7549817e-01
  -3.8814476e-01
   1.3180817e-01
  -1.0424666e-01
   3.5386645e-01
   7.4328037e-01
   3.2086572e-01
   6.3541285e-01
   1.3080564e-01
  -1.2219896e-02
   3.7722537e-02
   3.3880445e-01
  -2.2459276e-01
  -5.4551204e-01
  -3.2907648e-01
   5.7464266e-02
   1.3861638e+00
   4.7665270e-01
   9.1274680e-01
   6.1054035e-01
   7.3533029e-01
  -4.0266240e-02
   8.6438899e-01
   1.0718841e+00
   2.0247623e-01
   1.3911775e+00
   5.6966531e-01
   4.6424309e-01
   3.8989800e-01
   5.6814727e-01
   6.5372823e-01
   4.2954744e-01
   2.5109533e-01
   4.5022437e-01
   5.9192246e-01
   2.8919932e-01
  -8.1887357e-03
   9.6369686e-02
   1.1522122e-02
   3.0940852e-01
   1.2373332e-01
   1.7583393e-01
   2.5559239e-01
   1.6914688e-01
   3.9525524e-02
   9.5915528e-02
  -1.9124338e-02
  -1.8626138e-01
   3.4683543e-02
   5.6186812e-01
  -3.1218104e-01
   4.9504848e-01
  -4.4351907e-01
   2.6441205e-02
   6.6045465e-01
  -1.0308512e-01
   8.3028628e-02
  -2.5594218e-02
   5.5454581e-02
  -5.0019978e-02
   9.0213942e-02
  -6.4746778e-02
   4.9460830e-02
  -2.8906393e-01
  -1.0967440e-01
   1.7927152e-02
  -4.6307426e-03
   7.3146292e-03
   8.7255741e-02
   1.8572795e-01
   1.6313167e-01
   5.7011703e-02
   1.2353746e-01
  -5.5121494e-02
  -6.3805581e-02
  -1.3038682e-02
  -2.5022873e-02
  -9.7149324e-03
  -3.9419464e-02
  -6.5230018e-02
  -2.8122525e-02
  -8.3301552e-02
  -3.9555225e-01
  -2.9517476e-01
  -3.9408268e-01
  -5.5955140e-01
  -1.2834144e-01
  -1.6431980e-01
  -4.4427304e-01
  -5.5069235e-01
  -4.7886918e-01
  -5.9736535e-01
  -4.7734481e-01
   6.1598168e-01
   2.4383320e-01
  -3.9923102e-01
   6.7627646e-01
  -2.5533859e-01
   4.8782757e-01
   4.2389402e-02
   5.5938296e-01
   2.3441767e-01
   4.5050039e-01
   1.7089425e-01
   2.0146536e-01
   2.4850686e-01
   3.9069172e-02
   5.1484365e-01
   3.7415967e-01
   4.6565103e-01
   5.4417874e-01
   9.8437086e-02
  -2.4003868e-01
   1.8033473e-01
   4.2722384e-01
   3.2293982e-01
  -4.2713042e-01
  -6.3281153e-01
  -6.9815468e-01
  -5.3407278e-01
   3.1258250e-01
  -2.6463775e-01
  -6.8430041e-01
  -2.0009389e-01
  -4.0604492e-01
  -1.2003750e-01
  -1.1013145e-01
  -1.6374948e-01
  -3.1641885e-02
  -1.5511101e-01
  -5.6052131e-02
  -2.0768487e-01
  -2.0787502e-01
  -3.2356333e-01
  -6.1434404e-01
  -3.1513010e-01
  -1.3490846e-01
  -2.6231318e-01
  -5.8865723e-01
  -4.1749738e-01
   5.3178643e-01
  -6.0000641e-01
  -1.1109184e-01
  -4.5613105e-01
  -1.4032117e-01
  -6.6506073e-01
  -2.8898147e-01
  -2.8915556e-01
  -6.2494574e-01
  -5.3132528e-02
  -1.4191213e-01
  -2.9847895e-01
  -5.1409436e-02
  -2.5701083e-01
  -6.9677165e-02
  -7.7285576e-03
  -7.2084442e-02
  -1.8401464e-01
  -6.0688531e-02
  -2.5539789e-02
  -3.3153715e-02
  -8.7793320e-02
  -7.2999069e-03
  -3.1274421e-01
  -1.0010005e-01
  -4.5068019e-01
  -2.5165982e-01
  -2.4816128e-01
  -1.0708337e-01
  -8.6459797e-02
  -1.1193827e-02
   3.8020035e-03
  -2.3559270e-02
  -8.1197776e-03
  -1.6457863e-02
  -6.0282020e-03
  -5.5976543e-03
  -5.5171207e-03
  -5.1435920e-02
  -3.8688698e-02
  -5.2022443e-02
   1.0196343e-03
  -1.2472081e-02
  -4.2805373e-02
  -7.6978741e-02
  -1.9586051e-02
  -1.3884490e-03
  -2.8400834e-02
  -1.8728527e-02
  -1.1561874e-02
  -6.6157012e-02
   5.2346459e-02
  -2.6355238e-02
  -5.7762858e-03
   5.8898255e-03
  -2.3972640e-02
  -5.1582791e-02
  -8.4884962e-02
  -8.8827259e-03
  -4.4863106e-02
  -2.7497330e-02
  -6.3709373e-02
  -3.9644452e-02
  -7.4860495e-02
  -2.0668154e-02
  -6.7784410e-02
  -3.1784093e-02
  -6.2178174e-02
  -6.3387813e-02
  -6.5903583e-02
  -2.9033808e-02
  -3.2627391e-02
  -3.5411896e-02
  -8.4895643e-02
  -4.3419396e-02
  -1.4105139e-03
  -3.4727618e-02
  -9.6056715e-02
  -6.4607175e-02
   8.3363721e-03
   5.5382193e-03
  -8.6180898e-02
   1.6789826e-02
  -3.1416200e-02
   2.1528995e-02
  -3.3401860e-02
  -6.9154192e-03
  -1.5452662e-02
   5.1016660e-02
  -1.3128469e-02
   7.6589442e-02
   1.6010765e-03
   8.8331297e-02
   7.1618039e-02
  -1.1082128e-02
  -1.9846613e-03
   3.6940121e-02
  -8.4977649e-04
   4.8589634e-02
  -1.5056016e-02
   2.7482940e-02
  -4.9045714e-02
  -9.4698305e-04
   6.2927172e-02
   8.0508506e-03
   1.8915549e-02
   4.2656263e-02
   5.5448940e-02
   1.2484320e-01
   6.9072862e-02
   1.1850417e-02
   2.3213368e-02
   2.2265050e-02
   7.0488273e-03
   1.0045383e-01
   5.4147879e-03
  -8.6335761e-03
  -8.7339576e-03
  -6.4919322e-03
   2.6109866e-02
   2.8786754e-02
   2.4827508e-02
   6.9649021e-02
  -2.2093437e-01
   3.6970199e-02
   1.6740297e-01
   3.4679623e-02
   5.5816570e-02
   1.8156732e-01
  -3.9124847e-02
  -2.9305601e-01
   1.4368796e-01
   7.6392137e-02
   3.7506443e-02
   8.0246500e-02
   1.3753438e-01
  -1.3973770e-02
  -7.3241643e-03
  -6.2965355e-03
   2.5309084e-02
   2.1855591e-02
  -6.9042517e-03
  -3.7539653e-02
  -4.9689438e-02
   2.0094018e-02
  -2.6783023e-02
  -2.8748402e-02
   1.6068455e-02
  -1.5626658e-02
   5.9166830e-02
   2.4312410e-02
   9.7481109e-03
  -5.5695924e-02
   1.0370645e-02
   4.3538432e-02
   7.3272807e-02
   6.0295346e-02
  -7.1893710e-03
   4.7025011e-02
  -1.1985812e-01
   2.0722290e-01
   5.4618154e-02
   5.0829573e-02
   9.3276917e-02
   6.0631997e-02
  -2.3575838e-02
   1.0881126e-01
  -6.9565007e-03
  -8.0004776e-03
  -7.9309987e-03
   2.9760176e-01
  -1.7455685e-02
  -2.4397791e-02
  -4.7418037e-02
  -4.9711177e-02
   2.7491665e-02
   2.2297704e-02
  -4.8289039e-02
  -4.2558630e-02
  -4.0291873e-02
  -3.9143325e-02
  -2.5290895e-02
  -3.5128928e-02
   1.8134441e-03
   1.1343990e-01
  -2.7405380e-02
   7.7299239e-02
   1.2993108e-02
   7.7322213e-02
  -3.1841657e-02
   1.5837569e-03
  -3.1271106e-02
  -6.7650783e-03
  -1.7513950e-02
   3.6802698e-02
  -1.3738034e-02
   3.3971553e-02
   2.0283024e-03
  -7.0864675e-03
  -1.4627046e-02
  -2.7927827e-02
   3.2140341e-03
  -4.3146679e-02
  -5.5414493e-02
  -7.1135713e-02
   2.9390040e-02
  -1.9964101e-02
  -3.5025492e-03
  -4.7885476e-02
  -7.7487134e-03
   4.0238043e-03
  -3.8964973e-02
  -2.7218917e-02
   1.6577052e-02
   1.9950107e-02
  -3.1498952e-02
  -3.3538934e-02
   2.5362659e-03
  -2.4185285e-02
   4.0430079e-02
  -2.5037232e-02
  -1.4818259e-02
  -1.4776954e-02
  -4.4495248e-02
  -3.5139894e-02
  -3.1898101e-02
  -2.1383526e-04
  -3.3434338e-02
  -4.0087360e-02
  -1.8325715e-02
  -2.8993980e-02
  -6.0385337e-03
  -4.5063836e-03
  -4.9023334e-03
  -7.2594244e-02
  -1.1122679e-02
  -2.1918223e-02
  -2.9336893e-03
  -4.1837922e-02
   2.8426937e-02
  -5.0952282e-02
   1.6029412e-01
   1.2694963e-01
   7.5494041e-02
   7.0924028e-02
   7.9435156e-02
   1.8864197e-01
   1.2029812e-01
   1.0053055e-01
   9.4941606e-02
   1.1481188e-01
   1.8051979e-01
   1.7590822e-01
  -4.2078033e-02
  -3.7583960e-02
  -1.3950877e-02
  -2.2430260e-02
  -5.0613191e-03
  -1.0700944e-02
   1.3011040e-02
  -2.7374132e-02
   5.6105304e-03
   5.7396873e-03
  -5.8298790e-02
  -1.6812825e-01
   2.5918623e-01
  -2.8114354e-01
  -1.3463705e-01
   1.6137647e-01
   3.0373221e-01
   1.3679272e-01
   1.1256761e-01
   1.4650728e-01
   1.0101331e-01
   2.0446641e-01
   1.4549813e-01
   1.7137230e-01
   2.2826305e-01
   1.6393959e-01
   1.9774595e-01
   1.9115803e-01
   1.3474981e-01
   3.4202858e-01
  -2.5564563e-02
  -4.7146167e-02
  -7.6979902e-04
  -1.0646127e-02
   1.3030524e-02
   7.3978940e-03
   2.0788860e-02
   4.5269457e-04
   1.4352222e-03
  -2.1692235e-02
  -5.1695900e-03
   3.5810489e-02
  -8.0876384e-03
  -3.7403484e-02
  -4.3138789e-03
   2.5112046e-03
  -3.1729029e-02
  -2.1615769e-02
  -7.5378212e-04
   4.4248128e-03
   1.3816570e-02
   3.8288124e-02
   1.5467575e-02
  -2.2762027e-02
  -2.2428797e-02
  -3.8315317e-02
   3.4550083e-02
   2.7582384e-02
  -1.6850024e-02
   9.4819812e-04
   3.4836615e-03
  -1.2710197e-02
   4.4423982e-02
   6.0295639e-02
  -9.1858847e-03
  -1.7137026e-02
   3.5702404e-02
   7.9828143e-04
  -9.4076391e-02
   3.1046153e-02
   2.4198410e-02
  -7.2553377e-02
   8.0053495e-03
   5.0359745e-03
   6.8599589e-03
   2.6913927e-03
   2.1259852e-03
   9.9253455e-03
   5.9607403e-03
   6.4388245e-03
   8.1571065e-03
   4.4986170e-03
   4.5391278e-03
   3.2761074e-03
   4.2691910e-03
   2.2344039e-03
  -5.3350968e-02
   1.7371742e-04
  -1.3265346e-01
  -1.6745107e-01
  -1.3911450e-01
  -3.5421435e-02
  -6.9930933e-03
  -5.8803328e-02
  -1.0461880e-02
  -1.5469988e-02
  -7.7346290e-03
   2.4573800e-03
  -7.1218772e-02
  -6.4970641e-02
  -4.9322120e-02
  -7.5124107e-02
  -3.4457096e-02
  -7.6277659e-02
  -4.5578165e-02
  -2.6268882e-02
   1.0667954e-03
  -5.0709239e-02
   4.0963166e-03
   8.3718470e-03
  -8.4683507e-02
  -4.7063704e-02
   8.3209956e-03
  -4.9852325e-03
   6.0074412e-03
   3.7449456e-03
   1.2022268e-02
   4.8646654e-03
   1.3217062e-02
  -7.9689626e-03
   9.7318546e-04
   3.8999831e-03
  -6.9114703e-03
   6.7007194e-03
   1.8421935e-02
  -1.2767597e-04
  -2.0430536e-02
   1.1920117e-02
   8.6413264e-03
   8.0063725e-03
  -4.4515611e-02
  -7.8783477e-03
  -2.0848878e-02
  -6.1821396e-03
  -4.5517016e-02
  -1.1537973e-02
  -2.1077596e-02
  -1.3670998e-02
  -3.2493142e-01
  -4.5953425e-02
  -1.2757369e-01
  -8.0608438e-02
  -1.3457176e-02
  -2.8238778e-02
  -3.0692938e-01
  -3.4479794e-01
  -1.0608926e-02
   9.7887578e-03
  -2.1972931e-02
   1.3145298e-02
  -2.0031087e-02
   1.5231738e-02
   2.6007582e-01
   2.5964196e-02
   1.2231467e-01
   2.7942296e-02
   7.4503708e-02
   2.8428553e-02
   1.4873219e-02
   2.2309869e-02
   1.6105357e-02
  -1.3700063e-02
  -2.4845035e-02
   8.1714616e-03
   8.8407060e-03
   1.1676031e-02
   9.0858027e-03
   8.6020932e-03
   8.6412117e-03
   2.0360124e-02
   7.9010314e-03
   1.0567877e-02
   4.7453775e-03
   3.5968722e-02
   8.5092436e-03
   5.5224487e-02
   1.5130338e-02
   6.2261353e-02
   4.6743645e-02
   2.1478632e-02
   3.8030766e-02
   1.2186197e-02
   3.4389302e-02
   5.3632166e-03
   5.5022317e-02
   2.6837173e-02
   1.3760535e-01
   5.8801863e-02
   1.3444712e-01
   4.5868221e-03
   2.0299228e-02
   2.8514222e-01
   2.8235689e-01
   7.0614691e-03
   7.0230956e-03
   6.1461524e-03
   7.3934706e-03
   7.8727642e-03
   7.5206591e-03
   6.6940824e-03
   8.7744277e-03
   7.5490414e-03
   9.1534502e-03
   1.0419302e-02
   8.2693428e-03
   1.1601245e-02
   1.0464189e-02
   6.0829898e-03
   3.1983951e-03
   5.4259093e-03
   6.4789080e-03
   4.1226996e-03
   3.8888105e-03
   9.6400394e-04
   5.3322097e-03
   9.7445489e-03
   4.0694165e-02
  -1.3491548e-01
   1.9216412e-02
   1.1397472e-02
   8.1554504e-03
   3.3995819e-03
  -3.1898019e-02
   8.1280087e-02
  -2.4945442e-02
  -1.0486038e-01
   2.8064829e-02
   4.7249330e-02
   1.3825498e-02
   9.3795923e-03
  -8.4800705e-02
   3.3572143e-03
   5.1081340e-03
   4.7868871e-03
   1.8678397e-03
   4.0498276e-03
   8.2396322e-03
   4.4455296e-03
   8.2789088e-03
   4.5852247e-03
   1.0474495e-02
   1.0055493e-02
   1.0516674e-02
   2.3792725e-02
  -1.0365369e-01
  -7.4847317e-03
  -1.3610599e-01
  -1.2011683e-01
  -1.4568887e-01
  -1.0902671e-01
  -6.6651117e-02
  -1.3830552e-01
   1.0378887e-02
  -5.5303367e-02
   2.3235481e-02
   2.2248872e-02
   1.2906091e-02
  -4.2176423e-03
  -1.0064388e-01
   3.5720252e-02
   1.7198486e-02
   1.1334381e-02
  -1.9558723e-02
   9.3090268e-03
   1.4792640e-02
   1.0331334e-02
   2.0599886e-02
   7.4645734e-03
   1.3962794e-02
   6.5778869e-03
   1.0164537e-02
   7.3617046e-03
   6.6342902e-03
   1.0760972e-02
   1.0166069e-02
   1.8378732e-02
   1.6067679e-02
   8.9095809e-03
   7.8762663e-03
   1.4824783e-02
   1.0160193e-02
   1.7841721e-02
   1.5975263e-02
   1.7772223e-02
   5.1789142e-02
   3.4692635e-02
   3.1560247e-02
   6.5087835e-02
   4.7134377e-02
   4.1901832e-02
   2.7033631e-02
   1.4196169e-01
   5.4557255e-02
   1.6923498e-02
   2.7031818e-02
  -1.0841739e-02
   7.3203205e-02
   1.7302707e-02
   2.6804911e-02
   1.7815948e-02
   3.4411967e-02
   1.2432060e-02
   1.4742906e-02
   1.2122961e-02
   1.4424363e-02
   1.3137618e-02
   1.4383555e-02
   1.0918126e-02
   1.1705489e-02
   2.7855027e-02
   1.6755835e-02
   4.2206123e-02
   2.6338674e-02
   2.3525721e-02
   2.0625755e-02
   6.6846743e-02
   8.0569601e-02
   1.5533835e-01
   1.4845360e-01
   3.1756428e-01
   6.1766421e-02
   4.7325829e-02
   4.0345437e-02
   2.0604840e-02
   8.9951213e-02
   7.0267060e-02
   3.1970419e-01
   8.6429056e-02
   5.1279582e-02
  -1.8252633e-02
   3.8409918e-02
   1.3033180e-02
   4.4620663e-02
   4.1924889e-02
   1.6642732e-01
   4.0240092e-02
   3.8247255e-02
   2.5238675e-02
   2.3401324e-02
   2.0668124e-02
   1.7290510e-02
  -6.5660355e-02
   1.5130387e-02
   1.8077246e-02
   1.5700107e-02
   3.9286195e-02
   3.4501074e-02
   1.4342312e-02
   1.4398692e-02
   1.7648959e-02
   1.5453651e-02
   1.5184102e-02
   1.6246359e-02
   1.0827512e-02
  -9.6254433e-03
   1.6793196e-02
   1.6009719e-02
   1.4051493e-02
   1.3619922e-02
   1.9471998e-02
  -1.6268752e-02
   2.6095454e-02
  -1.7846441e-02
   1.5115840e-02
   1.4752596e-02
  -1.3154912e-02
   1.4427878e-02
  -3.3361964e-03
   7.3949466e-02
  -1.8521942e-02
  -5.6448597e-02
   5.7503674e-02
   1.4492398e-02
  -4.4662187e-02
  -3.7064779e-03
  -2.6112858e-02
  -4.9639176e-02
   2.3919305e-02
   1.9192139e-02
   1.4360890e-02
   4.3375259e-02
   5.5919548e-02
  -5.0380571e-02
  -2.3920008e-02
   3.4264213e-02
   1.2641560e-02
   1.1058905e-02
   1.3094147e-02
   1.1813804e-02
   1.3420298e-02
   1.1267969e-02
   1.6714560e-02
   1.3080540e-02
   1.3771257e-02
   1.2153450e-02
   1.1977379e-02
   1.3049431e-02
   1.0471196e-02
   1.1075604e-02
   9.0185183e-03
   1.2807858e-02
  -8.4109381e-02
  -2.3361381e-02
  -1.2701020e-01
  -9.6830663e-02
  -3.6078568e-02
  -5.1212992e-02
  -6.6260756e-02
  -4.6157283e-02
   2.9065076e-03
  -9.8531369e-03
   4.2804926e-03
  -9.8983477e-02
   3.0732026e-03
   5.7901852e-04
   3.4396027e-02
   5.2118792e-02
   8.3137005e-02
   4.5547796e-02
   2.8192477e-02
  -4.7025385e-02
   4.3429588e-02
  -2.4642168e-02
  -1.0266194e-02
  -3.3716705e-04
   5.5957449e-02
   7.0966542e-03
   5.5663757e-02
   9.5422121e-02
  -3.2995604e-02
  -6.3530687e-03
  -5.6431915e-02
  -4.9623721e-02
  -6.2306362e-02
  -5.9896988e-02
  -1.0412049e-01
  -1.0424194e-01
  -6.8749130e-02
  -3.8102785e-02
  -2.5416948e-02
  -1.2120446e-02
  -7.5697551e-02
  -9.9052599e-03
  -5.4916183e-02
  -5.9026874e-02
  -1.1194612e-02
  -3.3224702e-02
  -4.7868303e-02
  -2.7785509e-02
  -6.5632043e-02
  -3.9175175e-02
  -6.5784876e-02
  -2.4270968e-02
   1.6272139e-02
   4.4496759e-02
  -3.5064173e-02
  -2.5595579e-03
   5.1621539e-02
   3.2517672e-02
  -3.7643141e-02
  -4.0046835e-03
   6.2670981e-02
   3.3519114e-02
   5.9146759e-02
   6.2679918e-02
   4.0175796e-02
   3.5028035e-02
  -4.7653256e-02
   8.2420234e-03
  -1.7257418e-01
  -7.2906379e-02
  -6.7470398e-02
  -1.8900526e-02
  -5.9519221e-02
  -3.6700755e-02
  -5.6945632e-02
  -2.4141129e-02
  -5.7958860e-02
  -1.7394505e-02
  -5.7653625e-02
  -1.5773075e-02
  -8.7513501e-02
  -1.9343754e-01
   6.0368261e-02
  -4.9984780e-02
  -9.1554808e-02
  -1.9369575e-01
  -1.2527804e-01
  -9.5369740e-03
  -6.6768511e-02
  -1.7162618e-01
  -2.3946807e-01
  -2.5858627e-01
   7.8258240e-02
  -1.3765006e-02
  -3.1949486e-02
  -1.5529915e-01
  -1.8803889e-01
  -2.3447777e-01
   4.2506918e-02
  -1.6082896e-01
  -1.6442956e-01
  -6.5434181e-02
  -1.1398193e-01
   3.0627302e-03
   3.1950555e-03
   4.6456978e-02
   1.9608683e-02
   2.3915424e-02
  -9.0658329e-03
  -2.9029002e-02
   5.5125672e-03
  -2.5869063e-01
   2.7046924e-02
   2.6291630e-02
   1.3241141e-02
   3.2398558e-02
  -2.1862214e-02
   1.4666639e-01
  -2.8823537e-03
  -6.3852046e-02
  -1.4060245e-01
  -3.7270808e-01
  -1.8410497e-01
  -3.4932641e-01
  -5.2161770e-02
  -1.3459412e-01
   2.1863571e-02
  -6.4114407e-02
   1.4143838e-02
  -1.8598492e-01
  -2.1098361e-01
   6.2572042e-02
  -2.7139691e-01
   4.7979146e-02
  -1.5299961e-01
  -7.3833770e-02
   5.6698760e-03
   1.0598746e-02
   3.2586636e-02
   3.5983618e-03
   9.4296932e-03
   3.2183434e-02
   3.5235387e-02
   4.3387461e-02
   3.3887355e-02
   4.2142396e-02
   3.4131252e-02
   3.6949602e-02
   1.4604046e-02
   2.3943833e-02
   4.1345585e-02
   3.6177860e-02
   4.8319447e-02
   4.4833857e-02
   4.0854403e-02
  -8.0659628e-03
   2.8632569e-02
   6.7956924e-03
  -4.7857971e-03
  -4.0114088e-04
  -1.7300646e-02
  -4.4146210e-02
  -1.6794250e-02
  -9.4499224e-02
  -1.4866908e-01
  -1.2614206e-01
  -1.1804461e-01
  -1.4194296e-01
  -1.8787048e-02
  -2.8351607e-02
  -8.6502027e-03
  -2.2955647e-03
  -5.8828473e-03
  -3.5192651e-04
  -1.2502626e-02
   4.2321502e-02
   6.3209509e-03
  -3.1963557e-03
   3.8532453e-02
  -7.1295902e-03
   4.3693237e-02
   6.4862552e-02
  -8.9111884e-03
  -3.8047265e-03
   1.0083142e-02
   1.3714393e-02
   3.7425752e-02
  -1.4023690e-02
   6.0734062e-02
   1.2856645e-02
   7.8750002e-02
  -2.3704217e-02
   5.8429289e-02
   4.8004901e-02
   1.2307332e-02
  -4.5287806e-02
   1.3700762e-02
   5.1475234e-02
  -4.9182053e-03
   2.2362456e-02
  -1.1185711e-02
  -9.5552995e-03
  -1.8237785e-02
  -1.2796036e-02
  -1.1204780e-02
  -1.4294348e-02
   1.0911664e-02
  -1.1743947e-02
   3.8312318e-02
   5.8410487e-03
   1.4255348e-02
   1.4843714e-02
   1.9871639e-02
   2.6112231e-02
   2.0920048e-02
   2.4910751e-02
   2.5649289e-02
   2.2355305e-02
   3.3499788e-02
   3.1192880e-02
   2.0302094e-02
   1.6045206e-02
  -1.4969673e-02
  -4.5348503e-03
   1.1582543e-01
  -3.6090444e-02
   1.2382644e-01
   5.6713452e-03
   1.5192796e-01
   7.5948119e-02
   1.3176207e-01
  -6.9645471e-02
   2.5757843e-01
   2.4931359e-01
   2.5985067e-01
   2.6195819e-01
  -2.3246498e-02
  -3.7793335e-02
   1.3505327e-01
   1.5805800e-01
   1.6240678e-01
   2.5824409e-01
  -2.2846791e-01
   2.2295803e-01
  -1.2905945e-01
   6.5306795e-02
  -1.7501187e-01
  -1.4323998e-01
  -1.0170298e-01
   1.2538817e-02
   4.4398406e-02
   1.4338700e-02
  -2.7031522e-02
  -1.2769351e-01
  -1.9511908e-02
   1.7370352e-02
  -2.1760100e-02
   1.7309057e-02
   4.2120967e-02
   1.1168790e-02
   2.0875240e-02
   1.6774348e-02
   1.3229748e-01
  -3.1666542e-01
   2.4970205e-01
   1.8760266e-02
   1.0985222e-01
  -3.1594884e-01
  -1.3908007e-01
  -6.3947453e-03
  -5.9715288e-02
  -2.2532629e-01
  -1.5121821e-01
  -3.2201708e-01
  -1.9638703e-01
  -1.1911569e-01
  -3.1073223e-01
  -3.8169483e-01
  -2.9627909e-02
  -5.9398567e-02
  -3.1519388e-01
  -3.4499943e-01
  -2.5140705e-02
   1.0351725e-02
   1.3240593e-02
   1.4786348e-02
   1.4281682e-02
  -5.4423238e-02
   1.2462668e-02
   8.5556361e-03
  -4.2851301e-02
  -7.5314543e-03
   1.1729482e-02
  -1.4387829e-02
  -1.4714755e-02
  -3.7193200e-02
   6.8839342e-03
  -4.6532026e-02
   1.9114656e-03
   8.9859930e-04
   4.9894352e-03
  -3.9366155e-03
   6.0338266e-03
   2.7223570e-03
   1.0690762e-02
   1.7981936e-03
   1.7995246e-02
   1.1899513e-02
   3.7029846e-04
  -1.1765594e-02
  -4.5871415e-02
   2.2832176e-02
  -6.4845496e-02
  -2.0093896e-02
  -5.6023468e-01
  -6.0247731e-02
  -1.1043657e-02
   3.2506295e-02
  -3.3830529e-02
  -2.7772972e-02
  -3.9112135e-01
  -8.0091196e-03
  -1.3125899e-02
  -3.0774125e-02
  -3.3028974e-03
  -9.7122281e-03
  -4.3002966e-01
  -5.0443964e-01
  -5.9918536e-03
  -5.9889026e-03
  -1.5006302e-03
  -1.0367284e-02
  -4.1867689e-03
  -1.0288674e-02
   3.5458962e-02
   5.3299160e-02
   1.1512865e-02
   3.7166285e-02
   1.0253287e-02
   4.4487383e-03
  -6.9486433e-03
  -1.4564560e-02
  -2.1290894e-03
  -3.0612403e-03
   1.1818834e-02
   1.3856909e-02
   8.1994268e-04
  -3.1876969e-03
  -1.9941017e-02
  -7.5373097e-03
  -8.2413289e-02
  -1.2612868e-01
  -5.6062176e-03
  -1.8028197e-02
   4.0292869e-01
  -4.4850729e-01
  -3.0387245e-01
   2.3423844e-01
   9.0619423e-02
  -4.5372801e-01
  -4.2094888e-01
  -2.9040665e-01
   2.7564160e-01
  -4.7467640e-01
  -9.2354387e-02
  -9.3463015e-02
   2.0082755e-02
   4.4881371e-01
  -5.8619245e-01
  -6.2860529e-02
   2.7097537e-02
   4.0800987e-02
  -2.0279214e-02
   8.9551752e-03
   2.4348073e-03
  -1.3102643e-03
  -5.0682692e-03
  -3.5569609e-02
  -1.6510480e-02
  -2.4740129e-02
  -4.0598068e-01
  -3.1252325e-01
  -4.5423715e-01
  -1.4369503e-01
  -1.8694689e-02
  -3.9585434e-02
  -2.8076307e-02
  -3.9415146e-02
   4.4796222e-02
   7.3255307e-02
   6.1790900e-02
   7.2566132e-02
   4.0296128e-02
   3.4906820e-02
  -3.9701552e-02
  -3.3536812e-02
   1.4271474e-02
  -2.7683627e-02
   8.7935956e-02
   3.9047243e-02
   7.3203786e-02
   6.1894085e-02
   2.0592822e-02
   5.3237750e-02
   4.8365593e-02
   5.8127860e-02
   4.4994859e-02
   7.6950104e-02
  -3.4624831e-02
  -5.2307901e-02
  -3.5902069e-02
  -4.0220788e-02
   5.1695456e-03
  -3.1220379e-03
  -4.3144862e-03
  -1.3472088e-02
   7.7473475e-02
   1.4167499e-02
   1.0480051e-01
   8.4775294e-02
   1.3228032e-01
   7.0480233e-02
   1.1882597e-01
   9.2355616e-02
   1.1113801e-01
   5.7493712e-02
   7.9358182e-02
   7.8599035e-02
   1.0029483e-01
  -3.5165945e-02
   9.9547278e-02
  -5.8487687e-02
   1.0485658e-01
   1.1626896e-01
  -3.9190972e-02
   6.7669372e-02
  -9.5752326e-02
  -8.0915997e-02
  -2.3539819e-03
  -3.5387927e-02
  -2.3042845e-02
  -4.3883365e-02
   1.5991432e-02
  -4.9114323e-01
  -2.0131505e-01
   2.7901054e-02
   6.6486961e-02
   1.9768676e-02
   1.7260798e-02
   7.8857516e-03
   1.1242036e-02
   4.4899985e-02
   2.0452553e-02
   3.3985531e-02
   3.9532323e-03
   2.7578560e-03
  -6.2408539e-01
  -2.5917933e-01
  -6.0105812e-01
  -2.3725779e-01
  -6.2433643e-01
  -1.2193192e-01
  -4.3250368e-01
  -3.8560401e-01
  -4.0083775e-01
   1.5830853e-01
  -2.0502163e-01
   6.9147809e-02
  -5.9562915e-01
  -1.9522238e-01
  -1.7116981e-01
   3.8292703e-02
  -2.7347943e-01
  -1.3549345e-01
  -1.0898998e-01
  -5.0718837e-02
  -1.0768701e-01
  -6.0357637e-02
  -4.7264854e-01
  -1.8980221e-01
  -1.9629780e-01
  -1.4031128e-01
  -7.2622091e-02
  -1.9623876e-02
  -3.9831789e-02
  -1.9922178e-01
   4.7893637e-02
   8.4311250e-02
   2.3689052e-02
   3.0562598e-02
   3.0823714e-02
   2.2124086e-01
  -6.6525527e-02
   8.2231859e-02
  -9.3966371e-02
  -1.1718603e-01
   1.0345903e-02
   1.4858083e-02
   8.6433179e-03
   1.0248050e-02
  -1.3013028e-02
  -4.4061020e-04
  -1.0812118e-01
  -2.0640970e-02
   1.0716532e-01
   7.7307644e-02
  -6.4512356e-02
  -9.3998986e-02
   9.1346856e-02
   3.3846863e-02
  -2.1104770e-01
   1.0229904e-01
  -1.6913206e-01
   3.6697785e-02
  -1.8992504e-01
  -1.6066822e-01
  -1.8346464e-01
   1.7696834e-03
  -1.2152914e-01
  -7.3810569e-02
  -1.1302460e-01
  -2.8290899e-02
  -5.8354658e-02
  -2.7344737e-03
   3.4104890e-04
   5.1045794e-03
  -1.1227712e-02
   7.6053095e-03
   3.1147767e-03
   7.2981916e-03
  -7.5982610e-03
   5.4024703e-03
  -6.3326470e-02
  -2.5692463e-02
  -8.3573682e-02
  -8.9766781e-02
  -1.3235270e-01
  -1.1400689e-01
  -2.1040067e-01
  -2.7424579e-02
  -5.0393972e-02
  -1.6220060e-01
  -1.0953024e-01
   1.0006247e-02
  -1.4178234e-02
  -1.2355808e-01
  -1.9654987e-02
  -1.8393967e-01
  -1.2713733e-01
  -1.5012925e-01
  -4.8730046e-02
  -1.8966440e-02
  -1.0895742e-02
  -6.6493559e-02
   6.0671115e-03
   1.5280572e-02
   4.5819309e-03
   8.1924944e-03
   6.0233141e-02
   1.4591899e-01
   2.3542619e-02
   1.8235329e-02
   1.4983063e-01
   1.0328616e-01
   6.6547254e-03
   1.0688004e-02
   9.7090846e-03
   1.2263207e-02
   6.5510333e-03
   5.8384789e-03
   1.5061909e-02
   1.8089318e-02
  -3.5079720e-02
  -1.3938296e-01
  -6.2313599e-02
  -2.1226133e-02
  -4.3559142e-02
  -8.3985517e-02
  -1.9336786e-02
  -3.0076241e-02
  -1.0108858e-02
  -2.0926481e-02
  -1.0867604e-02
  -1.8937624e-02
  -9.9089997e-03
  -1.6448453e-02
  -1.1116847e-02
  -1.8347965e-02
  -1.0209517e-02
  -7.8240677e-03
  -7.7022486e-03
  -9.4119763e-03
  -7.5775668e-03
  -1.0955877e-02
  -1.1261527e-02
   4.8679739e-02
   2.1557891e-02
  -2.3217043e-02
   2.9076305e-03
   2.4202548e-03
  -1.3442905e-04
  -1.5968772e-03
   5.9509509e-03
   2.8832764e-03
   1.2429327e-03
   7.6749979e-04
   1.3124176e-02
   1.0923851e-03
  -3.8663677e-02
   1.1087238e-02
  -2.1828993e-02
  -2.8808295e-02
  -1.2315676e-02
  -7.0345835e-03
  -1.1686575e-02
  -1.3888101e-02
  -1.0552700e-02
  -5.8629026e-03
   4.7670318e-02
  -2.7718623e-02
  -4.2066208e-02
  -1.1296217e-02
  -1.0283385e-02
  -4.8298230e-03
  -9.9242919e-03
  -1.3702998e-02
  -2.2336279e-02
  -8.9876993e-03
  -3.9299666e-03
  -5.2366405e-03
  -2.8460036e-03
   2.2616143e-03
  -4.7980989e-04
   5.3521878e-03
  -5.7182679e-03
  -1.3282368e-03
   2.1097840e-03
   5.9642892e-03
   5.3715189e-03
   1.2720319e-02
   3.4462858e-03
   3.4522832e-03
   3.6734663e-02
   1.3768582e-02
   1.0495598e-03
   2.3969008e-04
  -4.1170293e-02
  -3.8015104e-03
   1.5019840e-02
   2.8421054e-02
  -1.7428139e-02
  -3.0692916e-03
  -1.0833458e-01
  -1.2167360e-02
  -1.7692510e-02
  -8.6312695e-03
   5.4150579e-02
   4.0546489e-03
  -3.1492066e-03
   1.1421837e-01
   9.5007822e-04
   1.3678268e-02
  -1.9770256e-01
  -1.2891113e-01
   1.1929944e-02
   1.2401376e-02
  -3.7713123e-01
  -2.8179911e-01
   9.7373350e-03
   1.1772576e-02
  -1.0522830e-01
  -2.9335569e-01
  -1.1584517e-02
  -1.9517981e-01
   2.3151205e-03
  -6.8311947e-02
  -3.9313228e-02
  -1.8707618e-01
   1.1548269e-02
  -3.3921546e-02
   1.0321845e-02
   9.7931327e-03
   3.5410777e-02
   4.6015940e-02
  -2.5099796e-02
   1.5140472e-02
  -1.4471903e-02
  -2.1467042e-02
  -6.3114060e-03
  -7.5558735e-03
  -3.8959278e-03
  -5.4926816e-03
   8.9288933e-03
   9.8357950e-03
   3.4710826e-03
  -4.3152732e-02
  -1.0939441e-02
   4.5391344e-03
  -2.4285201e-03
  -4.5054382e-04
  -1.7286313e-02
   1.0486775e-02
  -3.1874635e-02
  -1.8059461e-01
   6.6174351e-03
   7.1427522e-03
   1.3956341e-02
   3.3761779e-02
   2.0301290e-02
   1.6438483e-02
   3.5614479e-02
   8.2183103e-02
  -2.0943742e-03
   5.8572731e-02
  -5.3058190e-03
  -9.0157359e-02
  -1.6227237e-03
  -4.7772483e-02
  -3.4674444e-03
  -9.9603853e-03
   2.2572880e-02
   1.7086477e-02
   2.7160141e-03
  -1.0874636e-03
   7.5162523e-03
   2.5820301e-02
   2.1603239e-02
   1.6596111e-02
   1.0263175e-02
   1.1349588e-02
   9.5616493e-03
   9.5125462e-03
   1.5812227e-02
   1.7501100e-02
  -1.1718536e-02
   1.4809994e-02
   1.9597908e-02
   2.1063404e-02
   1.9290176e-02
   1.8152326e-02
  -3.5926367e-02
   1.9761282e-02
   2.2043020e-02
   2.4382663e-02
   3.5531858e-02
   3.6217039e-02
  -2.7492237e-02
  -1.4686774e-02
   2.7804885e-02
  -6.6082768e-02
   6.7859662e-03
  -2.9361051e-03
   6.6288570e-03
   1.5794246e-03
  -4.7050017e-02
  -1.4043620e-03
   7.5096384e-02
   3.4496989e-02
  -4.9392505e-03
   1.5460629e-03
   4.4982515e-02
   5.3953863e-02
   5.4465071e-02
  -8.1752627e-03
   5.1649409e-03
  -7.4156752e-04
  -2.4560186e-02
  -1.2114601e-02
   8.2652650e-03
   3.4579131e-03
   1.4152162e-02
   1.4795488e-02
  -3.0779740e-02
  -8.7310188e-03
   7.2906844e-03
   3.4041327e-03
  -2.2867675e-02
  -6.5629016e-02
  -1.1624244e-02
  -1.1060862e-02
  -2.0518040e-02
  -1.0743244e-02
  -7.2654704e-03
  -8.5790231e-03
  -7.6153459e-03
  -9.5719001e-03
  -9.6556419e-03
  -8.5926477e-03
  -1.1192902e-02
  -1.0612074e-02
  -7.3116798e-03
  -8.8690076e-03
  -1.1452691e-02
  -9.5359938e-03
  -7.7915673e-03
  -1.1929502e-02
  -3.5003739e-02
  -3.9445729e-02
   4.1543414e-03
   3.0164911e-03
   4.3298668e-03
   2.7405612e-03
   1.2199544e-02
   7.0035961e-03
   1.8440750e-03
   8.5923610e-04
   3.7317268e-03
   2.0164547e-03
   1.3773549e-02
   1.4197372e-02
   3.2019160e-03
   7.5914214e-04
   4.7863808e-02
   2.1112728e-03
  -3.3106559e-02
   4.7561268e-03
  -2.0568827e-02
  -2.3677889e-02
  -9.0765799e-03
  -1.0242604e-02
  -1.0603409e-02
  -2.5055735e-02
  -1.5519242e-02
  -6.1047746e-02
  -1.4648244e-02
  -1.5628153e-01
  -9.6753297e-03
  -1.1797677e-02
  -1.2112380e-02
  -2.6138236e-02
  -3.5690987e-02
   3.5527780e-02
  -1.3273878e-01
   2.5348106e-02
   1.7695645e-02
   9.0409285e-03
   1.6588481e-02
   1.0303316e-02
   1.4292951e-02
   5.0523867e-03
   2.5961782e-02
   1.6971523e-02
   1.3248030e-03
  -3.5886069e-03
   1.1108976e-02
   1.2267427e-02
   8.5787598e-03
   1.0690457e-02
   7.0618103e-03
   9.6243169e-03
   5.5435652e-03
   6.9554926e-03
  -1.8902563e-02
  -1.8496412e-02
  -7.0952892e-02
  -1.0750410e-01
  -8.3192199e-02
  -5.5926187e-02
   4.0021452e-03
  -4.6181286e-03
  -6.2631616e-02
  -9.3778457e-02
   7.1424385e-03
   1.0205098e-02
   5.8306087e-03
   3.7837628e-02
   2.5088355e-03
  -3.8772821e-03
   7.1849584e-03
   6.3352926e-03
   6.4431173e-03
   6.3212656e-03
   6.5658766e-03
   7.1796898e-03
   7.6368426e-03
   8.1533301e-03
   9.3980337e-03
   8.6674423e-03
   1.1366603e-02
   1.1108021e-02
   8.4738729e-03
   7.5236329e-03
   6.9463188e-03
   7.9309984e-03
   1.6250600e-02
  -6.6335329e-03
  -9.0205893e-03
  -5.9225231e-03
   2.2681471e-02
   1.6405378e-02
   1.9146365e-02
   1.1454815e-02
   4.1631534e-03
   1.1103439e-02
   4.3161138e-03
   5.9171655e-02
  -1.9800919e-02
   1.1826918e-02
   8.8492180e-03
   7.9009241e-03
   8.6605495e-03
   8.1600677e-03
   1.1444676e-02
   9.8855480e-03
   1.0455800e-02
   8.0877027e-03
   1.5512851e-02
   1.5952778e-02
  -1.9072010e-02
   3.1270896e-02
   1.2809554e-02
   1.1043538e-02
   1.3788759e-02
   1.3670826e-02
   2.5444065e-02
   4.9302712e-02
   1.1181655e-01
   1.0808280e-01
   1.2671720e-02
   1.1501986e-02
  -2.5750092e-02
  -3.6161168e-02
  -1.1144322e-02
  -9.3178863e-02
  -1.5221722e-02
  -1.8209098e-02
   9.4789149e-02
  -7.1160842e-02
   4.8519284e-02
   8.7035576e-02
  -4.4834484e-02
  -1.0769301e-02
  -1.7211205e-02
  -1.0579646e-02
  -1.3073299e-02
  -1.4805535e-02
  -5.9754246e-02
  -3.7373711e-02
   1.2974818e-01
  -1.0242961e-02
   6.5911326e-02
   3.8475421e-02
  -2.1482304e-02
  -1.5818098e-02
   1.4607361e-01
   7.8027375e-02
  -1.2805961e-02
  -1.2203767e-02
   5.9606054e-02
   8.1299746e-02
   2.1342251e-02
  -3.5186802e-02
   1.5406617e-02
   2.3742338e-02
   1.3500984e-02
   1.9136182e-02
   1.2150060e-02
   2.0064307e-02
   1.1341433e-02
   9.8127233e-03
   8.2354925e-03
   1.6267110e-02
   1.2040772e-02
   1.0732499e-02
   1.1699477e-02
  -2.4435304e-02
   8.9521956e-03
   8.6041941e-03
   2.8044405e-02
   1.8771910e-02
   7.7014895e-03
   1.1533757e-02
   1.7282120e-02
   1.3385291e-02
   4.1986324e-02
  -1.2131001e-02
  -1.1990041e-02
  -2.1382527e-02
   2.5628167e-02
   1.2895448e-02
  -1.5372341e-02
  -2.9393036e-02
  -1.9023297e-02
   4.5605736e-02
  -3.9886709e-02
   3.3885752e-02
   6.7044520e-02
   2.0448108e-02
   1.3047293e-02
   1.4091770e-02
   1.1593211e-02
   1.0442495e-02
   7.6250537e-02
   4.0240617e-02
   3.8341845e-02
   2.0451435e-02
   7.9444797e-02
   7.4517643e-02
   3.8821004e-02
   4.2450415e-02
   2.1304777e-02
   8.4221163e-02
  -1.5886991e-02
  -1.3299780e-02
  -1.2137369e-02
  -1.7971329e-02
   7.4931800e-02
   3.8640370e-02
   7.7879060e-02
   3.9294899e-02
   8.3115639e-02
   8.8229014e-02
   9.2692200e-02
   4.2723459e-02
   4.9766647e-02
   1.0213456e-01
   5.6186708e-02
   8.5352443e-02
   4.4328209e-02
   2.3281920e-02
   4.6478188e-02
  -8.5096462e-02
  -3.8016440e-02
  -8.1361718e-02
  -2.9429160e-02
  -3.2153498e-02
  -2.1056064e-02
  -1.7128643e-02
  -1.5511092e-02
  -6.4891460e-02
  -4.0653575e-02
   1.3293091e-01
  -2.7090659e-02
  -2.3413582e-02
  -1.2514279e-03
   5.1154619e-02
   2.8682005e-02
   3.2452224e-02
   3.7161616e-02
   3.9191115e-02
   7.1667767e-02
   7.7203398e-02
   1.3034015e-02
   1.3252943e-02
   3.4793511e-02
   6.5976944e-02
   5.5222394e-02
   6.9108547e-03
   5.0882400e-02
   1.4438979e-02
   5.7959385e-02
  -3.5888857e-02
  -2.0552076e-02
  -1.4336470e-02
  -1.3776327e-02
   1.6507419e-02
  -3.8330325e-02
  -1.0829615e-02
  -3.6350920e-02
  -1.0381516e-02
   5.2524596e-02
  -2.2893407e-02
   7.7475951e-03
  -2.1784319e-02
  -1.1235493e-02
  -9.8694050e-03
  -7.9745789e-03
   8.1772850e-03
   1.6631031e-02
   9.7097189e-03
   2.9226752e-02
   7.1598639e-03
   1.2920518e-02
   1.4247463e-02
   4.4769092e-02
   1.3501380e-02
   9.5019498e-03
   1.3000135e-02
   1.5115564e-02
   5.9002785e-03
   1.3386248e-02
   1.4709919e-02
   1.6496866e-02
   1.1694201e-02
   8.2335557e-02
   7.8660267e-02
   4.0288201e-02
  -3.3113824e-03
   1.1058233e-02
   3.1606100e-02
   1.2123975e-01
   3.5768652e-02
   7.0803818e-02
   2.5614685e-02
   4.5324263e-02
   6.1469799e-02
   3.4304230e-02
   1.9442819e-02
   2.8808712e-02
   1.9585568e-02
   3.2952043e-02
   2.2898512e-02
   2.8185016e-02
   2.2771150e-02
   3.0626580e-02
   4.6336245e-02
   5.7935801e-02
   3.2341995e-02
   4.6874359e-02
   3.1900111e-02
   2.2764570e-01
   4.7951769e-02
   2.3139051e-01
   5.8822271e-02
   1.1592726e-01
   5.7914625e-02
   4.6710997e-02
   5.7746148e-02
   2.2858011e-01
   5.8338064e-02
   4.8345709e-02
  -1.8734070e-02
   8.4582324e-02
  -1.3015662e-02
   2.9103781e-03
   8.6047870e-02
   3.8624142e-02
   5.8436126e-02
   1.9076313e-02
   2.3532896e-01
   6.0991737e-02
   5.6022992e-02
   2.3341031e-01
   1.1930738e-01
   2.3668654e-01
   1.2616857e-01
   2.4868051e-01
   5.5733737e-02
   2.4421531e-01
   1.2341684e-01
   6.0216300e-02
   6.6159475e-02
   6.1584972e-02
   7.6730840e-02
   2.6096191e-01
   6.0590153e-02
   2.5397815e-01
   7.1342179e-02
   5.0010703e-02
  -3.2034108e-03
   5.4988086e-02
   2.2431268e-02
   2.3098796e-01
   3.0046799e-01
   2.3112326e-01
   2.7217071e-01
   5.4263958e-02
   1.3057621e-01
   1.2421132e-01
   6.8706328e-02
   7.3418333e-02
   1.5649316e-01
   1.5089419e-01
   2.7453363e-02
   1.3533564e-01
   3.5518338e-02
   7.5628725e-02
   3.2544206e-02
   6.4282823e-02
   1.9820894e-02
   1.1763204e-01
   5.5523399e-02
   5.6136707e-02
   1.5981021e-03
   1.6115566e-02
   1.1111836e-02
   7.7350485e-02
   8.4230503e-02
   2.6258475e-02
   1.5051061e-02
  -5.1003426e-02
   1.0518913e-02
  -2.4941588e-02
   2.5828317e-02
   6.6380180e-02
   1.4562904e-01
   2.6827230e-02
   1.4074887e-01
   3.3098116e-02
   2.5532163e-02
   4.3596710e-03
   1.6105045e-02
   3.3758693e-02
   9.8062932e-03
   2.6288705e-02
  -2.2500084e-02
  -1.1371079e-01
   9.5506552e-03
  -1.0025410e-01
  -2.3431800e-02
  -1.8846725e-02
  -1.5652170e-02
  -3.2126964e-02
  -1.0333889e-02
  -2.0370455e-04
   5.6812807e-02
  -2.2822294e-02
   1.0511962e-01
  -1.3313159e-03
  -1.4426439e-02
   1.3275060e-02
  -1.1166967e-02
  -1.3974085e-02
  -2.0218564e-02
  -8.6221143e-02
   5.4211665e-04
  -8.1645818e-03
   1.9173966e-01
   1.5716745e-01
   6.9953492e-02
   1.2948105e-01
   4.3797028e-02
   5.2788991e-02
  -8.2162443e-02
   9.3192383e-02
   3.7873697e-02
   6.3590678e-02
   3.4650023e-02
   4.8982364e-02
   3.4483096e-02
   5.0679262e-02
   8.0480818e-02
   7.0162766e-02
   4.3352468e-02
   1.1859911e-01
   3.9304721e-02
   2.9419479e-02
   3.6599495e-02
   2.6695974e-02
   1.2959427e-01
  -4.6100503e-02
   7.3750326e-03
  -9.1989101e-02
  -4.0959589e-02
  -1.9768537e-02
  -1.5064383e-02
  -1.8432715e-02
  -2.5647222e-02
  -2.6544208e-02
  -3.9857739e-02
  -2.0858221e-02
  -1.1623773e-01
  -6.1880092e-02
   5.5468528e-02
   1.4032955e-01
   4.5708944e-02
   4.6487206e-02
   2.2294107e-02
   2.1993658e-02
   3.4722116e-02
   3.1964938e-02
   2.4161307e-02
   2.6503943e-02
   6.6969545e-02
  -9.4709832e-02
   1.2235653e-03
   1.9830341e-02
   1.5152547e-02
   2.3315793e-02
   1.0555197e-02
  -1.2355721e-01
   5.1361574e-02
   3.9758807e-02
  -5.2211707e-02
   7.1292418e-03
  -5.3672570e-02
   3.5590016e-03
   2.1770912e-01
  -7.6868890e-02
  -8.0289617e-02
  -5.4316544e-02
  -5.4468056e-02
  -4.2726722e-02
  -6.0461485e-02
  -4.5705716e-02
  -3.7138760e-02
  -5.7534482e-02
  -4.4539185e-02
  -6.1094942e-02
  -4.8476793e-02
  -6.9585100e-02
  -9.2576407e-02
  -1.3211995e-01
  -4.1210372e-02
  -7.1073088e-03
   1.1090293e-02
  -5.1432543e-02
  -8.9332666e-02
  -5.7589345e-02
  -5.9973685e-02
  -8.1947310e-02
   4.2484830e-02
  -4.4805295e-02
  -5.9410597e-02
  -1.0093715e-02
   8.5959502e-04
  -1.2151366e-02
  -2.6812318e-02
  -5.2328738e-02
  -8.9010467e-02
  -2.6563108e-02
  -1.0466646e-01
  -2.4360626e-02
  -1.4437715e-01
  -1.1654905e-01
  -4.3562046e-02
  -3.9398350e-02
  -5.6004366e-02
  -4.4154655e-02
  -6.9910925e-02
  -5.5265334e-02
   4.1972316e-03
  -4.5077245e-02
   4.3340469e-03
   1.5584193e-03
  -3.8458548e-02
  -4.3597650e-02
  -5.3512776e-02
  -8.0237404e-02
  -7.7052001e-02
  -7.8294370e-02
  -5.8843386e-02
  -3.7128949e-02
  -6.7267557e-02
  -3.9893924e-02
  -1.7066794e-02
  -1.7763628e-02
  -8.9023125e-02
  -5.0813823e-02
  -7.8746360e-02
  -5.9225847e-02
  -2.8284877e-02
  -2.9116516e-02
  -1.4573888e-02
  -9.3649496e-03
  -1.2098162e-03
   1.3830248e-02
  -1.1558115e-02
   3.9507989e-03
   6.6642361e-03
   1.3628452e-02
   1.8549866e-03
   6.0198103e-03
   1.4883558e-02
   3.2294990e-02
   9.8470684e-02
   8.4639928e-03
   4.0174209e-02
   1.8315657e-02
   1.1521188e-02
   2.8897871e-02
   4.4786811e-02
   3.6989555e-02
   3.7429739e-02
   4.5008137e-02
   2.0684121e-02
   3.1822198e-02
   2.1807950e-02
   2.9013507e-02
   2.6260208e-02
   2.7990761e-02
   4.1687108e-02
   2.8501336e-02
  -3.4948870e-02
   6.3146743e-02
   4.2410047e-03
  -8.0194294e-03
   1.3715169e-03
   8.0257715e-03
   1.6357216e-03
  -8.5698791e-03
  -3.0194460e-02
   2.3070854e-02
   2.4667755e-04
  -1.6718464e-02
  -2.4381583e-02
  -5.7142820e-03
  -1.1491709e-03
  -5.8963985e-03
  -1.0711824e-02
  -3.0030226e-02
   2.9971585e-02
   2.8504922e-02
   1.7267035e-02
   1.3674931e-02
   1.7617287e-02
   1.6579995e-02
   2.0230662e-02
   1.4541833e-02
   2.0217619e-02
   1.6836997e-02
   2.1004454e-02
   5.9521506e-02
   2.1123186e-02
   1.6239984e-02
   3.0961865e-02
   2.4708879e-02
   2.1563652e-02
   2.0882560e-02
   2.3769082e-02
   5.3292643e-02
   4.1582328e-03
   4.3653481e-02
   2.1421698e-02
   4.4065269e-02
   5.1533664e-02
   3.0475894e-02
   1.7782564e-02
   1.6559850e-02
   2.5786092e-02
   2.4511620e-02
   1.8974022e-02
   1.8241397e-02
   2.4444401e-02
   4.6931033e-02
   9.2863799e-02
   1.7572338e-01
   5.2871055e-03
   3.6964808e-02
   3.3140033e-01
   6.0816190e-02
   7.5070016e-02
   9.8736420e-02
   1.4715950e-02
   2.3622765e-02
   3.9099742e-02
   5.9064861e-02
   3.0002331e-02
   4.0752226e-02
   2.2322440e-02
   3.1851081e-02
   2.7618233e-02
   3.5369222e-02
   2.0929279e-02
   2.3924271e-02
   2.5059651e-02
   2.9997838e-02
   2.3735526e-02
   2.2618248e-02
   3.1396518e-02
   4.8360955e-02
   7.8939256e-02
   6.1394161e-02
   2.8887646e-02
   4.1005524e-02
   5.2471910e-02
   1.2326632e-02
   4.2349146e-02
   6.4578140e-02
   3.0259840e-02
   2.4941830e-02
   1.0776639e-01
   3.3734663e-01
   3.5204001e-01
   4.9223869e-02
   8.2530802e-02
   6.8078489e-02
   6.7435670e-02
   3.9139142e-02
   1.8599694e-02
   5.7785136e-02
   7.8239053e-02
   2.2301051e-01
   4.0210614e-01
   4.4507375e-02
   9.5227373e-02
   8.4251159e-02
   1.1705795e-01
   3.3896011e-01
   3.9702644e-01
   5.3345349e-02
   8.4627049e-02
   4.7426093e-02
   6.5552714e-02
   5.9416882e-02
   7.2846630e-02
   3.9577193e-02
   3.4584730e-02
   5.9214097e-02
   4.4607505e-02
   4.6931159e-02
   8.1459681e-02
   2.7427820e-02
   3.9105864e-02
   4.2319059e-02
   6.3582954e-02
   4.2537838e-02
   3.0779311e-01
   4.0216455e-02
   5.2274477e-02
   1.6954200e-02
   1.1848665e-01
   1.3648381e-02
   1.4859571e-02
   4.3543155e-02
   2.2832178e-03
   3.6966822e-02
   1.6242952e-01
   1.6901570e-02
   2.8491081e-02
   2.8056086e-02
   3.6217559e-02
   3.6222700e-02
  -8.3532071e-03
   4.7926429e-03
  -4.6880619e-02
   4.2228118e-02
   7.9804108e-02
   7.5277279e-02
   8.2644202e-02
   2.0920162e-02
   3.1353391e-01
   6.2181644e-02
   1.5530604e-01
   7.8839174e-02
   6.1770357e-02
  -2.2607772e-02
   1.7443329e-01
   8.3083808e-02
   2.6844316e-02
   8.0160630e-02
   1.7462652e-01
   3.3894557e-02
   1.7846593e-01
   8.4072324e-02
   1.6870783e-01
   1.6075324e-01
   1.5843545e-01
   3.2453564e-01
   3.5184965e-01
   1.8687858e-01
   4.4277243e-01
   4.7905937e-01
   1.8505817e-01
   6.7416754e-02
   9.4322164e-02
   3.8313743e-01
   8.0624311e-02
   1.1646845e-01
   2.0016976e-01
   3.6613835e-01
   9.0079331e-02
   8.8144739e-02
   1.9621767e-01
   1.1337171e-01
   3.9921210e-01
   2.8329784e-01
   5.8575252e-01
   5.3365321e-01
   4.1931936e-01
   2.0949892e-01
   2.4389592e-01
