79.91946870 29.56706119 -6.67080037 0.00000000e+00
88.45512951 28.01507665 -31.24877558 3.96530444e+00
78.42940013 31.19752830 -29.19359099 1.37211317e+01
77.04231493 31.80961019 -24.49948174 0.00000000e+00
75.14248996 33.89192345 -27.68513184 2.60776551e+00
84.92054474 29.94039002 -44.23023332 1.50294811e+01
87.43917449 28.11746557 -31.27967549 1.67008940e+01
84.45710667 27.76558301 -8.95686268 0.00000000e+00
78.08037156 32.41277009 -39.32270292 2.22281616e+01
75.33453199 34.61978808 -38.15580198 5.02421552e+00
85.86638425 29.46123153 -41.84423482 1.75452259e+01
81.89139061 28.48214915 -5.54653256 0.00000000e+00
75.00765832 33.31576715 -13.13651991 5.43893713e+00
78.96086298 29.72467226 -2.96901954 0.00000000e+00
74.67307171 32.93856981 -3.42980636 6.23027875e+00
81.03052842 28.48499222 -2.22194742 0.00000000e+00
85.46834063 27.51654715 -10.21083282 0.00000000e+00
74.45616147 33.20516829 -3.36797426 6.07737085e+00
77.13815423 33.44092999 -43.32730274 7.31318873e+01
86.24584052 27.53119369 -15.25021941 1.37792440e+00
87.15282747 27.36314302 -14.88658446 1.64421094e+01
85.76887420 27.47932393 -11.04925090 0.00000000e+00
89.05170365 26.99262572 -8.63714285 1.77894453e+00
89.80939835 28.46601909 -36.33185964 1.64404217e+01
90.04974099 27.63582302 -26.86982047 6.41072665e+00
75.05324999 33.39179144 -14.40221943 5.21380965e+00
91.88093875 27.50890413 -25.29043515 1.14747607e+01
86.70465630 28.48260255 -34.07026842 1.79260933e+01
85.51804602 29.65900591 -43.03817942 1.63543173e+01
90.42224501 29.15650901 -43.20608540 1.45013266e+01
90.66319548 28.01525149 -32.27736310 1.02033453e+01
89.07080576 28.59426268 -37.26852673 3.69007047e+01
89.80102180 27.95369183 -31.20042428 7.82582008e+00
75.93165564 34.22967256 -40.67213153 9.79450336e+00
78.01238101 32.61358134 -40.87690905 2.30734201e+01
77.66289691 33.03738041 -42.92546452 3.15816637e+01
81.75025163 31.12788904 -44.57229678 1.66070452e+01
76.82698855 33.30737727 -39.59150173 1.01796633e+02
76.87410894 32.98580719 -36.94623817 2.08457422e-01
74.88201072 35.49285984 -41.52440441 1.02390944e+01
74.82528219 35.68940455 -42.83071653 9.06347691e+00
74.65693667 35.93278420 -43.27024699 7.13128607e+00
81.47678379 31.22612010 -44.14347145 1.65488431e+01
77.64718458 32.92714945 -41.68702817 3.29249401e+01
87.83649411 28.88203416 -39.03670944 1.84626978e+01
77.23145400 33.09051884 -40.43360104 1.23970308e+02
78.34163893 32.30408014 -39.72834516 1.75289865e+01
79.53532824 31.74489457 -39.57717098 1.60290988e+01
84.60071452 29.04457141 -34.64408623 1.41005597e+01
80.18136786 30.64824451 -31.91581216 1.94843516e+01
74.99221465 34.06796471 -27.48651039 3.41537955e+00
76.50674993 33.52508816 -39.13707125 3.09107620e+01
83.12141101 30.10332067 -39.97192223 1.83058013e+01
76.13885546 33.77176146 -38.25794702 1.43736340e+01
76.86389187 33.15661391 -38.45129252 4.40536585e+01
76.49124372 33.45543155 -38.35439378 3.35601931e+01
79.34803372 31.47908726 -36.44444235 1.56044124e+01
74.92598878 35.22518307 -39.39021903 9.02755879e+00
75.01331626 35.38083024 -41.95284484 1.04017622e+01
75.22824975 34.87118877 -39.37973548 7.65121077e+00
76.19171656 33.84801268 -39.46859046 1.43303170e+01
76.56369955 32.73594008 -32.16155625 9.38208563e-02
75.41171154 33.50011901 -27.00215999 1.21515758e+00
82.95640097 29.25661587 -31.29401422 3.48688735e+01
76.59351645 31.77172068 -13.33142289 0.00000000e+00
74.65918928 34.38069500 -26.18282021 3.43472575e+00
75.39931997 34.28787179 -35.72538361 3.77820615e+00
74.87789181 33.42632559 -12.69830843 5.47066893e+00
74.56421667 35.91482833 -41.97668169 7.17664944e+00
75.25385486 32.98899666 -12.75074801 5.42138587e+00
80.63336711 29.27648418 -8.35492865 0.00000000e+00
77.76023972 30.85005660 -11.72464453 1.08714229e+01
74.38445019 34.67284607 -25.51727476 5.00501840e+00
76.86581345 31.44989452 -11.83597756 0.00000000e+00
74.64409721 33.10356034 -4.76532561 6.13092370e+00
77.65746705 30.15421906 -0.68077210 1.33919840e+01
74.86008564 33.31798645 -11.44364708 5.53037756e+00
75.97755472 31.65936805 -4.39913120 0.00000000e+00
77.53535550 30.71218436 -6.86720076 1.26154409e+00
77.65842605 30.91368795 -11.73673805 1.14245671e+01
76.02998793 32.11255662 -11.89832451 0.00000000e+00
77.47206119 31.15469274 -13.28087435 8.25897502e+00
80.10356464 29.92378372 -13.09418253 1.72168821e-02
75.70842258 32.54540488 -13.25199412 0.00000000e+00
82.77308930 28.63344253 -15.49746356 8.16830572e-01
75.37013017 33.28860567 -21.88913668 1.32538338e+00
78.03531333 31.04607771 -20.96813688 1.36612318e+01
75.23041152 34.04916152 -30.78378503 2.43504652e+00
82.93038243 29.60144553 -34.74078890 2.57255231e+01
76.65861297 33.19387410 -37.25406744 7.79071518e+01
76.78346545 32.72831454 -33.86013611 0.00000000e+00
81.67146855 29.93128439 -32.48253090 1.57982832e+01
82.82172277 29.52162831 -33.50908704 2.92773898e+01
79.82395262 30.86571495 -32.44040438 1.85930347e+01
82.03726796 29.66160963 -31.54046766 1.74385201e+01
82.25373266 29.46855206 -30.50205362 2.30497694e+01
87.07193388 28.45528937 -34.32793833 1.68848277e+01
79.85697855 30.81270394 -32.05079966 1.91678382e+01
84.57725679 28.64657950 -30.44454949 1.44746195e+01
83.08895973 28.77336306 -25.71561519 5.31937064e+00
87.75266429 27.54931818 -23.28020765 3.77898144e+00
80.62531088 29.03580860 -5.01878730 0.00000000e+00
92.35578245 28.01268075 -31.28675756 3.09658194e+01
83.06133735 27.89418304 -4.00231309 2.02378432e-03
89.90448507 27.16328490 -13.36270445 3.70087914e+00
87.39952291 27.25366055 -12.30068225 6.94027037e-02
91.15330958 26.76452162 -4.41295000 1.12322342e+01
80.71937331 28.75230096 -3.22398087 0.00000000e+00
85.25482926 27.24467656 -4.28856505 0.00000000e+00
92.35073866 27.30136338 -16.37572072 1.00894980e+01
87.98746628 27.43341523 -21.09647850 4.63276776e-01
88.68872834 27.01279256 -8.60756679 4.05927496e-01
93.42823692 27.89420785 -20.58698216 6.98887654e+01
90.86703498 26.91141936 -9.15330820 9.35652963e+00
88.54817737 27.73673597 -27.61336602 1.76988370e+00
88.56447568 27.53148111 -24.11855827 1.93323669e+00
87.20319047 28.23568160 -32.21352806 1.65063653e+01
91.51333958 27.88960891 -31.23519520 1.68477868e+01
88.15864231 28.78635546 -38.46585910 1.46904030e+01
77.44685110 32.49803302 -36.31601803 3.97777306e+01
86.46490640 28.72426432 -36.01976223 1.96999194e+01
81.17799318 30.39567139 -34.58707218 1.62853215e+01
86.47945941 28.39307016 -32.75779117 1.95365325e+01
82.84820685 29.58892734 -34.30337592 2.62080366e+01
85.35993740 29.17528821 -37.89405931 1.80127323e+01
83.99701632 29.78954853 -39.72965194 1.45428209e+01
78.28932216 32.05541544 -37.16222199 1.68758231e+01
77.17077771 33.01224073 -39.25900016 2.49974359e+01
80.34791473 31.01805259 -36.35735737 1.70247778e+01
81.78279076 29.88258456 -32.55371769 1.60200708e+01
79.89500955 31.17349409 -35.80663122 1.68795996e+01
81.23659195 30.27862807 -33.72536261 1.63807255e+01
83.01949948 30.47583481 -43.42767522 1.72289501e+01
77.36236900 33.24117204 -42.91784961 6.70968341e+01
81.53275820 31.23838666 -44.57124250 1.65557141e+01
76.90824100 33.73518515 -44.57814259 2.29943497e+01
78.81913665 32.26792846 -41.77774908 1.63586377e+01
80.99385227 31.16089093 -40.82498006 1.65178372e+01
81.00042331 31.03490925 -39.61217899 1.64761202e+01
83.72547146 29.69133447 -38.03988162 1.75529480e+01
85.63722841 29.62867630 -43.03316586 1.66056152e+01
82.46473434 30.52689742 -41.74028316 1.78003838e+01
89.51910298 28.81751925 -39.37887274 1.89379446e+01
93.41906621 27.38455146 -3.11190221 6.85594921e+01
93.90427196 28.62897193 -29.54540000 4.31523368e+01
93.54177202 28.46585016 -30.39529948 4.40962158e+01
75.54898206 34.76614611 -41.93884260 8.54148283e+00
76.10177759 34.44107903 -44.56252186 1.03341921e+01
74.56600339 35.39758622 -36.98962893 7.25076975e+00
76.81363365 33.80933226 -44.57783870 1.96229398e+01
75.84975574 34.31397231 -40.66391716 9.17612053e+00
74.67056435 35.48679792 -39.00521592 8.86656285e+00
75.22238037 35.00742060 -40.64276284 9.74664137e+00
74.52861449 35.52853223 -37.75875919 7.32627575e+00
75.15223016 34.95937417 -39.38118167 8.11930454e+00
75.12563786 34.81777721 -37.75120160 5.76179457e+00
75.27163412 34.77804460 -38.97170080 6.51129367e+00
75.69501848 34.34920527 -39.39651411 8.35379642e+00
75.68872941 34.48450631 -40.65220496 8.40708998e+00
76.06882254 33.92340175 -39.04125725 1.22133291e+01
78.45036140 32.24700634 -39.74643651 1.69856464e+01
76.70083038 33.24236290 -38.02797871 8.51735123e+01
79.95453801 31.37244343 -37.86833693 1.65854653e+01
77.25266512 32.87355343 -38.51424350 7.25922434e+01
77.36847385 32.87380383 -39.27717614 6.59395576e+01
76.74839774 33.45074870 -40.37783460 5.58676048e+01
75.72733139 34.52873674 -41.51306292 8.57727218e+00
78.11687706 32.55063150 -40.88228934 2.21462449e+01
75.88559137 34.53275190 -43.25108997 9.29288664e+00
79.40605929 32.13937635 -43.02961965 1.62435944e+01
78.68852516 32.48317422 -43.37318373 1.67768850e+01
78.13224537 32.66118927 -42.10969707 2.19716789e+01
75.74536292 34.63795238 -42.81351248 8.73256676e+00
78.83357725 32.37797352 -42.98297251 1.64993435e+01
79.27775388 32.07736742 -41.83491949 1.60995703e+01
78.53761171 32.67477932 -44.58956647 2.05613309e+01
79.97292144 31.89368929 -43.04610430 1.64509938e+01
80.58383994 31.50946784 -42.18736087 1.66129714e+01
81.02389411 31.10307417 -40.39547028 1.64962427e+01
85.36321455 29.73804345 -43.43924786 1.59263947e+01
84.81012088 29.86323245 -43.08039263 1.49054294e+01
82.36488363 30.68509966 -42.94140970 1.75440040e+01
86.44058451 28.94810376 -37.98819107 1.90543609e+01
80.84311277 31.08591657 -39.31402444 1.65358312e+01
80.91863689 31.16331604 -40.43507724 1.65340721e+01
92.94458128 29.34733907 -42.11588424 1.97249727e+01
81.23746779 30.77579073 -38.40110622 1.63976690e+01
77.51348979 32.81530428 -39.66226200 4.12275521e+01
77.33597044 32.69459326 -37.40767041 8.07973287e+01
80.21824400 31.31820205 -38.50855798 1.67151721e+01
80.05971966 31.62547624 -40.68875026 1.65070664e+01
80.52819144 31.26663832 -39.46055650 1.66706659e+01
81.05797638 30.83793875 -38.09581410 1.63921591e+01
78.89910502 32.04008368 -39.83153083 1.59377996e+01
79.57535712 31.87963767 -41.07690495 1.61554862e+01
79.98658488 31.54668820 -39.59157256 1.64861404e+01
78.04196387 32.55559507 -40.47030795 2.27503922e+01
79.47468927 31.80763087 -39.92520349 1.60002374e+01
78.73980864 31.52713551 -34.42921523 1.46568377e+01
79.69255010 31.11265665 -34.36132943 1.68576390e+01
79.70455651 31.22071256 -35.46646093 1.65415499e+01
80.41996271 30.78263132 -34.48319168 1.73910283e+01
89.93048773 28.56389482 -37.24221391 1.71216206e+01
84.94757966 28.92966147 -34.55487104 1.64495560e+01
78.47669184 31.48816498 -32.66024085 1.43806897e+01
79.19992359 31.34627249 -34.63622184 1.51789978e+01
81.58728641 30.05253220 -33.28851856 1.68516624e+01
82.58752885 29.59378198 -33.31004733 2.38472983e+01
82.52641904 29.57470080 -32.85527120 2.37557642e+01
82.61397661 29.66186545 -34.12389044 2.25744880e+01
81.68181280 30.17250006 -34.97943489 1.74224439e+01
81.71327954 30.11708512 -34.59017767 1.68687582e+01
87.92828655 28.08631025 -31.51041196 1.50440424e+01
81.28086337 29.83791216 -27.68278979 1.82450241e+01
83.94535858 28.70755529 -28.74105186 1.01658591e+01
79.48573750 31.00885885 -32.40770776 1.68255014e+01
80.96132662 30.19793298 -31.40334321 1.65491594e+01
81.47966204 29.89882113 -31.14393771 1.66015724e+01
82.49991198 29.50613023 -32.03570895 2.54810857e+01
81.56155150 29.98243330 -32.43453916 1.65555703e+01
81.04644643 30.01945204 -29.16615233 1.76444223e+01
80.88973729 30.20325357 -31.06927863 1.67821898e+01
80.03129887 30.65171607 -31.22340824 2.06518750e+01
81.79509592 29.63422512 -29.68143610 1.71956734e+01
78.78199962 31.16262861 -30.88364876 1.33645293e+01
80.87492056 30.08971988 -28.49674403 1.82865557e+01
75.49002677 33.41411123 -27.10791833 1.40602462e+00
78.48999601 31.36471884 -31.46444859 1.38346865e+01
80.54455267 30.11134736 -23.53909608 2.24248129e+01
78.04326033 31.47826667 -29.90094190 1.59808523e+01
78.23975162 31.52801896 -31.71318604 1.46874257e+01
78.76847519 31.05252726 -29.52288087 1.34411161e+01
77.63233991 31.73190392 -29.82341758 2.01699452e+01
78.36528460 31.30651747 -30.11348857 1.38699113e+01
78.27079975 31.47222209 -31.32330289 1.43836783e+01
79.39303373 30.89396769 -30.83667056 1.73671629e+01
78.02256159 31.96850973 -34.89341227 1.92993410e+01
78.78703355 31.58474956 -35.20931520 1.48568475e+01
78.56910233 31.36789412 -31.92127431 1.38944267e+01
77.98955153 31.78865885 -32.85562142 1.66690471e+01
77.54711940 32.43071504 -36.32752558 3.15331013e+01
76.29529437 33.50163362 -37.12951979 2.32572728e+01
76.21587272 33.44814984 -35.94207248 2.15391417e+01
78.31015702 31.84653560 -35.35780977 1.60238682e+01
76.61145792 32.98519646 -34.96306347 1.72936941e+01
79.21440455 31.22686761 -33.47693908 1.51360267e+01
77.80115171 31.98457439 -33.65085197 2.22992966e+01
81.08543946 30.20234631 -32.12338893 1.63620868e+01
76.66739291 32.53149706 -31.03942224 0.00000000e+00
74.51059920 35.42147599 -36.47096404 6.60829304e+00
75.37180180 33.63044690 -28.00404845 1.48206003e+00
75.51041603 33.34912903 -26.58863766 1.24898577e+00
74.95535843 34.02522005 -26.46323660 3.87822755e+00
74.49344660 34.79766410 -28.24915951 5.75215656e+00
75.41787921 33.36452841 -25.06256497 8.56203689e-01
74.54878448 34.60112976 -26.99129266 4.71259498e+00
74.51240580 34.55935853 -26.05520896 4.61242046e+00
76.36044739 32.20159208 -19.27493940 0.00000000e+00
75.30666046 33.44553795 -24.00128899 1.63478569e+00
77.45087753 31.36940128 -18.19172840 2.33363987e+01
75.57570206 33.19351385 -25.30493106 1.11798756e+00
80.89117705 29.70682221 -16.74976649 1.33770515e+01
77.66689300 31.34872669 -23.54420298 1.61913426e+01
79.30980484 30.47218076 -20.13573522 2.65478288e+01
77.68981423 31.61458891 -28.78094460 1.85486519e+01
76.65123248 32.42139739 -29.65930290 0.00000000e+00
82.59143246 29.24903571 -29.62686767 3.49709317e+01
80.98442412 29.76834740 -20.09391128 1.81268308e+01
78.15598982 31.09877467 -25.17877046 1.40148315e+01
80.98936032 29.64036156 -16.48802351 1.50925190e+01
77.62330935 31.29657988 -20.30357732 1.58986375e+01
80.20349353 30.17325780 -20.59908444 3.03958324e+01
77.18747062 31.18523282 -11.29612966 0.00000000e+00
75.40886425 32.81715418 -12.77096014 3.76414920e+00
77.40065542 31.16189827 -12.78131298 6.48655044e-02
75.80559457 32.53343053 -14.21208194 0.00000000e+00
76.58848203 31.53121623 -10.25665489 0.00000000e+00
75.00887734 33.14166645 -11.45170927 5.58934807e+00
75.37244214 33.11433793 -16.36659510 2.86261065e+00
74.42157851 33.85223975 -11.40393241 6.91136152e+00
75.03593319 33.80056723 -24.56497206 3.90839384e+00
75.62073318 33.10324676 -24.58025630 1.07631422e+00
76.53111496 31.45246916 -8.22329148 0.00000000e+00
76.26782879 31.74214286 -9.72954369 0.00000000e+00
76.21703036 31.82564724 -10.33978034 0.00000000e+00
74.37900608 33.77555957 -10.05055004 6.80280501e+00
77.13853880 30.97730831 -7.15410507 0.00000000e+00
74.22332994 33.71074086 -5.96494151 6.60365807e+00
74.71143244 33.15131008 -6.65419502 6.00909122e+00
74.37241644 34.60162105 -23.93192056 4.53615057e+00
75.83838014 31.66081692 -3.19376687 0.00000000e+00
74.36603895 34.73837935 -25.94786751 4.90852137e+00
75.17616624 32.21687121 -1.61496393 6.33309674e+00
74.89404897 32.49974752 -0.85991088 7.22369408e+00
74.43841807 33.09753402 -1.57802401 6.23426332e+00
78.78647962 30.01164785 -5.40732053 0.00000000e+00
75.31835152 32.31651495 -4.58609832 5.94504894e+00
76.08077766 31.65191993 -5.42528719 0.00000000e+00
76.11595197 31.49767169 -4.01515242 0.00000000e+00
76.91521001 31.17259069 -8.08457486 0.00000000e+00
74.93425918 33.22967945 -11.44799686 5.54581383e+00
76.12722472 31.90209861 -10.36139393 0.00000000e+00
74.33708553 33.87061742 -10.51654247 7.58541512e+00
77.17111676 31.11594464 -10.13461056 0.00000000e+00
80.33268009 29.42315195 -8.00794970 0.00000000e+00
76.81816305 31.24143719 -8.11997820 0.00000000e+00
75.42164226 32.54656659 -9.99369003 3.83399479e+00
75.74498413 32.21294184 -9.90470505 0.00000000e+00
75.40770261 32.47610020 -8.71984565 4.87988302e+00
81.11748406 28.80765261 -5.29461859 0.00000000e+00
80.92807949 28.67882871 -3.59887975 0.00000000e+00
79.37696682 29.92015198 -8.00376484 0.00000000e+00
75.81983258 31.88806083 -5.52236169 0.00000000e+00
80.19626169 29.12550281 -2.93319973 0.00000000e+00
79.71742742 29.55444404 -4.89629213 0.00000000e+00
80.38387069 28.98482578 -2.94253896 0.00000000e+00
78.67111307 30.05286297 -5.30006279 0.00000000e+00
79.34201119 29.55686498 -2.89145713 0.00000000e+00
77.96963302 30.21061931 -3.69815924 3.00902679e-01
78.27581035 29.97982368 -2.84158897 0.00000000e+00
78.60155779 29.73332166 -1.22683335 0.00000000e+00
80.64033759 28.64987335 -0.83511570 0.00000000e+00
80.47473855 28.91162748 -2.95775742 0.00000000e+00
80.65430262 28.76333202 -2.98849179 0.00000000e+00
81.51992566 28.16409617 -1.19153203 0.00000000e+00
87.25235963 26.97909920 -5.00401915 0.00000000e+00
86.14422938 27.09587017 -4.63204057 0.00000000e+00
81.61276552 28.49304531 -4.47739090 0.00000000e+00
82.23366224 28.08302568 -3.52467912 0.00000000e+00
81.07327240 28.75105657 -4.52741481 0.00000000e+00
81.42068540 28.52831417 -4.16662310 0.00000000e+00
80.63907522 29.14868540 -6.55436173 0.00000000e+00
81.07780902 28.62267876 -3.72919592 0.00000000e+00
81.07351958 29.46067182 -14.07433660 3.87051006e+00
87.50952936 27.56071892 -22.97020092 1.52833948e+01
88.55114620 27.63443076 -26.00863409 1.79768710e+00
83.24402476 28.50994337 -17.57819786 7.02410693e-01
79.63292292 30.27069869 -16.21899830 1.52741684e+00
83.04433777 28.52613304 -15.42098024 7.86613003e-01
79.73376820 29.84929669 -9.50755407 0.00000000e+00
78.81836319 30.19117520 -9.10569221 6.00498050e-02
77.53420204 31.23417324 -15.40213139 1.75271406e+01
81.86903751 28.84553715 -11.54200686 0.00000000e+00
80.29356060 30.00105075 -16.08050701 1.71290994e+00
77.25179387 31.50342621 -18.13524980 0.00000000e+00
78.66043319 30.36397826 -11.16951346 1.71822993e+00
78.52736355 30.33897091 -9.78864818 1.53914568e+00
79.50509798 30.43559292 -21.36731453 3.15727082e+01
78.18697638 31.04291473 -24.29187680 1.35909701e+01
80.30545300 30.11072623 -19.93197565 2.62993593e+01
78.28221001 31.11215459 -26.80662043 1.39603647e+01
80.57325357 29.97151267 -19.53483425 1.78839200e+01
81.06094714 29.63551066 -17.55484468 1.85453649e+01
80.49562426 30.10455004 -22.62149268 2.23051458e+01
81.70137606 29.30746265 -19.21887887 2.12416397e+01
80.78831319 29.90196170 -20.82470566 1.60967522e+01
85.99887694 28.00345885 -26.46552621 3.37307825e+00
80.83789271 29.90877640 -21.79760583 1.69789036e+01
88.35038702 27.81807025 -28.68390562 2.30111647e+00
79.23089612 30.87929792 -29.82973103 1.68061514e+01
83.12697279 28.94811706 -28.38673694 1.92331452e+01
82.27721941 29.11116179 -24.24385963 1.04920591e+01
90.17811043 27.73254769 -28.54088519 7.43371200e+00
86.14680374 27.83547402 -23.92973490 1.03491851e+01
83.13571364 28.83460158 -26.92609288 1.19565872e+01
86.26840233 27.82401553 -24.21454434 2.46795820e+01
83.20671900 28.74117991 -26.02207479 1.05687502e+01
86.35284768 27.85418873 -25.10905424 1.83869148e+01
85.67723559 28.02867623 -25.70329278 7.60488832e-02
83.36194169 28.88191433 -28.58037819 2.11880942e+01
90.74833987 27.73732022 -29.12262362 9.53503436e+00
87.98520345 27.84318386 -28.60122720 1.64579393e+01
86.39990557 27.92406207 -26.48701971 1.83994725e+01
83.18916687 28.96771341 -28.93507872 2.37118885e+01
89.04292369 27.81160124 -29.14019428 2.71247758e+00
88.22867503 27.82651498 -28.67205254 3.08159765e+00
87.37583450 27.87789082 -28.11800596 1.62304854e+01
90.98633234 27.52106024 -25.82260279 7.94195164e+00
88.96660711 27.47431829 -23.08992162 2.63047938e+00
88.58624374 27.70025371 -27.07248419 2.51849737e+00
87.85522310 27.74892531 -26.99366689 1.64858767e+01
82.33636283 28.70887937 -12.85785160 0.00000000e+00
90.86585245 27.21892327 -18.09318485 3.95674964e+00
87.38396812 27.66949343 -24.83717441 1.66415696e+01
84.37932798 28.49272476 -27.54808143 1.29037866e+01
83.09780343 28.66002571 -22.54856544 9.22117480e-01
84.74707984 28.21728654 -24.54766295 1.62295784e+01
85.44347898 28.09265744 -25.83579939 2.31472268e-02
84.60818018 28.41428821 -27.37856036 1.73214084e+01
83.24226384 28.69451991 -25.56420400 9.22003363e+00
81.74729946 29.00760949 -13.15809450 6.02334041e-01
79.13565333 30.30809147 -12.99455211 6.27178695e-01
85.58434947 27.48401011 -10.16716245 0.00000000e+00
82.71649541 28.27337449 -7.29914533 1.31429398e+00
85.58916828 27.36913068 -7.78094107 0.00000000e+00
83.15273621 28.20266854 -8.61480377 5.68291940e-01
87.39078166 27.15020800 -9.69106705 0.00000000e+00
83.42244918 28.09407259 -8.36967209 1.76349768e-02
88.23966233 27.11074540 -10.61633566 1.11170313e-02
82.94126106 28.10786955 -5.94594908 6.12662978e-01
84.97528883 27.49860583 -7.12585852 0.00000000e+00
83.41271877 27.80389415 -4.23438446 0.00000000e+00
87.48556079 26.87255078 -2.22175893 0.00000000e+00
87.84850947 26.86072390 -2.05297067 0.00000000e+00
88.61067197 26.77937243 -1.03927167 4.55921436e-01
90.67053642 26.78436965 -4.33352841 1.37829703e+01
86.55421783 26.83312749 -0.97548007 9.67151929e-02
83.08813008 27.96132191 -4.78513129 2.30354684e-02
86.39596619 26.86866540 -1.63787445 1.16237942e-03
84.21766534 27.55533360 -4.37340927 0.00000000e+00
89.46170584 26.94115154 -7.43057278 3.24754389e+00
82.47044730 28.02961793 -3.63615128 0.00000000e+00
84.34381652 27.80572659 -8.96534227 0.00000000e+00
89.94137312 27.23014341 -15.91981884 4.23363312e+00
87.74430816 27.44694929 -20.97813215 1.05398043e+00
78.47527979 30.32152883 -8.99257928 1.34572982e+00
90.06258393 27.22490546 -15.96450632 4.69296130e+00
88.07449221 27.35985281 -18.34063312 2.86498542e-01
92.23163195 26.96448920 -6.78244392 9.77204626e+00
88.72396007 27.07877438 -10.51845573 8.61065787e-01
93.82559055 28.04050883 -17.05083813 5.42270273e+01
89.94263444 27.12750693 -12.72887249 4.06557907e+00
90.78389513 26.98370785 -11.11496022 8.15603326e+00
90.14127868 26.94775709 -8.93394825 8.16781560e+00
85.45267113 27.10375377 -3.08934269 0.00000000e+00
85.81494919 27.20735164 -5.51632036 0.00000000e+00
89.42547142 26.87421657 -5.14097657 5.68259444e+00
88.37712559 26.89730637 -3.96222993 1.21947063e-02
88.61834171 26.88105318 -4.13610933 3.55882791e-02
90.90617703 26.67048705 -1.11609907 1.85365247e+01
89.53599982 26.97249528 -8.69210646 2.97175270e+00
91.39490809 26.76266703 -4.45030025 1.05224488e+01
92.22624117 26.75931923 -1.07550445 1.21228867e+01
90.67003124 26.88692072 -7.74297392 1.04604485e+01
92.64687117 27.13251621 -7.03439147 1.75248403e+01
91.95752136 26.84070724 -5.23754823 9.02625155e+00
93.89152819 28.11711694 -18.43332310 5.02271412e+01
90.86658968 27.01393060 -11.73844938 7.28405955e+00
91.87323782 26.99847107 -10.79710624 5.44954153e+00
92.42186595 27.05245696 -7.52491125 1.25839453e+01
91.03239800 26.87048391 -7.81339654 8.69635496e+00
90.42851192 26.89943773 -7.66938939 1.06601644e+01
93.72877569 28.07900179 -20.60924140 6.60993581e+01
93.88448834 27.81008004 -6.73653002 4.23974155e+01
93.20613356 28.50695218 -32.87017889 3.56207706e+01
93.22324714 27.77731505 -20.58713604 5.85746236e+01
90.86538907 27.32144050 -21.58476225 4.95270675e+00
93.49674848 27.96865046 -21.42439186 7.17703264e+01
90.74231605 27.63510306 -27.47858501 8.87283021e+00
93.50128474 28.17285268 -25.89607478 6.40615301e+01
89.92779781 27.64101784 -26.86097876 5.99317695e+00
89.93730610 27.53804669 -25.10393797 5.61543861e+00
88.95191355 27.67953843 -26.96261870 2.51732929e+00
89.77889762 27.47598883 -23.72447449 4.63318849e+00
87.69540653 27.79254470 -27.39800853 1.42167548e+01
93.60025503 28.13259944 -23.87053804 6.83128102e+01
88.66999218 27.72908695 -27.58864029 2.68552025e+00
89.20747451 27.56580729 -25.15150357 2.46957695e+00
87.58189225 27.90203734 -28.85208360 1.39159444e+01
91.22976623 27.82074294 -30.47362868 1.32088977e+01
91.59637950 27.82454687 -30.48539086 1.83853088e+01
90.61916812 27.84668205 -30.45638722 9.94246399e+00
91.35200220 27.81942881 -30.47702130 1.43784521e+01
92.07886393 27.67615153 -27.53482362 2.36354589e+01
90.62452882 28.05151238 -32.63267380 1.02034765e+01
92.11690765 27.64979512 -26.98914491 2.28400425e+01
91.87707413 27.61037098 -26.98197839 1.31494173e+01
93.19394978 27.99658586 -25.87223385 5.60910355e+01
91.15721898 28.50500719 -37.25367681 1.70963231e+01
92.69726286 27.92824050 -28.67440297 3.67834308e+01
93.93866192 28.71872934 -30.49574501 3.43896399e+01
93.78197869 27.54170486 -1.65133775 6.39214361e+01
90.78366478 28.31649633 -35.41541752 1.15363049e+01
81.94964887 29.77457404 -32.27901501 1.66304180e+01
87.12756676 28.31050352 -32.89316876 1.66491502e+01
90.50864016 28.16030058 -33.69930018 9.97863351e+00
90.62230740 28.35931296 -35.71703462 1.09953085e+01
91.84708771 28.25183474 -34.84168636 2.94073748e+01
92.02386439 29.15685874 -43.20814135 1.78412099e+01
92.44671649 28.68100638 -37.61820067 2.46450980e+01
89.39141188 28.61688656 -37.56019094 2.74421389e+01
92.48531450 28.55854295 -36.44326244 2.60624794e+01
90.54476107 28.43188292 -36.32552969 1.09891554e+01
90.75091263 28.45493994 -36.63294688 1.22905573e+01
92.45303111 28.88531946 -39.39741954 2.26050960e+01
94.00469703 28.79613206 -30.86859146 2.74573921e+01
88.20470916 28.85088602 -39.07938527 1.46556125e+01
87.10019275 28.94850818 -38.86748391 1.72008996e+01
84.22906405 29.49618884 -37.72615833 1.39412275e+01
88.45727092 28.62749155 -37.27096556 2.03348179e+01
88.19701832 28.74914914 -38.16492174 1.53261729e+01
91.27998920 28.50206528 -37.25864594 1.82860235e+01
88.31990165 28.73962474 -38.17511635 1.76616587e+01
93.42479135 29.13330323 -37.65171120 2.41675369e+01
88.95075452 28.49721567 -36.36290727 3.46825587e+01
88.21218076 28.64560807 -37.25310374 1.65923074e+01
88.70558070 28.50972056 -36.36667384 3.61196744e+01
90.54395603 28.53449999 -37.23952859 1.27864870e+01
89.40235339 28.10456400 -32.64467356 6.85152603e+00
92.01018011 28.13846521 -33.43987781 3.18595553e+01
88.92055590 28.22611058 -33.74543869 4.84730504e+00
89.16491802 28.21558955 -33.73252281 6.51298870e+00
85.66255544 28.37360671 -30.81778426 8.39596798e+00
86.59193629 28.27437270 -31.71264645 1.81144823e+01
86.83144384 28.68776693 -36.20646332 1.75484324e+01
88.33470662 28.63629119 -37.26393084 1.87906074e+01
89.08105290 28.18487319 -33.37893917 4.68601010e+00
84.36668484 28.93802074 -32.80897578 1.30475131e+01
84.03501107 28.78903451 -30.15276258 1.13150415e+01
84.35681788 28.83107751 -31.67523710 1.28072198e+01
82.56321726 29.94719273 -36.62768509 1.92163894e+01
85.60122022 28.99502583 -36.83469099 2.15236686e+01
83.66992295 29.34160704 -34.66273357 1.74896966e+01
84.79673472 29.01660002 -34.96475803 1.51990434e+01
83.29154656 29.78869731 -37.62718086 1.96772080e+01
85.50422734 28.90785291 -35.83110022 2.24225151e+01
84.81143319 29.30810690 -37.66524033 1.50048534e+01
86.96856558 28.85428764 -37.86814629 1.73038826e+01
84.00542841 29.67703186 -38.71898027 1.45659611e+01
85.24261515 29.21001183 -37.91833780 1.72060546e+01
86.56288783 28.93289639 -38.03472315 1.84271482e+01
87.05811674 28.77507123 -37.26714409 1.71630955e+01
87.35460511 28.71506092 -37.06289436 1.71620986e+01
85.37028478 29.28518343 -38.91045060 1.74172665e+01
87.05339463 28.88195948 -38.21744691 1.72000472e+01
87.47714912 28.70512158 -37.10275779 1.73402156e+01
87.54461792 28.83837352 -38.36248451 1.75502349e+01
86.32843838 29.07475756 -38.94784511 1.90635074e+01
88.07416438 28.75907611 -38.15135427 1.38333365e+01
86.97753768 28.96048024 -38.82930680 1.72967158e+01
83.46435433 30.10442617 -41.15494226 1.75723575e+01
85.23467265 29.66179979 -42.27778515 1.58827800e+01
87.09554436 29.05542198 -39.84485608 1.72017078e+01
81.12932373 31.04313986 -40.36181986 1.64716950e+01
86.91625341 29.21775137 -41.23586968 1.72278869e+01
83.82695031 30.09975065 -42.32882434 1.68412851e+01
85.04444084 29.23374708 -37.62142493 1.61034177e+01
81.36801339 30.78645601 -39.12900227 1.64853385e+01
83.47510276 30.21185075 -42.30817782 1.73077961e+01
81.88617300 30.93815072 -43.29973416 1.68467508e+01
83.50151539 29.87124417 -39.00679042 1.80816163e+01
81.10531611 30.97453340 -39.57291771 1.64474959e+01
83.38246853 30.09356725 -40.75959752 1.78101164e+01
83.24097154 30.28812017 -42.28245454 1.74974124e+01
85.24489894 29.77103722 -43.44466505 1.56845392e+01
83.72001623 30.24390931 -43.47096516 1.68523203e+01
83.17069660 30.38631534 -43.05100277 1.73232774e+01
83.48584310 30.31928545 -43.46192400 1.70590553e+01
83.10704848 30.55823312 -44.60884961 1.68728786e+01
89.06118889 29.30974263 -44.28599291 1.34942485e+01
84.39707174 30.13924378 -44.61880034 1.44940085e+01
90.53932816 29.04762957 -42.13037083 1.58028540e+01
86.32383096 29.52223335 -43.43982368 1.71065127e+01
91.73445887 29.05665729 -42.49685440 1.86295821e+01
86.42602943 29.61624368 -44.61156159 1.66611491e+01
89.55596016 29.29420683 -44.28337949 1.33433281e+01
89.67964463 29.29038117 -44.28294804 1.32816508e+01
91.40938827 29.21656873 -44.28486316 1.59037229e+01
89.13615294 29.34110948 -44.64276075 1.30020433e+01
91.77990830 29.22984835 -44.28569833 1.62423269e+01
91.90279844 29.24182730 -44.28537902 1.63220729e+01
90.41919072 28.74632856 -39.06689347 1.74596809e+01
88.81618580 28.91206040 -40.04004879 2.11992277e+01
91.12303777 29.15468181 -43.56751758 1.65533080e+01
87.21830488 29.04314261 -39.87553559 1.72021169e+01
92.25442473 28.99935300 -41.05868821 2.04560001e+01
89.55785673 28.78213638 -39.07418138 1.93167509e+01
89.43248164 28.88852300 -40.02384991 1.86326068e+01
93.97344484 29.94704015 -42.11946306 1.52914420e+01
94.04014634 30.02507093 -42.48131580 1.47959399e+01
93.67490733 29.75368464 -42.11699777 1.68847175e+01
87.17948925 29.40085022 -43.51516592 1.70543022e+01
93.05962178 29.60417724 -44.27450524 1.66665382e+01
93.87994214 27.60532095 -1.63592952 4.82501256e+01
92.46108946 29.39309214 -44.63900766 1.61430176e+01
92.69202296 29.37297945 -43.55782442 1.79870448e+01
93.37579534 29.77424710 -44.27575914 1.60521182e+01
93.94513748 30.06189368 -43.55860814 1.48682844e+01
92.84155536 29.50195872 -44.27503926 1.68557574e+01
93.94169618 29.95937984 -42.47862856 1.52804870e+01
93.77873057 29.91985365 -43.19628328 1.56706640e+01
92.50153757 29.37232613 -44.27728052 1.68056720e+01
74.81895692 35.82600216 -44.13198424 7.60656079e+00
75.05058900 35.42330851 -42.82191034 1.00114640e+01
74.62545326 36.09902429 -44.56771961 6.59019567e+00
75.34881129 35.20716822 -44.12262674 8.68388952e+00
75.64562280 34.78873989 -43.24371722 8.58794570e+00
75.38202618 35.21239855 -44.56052964 8.49513356e+00
75.61535940 34.95081014 -44.55937123 8.58757167e+00
75.58716978 34.80992695 -42.80737559 8.53321598e+00
75.56904534 34.70094418 -41.50663735 8.45454773e+00
76.32857125 34.05691106 -42.84132021 1.33472572e+01
76.01838289 34.52440274 -44.56199455 9.89541656e+00
75.48928695 34.96186345 -43.24137844 8.69000955e+00
75.19607823 35.38303240 -44.12713674 8.82833837e+00
75.41200407 35.04901503 -43.24245191 8.97191820e+00
75.35467493 35.07109859 -42.80678880 9.44920305e+00
75.39380120 34.94033370 -41.93609314 9.56749204e+00
75.03152860 35.48878936 -43.25820055 9.58247873e+00
74.88127290 35.66605003 -43.26261792 8.91585693e+00
75.10793935 35.22677956 -41.51360457 1.04060181e+01
74.78823237 35.64737756 -41.96462580 9.68807851e+00
75.04430336 35.04247015 -38.97544018 8.40315292e+00
74.73234473 35.67095403 -41.53369969 9.67050362e+00
75.00113610 35.13639391 -39.38575215 8.90744076e+00
74.65766297 35.76013634 -41.53838605 9.02910727e+00
74.91991779 35.36172782 -40.65832115 1.00495467e+01
75.18377387 35.13845447 -41.50676131 1.04362603e+01
75.08975153 35.11861526 -40.21952605 9.58195368e+00
74.74498541 35.39768175 -38.99793842 9.00568335e+00
74.71422413 35.56356562 -40.24312862 9.63280015e+00
74.77635967 35.40323802 -39.40199365 9.21779895e+00
74.86331172 35.04094748 -36.95175565 7.29963278e+00
75.30465769 34.78326515 -39.37949133 6.99083769e+00
75.11974834 34.95410169 -38.97324380 7.86509801e+00
76.31908428 33.43868565 -36.75163737 2.65206604e+01
75.27749694 34.64191821 -37.74726636 4.58164564e+00
75.76880779 34.39893924 -40.65775331 8.71122351e+00
76.24012721 33.76099671 -39.08098813 1.63393480e+01
75.47110792 34.85305094 -41.93739691 8.93657869e+00
75.53086658 34.65719830 -40.64524628 8.54185701e+00
77.14914804 33.27072980 -41.66658305 1.45074709e+02
76.67166889 33.63571314 -41.61434414 2.99596251e+01
75.78677676 34.50823437 -41.94965390 8.83030396e+00
76.03658023 34.08189194 -40.26265733 1.10370730e+01
75.03238182 35.31529803 -41.51800639 1.03927994e+01
75.14633398 35.09569844 -40.64539511 9.92027888e+00
76.37559287 33.93064323 -41.99663031 1.53074104e+01
76.72265052 33.51228754 -40.78921442 4.33213241e+01
77.05168035 33.34178007 -41.65715641 1.31978333e+02
76.63913416 33.45630313 -39.55739700 4.35648335e+01
75.97103650 34.27474479 -41.52967269 9.95478151e+00
76.27047874 33.90067340 -40.72050125 1.47295347e+01
76.20681718 33.91788844 -40.28913567 1.38795204e+01
76.60774014 33.31720798 -37.99967333 6.02968189e+01
76.07629092 33.78950007 -37.84053793 1.33086751e+01
75.66021189 34.34382916 -38.98583893 8.24483572e+00
76.94365987 32.97452015 -37.33947015 5.98367481e-03
76.31246243 33.61149392 -38.30606990 2.05971117e+01
76.16163102 33.70817671 -37.86669941 1.56144969e+01
75.64600971 34.27345332 -38.17515288 8.19090240e+00
76.79504760 33.16857066 -38.05611047 6.44411464e+01
77.23686340 32.76344817 -37.39322068 2.48812864e+01
79.66309840 31.57800441 -38.55126551 1.61405883e+01
77.37958480 32.74524408 -38.15644284 6.32064881e+01
78.23438706 32.36320513 -39.71261778 2.15107850e+01
77.61421463 32.74795706 -39.66828402 3.36571439e+01
77.71553731 32.68132231 -39.67176978 2.90333583e+01
77.30274508 33.08081999 -40.84919619 1.16612115e+02
77.12195552 33.33097463 -42.07862403 1.36679447e+02
79.11504708 32.06664468 -41.02289867 1.60118498e+01
77.71996869 32.91944453 -42.10116413 2.94272099e+01
79.23035251 32.02014919 -41.03861834 1.60074456e+01
77.20389920 33.15050380 -40.84387307 1.37470488e+02
77.02480557 33.40230392 -42.07023626 1.02813554e+02
77.82182510 32.85339974 -42.10127978 2.62822058e+01
76.73934269 33.62219745 -42.04057296 3.24532878e+01
77.46194075 33.17254588 -42.92016417 4.88630820e+01
78.49934927 32.53703061 -42.94989669 1.97945005e+01
76.97147749 33.52365132 -42.89950627 5.25634873e+01
77.61874196 32.98624408 -42.09733995 3.43582909e+01
76.46458854 33.85188018 -42.00712494 1.76548027e+01
76.18633404 34.35860257 -44.56344037 1.08449259e+01
76.28788104 34.01044399 -41.98609158 1.35602111e+01
76.47177243 33.67938175 -40.33267195 2.30985203e+01
76.68848713 33.74559900 -42.87641218 2.36223801e+01
76.67907319 33.87695763 -44.14550814 1.78669164e+01
76.03231618 34.25568113 -41.96483131 1.03773989e+01
76.13394029 34.28264417 -43.25878916 1.08616043e+01
76.30532332 34.12019763 -43.26815706 1.25934480e+01
76.15627836 34.21875902 -42.83061696 1.12348056e+01
76.75607954 33.73208756 -43.30330827 2.45225657e+01
76.77198834 33.80150671 -44.15120199 2.06903890e+01
77.10075357 33.59006067 -44.58218083 3.38754823e+01
77.63449375 33.09644270 -43.33750288 3.21252560e+01
77.90195380 33.04279280 -44.58482257 2.19911465e+01
77.69773841 33.17511181 -44.58488118 2.54951643e+01
77.79951964 33.10855977 -44.58480037 2.33507114e+01
78.42851114 32.73191078 -44.58792472 2.04155169e+01
77.95789291 32.96745353 -44.17059390 2.21378550e+01
78.80074575 32.43146703 -43.38444745 1.65854977e+01
78.37868285 32.71939175 -44.17453413 2.05699631e+01
78.72090811 32.42899327 -42.97232177 1.66836121e+01
78.04333608 32.83457499 -43.34578974 2.22281816e+01
78.87301748 32.51559171 -44.59789405 1.66143960e+01
79.86091204 31.94487837 -43.04933708 1.64003402e+01
78.45292255 32.48218991 -42.13286332 2.00082723e+01
78.39069479 32.59419352 -42.94183289 2.09670208e+01
79.25746466 32.23831563 -43.41473565 1.62877971e+01
79.50760915 31.98359861 -41.85779685 1.61634368e+01
79.29123652 32.18634572 -43.02157533 1.62356406e+01
79.62190767 31.93576136 -41.86554140 1.62213607e+01
79.48682244 32.14400477 -43.42779389 1.63023921e+01
79.96064993 31.78587308 -41.87198863 1.64279670e+01
80.36830062 31.62365860 -42.22842511 1.65954955e+01
80.07188294 31.73341101 -41.86733445 1.64911275e+01
79.33149052 32.32252392 -44.60498322 1.64484014e+01
80.16189792 31.84177822 -43.43260044 1.65301378e+01
79.93978873 31.94681412 -43.43856037 1.64526116e+01
79.90136888 32.07795506 -44.61076238 1.65099441e+01
80.05124273 31.89486370 -43.43594557 1.64930179e+01
79.67502544 32.17817630 -44.60931767 1.64699354e+01
80.51049809 31.74262661 -44.20198299 1.65946681e+01
80.12489423 31.97363215 -44.60855334 1.65521836e+01
80.47642207 31.56700634 -42.20991090 1.66103450e+01
80.29241570 31.85368676 -44.21240649 1.65705029e+01
80.99487889 31.52449123 -44.58384425 1.65738721e+01
81.91757425 30.88233240 -42.87881472 1.69636993e+01
83.35796006 30.24975533 -42.29610410 1.74208965e+01
82.20466086 30.67269381 -42.08775570 1.80597896e+01
82.56610534 30.37133327 -40.55975655 1.79435278e+01
82.35072293 30.57225402 -41.71072958 1.80543434e+01
82.31762751 30.62534732 -42.11138621 1.79208908e+01
80.72638223 31.62882270 -44.18802941 1.65943201e+01
81.11500916 31.21508664 -42.05317624 1.65169229e+01
81.05460362 31.33009103 -42.90764040 1.65420075e+01
82.12472129 30.66694940 -41.65576113 1.81801817e+01
82.41744181 30.46695681 -40.91524437 1.80941963e+01
81.55916741 31.10050297 -43.28592921 1.65777317e+01
80.84198620 31.44731188 -42.94663647 1.65801218e+01
80.90309911 31.33332593 -42.10583433 1.65614881e+01
80.73539415 31.50567107 -42.96695445 1.65951316e+01
79.35891989 32.08253730 -42.23793591 1.61571166e+01
80.38764030 31.45957848 -40.63203682 1.66429643e+01
81.03922235 31.21658839 -41.65071860 1.65235341e+01
81.31143546 30.98311416 -40.74139751 1.64919416e+01
80.73861049 31.14668254 -39.36544223 1.65909308e+01
81.02846332 30.89623760 -38.48419633 1.64176835e+01
81.23514414 30.98380362 -40.33448408 1.64676687e+01
82.36478183 30.33018812 -39.35973908 1.87133609e+01
82.22277140 30.50537900 -40.44289114 1.98306893e+01
83.23855749 30.06542455 -39.99756213 1.82378265e+01
83.11269154 30.21847768 -41.09866856 1.78878200e+01
82.77570743 30.44857951 -42.21027248 1.75280310e+01
81.14510174 31.15739065 -41.62332575 1.65039344e+01
81.96525813 30.65647605 -40.78335185 1.78890577e+01
87.16213206 29.19023350 -41.28793139 1.71740941e+01
83.29382134 30.01058029 -39.65693625 1.83345384e+01
83.37347210 29.80033345 -37.98173186 1.90268379e+01
83.38434809 29.90787590 -38.98736719 1.84401980e+01
83.35585322 30.02798366 -40.02000357 1.80817395e+01
82.02461340 30.46826482 -39.22596848 1.97725347e+01
82.65534158 30.26161741 -39.83277463 1.80940215e+01
81.47496499 30.72947030 -39.12008724 1.65975236e+01
82.68404932 30.13616924 -38.77517412 1.84638315e+01
81.31657114 30.85595763 -39.51630271 1.64637343e+01
81.42328796 30.79826642 -39.50222918 1.65307259e+01
81.57157151 30.43150491 -36.85543741 1.70535269e+01
82.60253533 30.12613906 -38.39124290 1.85021755e+01
80.43246193 31.20329637 -38.43275884 1.67450025e+01
81.74908389 30.63383311 -39.52223842 1.72182941e+01
82.19645279 30.43646186 -39.65726456 2.02279592e+01
80.31364298 31.15259584 -37.42851645 1.68651027e+01
79.81620899 31.66262550 -39.95073552 1.63166358e+01
79.84302146 31.42383500 -37.87496337 1.64423552e+01
78.12850114 32.42415474 -39.69949944 2.20406372e+01
80.95418873 30.89922327 -38.14996267 1.64432403e+01
80.25886495 31.45018436 -39.90686168 1.66380298e+01
80.31463203 31.38276059 -39.53513921 1.66726552e+01
80.29422972 31.31678829 -38.83541001 1.67102168e+01
79.58922304 31.76039190 -39.93748612 1.60989066e+01
80.20635672 31.43888142 -39.56102105 1.66354525e+01
79.24387411 32.12924501 -42.22672506 1.61463508e+01
79.87512267 31.59831559 -39.59607596 1.63815795e+01
80.14961922 31.73374683 -42.25460723 1.65267327e+01
80.60174325 31.34308291 -40.56255719 1.66392167e+01
79.34565218 31.97374242 -41.05356563 1.60348205e+01
78.89970467 32.27163586 -42.18765561 1.63105963e+01
78.54779511 32.31603787 -40.93366168 1.68433377e+01
78.48434195 32.42654962 -41.73191205 1.72225069e+01
79.24436192 31.90015787 -39.89347872 1.58669665e+01
78.88545808 32.16172044 -40.98900789 1.61468099e+01
78.43790863 32.37166668 -40.91805265 1.72702859e+01
78.67223213 32.13946324 -39.78724289 1.62811625e+01
79.96653410 31.48036927 -38.89699816 1.64983434e+01
77.88461205 32.41268160 -38.19813824 2.40029531e+01
79.51530645 31.67731052 -38.87684652 1.59657355e+01
78.52228998 32.05399660 -38.30138348 1.63002498e+01
79.17047531 31.81494016 -38.81955389 1.56817254e+01
79.15708708 31.70568645 -37.77697223 1.55186274e+01
78.60113479 32.05543174 -38.68050509 1.61732014e+01
78.69888828 31.89389347 -37.63667150 1.56690541e+01
78.61910239 31.89094233 -37.25643497 1.57109634e+01
81.12231835 30.59393219 -36.18206563 1.62986686e+01
78.15210772 32.17164119 -37.49871701 2.14144523e+01
78.27067317 31.98628493 -36.43760581 1.66929083e+01
77.97256473 32.23822503 -37.10264551 2.24114409e+01
78.11549057 32.03351956 -36.03949913 1.84493604e+01
79.92796636 31.12024265 -35.45528082 1.70458535e+01
78.58662120 31.94501167 -37.60091036 1.58903304e+01
78.56141106 31.68324521 -35.09778782 1.51171483e+01
78.43774185 31.85996916 -36.13220271 1.58190168e+01
77.10077277 32.45527063 -33.56810262 0.00000000e+00
78.45060125 31.73583587 -35.04505911 1.53812215e+01
78.86775084 31.59023002 -35.59780166 1.49512937e+01
79.00294762 31.38341680 -34.16465563 1.46892654e+01
79.43050971 31.25738644 -34.70143037 1.58721707e+01
79.91620156 31.01224438 -34.35111976 1.74837052e+01
80.00524342 31.12106516 -35.78808881 1.70501801e+01
79.09761825 31.49975852 -35.68444720 1.51072453e+01
79.67091343 31.27278071 -35.80893490 1.63890358e+01
78.71239172 31.77141017 -36.58714846 1.53479629e+01
80.03775261 31.06709927 -35.43361230 1.72101718e+01
79.23279269 31.52386829 -36.41621128 1.54046885e+01
80.70304986 30.96855233 -37.56886625 1.66274093e+01
81.04598003 30.51602937 -35.07441079 1.62865123e+01
80.53802522 31.14388496 -38.38451027 1.67136672e+01
81.22645820 30.53334993 -36.13518814 1.63256983e+01
79.05536406 31.86070980 -38.79598962 1.56580926e+01
78.96042515 31.74529238 -37.37616238 1.53824823e+01
81.13266756 30.83558753 -38.43811063 1.63893736e+01
82.27173707 30.01114575 -36.09132857 1.94606864e+01
80.59909771 31.03000232 -37.63406959 1.67117093e+01
81.25099425 30.60246361 -36.88462091 1.63610759e+01
81.14634349 30.66262894 -36.92572671 1.63274778e+01
84.11228654 29.53339127 -37.72854960 1.41048992e+01
81.28221988 30.33578160 -34.54301241 1.63962452e+01
83.26495556 29.72282119 -36.95077520 2.04264994e+01
81.68089980 30.37830036 -36.87761128 1.77648560e+01
82.32442563 30.14881586 -37.54618126 1.91107887e+01
83.15017911 29.98184995 -38.93433596 1.88578361e+01
83.30257674 29.89646666 -38.63588677 1.88848012e+01
81.90299320 30.27767983 -36.96084521 1.74880400e+01
83.25610486 29.83679100 -37.95341821 1.94851031e+01
82.38686838 29.96965722 -36.16508152 1.90282821e+01
83.09447588 29.62627277 -35.54426486 2.36350548e+01
82.27900100 29.89058720 -34.99653032 1.96202353e+01
83.85125790 29.54227099 -37.05896430 1.71669616e+01
84.13870095 29.41512029 -36.73647261 1.38789446e+01
82.33180787 30.02846258 -36.48400334 1.90585998e+01
82.15723452 30.05402608 -36.01486371 1.74965058e+01
83.32020821 29.66885313 -36.63260556 2.04590877e+01
81.77682683 30.00718337 -33.80500677 1.58173953e+01
81.35786983 30.33546482 -34.93529016 1.65478701e+01
81.17279009 30.52292272 -35.77986631 1.62942445e+01
81.27721297 30.46306196 -35.74016854 1.63707054e+01
80.94390910 30.57877924 -35.15308631 1.63636666e+01
81.06939111 30.58418253 -35.83500371 1.62939381e+01
80.45293525 30.95829872 -36.29350277 1.69614832e+01
80.76980053 30.64700898 -34.92169082 1.66217692e+01
81.16397599 30.07192372 -31.21656683 1.66600193e+01
81.03587844 30.27437782 -32.58978592 1.63269393e+01
81.37153773 30.16198324 -33.26135611 1.68134088e+01
81.25271120 30.39400770 -34.96231272 1.63456611e+01
81.66586316 30.05678700 -33.74337095 1.65125345e+01
81.38779897 30.27778705 -34.52102261 1.66654664e+01
83.31983256 29.26249170 -32.67130920 2.39984796e+01
83.57883710 29.03900262 -31.25702876 1.81764896e+01
82.40998221 29.61206469 -32.74144463 2.18549055e+01
82.46284756 29.74939017 -34.39071403 2.04929588e+01
83.46369561 29.29365914 -33.49086826 2.01882603e+01
83.20053810 29.48274082 -34.51015716 2.49852280e+01
82.64319071 29.53824453 -32.96762101 2.65895170e+01
83.00330726 29.31771680 -32.09961047 3.57055155e+01
83.07395785 29.22278757 -31.38305653 3.32259708e+01
82.85081564 29.39984733 -32.36391078 3.66122097e+01
82.75646951 29.27681347 -30.72837759 3.67459187e+01
82.73366359 29.43470694 -32.26345272 3.44042810e+01
82.76019901 29.50247398 -33.06984937 3.01775761e+01
83.81242855 28.96839393 -31.30978366 1.28129275e+01
82.28794452 29.41850705 -30.11334975 2.46627404e+01
82.65147756 29.42145374 -31.79568450 3.40973096e+01
81.61972010 29.79093355 -30.77411574 1.62077692e+01
81.24148909 30.15104661 -32.44676289 1.65421576e+01
80.86014954 29.97617084 -24.36236670 1.98978232e+01
80.97436617 30.02417606 -28.06535806 1.82813792e+01
81.06202620 30.13412768 -31.29851045 1.64980036e+01
80.98414193 30.26566201 -32.21942255 1.63909993e+01
79.46146495 30.79199699 -29.91004167 1.95451650e+01
80.54939115 30.34756474 -30.69725078 1.86158273e+01
81.05928783 29.84513038 -23.70959332 1.92675072e+01
80.13828688 30.59515141 -31.16319611 2.05029242e+01
79.29032337 31.04645588 -31.95612745 1.57085322e+01
79.74577531 30.86298007 -32.05854438 1.86691398e+01
78.86819544 31.35929301 -33.30491130 1.43064292e+01
80.56241771 30.45848453 -31.92471898 1.77874559e+01
80.46287285 30.83539162 -35.20670489 1.71542737e+01
81.03050898 30.40178030 -33.86114052 1.62876213e+01
79.27586549 31.16565615 -33.11305454 1.54250150e+01
80.42981191 30.65940476 -33.28094210 1.77931263e+01
79.16046026 31.20921440 -33.06426478 1.49367649e+01
80.13434376 30.90358162 -34.28359929 1.77645278e+01
79.13165942 31.44852483 -35.35001597 1.50875892e+01
79.23414720 31.29525558 -34.25934937 1.52355830e+01
79.08436260 31.39035328 -34.59390409 1.49164187e+01
79.11850800 31.33921139 -34.21543030 1.49187201e+01
78.65954787 31.52262853 -33.98219066 1.45735790e+01
79.57901931 31.16011236 -34.34856504 1.64563337e+01
76.92746829 32.37729266 -31.53340625 0.00000000e+00
77.08440062 32.38600862 -32.76550801 0.00000000e+00
78.70108274 31.38861352 -32.80706234 1.41216864e+01
78.15141406 31.65533653 -32.49238845 1.54332478e+01
78.20035923 31.66805159 -32.92086926 1.54373150e+01
78.09426010 31.72743101 -32.88372400 1.59712970e+01
78.68178985 31.31928577 -31.99759403 1.38098842e+01
79.25610613 31.09723104 -32.32893452 1.54286510e+01
79.73406448 30.75491094 -30.90312786 2.03415510e+01
79.51972978 30.95759834 -32.03073292 1.72985288e+01
76.27558642 32.89427573 -31.16335387 2.02385740e+01
77.51659356 31.68737925 -28.19946710 2.12317257e+01
76.76216119 32.45910807 -31.08205790 0.00000000e+00
78.05799939 31.58908058 -31.23296791 1.52478413e+01
76.48106645 32.67937405 -30.93113548 1.35546373e-01
76.79395858 32.59809214 -32.67519601 0.00000000e+00
75.84733465 33.29583882 -30.70063199 1.05910195e+01
77.28870389 31.88083577 -28.77634602 4.26954470e+01
76.18730771 32.97249377 -31.08199613 2.50314500e+01
76.54811499 32.66627848 -31.36587687 7.89181713e-03
75.31262243 33.82610724 -29.44023922 1.94153154e+00
76.35655144 32.53492584 -27.70875377 0.00000000e+00
76.12350493 32.98861270 -30.62641030 2.12402639e+01
76.47144808 32.81086391 -32.10501356 1.97301474e+00
75.73416147 33.53886092 -31.85496474 8.06075562e+00
75.77979937 33.44921003 -31.47333445 9.24568123e+00
74.59136697 34.85080015 -30.27628709 5.98750565e+00
76.25637760 33.11929836 -33.15183090 3.50692277e+01
76.34551528 33.04122560 -33.21215434 4.01508638e+01
77.48476903 32.35177109 -35.20167172 3.31800282e+01
77.04074850 32.37662775 -32.35691869 0.00000000e+00
76.69892917 32.67061631 -32.63287867 0.00000000e+00
77.19916207 32.38606678 -33.58820555 3.95578173e-01
76.79964672 32.83836601 -35.04075594 0.00000000e+00
77.23705378 32.23868071 -32.38860084 5.27054898e+00
76.97591935 32.58539000 -33.93225009 0.00000000e+00
77.13860307 32.30731782 -32.37521089 0.00000000e+00
77.00304336 32.52520360 -33.54247216 0.00000000e+00
77.90384655 31.92054063 -33.66533003 2.13679678e+01
77.21478484 32.49625020 -34.77576109 1.62668542e+00
77.39762620 32.24959646 -33.61564596 3.96594373e+01
77.40185488 32.48828696 -35.94195648 4.51755028e+01
77.17150970 32.44578194 -33.98300612 2.67113246e-01
77.14935991 32.70385777 -36.26451938 4.13235331e-02
77.60219028 32.35399633 -35.96607400 2.83168205e+01
77.97787444 31.91546011 -34.09110205 1.91531371e+01
77.05146045 32.77387992 -36.24403292 0.00000000e+00
76.23101378 33.51801385 -36.71607437 2.08481238e+01
77.73810249 32.42585435 -37.44817248 2.61184124e+01
77.70321613 32.28788440 -35.97617211 2.55731386e+01
77.18171474 32.88312837 -38.13420120 2.69034768e+00
77.36392529 32.63506438 -37.04205372 7.05828240e+01
76.57541159 33.13766830 -36.09454841 6.48334415e+01
76.12143585 33.66200744 -37.06590071 1.54814712e+01
76.30381614 33.36889385 -35.98003355 2.78074022e+01
75.89156926 33.84531355 -36.60706203 1.05376677e+01
76.26486548 33.36197874 -35.58391408 2.64318240e+01
75.78844369 33.99391353 -36.97606255 9.08188785e+00
76.20770762 33.58130086 -37.09579058 1.86965395e+01
76.53463141 33.12988231 -35.70064781 6.17054239e+01
76.35350603 33.28352261 -35.62275577 3.60897580e+01
75.52104500 34.10938929 -35.33787960 5.37086226e+00
76.70501929 32.91126942 -35.00416058 8.43670117e-01
76.48358219 33.21361558 -36.05664266 5.45490606e+01
76.09152760 33.52207576 -35.51012839 1.66561447e+01
75.60600992 33.88818296 -33.97778778 6.39487840e+00
76.32129129 33.10377987 -33.59981521 4.14130312e+01
76.33821820 33.21372310 -34.82764137 3.80791130e+01
74.64646587 35.17161098 -35.74639972 6.89033994e+00
75.50705491 34.03891835 -34.43804714 4.48040991e+00
74.71441322 35.21906418 -36.96863690 7.56831526e+00
75.75956999 33.85343749 -35.39619234 9.09016435e+00
76.01428683 33.46970823 -34.22853827 1.51372627e+01
75.55527945 34.11474774 -35.74374848 6.20887643e+00
75.97459541 33.42383665 -33.34945599 1.45450950e+01
75.72864626 34.01395938 -36.56690023 8.61419054e+00
74.79485971 34.99334524 -35.72531226 6.77507578e+00
75.31644489 34.51108662 -36.93519388 4.02217007e+00
74.90027211 35.08322229 -37.76177889 7.80158188e+00
75.62807602 34.16424427 -36.95553270 7.97727184e+00
75.50892391 34.38055706 -37.75646065 7.08046214e+00
74.76954276 34.85126078 -33.57103876 6.16020650e+00
75.14125012 34.06595730 -29.65742910 2.78016428e+00
75.25940625 34.53330755 -36.52991771 3.79623205e+00
75.28915527 34.36983018 -35.30277308 3.21768494e+00
74.65888442 35.24273968 -36.56967478 7.36680965e+00
74.91811846 34.67378403 -33.62893569 4.70865303e+00
74.72059734 35.08242510 -35.73383589 6.94912544e+00
74.52196210 35.66526360 -39.01960350 7.58467625e+00
74.57243493 35.26088561 -35.76086739 6.70395382e+00
74.69557388 34.94022777 -33.53081445 6.48553074e+00
74.68940552 35.07686335 -35.31936714 6.83664360e+00
75.44912485 34.06007103 -33.91707062 3.50867085e+00
74.82497500 34.82796154 -34.23077192 5.99174717e+00
75.29501674 34.23382202 -33.82824413 2.86140682e+00
75.54584295 33.56772706 -29.80964977 2.78442073e+00
75.07931923 34.22453003 -30.54148526 3.10168838e+00
74.60315265 35.09478780 -34.22188450 6.38767439e+00
75.86189089 33.36602284 -31.56163364 1.15694011e+01
75.20080823 34.21264539 -32.21324372 2.79821858e+00
75.57404223 33.70853812 -31.67076992 4.01997743e+00
75.42924616 34.12523826 -34.40587095 3.58092906e+00
75.82639349 33.69918389 -34.56821367 1.02470225e+01
75.06606992 34.15373673 -29.53317285 3.06766851e+00
75.73032436 33.15979351 -27.44569097 3.83160799e+00
75.48915907 33.92980903 -32.94964295 3.56890361e+00
76.33021044 32.97143963 -32.40163546 3.12855329e+01
75.83432865 33.01232655 -27.02628171 4.44327221e+00
75.50775542 33.52337186 -28.74807200 2.08535625e+00
75.70544965 33.39830059 -30.06438781 6.08476619e+00
75.62518126 33.48268950 -29.93632692 4.08445383e+00
75.60751950 33.37328077 -28.37093570 2.70950755e+00
75.16042345 34.00055314 -29.19985914 2.61794534e+00
74.93561178 34.26453975 -28.85367727 3.21217244e+00
75.29474777 33.71719612 -27.89063740 1.76809019e+00
74.86135131 34.35299310 -28.74288774 3.24013718e+00
75.12458165 33.78328810 -26.13341619 2.77014677e+00
74.53086248 34.49376463 -25.61461078 4.04256761e+00
74.84338180 34.24497631 -27.30839165 3.20193466e+00
74.76875726 34.50715867 -29.06085747 3.71581965e+00
74.89884556 34.22192186 -27.85197596 3.25124198e+00
74.42025170 34.88690920 -28.36014196 5.30872144e+00
74.60366762 34.57745052 -27.49821852 4.45353460e+00
74.58573133 34.46997405 -26.11623135 3.82778367e+00
74.45709181 34.75597442 -27.34254621 5.57651995e+00
75.25730118 33.67362995 -26.80039940 1.90294259e+00
74.91764396 34.15636545 -27.39277028 3.50663710e+00
74.56093009 34.32777998 -23.04574293 4.36939875e+00
74.84207743 33.90111296 -21.05077739 6.27637926e+00
74.97427636 33.95963161 -25.98557125 3.91765727e+00
75.79074154 32.80175871 -21.37709528 1.90445168e-01
74.64003296 34.10195715 -19.52544268 6.99666113e+00
74.84138345 33.38357625 -11.85963582 5.55212554e+00
74.41495029 34.50643235 -22.87230051 4.47945860e+00
74.42118212 34.36969738 -19.29759081 5.06551513e+00
74.97267351 33.61607306 -17.37301272 5.15555937e+00
74.40288372 34.43520997 -20.50708884 4.45531138e+00
75.29296274 33.37495564 -21.74585876 2.34155503e+00
76.12334765 32.61267027 -25.65835923 4.08686227e-01
75.54743379 33.05275453 -20.88097674 1.52999478e-01
75.54091433 33.18792331 -24.42095192 8.65870545e-01
75.38395597 33.35913052 -24.13332753 9.49774273e-01
75.49635658 33.27872242 -25.17953293 9.05892462e-01
75.18106374 33.76102955 -26.70961859 2.36309807e+00
75.33415938 33.58664246 -26.89865832 1.43601536e+00
75.58988821 33.26386112 -26.69202745 1.67581737e+00
75.91808231 32.93015014 -27.14296007 5.35447942e+00
75.21833492 33.80437179 -27.78504959 2.19558512e+00
75.27690003 33.60827751 -26.30089769 1.68977804e+00
75.03016801 33.93687328 -26.54436100 3.48858573e+00
75.12330180 33.95737842 -28.15743159 2.76324570e+00
75.56917926 33.32867667 -27.21715304 1.87594703e+00
75.66684197 33.35336941 -29.01462373 4.23893960e+00
75.81247790 33.07648550 -27.56485088 5.13724172e+00
77.23900624 31.67316539 -24.57939246 2.03657086e-01
75.74783113 33.26938385 -29.15163642 6.37493167e+00
76.74614942 32.34899110 -29.71674708 0.00000000e+00
76.70371669 32.29959976 -28.61582620 0.00000000e+00
76.90696090 32.02740822 -26.94268720 0.00000000e+00
76.79937594 32.22783009 -28.66931538 0.00000000e+00
76.91167271 32.26714453 -30.25982530 0.00000000e+00
77.18968380 31.94892332 -28.77491956 1.16049183e-01
77.23287184 31.99969750 -29.83325390 2.40743547e+00
77.99851617 31.42465088 -28.85942141 1.63236956e+01
77.34730094 32.04219730 -31.18240646 5.15608992e+01
77.31674162 31.82147901 -28.19591627 4.44173681e+01
77.70136987 31.48694657 -27.07624917 1.74119561e+01
76.89592159 32.15697730 -28.71250436 0.00000000e+00
77.10244004 31.88859893 -27.00538949 0.00000000e+00
77.21752397 31.88938941 -28.19008066 3.47570040e-01
77.11880149 31.95788616 -28.17839486 0.00000000e+00
76.82619988 32.16739905 -28.08658089 0.00000000e+00
77.15679712 31.81040024 -26.43655804 0.00000000e+00
76.15339547 32.75258509 -28.05030851 4.84259289e+00
76.16207270 32.61977261 -26.29581852 4.42102365e-01
75.81976509 32.94216050 -25.72387297 2.42229034e+00
76.86384947 32.01810014 -26.33292430 0.00000000e+00
76.06618753 32.83200646 -27.92976511 8.21802780e+00
76.03639658 32.69197080 -25.50993773 1.41986663e+00
75.64925093 33.24388087 -27.32951284 2.56571450e+00
75.65599851 33.10897023 -25.43784747 1.44095815e+00
75.61000777 32.85877776 -16.55493116 4.54009528e-03
76.10837527 32.54267475 -23.53136290 8.52936422e-02
75.87498689 32.38196762 -13.27449468 0.00000000e+00
75.72280547 32.61567510 -14.16860956 0.00000000e+00
78.30363925 30.67040447 -13.38188360 9.09972559e+00
77.02692722 31.69932453 -19.97622268 0.00000000e+00
77.69021097 31.09364824 -14.61961356 1.41606735e+01
75.94168821 32.52881905 -16.99976831 0.00000000e+00
77.73948683 31.34269735 -24.77443882 1.60411020e+01
77.97496737 31.15997501 -23.91583765 1.45563324e+01
77.75380723 31.17367868 -18.41707247 1.46528579e+01
77.55116606 31.30331055 -18.23530100 1.67542723e+01
80.71556975 29.46101661 -11.44575937 2.74303201e-02
78.86965112 30.43991312 -13.55604570 3.31764251e+00
77.27334420 31.28770176 -13.29728084 0.00000000e+00
77.55749574 30.97842382 -11.74913044 1.39612253e+01
76.97851662 31.49120734 -13.32024152 0.00000000e+00
77.45726802 31.04403077 -11.76227543 4.39987468e+00
76.88121855 31.56019258 -13.32594911 0.00000000e+00
77.08890544 31.25296686 -11.30997299 0.00000000e+00
76.52535593 31.78312172 -12.84390370 0.00000000e+00
76.97468405 31.25183125 -10.17843283 0.00000000e+00
76.43189308 31.85617643 -12.84446574 0.00000000e+00
76.57768214 31.66150006 -11.86368981 0.00000000e+00
76.33960948 31.93035994 -12.84386994 0.00000000e+00
76.50943051 31.67290818 -11.38101129 0.00000000e+00
76.32337035 31.82019329 -11.40214184 0.00000000e+00
76.49395699 31.60320803 -10.27698193 0.00000000e+00
75.73010346 32.48131941 -12.80679160 0.00000000e+00
76.11810277 32.03453538 -11.89536117 0.00000000e+00
75.46712416 32.79686095 -13.21442252 2.43446423e+00
75.85796669 32.27206042 -11.90458832 0.00000000e+00
75.81320932 32.39940762 -12.81430141 0.00000000e+00
76.24858328 32.00570810 -12.84181737 0.00000000e+00
75.51577262 32.87293322 -14.52841665 9.81672213e-01
75.98325909 32.23855739 -12.82708422 0.00000000e+00
75.66979985 32.83937294 -18.17361273 1.22847048e-02
75.64118180 32.69878303 -14.12557356 0.00000000e+00
76.06164173 32.29264488 -14.34431057 0.00000000e+00
75.06660323 33.46250269 -16.14989612 4.84637690e+00
75.43673703 32.95808656 -14.50599306 2.58075721e+00
75.21820486 33.28754291 -16.25234870 4.27898808e+00
75.43041450 33.09349365 -17.86926045 1.44324640e+00
75.31268796 33.30976317 -20.45226456 2.48442142e+00
74.31232489 34.41764367 -16.74625395 4.42532346e+00
74.75042727 33.88177122 -17.17294023 6.30555099e+00
74.54906682 34.08357104 -15.85879205 6.89748276e+00
74.45780846 34.23858867 -16.94768400 6.01579204e+00
74.90397325 33.56800878 -14.36664571 5.42017722e+00
74.46385795 34.10187244 -14.26769250 7.27370439e+00
74.82992459 33.65651035 -14.34905636 5.59881474e+00
74.56628778 33.84673877 -13.06141918 6.58924195e+00
74.73064816 33.60334197 -12.67613931 5.70308386e+00
74.53664921 34.01250033 -14.28277814 7.15573383e+00
74.80410789 33.51472464 -12.68723835 5.55734682e+00
74.78553273 33.58028267 -13.09896131 5.66443874e+00
74.43336731 34.09629927 -13.85417345 7.36584246e+00
74.36686868 33.70439800 -8.85756395 6.70626299e+00
74.27689954 34.03140614 -11.38727977 7.62387112e+00
74.66890178 33.41905284 -10.06497893 5.87377802e+00
74.33101852 34.00735429 -11.80122270 8.28279998e+00
74.92109380 33.15890315 -10.54442119 5.77776381e+00
74.95020630 32.99489191 -8.83506381 6.10457677e+00
74.58404310 33.26349033 -5.93830376 5.96362663e+00
75.08402500 33.05400191 -11.45522797 5.66014066e+00
74.88919849 33.15363192 -10.06401882 5.85422546e+00
75.38866360 32.88207209 -13.20127521 3.90822170e+00
75.96641751 32.12855281 -11.43568371 0.00000000e+00
75.77395112 32.35339001 -11.90581137 0.00000000e+00
75.14623338 32.89611436 -10.53498430 5.97418464e+00
75.25225082 32.64704147 -8.76910101 5.88016210e+00
77.49225415 30.66002124 -5.48586675 0.00000000e+00
75.41075853 32.30187894 -5.68354221 5.57336099e+00
76.32824034 31.48761402 -6.01734931 0.00000000e+00
74.87613654 33.08280641 -8.84495202 6.04756676e+00
75.33220261 32.38700650 -5.71086026 5.70773711e+00
74.86402367 32.83801413 -4.73380360 6.34590096e+00
75.15812696 32.62429252 -6.52800719 6.33392883e+00
74.72990950 33.08569219 -5.91312679 6.03660084e+00
74.87713423 32.90880176 -5.87598914 6.16777910e+00
74.16970427 33.56259193 -3.30925106 6.75285674e+00
74.26493091 33.96019535 -10.50902832 8.22977839e+00
74.89486100 33.01730154 -8.10023595 6.12445650e+00
75.09993012 32.82010554 -8.80661679 6.24680949e+00
74.28313091 33.54992366 -4.78003779 6.46994650e+00
75.69231308 31.75822758 -2.72930534 6.48277208e+00
74.47422646 33.13957150 -2.87295889 6.22564016e+00
75.36243028 32.22573117 -4.19618273 5.74734817e+00
74.38435045 33.29437144 -3.34858111 6.28915199e+00
74.52857478 32.94262161 -0.80831373 6.51215633e+00
74.33065077 33.31812756 -2.81925687 6.14195864e+00
74.60047880 33.02724158 -3.41099050 6.32279932e+00
74.54633800 33.05051919 -2.90375924 6.13734908e+00
74.25907532 33.40756725 -2.79922440 6.42029021e+00
74.16988505 33.39010977 -0.75232926 6.62678898e+00
74.96720795 32.58638176 -3.47777772 7.00814332e+00
74.61873359 32.96165757 -2.93388108 6.34992672e+00
75.19587881 32.15168788 -0.80096551 6.28248768e+00
75.68467201 31.89230205 -4.10508830 8.28769430e-01
75.94798862 31.51912981 -2.67888896 0.00000000e+00
74.91177832 32.60851699 -3.05079319 7.20970475e+00
74.71705286 33.01480958 -4.75663984 6.21088495e+00
75.04202707 32.49918028 -3.44687253 7.11675317e+00
74.90612144 32.74476241 -4.32953348 7.11915479e+00
75.06125059 32.43388936 -2.96946760 6.65340704e+00
74.95139247 32.82078331 -5.85160799 6.83935264e+00
75.27069978 32.24038901 -3.36100489 5.93434903e+00
75.24081742 32.40221391 -4.60783700 6.21904192e+00
75.08812478 32.57522276 -4.66300208 6.79650166e+00
75.08227692 32.71120391 -6.55544438 6.55163626e+00
75.76818306 31.81114827 -4.08198150 0.00000000e+00
76.12553053 31.36567529 -2.66899836 0.00000000e+00
75.77616923 31.67742909 -2.70761756 0.00000000e+00
76.01206081 31.50417509 -3.17128475 0.00000000e+00
75.75369792 31.74090391 -3.21360913 4.82203136e-02
76.08471410 31.31739709 -1.45095216 0.00000000e+00
75.44810714 32.00621344 -2.80589274 6.24326754e+00
75.99562412 31.39396952 -1.45344780 0.00000000e+00
76.01972347 31.33153253 -0.72618378 0.00000000e+00
75.84468406 31.48751553 -0.72830724 1.81769210e+01
76.96231477 30.61549983 -0.74192334 1.65420670e+02
76.74029448 30.81194114 -1.47494939 1.20919277e+02
76.45341109 31.02258240 -1.45835709 1.98582002e+01
76.64390432 30.88132871 -1.46920147 8.18428933e+01
76.59037046 31.00169813 -2.67113063 8.41549820e+00
77.62839547 30.21240381 -1.37733354 1.30013424e+01
77.14544273 30.65078896 -3.13801125 8.03727897e+01
77.29316535 30.79197869 -5.62915790 8.60200903e-03
76.03609637 31.44181948 -2.67415082 0.00000000e+00
76.19123656 31.35229124 -3.15684320 0.00000000e+00
77.67020689 30.78616406 -9.97884538 8.81503274e+00
77.26994013 31.04874846 -10.10994317 0.00000000e+00
76.65262756 31.32097381 -7.36394184 0.00000000e+00
77.82605408 30.41153733 -4.76778611 2.64757919e+00
77.32131041 30.73292278 -5.04718202 3.14077837e-01
76.24638813 31.43048215 -4.34751294 0.00000000e+00
76.46309127 31.46371394 -7.43992945 0.00000000e+00
76.99771633 30.99391080 -5.77950994 0.00000000e+00
75.75261307 32.07889382 -7.78718353 0.00000000e+00
76.90003604 31.06220734 -5.81780400 0.00000000e+00
76.65928349 30.99179778 -3.14882715 4.64332689e+00
76.39062192 31.27480802 -3.97982218 0.00000000e+00
75.72114184 31.89876661 -4.46699515 2.26129212e-02
75.42815382 32.41135842 -7.94514345 4.79718383e+00
75.82874942 32.13171809 -9.87785080 0.00000000e+00
75.78158523 32.21935101 -10.44236144 0.00000000e+00
76.45255815 31.59440535 -9.67301393 0.00000000e+00
76.68393275 31.46017782 -10.23654958 0.00000000e+00
76.34430172 31.59783766 -8.29597548 0.00000000e+00
75.89912922 31.98136120 -8.50118851 0.00000000e+00
76.68857638 31.70032494 -13.33119142 0.00000000e+00
77.02887057 31.17373684 -9.51739767 0.00000000e+00
76.87716023 31.32059758 -10.19788712 0.00000000e+00
77.20914538 30.96936511 -7.95881387 0.00000000e+00
77.00599295 31.43157680 -12.81938172 0.00000000e+00
77.25838236 31.17719463 -11.78946830 0.00000000e+00
77.12699094 31.10595130 -9.48839765 0.00000000e+00
77.23708189 30.91019860 -7.09751816 0.00000000e+00
77.68739539 30.85538272 -11.21676303 1.03426058e+01
77.52366475 30.84002020 -9.33268290 5.42724994e+00
78.08738258 30.77993055 -13.32077081 1.09140960e+01
79.78342494 30.09100350 -13.41269735 1.90199581e-02
79.23932366 30.15822260 -11.22952366 5.48340651e-03
79.71451353 29.78236517 -8.27721075 0.00000000e+00
78.78844653 30.43121138 -12.95048827 3.18205212e+00
80.67489493 29.40928498 -10.49498356 6.63251574e-04
79.51023274 29.94446220 -9.42540002 0.00000000e+00
79.62281907 29.89828584 -9.47407784 0.00000000e+00
79.21683923 30.31714590 -13.58683497 5.69837912e-01
81.88383185 28.60292999 -7.44329661 0.00000000e+00
80.68882163 29.52211808 -12.01044490 6.28399068e-02
82.06125339 28.59040699 -8.49218017 0.00000000e+00
80.41893002 29.56014483 -10.56097033 0.00000000e+00
81.76824000 28.63978170 -7.23107311 0.00000000e+00
80.39104443 29.62003626 -11.11480762 0.00000000e+00
80.32236988 29.62851196 -10.73556134 0.00000000e+00
80.53386144 29.10887380 -5.24478804 0.00000000e+00
79.95088177 29.51164536 -6.12668174 0.00000000e+00
78.79915645 30.12159901 -7.52772194 4.30901669e-03
78.43338401 30.45574472 -11.15753883 3.79183981e+00
78.68401702 30.16307413 -7.43545807 4.24417553e-02
78.07318668 30.66896897 -11.70955100 9.30664422e+00
78.14418921 30.47392391 -9.02789014 4.79857516e+00
77.93191241 30.58865069 -9.11583503 7.95985366e+00
77.91428215 30.51932613 -7.44369491 6.59326739e+00
77.62422409 30.77526881 -9.28044799 7.80527478e+00
78.60334572 30.15489550 -6.52490472 3.50412080e-02
78.41463479 30.38604901 -9.78610479 2.74210446e+00
78.91779408 29.85272151 -4.12425329 0.00000000e+00
78.25287392 30.18566201 -4.65822763 1.54037977e-01
79.16931145 29.84342495 -5.21881704 0.00000000e+00
79.42183049 29.56483966 -3.44046633 0.00000000e+00
78.29421375 30.04959358 -3.64337319 9.19926299e-03
77.35924148 30.58712965 -3.87140042 2.63738668e+01
79.36543716 29.81157736 -6.01636404 0.00000000e+00
79.26565803 29.73471163 -4.37157935 0.00000000e+00
78.53380795 29.83526437 -2.33254441 0.00000000e+00
79.18096906 29.53815721 -1.47743026 0.00000000e+00
77.32818636 30.40700244 -1.45453388 5.97013979e+01
79.11148786 29.63682758 -2.58292403 0.00000000e+00
79.21580037 29.48882242 -0.76666175 5.39938053e-01
79.19249218 29.64704804 -3.14560873 0.00000000e+00
79.77775421 29.26104949 -0.91972635 0.00000000e+00
80.93240651 28.55005184 -2.32399225 0.00000000e+00
79.99784949 29.25444551 -3.02597039 0.00000000e+00
80.52593504 28.78733089 -1.82194000 0.00000000e+00
80.26377514 29.11648660 -3.40297175 0.00000000e+00
79.98610170 29.37675165 -4.61974416 0.00000000e+00
80.35728948 29.04590051 -3.43224643 0.00000000e+00
80.13607343 29.32274506 -5.05917978 0.00000000e+00
80.59938852 29.09774285 -5.57408865 0.00000000e+00
80.90440798 28.82177556 -4.43702590 0.00000000e+00
79.74743117 29.72939485 -7.69159662 0.00000000e+00
80.02378496 29.50833348 -6.68899872 0.00000000e+00
79.59235310 29.72268081 -6.28465316 0.00000000e+00
79.75562744 29.42270370 -3.74743487 0.00000000e+00
82.11208472 28.30477415 -4.69241343 0.00000000e+00
83.29463895 28.01862465 -6.51425124 7.56402011e-03
82.34869210 28.24704186 -5.03132525 0.00000000e+00
82.79625966 28.06819353 -4.73907715 6.35769464e-01
80.87764005 28.88295144 -4.77753589 0.00000000e+00
81.50649478 28.41178563 -3.68797181 0.00000000e+00
81.76092378 28.40313101 -4.32074584 0.00000000e+00
82.11554904 28.11082781 -3.34613454 0.00000000e+00
81.10299239 28.48256375 -2.68427193 0.00000000e+00
82.22049744 27.97115445 -2.02459839 0.00000000e+00
81.63409713 28.12490323 -1.25968120 0.00000000e+00
81.20667502 28.42484767 -2.65961527 0.00000000e+00
82.37444118 27.89938665 -1.01980653 0.00000000e+00
82.35200211 28.05608861 -3.60737488 0.00000000e+00
82.15045801 28.06402734 -3.13775786 0.00000000e+00
81.67502871 28.31147582 -3.53200092 0.00000000e+00
82.38724790 28.01028673 -3.35333644 0.00000000e+00
82.23025382 28.27542712 -4.86520553 0.00000000e+00
85.46277759 27.29056154 -5.59704814 0.00000000e+00
82.94355264 27.92240176 -3.85269813 3.30756643e-02
82.97033291 27.99000735 -4.62426499 1.07406803e-01
82.43196046 28.26537755 -5.60409633 9.31376332e-03
84.89718057 27.49060450 -6.55315284 0.00000000e+00
82.82295990 28.13620616 -5.71880201 1.06716484e+00
82.78742921 28.18184713 -6.24410718 1.26468334e+00
82.47985019 28.32977842 -6.78954936 1.86423396e-01
82.09095418 28.46535726 -6.53401525 0.00000000e+00
82.23517501 28.50490896 -8.20144628 0.00000000e+00
81.95985388 28.38398258 -4.73357082 0.00000000e+00
82.00818791 28.44886996 -5.71091492 0.00000000e+00
81.21573082 28.87612095 -6.94109138 0.00000000e+00
84.53570716 27.77422800 -9.57725219 0.00000000e+00
80.82456463 29.00566674 -5.88981397 0.00000000e+00
80.89276170 28.99765332 -6.30767282 0.00000000e+00
81.08892844 28.86672432 -5.88659632 0.00000000e+00
80.70146660 29.34792382 -9.89136155 5.19416339e-04
81.01258337 28.99879977 -7.27569495 0.00000000e+00
81.11272305 28.93558314 -7.07994786 0.00000000e+00
80.98817303 29.14073340 -9.23325807 5.47183345e-03
81.94430951 28.62417577 -8.24807777 0.00000000e+00
81.26520294 29.01572623 -9.56198232 6.76712886e-03
81.37208234 28.96140666 -9.55820364 4.01052832e-03
81.07519274 29.25137004 -11.41344437 4.52285692e-02
83.06190156 28.29980485 -9.82992919 8.26376250e-01
81.85453920 28.73114570 -9.45897608 0.00000000e+00
82.40634243 28.61399518 -11.49485457 3.46232624e-01
82.30152607 28.75668758 -13.51062963 0.00000000e+00
83.26856946 28.35618520 -12.63378127 6.36277288e-01
84.23012374 27.84505490 -8.94755202 0.00000000e+00
82.00034122 28.56849421 -7.68313582 0.00000000e+00
82.29669265 28.52750334 -8.99364133 0.00000000e+00
82.99743860 28.46422888 -13.01347396 7.98822205e-01
82.92646713 28.55671575 -15.00586584 8.16048551e-01
85.44818154 27.63665903 -12.62177081 0.00000000e+00
81.93666650 28.74476307 -10.32358762 0.00000000e+00
81.98490202 28.80873312 -11.82915056 0.00000000e+00
81.82087359 28.78192524 -10.07450037 0.00000000e+00
81.38782386 29.07740749 -11.39073782 5.67804010e-02
83.12448936 28.72671624 -25.26893109 4.57976582e+00
80.56011484 29.86000760 -16.10329004 1.16202633e+01
83.21554657 28.62820818 -23.00920306 1.92546215e+00
82.97105301 28.80522809 -25.27224483 2.89253523e+00
83.15330428 28.60818155 -20.74670821 7.84499802e-01
82.73498745 28.86854032 -23.88297020 1.70102581e+00
82.74709895 28.97807914 -26.82244377 6.65106594e+00
83.71090913 28.55998778 -25.73120622 9.63587018e+00
82.49900409 28.93249634 -22.93194388 1.57802195e+00
80.66277847 29.66406114 -13.58377719 7.20003670e-01
81.29542844 29.45536572 -16.46026954 2.04902690e+01
81.71874934 29.13897267 -15.24511050 5.99435236e+00
80.96157223 29.70049712 -17.75040373 1.60186290e+01
82.18110424 28.98443051 -17.76570533 4.88876878e-02
81.46375199 29.28773447 -15.16091256 9.68275183e+00
79.53916708 30.38438284 -19.38246835 1.21205309e+01
81.60604175 29.18396714 -14.85768198 6.58820305e+00
81.38610978 29.28401715 -14.30537400 5.04235127e+00
81.86180668 28.96723370 -13.47498233 1.03123279e-01
81.80661548 29.02625777 -13.93609379 8.68354068e-01
81.17681842 29.18977082 -11.35205587 4.11812452e-02
81.14637200 29.45736112 -14.61741694 6.18000164e+00
81.72116343 28.93688178 -11.85201854 7.17428126e-02
81.63411481 29.05084863 -12.89622430 1.32765737e+00
79.59414852 30.13628560 -12.94595947 2.63381140e-02
80.20570087 29.86197236 -12.95119924 1.22035955e-02
80.19418741 29.75260036 -11.43469354 0.00000000e+00
79.32025806 30.16679327 -11.82090795 1.32402653e-02
77.70198210 30.96623492 -12.76060962 1.24186381e+01
78.40060533 30.50891237 -11.72499929 4.70393039e+00
77.85651025 31.11059142 -18.55657307 1.41513201e+01
77.98173603 30.83832085 -13.29784360 1.15037447e+01
77.72471616 31.23192822 -20.41812988 1.51143755e+01
77.83896030 31.04141383 -15.57770238 1.35481129e+01
77.57220961 31.08916719 -13.27533832 1.59406795e+01
77.87532604 30.66114252 -9.90121574 8.84358795e+00
77.77478447 30.96094571 -13.27509428 1.25377155e+01
77.63494117 31.16886577 -15.43237347 1.51863038e+01
79.12062541 30.42697393 -15.66508330 2.78683522e+00
77.96043407 31.04907379 -18.74638309 1.36949691e+01
78.14165254 30.98788410 -21.23578214 1.31595331e+01
77.85926262 31.34837359 -26.55432238 1.59609743e+01
79.15959836 30.56444948 -22.46043064 2.15580395e+01
78.29541099 30.98788523 -24.50037572 1.30725028e+01
80.05673942 30.18023449 -18.60016474 1.61940021e+01
80.06881402 30.05876870 -15.02930710 3.96122308e-01
80.19189737 30.06411947 -16.51469080 2.69765240e+00
79.80271297 30.15758285 -14.88510333 3.79974783e-01
80.50392915 29.97942648 -18.67757496 2.01514725e+01
80.97396926 29.52565690 -14.15932645 4.31424062e+00
80.58785346 29.79985679 -15.08651458 5.89307726e+00
79.91153289 30.10457506 -14.68812012 2.51016217e-01
80.84888288 29.65345459 -15.01496526 7.32890605e+00
81.04531410 29.52042954 -14.65011667 6.60854313e+00
80.47550097 30.03870734 -20.15153398 2.07098058e+01
80.19243187 30.29564632 -24.89548366 3.04855071e+01
78.17415623 31.16797629 -26.72226686 1.44536302e+01
80.13844697 30.36494955 -26.51809979 2.80407098e+01
79.98203963 30.18207379 -17.51036522 6.41868034e+00
79.74213451 30.44939436 -24.80957103 3.68321605e+01
79.12985891 30.80271980 -28.03326985 1.68728604e+01
80.74792285 30.21575756 -30.05797441 1.74471726e+01
78.22352182 31.18138041 -27.31908240 1.45085428e+01
78.24191069 31.25062758 -28.45576505 1.49456834e+01
77.90640110 31.35970326 -27.13342511 1.60069407e+01
78.11629328 31.23873431 -27.24100682 1.49951514e+01
77.82091599 31.49180818 -28.23401181 1.70592788e+01
77.96282316 31.28637342 -26.59614489 1.54366698e+01
78.02858036 31.36742932 -28.31006769 1.59027545e+01
77.93891605 31.53963168 -29.86188859 1.71608057e+01
78.13445204 31.30792374 -28.37375581 1.54141736e+01
78.21072215 31.30641101 -28.99169851 1.53392809e+01
78.31923481 31.25070665 -29.08529015 1.48947995e+01
78.66797826 31.20898145 -30.79617667 1.32758461e+01
78.88355356 31.00804974 -29.61247846 1.38123364e+01
78.55508201 31.25740446 -30.69945317 1.33602715e+01
78.91766400 30.95692840 -29.07803400 1.42516946e+01
78.70131805 31.15658430 -30.42813774 1.31285417e+01
79.34645543 30.83613518 -29.87895814 1.82802446e+01
79.92260060 30.70588048 -31.26410230 2.05224477e+01
79.62141886 30.80302358 -30.89460957 1.94993914e+01
79.47356935 30.90043781 -31.24827640 1.77292249e+01
82.02270312 29.54759288 -30.12641666 1.82706587e+01
82.07086549 29.25398004 -25.61155805 2.72284372e+01
81.16109180 29.78239411 -23.65980699 1.91322280e+01
80.46563955 30.24344135 -27.09994197 2.24114083e+01
82.18704397 29.21663381 -26.27953228 2.89211307e+01
81.44755077 29.66692926 -25.66781407 1.81515824e+01
81.47838910 29.61054274 -24.57212150 1.91904410e+01
81.23534506 29.78049225 -25.02716908 1.85476823e+01
80.88587583 29.83456820 -20.40328941 1.63251673e+01
80.15800652 30.43075340 -28.62718116 2.43193456e+01
81.03090927 29.90476512 -25.13595765 1.94988099e+01
80.93620439 29.84198305 -21.43098769 1.79939373e+01
81.08923362 29.57592723 -16.34540579 1.69223697e+01
81.27946068 29.33944256 -14.14226043 3.01193037e+00
82.42912006 29.02845185 -24.87989994 6.94769861e+00
82.61695117 28.90034011 -23.41977152 1.64417386e+00
82.59993253 29.13259725 -28.08125473 1.81636518e+01
83.89166693 28.76093855 -29.24777905 1.06464912e+01
81.45281113 29.54027106 -21.85466955 2.12654477e+01
81.78630171 29.39536137 -24.15666473 2.23862090e+01
82.71773831 29.09930360 -28.30876448 1.53441499e+01
82.74429832 29.16715057 -29.34628048 2.33453697e+01
82.47395870 29.28372812 -29.43372700 3.71886070e+01
84.46221105 28.68555733 -30.48386569 1.34252097e+01
82.82688810 29.18129749 -29.92945691 2.57734970e+01
87.49382888 27.97591829 -29.72161700 1.68025638e+01
82.86221069 29.13378290 -29.50409373 2.14084361e+01
82.37012644 29.43119452 -30.67426347 2.57575380e+01
81.89346730 29.47519230 -27.82092659 1.89210128e+01
82.00817437 29.43357080 -28.22179165 1.98634300e+01
83.21585304 29.03403982 -29.86486832 2.70403991e+01
86.87407031 28.21958606 -31.58597896 1.68446569e+01
85.62121302 28.19447260 -28.19806690 1.30578640e+00
84.73700125 28.66604865 -31.18912053 1.58549834e+01
85.29314470 28.17776908 -26.60194379 1.03062853e-01
83.06255322 29.11453391 -30.16901753 2.86616776e+01
83.95348839 28.59517108 -27.21187467 8.77341995e+00
83.72121355 28.66668402 -27.23242636 1.08423285e+01
84.63307305 28.25758795 -24.78335587 1.87366457e+01
83.45033734 28.56290843 -23.46300678 8.20408636e+00
85.52891547 27.65101796 -13.39846701 0.00000000e+00
83.85406245 28.40671276 -22.31846886 7.37498006e+00
84.98487758 28.24509300 -26.38738537 1.68217741e+01
85.16828141 28.10634210 -24.66402443 7.29796699e-03
86.41436351 27.59462920 -19.05698657 2.03901663e+01
84.97481326 28.13635440 -24.11146647 1.92827772e+00
86.04560881 27.73548959 -21.33834295 3.51496424e-01
85.90507051 27.86834941 -23.49868417 1.84908198e-01
86.17150202 27.61083332 -17.28846408 4.52822956e-01
85.63101625 27.96441357 -24.21396380 1.67574074e-02
86.96308758 27.82478057 -26.43843235 1.59459432e+01
86.24095839 27.97404574 -26.79469983 2.43233414e+01
85.75958685 28.04750684 -26.32220817 3.25731655e-01
85.18636234 28.40147291 -29.62035184 3.06084529e+01
85.04240898 28.37488379 -28.66938289 2.96102461e+01
84.15098551 28.75179886 -30.14553584 1.15389149e+01
87.36717551 27.77415329 -26.53447354 1.62100980e+01
86.27819670 27.93371488 -26.26275385 2.26619755e+01
86.39509138 28.03425527 -28.24318730 1.89417499e+01
87.82555053 27.88771317 -29.03331457 1.55444833e+01
87.24966596 27.98834855 -29.48784524 1.61635389e+01
86.62952089 28.23540044 -31.36813465 1.78283412e+01
87.19879839 28.02577827 -29.90605130 1.61935521e+01
88.46908537 27.91206167 -30.12258793 2.16866649e+00
87.32108904 28.01967689 -30.01904821 1.63055136e+01
88.59384174 27.80187309 -28.67198326 2.72927864e+00
87.93202117 27.98346919 -30.39958347 1.64589067e+01
88.05408922 27.97507309 -30.44140956 2.13334258e+01
88.29479295 28.06025168 -31.59177811 1.37701876e+01
89.93304255 27.84593158 -30.04192742 7.27566042e+00
88.54224283 27.94125215 -30.50939125 1.98298791e+00
89.89603057 27.77905950 -29.08489534 6.77312031e+00
87.48925179 27.76869611 -26.68334694 1.71346219e+01
87.49779304 27.87194944 -28.25199604 1.58566879e+01
88.43409806 27.84638760 -29.21112914 2.00720148e+00
88.42638861 27.74481457 -27.63134393 1.80667550e+00
87.97711965 27.74126236 -27.05268192 6.44061682e+00
87.81732782 27.78545968 -27.48512751 1.82455797e+01
88.23835169 27.51935525 -23.45219739 9.53154461e-01
87.24506717 27.77912969 -26.36552363 1.58800830e+01
87.20729986 27.81552009 -26.83853386 1.58907293e+01
86.84097198 27.82937453 -26.21210385 1.60254752e+01
86.84553617 27.72254005 -24.38614076 1.57859952e+01
86.60620810 27.94763014 -27.44731993 1.68382596e+01
86.72815788 27.94140513 -27.67552063 1.65901968e+01
87.45999834 27.90845143 -28.73342419 1.66643739e+01
86.47960630 27.73692765 -23.34812914 1.63346539e+01
86.47476606 27.84625340 -25.38250541 1.69096389e+01
85.57469018 27.71426930 -15.95872000 0.00000000e+00
87.70656216 27.48309739 -21.71006821 2.04644307e+00
87.71494756 27.58557378 -24.00472076 8.86414239e+00
86.89674552 27.68545466 -23.79114752 1.58393854e+01
87.74906681 27.65236531 -25.33536568 1.46209784e+01
87.87415669 27.54260107 -23.37844390 1.43648036e+00
88.11373883 27.62995069 -25.54161576 1.29930138e+00
89.08808077 27.46858554 -23.03780602 2.55616134e+00
88.44316265 27.53949024 -24.18305769 1.56261672e+00
88.72112616 27.58982661 -25.37969571 2.47105020e+00
90.01522744 27.36376810 -21.40004353 5.89235519e+00
90.02179451 27.46606264 -23.75383230 6.50472588e+00
88.31401325 27.44614103 -21.84723816 9.39715942e-01
88.68581203 27.52386973 -24.04458918 2.40792109e+00
88.07116239 27.46229346 -21.88964872 5.23501243e-01
88.32185912 27.54772140 -24.22624119 1.24991652e+00
87.51715318 27.35365448 -16.07921349 7.46688158e-01
89.04271539 27.40245093 -21.42662446 2.64951310e+00
87.38789654 27.56538105 -22.76426248 1.55102346e+01
87.58870109 27.38537976 -18.11754753 9.17581329e-01
87.46712732 27.38985137 -17.83065879 2.24510260e+00
87.34152191 27.49762473 -20.89828692 1.58086664e+01
84.28714609 28.19306188 -18.98735971 3.08311504e+00
84.40127608 28.15397234 -18.89396787 1.88627129e+00
87.03134643 27.36513137 -14.34314725 2.19638492e+01
87.46324248 27.49350002 -21.27074787 1.59434221e+01
86.89197506 27.47308012 -17.25731865 1.91543030e+01
87.26623087 27.56942636 -22.52766683 1.53873045e+01
84.95810269 27.84275486 -13.87997325 0.00000000e+00
84.90719672 27.59924209 -8.62192712 0.00000000e+00
84.66309814 28.02454316 -16.77084186 0.00000000e+00
84.20756686 28.18313045 -17.21939592 1.18826803e+00
85.22935889 27.82144778 -16.11821491 0.00000000e+00
85.18461055 27.76142742 -13.63721252 0.00000000e+00
85.64581969 27.62022128 -13.41234492 0.00000000e+00
85.56427192 27.60332642 -12.58857015 0.00000000e+00
84.88941631 27.94259890 -16.54083641 0.00000000e+00
84.99242139 27.79271393 -13.05283937 0.00000000e+00
85.81050771 27.65988234 -16.26155651 1.51002538e-03
85.28810389 27.95262277 -21.63241355 0.00000000e+00
85.69199225 27.68493244 -16.08040294 0.00000000e+00
85.51397676 27.99613578 -24.24962599 1.07046962e-02
83.74635934 28.32986810 -17.01139258 1.30762236e+00
83.33307125 28.59586946 -23.25070958 4.44029579e+00
84.22269240 27.95778506 -10.98559264 0.00000000e+00
83.71109389 28.37705893 -18.84592324 2.45231445e+00
83.85208281 28.18783177 -13.40067946 1.97439417e-01
83.27949041 28.46352993 -16.12712128 6.80710751e-01
83.97771309 28.25815121 -17.22670009 1.38775004e+00
83.80034040 28.45978956 -23.75179340 7.94205037e+00
83.82508957 28.12302378 -11.57736781 8.08829003e-03
83.16202718 28.49511205 -15.79150243 7.38148952e-01
84.17043556 28.01209354 -11.79858073 0.00000000e+00
83.73610000 28.22323044 -13.28323574 2.26048732e-01
83.94061390 28.08695620 -11.66874462 1.52273527e-03
83.70079299 28.27039559 -14.15455593 4.61558242e-01
84.73199374 27.92534807 -14.09952750 0.00000000e+00
84.85118739 27.76974328 -11.62067791 0.00000000e+00
83.70917012 28.15818118 -11.47382396 2.67049447e-02
85.23970150 27.59082596 -10.42008796 0.00000000e+00
84.05572729 28.04996572 -11.74457435 0.00000000e+00
85.32392107 27.48643398 -8.79474717 0.00000000e+00
84.39865453 27.93383910 -11.84328990 0.00000000e+00
85.65066386 27.50526642 -10.97996797 0.00000000e+00
84.68262742 27.68324762 -8.85291602 0.00000000e+00
85.20023602 27.41559405 -6.73369447 0.00000000e+00
84.78885087 27.75550038 -10.88527649 0.00000000e+00
86.75536548 27.29761953 -11.34185167 1.55399019e+01
85.43827822 27.44980666 -8.67095736 0.00000000e+00
88.12661818 27.22025605 -12.87790538 2.95277133e-02
85.12657041 27.63093146 -10.54846901 0.00000000e+00
86.54539670 27.37261887 -12.29244927 5.76005350e+00
84.41985249 27.59435944 -5.85559108 0.00000000e+00
84.86314382 27.54095889 -7.30014570 0.00000000e+00
85.54820071 27.19018606 -4.38371687 0.00000000e+00
84.63855119 27.62530531 -7.57577934 0.00000000e+00
85.48275826 27.17061112 -4.01869321 0.00000000e+00
84.47087324 27.53887240 -5.19272912 0.00000000e+00
85.20534048 27.30014791 -4.79215854 0.00000000e+00
84.33397408 27.69870656 -7.12495024 0.00000000e+00
84.69528048 27.45523030 -4.95619742 0.00000000e+00
83.99145774 27.81440369 -7.10778858 0.00000000e+00
84.30667175 27.63466555 -5.93224936 0.00000000e+00
83.14161669 28.09505948 -6.86622046 1.69832630e-01
83.50172445 27.88908313 -5.69133153 0.00000000e+00
83.05933802 28.07890871 -6.15470669 2.46795554e-01
84.13122246 27.65834049 -5.40913484 0.00000000e+00
83.67190396 27.80359005 -5.29870746 0.00000000e+00
83.38499245 27.92124602 -5.57406260 0.00000000e+00
83.20563046 27.93179150 -4.91541357 1.70391694e-03
83.61805845 27.85589903 -5.78892774 0.00000000e+00
84.55567395 27.43348334 -3.87917576 0.00000000e+00
83.21425708 27.81941911 -3.75240782 0.00000000e+00
83.90030660 27.51435832 -1.22186382 2.78528210e-02
83.64499277 27.73837131 -4.37328113 0.00000000e+00
83.86538779 27.56191260 -2.44172363 0.00000000e+00
83.76046376 27.70393437 -4.41843743 0.00000000e+00
83.63463965 27.63178886 -2.40591075 0.00000000e+00
84.65769044 27.28349310 -1.77516995 3.47396928e-01
83.98002516 27.52523423 -2.43729600 0.00000000e+00
85.24934728 27.01886410 -0.75203163 7.11935891e-01
86.51703398 26.86877517 -1.83772798 3.01163111e-01
84.76921191 27.24042853 -1.89362931 3.24882256e-01
84.32096203 27.40865331 -2.14879781 0.00000000e+00
83.79546469 27.65669175 -4.04055513 0.00000000e+00
85.21535006 27.06924571 -1.61700739 0.00000000e+00
84.44343565 27.47495604 -4.07280571 0.00000000e+00
85.92284726 27.00373039 -2.93885731 0.00000000e+00
84.58971655 27.38360602 -3.24353136 0.00000000e+00
88.44689041 27.02871037 -8.57019047 7.34200108e-03
86.64749574 26.97705808 -3.98656027 9.50688019e-01
85.31850117 27.26060031 -4.60656445 0.00000000e+00
87.97762323 26.95649857 -4.99910204 0.00000000e+00
86.02336814 27.10514366 -4.45445061 0.00000000e+00
88.46013534 26.92570828 -5.02092382 6.08969726e-03
85.09290257 27.34141126 -5.00462615 0.00000000e+00
85.60346914 27.02426939 -2.40737936 0.00000000e+00
85.95465612 27.07480154 -3.95116101 0.00000000e+00
85.54342170 27.30546414 -6.27364410 0.00000000e+00
85.91276203 26.89288346 -1.22919266 0.00000000e+00
85.83971705 26.97747888 -2.36154276 0.00000000e+00
86.88943731 26.97876168 -4.38967756 2.33340156e-01
86.52652365 26.97672450 -3.74019912 9.71080812e-01
85.59298172 26.91280872 -0.61501641 1.34969355e+00
85.56810752 27.07116554 -2.97847409 0.00000000e+00
86.07999166 26.95214260 -2.50632075 0.00000000e+00
88.73897338 26.87337403 -4.18996639 9.02381150e-02
86.76846641 26.97786582 -4.18901353 7.49946796e-01
87.16872035 26.94473463 -4.16825883 0.00000000e+00
86.67531126 26.83465850 -1.03040843 6.76366572e-03
88.01203270 27.02278212 -7.20546829 0.00000000e+00
88.58070932 26.91759804 -5.12893517 2.21274131e-02
87.77352090 26.93223648 -3.94798977 0.00000000e+00
87.11447499 27.08433534 -7.35986989 8.37948289e-02
88.37436977 26.99959286 -7.26334069 0.00000000e+00
88.70129959 26.90979141 -5.22305108 1.37181280e-01
88.20995165 27.24889307 -13.59623467 4.54370507e-02
89.65545387 27.07051461 -11.33079512 3.14982475e+00
87.13138605 26.97959978 -4.90427263 0.00000000e+00
86.38660452 27.08652114 -5.21522390 6.23109912e-01
86.90494900 27.15505772 -8.42634671 1.41017083e+00
86.06040100 27.39890943 -10.73542883 8.91942844e-04
86.66200839 27.15567498 -7.59357764 1.55779926e+00
86.02841532 27.32795156 -8.99787127 0.00000000e+00
86.16375040 26.98411379 -3.15434305 0.00000000e+00
85.78349515 27.13727040 -4.31580772 0.00000000e+00
86.68033315 27.04859230 -5.29755196 1.24581143e+00
86.07512398 27.06354299 -4.05816088 0.00000000e+00
85.83487151 27.09087785 -3.89081780 0.00000000e+00
85.66514664 27.16117558 -4.32602604 0.00000000e+00
86.01842272 27.21739109 -6.52271786 0.00000000e+00
85.67070225 27.38710366 -8.56604824 0.00000000e+00
86.13929613 27.20704326 -6.76665904 0.00000000e+00
85.53376070 27.53567208 -10.98156805 0.00000000e+00
86.73719635 27.40475444 -13.81605419 2.57055911e+01
86.67135847 27.26282766 -10.19922417 5.11410208e+00
87.10222020 27.39902395 -16.01829229 2.19937550e+01
86.87670559 27.29645296 -11.75233071 1.47658542e+01
87.34551658 27.39355862 -17.33255507 7.07880958e+00
87.03547453 27.25976635 -11.40523250 2.23590609e+00
87.52082632 27.25017645 -12.50505173 1.06397463e-02
87.48327887 27.28581242 -13.26239185 8.48838141e-02
89.17787578 27.19165713 -13.24450257 2.26553555e+00
88.24762185 27.21233795 -12.84946323 3.93734325e-02
88.92832475 27.10122156 -11.19538679 2.04499731e+00
90.01898963 27.05584737 -11.47629927 5.44960021e+00
89.09472352 27.16123631 -12.57141232 2.23942295e+00
90.05719595 27.01996818 -10.85728343 6.09746659e+00
89.29183739 27.08447596 -11.20052811 2.37692085e+00
89.89921967 26.95835323 -8.82216420 6.29674573e+00
89.09903528 26.95624398 -7.49396879 1.76413212e+00
89.58260829 26.93655733 -7.42915960 4.36802814e+00
89.93600987 27.02520630 -10.79893090 5.12686883e+00
90.74607791 26.91724272 -9.13079033 9.44613149e+00
90.75148122 27.12201445 -13.55243706 6.61031716e+00
92.11144925 27.03864810 -10.47625469 9.85714808e+00
92.31254936 27.22290252 -13.74778678 9.45186136e+00
93.11342717 27.41559142 -8.61381939 3.94510165e+01
91.10884249 27.00453143 -11.75391312 4.80189094e+00
90.78982550 27.08592766 -12.94748994 6.96272568e+00
91.87708608 26.89691487 -7.52083613 9.55353003e+00
91.51567566 26.76538260 -4.43506065 1.09021807e+01
90.98802308 26.90625791 -9.16548930 7.90014774e+00
91.35644830 26.79649053 -5.46332155 9.18342588e+00
91.03255973 26.76809394 -4.39678271 1.28000118e+01
90.79118457 26.77836244 -4.35191069 1.35590442e+01
90.26227251 26.94199020 -8.96951389 9.29330675e+00
89.82439056 26.92720559 -7.47239132 6.22106342e+00
90.02026057 26.95321035 -8.89331619 7.15041525e+00
90.06610756 26.91698616 -7.58557734 8.70351261e+00
88.94257974 26.89579937 -5.28501023 9.23132244e-01
89.54622245 26.86958533 -5.13283135 5.71817022e+00
89.90843116 26.85539052 -5.26376035 9.69414838e+00
89.58416807 26.83396654 -4.14038292 7.53828415e+00
88.97296934 26.75771617 -1.01254030 8.07063496e+00
90.06719428 26.81434579 -4.34276812 1.00571718e+01
89.70350513 26.93194753 -7.43502149 5.48708382e+00
89.93993292 26.71732447 -1.13521990 8.92036523e+00
89.70494628 26.82933686 -4.20221509 8.90893247e+00
89.46338449 26.83858511 -4.10618199 7.70183940e+00
89.66015518 26.76268583 -2.15879552 7.56381177e+00
89.45642575 26.73630430 -1.03704344 7.34832347e+00
88.82192181 26.90249782 -5.27739468 3.57483421e-01
89.90182407 26.75309673 -2.25660736 8.79288689e+00
90.02263228 26.74794596 -2.25731452 9.35146435e+00
91.47194676 26.69589703 -2.29219889 1.61416660e+01
91.71320070 26.70911002 -2.28222669 1.27735842e+01
90.06077106 26.71208226 -1.12209462 9.48910502e+00
90.14341842 26.74249666 -2.23318521 1.00881231e+01
90.18158603 26.70652849 -1.11109059 1.02482103e+01
91.63124893 26.66892299 -1.14200068 1.59439780e+01
91.38965528 26.66025678 -1.14754779 1.86786982e+01
90.91157738 26.87527229 -7.79733290 9.94558390e+00
91.23567609 26.79710592 -5.44908350 9.50355254e+00
92.46021054 26.92968882 -3.69231181 1.28937046e+01
92.64414938 26.92860729 -2.01736547 3.35163737e+01
93.21710501 27.37033842 -5.11873763 5.29761595e+01
92.42381730 26.95165455 -4.32041768 1.21363851e+01
92.53678048 26.98987172 -4.19740389 1.48192943e+01
93.38642656 27.39903782 -3.62998830 6.50816506e+01
92.30928707 26.91738914 -4.51942674 1.10044701e+01
92.45618455 26.82622106 -1.03306111 2.06833858e+01
91.87161975 26.69207337 -1.13864713 1.28975970e+01
93.17858570 27.18084938 -1.80774064 6.94102082e+01
93.71546888 27.46545791 -0.82979889 7.25318093e+01
93.51667706 27.34180301 -0.85084649 7.62897034e+01
93.31763839 27.32570636 -3.15697305 6.62466189e+01
93.74158574 28.59054868 -30.44480702 4.14309966e+01
93.81868941 27.73359784 -5.14808148 4.17480211e+01
93.81384644 27.52861571 -0.82153886 6.44963139e+01
93.48420060 27.35591917 -1.71477053 7.48560308e+01
92.86541980 27.22587547 -6.60610436 2.73500778e+01
94.01374683 27.86190055 -6.99553882 3.42297594e+01
93.07452446 27.12569500 -1.84250197 6.59490758e+01
92.75693253 27.17771647 -6.81045044 2.15951623e+01
93.62139202 27.60817297 -4.80949940 5.86700649e+01
93.11157006 27.21264669 -3.25801077 5.75769529e+01
93.07970904 27.43167813 -10.07615868 3.78504459e+01
93.88673808 27.91238975 -10.29791758 4.35979247e+01
92.68374840 27.21476405 -9.37567215 1.94757948e+01
93.42112846 27.48665924 -4.94252856 5.84491136e+01
92.64822407 27.23432575 -10.62456131 1.83927293e+01
93.31963683 27.42776049 -5.02231634 5.61753735e+01
92.42298951 27.15428877 -10.91793499 1.37374291e+01
93.28528684 27.44191210 -5.94529285 5.26239619e+01
93.21517498 27.26833449 -3.20598282 6.23276329e+01
92.53519267 27.09062826 -7.27677770 1.43883545e+01
92.34614450 26.89409855 -3.79023114 1.12758554e+01
91.71406262 26.91338442 -8.93890696 5.81216383e+00
91.87826114 27.10100796 -12.94119469 5.23496511e+00
93.21738895 27.47143754 -8.47106319 4.35487531e+01
93.01191363 27.46458651 -12.76606969 3.59838378e+01
93.28717460 27.54389061 -9.89593056 4.50030369e+01
92.65122298 27.43789542 -18.15285885 1.91621584e+01
93.49029168 27.66235600 -9.74505055 5.14788395e+01
92.53920774 27.39599994 -18.14942620 1.52352529e+01
92.79342664 27.26099387 -9.17768356 2.44251888e+01
92.68946113 27.41942797 -16.50925571 2.32072776e+01
93.69278523 27.88821666 -14.20470895 5.12358806e+01
93.98687356 28.07930518 -14.51158846 3.78852050e+01
93.78861524 27.84860148 -9.62587705 4.76526065e+01
93.98206311 27.87444074 -7.85001292 3.76794955e+01
93.68989267 27.78558158 -9.65154175 5.03014927e+01
93.11702831 27.51844220 -12.74655437 3.96405641e+01
93.88937798 28.01492878 -14.24488700 4.45846307e+01
90.90391847 27.28549211 -20.82124510 4.12989286e+00
93.92105633 28.00215018 -13.05476034 4.27602800e+01
93.62938378 28.01636826 -20.59952758 7.25453646e+01
93.18985607 27.79271767 -21.42575291 5.60295242e+01
92.80408338 27.77106757 -25.27277378 4.17922995e+01
92.87602295 27.73604934 -23.88139734 4.28673910e+01
93.93090691 28.41164819 -25.31426335 5.69785127e+01
93.89665061 28.32195770 -23.88418034 5.90887571e+01
92.46781923 27.54046678 -23.11382354 2.49001213e+01
92.98491780 27.98960614 -27.58713898 4.59281727e+01
93.52923485 27.95472234 -20.59168462 7.35468170e+01
93.99166626 28.28404956 -21.46621552 4.45837743e+01
90.30293609 27.41871748 -23.03887359 7.89812196e+00
91.39590879 27.47859548 -25.27397778 7.00244837e+00
92.79823475 27.56642069 -20.62681917 2.97714827e+01
91.96187585 27.45248408 -23.93807591 1.08957791e+01
92.57820115 27.37635892 -16.45925477 1.66700414e+01
92.57662682 27.47707555 -20.67246788 2.04701537e+01
92.31025449 27.32373538 -18.14901836 1.05683307e+01
93.32563225 27.73381178 -16.87974655 6.19604533e+01
91.83612679 27.23166887 -18.13951093 6.28053580e+00
92.19348419 27.29395857 -18.15301117 9.03053823e+00
92.42552678 27.35785244 -18.14289103 1.24842653e+01
92.54051007 27.49778419 -21.49675649 2.16366551e+01
92.23356413 27.16823919 -12.89040915 7.95386020e+00
92.23467003 27.27004077 -16.34728318 8.70909275e+00
91.23561153 27.10404450 -13.61186249 3.79264220e+00
91.15294633 27.17396954 -16.16493393 3.43161724e+00
91.35151674 27.30797481 -21.60910100 5.37427378e+00
91.95619668 27.24793467 -18.14628076 6.66270071e+00
90.87245650 27.11614936 -13.56981494 5.98938476e+00
90.78941588 27.18844335 -16.12733724 4.93818680e+00
88.68095769 27.31983172 -18.07143028 2.39866800e+00
89.20957794 27.46336487 -22.99904348 2.63383241e+00
91.51181180 27.27641875 -20.83480792 5.80856534e+00
89.33109049 27.45853565 -22.97070559 2.65231184e+00
90.63052109 27.12823046 -13.53100806 6.74447800e+00
90.54783833 27.09836842 -12.90076938 6.95591702e+00
89.41444629 27.48952494 -23.72869982 2.51631488e+00
89.44560447 27.35173916 -20.39373164 2.28996927e+00
89.81041952 27.33802324 -20.48163837 4.05502527e+00
89.17147981 27.49907140 -23.78762970 2.46746311e+00
89.68882436 27.34269703 -20.43621267 2.92894551e+00
90.29659055 27.31644935 -20.71964952 6.45651763e+00
89.45261031 27.45395473 -22.95589134 2.56996690e+00
92.11897665 27.44692609 -23.14775870 1.23374459e+01
90.06009037 27.43018620 -22.99793006 6.84706697e+00
91.14660085 27.58381903 -26.95710386 9.45462985e+00
90.42432123 27.41253157 -23.05894950 8.25239711e+00
90.25617855 27.55781616 -25.74051385 7.80811105e+00
90.54568717 27.40615812 -23.07807452 8.45475564e+00
90.17165788 27.63026644 -26.87923199 7.30330773e+00
91.51720551 27.37875778 -23.15849004 6.52084047e+00
90.54500349 27.50875780 -25.19049411 8.43493510e+00
92.00007078 27.42468395 -23.15606038 1.03263170e+01
91.03102309 27.48512721 -25.24796243 7.24265164e+00
91.22980228 27.61605036 -27.50623263 1.03380517e+01
91.72254490 27.73047278 -29.15932503 1.53631055e+01
90.78092156 27.59894805 -26.93338044 8.61915425e+00
92.58098914 27.78231144 -26.99937252 3.75128358e+01
90.17698894 27.83518319 -30.04683350 7.88951281e+00
90.98597590 27.62356459 -27.49408971 8.98801653e+00
90.90947968 27.49020633 -25.23581608 7.62221624e+00
90.30199818 27.52135191 -25.15432456 7.82071357e+00
89.56185041 27.65492947 -26.85632857 3.98435055e+00
90.13966538 27.76853833 -29.09316489 7.45564076e+00
89.31784441 27.66386802 -26.87975570 2.70864760e+00
89.81569305 27.54293620 -25.09318830 4.86912897e+00
89.43984724 27.65934300 -26.86488957 3.10387516e+00
88.71285792 27.89669438 -30.11772031 2.91744839e+00
89.40854164 27.79707330 -29.09640781 3.75986655e+00
90.05628513 27.73811374 -28.53475667 7.04630907e+00
89.16478163 27.80637271 -29.12330249 2.86425214e+00
89.76420627 27.88672851 -30.44225217 7.29842412e+00
89.88641841 27.88199752 -30.44176152 7.46944280e+00
89.81103191 27.85077153 -30.04135714 7.11574551e+00
90.26144188 27.76272863 -29.09823192 8.06977203e+00
90.00860866 27.87694719 -30.44237343 7.55788151e+00
90.66517039 27.70749195 -28.57005355 9.58063893e+00
89.92339309 27.94887556 -31.19927095 7.87881280e+00
91.03027710 27.79252054 -30.07377615 1.07857721e+01
91.15231940 27.68604637 -28.59352589 1.10314870e+01
91.14617686 27.89103497 -31.22213780 1.29292221e+01
91.71830575 27.83210068 -30.49192554 2.04392865e+01
93.40888160 28.52066086 -31.81494147 3.86909317e+01
92.24117629 27.88081224 -30.13289572 3.37792206e+01
92.08078731 27.87975540 -30.51167451 3.36053718e+01
92.58542907 27.88512437 -28.66623517 3.52504421e+01
91.76185142 27.80172956 -30.09944441 1.98620732e+01
92.23997491 27.77908529 -28.63869231 3.51278901e+01
92.58703463 27.98682187 -30.17353770 3.32872932e+01
93.80294475 28.46225127 -27.74737791 5.71312507e+01
92.31954407 27.83360198 -29.19767310 3.42643719e+01
92.54477685 27.80301791 -27.55264202 3.62396969e+01
92.76647821 27.78848655 -25.85923361 4.17432933e+01
92.65727019 27.84491605 -27.55327203 3.77663001e+01
91.71725348 27.62805881 -27.52495043 1.09131268e+01
92.46732469 27.74291428 -27.00017051 3.62518711e+01
93.12493333 28.02700036 -27.03415931 5.09331299e+01
92.80326713 27.87175539 -27.00836465 4.18469908e+01
93.09111104 28.04299143 -27.60293619 4.87774778e+01
94.03367291 28.68133549 -29.01236625 3.65441957e+01
92.88138607 28.04141622 -29.27895334 3.96097426e+01
93.01916574 27.97287780 -27.02692067 4.80061385e+01
92.91602810 28.02387709 -28.71369598 4.10425342e+01
93.33264284 28.14097847 -27.06629126 5.58825545e+01
93.73595294 28.38568554 -27.13432373 6.03989053e+01
93.40203422 28.21464172 -27.65369976 5.54679910e+01
93.23305804 28.18592489 -28.78267880 4.75362337e+01
92.69898384 28.02996389 -30.19044228 3.47133113e+01
94.03641135 28.78380736 -30.52177692 2.76143112e+01
93.80594338 28.56482921 -29.51665657 4.56038259e+01
92.69786651 28.13057575 -31.33267728 3.30448132e+01
93.44171004 28.50642710 -31.45832968 3.98087645e+01
93.84041583 28.65427208 -30.46991115 3.86609990e+01
93.23578884 28.38887424 -31.41517029 3.94524274e+01
93.64368842 28.62931839 -31.49848408 3.77313802e+01
93.02905842 28.38115873 -32.46972996 3.51957972e+01
93.03311435 28.48397318 -33.57427300 3.31809560e+01
93.09521036 28.24671298 -30.64982488 4.03686110e+01
92.98882959 28.19323674 -30.62724488 3.88409225e+01
91.15193386 27.99325531 -32.29325385 1.36460727e+01
91.02969166 27.99746617 -32.28766058 1.21396757e+01
91.83983728 27.84358356 -30.49704743 2.31338800e+01
91.59667234 27.92672123 -31.59890394 1.82105325e+01
91.22965494 27.92313388 -31.58209620 1.40103997e+01
91.39632599 27.78541202 -30.08531663 1.45551820e+01
93.45883116 29.11988873 -37.36548214 2.44427080e+01
92.70226699 28.23338918 -32.42706322 3.17827405e+01
92.36534760 28.21810371 -33.47949598 2.86948604e+01
93.10115418 28.45134328 -32.84810583 3.51367470e+01
92.59462196 28.29301353 -33.51390808 2.96260805e+01
93.76290530 29.40814720 -38.24048951 1.96373934e+01
93.13498401 28.43539919 -32.49018326 3.60372827e+01
92.70669420 28.33619567 -33.53244000 3.05412712e+01
93.65819510 29.14100472 -36.50859043 2.35769048e+01
93.91781590 29.14066590 -35.04122001 2.08127359e+01
93.84560277 28.85880406 -32.61243221 2.82282702e+01
92.99890434 28.50065551 -33.93793088 3.24270914e+01
92.88278053 28.24386550 -31.72192372 3.50785022e+01
92.81279779 28.27981952 -32.44135124 3.29651928e+01
94.04759511 29.19357160 -34.72000155 1.78125190e+01
94.05035874 29.29592110 -35.65448802 1.72183278e+01
92.44229500 28.37609596 -34.91946383 2.75360410e+01
93.81688890 28.97418475 -34.03164303 2.52077814e+01
93.85148598 29.06367762 -34.71431053 2.31548721e+01
94.02467284 29.51303893 -37.66920724 1.65447030e+01
93.51907370 28.88792987 -35.02405511 2.87125629e+01
93.71786720 28.91065903 -34.02297563 2.76763162e+01
94.05334327 29.39839041 -36.51809749 1.67183734e+01
93.34907332 28.75436123 -34.68022096 3.11738924e+01
93.41733979 28.82739311 -35.01690743 2.98436457e+01
92.44847458 28.58047699 -36.73460585 2.56646299e+01
93.31456443 28.76826471 -35.01126479 3.05714053e+01
92.32591699 28.34213196 -34.90633473 2.73650955e+01
93.24571758 28.69634626 -34.67110840 3.15434511e+01
92.20800459 28.31259593 -34.89084550 2.78974341e+01
92.99893825 28.60140063 -34.98278373 3.06142059e+01
90.79088000 28.21358223 -34.41121741 1.11903300e+01
92.81903978 28.48434877 -34.62430026 3.00429620e+01
91.48045182 28.22939909 -34.80236067 1.93140397e+01
93.34665410 28.65238874 -33.61939087 3.37186088e+01
91.40213606 28.09223750 -33.38044330 1.68750589e+01
92.55840618 28.31369503 -33.87659540 2.90607241e+01
92.81710108 28.38263764 -33.53969676 3.14949298e+01
92.24957213 28.28867247 -34.54931858 2.80644348e+01
93.10513938 28.55414643 -33.95157470 3.29345270e+01
92.78128406 28.50167799 -34.96310382 2.94494345e+01
90.54649348 28.22664788 -34.40629818 1.02663321e+01
90.74663969 28.04501764 -32.63554977 1.04989781e+01
90.75269286 28.14723268 -33.70416396 1.08300009e+01
91.48546006 28.12735799 -33.74595571 1.82793981e+01
90.42428710 28.23315519 -34.40532023 9.67154075e+00
90.66868662 28.22005756 -34.40826580 1.06124177e+01
89.69049155 28.26532134 -34.41697623 1.11993023e+01
89.06621132 28.39003114 -35.44856246 2.00448644e+01
91.24096605 28.43462799 -36.65002708 1.72584813e+01
91.15763170 28.19783936 -34.42763091 1.47510107e+01
90.50072553 28.26329857 -34.75614531 1.02090807e+01
91.03533732 28.20211272 -34.42059906 1.33348903e+01
90.74550686 28.25014504 -34.75999023 1.10886648e+01
91.39694692 28.29669758 -35.44689295 1.81943496e+01
89.19605311 28.48723020 -36.35337514 3.04874988e+01
89.44572925 28.27375360 -34.42686887 1.20282025e+01
89.52069773 28.30534637 -34.77423236 1.35332850e+01
89.15753703 28.52274850 -36.65839878 3.33710302e+01
89.39811280 28.30951849 -34.77971951 1.39043538e+01
88.54473231 28.55356932 -36.66700006 2.48644845e+01
89.39586406 28.41199743 -35.73787357 2.12354957e+01
89.64131721 28.40368864 -35.72849611 1.64523886e+01
89.03039077 28.32334862 -34.79731631 1.11567518e+01
89.57000607 28.16705343 -33.35431336 9.37861568e+00
88.67632495 28.23916521 -33.75203233 1.04531798e+01
89.40934410 28.20672932 -33.71950499 9.39624887e+00
89.81445922 28.15825459 -33.34675606 9.20771356e+00
89.27552806 28.31380154 -34.78558333 1.32293858e+01
89.76922682 28.09160052 -32.63229623 8.69546167e+00
87.73829564 28.27094094 -33.23045094 1.73513261e+01
90.05228907 28.04599842 -32.27066593 8.40892732e+00
89.93665855 28.15345317 -33.34369762 9.05026987e+00
90.05751176 28.25091593 -34.40732679 9.68762188e+00
90.02030073 28.18414667 -33.69958926 9.18564911e+00
90.13341091 28.28170590 -34.75718347 9.81653268e+00
90.29672493 28.03452324 -32.27153000 8.83318997e+00
90.50241398 28.05805965 -32.63034667 9.61471129e+00
90.18097915 28.14272665 -33.34122032 9.00411427e+00
90.54725137 28.12403653 -33.34356597 9.92451611e+00
90.63066842 28.15373915 -33.70127239 1.03430563e+01
92.08669668 28.08419146 -32.72252845 3.26371966e+01
90.66930545 28.11747435 -33.34594337 1.04284982e+01
91.27422431 27.99058528 -32.29827067 1.48447232e+01
90.17452154 28.04044818 -32.27060138 8.47869552e+00
90.86876240 28.03881690 -32.63909415 1.09385751e+01
89.89148979 28.08689747 -32.62960535 8.58517026e+00
90.61839120 27.94928472 -31.56407450 1.00423083e+01
90.25172582 27.96835818 -31.55785305 8.61253265e+00
90.12945413 27.97415232 -31.55669942 8.14417710e+00
90.49709984 27.85319808 -30.45287637 9.54913451e+00
89.44490939 27.86405634 -30.05117289 4.56689380e+00
89.64011166 27.99378121 -31.56122894 7.73844808e+00
89.56312236 28.06482258 -32.27993469 7.88472150e+00
86.76102745 28.33429241 -32.61084111 1.74517177e+01
89.07383961 28.08291760 -32.30451017 3.55804807e+00
89.51773349 27.99809355 -31.56498548 6.87326529e+00
89.67863176 27.95823364 -31.20242654 7.58147257e+00
89.44079651 28.06908316 -32.28471508 6.58595529e+00
87.73006713 28.16837920 -32.15133845 1.43565928e+01
88.90860266 27.92013594 -30.49097798 2.77147848e+00
87.07200495 28.13757103 -31.01371260 1.63839620e+01
86.63892149 28.34326089 -32.50926793 1.80955560e+01
88.34066378 28.12509407 -32.30994363 1.70831423e+01
88.90590913 28.02246186 -31.59822532 2.93648989e+00
87.59948589 28.07342936 -31.01156937 1.73664060e+01
86.99639211 28.21242249 -31.68868441 1.65973378e+01
87.73438251 28.37441098 -34.30396087 1.68044667e+01
88.59244488 28.21025451 -33.39438209 9.63161575e+00
87.92882596 28.39428729 -34.71792433 1.39422030e+01
89.04272455 28.22057260 -33.73939408 5.17883242e+00
87.82237983 28.29931951 -33.61995241 1.31010899e+01
89.19614746 28.07797559 -32.29732885 4.43627563e+00
87.31686086 28.43841839 -34.47460687 1.68818286e+01
87.37193364 28.29525995 -33.05061676 1.67571795e+01
86.39502734 28.36451110 -32.30774996 2.07829365e+01
86.88318530 28.32599735 -32.70977162 1.70347449e+01
87.24975795 28.30292381 -32.97541864 1.66396943e+01
87.44770183 28.22101934 -32.36985495 1.68340868e+01
88.42461926 28.15328432 -32.67384694 1.35354839e+01
87.85223570 28.16005309 -32.19917799 1.41532904e+01
87.08090991 28.24284995 -32.12400804 1.65447721e+01
87.31680663 28.12437014 -31.19938834 1.64293542e+01
86.75177235 28.22716255 -31.47854022 1.72310098e+01
86.71411677 28.26560403 -31.82018215 1.74321646e+01
84.95653352 28.47921196 -29.79439295 2.34492363e+01
86.50735145 28.24462587 -31.25770983 1.87587808e+01
84.86464418 28.39907392 -28.25911924 2.47742219e+01
84.52161394 28.51796249 -28.54190832 1.48047921e+01
86.01081415 28.18930073 -29.44988938 1.10582174e+01
85.41774760 28.32788082 -29.45299274 1.01207976e+01
85.85380806 28.25483394 -29.89751034 5.08040020e+00
84.39196894 28.78265754 -31.28987990 1.28997041e+01
84.69897777 28.49381728 -28.96946347 1.74953699e+01
84.17672137 28.63346464 -28.70167929 1.11289130e+01
83.30890654 29.15499923 -31.52524978 2.50142433e+01
84.34695093 28.72413939 -30.51419933 1.26699039e+01
83.71280108 28.77908854 -28.72456050 1.12269656e+01
83.65848476 28.83203057 -29.20731191 1.33600888e+01
83.42425287 28.90081054 -29.10641255 2.00342797e+01
83.24454115 28.91519489 -28.49425301 2.27006761e+01
83.93067980 29.15135160 -33.58397003 1.28857971e+01
85.79154397 28.45678242 -31.99881204 2.37815856e+01
84.12564016 28.90652662 -31.70110367 1.19927291e+01
84.58711793 28.75396834 -31.62115663 1.41718579e+01
84.63201399 28.81265621 -32.36978754 1.43425509e+01
84.28645634 28.92765820 -32.44211376 1.26915381e+01
85.31696053 28.69852312 -33.27088180 2.46659566e+01
86.38531707 28.25523274 -31.14960839 2.03387693e+01
85.55027731 28.63026594 -33.19902466 3.72962825e+01
86.03117862 28.41098333 -32.06642724 3.72386228e+01
85.90606147 28.54609794 -33.19687305 4.29205431e+01
86.23619065 28.41911395 -32.57427771 2.55430407e+01
85.85429100 28.59425419 -33.57939870 4.49118979e+01
86.15203902 28.39292441 -32.13184339 3.36359696e+01
85.74497406 28.39163767 -31.20837838 9.88493348e+00
85.42815120 28.43825258 -30.87754674 3.03111833e+01
85.26582168 28.75206543 -33.68063133 2.20971250e+01
84.36910989 29.12084120 -34.68132539 1.33970702e+01
84.50970111 28.96420700 -33.54059704 1.36323481e+01
84.74691104 28.77385232 -32.33335981 1.53620573e+01
84.45721573 29.01839768 -33.92979826 1.34870268e+01
84.59698162 28.86136178 -32.76032602 1.40965758e+01
84.22563769 29.09412947 -33.95887715 1.30557403e+01
84.48191819 28.89983904 -32.78766280 1.34585147e+01
84.04691344 29.11475268 -33.58816840 1.26610101e+01
83.28253585 29.49523785 -34.91455965 2.28685955e+01
84.39429742 29.00238627 -33.56143125 1.32452419e+01
83.90377162 29.26953174 -34.69326301 1.34476368e+01
83.34654194 29.32845401 -33.44526562 2.28564407e+01
83.82263761 29.07506985 -32.44237249 1.31146529e+01
83.51719231 29.42466217 -34.98995226 1.94487754e+01
83.20297676 29.70476268 -36.59575212 2.11825549e+01
83.75138597 29.35332861 -35.03563723 1.68982870e+01
83.32896103 29.55521911 -35.63321540 2.15654253e+01
84.25306996 29.15856843 -34.69257000 1.32952884e+01
83.44616866 29.51975888 -35.66764797 2.03090746e+01
84.62495684 28.92578336 -33.51416411 1.42191896e+01
84.21765639 29.20665622 -35.05307097 1.33747204e+01
84.14679916 29.30264756 -35.74435402 1.36023715e+01
85.64745264 28.71817008 -34.35788921 3.37227431e+01
84.68111262 29.05486257 -34.99084100 1.45166800e+01
85.76621980 28.68928701 -34.35256505 4.02307688e+01
84.89912555 29.20564038 -36.98034714 1.54679994e+01
84.11136208 29.35056797 -36.07559873 1.37331401e+01
85.07342648 29.00066248 -35.59778243 1.70744529e+01
84.95760586 29.03806973 -35.62760956 1.61041471e+01
86.34305727 28.73897941 -35.96096834 2.11501575e+01
87.71809016 28.47883450 -35.32144480 1.80545183e+01
86.33816653 28.51785423 -33.80282361 2.21263730e+01
86.94947510 28.46394110 -34.24613734 1.70687596e+01
86.45524151 28.61518986 -34.99211815 2.00076952e+01
87.56172857 28.42132078 -34.59551019 1.73939983e+01
85.09160938 28.65805977 -32.19593651 2.08012912e+01
85.43855967 28.54862828 -32.05215403 3.63876679e+01
84.91887800 28.86464802 -33.80852413 1.65254983e+01
85.28728616 28.63248373 -32.50121856 2.66632577e+01
87.48995903 28.39171265 -34.20112616 1.71285172e+01
87.45620168 28.32457344 -33.46002864 1.69808089e+01
87.36770538 28.40005976 -34.13841243 1.68907429e+01
88.04735937 28.48778917 -35.70631209 1.51450836e+01
87.97869063 28.35630608 -34.37744303 1.48858156e+01
87.55749121 28.52541000 -35.57585175 1.74495603e+01
87.85654906 28.36543522 -34.34391199 1.31357476e+01
87.47300023 28.49697223 -35.22928241 1.71929208e+01
88.66289601 28.34204940 -34.80576944 2.42120107e+01
88.21577030 28.54302840 -36.34017686 1.74440648e+01
87.44342293 28.63821802 -36.46970050 1.72417876e+01
88.33050722 28.43225755 -35.44025055 1.88197999e+01
88.09339732 28.55251307 -36.32385688 1.52198704e+01
88.71164473 28.30515873 -34.45752386 1.61934128e+01
88.46059028 28.52516758 -36.36020192 2.10269753e+01
88.94349652 28.39538484 -35.45329571 2.04665507e+01
88.58306108 28.51708638 -36.36478154 2.79992164e+01
88.16245755 28.68364377 -37.55231102 1.54523856e+01
87.56581928 28.62863665 -36.50962899 1.75232532e+01
87.09137916 28.84300228 -37.91354251 1.71779643e+01
87.97102987 28.56216411 -36.30284586 1.35934577e+01
87.72219834 28.68520547 -37.16982646 1.80680377e+01
88.05522885 28.58969332 -36.62297521 1.45418582e+01
87.96719062 28.66519265 -37.21944567 1.32106695e+01
87.21422325 28.83208819 -37.95564112 1.71472246e+01
87.84469927 28.67518891 -37.19659807 1.86766840e+01
88.32750268 28.84125506 -39.08770808 1.64355712e+01
88.65028508 28.75113954 -38.48893799 2.51961871e+01
87.16689658 29.08359902 -40.20592300 1.71893313e+01
87.30754271 28.96422975 -39.23972040 1.72313248e+01
87.83238059 28.98558274 -39.99121221 1.83452198e+01
87.42180204 28.84901599 -38.33122848 1.73237194e+01
86.83131147 29.19179104 -40.83922624 1.73396710e+01
83.94272866 29.84328711 -40.07767327 1.62507896e+01
88.02791920 29.00246218 -40.35380811 1.63501205e+01
87.90487946 29.01341116 -40.34051213 1.86171316e+01
86.18697923 29.20940327 -39.94891829 1.87534873e+01
86.92112111 29.10955593 -40.14227633 1.72913911e+01
87.06225393 28.98769221 -39.17379713 1.72087913e+01
87.18488347 28.97578577 -39.20815546 1.71816264e+01
85.99138132 28.98188247 -37.52260521 2.22585019e+01
86.12262949 29.07062549 -38.56181389 2.02074732e+01
86.37554680 28.80881668 -36.63887568 2.03918939e+01
86.13243963 28.84398585 -36.54635593 2.36128277e+01
87.22288534 28.93694832 -38.90305494 1.71873178e+01
87.42628273 28.74408774 -37.39822192 1.72816367e+01
86.22150083 28.75555447 -35.90758375 2.32230663e+01
85.87093955 29.00643013 -37.50718702 2.21721617e+01
86.13730346 28.73093974 -35.54044469 2.62996553e+01
86.01155555 28.86499019 -36.51353243 2.51698492e+01
86.01643099 28.75126608 -35.50235892 3.07300135e+01
85.83942081 28.93756206 -36.82639077 2.38668806e+01
84.32002520 29.61370800 -39.04597852 1.41094242e+01
85.27825309 29.16178697 -37.57219852 1.76012657e+01
85.30012789 29.04244510 -36.55212705 1.85816752e+01
83.49968406 29.65080414 -37.01062320 1.90294760e+01
84.54314872 29.43176389 -38.03510060 1.42429699e+01
84.72625530 29.11388202 -35.67872651 1.46824627e+01
83.61697662 29.61477328 -37.03157454 1.83652934e+01
83.52642621 29.71617064 -37.68021950 1.85286324e+01
83.99536731 29.57035581 -37.72706784 1.43457898e+01
83.73580619 29.79818651 -39.03492757 1.73262894e+01
83.52827546 29.93662138 -39.69492824 1.78159309e+01
83.95972698 29.61818235 -38.05643429 1.50720883e+01
85.16522430 29.42044084 -39.63549140 1.61751287e+01
85.25286638 29.31943714 -38.93087564 1.67970464e+01
83.41102693 29.97349719 -39.67797219 1.81083369e+01
85.34257043 29.51862713 -41.09538367 1.64719875e+01
85.28264412 29.38561343 -39.61654389 1.66725610e+01
86.35589187 28.92247989 -37.62568362 1.98593224e+01
85.59598431 29.10996443 -37.85612012 1.98288535e+01
85.52402704 29.20466102 -38.54701827 1.85259979e+01
85.46106298 29.48581019 -41.08139586 1.68633908e+01
86.30874300 29.18935414 -39.97538327 1.85118446e+01
85.47769079 29.14181964 -37.87398654 1.89036221e+01
85.71487316 29.07998214 -37.84682673 2.07018718e+01
85.72042254 29.64620211 -43.42421246 1.66202772e+01
86.22934166 29.38926252 -41.86885321 1.77448839e+01
85.74631650 29.48876441 -41.84559142 1.73174479e+01
84.92748389 29.82729454 -43.07433132 1.51039944e+01
86.60496175 29.44022477 -43.08108636 1.71489114e+01
87.03915718 29.20369350 -41.26254315 1.71738327e+01
85.48188450 29.70614436 -43.43241750 1.61693962e+01
85.38892348 29.58079210 -41.87201053 1.63769121e+01
85.10664677 29.58743860 -41.12546788 1.57262413e+01
84.42288927 30.02112729 -43.47462430 1.44795566e+01
84.53999035 29.98425996 -43.47254975 1.45743625e+01
85.27062114 29.61406303 -41.88489266 1.60429669e+01
84.16877149 29.88169747 -41.19143563 1.43005722e+01
84.06151211 30.02553368 -42.33387419 1.49104139e+01
83.57472837 30.40116885 -44.61644199 1.67435458e+01
83.75562837 30.19580754 -43.08981890 1.68718053e+01
83.97997816 30.01469151 -41.95188061 1.66584724e+01
83.94424879 30.06263159 -42.33224477 1.66842499e+01
84.45863094 29.97315475 -43.09240780 1.44923560e+01
83.83718727 30.20657684 -43.47362286 1.67373139e+01
84.69288777 29.89959735 -43.08514669 1.47356798e+01
84.34152863 30.01015500 -43.09446752 1.44196612e+01
85.00917453 29.83976629 -43.45659187 1.52313597e+01
85.39927765 29.69065729 -43.04570755 1.60906927e+01
85.16281248 29.75726255 -43.06054514 1.55697917e+01
85.35289051 29.62833452 -42.26698945 1.61907177e+01
86.30413999 29.63764982 -44.60970983 1.66185557e+01
86.67050136 29.57691597 -44.61754733 1.67237793e+01
86.54816427 29.59604513 -44.61470840 1.66940128e+01
86.18251383 29.66027963 -44.60724254 1.65586607e+01
85.75683330 29.59975497 -43.02843045 1.68310913e+01
86.23947722 29.49976851 -43.04320650 1.72629690e+01
87.33182775 29.24264397 -42.05523977 1.72386020e+01
86.93431521 29.43114342 -43.49448275 1.69921667e+01
86.60016470 29.55108303 -44.23225573 1.68467553e+01
87.70081800 29.20490385 -42.10085942 1.77648146e+01
87.58672754 29.00808410 -39.95303527 1.76259062e+01
89.63596968 29.12104445 -42.49084371 1.45956930e+01
87.20025143 29.15082444 -40.92558810 1.71952934e+01
87.54774189 29.35943293 -43.54111536 1.73768211e+01
87.78549801 29.23109046 -42.47021532 1.79301744e+01
88.16228116 29.29837619 -43.56837123 1.36381332e+01
87.82385845 29.19288395 -42.11247227 1.80611319e+01
89.88306229 29.11256045 -42.48902328 1.42116277e+01
88.07002279 29.16985949 -42.13114439 1.42519604e+01
87.79344200 29.33377760 -43.55445858 1.77757377e+01
87.21284075 29.46770700 -44.25889367 1.70034920e+01
88.20076545 29.26081475 -43.21147016 1.19690505e+01
87.67057616 29.34643285 -43.54834774 1.75555120e+01
87.28434488 29.49440692 -44.63057741 1.70002657e+01
88.19686196 29.36358344 -44.28475030 1.33256776e+01
88.44343725 29.34330538 -44.28676426 1.21786533e+01
88.64085792 29.36384512 -44.64357887 1.23522953e+01
88.81391110 29.32031186 -44.28697293 1.32502474e+01
90.12715974 29.30772199 -44.64114778 1.31680785e+01
90.05057382 29.27683583 -44.28229058 1.33176570e+01
90.62204068 29.28240850 -44.64132199 1.39522274e+01
91.61677814 29.15227832 -43.57006791 1.71468916e+01
90.74570351 29.27553478 -44.64143344 1.42298757e+01
90.98819829 28.85300695 -40.36017033 2.16804503e+01
89.42082178 28.99124211 -41.06092288 1.69308932e+01
92.09588380 28.99978490 -41.42052552 1.99238309e+01
90.37056940 28.98823514 -41.41221796 1.56057674e+01
89.05693184 29.10568541 -42.14215533 1.64512882e+01
89.87643130 29.01029243 -41.41300456 1.47976437e+01
89.01811300 29.14123176 -42.50029675 1.58956772e+01
90.00657224 29.10772829 -42.48852544 1.41854772e+01
88.93337107 29.11072009 -42.14461189 1.64773461e+01
89.54449255 28.98738575 -41.05847384 1.62445541e+01
88.68637387 29.12316053 -42.14692971 1.61237465e+01
89.13740334 28.93239757 -40.37097310 1.98138885e+01
88.89458540 29.14646684 -42.50226717 1.58757048e+01
88.69034539 29.32692641 -44.28711075 1.29824066e+01
88.45034467 28.83223358 -39.09291497 1.92924302e+01
88.56991409 28.92619474 -40.04146754 1.98857267e+01
88.90365474 28.83982505 -39.39605108 2.35971866e+01
88.69302111 28.91868542 -40.04143206 2.16606706e+01
88.94226872 28.80404414 -39.09204996 2.53179193e+01
88.93939724 28.90625485 -40.03742874 2.12052624e+01
89.18847170 28.79430295 -39.08443361 2.49320173e+01
88.40436479 28.76744165 -38.48382008 1.94084357e+01
89.43472886 28.78609773 -39.07724521 2.11949855e+01
89.05821318 28.69699888 -38.17884512 3.27116565e+01
89.68097528 28.77806598 -39.07165400 1.78213015e+01
89.38905406 28.71933054 -38.47126612 2.44559779e+01
89.03490846 28.52760996 -36.66328678 3.57635671e+01
88.82526205 28.60534254 -37.27561727 3.60616762e+01
90.00642456 28.59497527 -37.54548027 1.69563454e+01
89.67420243 28.67582601 -38.15973884 1.93847278e+01
90.98889081 28.64808123 -38.46456456 1.79776290e+01
89.79738172 28.67149044 -38.15726554 1.80069036e+01
90.42131926 28.54105363 -37.23885136 1.33958123e+01
93.15240931 29.14908312 -39.10869005 2.33170245e+01
89.55576544 28.88461830 -40.02117942 1.75111465e+01
92.01565882 28.74921175 -39.09690278 2.28265280e+01
90.12509441 28.89752839 -40.35494698 1.55102772e+01
94.03685926 29.92259280 -41.40306129 1.50649953e+01
89.27289217 28.82547776 -39.38530041 2.21758752e+01
89.38437837 28.92415177 -40.36430919 1.82316386e+01
90.03902182 28.96965094 -41.05344844 1.49296674e+01
89.67903969 28.88059693 -40.01904868 1.65868506e+01
90.04874480 28.86667952 -40.01559374 1.56471669e+01
90.24845670 28.89176435 -40.35489890 1.59390362e+01
91.77248962 28.82181655 -40.03129128 2.20894220e+01
91.52610128 28.70709341 -39.08504458 2.33292083e+01
91.27991496 28.70671300 -39.07890756 2.18388931e+01
91.97699259 28.77719564 -39.39603360 2.24552626e+01
91.64960075 28.81361050 -40.02989881 2.23760969e+01
90.28611971 28.95830665 -41.05327963 1.54772745e+01
91.24081730 28.74162538 -39.38161385 2.20327484e+01
91.36388220 28.73981862 -39.38386389 2.25814075e+01
91.73108794 28.44496221 -36.68342285 2.64293921e+01
90.98930907 28.54558461 -37.55189794 1.58166166e+01
91.97090150 28.57290204 -37.60191785 2.56938877e+01
90.91088127 28.72006955 -39.07169387 1.85397421e+01
91.48132155 28.63811228 -38.47904476 2.30305670e+01
90.90488999 28.61786819 -38.15853439 1.60648143e+01
93.82514126 29.28093906 -36.79912441 2.03673622e+01
93.52934025 29.29603152 -38.52853106 2.17280572e+01
93.01163677 29.11113709 -39.39912735 2.31951411e+01
92.82864661 28.99272952 -39.10589294 2.36549272e+01
94.03379620 29.82023641 -40.35358072 1.53965619e+01
93.66095174 29.24316360 -37.37360032 2.20939608e+01
93.11849583 29.16491915 -39.40198640 2.29642497e+01
93.86561141 29.57499775 -39.10956141 1.76567980e+01
93.93530241 29.75459020 -40.35389859 1.61909951e+01
92.94011414 29.24458085 -41.04654740 2.10647316e+01
91.72845172 28.85234785 -40.36895577 2.15986101e+01
93.43112187 29.33793070 -39.40041714 2.12732914e+01
94.07176095 30.01295127 -42.12297092 1.47322584e+01
93.93829565 29.85686438 -41.40168715 1.57184603e+01
93.87112980 29.77923893 -41.04462045 1.63696319e+01
92.22147453 29.12681338 -42.48804017 1.88841738e+01
93.12127518 29.36742789 -41.40269939 2.02579309e+01
92.21630106 29.02425782 -41.41490542 2.00466318e+01
91.77365376 29.02567225 -42.13916904 1.90967317e+01
92.01319755 28.95194268 -41.06433302 2.02847400e+01
90.78607312 29.03407787 -42.13175753 1.74847407e+01
91.85193922 28.96500096 -41.42105277 1.99733089e+01
90.62364341 29.07718848 -42.48943091 1.59909845e+01
91.36413967 29.04651987 -42.49461695 1.85451809e+01
90.91547337 29.12980108 -43.20799858 1.65593827e+01
91.03286912 29.02177420 -42.13350724 1.90410129e+01
90.98774826 28.95550134 -41.41634346 2.03103047e+01
93.05718883 29.50247092 -43.19039309 1.81656142e+01
93.83917456 29.79181473 -41.40232775 1.63375050e+01
92.95139598 29.55173890 -44.27236656 1.67878066e+01
93.54701232 29.90874464 -44.63885142 1.52560129e+01
90.87638376 29.16598746 -43.56633351 1.59371114e+01
90.99371580 29.05769606 -42.49159267 1.81831758e+01
93.37304878 29.67234682 -43.19341081 1.72906164e+01
93.44461864 29.84761296 -44.63652381 1.54628417e+01
93.64634685 29.86953593 -43.55536880 1.59195308e+01
93.84623972 29.99691765 -43.55772066 1.52037727e+01
93.97683517 30.04954216 -43.19963900 1.49065159e+01
94.04347519 30.12754817 -43.56155786 1.45300015e+01
74.59439408 36.09315805 -44.13607425 6.49291188e+00
74.70040844 36.00980869 -44.56739995 6.83538607e+00
74.77542838 35.92066358 -44.56643969 7.13974495e+00
74.96916367 35.64834800 -44.12929288 8.35640645e+00
74.85053562 35.83160161 -44.56554455 7.47611925e+00
74.67578115 35.86736684 -42.83642731 7.78402125e+00
74.60114226 35.95646108 -42.83955631 6.93197701e+00
74.97527327 35.51185270 -42.82436408 9.81995159e+00
74.89398832 35.73711757 -44.13039670 8.02310518e+00
74.58230633 36.02184628 -43.27278352 6.49126366e+00
75.20199025 35.24676252 -42.81570973 1.00026912e+01
75.07675971 35.56512913 -44.56451859 8.31895691e+00
75.27226948 35.29498078 -44.12481789 8.82207370e+00
75.25880115 35.22423172 -43.24996307 9.62755167e+00
75.45927403 35.12484880 -44.55934676 8.50300301e+00
75.30520771 35.30023701 -44.56209709 8.52909197e+00
75.22875844 35.38832626 -44.56272080 8.52522001e+00
75.15262484 35.47663319 -44.56441594 8.47174201e+00
75.04454899 35.55973107 -44.12895933 8.60389043e+00
75.00114102 35.65380003 -44.56444074 8.10764987e+00
74.92575577 35.74263726 -44.56485214 7.81933328e+00
75.42576176 35.11963112 -44.11987640 8.61615841e+00
75.56712921 34.87508461 -43.24198721 8.57409040e+00
75.69436941 34.86443655 -44.55980667 8.72288668e+00
75.65979712 34.85914602 -44.11917790 8.64407754e+00
75.85462337 34.69320534 -44.56087118 9.19158643e+00
76.06492359 34.43527498 -44.12451641 1.01953612e+01
75.93602406 34.60846748 -44.56143788 9.51510292e+00
76.53705608 34.03830538 -44.57201503 1.40539572e+01
76.27212187 34.27704594 -44.56460514 1.14384479e+01
76.14891065 34.35260268 -44.12596223 1.07290302e+01
76.50594912 33.89908745 -42.85989340 1.69150901e+01
76.32056353 34.19000655 -44.13214569 1.21295427e+01
76.05008300 34.36523891 -43.25609560 1.02312604e+01
75.98204280 34.51874907 -44.12343243 9.74360335e+00
75.82561946 34.55275497 -42.81696745 9.01434117e+00
75.53701717 35.03763028 -44.55915094 8.53126344e+00
75.50910409 34.89660626 -42.80549671 8.65457383e+00
75.50318483 35.03241045 -44.11849771 8.58144007e+00
75.58116476 34.94556090 -44.11852218 8.56442998e+00
75.77409931 34.77854966 -44.56031853 8.92406528e+00
75.80764912 34.44343346 -41.51771775 8.90415544e+00
75.73912856 34.77320201 -44.12012520 8.80660387e+00
75.81922566 34.68777915 -44.12118971 9.05044378e+00
75.72481758 34.70286735 -43.24600379 8.72069571e+00
75.80478017 34.61751738 -43.24850507 8.96083709e+00
75.98885223 34.38425321 -42.82379212 9.88510973e+00
75.90016982 34.60293961 -44.12230906 9.36285821e+00
76.11627315 34.17301245 -41.97081115 1.11937635e+01
75.96733274 34.44863658 -43.25365081 9.71483889e+00
76.20145023 34.09124995 -41.97801514 1.22285556e+01
76.07198665 34.30108342 -42.82692798 1.04882908e+01
76.39290402 34.04043944 -43.27699383 1.38091544e+01
76.57957672 33.71189054 -41.60251771 2.38289782e+01
76.23411548 34.27083175 -44.12804551 1.13650182e+01
76.24179637 34.13735195 -42.83496617 1.21655634e+01
76.21901011 34.20094779 -43.26239517 1.16343003e+01
76.22428716 34.02762841 -41.55597739 1.29162855e+01
75.94947606 34.33916151 -41.95946588 9.72951112e+00
76.09864409 34.06336523 -40.69273346 1.16291775e+01
75.86765588 34.42336861 -41.95437850 9.22039269e+00
75.90675555 34.46816635 -42.82043717 9.39859686e+00
75.87099403 34.24931445 -40.24257597 9.36098733e+00
75.88885703 34.35874703 -41.52326591 9.35957727e+00
75.70933355 34.41950963 -40.22883150 8.42862825e+00
75.70675674 34.59369243 -41.94538388 8.56223483e+00
75.49094539 34.78774839 -41.50535442 8.81914629e+00
75.60943868 34.57061014 -40.64798519 8.30863573e+00
75.62751444 34.67968015 -41.94167770 8.43739210e+00
75.66590425 34.72369495 -42.81022457 8.56575604e+00
75.33647103 34.96250563 -41.50276681 9.94096099e+00
75.39529728 34.76622085 -40.21567952 8.59659722e+00
75.31697958 35.02794055 -41.93581356 1.00226869e+01
75.33519712 35.13648501 -43.24631039 9.29622381e+00
75.18275739 35.31221829 -43.25498049 9.69898718e+00
75.16453217 35.20396056 -41.94434698 1.04488225e+01
75.41345310 34.87495676 -41.50456877 9.35833070e+00
75.43163893 34.98368502 -42.80480300 9.05073917e+00
75.24057677 35.11582885 -41.93908691 1.03931827e+01
75.27814599 35.15880412 -42.81092593 9.82034867e+00
75.12615347 35.33494015 -42.82041021 1.00568931e+01
75.08879349 35.29230339 -41.95039704 1.04542116e+01
75.12018624 35.47129149 -44.12893453 8.79224526e+00
75.10701452 35.40041307 -43.25708506 9.70816177e+00
74.75048690 35.77834374 -42.83329038 8.53275552e+00
74.66918292 36.00403541 -44.13511956 6.79875839e+00
74.80639677 35.75487300 -43.26493500 8.43972339e+00
74.74402997 35.91497940 -44.13383964 7.17571354e+00
74.58305006 35.84939075 -41.54316343 7.97691257e+00
74.73162623 35.84378904 -43.26773957 7.83213190e+00
74.71348467 35.73645175 -41.96814579 9.14415239e+00
74.90019323 35.60056413 -42.82775550 9.54171363e+00
74.95707673 35.40399439 -41.52073838 1.03583146e+01
74.86385168 35.38515485 -40.23159082 9.73815980e+00
74.86308841 35.55839783 -41.96058156 1.00869102e+01
74.54614646 35.80781399 -40.68485725 7.95781317e+00
74.95629467 35.57734283 -43.25997501 9.30338774e+00
74.93809412 35.46953602 -41.95596742 1.03111386e+01
74.77009029 35.53988274 -40.66798504 9.92464701e+00
74.80711829 35.58185674 -41.52935326 1.00778015e+01
74.63882012 35.82560613 -41.97221837 8.29756593e+00
74.62072397 35.71843068 -40.67925373 9.24346669e+00
74.85108411 35.31414310 -39.39605995 9.11739619e+00
74.99512906 35.27286874 -40.65518032 9.97706155e+00
74.93890459 35.29613437 -40.22760154 9.75139081e+00
75.07654157 35.04778566 -39.38318049 8.65251497e+00
75.16558470 35.03014173 -40.21698743 9.38532669e+00
75.45890578 34.60837381 -39.38061593 7.86255428e+00
75.01419998 35.20728484 -40.22411625 9.56786901e+00
75.07059857 35.18419031 -40.65014984 9.92225120e+00
75.25993258 35.05035167 -41.50349613 1.03289296e+01
75.29879095 34.91938972 -40.64257703 9.66838025e+00
75.24174733 34.94189353 -40.21489050 9.17412674e+00
75.45295964 34.74423009 -40.64432785 8.82901234e+00
75.19550732 34.86594873 -38.97180207 7.21673807e+00
75.18212900 34.79518135 -38.15646298 5.87152225e+00
75.05023817 34.90606605 -37.75400978 6.78014245e+00
74.96912778 35.13102684 -38.97943371 8.69674174e+00
74.78897691 35.47430923 -40.23725399 9.78413622e+00
74.84492719 35.45074524 -40.66244504 9.99774125e+00
74.62725323 35.58171980 -39.41531599 8.80613130e+00
74.75123986 35.26104037 -37.77766025 8.06462989e+00
74.56497753 35.74232372 -40.25477987 8.71264317e+00
74.70175887 35.49243564 -39.40834234 9.12475649e+00
74.63956542 35.65290815 -40.24888451 9.29865345e+00
74.69536447 35.62911608 -40.67357072 9.67033570e+00
74.55281945 35.67107735 -39.42188056 8.15382157e+00
74.58404003 35.50475232 -38.20381688 8.03374835e+00
74.50992520 35.59396240 -38.16545115 6.99480186e+00
74.65822078 35.41561191 -38.19491898 8.34627713e+00
74.59623073 35.57599608 -39.01278590 8.48298792e+00
74.73316440 35.15349738 -36.55983059 7.33135683e+00
74.60274131 35.43928983 -37.79605004 8.00938886e+00
74.78878100 35.12994355 -36.95926443 7.50311819e+00
74.67694196 35.35012147 -37.78645874 8.14726753e+00
74.49191157 35.48695949 -36.83232745 6.46153195e+00
74.80757373 35.06436046 -36.55133574 7.18820240e+00
74.73248999 35.32655384 -38.18635176 8.37197496e+00
75.39339270 34.42373501 -36.93892050 4.46264952e+00
75.25811364 34.70733966 -38.15579948 5.20773693e+00
75.33601290 34.44567797 -36.53277633 3.84366597e+00
75.20137147 34.72971591 -37.74849507 5.05218073e+00
74.82566405 35.17206307 -37.76931758 7.97465500e+00
75.01309512 34.86346352 -36.94231537 6.22999816e+00
74.95701731 34.88653814 -36.53853021 6.26819457e+00
75.03121375 34.97158008 -38.16091045 7.56903790e+00
74.88141716 35.14875480 -38.17141213 8.18614897e+00
74.97512500 34.99455328 -37.75677791 7.42220787e+00
75.10651365 34.88327262 -38.15860282 6.74608785e+00
75.13727646 34.54526356 -35.28971776 3.66536582e+00
74.81952028 35.30866253 -38.99165383 8.88648771e+00
74.80687408 35.23759310 -38.17890709 8.22150737e+00
74.95618518 35.06007670 -38.16498920 7.91591207e+00
74.89421257 35.21976507 -38.98540776 8.75909312e+00
75.77526696 34.26386539 -39.40162292 8.73308501e+00
75.80960965 33.92928417 -36.58583409 9.39971408e+00
75.82071284 34.17357594 -38.99854180 9.09759095e+00
75.99218774 33.87175531 -37.81797028 1.15813584e+01
75.74002635 34.25840143 -38.99199353 8.55191309e+00
75.72569189 34.18809419 -38.17538816 8.49273308e+00
75.66650169 34.20852142 -37.76922270 8.23207668e+00
75.87003508 33.90973236 -36.99444092 1.00457527e+01
75.58733897 34.29428628 -37.76577060 7.90258430e+00
75.54913609 34.25026247 -36.95547944 7.14157459e+00
75.35408252 34.55442738 -37.74757142 4.75320031e+00
75.47092826 34.33677437 -36.94576152 5.74541689e+00
75.43119530 34.46728740 -37.75050099 5.53786841e+00
75.49092150 34.27154620 -36.54482499 5.65583047e+00
76.05880970 33.67978649 -36.65580014 1.41659395e+01
75.88775779 34.01925269 -38.19747465 9.86941289e+00
76.47436446 33.34550769 -37.19470727 4.11480847e+01
76.24825827 33.62784983 -37.89335766 1.87630911e+01
75.95267089 33.82629904 -37.01544931 1.13660651e+01
75.82737614 34.03874603 -37.78314168 9.30233223e+00
75.74648679 34.12331972 -37.77034671 8.62724328e+00
75.80624731 34.10333832 -38.18387095 9.04470837e+00
75.98502648 34.00600124 -39.02445935 1.08815056e+01
76.05396932 33.85337894 -38.23417006 1.24366993e+01
76.22500788 33.69111447 -38.28231841 1.69836292e+01
76.15384157 33.84171418 -39.06116836 1.39748718e+01
75.90235334 34.08941968 -39.01030513 9.86732412e+00
75.90925090 33.95486828 -37.79900235 1.02787934e+01
75.93855135 34.09513153 -39.42214776 1.01166404e+01
75.97030178 33.93590586 -38.21414442 1.09764395e+01
75.95325721 34.16522225 -40.25204119 1.00876505e+01
76.02174584 34.01187443 -39.43537240 1.11578060e+01
76.01458652 34.14610862 -40.68163772 1.05968826e+01
76.10611040 33.92947657 -39.45084645 1.25237564e+01
75.78971338 34.33409957 -40.23506531 8.81027340e+00
75.85641742 34.17915149 -39.41064300 9.32264284e+00
75.58118817 34.42979599 -38.97849279 8.13222941e+00
75.56711996 34.35935277 -38.16581528 7.92506799e+00
75.42525096 34.60314739 -38.97248771 7.06085742e+00
75.48895385 34.44573999 -38.15963190 7.07641315e+00
75.34819263 34.69042949 -38.97212562 6.04769787e+00
75.41145307 34.53257116 -38.15673437 5.79831651e+00
75.37562815 34.83164502 -40.64387795 9.21132030e+00
75.50288654 34.51624952 -38.97399349 7.88460525e+00
75.31829621 34.85390600 -40.21521254 8.84538247e+00
75.38152083 34.69564564 -39.37964840 6.97008088e+00
75.47281761 34.67888187 -40.21642496 8.55369032e+00
75.53690480 34.52151050 -39.38349975 8.19142037e+00
75.55095276 34.59195182 -40.21894351 8.35561160e+00
75.61558943 34.43510607 -39.38913416 8.19966320e+00
75.62977185 34.50547954 -40.22318280 8.26006108e+00
75.64782167 34.61459252 -41.50932831 8.39907337e+00
76.05426477 34.19149515 -41.53688667 1.07116873e+01
76.12107778 33.99942340 -40.27503773 1.22672987e+01
76.13865893 34.10909907 -41.54563832 1.16760738e+01
76.18392938 33.98153586 -40.70590484 1.29682064e+01
76.31118502 33.94713625 -41.56738461 1.45374453e+01
76.38216006 33.75783368 -40.31733270 1.89735847e+01
76.44745900 33.74203338 -40.74444138 2.03792121e+01
76.87993941 33.22597899 -39.21579025 9.08724590e+01
76.73250259 33.38131851 -39.57635557 6.69621740e+01
77.13305417 33.16073683 -40.42410282 1.08649577e+02
76.78491909 33.29915310 -39.20030158 9.73372746e+01
76.81686418 33.43793696 -40.80114935 6.47510085e+01
76.84301849 33.37673219 -40.39087046 9.15855037e+01
76.76502614 33.56066968 -41.62610548 3.95667874e+01
77.07299143 33.08261570 -39.24867708 7.88184040e+00
76.91216752 33.36462379 -40.81384373 1.06642068e+02
77.00853167 33.29234923 -40.82508297 1.33335138e+02
76.95508504 33.41372297 -41.64796132 9.44820974e+01
77.21482340 33.02141343 -39.64109027 6.28458813e+01
77.10580587 33.22099764 -40.83435260 1.33463903e+02
76.69097500 33.37335381 -39.18111370 6.37167071e+01
76.65489454 33.52580787 -40.36401869 3.85592362e+01
77.01914143 33.16258733 -39.62100676 5.63782205e+01
77.13838377 32.83300552 -37.37823207 1.34424400e-01
77.11658310 33.09157770 -39.63174068 2.77943591e+01
77.03546488 33.23181155 -40.41432014 1.19296426e+02
76.56265677 33.60200550 -40.34813703 2.91215338e+01
76.62959611 33.58770583 -40.77468094 3.19738964e+01
76.42542093 33.47034267 -37.95054970 2.97183809e+01
76.54704062 33.53243501 -39.53797912 3.18676455e+01
76.36680104 33.68810837 -39.50301359 2.01007741e+01
76.35832256 33.82082940 -40.73280058 1.71081630e+01
76.27860783 33.76754241 -39.48547102 1.67567459e+01
76.29383891 33.83734430 -40.30443894 1.60289021e+01
76.32771260 33.68130320 -39.09951355 1.95861803e+01
76.45628540 33.60973384 -39.52084887 2.48340830e+01
76.51591921 33.39319745 -37.97506131 4.02629135e+01
76.41659305 33.60266121 -39.11829919 2.41601162e+01
76.67519617 33.30383967 -38.40363037 7.37065770e+01
76.59819963 33.44863173 -39.15790134 4.19464678e+01
76.49910372 33.28325989 -36.82049749 5.12827437e+01
76.40121481 33.53292780 -38.33067749 2.57541414e+01
76.58256440 33.37905199 -38.37766100 4.72616189e+01
76.56583394 33.26910579 -37.22286387 6.09629962e+01
76.38418839 33.42303162 -37.16393804 3.00357233e+01
76.33619259 33.54856457 -37.92194825 2.32004512e+01
76.76900570 33.22971295 -38.42940805 9.23276647e+01
76.84760029 33.04661856 -37.31459055 3.09436724e+00
77.05665253 33.01338150 -38.49012678 5.98501984e-01
77.06780822 32.84312062 -36.99202155 2.83254122e-02
77.08377871 32.95317310 -38.11961478 2.20440264e-01
77.15429248 32.94307186 -38.50542456 2.98563060e+00
76.98662772 33.02405048 -38.10004460 3.29225869e-01
77.04062522 32.90334479 -37.36218091 3.08262499e-02
77.56427194 32.49972638 -37.06561045 3.15677432e+01
77.43566136 32.62640890 -37.42053859 4.53940223e+01
76.92256142 33.23448264 -39.60536049 1.02630437e+02
76.89033916 33.09581495 -38.07845091 1.10912109e+01
77.31375970 32.95200899 -39.64867963 1.06233569e+02
77.28033856 32.81383580 -38.14308641 8.57315345e+01
77.35167628 32.80474688 -38.52489638 7.36042179e+01
77.26930817 32.94266802 -39.26755697 1.04693551e+02
76.97601007 33.15383519 -39.23308483 4.55100512e+01
76.95981543 33.08453402 -38.47067298 7.06970809e+00
77.56858377 32.73812115 -39.29120848 3.54939045e+01
77.86930282 32.30214438 -37.09202347 2.35273986e+01
77.75351818 32.53628526 -38.55630784 2.68470860e+01
77.94312017 32.29626545 -37.46540829 2.28638540e+01
77.57977751 32.61003813 -38.17565780 3.31179566e+01
77.53590041 32.55886891 -37.43167034 3.40891717e+01
77.45128295 32.73662133 -38.53621010 4.63868519e+01
77.63669890 32.49199693 -37.43989458 2.90834243e+01
77.55144711 32.66914868 -38.54365617 3.58292500e+01
77.68072827 32.54345217 -38.18171462 2.86142019e+01
77.66528863 32.43306443 -37.07307759 2.76304945e+01
77.74939698 32.29817478 -36.34741551 2.50947684e+01
77.78230285 32.47761988 -38.18958269 2.58313672e+01
77.85554527 32.47105401 -38.56543050 2.46784150e+01
78.30424786 32.16607006 -38.25534296 1.72489827e+01
78.36636037 32.05398891 -37.54165781 1.66348007e+01
78.19745700 32.22526269 -38.23558672 2.14260705e+01
78.25850689 32.11181660 -37.51884025 1.72006969e+01
77.98780191 32.34882638 -38.20488940 2.27700661e+01
78.04703496 32.23321416 -37.47910416 2.19809608e+01
78.09202653 32.28626840 -38.21767608 2.19470915e+01
78.18240766 32.11459549 -37.14072398 1.91826869e+01
78.38121355 32.16460627 -38.63405354 1.69659477e+01
78.50767631 31.94348316 -37.22035194 1.59891612e+01
78.50948102 32.17795360 -39.39004849 1.66364576e+01
78.82644063 31.95484949 -38.73540208 1.57746627e+01
78.29208683 32.29145641 -39.35130850 1.86381042e+01
78.41251137 32.10892607 -38.27698665 1.67087127e+01
78.40003438 32.23362818 -39.36984365 1.70830286e+01
78.49043253 32.10889774 -38.65638875 1.65115174e+01
78.18557418 32.35125101 -39.33540915 2.16143368e+01
78.27349741 32.22247064 -38.61409641 1.93483144e+01
78.02383305 32.48667457 -39.68935670 2.28815749e+01
78.16721448 32.28229665 -38.59559017 2.16226064e+01
77.97631818 32.47575457 -39.31430760 2.31856446e+01
78.06223769 32.34384033 -38.58069853 2.22543435e+01
77.87324996 32.53996505 -39.30801847 2.46255952e+01
77.95840200 32.40683828 -38.57184469 2.32253598e+01
77.46825048 32.80563639 -39.28499725 4.47802281e+01
77.65217824 32.60235089 -38.55141796 3.02114747e+01
77.47940480 32.67731497 -38.16592253 4.16285769e+01
77.41333056 32.88331781 -39.65750975 5.55827049e+01
77.40223852 33.01185729 -40.85320137 6.16429491e+01
77.66949779 32.67129550 -39.29649187 3.01331973e+01
77.60304593 32.87602143 -40.86210362 3.49332944e+01
77.77102666 32.60520888 -39.30128909 2.67877641e+01
77.63152833 32.81689437 -40.45314387 3.30517395e+01
77.81749710 32.61545652 -39.67715190 2.60922899e+01
77.73304122 32.75023870 -40.45592355 2.86885559e+01
77.92021404 32.55051099 -39.68318912 2.41661653e+01
77.80625056 32.74302687 -40.86851818 2.66429375e+01
77.93812714 32.61941919 -40.46483932 2.39846897e+01
78.36045354 32.37308525 -40.50360939 1.88183919e+01
78.37554106 32.48365272 -41.71875258 2.11356253e+01
78.16217411 32.60367473 -41.70083518 2.18726279e+01
78.05736580 32.66613217 -41.69775233 2.26598858e+01
78.56058289 32.19212988 -39.76607989 1.65791861e+01
78.46940209 32.31604197 -40.51938129 1.70639203e+01
78.32950482 32.42943120 -40.90335804 2.12279821e+01
78.26818440 32.54276579 -41.70772346 2.13927511e+01
78.25297155 32.43217697 -40.48940311 2.14511693e+01
78.23780464 32.59974314 -42.11357427 2.14314756e+01
78.57983723 32.26118084 -40.53674830 1.66729642e+01
78.56264674 32.42647326 -42.14514731 1.69791495e+01
78.22253334 32.48916368 -40.89082965 2.15653541e+01
78.14685696 32.49309764 -40.47813461 2.19474446e+01
78.34465835 32.54000078 -42.12169145 2.11308560e+01
78.25314049 32.71029602 -43.34602892 2.10926550e+01
77.92439603 32.78821987 -42.10529344 2.42146907e+01
77.96913136 32.84034677 -42.93067328 2.33327311e+01
78.59460703 32.37158602 -41.74556831 1.68412041e+01
78.46800367 32.59268635 -43.35592739 2.08365884e+01
77.73565997 33.02971709 -43.34119860 2.78718686e+01
77.95359901 32.72989575 -41.69554969 2.38865989e+01
77.74863649 32.86056955 -41.68860121 2.85796824e+01
77.53394323 33.16389307 -43.33716731 3.89946843e+01
77.76428930 32.97087579 -42.92720998 2.75830892e+01
78.02782771 32.72409110 -42.10848830 2.28506306e+01
77.86632651 32.90514647 -42.92714823 2.50126129e+01
77.93996927 32.89863948 -43.34202699 2.33704682e+01
77.85073276 32.79476575 -41.69077870 2.57566896e+01
77.54634215 32.99445345 -41.68204745 4.00041339e+01
77.70433462 32.80914746 -40.86550550 2.98921720e+01
77.53061889 32.88426893 -40.44829729 4.00164954e+01
77.90888294 32.67777478 -40.87274398 2.44910422e+01
77.83519800 32.68435992 -40.46022721 2.58520125e+01
77.50235757 32.94360637 -40.85792933 4.32984340e+01
77.51812323 33.05376148 -42.09478604 4.26528759e+01
77.43028904 32.95232476 -40.44440654 5.29305851e+01
77.44608827 33.06244688 -41.67946276 5.33848694e+01
77.33054626 33.02105706 -40.43780808 1.03441026e+02
77.24743823 33.20054540 -41.67292344 1.38118936e+02
76.93873960 33.30377381 -40.40404524 1.22343702e+02
76.85950175 33.48666582 -41.63775758 5.65673307e+01
76.39937046 33.86766533 -41.57810859 1.66993733e+01
76.53787304 33.66430547 -40.75905224 2.50359987e+01
76.92857332 33.47456036 -42.06159628 6.46651666e+01
77.21993516 33.26051067 -42.08538364 1.34901909e+02
76.66331347 33.80747093 -43.29645076 2.04150471e+01
76.64643296 33.69759804 -42.03126570 2.55282758e+01
76.83341068 33.54785982 -42.05133390 4.34820987e+01
76.87603089 33.59657908 -42.89183769 3.80267427e+01
76.41662188 33.97747921 -42.85101089 1.48781039e+01
76.48883981 33.78924379 -41.58892560 1.96623561e+01
76.78169942 33.67057077 -42.88439061 2.93286135e+01
76.85000284 33.65776239 -43.31042692 3.05284978e+01
76.59653954 33.82175665 -42.86940822 1.96978241e+01
76.55485668 33.77417738 -42.02062164 2.08969509e+01
77.06794397 33.45172733 -42.90680259 7.62826148e+01
77.31867948 33.19086638 -42.08837244 9.79215890e+01
77.16529121 33.38070106 -42.91220403 1.10020093e+02
77.34643170 33.13112588 -41.67491721 8.31657808e+01
77.23602141 33.37049544 -43.33238433 7.75559367e+01
77.41808246 33.12195260 -42.08979048 5.81302786e+01
77.26347306 33.31054979 -42.91760493 9.42100027e+01
77.33466548 33.30089023 -43.33462190 6.40491560e+01
77.15464443 33.51006191 -44.16415848 4.78576745e+01
77.56212005 33.10461434 -42.92211691 3.80226852e+01
77.04112737 33.51223745 -43.32243764 5.36670555e+01
77.05746681 33.58143727 -44.16096014 3.83785742e+01
77.19840589 33.51890159 -44.58197765 4.02933045e+01
76.94502587 33.58447618 -43.31617136 3.97005295e+01
77.00398147 33.66211636 -44.57877930 2.76965790e+01
76.86604847 33.72710331 -44.15598129 2.46840996e+01
76.96121054 33.65373986 -44.15692189 3.04202989e+01
76.57188300 33.88403048 -43.29048063 1.75018231e+01
76.40827416 34.11016921 -44.13922554 1.30714196e+01
76.48175983 33.96170873 -43.28525763 1.53897110e+01
76.35916149 34.19645091 -44.56754056 1.21436133e+01
76.44747066 34.11685910 -44.57168498 1.29971263e+01
76.49725860 34.03135764 -44.14370001 1.42621435e+01
76.58751135 33.95359824 -44.14415989 1.58040643e+01
76.72013542 33.88450622 -44.57336329 1.71965744e+01
76.62790739 33.96081242 -44.57214486 1.54098123e+01
77.25266585 33.43956240 -44.16530220 5.26683290e+01
77.29691007 33.44863343 -44.58332456 4.26092681e+01
77.39613702 33.37914681 -44.58409910 3.90857117e+01
77.49605315 33.31042541 -44.58411670 3.36194295e+01
77.43397933 33.23202487 -43.33476807 4.98674785e+01
77.59659133 33.24241357 -44.58355541 2.88337437e+01
77.55109988 33.23281273 -44.16767211 3.34518765e+01
77.65182784 33.16532037 -44.16843659 2.85793950e+01
78.07282973 32.77664333 -42.93334850 2.22405542e+01
77.85518115 33.03257778 -44.16962294 2.34211253e+01
77.83745833 32.96374761 -43.34051550 2.51419666e+01
77.75318672 33.09856887 -44.16968155 2.54347264e+01
77.35147789 33.36990520 -44.16742366 4.82045358e+01
77.45095466 33.30098291 -44.16821581 4.04024514e+01
78.00517566 32.97797863 -44.58577133 2.11549939e+01
78.17755470 32.71422550 -42.93274960 2.15569190e+01
78.32082796 32.79101073 -44.58660941 2.03606211e+01
78.28346210 32.65332804 -42.93571547 2.11592759e+01
78.16603513 32.84054204 -44.17233498 2.08718330e+01
78.14767681 32.77172077 -43.34566507 2.15100556e+01
78.35987781 32.65054360 -43.35000610 2.08866135e+01
78.27172060 32.77912813 -44.17239483 2.06378007e+01
78.48703439 32.66155294 -44.17749119 2.06223072e+01
78.57756668 32.53688194 -43.36296459 1.70389524e+01
78.59681790 32.60576145 -44.18107057 1.83634688e+01
78.21447392 32.85188123 -44.58578543 2.04292381e+01
78.06147589 32.90339062 -44.17232088 2.13390052e+01
78.64813636 32.61972297 -44.59150410 1.68755378e+01
78.10930870 32.91428249 -44.58654955 2.06704977e+01
78.75999619 32.56671631 -44.59591127 1.67245216e+01
79.17632848 32.23326362 -43.01260696 1.62496530e+01
79.16270644 32.35386707 -44.20411846 1.64095948e+01
79.21647013 32.36996238 -44.60308452 1.64607830e+01
79.63465525 32.04390733 -43.04283626 1.63043814e+01
79.78853709 32.12857153 -44.60969982 1.64888953e+01
80.01349676 32.02631296 -44.60908592 1.65318023e+01
79.73479461 32.11432844 -44.21901749 1.64363425e+01
79.44637939 32.27495603 -44.60654608 1.64478172e+01
79.37225582 32.19130709 -43.42145350 1.62870669e+01
79.56094282 32.22692574 -44.60809844 1.64557106e+01
79.27757958 32.30654510 -44.20806774 1.63892964e+01
79.39241327 32.25925285 -44.21152929 1.63857660e+01
78.70798454 32.55205030 -44.18741537 1.67788975e+01
79.04803344 32.40163270 -44.20045234 1.64519852e+01
79.14266096 32.28540073 -43.40697300 1.63109080e+01
79.10153989 32.41765526 -44.60103394 1.64895499e+01
78.94722300 32.32862254 -42.99252962 1.63732755e+01
78.98696004 32.46604426 -44.59941840 1.65388824e+01
78.82039402 32.50031122 -44.19380532 1.66280372e+01
78.93383274 32.45029654 -44.19731244 1.65223743e+01
79.02808854 32.33298502 -43.39912723 1.63628937e+01
79.04758714 32.17097798 -41.80836378 1.61413431e+01
79.12881924 32.17603539 -42.21479420 1.61623581e+01
79.06156858 32.28053832 -43.00256337 1.62927384e+01
78.91402129 32.38152539 -43.39174877 1.64512478e+01
79.01400386 32.22334379 -42.20176692 1.62136880e+01
78.67378799 32.37289667 -42.15872551 1.66786220e+01
78.60944532 32.48196469 -42.95916648 1.69385780e+01
78.80476582 32.15785746 -40.57611813 1.61839651e+01
78.78621052 32.32136336 -42.17384683 1.64610816e+01
78.99998915 32.11367697 -41.00650891 1.60542373e+01
78.93300577 32.21880377 -41.79345676 1.62233284e+01
79.73559499 31.88697704 -41.87372724 1.62892521e+01
80.14974932 31.50549156 -39.92824807 1.65856021e+01
79.46072035 31.92702144 -41.06605248 1.60852059e+01
79.47373760 32.03552563 -42.24859786 1.61867351e+01
79.82756395 31.99764130 -43.44032483 1.64088199e+01
79.81511318 31.88978459 -42.26670323 1.63541338e+01
79.74813745 31.99492946 -43.04701941 1.63503805e+01
79.70196773 31.93935879 -42.26305566 1.62914343e+01
79.52058969 32.09199407 -43.03730944 1.62670785e+01
79.58813557 31.98787900 -42.25586696 1.62341911e+01
79.71459739 32.04736020 -43.43647446 1.63669676e+01
79.62117124 32.16339299 -44.21741611 1.64117810e+01
79.84778298 32.06431216 -44.22046221 1.64650228e+01
79.96004270 32.01321697 -44.21984830 1.64945241e+01
79.60098121 32.09609524 -43.43347774 1.63295223e+01
79.50700304 32.21163572 -44.21464452 1.63941618e+01
80.72154679 31.39463916 -41.74458400 1.66018431e+01
80.41285790 31.67750532 -43.01760388 1.65904923e+01
80.40021192 31.56855390 -41.82478890 1.66094141e+01
80.27177276 31.78761584 -43.42629456 1.65602742e+01
80.30406481 31.73316804 -43.02940307 1.65684952e+01
80.61504914 31.45335631 -41.77485131 1.66170848e+01
80.25938879 31.67928038 -42.24462086 1.65673502e+01
80.08411712 31.84132016 -43.04359171 1.64967268e+01
80.29165003 31.62469411 -41.84443096 1.65839336e+01
80.19449741 31.78780096 -43.03793517 1.65372316e+01
80.52095169 31.62094264 -43.00222961 1.66017963e+01
80.62842618 31.56360915 -42.98615880 1.66026062e+01
80.03898069 31.78700691 -42.26165365 1.64762549e+01
80.17001161 31.57152200 -40.67661910 1.65716397e+01
80.81333291 31.22358068 -40.47838304 1.65731947e+01
80.69066120 31.45120511 -42.16111306 1.66034216e+01
80.88843276 31.22090071 -40.86354684 1.65515015e+01
80.82762821 31.33545424 -41.71326217 1.65782168e+01
80.93345952 31.27602421 -41.68116107 1.65502354e+01
81.09935677 31.10107572 -40.79135833 1.64909586e+01
81.13071242 31.32908713 -43.31699356 1.65379125e+01
81.76017844 30.87551422 -42.01224230 1.68430819e+01
80.94833977 31.38871879 -42.92690982 1.65612676e+01
81.00903379 31.27413705 -42.07843001 1.65371115e+01
80.79703010 31.39242200 -42.13383464 1.65852615e+01
80.70436854 31.56196355 -43.37949064 1.65959904e+01
81.69828290 30.98857086 -42.85966381 1.66819348e+01
81.90166808 30.76710185 -41.60677092 1.72254406e+01
81.31699559 31.35171807 -44.57420650 1.65475914e+01
81.16092939 31.27163133 -42.89024082 1.65267502e+01
80.94083795 31.51340281 -44.17157825 1.65744770e+01
81.02427008 31.38737110 -43.33144695 1.65530540e+01
80.88748437 31.58222574 -44.58773401 1.65843611e+01
80.91782509 31.44573700 -43.34713950 1.65700594e+01
80.83373493 31.57123957 -44.17988601 1.65860581e+01
80.81123601 31.50399500 -43.36322723 1.65851808e+01
80.56371485 31.75377368 -44.59910605 1.65977875e+01
80.59709718 31.61946926 -43.39380363 1.66000635e+01
80.45492459 31.80992401 -44.60287694 1.65931370e+01
80.48929911 31.67633681 -43.40628638 1.65958760e+01
80.40176580 31.79855408 -44.20796838 1.65857028e+01
80.38088366 31.73242835 -43.41839194 1.65824796e+01
80.07157985 31.96108152 -44.21763925 1.65236845e+01
80.18235330 31.90786937 -44.21586838 1.65491557e+01
80.34557518 31.86536779 -44.60509144 1.65838017e+01
80.23558069 31.91996609 -44.60731505 1.65699248e+01
80.61867554 31.68600727 -44.19498347 1.65977310e+01
80.77989300 31.63977819 -44.59215200 1.65926979e+01
80.67200427 31.69700962 -44.59587741 1.65975030e+01
81.04780982 31.45547416 -44.16394261 1.65614359e+01
81.10218715 31.46672570 -44.58009836 1.65628763e+01
81.20951780 31.40907733 -44.57685750 1.65532751e+01
81.64124336 31.18271241 -44.57173924 1.65746898e+01
81.99655331 30.88632723 -43.30927060 1.70057730e+01
81.42471807 31.29478539 -44.57222896 1.65473400e+01
81.58483429 31.17013060 -44.14298173 1.65707609e+01
82.02832884 30.83108928 -42.89088565 1.71722620e+01
81.23729692 31.27108089 -43.30440963 1.65284983e+01
81.15476958 31.39761509 -44.15695586 1.65495624e+01
81.69342550 31.11501008 -44.14403602 1.66088056e+01
82.81453548 30.62576703 -44.20330628 1.70222175e+01
81.48174039 31.09926946 -42.85912611 1.65519561e+01
81.36915231 31.28279079 -44.14643546 1.65402869e+01
81.80258267 31.06081428 -44.14591141 1.66672250e+01
82.21945789 30.78644589 -43.33512993 1.73463888e+01
81.96997016 31.02107207 -44.57712178 1.67191291e+01
82.25199470 30.73244908 -42.92520034 1.75695253e+01
81.91234544 31.00762561 -44.15073641 1.67480691e+01
82.69957729 30.66918826 -44.19735544 1.70339020e+01
82.08081806 30.96933959 -44.57945363 1.67967471e+01
82.13392319 30.90474651 -44.16164825 1.69648739e+01
81.85980150 31.07396240 -44.57361463 1.66547278e+01
82.19232708 30.91876802 -44.58219462 1.68747143e+01
82.30450627 30.86940814 -44.58643784 1.69304349e+01
82.99086038 30.59935293 -44.60647590 1.68801067e+01
82.87510617 30.64147879 -44.60296008 1.68854522e+01
82.75982379 30.68466220 -44.60034620 1.68938517e+01
83.25218770 30.39627268 -43.44692290 1.71887940e+01
83.36892312 30.35751684 -43.45469852 1.71353510e+01
83.51251383 30.38453490 -44.23174624 1.68786690e+01
83.45748687 30.43955769 -44.61530425 1.67930074e+01
83.13569723 30.43568110 -43.43709520 1.72190517e+01
83.22358134 30.51795344 -44.61076187 1.68576183e+01
82.92997020 30.58340349 -44.20943597 1.70180261e+01
83.04585195 30.54206610 -44.21532550 1.70138241e+01
82.59258004 30.59420210 -42.97847152 1.73822867e+01
82.70730304 30.55057682 -42.99420248 1.73464179e+01
82.64507069 30.72898387 -44.59700924 1.69091671e+01
82.58518288 30.71380545 -44.18995368 1.70574291e+01
82.55893501 30.64623741 -43.37766914 1.72873987e+01
82.41738914 30.82135503 -44.58991429 1.69448712e+01
82.33195515 30.73842435 -43.34861716 1.73917680e+01
82.24572215 30.85509777 -44.16863245 1.70611331e+01
82.53092440 30.77455820 -44.59294444 1.69298564e+01
82.35821501 30.80672751 -44.17635213 1.71006737e+01
82.47139220 30.75965873 -44.18285873 1.70870684e+01
82.47843077 30.63903794 -42.95989028 1.74539806e+01
83.00768154 30.36671315 -42.24941174 1.75463394e+01
82.54553447 30.53456630 -42.16242159 1.75976628e+01
82.93821670 30.46658722 -43.02636155 1.73385929e+01
83.12419623 30.32707416 -42.26792478 1.75385764e+01
83.16211097 30.50163225 -44.21961148 1.70022870e+01
83.34041222 30.47843111 -44.61340385 1.68313098e+01
83.27867017 30.46195552 -44.22416572 1.69773720e+01
83.39549784 30.42297974 -44.22870810 1.69357253e+01
83.28736635 30.34728126 -43.06215145 1.72813922e+01
83.70963732 30.13694027 -42.32386279 1.70056559e+01
83.40425254 30.30884122 -43.07147243 1.72132150e+01
83.60288721 30.28144575 -43.46685800 1.69626314e+01
83.15929264 30.27787040 -41.88414799 1.76464871e+01
83.05429390 30.42604658 -43.03868305 1.73392474e+01
82.78825766 30.55889539 -43.40341574 1.72325715e+01
82.89149913 30.40717945 -42.23054446 1.75370213e+01
82.82253726 30.50807275 -43.01060547 1.73367532e+01
82.90366720 30.51687316 -43.41697190 1.72296112e+01
82.67332230 30.60197860 -43.39110226 1.72484076e+01
82.66036029 30.49099998 -42.18566377 1.75404509e+01
82.64741142 30.38002662 -40.98538635 1.78192553e+01
82.57933425 30.48276592 -41.76651361 1.76748317e+01
82.44513413 30.69171055 -43.36208911 1.73460255e+01
82.43127539 30.57933379 -42.13855423 1.77269002e+01
82.23736551 30.61891668 -41.68114903 1.84764067e+01
82.30333114 30.51226699 -40.88008229 1.86702386e+01
81.98088272 30.77140700 -42.04232324 1.73406280e+01
82.10967320 30.55276420 -40.40595146 1.93955934e+01
81.46516601 30.98358516 -41.57483228 1.65556575e+01
81.91277645 30.51725902 -39.18993023 1.86596446e+01
81.79134294 30.81926713 -41.59045611 1.69523753e+01
81.88580971 30.65185987 -40.34638023 1.76193053e+01
81.80756936 30.93485471 -42.86758307 1.67998827e+01
82.01280865 30.71633750 -41.62989850 1.76118208e+01
82.13980978 30.78112663 -42.90742892 1.74057822e+01
82.09240671 30.72138547 -42.06550475 1.77223696e+01
81.77651008 30.99118545 -43.29088210 1.67235164e+01
81.87013480 30.82278937 -42.02487744 1.70517814e+01
82.10765752 30.83576100 -43.32038507 1.71897215e+01
82.02278960 30.95558803 -44.15657541 1.68505107e+01
81.37437904 31.15605114 -42.86524419 1.65266188e+01
81.26184146 31.33999521 -44.15106400 1.65413969e+01
81.54256070 30.98470537 -42.00006073 1.65994624e+01
81.45141975 31.15663442 -43.28840759 1.65438131e+01
81.32777601 31.09833471 -42.01584637 1.65124870e+01
81.34416416 31.21354608 -43.29451456 1.65289221e+01
81.68182593 30.87277644 -41.57866091 1.67628669e+01
81.66751640 31.04532469 -43.28643235 1.66355369e+01
81.65098938 30.92950243 -42.00278338 1.66969406e+01
81.58968043 31.04339545 -42.85708304 1.66019918e+01
81.22120111 31.15640978 -42.03161193 1.65066299e+01
81.26747613 31.21355524 -42.87563123 1.65200902e+01
81.43485849 31.04104184 -42.00505150 1.65408484e+01
81.52600302 30.86889735 -40.72281647 1.66248422e+01
81.25128624 31.09868409 -41.60109744 1.64979226e+01
81.34153839 30.92532012 -40.31401432 1.64923366e+01
81.35793499 31.04069027 -41.58493516 1.65131030e+01
81.41834523 30.92543967 -40.72733276 1.65373021e+01
81.57310341 30.92756607 -41.57252961 1.66352766e+01
81.66541885 30.75697047 -40.30828145 1.68588908e+01
81.53090219 30.74192000 -39.49918254 1.66610628e+01
81.74389669 30.75983109 -40.73827262 1.69905416e+01
81.20515374 31.04172922 -40.76327280 1.64795531e+01
81.21062880 30.91478641 -39.54035912 1.64350015e+01
81.44863981 30.86789102 -40.30284807 1.65571718e+01
81.63950473 30.68709589 -39.50585512 1.68736942e+01
81.55657564 30.81172596 -40.30129289 1.66735029e+01
81.63451226 30.81366882 -40.72688355 1.67690557e+01
81.58291192 30.67399190 -39.12234687 1.67872833e+01
82.03069260 30.34461931 -38.12265833 1.90384686e+01
82.42473955 30.34655984 -39.74602218 1.83494647e+01
82.18990086 30.55893544 -40.84330125 1.92577528e+01
82.31026538 30.39083129 -39.70197395 1.91140877e+01
82.07719795 30.60700109 -40.81180466 1.87519947e+01
82.47949438 30.28687817 -39.40528685 1.82562024e+01
82.33659137 30.45940611 -40.48286815 1.86423916e+01
82.25067384 30.37477894 -39.31356151 1.98891377e+01
81.99733319 30.60157563 -40.37500164 1.85302283e+01
82.88774198 30.18085726 -39.90813842 1.82333721e+01
82.53215293 30.42289790 -40.94976409 1.78812675e+01
82.53978067 30.30350740 -39.78989041 1.81132531e+01
82.45106089 30.41475764 -40.52063327 1.81088851e+01
81.77516604 30.70366765 -40.32329760 1.71460804e+01
81.85414522 30.70741626 -40.75737456 1.73301281e+01
82.79770881 30.28787928 -40.63064978 1.79470078e+01
82.69448531 30.43982529 -41.79454404 1.76319515e+01
82.91412446 30.24760906 -40.66306834 1.79960340e+01
82.81012000 30.39797213 -41.82082183 1.76339999e+01
82.99586291 30.25760137 -41.07459309 1.78920985e+01
82.92616974 30.35709358 -41.84258683 1.76525100e+01
83.03087351 30.20817633 -40.69229254 1.80260272e+01
83.04258464 30.31710647 -41.86474589 1.76633242e+01
83.22974948 30.17997829 -41.11987797 1.78393210e+01
83.27623591 30.23926986 -41.89963328 1.75929553e+01
83.34698966 30.14200428 -41.13910485 1.77330965e+01
83.39336438 30.20119912 -41.91531687 1.74952662e+01
83.14788409 30.16943587 -40.71721980 1.80172282e+01
83.64553347 29.89987284 -39.70835957 1.74997755e+01
83.26509896 30.13126892 -40.74013677 1.79468390e+01
83.81670612 29.99293273 -41.18411739 1.69359138e+01
83.47322973 29.99083897 -40.03819247 1.78480012e+01
83.41980172 29.85983640 -38.65944963 1.85199248e+01
83.49993046 30.05618833 -40.77556858 1.76164509e+01
83.70805122 29.91702765 -40.06418854 1.72807647e+01
83.17672322 30.04802269 -39.63200576 1.84614459e+01
82.59473714 30.24474247 -39.45088413 1.81836030e+01
83.00444950 30.14174883 -39.94286638 1.82970688e+01
82.87933423 30.29749461 -41.04639623 1.78604333e+01
82.94304439 30.12442604 -39.57023701 1.84362870e+01
82.76316501 30.33827095 -41.01711775 1.78266625e+01
82.77135814 30.22078839 -39.87179506 1.81523349e+01
82.68167875 30.32907964 -40.59741071 1.79142430e+01
82.71046484 30.20372178 -39.49362696 1.82390242e+01
82.71852603 30.08605698 -38.44157551 1.86618897e+01
82.08337127 30.48353282 -39.61552113 1.99623904e+01
82.56833422 30.17682073 -38.72780522 1.83678046e+01
82.83486659 30.04685098 -38.48912483 1.88576251e+01
82.80016031 30.09648107 -38.82084487 1.86178155e+01
82.82266524 29.93711487 -37.45199388 1.95819542e+01
82.90461173 29.94825392 -37.83177028 1.94882393e+01
82.82658891 30.16365588 -39.53261159 1.83402999e+01
82.95150476 30.00842332 -38.53445674 1.90304545e+01
83.13881106 29.87353139 -37.91891765 1.96963169e+01
83.03328480 30.01944491 -38.90278206 1.88648343e+01
83.26721259 29.94468866 -38.96342446 1.87238287e+01
83.18541594 29.93335610 -38.60638053 1.90902487e+01
83.06838062 29.97064982 -38.57308966 1.91196612e+01
83.05978256 30.08593895 -39.60394483 1.84895148e+01
82.70596036 29.97568819 -37.39793572 1.92331312e+01
82.48699192 30.16728474 -38.33899277 1.84675639e+01
82.91658573 30.05759863 -38.86299014 1.87660244e+01
83.05682186 29.86201866 -37.55245310 2.00706646e+01
82.55523801 30.06554569 -37.66734471 1.87080323e+01
82.45309620 30.21858131 -38.67746811 1.84295163e+01
82.24324763 30.13997015 -37.14220959 1.94457552e+01
82.37195423 30.20958520 -38.28319932 1.87666047e+01
82.20988371 30.19236473 -37.48187930 1.93319093e+01
82.43957699 30.10659694 -37.60781475 1.86603763e+01
82.25749001 30.25313957 -38.22738661 1.98047807e+01
82.33838221 30.26151438 -38.62473496 1.89869068e+01
81.54084725 30.48830046 -37.22849797 1.68708989e+01
81.75975177 30.38242738 -37.27450465 1.81667261e+01
82.09605824 30.23740354 -37.42278840 1.71588757e+01
82.11090175 30.35146920 -38.52429430 1.94047136e+01
81.98302253 30.28401177 -37.36722972 1.78729937e+01
82.22428546 30.30576499 -38.57397829 1.99565278e+01
81.88653070 30.44748213 -38.43529712 1.88531460e+01
81.99828770 30.39867693 -38.47605573 1.93478738e+01
81.91850486 30.39269812 -38.07504993 1.89380859e+01
81.97106338 30.53206689 -39.57959579 1.89738399e+01
82.14371136 30.29812229 -38.17473130 1.88137244e+01
82.13726755 30.42079081 -39.26724434 1.99727060e+01
81.80726019 30.44248603 -38.03715211 1.82681729e+01
81.85961066 30.58214777 -39.54836446 1.78433988e+01
81.77573350 30.49799249 -38.40172037 1.78302828e+01
81.80185120 30.56787338 -39.15829961 1.76635543e+01
81.69704333 30.49405029 -38.00687698 1.74081541e+01
81.69188761 30.62012567 -39.13478711 1.70942378e+01
81.26194010 30.84473780 -39.14956094 1.64299644e+01
81.47989361 30.60251359 -37.98280445 1.66380266e+01
81.15661794 30.90410877 -39.18024569 1.64196331e+01
81.26717127 30.71769435 -38.01471651 1.63966109e+01
81.34307300 30.71714350 -38.37587080 1.64551789e+01
81.32674721 30.60163647 -37.24269517 1.64344151e+01
81.43320411 30.54408604 -37.22715711 1.65912103e+01
81.55723229 30.60418762 -38.36287779 1.67887310e+01
81.16221888 30.77731448 -38.04976934 1.63723779e+01
81.22136356 30.66073002 -37.27296016 1.63585694e+01
81.37301855 30.65935185 -37.99218870 1.64790512e+01
81.44962308 30.65987202 -38.36317823 1.65776952e+01
81.58790222 30.54738972 -37.98760385 1.69078195e+01
81.66595176 30.55022767 -38.37600492 1.71543485e+01
81.01903369 30.65568130 -36.24210998 1.63342243e+01
79.99944067 31.42691296 -38.55096649 1.65543381e+01
80.85057782 30.96081076 -38.20902432 1.65125434e+01
80.90977320 30.84441946 -37.43366012 1.64475709e+01
80.64275132 31.08346775 -38.32874083 1.66593091e+01
80.83612329 30.84836454 -37.11248104 1.65064071e+01
80.40122991 31.25924500 -38.79750831 1.67191991e+01
80.32590472 31.26146592 -38.47552867 1.67464417e+01
79.69076352 31.33985428 -36.49781218 1.63302471e+01
79.73044427 31.47359631 -37.87097536 1.62767648e+01
80.28202000 31.20808377 -37.79125518 1.68131889e+01
80.20617671 31.20976055 -37.46922301 1.68417151e+01
79.85510682 31.53174243 -38.89964806 1.63771729e+01
80.06491170 31.31936097 -37.84971051 1.66986603e+01
80.49440455 31.09059260 -37.69488797 1.67771813e+01
80.38876012 31.15002919 -37.74804047 1.68127783e+01
79.92839000 31.61171708 -39.94884740 1.64203989e+01
79.88833901 31.47882212 -38.55784511 1.64328443e+01
80.09700438 31.49353745 -39.58079028 1.65714008e+01
80.07689127 31.42742083 -38.88368565 1.65950160e+01
80.63370725 31.20701659 -39.41535327 1.66366256e+01
80.61235956 31.14056218 -38.70454600 1.66623721e+01
80.82080804 31.01873927 -38.59278704 1.65359909e+01
80.74685542 31.02233911 -38.26902663 1.65884243e+01
81.11690206 30.72111718 -37.31614619 1.63453630e+01
80.92460123 30.95740441 -38.53687325 1.64704483e+01
81.04250719 30.72392222 -36.97959138 1.63503853e+01
81.01313270 30.78247088 -37.37091800 1.63796765e+01
80.94744646 31.02501709 -39.26412102 1.64837672e+01
81.05186539 30.96430747 -39.21916488 1.64400572e+01
80.68588679 31.21671120 -39.75571247 1.66219198e+01
80.71680962 31.07989664 -38.64927786 1.66029601e+01
80.58032137 31.27654653 -39.80161157 1.66515766e+01
80.67702303 31.34042783 -40.94232712 1.66161187e+01
80.89571500 31.09560406 -39.65750949 1.65261467e+01
80.78288889 31.28083251 -40.90342511 1.65870980e+01
80.79094811 31.15630554 -39.70642840 1.65734208e+01
80.70776684 31.28358895 -40.52174070 1.66128512e+01
80.47405630 31.33554477 -39.84266215 1.66706501e+01
80.57065518 31.39944540 -40.97855232 1.66344228e+01
80.49508397 31.40181833 -40.59971234 1.66501342e+01
80.50798107 31.51139173 -41.80268699 1.66201087e+01
80.18221821 31.67967421 -41.85818442 1.65438186e+01
80.24707864 31.57091985 -41.05934756 1.65926213e+01
79.91521112 31.73118385 -41.08883952 1.64044685e+01
79.92746546 31.83901174 -42.26408542 1.64168465e+01
80.36693931 31.39348246 -39.87886715 1.66660030e+01
80.46361933 31.45765304 -41.01133745 1.66376842e+01
80.27930916 31.51619519 -40.65681716 1.66163179e+01
80.35579221 31.51486460 -41.03826436 1.66241724e+01
80.03958940 31.55935138 -39.94264551 1.65118836e+01
80.13741280 31.62568991 -41.07526605 1.65444359e+01
79.94844770 31.67803141 -40.69556593 1.64277473e+01
80.02678918 31.67912454 -41.08439584 1.64798305e+01
80.42187610 31.32528630 -39.50111759 1.66836949e+01
80.50722967 31.20043422 -38.75426248 1.67046159e+01
80.18612379 31.37287431 -38.86244655 1.66659756e+01
80.10941799 31.37336494 -38.53256894 1.66503172e+01
79.35966894 31.85410348 -39.91022675 1.59190873e+01
79.62936021 31.63003762 -38.88961373 1.61024224e+01
79.49469591 31.87517829 -40.67548612 1.60712664e+01
79.72311976 31.77899956 -40.69506572 1.62462391e+01
79.42069408 31.79158676 -39.56297604 1.59266244e+01
79.26433986 31.96836417 -40.64780182 1.59652926e+01
79.70311329 31.71213156 -39.94637881 1.62073866e+01
79.80273020 31.78190257 -41.08975188 1.63219968e+01
79.60922711 31.82759045 -40.68693746 1.61550326e+01
79.68940528 31.83133221 -41.08624549 1.62364470e+01
79.83622294 31.72918229 -40.69678054 1.63392553e+01
79.84853351 31.83704297 -41.87390765 1.63590957e+01
79.37967004 31.92199359 -40.66302055 1.60053824e+01
79.39283072 32.03069741 -41.84739857 1.61204022e+01
79.14892681 32.01468477 -40.63124996 1.59530895e+01
79.16259300 32.12398674 -41.82207262 1.61035876e+01
78.65912001 32.26259263 -40.95165493 1.65261423e+01
78.70625943 32.31876013 -41.76172551 1.65593341e+01
79.01381706 31.99268355 -39.85452506 1.58650436e+01
78.77174506 32.21123348 -40.97066047 1.63002822e+01
78.78514970 32.08887407 -39.80906532 1.60721104e+01
78.69168005 32.20850074 -40.55668765 1.63860478e+01
79.07523722 31.92945517 -39.50715647 1.57822910e+01
78.91885846 32.10895942 -40.59546317 1.60523092e+01
79.19042328 31.88346222 -39.52779336 1.57971865e+01
79.31967526 31.71792569 -38.50252533 1.57271131e+01
79.12899460 31.94620131 -39.87474809 1.58445764e+01
79.03367546 32.06139232 -40.61376538 1.59787120e+01
78.73266176 32.07321510 -39.43416290 1.60679077e+01
78.85972866 31.90215678 -38.39110229 1.56620988e+01
78.84606919 32.02386391 -39.45802274 1.59101613e+01
78.94059093 31.90718542 -38.76552837 1.56866633e+01
78.62039858 32.12450658 -39.41154175 1.63038660e+01
78.74608167 31.95079201 -38.35910357 1.57925776e+01
78.96035798 31.97609513 -39.48333625 1.58174625e+01
79.08919221 31.80893103 -38.45534176 1.55975388e+01
79.30565432 31.83764883 -39.54644873 1.58430212e+01
79.43466766 31.67211491 -38.52253526 1.58469358e+01
79.74267782 31.58158730 -38.89840017 1.62447113e+01
79.64937701 31.69726854 -39.58810725 1.61465190e+01
79.77619456 31.52915612 -38.55768784 1.62918667e+01
79.76269250 31.64848066 -39.59501995 1.62665066e+01
79.40067674 31.72365772 -38.86063227 1.58425455e+01
79.50265782 31.56892216 -37.84720706 1.59219731e+01
79.28565999 31.76940295 -38.84109107 1.57437805e+01
79.38778766 31.61499779 -37.82746718 1.57575023e+01
79.54920151 31.62557405 -38.53866814 1.59883574e+01
79.61693422 31.52187933 -37.86307955 1.60992375e+01
79.20443801 31.76338707 -38.47988159 1.56409721e+01
79.27252197 31.66044882 -37.80405001 1.56186504e+01
78.97419588 31.85502565 -38.42555032 1.55989891e+01
79.04173000 31.75116623 -37.74772936 1.54668279e+01
78.71320291 32.00415018 -38.70682180 1.59329502e+01
78.92671897 31.79737303 -37.71333548 1.54648200e+01
78.63352891 32.00132083 -38.32886513 1.60011281e+01
78.81234089 31.84479703 -37.67381322 1.55305630e+01
78.73185995 31.84059109 -37.29568094 1.55233413e+01
78.47573859 31.99835737 -37.56918510 1.62061907e+01
78.54820843 31.80658530 -36.17243755 1.55147551e+01
78.22142411 31.97360552 -36.06591291 1.67679132e+01
78.84572659 31.79217300 -37.33602445 1.54151075e+01
78.77324467 31.70652998 -36.26164029 1.51793552e+01
79.07566222 31.69947478 -37.40903213 1.54073357e+01
79.55734848 31.31997675 -35.79641961 1.61004680e+01
79.19115568 31.65422554 -37.43970640 1.54862837e+01
79.51679508 31.44984834 -36.82173821 1.59310626e+01
79.30664323 31.60906386 -37.46708888 1.56143032e+01
79.57721856 31.38742043 -36.48733414 1.60855276e+01
79.42188244 31.56354166 -37.49031736 1.57780881e+01
79.63092190 31.40285340 -36.83598479 1.61599231e+01
79.53665195 31.51726083 -37.50996668 1.59643740e+01
79.80335390 31.29074501 -36.50325613 1.65568240e+01
79.65076291 31.46990262 -37.52350173 1.61599900e+01
79.85648512 31.30451567 -36.84542587 1.65816833e+01
79.47705809 31.31458597 -35.43895775 1.59067727e+01
79.40201380 31.49576113 -36.80002370 1.57115023e+01
79.21293264 31.45537955 -35.72050288 1.52917359e+01
79.28677646 31.54093109 -36.77435771 1.55171908e+01
79.01634248 31.49302100 -35.30809028 1.49305745e+01
79.17131199 31.58577504 -36.74459883 1.53628367e+01
78.94070758 31.67635678 -36.67353764 1.52227213e+01
78.82611776 31.72308438 -36.63238400 1.52466825e+01
78.59980670 31.82172573 -36.54431978 1.55331635e+01
78.52910045 31.73735029 -35.44618306 1.53171044e+01
78.66010530 31.75549835 -36.21602383 1.53054135e+01
78.64079839 31.68625539 -35.49574636 1.51069677e+01
78.88737337 31.65935138 -36.30707029 1.51365000e+01
79.05586703 31.63075336 -36.71048913 1.52638244e+01
79.00219809 31.61351185 -36.34656163 1.51617211e+01
79.11742918 31.56851722 -36.38332166 1.52523101e+01
78.67362323 31.63295379 -35.15307082 1.49429383e+01
78.77317458 31.47463228 -34.04587275 1.45172101e+01
78.90137168 31.53826179 -35.26074462 1.48541617e+01
78.98246574 31.54454094 -35.64303724 1.49931417e+01
78.75376384 31.63731918 -35.54784012 1.49863654e+01
78.85401992 31.48027816 -34.48891568 1.46505785e+01
78.81502978 31.34196294 -32.87788891 1.41415920e+01
78.62663163 31.57587731 -34.36752133 1.47480836e+01
79.09880608 31.27053862 -33.42588352 1.47541380e+01
78.96896857 31.43485080 -34.54441059 1.47403634e+01
79.34960592 31.25105192 -34.29662610 1.56182336e+01
79.73210345 30.98234125 -33.21436723 1.75973789e+01
80.22114687 30.78016189 -33.45513321 1.81579522e+01
79.93418286 30.81399085 -32.42074321 1.89400131e+01
79.31538880 31.30210733 -34.67202548 1.55047622e+01
79.36226430 31.35977205 -35.41469100 1.55937744e+01
79.24705136 31.40426918 -35.38518254 1.53141980e+01
79.32815066 31.41091688 -35.75097558 1.55299808e+01
79.65882500 31.16468529 -34.73817424 1.66295323e+01
79.59121834 31.26833337 -35.45619298 1.62302596e+01
79.81685205 31.17140035 -35.46774547 1.68185221e+01
79.80499646 31.06342634 -34.36254522 1.72085871e+01
79.46291413 31.43373193 -36.46868493 1.58371033e+01
79.44303011 31.36591603 -35.77681900 1.58071519e+01
79.74421611 31.35450010 -36.84440760 1.63817158e+01
79.78352832 31.22403381 -35.81418674 1.66529022e+01
80.14615373 31.01197851 -35.39807627 1.73024924e+01
80.24114098 30.84610844 -34.22517180 1.77480706e+01
80.18609916 31.14384293 -36.77799031 1.69475611e+01
80.35864810 30.89595748 -35.28505461 1.72673271e+01
80.34641769 30.78666620 -34.14916967 1.76446985e+01
80.22160946 31.01035171 -35.71707169 1.72061764e+01
80.31553227 30.84306871 -34.56544060 1.75238332e+01
80.66249410 30.39363908 -31.79217566 1.73546339e+01
79.99347772 31.01299609 -34.71615862 1.74418748e+01
80.00622474 30.89278537 -33.56089684 1.80845347e+01
80.11447868 30.83755508 -33.51773278 1.81855925e+01
80.20968102 30.90172028 -34.63299409 1.75833805e+01
80.73395815 30.46787705 -32.93059277 1.68790729e+01
80.69111497 30.33454791 -31.34112517 1.73747164e+01
80.95765183 30.40606702 -33.50848421 1.63567313e+01
80.93476717 30.33824687 -32.69220691 1.64251537e+01
80.53209936 30.59657048 -33.17171988 1.75039362e+01
80.76203234 30.32824516 -31.65667222 1.69783771e+01
80.74062169 30.70554632 -35.33278512 1.66495451e+01
80.85657934 30.47027923 -33.61517797 1.65117425e+01
80.66816604 30.71054586 -35.02125834 1.68133149e+01
80.72670073 30.59362655 -34.17243773 1.67519486e+01
80.56595903 30.77346944 -35.11786304 1.69974979e+01
80.55292572 30.66285060 -33.95551914 1.72349370e+01
80.63865483 30.76865660 -35.42504370 1.68169687e+01
80.62526881 30.65753666 -34.28226518 1.69831358e+01
80.50418250 30.96755394 -36.61703931 1.68771408e+01
80.84224990 30.64210564 -35.24076977 1.64937315e+01
80.65990228 30.83511221 -36.14357536 1.67297295e+01
80.91629907 30.71819178 -36.31251842 1.64164517e+01
80.39935392 31.02782877 -36.68174977 1.69460989e+01
80.53602541 30.83103802 -35.51280489 1.69766792e+01
80.55685679 30.89721381 -36.22193341 1.68590829e+01
80.41990683 31.09387481 -37.37992182 1.68466401e+01
80.43244411 30.89231508 -35.59229688 1.71044627e+01
80.24164950 31.07623560 -36.40751143 1.70384018e+01
80.32768685 30.95216777 -35.66186810 1.71819473e+01
80.25311056 30.95489107 -35.35007638 1.73211642e+01
79.76403851 31.42119572 -37.53005384 1.63497337e+01
79.96762108 31.25279395 -36.83116396 1.67494866e+01
79.91483261 31.23989545 -36.49524223 1.67510730e+01
80.11411884 31.06666584 -35.75862161 1.71607294e+01
79.87631342 31.37091284 -37.53148687 1.65223502e+01
80.02509012 31.18721235 -36.47536095 1.69001988e+01
79.98748183 31.31894755 -37.51819766 1.66667649e+01
80.13403830 31.13264360 -36.44809591 1.69969349e+01
80.17407617 31.26455626 -37.82664446 1.67758069e+01
80.29336487 31.08666257 -36.73600539 1.69718846e+01
80.07750422 31.19922698 -36.81035873 1.68735202e+01
80.09744920 31.26522476 -37.49767459 1.67751248e+01
80.60802527 30.90610379 -36.54552323 1.67758790e+01
80.52508498 31.03380448 -37.32025246 1.67919689e+01
80.73293997 30.91071649 -37.18453700 1.66094317e+01
80.62935022 30.97264448 -37.25444624 1.67087505e+01
80.76235107 30.77235612 -36.06116424 1.65909060e+01
80.80651548 30.90657475 -37.50093466 1.65348766e+01
80.81378121 30.78104531 -36.38907849 1.65289479e+01
80.71113049 30.84381430 -36.46816913 1.66545891e+01
81.33167676 30.47426483 -36.10494350 1.64317342e+01
81.35666263 30.54372890 -36.85803737 1.64664442e+01
81.87088001 30.33230866 -37.31526803 1.83552542e+01
81.64971758 30.43441696 -37.24541536 1.74153413e+01
81.65498873 30.30832109 -36.12182372 1.77331800e+01
81.46348827 30.48667062 -36.84812458 1.66696165e+01
80.96674172 30.64645885 -35.90295734 1.63562416e+01
80.93920414 30.78596582 -37.04299769 1.64149378e+01
81.48978776 30.34865548 -35.71755764 1.69048767e+01
81.43812000 30.41693540 -36.09342676 1.66494317e+01
81.93676192 30.02095891 -34.72593703 1.60773463e+01
81.54589277 30.36159169 -36.09919490 1.70749883e+01
80.97280223 30.51984519 -34.73164604 1.63317263e+01
80.86451346 30.70932904 -35.97977831 1.64595649e+01
81.82445533 30.06798315 -34.65210013 1.59061213e+01
81.79139789 30.32703389 -36.91286776 1.83068392e+01
82.05004048 29.97582628 -34.81118383 1.64098185e+01
81.81859731 30.19255574 -35.81574566 1.69366250e+01
81.79248105 30.12256261 -35.03233777 1.63093459e+01
81.70775087 30.24251054 -35.76677155 1.78447594e+01
82.13086415 29.98460403 -35.25548189 1.68544475e+01
81.98931366 30.16053596 -36.27222822 1.63895219e+01
82.01557893 30.23014283 -37.01692278 1.69908171e+01
81.93055160 30.14459327 -35.87495832 1.62271147e+01
81.87680041 30.20786440 -36.21326838 1.67697978e+01
81.76532078 30.25709267 -36.16092222 1.79640813e+01
82.12902640 30.18427134 -37.07652807 1.71955622e+01
82.04347443 30.09847044 -35.94066225 1.63264486e+01
82.21691694 30.07095769 -36.41262558 1.88679102e+01
82.10272076 30.11494126 -36.33909649 1.66637636e+01
82.44727139 29.98725744 -36.55526447 1.89628698e+01
82.35815293 30.09712415 -37.20927203 1.89003763e+01
82.67135354 30.02557846 -37.72697615 1.89364477e+01
82.47362220 30.05553953 -37.27272901 1.87445850e+01
82.91320543 29.83246144 -36.81456933 2.05924097e+01
82.78783900 29.98653662 -37.78081503 1.92201138e+01
83.03034565 29.79554426 -36.86658933 2.09301059e+01
83.02162823 29.91064323 -37.87866969 1.96637736e+01
82.96870599 29.77736530 -36.50169961 2.13577253e+01
82.93963945 29.89926893 -37.50567563 1.98812536e+01
83.14761038 29.75903215 -36.91223258 2.08852200e+01
83.17413586 29.82518829 -37.59349302 2.00397792e+01
83.38233291 29.68679329 -36.98335238 1.97407584e+01
83.40899434 29.75240144 -37.65607302 1.91146000e+01
83.43743030 29.63302363 -36.66404675 1.96720401e+01
83.52779931 29.53177370 -36.01934905 1.92668924e+01
83.29355017 29.60292931 -35.95580838 2.14025693e+01
83.08579755 29.74090481 -36.55179344 2.15458477e+01
82.94219614 29.71048195 -35.81023839 2.26136291e+01
82.50251214 29.92936294 -36.24088868 1.92437979e+01
82.85176584 29.81429520 -36.44313896 2.08614117e+01
82.67958033 29.90815724 -36.69397093 1.96524715e+01
82.58957970 30.01509733 -37.33667657 1.89225821e+01
82.79626554 29.86995968 -36.75446887 2.01408908e+01
82.61859859 29.89014686 -36.31401988 1.97039398e+01
82.16415866 29.93242148 -34.90314277 1.73630555e+01
82.62669407 29.77253101 -35.27313267 2.08567486e+01
82.51036180 29.81080654 -35.18473713 2.00385197e+01
82.70858885 29.78423292 -35.67496155 2.10074853e+01
82.74334219 29.73509479 -35.35392273 2.18392283e+01
82.59215822 29.82214621 -35.59754531 2.02120200e+01
82.73098407 29.62508167 -34.21902564 2.43232044e+01
82.86023011 29.69833472 -35.42692565 2.28503966e+01
82.81315608 29.63745015 -34.66779582 2.44276663e+01
82.73504692 29.85185444 -36.37932524 2.02798986e+01
82.82528858 29.74705588 -35.74695651 2.18475656e+01
83.21171246 29.59067926 -35.59261688 2.27618333e+01
83.17638055 29.63854863 -35.91439098 2.23423102e+01
83.16512563 29.53047199 -34.86562141 2.45592976e+01
83.05924789 29.67436354 -35.86518686 2.28718185e+01
84.03044355 29.33959865 -35.74480369 1.37544583e+01
83.64480023 29.49604041 -36.04126153 1.82871672e+01
83.41070554 29.56737731 -35.99070694 2.03638707e+01
83.39990684 29.46000713 -34.95614575 2.11132804e+01
83.08304428 29.51790625 -34.45038648 2.68682512e+01
82.97729772 29.66211559 -35.48852153 2.36841642e+01
82.96558318 29.55325837 -34.38044521 2.74584200e+01
82.93907025 29.48633183 -33.59608660 3.10471717e+01
82.69611164 29.67400514 -34.58512169 2.28855333e+01
82.70452339 29.55740058 -33.41536807 2.64661380e+01
82.47608469 29.86098146 -35.51441530 1.95832151e+01
82.57931226 29.71125319 -34.49086260 2.15481073e+01
82.39443764 29.85011070 -35.09141906 1.94827575e+01
82.49726234 29.69945201 -34.02125214 2.12031022e+01
82.35451667 29.66918723 -33.08799800 2.06477519e+01
82.26508460 29.77780372 -33.80521884 2.00300899e+01
81.83660328 29.81960229 -32.17933653 1.62846403e+01
82.14982055 29.81893700 -33.69562836 1.73208133e+01
81.69743674 30.00146453 -33.33843768 1.58233607e+01
82.00895559 29.79185602 -32.74554499 1.67404810e+01
82.01715158 30.02878152 -35.17213142 1.62523748e+01
82.12344435 29.74938605 -32.85366948 1.74136169e+01
81.90430969 30.07470913 -35.09719797 1.60458269e+01
81.92160382 29.90621799 -33.49453415 1.62213672e+01
82.36044956 29.90089601 -35.42770948 1.92466002e+01
82.34680341 29.78858941 -34.28654597 1.97743204e+01
82.24533633 29.94203562 -35.34122758 1.94017737e+01
82.23127001 29.82901624 -34.17891276 1.95254649e+01
81.60337202 30.16838566 -34.54543622 1.73765320e+01
81.55626142 30.10871612 -33.70132661 1.71352315e+01
81.49484796 30.22194749 -34.52181518 1.70792628e+01
81.38283758 30.40489011 -35.71936543 1.65448432e+01
81.59811517 30.29452803 -35.73338527 1.74969231e+01
81.57242349 30.22460697 -34.94433443 1.74304100e+01
81.26605422 30.22026512 -33.28829441 1.64894764e+01
81.14881435 30.45430201 -35.00960616 1.62727924e+01
81.16205291 30.28060547 -33.34035540 1.63096278e+01
81.07494388 30.45715487 -34.65121256 1.62712091e+01
80.92890881 30.46525757 -33.95579149 1.63815953e+01
80.87121511 30.58328554 -34.82363884 1.64602930e+01
81.46442168 30.27893619 -34.92922876 1.69191647e+01
81.47861713 30.10603042 -33.26169812 1.71393562e+01
81.18797432 30.14063402 -32.04989604 1.64956502e+01
81.13296245 30.33942294 -33.78276466 1.62793616e+01
81.13801228 30.21182688 -32.50642036 1.63530694e+01
81.05934899 30.34267878 -33.41522660 1.62823157e+01
81.34161082 30.21974114 -33.69167666 1.66569184e+01
81.34651111 30.09238734 -32.41369325 1.68571773e+01
81.44815161 30.16304071 -33.68328847 1.70337261e+01
81.45319506 30.03612954 -32.40988190 1.70519112e+01
81.95627163 29.65182392 -31.04827217 1.71906539e+01
81.50509212 29.96871977 -31.99553099 1.67925693e+01
81.51037664 29.84240939 -30.72868832 1.60732375e+01
81.39769078 30.02354724 -31.98380940 1.70431781e+01
80.98966177 30.13842687 -30.94882811 1.66531073e+01
80.88370846 30.33008452 -32.33172532 1.65364598e+01
81.29200709 30.08092992 -32.00248229 1.67632602e+01
81.40275919 29.89665754 -30.71178208 1.70019040e+01
81.37267218 29.95397763 -31.13730286 1.69988729e+01
81.57248261 29.73055401 -29.30930062 1.67945580e+01
81.58838977 29.84639007 -31.17922721 1.59913598e+01
82.27434929 29.30611334 -28.39761562 3.15946931e+01
82.29396532 29.65051038 -32.62434030 2.07114389e+01
82.07062674 29.60981997 -31.16817240 1.79421632e+01
81.81041911 29.74938021 -31.32656820 1.64601007e+01
81.72470731 29.86684877 -32.09511791 1.60003886e+01
81.69870354 29.79662325 -31.24096031 1.62104393e+01
81.61414754 29.91651150 -32.03348477 1.58201677e+01
81.89534894 29.83618228 -32.64432056 1.63334490e+01
82.00224458 29.91442939 -33.97599140 1.64070682e+01
81.80892940 29.95274266 -33.40769976 1.59237972e+01
81.88900961 29.95979237 -33.88353219 1.60626279e+01
82.03528352 29.86167946 -33.59230780 1.66497690e+01
82.11637353 29.87089388 -34.07516111 1.70173083e+01
82.47082950 29.63097916 -33.19950385 2.20071790e+01
82.38093642 29.73804379 -33.91551911 2.02085384e+01
82.38348989 29.54310753 -31.91354567 2.27940983e+01
82.23867913 29.70857733 -32.97053428 2.00290843e+01
82.87737328 29.46722391 -33.16214142 3.27802499e+01
82.83885263 29.29056990 -31.19307562 3.65956012e+01
83.23801303 29.24946805 -32.24912827 2.77772106e+01
83.19147287 29.18895037 -31.45930647 2.97144001e+01
83.04772648 29.56583763 -34.80725584 2.57697347e+01
83.05649712 29.45134050 -33.67620723 3.01603946e+01
83.40872647 29.34685105 -33.85049931 2.13119987e+01
83.31801845 29.44764434 -34.56054898 2.28459261e+01
83.81422678 29.18751186 -33.57277610 1.34239609e+01
83.43543361 29.41248452 -34.60294873 2.07896118e+01
83.08535581 29.33104749 -32.54092884 3.30429321e+01
83.29137200 29.38172075 -33.80211827 2.40795973e+01
82.99465443 29.43234929 -33.24871799 3.28098834e+01
83.17394381 29.41650297 -33.74493894 2.73440857e+01
83.11197244 29.39767233 -33.32622394 3.03376513e+01
83.22928358 29.36308035 -33.39091072 2.63948371e+01
82.63897376 29.31115657 -30.60883734 3.84103326e+01
82.61666824 29.47006875 -32.15433410 2.97872837e+01
82.52165517 29.34606254 -30.48073335 3.57831287e+01
82.41784262 29.49344740 -31.55204264 2.43489381e+01
82.18577495 29.56959855 -31.29538027 1.97007955e+01
82.30156206 29.53089964 -31.42447036 2.21345462e+01
82.26749037 29.58118398 -31.78871161 2.13554785e+01
82.17847543 29.69024278 -32.50226932 1.86012459e+01
82.15203337 29.62059442 -31.66274400 1.85062595e+01
82.06365648 29.73152334 -32.38643942 1.72219297e+01
81.92334039 29.70445964 -31.42771395 1.68630276e+01
82.17175887 29.45649132 -29.88293238 2.09738411e+01
82.72138243 29.32483326 -31.08240524 3.86640382e+01
82.53451161 29.45703160 -31.67719816 2.83354513e+01
82.76864158 29.38648066 -31.90445975 3.72634832e+01
82.99172947 29.20914646 -30.93777885 3.24482297e+01
82.88593962 29.35195639 -32.00655431 3.73677152e+01
82.96806980 29.36535445 -32.45741633 3.58469303e+01
83.35526157 29.21522266 -32.30759853 2.32973301e+01
83.66026884 29.05129052 -31.65756691 1.68827488e+01
83.12067782 29.28358772 -32.18061027 3.24699381e+01
83.20262304 29.29679396 -32.61187715 2.84773438e+01
83.33353441 29.00045571 -29.94822011 2.38957817e+01
83.10936281 29.17547618 -31.02450160 3.18952297e+01
83.34440244 29.10783581 -31.16358152 2.40471673e+01
83.22693724 29.14175065 -31.09913863 2.85735663e+01
82.98014632 29.10058193 -29.64653646 2.32067774e+01
82.87407648 29.24286707 -30.83834140 3.33529163e+01
82.70910360 29.21496369 -29.79046693 3.05113449e+01
82.60404685 29.35955075 -30.96312364 3.73719375e+01
82.62647524 29.20086265 -29.16252490 2.84046284e+01
82.48692915 29.39492837 -30.83615827 3.14496764e+01
82.12374225 29.39390911 -28.59791448 2.19283667e+01
82.13787255 29.50725352 -30.31201778 1.95861416e+01
81.94145665 29.53738798 -29.36120772 1.81435205e+01
82.05620774 29.49602223 -29.63762577 1.90236466e+01
82.04182296 29.38221981 -27.61116577 2.13906700e+01
81.77981678 29.51906164 -27.30838173 1.85398759e+01
81.66745473 29.56548105 -26.73065480 1.83950324e+01
81.68305617 29.68105684 -29.50013578 1.69384905e+01
81.55662184 29.61470807 -26.15880736 1.84623446e+01
81.49435993 29.72648103 -28.13431133 1.73174810e+01
81.81253219 29.46584696 -26.64747388 1.93204354e+01
81.71508646 29.62668711 -28.72109716 1.75075458e+01
81.58814006 29.55939133 -25.23901156 1.92371547e+01
81.60390694 29.67516729 -28.42948922 1.74127129e+01
81.73061596 29.74213304 -30.84679175 1.64428464e+01
81.82767930 29.58084833 -29.03139468 1.76790123e+01
81.29696530 29.95364469 -30.72650182 1.71048580e+01
81.46358358 29.78288017 -29.14858756 1.69210412e+01
81.84286940 29.69584184 -30.94025117 1.67428572e+01
81.90838349 29.58982947 -29.91076797 1.75919117e+01
81.26746730 30.01176053 -31.16179740 1.69036899e+01
81.38664082 29.78073990 -27.85579138 1.73292405e+01
81.09061280 30.07489454 -30.84821266 1.66975206e+01
81.14808253 29.95670031 -29.01205679 1.78398944e+01
80.94616786 30.08391799 -29.39773605 1.71285802e+01
80.86148213 30.26282340 -31.52487637 1.67011174e+01
81.19296331 30.01316338 -30.77274879 1.68411754e+01
81.35653033 29.83810584 -29.00373652 1.75310202e+01
81.07492924 29.96001786 -27.77381450 1.81800948e+01
81.13223130 29.84146681 -24.99003128 1.89484611e+01
81.25138473 29.89613123 -28.98003432 1.75920456e+01
81.37056708 29.66481244 -24.09106897 1.88902550e+01
80.93105335 29.96988961 -25.49736277 1.94758115e+01
80.67739412 30.22258381 -29.55973959 1.90019070e+01
81.17700647 29.89778369 -27.65463790 1.83166502e+01
81.34043273 29.72222426 -25.26477006 1.81786323e+01
80.83221495 30.03625936 -26.02936997 2.01831547e+01
80.57826552 30.28871077 -30.05722755 1.89124584e+01
80.64894000 30.28194717 -30.38850445 1.78712782e+01
80.37700877 30.41770554 -30.54554554 2.00590701e+01
80.76187656 30.04328052 -24.91538909 2.06119138e+01
80.73386391 30.10325028 -26.69404899 2.02945182e+01
80.43635709 30.30187910 -28.72698808 2.07715129e+01
79.60960810 30.69483056 -29.34173472 2.26144839e+01
79.95517292 30.65203027 -30.86650140 2.13895466e+01
80.01977578 30.54339884 -29.72493316 2.33715985e+01
79.81230120 30.75766938 -31.28442463 2.00931707e+01
79.80071376 30.64960074 -29.88975273 2.28683067e+01
79.94368431 30.54383972 -29.10237713 2.53298780e+01
79.84537941 30.70464139 -30.89376523 2.10135402e+01
80.06329965 30.59699070 -30.81763238 2.13760859e+01
79.96672605 30.76019567 -32.02470524 1.94904939e+01
80.16965475 30.53951300 -30.74890819 2.10663444e+01
80.04288703 30.76000706 -32.38445469 1.91121137e+01
80.24350083 30.53623192 -31.08111016 2.01165315e+01
80.07488690 30.70537796 -31.98075858 1.95929343e+01
80.34697361 30.47512200 -30.97871970 1.97089161e+01
80.14996928 30.70374540 -32.32759877 1.90950824e+01
80.63544031 30.17023226 -27.40145779 2.06597269e+01
80.53642266 30.23661915 -28.12319427 2.04037777e+01
80.59144449 30.39989236 -31.47957817 1.78401514e+01
80.77610675 30.15605867 -29.02505735 1.83871308e+01
80.79038594 30.26881815 -31.20228631 1.70113761e+01
80.84682504 30.14954953 -29.71377151 1.76487002e+01
80.47826545 30.35391100 -30.39026361 1.93861348e+01
80.46140936 30.52230763 -32.04811703 1.82222190e+01
80.25537483 30.64525057 -32.25325731 1.89139243e+01
80.48181651 30.58831882 -32.82571418 1.77837150e+01
80.58317086 30.52468780 -32.70828772 1.74346505e+01
80.68367398 30.46012401 -32.58338943 1.70838914e+01
80.63336564 30.53258339 -33.05436068 1.71881603e+01
80.78370738 30.39508645 -32.45492605 1.67723328e+01
80.65462445 30.59915473 -33.84453887 1.69795064e+01
80.83427561 30.40292359 -32.80738909 1.66148107e+01
80.75571365 30.53481088 -33.72946288 1.67275037e+01
80.82777877 30.52937325 -34.06158504 1.65435911e+01
80.45028331 30.72548098 -34.05876029 1.74657089e+01
80.52312745 30.72067256 -34.38733164 1.72038102e+01
80.02600778 30.95896337 -34.32477782 1.76733573e+01
80.10231811 30.95837895 -34.68168616 1.75581542e+01
79.88319999 31.06552478 -34.73576545 1.72391168e+01
79.89645083 30.94583147 -33.58829295 1.78606938e+01
80.06265477 30.82617708 -33.15193867 1.84402567e+01
80.32622296 30.72070228 -33.37685580 1.80208145e+01
79.84369451 30.93242278 -33.20919005 1.79999610e+01
79.95392816 30.88040788 -33.18945083 1.82887855e+01
80.28613935 30.58887669 -31.83284323 1.92014917e+01
80.16980713 30.76974984 -33.09708899 1.84467368e+01
80.35914092 30.58468116 -32.15887788 1.86136331e+01
80.27532928 30.71116087 -33.02308814 1.83205170e+01
80.49095118 30.46435327 -31.61055399 1.83357393e+01
80.37928293 30.65059379 -32.93305962 1.80901966e+01
80.38927519 30.52747825 -31.72916322 1.88149823e+01
80.44885263 30.41210723 -30.85842602 1.91247792e+01
79.50551741 31.07661196 -33.18429442 1.65533007e+01
79.63329298 30.91119585 -32.05186434 1.80351013e+01
79.67280293 31.04563675 -33.59627039 1.71059354e+01
79.71234713 30.91529729 -32.44290064 1.81025537e+01
79.32984377 31.18298603 -33.52006545 1.55989456e+01
79.37118626 31.05350206 -32.37354234 1.61149131e+01
79.46463756 31.20613610 -34.32680906 1.60346955e+01
79.44487309 31.13841723 -33.55529967 1.61071799e+01
78.92976804 31.29684926 -32.94506665 1.42839456e+01
78.88774033 31.42838708 -34.10752861 1.45520264e+01
79.54505620 31.21169207 -34.72410981 1.62565076e+01
79.55926278 31.09274840 -33.58025905 1.66222220e+01
79.77160589 31.11605022 -34.74317484 1.69638356e+01
79.78525803 30.99673455 -33.59879664 1.75265280e+01
78.75374839 31.40540867 -33.23746330 1.42565961e+01
78.54713399 31.57275276 -33.91683245 1.47231036e+01
78.64026716 31.45332777 -33.16844722 1.43091493e+01
78.51473765 31.62681922 -34.30442340 1.49341702e+01
78.52802460 31.50342231 -33.09905561 1.44535553e+01
78.43613967 31.62521889 -33.85384863 1.49611899e+01
78.45776447 31.41881822 -31.84036056 1.40745646e+01
78.37959702 31.41723075 -31.38524183 1.40673888e+01
78.79559022 31.27270942 -32.07343794 1.38409457e+01
78.71503501 31.26682482 -31.62354401 1.36274148e+01
78.60187307 31.31464324 -31.54425217 1.36814100e+01
78.58822265 31.43724839 -32.73600105 1.42036825e+01
78.98331103 31.31450680 -33.36792900 1.44751958e+01
78.91020874 31.22772266 -32.14618795 1.40215003e+01
78.58794261 31.20420348 -30.32542769 1.31306968e+01
78.44355034 31.30818471 -30.60444450 1.35409452e+01
79.02535313 31.18382829 -32.21437522 1.43456196e+01
78.82921551 31.22091027 -31.70158162 1.37264216e+01
79.04500514 31.25277311 -33.00763068 1.45500448e+01
79.05945429 31.13288186 -31.84434543 1.43971195e+01
79.39096491 31.12160438 -33.15336032 1.59782472e+01
79.40533165 31.00255906 -31.99889503 1.65022430e+01
79.24346868 30.98827402 -31.16174979 1.57253580e+01
79.17494504 31.08973053 -31.90453642 1.49876083e+01
79.58757547 30.85469162 -31.27447475 1.86577117e+01
79.50765583 30.84924538 -30.87202364 1.85069975e+01
79.61930396 31.03030417 -33.20480922 1.71049115e+01
79.59953427 30.96290994 -32.43186975 1.75027902e+01
79.70056514 30.80721035 -31.28764289 1.94583243e+01
79.68884674 30.69910174 -29.92793538 2.20578579e+01
79.27778835 30.93758954 -30.79058401 1.62422248e+01
79.35878872 30.94482826 -31.21031435 1.67210821e+01
79.16216708 30.98057015 -30.73423798 1.51478241e+01
79.14074208 31.14050515 -32.27598215 1.48234909e+01
79.14945431 30.87139088 -29.23146083 1.62649816e+01
78.93085818 31.06669031 -30.59678787 1.36381717e+01
79.12786083 31.03125141 -31.10421754 1.48342110e+01
78.94411842 31.17643271 -31.77579484 1.39726892e+01
79.04643315 31.02342466 -30.66966493 1.42919505e+01
78.81572278 31.11090439 -30.51666607 1.32836657e+01
79.01222958 31.07428044 -31.03834710 1.41241958e+01
79.11504510 30.92197854 -29.76480199 1.55572204e+01
78.89684803 31.11789614 -30.96420582 1.36368082e+01
78.99917203 30.96471318 -29.69366124 1.45172287e+01
78.10385651 31.36448730 -28.91567460 1.58135603e+01
78.01325222 31.53547225 -30.34804092 1.65954209e+01
77.79170485 31.55000805 -28.79396527 1.75979311e+01
77.12221702 32.23804751 -31.57243850 0.00000000e+00
78.25632446 31.36143673 -30.02610897 1.46283545e+01
78.33356216 31.36146433 -30.51837394 1.38111324e+01
77.89454026 31.48660370 -28.82104718 1.68954448e+01
77.83578610 31.60255343 -29.83782427 1.78162874e+01
78.02804699 31.64627003 -31.63164659 1.56588565e+01
77.38820650 31.81332645 -28.77903150 3.20646505e+01
78.14900904 31.41876462 -29.95467852 1.56400444e+01
78.11847656 31.47532262 -30.39059210 1.51449349e+01
77.95375689 31.65041152 -31.20354323 1.59328407e+01
77.90937271 31.59738167 -30.31871223 1.71955900e+01
77.14975237 32.17838009 -31.17408368 0.00000000e+00
77.30400472 31.99117667 -30.30515376 4.99690426e+01
77.50331691 31.85687569 -30.29861007 2.49744738e+01
77.43159358 31.86456934 -29.82906405 2.96413102e+01
77.44681501 31.97498721 -31.18134103 3.10612030e+01
77.58868869 31.68011193 -28.77738993 2.00567169e+01
77.51850449 31.96733628 -31.58853447 2.72430996e+01
77.70480517 31.72523023 -30.29722956 1.94942973e+01
77.71985016 31.83584840 -31.59044925 2.16508670e+01
77.73365051 31.66672011 -29.82701157 1.87701433e+01
77.53168818 31.79789599 -29.82478016 2.26984398e+01
77.60375213 31.79067447 -30.29567014 2.12474685e+01
77.33199674 31.93184882 -29.83308477 5.02892091e+01
77.40342143 31.92373497 -30.30268757 3.42873771e+01
76.63511374 32.31127986 -27.97126004 0.00000000e+00
76.57365488 32.60489308 -30.98836292 0.00000000e+00
76.92305144 32.09681436 -28.12888819 0.00000000e+00
77.20508113 32.05920662 -30.30370101 4.31084024e-01
76.81526373 32.33797298 -30.22825672 0.00000000e+00
77.02061118 32.02699802 -28.15815518 0.00000000e+00
76.42298061 32.52102967 -28.37646756 0.00000000e+00
76.53173851 32.55620925 -30.07076694 0.00000000e+00
76.24196209 32.67428380 -28.16593407 1.12264927e+00
76.46460207 32.56931380 -29.51589494 0.00000000e+00
76.51540259 32.44612266 -28.46679970 0.00000000e+00
76.43946963 32.63109333 -29.99874953 1.00649468e-01
76.44817748 32.45923654 -27.80444564 0.00000000e+00
76.37312996 32.64497769 -29.42660660 2.79431459e-01
76.19402765 32.79968113 -29.22236672 8.39033940e+00
76.25875537 32.78428777 -29.82821560 8.30561575e+00
76.21094273 32.90964781 -30.71116996 2.04156064e+01
75.93534093 33.03994769 -28.88239595 1.00441860e+01
76.64143828 32.59254022 -31.41822512 0.00000000e+00
76.71974913 32.40972290 -30.18358964 0.00000000e+00
76.34847560 32.70713147 -29.91665104 1.11879679e+00
76.28293594 32.72177654 -29.32752700 2.19961996e+00
76.84202684 32.27755580 -29.76210067 0.00000000e+00
76.85789745 32.38769383 -31.11654408 0.00000000e+00
76.93874370 32.20699701 -29.79296347 0.00000000e+00
77.00883676 32.19712214 -30.28179863 0.00000000e+00
77.10666613 32.12783232 -30.29757830 0.00000000e+00
76.94357817 32.44668676 -32.33143186 0.00000000e+00
77.13425354 32.06814324 -29.82911806 0.00000000e+00
77.05178997 32.24740865 -31.16216067 0.00000000e+00
77.41868641 32.03412172 -31.58899092 3.60443269e+01
77.24826762 32.10998482 -31.18052955 9.59559936e+00
77.02450466 32.30729951 -31.55634374 0.00000000e+00
76.95448062 32.31716046 -31.14284352 0.00000000e+00
76.62521318 32.48245189 -30.13248672 0.00000000e+00
76.55734242 32.49481111 -29.59369363 0.00000000e+00
76.38974734 32.75501297 -30.86519258 1.91718733e+00
76.42050243 32.89453173 -32.46491376 1.48174654e+01
76.38048185 32.88694583 -32.04145329 1.61738214e+01
76.45599827 32.74114004 -31.30753409 6.96866090e-01
75.82988975 33.18616866 -29.28980890 8.41616874e+00
76.17033317 32.86254718 -29.73332585 1.47792726e+01
76.20238174 33.04242427 -31.89671460 2.97856660e+01
76.29970482 32.83178159 -30.79135865 1.20633413e+01
76.29078673 32.96413893 -31.97138898 2.96984049e+01
76.36515689 32.81715199 -31.23921158 7.61884237e+00
76.51208112 32.81876062 -32.52429434 1.40009997e+00
76.41123610 33.02644634 -33.65757542 4.13353300e+01
76.60493464 32.74415054 -32.58058648 4.96643487e-02
76.45264686 33.07423487 -34.48377505 4.89709895e+01
76.73582404 32.51982783 -31.46470668 0.00000000e+00
76.65715315 32.66213494 -32.21476930 0.00000000e+00
76.84717093 32.51755670 -32.29972855 0.00000000e+00
76.71475156 32.74013041 -33.43296103 0.00000000e+00
76.83119498 32.44809722 -31.50350270 0.00000000e+00
76.75166505 32.58935116 -32.26161894 0.00000000e+00
76.98681498 32.45588417 -32.74144407 0.00000000e+00
76.87924214 32.65639099 -33.89795352 0.00000000e+00
77.36955051 32.30892881 -34.01596484 4.58019924e+01
77.64741488 31.84247802 -31.17865950 2.19389465e+01
77.63605054 31.97028353 -32.40766599 2.40291336e+01
77.54683438 31.90839035 -31.17942703 2.51505964e+01
77.38079895 32.18048316 -32.80439671 4.35907751e+01
77.85071208 31.71327523 -31.18860803 1.80997422e+01
77.33603464 32.17066031 -32.39661821 5.40244712e+01
77.31935440 32.10149637 -31.58733515 5.40474143e+01
77.18264697 32.31686333 -32.78300492 2.46465051e-01
77.22052613 32.16946925 -31.58245198 8.29480888e-01
77.61886823 31.90121425 -31.58858649 2.37082967e+01
77.92426226 31.70813603 -31.60823894 1.63633955e+01
77.43552299 32.10324205 -32.40169811 3.45606625e+01
77.53550901 32.03642559 -32.40446957 2.72404689e+01
77.74865287 31.77737110 -31.18127186 1.99104906e+01
77.80661978 31.66072260 -30.30302436 1.80823725e+01
78.22520629 31.41722699 -30.44717019 1.41449509e+01
78.16362627 31.52958166 -31.27296691 1.47825775e+01
77.82159026 31.77141370 -31.59663754 2.07213027e+01
77.94205344 31.77723533 -32.43370579 1.67348594e+01
77.73722151 31.90491064 -32.41212033 2.22379741e+01
77.83916572 31.84048695 -32.42039825 2.11950491e+01
78.36666876 31.54151147 -32.59143038 1.46457975e+01
78.34795215 31.47219845 -31.76910957 1.43431592e+01
78.13315672 31.58613423 -31.66824371 1.51181828e+01
78.04606894 31.71541606 -32.45825794 1.59970226e+01
77.69931570 32.04966668 -33.64059600 2.37917792e+01
77.88606029 31.85144969 -32.83783559 2.11500776e+01
78.25824597 31.59728440 -32.53694365 1.49917983e+01
78.11251097 31.79662062 -33.71264932 1.62710014e+01
78.41722199 31.55589289 -33.02744293 1.46955660e+01
78.21884634 31.73730213 -33.74970388 1.57164299e+01
78.30799184 31.61080282 -32.96938132 1.50184774e+01
78.18817044 31.79377474 -34.15014839 1.60593903e+01
78.32670004 31.68009811 -33.79763434 1.52889352e+01
77.91892508 32.03120355 -34.87241691 2.19014066e+01
77.67061064 32.10840008 -34.04683933 2.47367580e+01
77.78358126 31.91550843 -32.82670365 2.20663867e+01
77.59817846 32.11561344 -33.63242907 2.61512897e+01
77.68195008 31.98061131 -32.81941009 2.36071512e+01
77.49763424 32.18228126 -33.62469875 3.00493008e+01
77.48063744 32.11319850 -32.80998332 3.11672730e+01
77.56970043 32.17456959 -34.03717243 2.74493151e+01
77.58100266 32.04655065 -32.81444164 2.62180044e+01
77.77217613 32.04303030 -34.05745456 2.29716408e+01
77.61346841 32.22605568 -34.83233191 2.69066138e+01
77.46936601 32.24143662 -34.02766279 3.21364041e+01
77.41306460 32.35989275 -34.80861710 4.02600442e+01
77.87454087 31.97864211 -34.07204101 2.18350499e+01
77.71453789 32.16018713 -34.84325519 2.45434768e+01
77.78737106 32.15359326 -35.23614385 2.36320506e+01
78.00756788 31.85779449 -33.68552324 1.76425495e+01
77.88966397 32.08927539 -35.25035987 2.23838672e+01
78.08235453 31.85373945 -34.11708508 1.66847692e+01
77.99291758 32.02615181 -35.26801615 2.15595582e+01
78.12740236 31.90736285 -34.92149835 1.68303034e+01
78.40431323 31.68013064 -34.24608911 1.52063218e+01
78.23361540 31.84804012 -34.95533662 1.62157578e+01
78.29545976 31.73582820 -34.19403129 1.55782994e+01
78.20300326 31.90450959 -35.32225083 1.65589130e+01
78.32881288 31.91568218 -36.09641687 1.62285843e+01
78.34132603 31.79079609 -34.99694895 1.57431300e+01
77.90740691 32.15827156 -36.00040718 2.25039978e+01
78.09730245 31.96446768 -35.29224674 1.72501394e+01
78.01087726 32.09516785 -36.01659331 2.16770600e+01
78.16399251 32.04551287 -36.41241283 1.73546674e+01
78.37885097 31.92914279 -36.46823676 1.61889774e+01
78.41885371 31.79077142 -35.39952200 1.56180042e+01
78.39773076 31.99832114 -37.18886152 1.63696073e+01
78.48857818 31.87427108 -36.50399432 1.58100042e+01
78.05869067 32.10657978 -36.38924182 2.15923719e+01
78.07687405 32.17562074 -37.12014855 2.16721804e+01
77.84019432 32.36054874 -37.45779813 2.41778562e+01
77.95460904 32.16921779 -36.37104138 2.23315197e+01
77.76692740 32.36715552 -37.08368018 2.51692026e+01
77.85156392 32.23315589 -36.35862649 2.34518269e+01
77.46382672 32.56707334 -37.05428477 3.92260813e+01
77.64795158 32.36407353 -36.33734188 2.75437445e+01
77.68587353 32.21888663 -35.22400441 2.54736323e+01
77.30249086 32.55638442 -35.92704612 7.15805735e+01
77.81630445 32.09516976 -34.85658654 2.29518130e+01
77.80490625 32.22258127 -35.98813648 2.37458163e+01
77.50175309 32.42081883 -35.95531873 3.30795881e+01
77.20369601 32.62513732 -35.90902250 1.50927125e+00
77.38503343 32.41919611 -35.18820257 4.56826316e+01
76.99182864 32.69548375 -35.10563509 0.00000000e+00
77.58503095 32.28497805 -35.21323172 2.82469887e+01
77.51299488 32.29264727 -34.82103629 3.07167210e+01
77.31365108 32.42775316 -34.79339032 6.48760845e+01
76.91136703 32.83584312 -35.84048553 0.00000000e+00
77.00805120 32.76479933 -35.86610673 0.00000000e+00
76.62713808 33.05478567 -35.73904984 3.53291107e+01
76.92203841 32.70601798 -34.69750483 0.00000000e+00
76.72083187 32.98078823 -35.77417735 3.03930002e+00
76.81558938 32.90781163 -35.80865554 2.08320298e-02
76.77867577 33.05857904 -36.91719136 1.22763915e+01
77.16585917 32.77304289 -37.00840864 4.02488881e-01
77.24793834 32.63458122 -36.28594929 1.95097718e+01
76.95432488 32.84471671 -36.22403291 0.00000000e+00
76.97053139 32.91402279 -36.97211845 0.00000000e+00
77.26458692 32.70370838 -37.02625821 5.98747825e+01
77.34711373 32.56598123 -36.30173835 7.25354930e+01
76.59107281 33.20724854 -36.85290964 7.09223046e+01
76.66851719 33.06287636 -36.12859960 3.55611731e+01
76.39306218 33.29071240 -36.01784963 3.80966188e+01
76.40845667 33.36043060 -36.78742807 3.54606287e+01
76.75257012 33.11973230 -37.28586966 4.32078361e+01
76.85804240 32.91643497 -36.19533909 1.54179651e-02
76.68431104 33.13238567 -36.88525597 5.87035753e+01
76.76275121 32.98914311 -36.16215542 1.74812562e+00
76.44342869 33.20614622 -35.66127399 5.13961389e+01
76.36238004 33.15118534 -34.43323043 4.45344925e+01
76.27338747 33.22922228 -34.38326504 3.21825763e+01
76.09934474 33.38851827 -34.27958412 1.85236453e+01
76.89528347 32.76646138 -35.07442909 0.00000000e+00
76.82603593 32.77760626 -34.66138306 0.00000000e+00
76.18570246 33.30833904 -34.33126709 2.36960655e+01
76.24970485 33.29210771 -34.78225997 2.75040525e+01
76.54421025 32.99842480 -34.53519922 2.55488666e+01
76.42801456 33.13641974 -34.87176919 5.12777108e+01
76.90605705 32.59593379 -33.51058569 0.00000000e+00
76.73101577 32.85017738 -34.62423905 1.11204167e-02
77.10551710 32.69458106 -35.88635418 0.00000000e+00
77.01889487 32.63531289 -34.72774818 0.00000000e+00
77.08915453 32.62533107 -35.13054108 0.00000000e+00
77.07336851 32.51520790 -33.96054138 0.00000000e+00
77.18718358 32.55594346 -35.15342843 4.35668855e-01
77.11650434 32.56541241 -34.75311221 0.00000000e+00
77.28583051 32.48724882 -35.17245199 5.94264607e+01
77.29812604 32.31751839 -33.60405884 5.62599643e+01
77.27025764 32.37703942 -34.00189885 2.90104983e+01
77.28145654 32.24836175 -32.79596146 3.86950639e+01
76.88996381 32.52654873 -32.71079554 0.00000000e+00
76.80991694 32.66754257 -33.47363083 0.00000000e+00
76.62063028 32.81373621 -33.38342591 2.43301947e-01
76.63704429 32.92376710 -34.58259645 2.68847497e+00
76.68869085 32.80123361 -33.81769108 0.00000000e+00
76.51909035 33.06022920 -34.91728500 4.82152916e+01
76.59497996 32.87517778 -33.76840974 1.65852962e+00
76.52764625 32.88841370 -33.32830840 5.44940074e+00
76.50246264 32.95023150 -33.71463087 1.90754368e+01
76.43593225 32.96424723 -33.27051701 2.66581562e+01
76.24119744 33.04944247 -32.33392354 3.25170055e+01
76.23263539 33.18220316 -33.54086978 3.10066321e+01
76.15350189 33.12853731 -32.26069035 2.53896200e+01
76.14530534 33.26171178 -33.47834055 2.27400363e+01
75.98210922 33.28990768 -32.10155953 1.52875037e+01
76.16855588 33.19846117 -33.08693817 2.58489093e+01
75.89831501 33.37205025 -32.02004679 1.25237228e+01
75.99690174 33.35995863 -32.94684642 1.56599115e+01
75.80876461 33.58963385 -33.21928783 1.02862478e+01
75.67920305 33.93816314 -35.37217895 8.14218079e+00
75.72747680 33.67371044 -33.15330072 8.63365697e+00
75.89110964 33.50631662 -33.28461755 1.21762236e+01
75.66791934 33.69368441 -32.65765666 7.06443475e+00
75.66495045 33.86782168 -34.49190705 7.77828418e+00
75.64716789 33.75847668 -33.08181341 6.84990219e+00
75.58559966 33.95309487 -34.45436256 6.23112510e+00
75.27556594 34.29916995 -34.35020961 3.01680941e+00
75.33413376 34.10315698 -32.85015354 2.64169378e+00
75.56775571 33.84386426 -33.00746741 4.97163449e+00
75.52718706 33.97386942 -33.94676854 4.60946654e+00
75.35210999 34.21200730 -34.37498311 3.08811134e+00
75.41130664 34.01625604 -32.91842745 2.84796888e+00
75.09423970 34.63867704 -35.70609862 4.05377616e+00
75.47695212 34.20107697 -35.73464840 4.61163242e+00
75.84090439 33.76939228 -35.42113029 1.02192210e+01
75.84781944 33.63482753 -34.12829297 1.08053592e+01
75.74857086 33.60910549 -32.73381102 8.95768358e+00
75.76624473 33.71859504 -34.07869823 9.36482782e+00
75.91297793 33.44216482 -32.87592361 1.29693435e+01
75.93046897 33.55183651 -34.17812855 1.26664827e+01
76.05930777 33.34227832 -33.41406509 1.77768332e+01
76.07662995 33.45207030 -34.69144772 1.68917933e+01
76.17753671 33.44150510 -35.54525212 2.05588834e+01
76.16250731 33.37156633 -34.73610084 2.10314367e+01
75.95985474 33.69204997 -35.84820925 1.22041584e+01
75.99202852 33.53355642 -34.64851689 1.39877112e+01
75.92328455 33.68609660 -35.44824047 1.17544310e+01
75.90864562 33.61595600 -34.60750522 1.18372917e+01
76.00679499 33.60362842 -35.47786233 1.38470431e+01
76.03644015 33.74369450 -37.03918973 1.31300955e+01
75.97460186 33.76211696 -36.63030090 1.20936266e+01
76.04393128 33.60978658 -35.87656439 1.43991986e+01
76.12925207 33.52846344 -35.90741607 1.73705279e+01
76.14426228 33.59839607 -36.68395264 1.69588445e+01
75.87694967 33.77517733 -35.82194484 1.05667380e+01
75.70781807 34.07877339 -36.96045512 8.44588381e+00
75.21299297 34.45739826 -35.29495079 3.35213998e+00
75.10752804 34.70945808 -36.53012656 4.47677138e+00
75.44310315 34.19577263 -35.32361626 4.01162290e+00
75.41315567 34.35840485 -36.53735227 4.33942814e+00
75.79511819 33.85907956 -35.79764064 9.38741195e+00
75.56938124 34.18515227 -36.55117172 7.11433365e+00
75.64859760 34.09927061 -36.55180658 8.01034288e+00
75.59972169 34.02350158 -35.35151004 6.98231577e+00
75.71428370 33.94368725 -35.77522348 8.49661823e+00
75.63436488 34.02893183 -35.75520716 7.60301054e+00
75.32231041 34.37508082 -35.71806701 3.43573099e+00
75.08839435 34.77500477 -36.93851718 5.13204171e+00
75.37175853 34.14673881 -33.87037890 2.95030957e+00
75.36583435 34.28260532 -35.31224251 3.43885058e+00
75.74518781 33.78316214 -34.53016655 8.98818686e+00
75.68566855 33.80306970 -34.02892578 7.99114078e+00
75.19954121 34.38667729 -34.33223930 3.19726367e+00
75.01898036 34.72705712 -35.70777683 4.77197413e+00
75.14309561 34.40902599 -33.76708942 3.28223470e+00
74.91218737 34.81025760 -35.29509500 5.71716284e+00
75.12396400 34.47448280 -34.31197529 3.46979634e+00
74.88217139 34.97536249 -36.54428014 6.88556732e+00
75.06193834 34.63338359 -35.28804209 4.03159970e+00
74.93807158 34.95211389 -36.94609209 6.89353510e+00
75.03212713 34.79789762 -36.53422398 5.36983430e+00
75.18326803 34.62124910 -36.52864075 4.03549961e+00
75.24000878 34.59877849 -36.93375963 4.13104047e+00
75.24583944 34.46264778 -35.71220623 3.42097882e+00
75.16401398 34.68676511 -36.93484306 4.46344762e+00
75.16983953 34.55052820 -35.70754338 3.70257145e+00
74.54159329 35.25516111 -35.35321672 6.40260426e+00
74.49848075 35.35023554 -35.65452868 6.12295696e+00
74.58470392 35.33207035 -36.58084424 7.19847366e+00
74.64016301 35.30828351 -36.97880511 7.60010988e+00
74.46780319 35.34442321 -35.05827424 5.68001056e+00
74.94401349 34.81563882 -35.71337122 5.74626204e+00
74.86931234 34.90440523 -35.71844204 6.36202588e+00
74.52944219 35.18392328 -34.30095210 6.08204335e+00
74.98692342 34.72172402 -35.29070923 4.79510104e+00
75.06777590 34.49705594 -33.72569450 3.60714186e+00
74.61545309 35.16597018 -35.33555320 6.69591353e+00
74.67695670 35.00573674 -34.20149704 6.51004043e+00
74.45580234 35.27313023 -34.10065639 5.26967403e+00
74.65894216 34.89825279 -32.17985025 6.25541408e+00
74.47435115 35.20770462 -33.64464621 5.57337584e+00
74.67756124 34.83268987 -31.56513267 6.04081718e+00
74.54800545 35.11846524 -33.59493408 6.13205923e+00
74.73285379 34.80913987 -32.26504072 6.01408521e+00
74.62173841 35.02930179 -33.51486092 6.35681378e+00
74.80693719 34.72015575 -32.32891213 5.33048328e+00
74.75088190 34.91678577 -34.22209490 6.47128140e+00
75.12507034 34.30055145 -32.13148510 3.10917509e+00
75.04876654 34.56254370 -34.28538044 3.82050095e+00
75.18151643 34.27810678 -32.71050977 2.96225533e+00
74.76347808 34.98785624 -35.30724625 6.69908619e+00
74.83771706 34.89897523 -35.29989407 6.37178810e+00
75.21881850 34.32126607 -33.79693126 2.98925949e+00
75.25756104 34.19045679 -32.77769975 2.70672891e+00
74.58515434 34.98746716 -32.12294457 6.14223176e+00
75.18731025 34.14196769 -31.20385017 2.70472087e+00
74.90008153 34.56576769 -31.87059143 4.17974496e+00
74.99279940 34.58531843 -33.67555154 4.01582020e+00
75.10592676 34.36605947 -32.65275672 3.25643655e+00
74.97389360 34.65082563 -34.26114559 4.38945503e+00
75.04974187 34.38873129 -32.05435378 3.43061041e+00
74.89930130 34.73930156 -34.24022310 5.18532695e+00
75.03072259 34.45427098 -32.58240570 3.67731446e+00
74.84370528 34.76243517 -33.59444798 5.58685725e+00
74.51146221 35.07676699 -32.34266838 5.81710033e+00
74.78736575 34.44163555 -28.63213468 3.38029166e+00
74.45639033 35.10065957 -31.90675636 5.38888072e+00
74.51779754 34.94007418 -30.35322068 5.84401809e+00
74.53002535 35.01125493 -31.57770245 5.91740967e+00
74.66504213 34.76161701 -30.39214289 5.68228813e+00
74.75151796 34.74356120 -31.65923803 5.62102458e+00
74.92979445 34.40094902 -30.30438546 3.57741642e+00
74.43784253 35.16613915 -32.50271617 5.05549304e+00
74.44430963 35.02942536 -30.67025161 5.29532772e+00
74.60374093 34.92192714 -31.45861649 6.20069691e+00
74.73885514 34.67254306 -30.50890591 5.04138712e+00
74.48713132 34.93435205 -29.88168186 5.68844414e+00
74.56672482 34.70849676 -28.34389606 5.43055428e+00
74.63402727 34.75605306 -29.82453108 5.60680843e+00
74.84265383 34.41850752 -29.17374825 3.47477478e+00
74.56053048 34.84515950 -29.71613341 5.96046827e+00
74.62162292 34.68492819 -28.85562570 5.18830598e+00
74.99127931 34.24177705 -29.41047701 3.20018567e+00
74.95584782 34.54270637 -32.50082229 4.01981783e+00
74.91682189 34.33004303 -29.29235584 3.30764446e+00
74.82567270 34.65457627 -31.75886235 4.81072099e+00
75.08509304 34.08828555 -29.07948558 2.97145921e+00
75.00439086 34.31262698 -30.42236460 3.32818504e+00
74.97476167 34.47714666 -31.96736238 3.82681904e+00
75.11170812 34.22981534 -31.09048685 3.05428422e+00
75.03651701 34.31793761 -30.98408057 3.32117551e+00
74.88125794 34.63133817 -32.41311078 4.59501538e+00
74.96167546 34.40629603 -30.87759449 3.64062363e+00
74.85548583 34.48946882 -30.18275337 3.82742557e+00
74.88713523 34.49486070 -30.76392249 3.93063447e+00
74.81286796 34.58361368 -30.63517388 4.32984789e+00
75.26339813 34.05444219 -31.31969221 2.43163060e+00
75.27702958 34.12506019 -32.30421337 2.55192980e+00
75.34004073 33.96728451 -31.41811577 2.27449322e+00
75.35380325 34.03784138 -32.38700242 2.53228216e+00
75.46122130 33.78887947 -31.08282250 2.58254744e+00
75.43120878 33.95104290 -32.44227838 2.83388216e+00
75.65363754 33.62337589 -31.76660537 5.96873075e+00
75.50931754 33.86471569 -32.48691660 3.53638902e+00
75.69876612 33.53315797 -31.38340315 7.02668000e+00
75.58819568 33.77890986 -32.57447430 5.01878161e+00
76.11530905 33.12180136 -31.81671634 2.30480871e+01
76.08207343 33.27869897 -33.01765527 1.94494477e+01
75.81569520 33.45506240 -31.93788198 1.02101197e+01
75.83023159 33.52524232 -32.80498908 1.07983102e+01
76.10036652 33.05180818 -30.99715477 2.09857254e+01
76.06715060 33.20871159 -32.18227889 1.90381052e+01
75.94512054 33.28367187 -31.64829229 1.41878603e+01
76.02957297 33.20224077 -31.73340183 1.75384512e+01
75.76537003 33.37896192 -30.58938094 8.25599562e+00
75.61871310 33.61779701 -31.28705773 4.94208057e+00
75.68446421 33.46284647 -30.47677973 5.92284129e+00
75.53955841 33.70305886 -31.18694803 3.35592255e+00
75.60453927 33.54742280 -30.36340270 4.00409231e+00
75.49529332 33.79428147 -31.57010160 2.98475725e+00
75.52551347 33.63262265 -30.24948290 2.83435173e+00
75.41731496 33.88054704 -31.49227294 2.43579167e+00
75.36984621 33.80464578 -30.01756013 1.96451099e+00
75.30671983 33.96198258 -30.89674573 2.20175272e+00
75.23624333 33.91314496 -29.32248872 2.27488385e+00
75.15463597 34.13669336 -30.66011796 2.74363334e+00
75.38963532 33.73949105 -29.56257720 1.86195669e+00
75.35198898 33.69564818 -28.49652581 1.65244326e+00
75.46735292 33.65334726 -29.68491597 2.11289964e+00
75.44956779 33.54417514 -28.12290298 1.55274248e+00
75.44730631 33.71838207 -30.13510199 2.21185813e+00
75.38363047 33.87520380 -30.99953536 2.22422350e+00
75.93043778 33.21355260 -30.80989149 1.30989822e+01
75.76923116 33.20501553 -28.62850615 5.98206698e+00
75.78672905 33.31462951 -30.19292682 8.44502929e+00
76.02023769 32.95880539 -28.99919089 1.20644778e+01
75.86909547 33.23174616 -30.32064435 1.07224492e+01
76.03741536 33.06866135 -30.53649909 1.65245507e+01
76.10645254 32.87869507 -29.11204455 1.27543735e+01
76.01476072 33.13218458 -30.90718360 1.61542535e+01
76.08325908 32.94191479 -29.63430283 1.62198775e+01
75.95263370 33.14973139 -30.43694051 1.33421326e+01
76.08943622 32.76876236 -27.37898820 4.71833841e+00
75.99753217 33.02235661 -29.53064269 1.31348305e+01
75.98033854 32.91251430 -27.80796190 7.58780905e+00
75.91309692 33.10379937 -29.41800927 1.07817098e+01
75.89579003 32.99403245 -27.68594232 6.79830723e+00
75.85169545 33.12204295 -28.76012481 7.93661532e+00
75.52811471 33.45843309 -28.24574498 2.01726591e+00
75.58684412 33.43805507 -28.88024697 2.84780455e+00
75.42949467 33.60925503 -28.61991381 1.66440928e+00
75.43181133 33.43499379 -26.48950237 1.06716475e+00
75.75176556 33.09538907 -26.91171979 3.36812858e+00
75.68786456 33.28878496 -28.49832646 4.01272122e+00
74.97330723 34.13350031 -27.94787517 3.31384876e+00
75.06714237 33.97980422 -27.58434449 3.13525489e+00
74.67773196 34.31506336 -25.72862685 3.48806322e+00
74.75078387 34.39935511 -27.66672367 3.21823286e+00
75.29306610 33.89136385 -29.90084441 2.13663236e+00
75.27517026 33.78250051 -28.37936788 1.95093193e+00
75.21689064 33.97848350 -29.78248287 2.43678388e+00
75.19896425 33.86975968 -28.26756523 2.35188444e+00
75.04810689 34.04530724 -28.04882852 3.15055709e+00
75.01017639 34.17629399 -28.96388058 3.12360644e+00
74.69510190 34.59597801 -28.95795292 4.43503971e+00
74.82467741 34.31054429 -27.76062487 3.12878873e+00
74.70765030 34.66704902 -29.94171883 4.98417286e+00
74.78144832 34.57817523 -30.05489154 4.22996182e+00
74.41380645 35.02361754 -30.23607757 4.98770748e+00
74.47501793 34.86312047 -28.74110634 5.65273855e+00
74.40183987 34.95233302 -29.06654345 4.85604128e+00
74.38393119 34.84535416 -27.37761835 4.83787419e+00
74.54827115 34.77398112 -28.75264776 5.75029008e+00
74.62215781 34.51188871 -27.06375539 3.89148047e+00
74.64011066 34.61942094 -28.43947160 4.70077134e+00
74.67713566 34.48833638 -27.57816148 3.64632786e+00
74.71363674 34.53045526 -28.53110593 3.80580144e+00
74.76939808 34.33377825 -27.22607438 3.16167668e+00
74.53032940 34.66666874 -27.42081611 5.27574509e+00
74.47552095 34.69046343 -26.92295451 5.42785650e+00
74.45761278 34.58326556 -25.56356287 4.67936285e+00
74.40234263 34.77987576 -26.85196942 5.24496248e+00
74.73283119 34.29155085 -26.24765936 3.37822926e+00
74.69567433 34.42275933 -27.14250201 3.34391194e+00
74.34209318 34.59587856 -22.69353071 4.32900428e+00
74.43918299 34.64883148 -26.00178497 5.21366292e+00
74.44543585 34.51209149 -24.01943262 4.48065371e+00
74.60422415 34.40435739 -25.67095564 3.58161687e+00
74.59176361 34.33328611 -24.13753142 4.03317875e+00
74.80672255 34.20257941 -26.31183286 3.55215991e+00
74.66513141 34.24404420 -24.19739242 4.57087867e+00
74.75145130 34.22591997 -25.78565106 3.70498298e+00
74.78108602 34.06069991 -23.27520665 5.87714031e+00
74.89969873 34.04818829 -25.91494806 4.27089569e+00
74.92917611 33.88355495 -23.45688971 4.88866596e+00
74.96112772 33.88882601 -24.48524542 4.39532783e+00
74.88089165 34.11379810 -26.38311696 4.04842329e+00
74.91613701 33.81269603 -21.15292581 5.72020570e+00
75.23005945 33.53240980 -23.87646281 2.34952898e+00
74.86076297 33.83555709 -19.79142857 6.19442441e+00
74.85498094 33.97202521 -23.36431192 5.46968532e+00
74.88668542 33.97732854 -24.40892699 4.98578337e+00
74.82543403 34.13695759 -25.84576384 4.20490677e+00
74.76831947 33.98973497 -20.95235521 6.65192808e+00
74.81255721 34.06604423 -24.33297986 5.39675801e+00
74.70747072 34.14956551 -23.19258269 5.73755547e+00
74.73871237 34.15495365 -24.26180883 5.19171718e+00
74.51854327 34.42264179 -24.07754657 4.09000990e+00
74.60372828 34.05989899 -17.05473135 6.87636022e+00
74.48788791 34.41706162 -22.97401450 4.27668803e+00
74.47567928 34.34588995 -20.61738437 4.91726377e+00
74.33016951 34.52460573 -20.22200809 4.32473315e+00
74.54858026 34.25665931 -20.69786292 5.74512698e+00
74.47613734 34.17299256 -15.82427224 6.62178335e+00
74.49400603 34.28034934 -19.37303644 5.66152528e+00
74.62161685 34.16753528 -20.77774162 6.39809661e+00
74.34844793 34.45912584 -19.09518627 4.52409626e+00
74.40332471 34.26250977 -15.78943864 5.75927244e+00
74.31860338 34.28089025 -14.23732668 5.00510860e+00
74.53069928 34.14918985 -17.00099325 6.66483776e+00
74.56694465 34.19109593 -19.44923149 6.49996031e+00
74.62214890 33.99426568 -15.89443717 6.66292137e+00
74.72489170 33.73988169 -13.91220699 5.85154551e+00
74.87218559 33.56272862 -13.94450312 5.43584113e+00
74.84288321 33.72737848 -16.01666359 5.54506588e+00
74.97839325 33.47975539 -14.38410079 5.28566946e+00
74.89825557 33.70441289 -17.30519365 5.60779579e+00
75.02090562 33.38653090 -13.97610665 5.26867631e+00
74.91706447 33.63882512 -16.05972901 5.36470630e+00
74.99161603 33.55051946 -16.10362351 5.06724469e+00
74.93493501 33.74716169 -19.88824225 5.70996874e+00
74.76902284 33.81614863 -15.97391010 5.91491374e+00
74.71333727 34.01297099 -19.60742759 6.90280684e+00
75.04750142 33.52800595 -17.44330606 4.78071202e+00
74.99054279 33.72451196 -21.25723792 5.11054128e+00
74.82418858 33.79298836 -17.23821495 5.82617829e+00
74.78690750 33.92416680 -19.69659390 6.62288424e+00
74.63410695 34.23860465 -23.11816156 5.03685372e+00
74.69484162 34.07854799 -20.86105289 6.80785441e+00
75.35242627 33.17945364 -17.77477878 2.58154322e+00
75.23597685 33.39647368 -20.32411349 3.37981984e+00
75.69117432 32.77498710 -16.64681735 1.77576381e-03
75.46201580 33.27323973 -24.27187620 7.38649552e-01
75.45072411 33.02852290 -16.42710977 1.68594456e+00
75.39011920 33.22353593 -20.58763362 1.29940741e+00
75.50925130 33.00811533 -17.96666657 3.28110543e-01
75.44806228 33.20277263 -22.04113571 5.42573235e-01
75.12281560 33.44026010 -17.51820894 4.58177439e+00
75.00371638 33.79531704 -23.55027719 4.31547662e+00
75.27521051 33.26593615 -17.68432204 3.46115255e+00
75.32481044 33.03841459 -14.04680617 4.33243904e+00
75.14210832 33.37482745 -16.19940578 4.70006125e+00
75.17747830 33.07567868 -12.74037360 5.59025083e+00
76.00457409 32.51197395 -18.71258821 0.00000000e+00
76.49940956 31.84408266 -13.32939578 0.00000000e+00
75.83471215 32.67379239 -18.43919832 1.35835902e-02
75.68722169 32.94898913 -22.55584229 4.59872554e-01
75.75167254 32.75615073 -18.30594840 4.76989866e-03
75.60652620 33.03289682 -22.37414820 4.20453479e-01
76.09152760 32.43267349 -18.85536548 0.00000000e+00
75.86651593 32.85376068 -25.11678023 1.96209129e+00
75.77346074 32.69201315 -16.76344038 0.00000000e+00
75.62747776 32.96832908 -21.03811022 1.71200276e-01
75.78345701 32.93609309 -24.92838275 1.59321657e+00
75.70855501 32.88464010 -21.20364737 1.82914053e-01
75.90339099 32.86004375 -25.87620671 2.77204597e+00
75.85193181 32.78359032 -22.95038641 5.00367227e-01
76.02155610 32.62191842 -23.36804339 1.88681349e-01
75.95874216 32.63872355 -21.73746060 1.02216676e-01
75.93609614 32.70225039 -23.15976908 3.71521632e-01
75.87411438 32.71976145 -21.55499748 1.36646255e-01
75.70155469 33.01927971 -24.74947144 1.37023024e+00
75.76899833 32.86586236 -22.74799887 4.56317130e-01
75.52683380 33.11751453 -22.20310569 3.61335275e-01
75.46834180 33.13784598 -20.73094621 4.17660174e-01
75.14064238 33.54899947 -21.48410688 3.83161216e+00
75.10537848 33.84879416 -26.62641378 2.90435676e+00
75.15408155 33.61969518 -23.75964502 3.17691329e+00
75.08443950 33.57114571 -20.09190703 4.65519720e+00
75.06535299 33.63659727 -21.36668478 4.40739700e+00
75.00947244 33.65901107 -19.98747303 5.18903770e+00
75.21648988 33.46177012 -21.61058312 3.19916054e+00
75.15991673 33.48361708 -20.20381874 3.87630993e+00
75.20045255 33.69559205 -26.21369888 2.24025239e+00
75.07865998 33.70734799 -23.65114455 3.66508150e+00
75.26322467 33.53769613 -24.84542342 1.86502707e+00
75.18690588 33.62495290 -24.74523657 2.64158432e+00
75.04921601 33.87131815 -26.05873005 3.43177273e+00
75.11116596 33.71259253 -24.65190493 3.29826208e+00
75.34019211 33.45087083 -24.95188564 1.32002953e+00
75.35399608 33.52139438 -26.39378070 1.24857773e+00
75.67031084 33.17925763 -26.80000762 2.35280051e+00
75.73732745 33.02516208 -25.57766040 1.92091249e+00
76.00309513 32.84893494 -27.26079440 5.78027995e+00
75.95080792 32.77236158 -25.31458450 1.95658343e+00
76.07448459 32.69877300 -26.18578486 1.61959913e+00
75.98827508 32.77888791 -26.03417036 2.80561376e+00
76.17714958 32.68969884 -27.49456446 1.57609709e+00
76.25100520 32.54189485 -26.40169406 1.04222118e-01
76.33183298 32.59709447 -28.27603821 1.77992090e-01
76.43272442 32.38950320 -26.59935532 0.00000000e+00
76.26620500 32.61175538 -27.60448972 2.90918239e-01
76.34122887 32.46513190 -26.50254862 0.00000000e+00
76.28607058 32.38757302 -23.77834695 0.00000000e+00
76.21166605 32.53449787 -25.76439247 1.04353899e-01
76.22070629 32.40209307 -22.20464863 0.00000000e+00
76.04469113 32.55872427 -21.91689419 6.46994700e-02
76.31068446 32.32546134 -22.34587383 0.00000000e+00
76.30129121 32.45744086 -25.86703740 0.00000000e+00
76.37684228 32.31170154 -23.89718775 0.00000000e+00
76.39218556 32.38150329 -25.96517210 0.00000000e+00
76.65643743 32.09085466 -24.21707872 0.00000000e+00
76.54107072 32.38471172 -27.89418407 0.00000000e+00
77.14042205 31.74110557 -24.54344716 0.00000000e+00
76.81023767 32.09792688 -26.89320182 0.00000000e+00
76.46887556 32.23697902 -24.00933905 0.00000000e+00
76.48434879 32.30672031 -26.05695953 0.00000000e+00
76.57772514 32.23307640 -26.14162212 0.00000000e+00
76.60902960 32.37234578 -28.54789418 0.00000000e+00
76.71434731 32.16931915 -26.83578503 0.00000000e+00
76.73018031 32.23885585 -28.03455055 0.00000000e+00
77.00438551 31.95765147 -26.97841221 0.00000000e+00
76.99321435 32.08692517 -28.74311974 0.00000000e+00
76.61941005 32.24167944 -26.76973784 0.00000000e+00
76.52548942 32.31504176 -26.68943421 0.00000000e+00
77.09116180 32.01759701 -28.76214626 0.00000000e+00
77.03617772 32.13721318 -29.81557107 0.00000000e+00
77.30008712 31.75228830 -27.03663840 3.09559510e+01
77.20101778 31.82015227 -27.02472451 6.28548029e-02
77.49961949 31.61825638 -27.05274734 2.11053050e+01
77.48818066 31.74639281 -28.77460477 2.30172785e+01
77.75682609 31.41180359 -26.52264515 1.65856964e+01
77.61731787 31.62130697 -28.20513494 1.90581190e+01
77.80338809 31.42270145 -27.09954092 1.66104298e+01
77.71870251 31.55604592 -28.21309840 1.78710552e+01
77.92413268 31.42882831 -28.26567902 1.64361544e+01
78.01063709 31.29827517 -27.17904508 1.54868022e+01
78.33241760 31.12647409 -27.41137878 1.40345921e+01
78.35103511 31.19578095 -28.55336585 1.45036143e+01
78.04978604 31.15698098 -25.04807582 1.45077886e+01
78.06773628 31.22614552 -26.65190299 1.49458796e+01
77.53756543 31.47275597 -24.67886255 1.84876827e+01
77.65531473 31.47638568 -26.50281685 1.74708938e+01
77.63815892 31.40727375 -24.71897698 1.68936710e+01
77.60016934 31.55220154 -27.06385643 1.86329273e+01
77.43756041 31.53896276 -24.64151659 2.24346020e+01
77.39961333 31.68497846 -27.04665078 2.80778335e+01
77.45437887 31.60812026 -26.47613366 2.27136811e+01
77.41642246 31.75412958 -28.19840213 2.73260368e+01
77.36614805 31.54662201 -23.35598706 2.99564170e+01
77.35472413 31.67498601 -26.46800227 3.21768221e+01
77.16814337 31.68161231 -23.25929411 0.00000000e+00
77.05855552 31.87896445 -26.40939792 0.00000000e+00
77.33805889 31.60578860 -24.61195563 3.35375443e+01
77.25552432 31.74240927 -26.45171199 4.01023242e+00
77.56604954 31.41395881 -23.46948746 1.75210516e+01
77.55454764 31.54188512 -26.48939165 1.89172947e+01
77.42255850 31.42842981 -20.16351735 2.44841160e+01
77.06984326 31.74994863 -23.20236243 0.00000000e+00
77.93049673 31.10635641 -20.73969128 1.41212692e+01
77.84172855 31.27925940 -24.84862778 1.54662875e+01
77.94508530 31.21723976 -24.93676462 1.49799221e+01
77.87114743 31.22145354 -23.76835024 1.50148731e+01
78.50344729 30.77503033 -20.27938901 1.07556291e+01
78.08019515 31.10036610 -24.09368325 1.40868337e+01
79.87208862 30.46505102 -26.66249824 3.25303595e+01
79.04363873 30.60599862 -22.63636056 1.73945855e+01
78.37330150 30.98954497 -25.47375415 1.29997190e+01
78.84631907 30.63943015 -20.80970814 1.16010164e+01
78.26381229 31.04289267 -25.32291124 1.35049198e+01
78.24963039 30.93205218 -21.52865113 1.26143106e+01
77.82704262 31.16842396 -20.56430505 1.45781130e+01
77.76853297 31.28447924 -23.64564000 1.55199934e+01
77.52264014 31.36214249 -20.22643714 1.81892694e+01
77.46583713 31.47996814 -23.40760117 2.09631795e+01
77.05450867 31.63964144 -18.08638574 0.00000000e+00
77.37246987 31.22090819 -13.28859037 0.00000000e+00
77.32297389 31.49533012 -20.11592115 4.39240934e-01
77.26692238 31.61384553 -23.30827222 3.71266800e-01
77.22383141 31.56277505 -20.07163231 0.00000000e+00
76.87489337 31.88851200 -23.05719444 0.00000000e+00
77.12514590 31.63077230 -20.02837244 0.00000000e+00
76.75170989 32.01927718 -24.30318209 0.00000000e+00
76.45263606 32.12684515 -19.40838725 0.00000000e+00
77.17463516 31.35501210 -13.30600319 0.00000000e+00
76.83222655 31.83840136 -19.84076221 0.00000000e+00
76.67216054 32.16046370 -26.21553848 0.00000000e+00
76.76270397 31.84869277 -17.94807701 0.00000000e+00
76.58810509 32.10239090 -22.74587470 0.00000000e+00
76.94477192 31.87875930 -24.44612537 0.00000000e+00
76.92926158 31.76851153 -19.91501980 0.00000000e+00
76.76756131 32.08882233 -26.27717078 0.00000000e+00
76.68279216 32.03016381 -22.86333658 0.00000000e+00
76.97205702 31.81888153 -23.13744562 0.00000000e+00
76.96087886 31.94817366 -26.37717578 0.00000000e+00
76.84786972 31.94861954 -24.37848194 0.00000000e+00
76.77842578 31.95889993 -22.96477078 0.00000000e+00
76.57208496 31.99222406 -17.79696411 0.00000000e+00
76.40192743 32.24995915 -22.48375050 0.00000000e+00
76.13202201 32.47984320 -22.06046719 0.00000000e+00
76.17986602 32.35451915 -18.99855636 0.00000000e+00
76.66692488 31.91997869 -17.87727808 0.00000000e+00
76.56212385 32.16339800 -24.11621874 0.00000000e+00
76.47825918 32.06547386 -17.70001233 0.00000000e+00
76.49443439 32.17562101 -22.61641035 0.00000000e+00
76.19656830 32.46456485 -23.65603748 0.00000000e+00
76.29419829 32.21536501 -17.48133294 0.00000000e+00
76.38559746 32.13983596 -17.59250485 0.00000000e+00
76.51492021 31.91383093 -14.53166088 0.00000000e+00
76.64050606 31.98068147 -19.65140528 0.00000000e+00
76.65119222 31.85036997 -15.30809100 0.00000000e+00
76.26952025 32.27749201 -19.13883011 0.00000000e+00
76.37023350 32.07003558 -15.16327007 0.00000000e+00
76.73592664 31.90908386 -19.75079806 0.00000000e+00
76.74685729 31.77915826 -15.33994095 0.00000000e+00
76.11523385 32.36982107 -17.24484351 0.00000000e+00
76.23914672 32.13771052 -14.42946687 0.00000000e+00
76.54603850 32.05324273 -19.53769139 0.00000000e+00
76.55647611 31.92255162 -15.27011209 0.00000000e+00
76.20406635 32.29202963 -17.36521097 0.00000000e+00
76.27896076 32.14550556 -15.10198551 0.00000000e+00
76.40637806 31.91749748 -13.32587098 0.00000000e+00
76.46276904 31.99573358 -15.22083384 0.00000000e+00
76.32982664 32.06193309 -14.46635719 0.00000000e+00
76.42176269 31.98730537 -14.49997398 0.00000000e+00
76.18894958 32.22210680 -15.03519516 0.00000000e+00
76.31456793 31.99206626 -13.32106005 0.00000000e+00
77.07635133 31.42284128 -13.31340399 0.00000000e+00
76.84334799 31.70881826 -15.36344566 0.00000000e+00
76.78453338 31.62986454 -13.32936661 0.00000000e+00
76.70432806 31.76994166 -14.57347492 0.00000000e+00
77.03829856 31.57031316 -15.38378304 0.00000000e+00
77.30135440 31.22853457 -12.79150968 0.00000000e+00
76.90846142 31.50035605 -12.82721075 0.00000000e+00
76.80039883 31.69940756 -14.58880448 0.00000000e+00
77.19098934 31.42428752 -14.59440609 0.00000000e+00
76.99461564 31.56060642 -14.59869793 0.00000000e+00
76.89719815 31.62966130 -14.59627607 0.00000000e+00
76.85930984 31.77827861 -18.00726734 0.00000000e+00
76.94052117 31.63922507 -15.37599412 0.00000000e+00
76.95660362 31.70861605 -18.05091618 0.00000000e+00
77.35110774 31.43613250 -18.15736685 3.57047372e-01
77.43408381 31.30024732 -15.38828184 3.88580219e+00
77.65208662 31.23799943 -18.30630305 1.54656210e+01
77.73646553 31.10453085 -15.49248573 1.41413146e+01
78.06578473 30.98945544 -18.99712942 1.32135559e+01
78.15447207 30.86266675 -16.09765182 1.20030311e+01
78.17270851 30.93202877 -19.29509198 1.26784822e+01
78.21290721 30.79325437 -15.05745344 1.11912545e+01
78.28130576 30.87706326 -19.62254593 1.20886326e+01
77.79213301 31.03010011 -14.66084762 1.33638383e+01
78.59763505 30.65828508 -17.09412726 8.13798829e+00
78.37289798 30.75522815 -16.61524632 1.06456921e+01
78.35929474 30.87879648 -21.82778997 1.20321741e+01
78.55967140 30.51916303 -12.89738149 4.64448801e+00
78.26283718 30.80762561 -16.34878840 1.13746746e+01
78.33573603 30.61624940 -12.83758685 7.45380620e+00
78.10539455 30.84923300 -14.91824699 1.18133887e+01
78.22613041 30.66879271 -12.81199448 9.31907662e+00
78.04778123 30.92016457 -15.87703443 1.25726156e+01
78.19466123 30.72387829 -13.34859370 1.02227072e+01
77.67305808 31.02450839 -13.27349080 1.33813408e+01
77.58918174 31.15831036 -14.59647813 1.54328420e+01
77.60083415 31.03058114 -12.76511089 1.44495033e+01
77.48886412 31.22385262 -14.58982097 1.41685863e+01
77.20247988 31.29570107 -12.80166476 0.00000000e+00
77.33447486 31.36695118 -15.38390868 0.00000000e+00
77.09257664 31.49217729 -14.59934891 0.00000000e+00
77.23531078 31.43420535 -15.38444441 0.00000000e+00
77.13657769 31.50198695 -15.38541005 0.00000000e+00
77.15291793 31.57125488 -18.11183088 0.00000000e+00
77.94265995 30.97984467 -15.70074933 1.30697448e+01
77.87759794 30.89876618 -13.28234201 1.20083487e+01
77.80407304 30.90307252 -12.75910421 1.18214096e+01
77.89294786 30.73045817 -11.18588443 9.79306698e+00
77.89515472 30.96795133 -14.71518684 1.28525850e+01
77.99951773 30.90755942 -14.80240814 1.23637211e+01
77.90733963 30.84141910 -12.76333997 1.13412036e+01
77.96740527 30.72735341 -11.71082590 9.97321782e+00
78.01200586 30.78162162 -12.77499371 1.08006360e+01
78.10410524 30.61302710 -11.16511713 8.42272674e+00
78.11823258 30.72398620 -12.79131591 1.01814558e+01
78.28977130 30.55956829 -11.71549479 6.18498261e+00
78.32211867 30.73985917 -15.20981778 1.04595636e+01
78.63991810 30.52574469 -13.49595531 4.68800280e+00
78.18061967 30.61295896 -11.71028280 8.23386926e+00
78.32195033 30.50544394 -11.15566698 4.77355288e+00
78.21216448 30.55788939 -11.15807987 6.72005741e+00
77.99773664 30.67064492 -11.17483810 9.22443012e+00
78.08601656 30.54355425 -9.83260980 7.09821172e+00
77.97988334 30.60125624 -9.86451591 8.26450213e+00
77.82811631 30.64925662 -9.17097487 8.44567903e+00
77.77218123 30.72290173 -9.94018592 9.03357061e+00
77.50044503 31.09586864 -12.77204496 1.20981917e+01
77.58616384 30.91980402 -11.23363878 1.25053387e+01
77.48569437 30.98517194 -11.24958835 5.82450107e+00
77.56916822 30.85060212 -10.01526637 9.43344316e+00
77.38582444 31.05128322 -11.26590664 0.00000000e+00
77.46887694 30.91596886 -10.05151321 1.85024481e+00
77.28643808 31.11799661 -11.28135080 0.00000000e+00
77.32442722 30.97186045 -9.42063067 0.00000000e+00
76.73743885 31.38052998 -9.59519949 0.00000000e+00
76.96323815 31.38087150 -11.82543691 0.00000000e+00
77.35759554 31.11032666 -11.77611479 0.00000000e+00
77.36917231 30.98206391 -10.08183015 0.00000000e+00
76.89311400 31.39004047 -11.33506351 0.00000000e+00
77.07269058 31.18363308 -10.15733478 0.00000000e+00
77.10401676 31.36337421 -12.81106224 0.00000000e+00
77.15957823 31.24457209 -11.80255496 0.00000000e+00
76.79604069 31.45952193 -11.34689530 0.00000000e+00
76.81152194 31.56980533 -12.83368083 0.00000000e+00
77.28983933 31.35692924 -14.59165759 0.00000000e+00
77.38911347 31.29009588 -14.58661261 7.77738849e-02
76.71525928 31.63999739 -12.83821958 0.00000000e+00
76.60914526 31.84140128 -14.55536618 0.00000000e+00
76.61983094 31.71107158 -12.84186421 0.00000000e+00
76.67289290 31.59008326 -11.85488090 0.00000000e+00
76.20754694 31.95765816 -11.89104957 0.00000000e+00
76.22400865 32.06778078 -13.31459587 0.00000000e+00
76.14226136 31.97208135 -11.42138744 0.00000000e+00
76.13471770 32.14462051 -13.30544246 0.00000000e+00
76.30811023 31.75034440 -10.31832751 0.00000000e+00
76.39023116 31.80731885 -11.87889926 0.00000000e+00
76.23218578 31.89556971 -11.41212959 0.00000000e+00
76.29826344 31.88191346 -11.88570728 0.00000000e+00
76.60406142 31.60083920 -11.36967834 0.00000000e+00
76.78021109 31.39001812 -10.21789231 0.00000000e+00
76.69963713 31.52974126 -11.35820731 0.00000000e+00
76.76899188 31.51959626 -11.84586022 0.00000000e+00
76.03872936 31.97969231 -10.38158174 0.00000000e+00
75.94328747 32.19175257 -11.90187827 0.00000000e+00
75.95162376 32.05845587 -10.40169290 0.00000000e+00
75.88060493 32.20852501 -11.44320177 0.00000000e+00
75.71290490 32.37154650 -11.45445438 0.00000000e+00
75.64819034 32.56412291 -12.79865940 0.00000000e+00
75.69117908 32.43566657 -11.90622291 0.00000000e+00
75.62692345 32.62845642 -13.23990540 7.30726237e-03
75.52908928 32.60276542 -11.90416947 1.06423960e+00
75.73055076 32.14268715 -8.58370732 0.00000000e+00
75.44962026 32.68744245 -11.90174454 3.03065315e+00
75.53584261 32.46781227 -10.49107148 1.22232251e+00
75.39132379 32.70781352 -11.46302734 4.29143978e+00
75.45613780 32.55223908 -10.50356573 3.07180820e+00
75.33095920 32.90280333 -12.76094580 4.94264776e+00
75.34336275 32.63179446 -10.00998920 5.15697578e+00
75.56739767 32.64774428 -12.78991224 3.45566333e-01
75.47017922 32.62265070 -11.46269157 2.49859131e+00
75.08258350 33.22818032 -13.14884591 5.49492334e+00
75.29956426 32.72307262 -10.52272746 5.52468873e+00
75.60958278 32.51881605 -11.90567916 2.57943969e-02
75.55000763 32.53817060 -11.46118239 6.12945345e-01
75.79612152 32.28954874 -11.44929943 0.00000000e+00
75.79108731 32.46321708 -13.26351311 0.00000000e+00
76.14973455 32.21461199 -14.38796484 0.00000000e+00
76.15881396 32.08218473 -12.83780179 0.00000000e+00
76.05364638 32.04973395 -11.42884288 0.00000000e+00
76.07034831 32.15979368 -12.83248347 0.00000000e+00
75.97494419 32.37183325 -14.30024277 0.00000000e+00
76.04674926 32.22259485 -13.29504863 0.00000000e+00
75.84233074 32.53977926 -14.74434894 0.00000000e+00
75.89757404 32.31846155 -12.82129352 0.00000000e+00
75.88962016 32.45212513 -14.25597338 0.00000000e+00
75.96018369 32.30173111 -13.28511292 0.00000000e+00
75.91899111 32.59237465 -18.57349150 0.00000000e+00
76.01289281 32.37871032 -14.89147601 0.00000000e+00
75.85694306 32.60993228 -16.88000082 0.00000000e+00
75.92694864 32.45872192 -14.81790207 0.00000000e+00
76.02776405 32.44875456 -17.12195521 0.00000000e+00
76.10023834 32.29983599 -14.96426779 0.00000000e+00
75.75897452 32.62180371 -14.67197588 0.00000000e+00
75.58901887 32.92338499 -18.06723374 2.28105138e-02
75.67681251 32.70472033 -14.60094301 0.00000000e+00
75.52988492 32.94331342 -16.48896155 3.70113407e-01
75.59577058 32.78845408 -14.55276633 6.41402143e-02
75.48113278 32.86729925 -14.08500497 1.74008618e+00
75.19869635 33.35288804 -17.59854595 3.99896312e+00
75.28122470 33.13014891 -14.46278477 4.59505456e+00
75.29495987 33.20069628 -16.30833932 3.67426336e+00
75.35858076 33.04384587 -14.48417704 3.82145220e+00
75.48764944 32.73211175 -12.78064828 2.09468428e+00
75.40254684 32.95256567 -14.06572569 3.23602776e+00
75.24784716 33.12478657 -14.02811137 4.94719189e+00
75.31105300 32.96786610 -13.18802541 4.93428351e+00
75.56065029 32.78268160 -14.10452400 2.83137784e-01
75.54651667 32.71229896 -13.22733807 5.41117204e-01
75.20459605 33.21694035 -14.44169258 4.95850529e+00
75.23421557 33.05418325 -13.17485538 5.40502354e+00
75.12862618 33.30416988 -14.42136382 5.16015778e+00
75.06482688 33.11943279 -11.87882079 5.60104753e+00
75.09596059 33.29889158 -13.99249029 5.25870133e+00
75.17158591 33.21162824 -14.00984787 5.17568173e+00
74.85920088 33.49186140 -13.11203077 5.52892307e+00
74.79838464 33.65120093 -13.92830698 5.60836591e+00
74.94633956 33.47449288 -13.96040670 5.31292977e+00
74.95204907 33.33817563 -12.70864912 5.43900696e+00
74.29469822 34.13841110 -12.60977331 6.17542795e+00
74.39118443 34.19134054 -14.25250783 6.43040583e+00
74.69545120 33.90511523 -15.93279715 6.24751213e+00
74.75619787 33.74522918 -14.33160935 5.84270797e+00
74.67694920 33.97074685 -17.11152320 6.52038111e+00
74.68276114 33.83414503 -14.31436466 6.17586607e+00
74.33060368 34.35210831 -15.75556323 4.78166180e+00
74.38502510 34.32807787 -16.89499753 5.07659316e+00
74.27654961 34.20389508 -13.01270696 5.26741960e+00
74.42119524 34.02513247 -13.03747939 7.91669541e+00
74.36086278 34.18569050 -13.83983017 6.31961738e+00
74.60959432 33.92324489 -14.29806925 6.64189836e+00
74.47584236 33.82841923 -11.81921625 6.72367880e+00
74.50598105 34.00699902 -13.86839959 7.27920035e+00
74.49367092 33.93588109 -13.04966237 7.32213924e+00
74.34882962 34.11447509 -13.02506955 6.88632091e+00
74.28844308 34.27515885 -13.82549971 4.79852610e+00
74.57873511 33.91780753 -13.88234952 6.70184988e+00
74.65168381 33.82875595 -13.89672279 6.19884435e+00
74.36700041 34.04895831 -12.62105316 8.07245169e+00
74.54845404 33.73910818 -11.82753204 6.25235709e+00
74.25875002 34.09694616 -11.79181400 6.05420531e+00
74.43939671 33.95958765 -12.63226123 7.63723499e+00
74.65748021 33.69215703 -12.66494020 5.92151511e+00
74.56675540 33.67347060 -11.41793490 6.02329512e+00
74.51191248 33.87031356 -12.64311058 6.76358262e+00
74.93322307 33.40367717 -13.12454177 5.45116744e+00
74.91541996 33.29523427 -11.86642704 5.50339461e+00
75.02664507 33.25031610 -12.71898831 5.46980694e+00
75.14035889 33.03207787 -11.88465236 5.70561790e+00
75.10176302 33.16280031 -12.72965645 5.54250674e+00
75.15808048 33.14097030 -13.16178487 5.51649160e+00
74.84704928 33.24716021 -10.54481453 5.71973185e+00
74.78629032 33.40654542 -11.43802090 5.57424947e+00
74.98987499 33.20716979 -11.87268734 5.55969979e+00
75.04386201 32.84192575 -8.06865800 6.38903647e+00
74.77338390 33.33566967 -10.54335578 5.75837523e+00
74.69434106 33.56095106 -11.84392596 5.75614735e+00
74.76770566 33.47215802 -11.85190108 5.60569040e+00
74.71217379 33.66891293 -13.08608262 5.85807692e+00
74.71282343 33.49532513 -11.43141069 5.65783872e+00
74.63910048 33.75773687 -13.07342270 6.15104345e+00
74.62126523 33.64993952 -11.83575919 5.93929151e+00
74.58458417 33.78115693 -12.65383882 6.24516212e+00
74.55424459 33.60244875 -10.53322955 6.07640857e+00
74.40337439 33.91784063 -11.81042560 7.65239576e+00
74.52354572 33.59701669 -10.06054928 6.15221411e+00
74.49408756 33.76279570 -11.41121806 6.34648241e+00
74.23492868 33.95447787 -10.03614663 8.06495185e+00
74.34919104 33.94178143 -11.39581330 7.94555186e+00
74.22306374 33.88322341 -8.84605511 7.83028966e+00
74.48171079 33.69172605 -10.52894065 6.35910261e+00
74.80248797 33.17099967 -8.85259835 6.00309983e+00
74.40933694 33.78112278 -10.52332768 6.76662576e+00
74.43893060 33.61511783 -8.86081143 6.41969398e+00
74.30692288 33.86497936 -10.04370041 7.61050347e+00
74.38494781 33.63884646 -8.13481892 6.46605862e+00
74.45120304 33.68623257 -10.05633411 6.40576047e+00
74.51113907 33.52594905 -8.86232884 6.21474833e+00
74.31296753 33.72824776 -8.13250417 6.73788823e+00
74.65682558 33.17448988 -5.92731708 6.00737921e+00
74.74200363 33.33035753 -10.06618928 5.83536827e+00
74.81542076 33.24187441 -10.06613815 5.81345288e+00
75.07060463 32.98332701 -10.53926178 5.85437544e+00
75.11924014 32.75481572 -8.04966859 6.26176339e+00
74.99558383 33.07094050 -10.54277985 5.78861912e+00
75.02477586 32.90730637 -8.82216551 6.26099581e+00
74.62700826 33.51333105 -10.53678790 5.92625882e+00
74.67459355 33.28250462 -8.12782556 5.99675285e+00
74.70004792 33.42440028 -10.54036401 5.79003500e+00
74.63965174 33.58430450 -11.42468825 5.81133182e+00
74.96339655 33.06566776 -10.06018224 5.88558397e+00
75.03809360 32.97803219 -10.05392517 5.94827978e+00
74.59609043 33.50794426 -10.06315348 6.00278168e+00
74.65623022 33.34808090 -8.86055480 6.00773157e+00
75.21653707 32.94515123 -11.88982344 5.73938179e+00
75.32954687 32.56127574 -8.74607485 5.50431198e+00
75.15977845 32.96673695 -11.45820956 5.76028878e+00
75.29342462 32.85869938 -11.89444031 5.46715988e+00
75.17573534 32.73333583 -8.78913463 6.10911718e+00
75.22253149 32.80934670 -10.52960338 5.87178374e+00
75.23620072 32.87991666 -11.46059535 5.70617971e+00
75.37740616 32.63734887 -10.51409866 4.73140519e+00
75.31335782 32.79359003 -11.46227827 5.33230855e+00
75.37109296 32.77277615 -11.89846868 4.69132340e+00
75.69849306 32.30129552 -10.46028606 0.00000000e+00
75.63089079 32.45444507 -11.45844518 4.28033858e-03
75.86594284 32.13837982 -10.42340225 0.00000000e+00
75.81419169 32.06151619 -8.54367061 0.00000000e+00
75.91381272 32.05151105 -9.84808794 0.00000000e+00
76.09724659 31.76206094 -7.60785088 0.00000000e+00
75.57090236 32.13376979 -5.62266496 3.76691289e+00
75.56692375 32.30779239 -8.65767355 1.12647673e+00
75.61660231 32.38414027 -10.47662241 3.28398185e-02
75.64814986 32.22480331 -8.62198240 1.04759236e-02
75.58111041 32.37815339 -9.95374548 2.72908702e-01
75.66245990 32.29511129 -9.93023181 0.00000000e+00
75.50086394 32.46199591 -9.97493273 2.02742555e+00
75.48680073 32.39158211 -8.69035483 3.34050290e+00
75.34966953 32.49636332 -7.97633992 5.40480862e+00
75.26594275 32.71761235 -10.02389754 5.70362405e+00
75.17770649 32.55906043 -5.76346135 6.31327910e+00
75.19529030 32.66815227 -8.02833526 6.03700592e+00
75.11337418 32.89078066 -10.04546091 6.01233472e+00
75.18930361 32.80395900 -10.03560622 5.94293656e+00
74.72920093 33.25943396 -8.85807497 5.98478859e+00
74.93248778 32.88628952 -6.60353354 6.21962540e+00
74.96909513 32.92943855 -8.08590175 6.25089083e+00
75.02619086 32.73311969 -5.82420327 6.74613068e+00
75.23469431 32.53786138 -6.49870500 6.03528973e+00
75.27207538 32.58198260 -8.00401658 5.74699326e+00
75.50761163 32.32703695 -7.91042166 3.45643781e+00
75.39027358 32.36666389 -6.44107140 5.48829837e+00
75.58812450 32.24347075 -7.87230107 8.90789072e-01
75.49029780 32.21744253 -5.65405851 5.20436166e+00
75.66976856 32.16073228 -7.83103892 0.00000000e+00
75.65264850 32.05093383 -5.58970301 8.00128011e-01
75.88231507 31.87135066 -6.20899502 0.00000000e+00
75.83672060 31.99802743 -7.74232264 0.00000000e+00
75.96876409 31.79224333 -6.16880271 0.00000000e+00
75.92214387 31.91820297 -7.69534058 0.00000000e+00
75.89066494 31.73801812 -4.41995866 0.00000000e+00
75.90538410 31.80816561 -5.48881504 0.00000000e+00
75.73560506 31.96900712 -5.55562801 0.00000000e+00
75.71349430 32.03283281 -6.29162218 0.00000000e+00
75.55668427 32.06342866 -4.51626657 5.37747645e+00
75.54966050 32.19812953 -6.37142660 3.67112271e+00
75.60240775 31.97440869 -4.12829654 4.16057472e+00
75.39678508 32.23143743 -4.56341548 5.83976202e+00
75.05541245 32.56987152 -4.29177732 6.81174565e+00
75.00708591 32.79855177 -6.58046868 6.67882146e+00
75.01282956 32.66242852 -4.69211648 6.98058202e+00
74.93815604 32.75004366 -4.71979347 7.08656267e+00
74.75887092 32.92099559 -4.33349270 6.24542184e+00
74.61310625 33.09821607 -4.33652479 6.09864646e+00
74.32479576 33.45484419 -4.32032532 6.40779019e+00
74.42115162 33.50766411 -6.68405314 6.21542064e+00
74.57144394 33.19251425 -4.77224570 6.09431320e+00
74.45705218 33.54954362 -8.13519754 6.25029946e+00
74.60181702 33.37133892 -8.13113449 6.02363509e+00
74.78473126 33.06271339 -6.64024301 6.05735477e+00
74.74766812 33.19387118 -8.12170166 6.01636077e+00
74.80332898 32.99711894 -5.89628064 6.13385356e+00
74.63845385 33.24012166 -6.66457432 5.97435112e+00
74.36717733 33.53150798 -5.96159320 6.25025123e+00
74.85839623 32.97436046 -6.62352949 6.12810260e+00
74.82107408 33.10545975 -8.11220793 6.06240144e+00
74.58355067 33.43692418 -8.86192420 6.08067725e+00
74.51154201 33.35268042 -5.94807313 6.01264053e+00
74.52931845 33.46036095 -8.13377983 6.10476802e+00
74.56576956 33.32913133 -6.67213470 6.00154816e+00
74.20530664 33.77628802 -6.68537608 6.79754575e+00
74.29492133 33.79377123 -8.85264820 7.13510581e+00
74.34909507 33.59711612 -6.68674508 6.40101082e+00
74.24108562 33.81773283 -8.12788459 7.06401781e+00
74.27715510 33.68666218 -6.68730600 6.61932856e+00
74.35497161 33.46039459 -4.77942759 6.27468999e+00
74.29520353 33.62108209 -5.96429195 6.45348352e+00
74.43927730 33.44203338 -5.95633316 6.08634866e+00
74.42693929 33.37096530 -4.77754093 6.13595605e+00
74.49335722 33.41832479 -6.67892855 6.06510286e+00
74.52818259 33.11611238 -3.39038039 6.09450281e+00
74.18154235 33.63383683 -4.31236107 6.81651909e+00
74.39658716 33.36548257 -4.32309531 6.12963098e+00
74.49907280 33.28165808 -4.77532906 6.09231796e+00
74.21139120 33.63953764 -4.77937829 6.65734999e+00
74.46852952 33.27623432 -4.32739226 6.19988203e+00
74.54068094 33.18713290 -4.33333257 6.19550576e+00
74.68582755 33.00949799 -4.33571661 6.30086081e+00
74.74598762 32.85011409 -3.44960818 6.48376638e+00
74.79034497 32.92628364 -4.74601728 6.28292802e+00
74.76447109 32.78456753 -3.00287352 6.50230046e+00
75.11751011 32.41241815 -3.41765822 6.68267637e+00
74.98046898 32.65712114 -4.31656737 7.13853780e+00
75.11935455 32.23799049 -0.81399842 6.66862620e+00
74.89298566 32.67397535 -3.49932284 7.25997230e+00
75.04357509 32.32479442 -0.82796846 6.92841332e+00
74.83789716 32.69639243 -3.04433373 7.16462924e+00
74.96848972 32.41205935 -0.84313777 7.01717840e+00
74.60097399 32.85358376 -0.82311337 6.47151466e+00
74.83228214 32.83273767 -4.33108059 6.35242519e+00
74.81927222 32.76190322 -3.47182135 6.36787810e+00
74.25312252 33.54430038 -4.31748862 6.49978527e+00
74.31269117 33.38368824 -3.33466879 6.22750373e+00
74.69143323 32.87299977 -2.96684507 6.29677457e+00
74.58273433 32.91925690 -1.63142709 6.37162203e+00
74.24115082 33.47309984 -3.32233176 6.63892941e+00
74.31291332 33.21077845 -0.77056936 6.37531389e+00
74.18760237 33.49709232 -2.78111142 6.61615270e+00
74.22342475 33.36599901 -1.51324311 6.40673717e+00
74.40235478 33.22878815 -2.84360874 6.22076590e+00
74.36661087 33.18691401 -1.55337065 6.22151546e+00
74.38460920 33.12125668 -0.78280129 6.37902204e+00
74.15198715 33.45567047 -1.49709021 6.68811554e+00
74.24134737 33.30040115 -0.76091385 6.30741495e+00
74.29495752 33.27640870 -1.53148321 6.13463733e+00
74.45646943 33.03185560 -0.79522272 6.29413802e+00
74.51043318 33.00829989 -1.60353645 6.15334299e+00
74.94953208 32.47756189 -1.70304865 6.93064234e+00
74.65533470 32.83041440 -1.66260607 6.32193199e+00
74.80155747 32.65341073 -1.73589320 7.19053921e+00
74.74672113 32.67614285 -0.85750435 7.37493271e+00
74.82015702 32.58779518 -0.87838885 7.52529341e+00
74.87528929 32.56531856 -1.73829973 7.24994047e+00
74.98620213 32.52099764 -3.00842203 6.89591631e+00
75.02438318 32.39020425 -1.67110623 6.69705007e+00
74.72825962 32.74178890 -1.69699705 6.53144277e+00
74.67367769 32.76475006 -0.83949270 6.69160702e+00
75.42736590 32.07075244 -3.30758332 5.97699694e+00
75.36893451 32.09050048 -2.83499569 6.07070926e+00
75.43075800 31.89643668 -0.76700618 6.76505519e+00
75.13698227 32.34723489 -2.93329527 6.53372926e+00
75.33113996 32.04570481 -1.56629893 6.14076664e+00
75.67533646 31.64818053 -0.74076536 1.89967066e+01
75.27323053 32.06594905 -0.78880789 6.39157820e+00
75.35149502 31.98084146 -0.77749104 6.34152109e+00
75.41003064 31.96109824 -1.54449722 6.19244118e+00
75.09991454 32.30329634 -1.64196688 6.59038788e+00
75.90789113 31.47172325 -1.45557125 0.00000000e+00
75.75934954 31.56732156 -0.73394743 1.67541988e+01
75.82164963 31.55072618 -1.46225467 2.34180331e-03
75.73682181 31.63087707 -1.47471279 1.41547574e+01
75.48996922 31.87723872 -1.52437164 6.82074900e+00
75.57103485 31.79420034 -1.50596644 7.97551557e+00
75.65329881 31.71205635 -1.48936633 1.22749780e+01
75.67030962 31.82200793 -3.23577086 4.46535075e+00
75.59260608 31.73003247 -0.74860097 1.03002793e+01
75.60972433 31.84000445 -2.75319732 7.28258655e+00
75.93149131 31.40891842 -0.72726402 3.31698525e+00
75.86133304 31.59766939 -2.68916935 0.00000000e+00
75.92446470 31.58186546 -3.17853962 0.00000000e+00
76.10101189 31.42766082 -3.16493300 0.00000000e+00
75.51110259 31.81280880 -0.75736546 7.90993274e+00
75.52834497 31.92269036 -2.77878461 6.62757541e+00
75.58816762 31.90406466 -3.25900931 6.27192360e+00
75.52132795 32.05739742 -4.15100939 5.69529308e+00
75.29074530 32.17547895 -2.86598392 5.89037915e+00
75.20734070 32.39672892 -4.24055305 6.39113751e+00
75.21345556 32.26107896 -2.89879279 6.26023009e+00
75.25321351 32.13098566 -1.58977340 5.97376034e+00
75.19371146 32.32613687 -3.38915567 6.20628684e+00
75.13101780 32.48306002 -4.26628790 6.54004115e+00
75.16410039 32.48846912 -4.63332233 6.52996821e+00
75.10160886 32.64586421 -5.79458234 6.57500662e+00
75.25454603 32.47275536 -5.73584993 5.99200833e+00
75.31204967 32.45196424 -6.47142659 5.70741779e+00
75.34855671 32.15523810 -3.33371516 5.60713692e+00
75.28445115 32.31093157 -4.21865172 6.09662541e+00
75.46944955 32.28202843 -6.40768108 5.01718988e+00
75.47620203 32.14705115 -4.54003970 5.82063881e+00
75.50721006 31.98700363 -3.28281466 6.06708254e+00
75.44136161 32.14119591 -4.17353554 6.03511285e+00
75.63098490 32.11504009 -6.33259595 7.06630126e-01
75.63830812 31.98064311 -4.49180199 2.40733253e+00
75.85298960 31.73101249 -4.06091162 0.00000000e+00
75.93920605 31.65201801 -4.04218419 0.00000000e+00
75.79725256 31.95157951 -6.24984139 0.00000000e+00
75.80524501 31.81786960 -4.44313467 0.00000000e+00
76.44725351 31.35345369 -5.31443660 0.00000000e+00
76.48448995 31.20275627 -3.97099792 0.00000000e+00
76.02690453 31.57426014 -4.02788242 0.00000000e+00
76.15548826 31.50562202 -4.36440361 0.00000000e+00
76.20627325 31.42222637 -4.00202903 0.00000000e+00
76.30813850 31.21682574 -2.66346438 0.00000000e+00
76.61039895 31.27097648 -5.91709593 0.00000000e+00
76.77126083 30.99200637 -3.95002940 1.83515070e+00
76.68618508 30.93180783 -2.67728083 2.26936127e+01
76.57928232 31.13165360 -3.96279238 4.14001229e-02
76.75551170 30.92242534 -3.14991957 1.62998519e+01
76.83011371 31.07127130 -5.21834529 0.00000000e+00
76.97719543 30.72616871 -2.68524104 9.52393976e+01
76.86819561 30.92323958 -3.94258435 4.03403831e+00
77.04735905 30.71796351 -3.14585886 6.75734951e+01
76.96562717 30.85505449 -3.93384268 1.02238623e+01
77.17331060 30.59162439 -2.67478997 9.84303396e+01
76.92751227 31.00257981 -5.19190129 7.72354364e-02
76.85232872 30.85371997 -3.15056397 2.95241293e+01
76.51537026 31.34220087 -5.94967265 0.00000000e+00
76.67085828 30.82123016 -0.73598955 1.67896593e+02
76.49535268 31.07244227 -2.66799021 1.83484530e+00
76.54824503 30.95151677 -1.46359476 4.63436916e+01
76.46909551 31.13299452 -3.14735588 4.00278479e-02
76.29216456 31.10635124 -0.72607380 1.26191404e+01
76.28269341 31.27806603 -3.15141920 0.00000000e+00
76.29784297 31.34793831 -3.99039102 0.00000000e+00
76.37534913 31.20499002 -3.14865462 0.00000000e+00
76.26669087 31.16771097 -1.45063209 9.22460529e-01
76.21622093 31.29067397 -2.66335529 0.00000000e+00
76.35949510 31.09459486 -1.45404805 4.92234165e+00
76.40123235 31.14411874 -2.66379657 3.83904561e-02
76.56377302 31.06195495 -3.14755183 1.76027457e+00
76.57487755 30.89113724 -0.73321192 1.30192993e+02
76.38541695 31.03361069 -0.72797425 3.78265760e+01
76.20011017 31.18025620 -0.72455828 4.99841188e+00
76.10928452 31.25531798 -0.72476838 1.52613718e+00
76.17508503 31.24197904 -1.44932667 0.00000000e+00
76.47970625 30.96191365 -0.73038284 8.16157192e+01
76.76750027 30.75205842 -0.73895984 1.77281874e+02
77.22926201 30.47330811 -1.46945125 9.11812791e+01
77.15865904 30.48082904 -0.73798801 1.11288081e+02
76.83724571 30.74319428 -1.47955131 1.43654486e+02
77.03253279 30.60734682 -1.48238105 1.42649805e+02
77.06031829 30.54794986 -0.74045771 1.39489619e+02
76.94963772 30.78559148 -3.14907117 4.82207558e+01
77.13072952 30.54011205 -1.47844572 1.19647552e+02
77.07507628 30.65867359 -2.68359034 1.09245162e+02
76.86468119 30.68350905 -0.74059147 1.75185458e+02
76.78266735 30.86265717 -2.68080006 4.23447210e+01
76.93469451 30.67503178 -1.48251481 1.47423312e+02
76.87970147 30.79413978 -2.68530478 6.78118734e+01
77.35643482 30.34798761 -0.72307065 4.73332881e+01
77.96865940 29.97366053 -0.63667533 7.36531305e+00
77.47043492 30.39354667 -2.61340784 2.53882470e+01
78.07566277 29.91808817 -0.62448199 6.63274795e+00
77.83333381 30.08878637 -1.31624215 9.29595296e+00
77.54195049 30.38736605 -3.05955204 1.50800012e+01
77.55631203 30.21779057 -0.69656145 1.55943659e+01
77.25734714 30.41415377 -0.73146324 7.60559601e+01
77.52758018 30.27633643 -1.40987236 1.71776020e+01
77.45602994 30.28246029 -0.71331091 2.47703392e+01
77.75972209 30.09205616 -0.66536071 1.22378480e+01
78.52094469 29.72452306 -0.60999479 2.26155006e+00
77.73022428 30.14976042 -1.34613281 1.12278142e+01
77.86338488 30.03174884 -0.65088144 1.00880124e+01
78.15247911 29.91966898 -1.24020653 4.01210071e+00
77.57063725 30.32897501 -2.57908721 1.40263706e+01
78.18449168 29.86534573 -0.61572455 5.96509386e+00
78.04433597 29.97342636 -1.26115732 4.77770019e+00
78.19790618 29.97644199 -2.35460177 3.88420251e-04
77.77385726 30.20339503 -2.49442973 8.50900178e+00
77.98247872 30.08497053 -2.41668364 5.76280221e-01
78.26244409 29.86886412 -1.22454386 1.03540149e+00
78.05808068 30.08458696 -2.88620213 1.53242343e-02
78.63321272 29.91352383 -3.67863603 0.00000000e+00
78.40731026 29.76866516 -0.60683435 1.27237216e+00
78.12540973 30.16859039 -3.96235975 1.25386082e-01
78.08927588 30.02929463 -2.38155724 1.13874112e-02
77.93799671 30.02991256 -1.28755677 5.81142949e+00
77.84740311 30.20000995 -2.95200933 4.87146326e+00
77.80857930 30.34213837 -4.03850634 1.00754178e+00
77.87738235 30.14310538 -2.45459385 6.26495598e+00
77.27190526 30.52503414 -2.66158328 7.63335877e+01
77.42757119 30.34127954 -1.43638156 3.16441334e+01
77.34271470 30.51784239 -3.10891451 5.33901874e+01
77.37091081 30.45896503 -2.63985313 4.99576242e+01
77.24388324 30.58406741 -3.12646429 7.18723079e+01
77.22228414 30.79961469 -5.09203327 2.96542689e-01
77.50396409 30.53209236 -4.13544386 7.65893556e+00
77.64267693 30.32351481 -3.02471017 9.62874182e+00
77.45870902 30.52148871 -3.84667836 1.70579460e+01
77.44202282 30.45221735 -3.08541617 3.09635966e+01
77.65972649 30.39280731 -3.78959558 3.17525547e+00
77.67170361 30.26548938 -2.53626742 1.03421344e+01
77.76166344 30.33027370 -3.75748803 6.87738543e-01
77.74440778 30.26093936 -2.98800289 6.91015018e+00
77.86488717 30.26941730 -3.72660081 9.77853778e-01
77.95191485 30.14112599 -2.91836002 1.87987155e-02
78.07603724 30.15417940 -3.67288886 1.03833378e-01
78.16602902 30.03072964 -2.85927714 4.26720150e-03
77.79640269 30.46899890 -5.24026430 3.76961131e+00
78.18422449 30.10043105 -3.65339293 4.40905834e-02
78.03608107 30.29363786 -4.68278100 1.07932433e+00
78.34530568 30.06613593 -3.94996084 1.10901217e-02
77.72323823 30.47344548 -4.82413447 2.75239884e+00
77.91256677 30.28200779 -4.00898455 9.75615980e-01
77.94440858 30.46253019 -6.49736490 5.07736895e+00
78.23448670 30.11591528 -3.95050176 5.61566614e-02
78.01813547 30.22405811 -3.98316959 3.89855131e-01
77.90008757 30.40829769 -5.16605204 3.32285563e+00
77.63602435 30.64772997 -6.77703180 4.36487152e+00
78.11218390 30.29344340 -5.07084433 1.00198980e+00
77.84031022 30.52255502 -6.58486024 6.14866846e+00
78.22081295 30.23986193 -5.05946286 3.52500515e-01
78.01936432 30.46070948 -7.37171059 4.97825868e+00
78.33118665 30.18910821 -5.07841114 1.39825155e-01
77.69403183 30.53142038 -5.32329930 3.15865320e+00
77.60722008 30.70606112 -7.69327658 5.17238612e+00
77.59272068 30.59519191 -5.40783487 8.09998569e-01
77.40711810 30.83638485 -7.84447470 0.00000000e+00
77.52081529 30.60135987 -4.94274564 1.70663438e-01
77.26026366 30.65338535 -3.89286110 2.78292041e+01
77.40410615 30.59752501 -4.16360123 1.31065340e+01
77.16168582 30.72014766 -3.90927695 2.38528411e+01
77.62157062 30.53682868 -4.88495366 6.69430445e-01
77.55881104 30.45663896 -3.82032587 7.50456240e+00
77.30479471 30.66364065 -4.19046601 1.59261609e+01
77.02537752 30.93444137 -5.16352426 2.20459220e-01
77.70599125 30.40411779 -4.07063797 1.04745176e+00
77.60452981 30.46754191 -4.10474645 2.05606425e+00
76.91153941 30.93312350 -4.26209667 2.54514837e+00
76.70627099 31.20064327 -5.88564834 0.00000000e+00
77.20591621 30.73030229 -4.21245248 1.39654600e+01
77.06347216 30.78737098 -3.92350792 1.64993448e+01
76.81426482 31.00175886 -4.27293026 9.65545823e-01
76.67491276 31.06143785 -3.95692630 2.41748706e-01
76.71754479 31.07102994 -4.28548981 1.93396379e-01
76.62149022 31.14103781 -4.29447034 3.64515416e-02
76.42126492 31.41437261 -5.98308216 0.00000000e+00
76.52623751 31.21190358 -4.30687279 0.00000000e+00
76.26151544 31.50034757 -5.36704168 0.00000000e+00
76.33854181 31.35651684 -4.33360377 0.00000000e+00
76.35379286 31.42632786 -5.34103331 0.00000000e+00
76.43188058 31.28369936 -4.31860617 0.00000000e+00
76.06586116 31.58191610 -4.38096791 0.00000000e+00
75.98544276 31.90231634 -8.45761967 0.00000000e+00
76.43716841 31.52462086 -8.25930697 0.00000000e+00
76.63709952 31.21067047 -5.26592959 0.00000000e+00
76.17050147 31.57554971 -5.39451818 0.00000000e+00
76.27766984 31.61055720 -7.51917977 0.00000000e+00
76.62598960 31.38126612 -8.18857059 0.00000000e+00
76.73327482 31.14060360 -5.24275259 0.00000000e+00
76.74865814 31.25093408 -7.32709372 0.00000000e+00
76.80285856 31.13109152 -5.85270721 0.00000000e+00
77.10741442 30.79744095 -4.23250510 9.96832031e+00
77.00927977 30.86504033 -4.24766162 5.78683636e+00
76.84535980 31.18163428 -7.28848745 0.00000000e+00
77.12364376 30.86679386 -5.12959127 2.61080486e-01
77.11076150 31.03661065 -8.00561985 0.00000000e+00
77.19430132 30.85881183 -5.68594390 1.03868792e-02
76.72171510 31.31095867 -8.15422088 0.00000000e+00
76.64159002 31.45089777 -9.62019971 0.00000000e+00
76.93118110 31.24204121 -9.54415456 0.00000000e+00
76.83401111 31.31094884 -9.56979818 0.00000000e+00
76.54172588 31.28159466 -5.28971709 0.00000000e+00
76.55740557 31.39187492 -7.40168024 0.00000000e+00
76.40044280 31.67620788 -10.29696888 0.00000000e+00
76.54661006 31.52217783 -9.64663701 0.00000000e+00
76.25265168 31.67221344 -8.33488220 0.00000000e+00
76.23643275 31.56201879 -6.05167235 0.00000000e+00
76.00899418 31.83954158 -7.65126178 0.00000000e+00
76.14590061 31.63760257 -6.08958627 0.00000000e+00
76.05665999 31.71434177 -6.12996385 0.00000000e+00
75.99237481 31.72944646 -5.45689335 0.00000000e+00
76.07319126 31.82446404 -8.41723945 0.00000000e+00
76.00025821 31.97241870 -9.81707256 0.00000000e+00
76.16227739 31.74776443 -8.37603082 0.00000000e+00
76.08813009 31.89451169 -9.78810652 0.00000000e+00
76.18681398 31.68572776 -7.56244286 0.00000000e+00
76.17733581 31.81775367 -9.75870680 0.00000000e+00
76.36978978 31.53656558 -7.47877568 0.00000000e+00
76.35958418 31.66769458 -9.70046172 0.00000000e+00
76.41581054 31.74598406 -11.39159209 0.00000000e+00
76.48341857 31.73388082 -11.87166650 0.00000000e+00
77.01277030 31.10434124 -8.04679788 0.00000000e+00
76.94263125 31.11298394 -7.24825333 0.00000000e+00
76.99076847 31.32121971 -11.32253878 0.00000000e+00
77.06118857 31.31245796 -11.81414183 0.00000000e+00
77.50683825 30.77081166 -7.77178869 1.07342224e+00
77.42378038 30.90560969 -9.38012381 9.46955783e-02
77.72563774 30.71158533 -9.22682183 8.36523085e+00
77.70844144 30.64236052 -7.61217967 6.93845212e+00
77.81071283 30.57999542 -7.52675948 7.26583770e+00
77.73759926 30.58441406 -6.68132837 6.27320996e+00
77.22551214 31.03865950 -9.45654156 0.00000000e+00
77.30791767 30.90260634 -7.90593337 0.00000000e+00
77.39245126 30.72567684 -5.56000304 5.88707775e-03
77.33601843 30.84358355 -7.03148373 0.00000000e+00
77.42078233 30.66679131 -4.99548784 1.55445557e-01
77.43540601 30.77753402 -6.95496989 0.00000000e+00
77.04037927 31.04489560 -7.20395719 0.00000000e+00
77.09581765 30.92612384 -5.73645673 0.00000000e+00
78.15742477 30.34925696 -6.38629669 2.32522563e+00
78.44317644 30.14116795 -5.12669658 3.92357150e-02
78.14359312 30.23827631 -4.66070381 4.13013569e-01
78.03722688 30.53010913 -9.06672149 6.84805419e+00
78.00530430 30.34968040 -5.10794212 2.37768930e+00
77.93027488 30.35149073 -4.71915602 2.38107796e+00
78.25288215 30.42036171 -9.00265726 3.56831052e+00
78.23454684 30.35078148 -7.28917448 2.30313911e+00
78.12609028 30.40443769 -7.31947507 3.55190358e+00
78.05007328 30.40466646 -6.42918383 3.66777219e+00
78.37733072 30.24666493 -6.39102741 4.20755756e-01
78.26652651 30.29655333 -6.37248117 1.07936770e+00
77.78957695 30.79215582 -11.20009097 1.01684654e+01
77.86315157 30.78782481 -11.71554860 1.04874500e+01
78.30340312 30.43579947 -9.79271478 3.74932385e+00
78.19384062 30.48832542 -9.80819454 5.00420976e+00
78.89122921 30.27981165 -11.19129226 7.75151316e-01
78.58864195 30.27604345 -9.01118522 6.62580117e-01
79.00729468 30.23925747 -11.20381161 1.44199439e-01
78.74138955 30.37196373 -11.76547952 2.03491238e+00
78.64135921 30.29431929 -9.80343733 8.86473341e-01
78.71804429 30.11238558 -6.63791476 3.99365293e-03
78.93412390 30.15074676 -9.15188942 6.31881909e-03
78.91482950 30.08134938 -7.61713366 0.00000000e+00
78.34473082 30.29991032 -7.28386221 1.09177135e+00
78.47642713 30.08893000 -4.71634189 1.06789322e-02
78.45651692 30.25181075 -7.30425273 4.57963578e-01
78.36329066 30.36957414 -8.99061304 2.44355788e+00
78.98796162 30.17014472 -9.89180922 8.24278876e-03
79.14660468 30.00207430 -7.80889946 0.00000000e+00
80.30298471 29.56289406 -9.71975543 0.00000000e+00
80.03485154 29.61720758 -8.36041587 0.00000000e+00
79.33534445 30.04843592 -9.99986650 0.00000000e+00
79.49088050 29.87673816 -8.10362319 0.00000000e+00
79.16598660 30.07091466 -9.25313286 0.00000000e+00
79.29658844 29.91182061 -7.22541860 0.00000000e+00
79.39634795 29.98827059 -9.36910878 0.00000000e+00
79.44995690 30.00559974 -10.03811902 0.00000000e+00
79.28149937 30.03024043 -9.30940683 0.00000000e+00
79.63700360 29.77901143 -7.58965328 0.00000000e+00
79.54888908 30.07946893 -11.81918448 7.45283399e-03
79.78587837 29.86290336 -10.10217547 0.00000000e+00
79.21994873 30.08975873 -9.95971577 0.00000000e+00
79.05009731 30.11087411 -9.20172525 0.00000000e+00
80.09228086 29.81487894 -11.55181414 7.17483652e-04
79.94959527 29.74185641 -9.51325393 0.00000000e+00
80.00011720 29.75249312 -10.05209616 0.00000000e+00
80.13667401 29.55548382 -8.29247817 0.00000000e+00
79.88118410 29.93004299 -11.72210562 6.81147590e-03
80.15579329 29.62120918 -9.37862123 0.00000000e+00
80.42741644 29.35349696 -7.79173518 0.00000000e+00
80.25506837 29.55625324 -9.24943586 0.00000000e+00
80.54055562 29.34816129 -8.62612489 0.00000000e+00
80.39928731 29.49443675 -9.54097888 0.00000000e+00
80.76893845 29.33856829 -10.27740719 4.19513954e-03
80.51388780 29.49014236 -10.35728881 0.00000000e+00
80.72618970 29.20487927 -8.07037768 0.00000000e+00
80.68042427 29.28132400 -8.80705301 0.00000000e+00
80.70522526 29.13836427 -6.93059421 0.00000000e+00
80.58735835 29.35295733 -9.07345109 0.00000000e+00
80.61297241 29.21036311 -7.24202085 0.00000000e+00
80.49388147 29.42423767 -9.32475068 0.00000000e+00
80.54704496 29.22100525 -6.86577965 0.00000000e+00
80.44698855 29.41913749 -8.87316595 0.00000000e+00
80.52062686 29.28233268 -7.53136126 0.00000000e+00
80.35200468 29.48871250 -9.07901026 0.00000000e+00
80.23588992 29.49066344 -8.17856209 0.00000000e+00
80.12274965 29.75808731 -11.01011606 0.00000000e+00
80.05397089 29.68315520 -9.46677121 0.00000000e+00
80.16623247 29.49770397 -7.71057163 0.00000000e+00
79.84279013 29.79722225 -9.52109384 0.00000000e+00
79.82358350 29.73064762 -8.34085831 0.00000000e+00
79.93043850 29.67561650 -8.37811022 0.00000000e+00
79.85580467 29.67654242 -7.77385684 0.00000000e+00
79.70348305 29.67410092 -6.44471259 0.00000000e+00
79.41123963 29.86975462 -7.35099824 0.00000000e+00
79.96185377 29.62030332 -7.81059712 0.00000000e+00
80.05426715 29.45163816 -6.13551689 0.00000000e+00
80.06536884 29.56065400 -7.78293610 0.00000000e+00
80.12541024 29.44617841 -6.64754774 0.00000000e+00
80.22432303 29.38082333 -6.53677719 0.00000000e+00
80.32915939 29.18708747 -4.78018428 0.00000000e+00
80.25281863 29.32169147 -5.93601994 0.00000000e+00
80.26449258 29.43174150 -7.57782109 0.00000000e+00
80.32070976 29.31269080 -6.35760169 0.00000000e+00
80.36040112 29.36323342 -7.38848754 0.00000000e+00
80.44177021 29.18137015 -5.48300912 0.00000000e+00
80.45439082 29.29276622 -7.14855628 0.00000000e+00
80.71697311 28.96301227 -4.80977505 0.00000000e+00
80.69107037 29.02500514 -5.29143203 0.00000000e+00
80.50762089 29.17045850 -5.84881993 0.00000000e+00
80.62899152 28.82574886 -3.38436809 0.00000000e+00
80.41495857 29.24235034 -6.11716387 0.00000000e+00
80.53914146 28.89976205 -3.37312740 0.00000000e+00
80.34829239 29.25253867 -5.72945691 0.00000000e+00
80.42230911 29.11575686 -4.58573434 0.00000000e+00
80.15489747 29.38822010 -6.07449429 0.00000000e+00
80.23389433 29.25628672 -4.93769626 0.00000000e+00
79.81262064 29.62229438 -6.58448483 0.00000000e+00
80.03545385 29.38598034 -5.10051480 0.00000000e+00
79.73645047 29.62110604 -5.90460227 0.00000000e+00
79.88166607 29.43487069 -4.61939555 0.00000000e+00
79.49438884 29.64977510 -4.59572962 0.00000000e+00
79.47955192 29.76834769 -6.15003578 0.00000000e+00
79.13462618 29.89298774 -5.76493298 0.00000000e+00
79.15003406 29.77468504 -4.27896269 0.00000000e+00
79.28493408 29.80308744 -5.32909022 0.00000000e+00
79.26210783 29.96174621 -7.90030289 0.00000000e+00
79.25035871 29.85293314 -5.88537820 0.00000000e+00
79.18119245 29.95242168 -7.10637842 0.00000000e+00
79.62591407 29.67074096 -5.72532660 0.00000000e+00
79.60351077 29.83096216 -8.19823252 0.00000000e+00
78.94933454 30.03159872 -6.86567027 0.00000000e+00
79.06534305 29.99213700 -6.98943790 0.00000000e+00
79.51358188 29.71731469 -5.56950342 0.00000000e+00
79.52482953 29.82566484 -7.47376476 0.00000000e+00
78.82088941 29.96160655 -4.93061344 0.00000000e+00
78.83346888 30.07147047 -6.74904235 0.00000000e+00
78.56969927 30.20630901 -7.35192371 1.75354735e-01
78.70523630 30.00225374 -4.84814815 0.00000000e+00
79.01853409 29.93234913 -5.64345573 0.00000000e+00
79.03074665 30.04172794 -7.71034207 0.00000000e+00
79.05322924 29.88285259 -5.12147184 0.00000000e+00
78.90238354 29.97167850 -5.52087187 0.00000000e+00
78.48967667 30.19951614 -6.44106013 1.68642705e-01
78.55657319 30.09586480 -5.20368644 9.00518604e-03
78.36387332 30.13590568 -4.67727292 5.43943657e-02
78.45769441 30.01916634 -3.96116919 0.00000000e+00
78.59031375 30.04452074 -4.77638782 0.00000000e+00
78.68623298 29.93262964 -4.01933355 0.00000000e+00
78.93698666 29.92201990 -5.01956149 0.00000000e+00
79.09608070 29.75519918 -3.89957015 0.00000000e+00
78.40585787 30.00163647 -3.64421180 0.00000000e+00
78.76365360 29.75295070 -2.37959770 0.00000000e+00
78.80178163 29.89212239 -4.06681768 0.00000000e+00
78.83265578 29.65349164 -1.27162500 0.00000000e+00
78.74835006 29.87254175 -3.71471017 0.00000000e+00
79.07681263 29.68611587 -3.04593574 0.00000000e+00
78.99551853 29.67538612 -2.48870944 0.00000000e+00
79.03397920 29.81380160 -4.19596336 0.00000000e+00
79.21178750 29.71581979 -3.98801297 0.00000000e+00
79.60680129 29.60364983 -4.74969931 0.00000000e+00
79.38055178 29.69327166 -4.47689960 0.00000000e+00
79.39979975 29.76124398 -5.44526001 0.00000000e+00
79.67929857 29.42067361 -3.36541678 0.00000000e+00
79.44109395 29.63283821 -4.20790158 0.00000000e+00
79.45593567 29.51421441 -3.13223073 0.00000000e+00
79.32689574 29.67523163 -4.09049276 0.00000000e+00
79.30760249 29.60682591 -3.27248554 0.00000000e+00
79.41078851 29.45650060 -1.81655978 0.00000000e+00
79.22708614 29.59753174 -2.71116788 0.00000000e+00
79.29632679 29.49823582 -1.61937096 0.00000000e+00
78.86406479 29.83289819 -3.76176791 0.00000000e+00
78.98007320 29.79400204 -3.82263905 0.00000000e+00
78.42037881 29.87957808 -2.32741338 0.00000000e+00
79.09992164 29.52773903 -0.71076851 1.30362798e-01
78.57143517 29.97480360 -3.98377566 0.00000000e+00
78.61431682 29.84377784 -2.84899702 0.00000000e+00
78.51894354 29.95638602 -3.65590158 0.00000000e+00
78.50019370 29.88659498 -2.83430934 0.00000000e+00
78.30833645 29.92656888 -2.33601306 0.00000000e+00
78.38727356 29.93184139 -2.83204823 0.00000000e+00
78.71680296 29.69269544 -1.24458727 0.00000000e+00
78.84493934 29.76338296 -2.91412216 0.00000000e+00
78.64833467 29.79322724 -2.35012031 0.00000000e+00
78.72932924 29.80288760 -2.87513594 0.00000000e+00
78.48721213 29.77591523 -1.21682914 0.00000000e+00
78.63570213 29.68272674 -0.61683856 2.70725311e+00
78.37409049 29.82099752 -1.21565366 1.48710558e-01
78.29509362 29.81555592 -0.60881932 3.66611230e+00
78.86735317 29.60401098 -0.64387629 0.00000000e+00
79.33099811 29.44849697 -0.85270922 0.00000000e+00
78.75126832 29.64274522 -0.62774871 9.96753511e-03
79.44518519 29.40613803 -0.96385057 0.00000000e+00
80.46201100 28.79970221 -0.88784661 0.00000000e+00
78.98367018 29.56590251 -0.67105293 0.00000000e+00
79.06503484 29.57689294 -1.38182145 0.00000000e+00
79.52399863 29.41234286 -1.97468085 0.00000000e+00
79.53482562 29.52049277 -3.63918843 0.00000000e+00
78.94882931 29.61510728 -1.31492922 0.00000000e+00
78.87947637 29.71387414 -2.42298802 0.00000000e+00
80.16778441 29.18451424 -3.52567608 0.00000000e+00
79.64621135 29.47324661 -3.74148726 0.00000000e+00
79.56849090 29.46898413 -3.33434777 0.00000000e+00
79.89427971 29.31355188 -3.15079408 0.00000000e+00
79.63555306 29.36517542 -1.99442673 0.00000000e+00
79.85222107 29.26033390 -1.76800374 0.00000000e+00
79.55797247 29.36110754 -1.01083029 0.00000000e+00
80.06897915 29.24942151 -3.54029142 0.00000000e+00
81.19087430 28.30848299 -1.11304223 0.00000000e+00
80.55121931 28.72480194 -0.93409339 0.00000000e+00
80.61518199 28.71256799 -1.76920909 0.00000000e+00
80.34528344 28.93498894 -1.67495109 0.00000000e+00
80.27974819 28.94600607 -0.85932908 0.00000000e+00
80.09852631 29.19168520 -3.00477716 0.00000000e+00
80.29124028 29.05634762 -2.93478064 0.00000000e+00
80.18528023 29.01589611 -0.77012207 0.00000000e+00
80.25228683 29.00628971 -1.62945115 0.00000000e+00
80.08792691 29.08271450 -0.83555746 0.00000000e+00
80.44885076 28.97341564 -3.33749867 0.00000000e+00
80.69580395 28.89623398 -4.19558226 0.00000000e+00
80.43625983 28.86175040 -1.70346862 0.00000000e+00
80.37178436 28.87370191 -0.81562201 3.33612761e-02
80.08775975 29.31504780 -4.59723113 0.00000000e+00
80.18656223 29.24994572 -4.52313899 0.00000000e+00
80.15672100 29.07496981 -1.60567953 0.00000000e+00
79.96726597 29.31084524 -3.60213946 0.00000000e+00
80.05821042 29.14041797 -1.64217873 0.00000000e+00
79.98748964 29.14597912 -0.80662127 3.74588260e+00
79.95667690 29.20226984 -1.65489867 0.00000000e+00
79.88403362 29.20545211 -0.84827740 4.82488728e+00
79.74507494 29.31458971 -1.90332279 0.00000000e+00
79.66895161 29.31286082 -0.98359644 0.00000000e+00
79.55403083 29.58805252 -4.33525207 0.00000000e+00
79.78800411 29.36893485 -3.29617116 0.00000000e+00
79.66533135 29.54035020 -4.46077516 0.00000000e+00
79.86274318 29.36861211 -3.69536506 0.00000000e+00
79.77465040 29.48936824 -4.55902232 0.00000000e+00
79.93202566 29.44571904 -5.09242927 0.00000000e+00
79.82593658 29.50186021 -5.03178911 0.00000000e+00
79.84486853 29.56812675 -6.04894147 0.00000000e+00
80.28264068 29.18183696 -4.41000537 0.00000000e+00
80.51394755 29.04298375 -4.43556693 0.00000000e+00
80.37635330 29.11128790 -4.27061645 0.00000000e+00
80.56458650 28.83751370 -3.05293200 0.00000000e+00
80.46823525 29.03895718 -4.14232403 0.00000000e+00
80.60482209 28.96952833 -4.30003131 0.00000000e+00
80.55897563 28.96557455 -4.04611155 0.00000000e+00
80.64940253 28.89194863 -3.95848325 0.00000000e+00
80.83737944 28.61868253 -2.48366761 0.00000000e+00
80.74047333 28.81900065 -3.85695618 0.00000000e+00
80.90549824 28.61094817 -2.86176774 0.00000000e+00
80.83311496 28.74767026 -3.71664468 0.00000000e+00
81.45518066 28.27007711 -2.20594839 0.00000000e+00
80.97405086 28.81534714 -4.62438930 0.00000000e+00
81.34463443 28.31664852 -2.16566646 0.00000000e+00
81.90703001 28.24199768 -3.71157369 0.00000000e+00
81.53511605 28.27999821 -2.72688051 0.00000000e+00
81.85084006 28.29701644 -3.90498209 0.00000000e+00
81.56792516 28.22789946 -2.27435313 0.00000000e+00
81.44863947 28.39440299 -3.41984745 0.00000000e+00
81.76424410 28.20410476 -2.89822263 0.00000000e+00
81.49991286 28.53602975 -4.43552725 0.00000000e+00
81.88062210 28.17082693 -3.02285886 0.00000000e+00
81.79050625 28.27532803 -3.61575343 0.00000000e+00
81.66749201 28.07408893 -0.64954920 5.56793246e-01
81.68239344 28.18959700 -2.36885541 0.00000000e+00
81.64896017 28.24031512 -2.80212731 0.00000000e+00
81.56094106 28.35099853 -3.46410405 0.00000000e+00
81.40765625 28.20744950 -1.14328901 0.00000000e+00
81.42313709 28.32369855 -2.67504757 0.00000000e+00
81.23125460 28.49460296 -3.40451410 0.00000000e+00
81.33859167 28.44217051 -3.39836854 0.00000000e+00
81.13199065 28.42415513 -2.17568860 0.00000000e+00
80.97828591 28.68645896 -3.81285663 0.00000000e+00
80.82231171 28.50377281 -0.63904087 1.25530458e-01
80.81128203 28.68040614 -3.01420922 0.00000000e+00
80.70500996 28.63840891 -1.55130178 0.00000000e+00
80.74492513 28.69007226 -2.72088426 0.00000000e+00
81.01469739 28.36886137 -0.56293497 1.17185473e-02
81.00262211 28.54476593 -2.75329866 0.00000000e+00
81.08721328 28.36642424 -1.12269892 0.00000000e+00
80.91689155 28.43447843 -0.59066517 2.13967015e-01
80.89019385 28.49573580 -1.22970604 0.00000000e+00
80.79640501 28.56582369 -1.35522695 0.00000000e+00
80.98700967 28.42902133 -1.15360014 0.00000000e+00
80.73039272 28.57588359 -0.71618608 1.87032467e-02
81.43959346 28.15356695 -0.58140003 1.14480582e+00
81.55266550 28.11181778 -0.61013201 0.00000000e+00
81.74972666 28.08929666 -1.35923724 0.00000000e+00
81.23677127 28.36797624 -2.15990386 0.00000000e+00
81.11600203 28.30762294 -0.55976395 0.00000000e+00
81.32878835 28.19990516 -0.56188898 2.36437972e+00
81.31350387 28.37188989 -2.65063912 0.00000000e+00
81.29780865 28.25548320 -1.11516725 0.00000000e+00
81.22078258 28.25123078 -0.55327827 1.53672897e+00
81.78364794 28.03977942 -0.70968804 5.03044734e-01
81.79818339 28.15461851 -2.49873647 0.00000000e+00
82.33915031 27.94496868 -2.04225058 0.00000000e+00
82.49329182 27.87392381 -1.00848863 0.00000000e+00
82.13700320 27.95156351 -1.00215433 0.00000000e+00
82.25563900 27.92512787 -1.02244406 0.00000000e+00
82.57662659 27.89351260 -2.01013009 0.00000000e+00
82.69527534 27.86761338 -2.01443635 0.00000000e+00
81.86645018 28.05669021 -1.49922140 0.00000000e+00
81.98398477 28.02654173 -1.67645706 0.00000000e+00
83.55380864 27.61851752 -1.19575375 0.00000000e+00
83.20322290 27.71212921 -1.13364438 5.15164130e-02
82.81376937 27.84126244 -2.05129600 0.00000000e+00
83.05005876 27.78644296 -2.21806523 0.00000000e+00
82.93204657 27.81425340 -2.13567085 0.00000000e+00
83.16775607 27.75769516 -2.25453987 0.00000000e+00
83.08557100 27.74111077 -1.12089550 4.90840621e-02
82.86101039 27.90463237 -3.43416284 3.31366402e-02
82.84931128 27.79621274 -1.03850112 1.16297428e-01
82.82551662 27.94988245 -3.75056195 8.44160966e-02
82.96758579 27.76910155 -1.09716973 4.48377921e-02
82.97904663 27.87707256 -3.56700103 3.66569731e-03
82.73079887 27.82259326 -1.01279489 0.00000000e+00
82.74275181 27.93153270 -3.36933658 7.51414099e-02
82.61210304 27.84841805 -1.00164146 0.00000000e+00
82.50579937 27.98411188 -3.33355406 2.35445084e-03
83.28509410 27.72790617 -2.28433470 0.00000000e+00
83.09680994 27.84870537 -3.69187841 0.00000000e+00
82.26876301 28.03679713 -3.29844336 0.00000000e+00
82.45789090 27.91919864 -2.02829516 0.00000000e+00
82.10206433 27.99820787 -1.88907804 0.00000000e+00
82.03246961 28.09240722 -2.88698807 0.00000000e+00
82.01867087 27.97914280 -0.88692371 0.00000000e+00
81.99780578 28.13992582 -3.17373595 0.00000000e+00
81.90080328 28.00833472 -0.78953335 4.34359512e-01
81.91496838 28.12241572 -2.67289299 0.00000000e+00
82.14213625 28.18155744 -3.92835872 0.00000000e+00
82.58889950 28.00327327 -3.62494990 1.36532247e-02
82.37868430 28.12606693 -4.12454616 0.00000000e+00
82.62432565 27.95794885 -3.32133246 5.81804487e-04
82.44062985 28.14980044 -4.43047396 0.00000000e+00
82.70727878 27.97677357 -3.66774406 9.99427971e-02
82.08555775 28.23414530 -4.11242411 0.00000000e+00
82.32207478 28.17716363 -4.32043032 0.00000000e+00
82.61563390 28.07233046 -4.22842967 2.26157960e-01
82.73403132 28.04534639 -4.31983574 4.56277726e-01
82.85228341 28.01796655 -4.46821085 2.73460845e-01
83.03260873 28.01182091 -5.12138609 9.96851309e-02
83.32278799 27.90130426 -5.02486629 0.00000000e+00
83.29596633 27.83503548 -4.15890158 0.00000000e+00
83.15039901 27.98254255 -5.29753356 2.04988560e-02
83.17882352 27.86509705 -4.09257662 0.00000000e+00
83.02378873 28.12463488 -6.68015608 5.31197548e-01
83.26787538 27.95238617 -5.44120948 1.54919759e-03
82.91454626 28.04032597 -4.92337859 2.95509722e-01
82.90571045 28.15351890 -6.47050619 9.53239723e-01
82.70448620 28.16407477 -5.52145050 1.21332758e+00
82.58955953 28.41663945 -8.95453819 9.88431025e-01
82.79926116 28.29077987 -8.06742631 1.11297885e+00
84.18553988 27.78678291 -7.73684495 0.00000000e+00
83.17714488 28.04919616 -6.34530212 7.26867345e-02
83.99363182 28.03342384 -10.85178501 0.00000000e+00
82.82599196 28.35884411 -9.42154962 9.46146649e-01
83.25915106 28.06467976 -7.03622389 4.60364725e-02
82.88817717 28.38064797 -10.24746802 8.80375712e-01
83.07060646 28.18676260 -7.92030699 7.06411728e-01
82.66899908 28.20978660 -6.03820872 1.34846029e+00
82.56286638 28.34765708 -7.60661658 1.16956226e+00
82.31351408 28.29356627 -5.38079754 0.00000000e+00
82.55048535 28.23754977 -5.83000522 9.74545750e-01
82.46727578 28.21923668 -5.19912920 3.65743485e-02
82.26030443 28.15340991 -4.02949480 0.00000000e+00
82.58590110 28.19167249 -5.36223253 1.00232986e+00
82.49715940 28.09914936 -4.19611752 1.75920865e-02
82.02431978 28.21093033 -3.81694782 0.00000000e+00
82.07731654 28.35246261 -4.91555706 0.00000000e+00
82.20367454 28.20514515 -4.22479772 0.00000000e+00
82.19525564 28.32246445 -5.14875585 0.00000000e+00
82.67780081 28.09558279 -4.57690391 6.20387601e-01
82.55923380 28.12270445 -4.49700006 7.03353791e-02
81.96787703 28.26459491 -4.00481968 0.00000000e+00
81.99433363 28.33550213 -4.52343960 0.00000000e+00
81.73471071 28.33198484 -3.81625981 0.00000000e+00
81.61980532 28.37006430 -3.74145028 0.00000000e+00
81.39521161 28.45763725 -3.65819577 0.00000000e+00
81.32711261 28.69433486 -5.17269436 0.00000000e+00
81.17555587 28.69068527 -4.45821504 0.00000000e+00
81.28091174 28.63464452 -4.42033114 0.00000000e+00
80.88178320 28.75383004 -3.92321507 0.00000000e+00
80.78784810 28.82403873 -4.05629501 0.00000000e+00
81.10180330 28.69187313 -4.23986097 0.00000000e+00
81.02593122 28.61328945 -3.50505104 0.00000000e+00
81.20511672 28.63284373 -4.18386550 0.00000000e+00
81.12697541 28.55172352 -3.43976806 0.00000000e+00
80.78354281 28.95311471 -5.01822936 0.00000000e+00
80.73129802 29.07661814 -6.22296587 0.00000000e+00
80.80973869 28.89137663 -4.60337540 0.00000000e+00
80.79822244 29.06717755 -6.61289349 0.00000000e+00
81.00162262 28.75503425 -4.32455536 0.00000000e+00
81.01714577 28.87044067 -5.41922648 0.00000000e+00
81.19128178 28.80662426 -5.76188257 0.00000000e+00
81.53228230 28.48273878 -4.19522428 0.00000000e+00
81.28642605 28.50801571 -3.65253213 0.00000000e+00
81.18054114 28.56307361 -3.67608357 0.00000000e+00
81.22082361 28.74883986 -5.21303286 0.00000000e+00
81.64582976 28.44116139 -4.24748466 0.00000000e+00
81.74194057 28.56857866 -5.94819908 0.00000000e+00
81.72727903 28.45371552 -4.54252133 0.00000000e+00
81.54745217 28.59837378 -5.22516655 0.00000000e+00
81.87719420 28.36809784 -4.40835930 0.00000000e+00
81.84308648 28.41755196 -4.62361667 0.00000000e+00
81.97383186 28.49758250 -6.30861930 0.00000000e+00
81.43611424 28.64423555 -5.17915602 0.00000000e+00
81.54103616 28.72270755 -6.93325829 0.00000000e+00
81.77546084 28.51780620 -5.41512751 0.00000000e+00
81.85740907 28.53181901 -6.11626793 0.00000000e+00
81.40466300 28.69909772 -5.67725548 0.00000000e+00
81.32160222 28.82077116 -6.87221224 0.00000000e+00
81.38914753 28.58311867 -4.41483098 0.00000000e+00
81.31149651 28.57829009 -4.16056723 0.00000000e+00
81.29658427 28.75068913 -5.69104653 0.00000000e+00
81.16571580 28.94601152 -7.66717893 4.40076954e-04
80.91964158 28.93667574 -5.61024871 0.00000000e+00
80.77387845 29.21014414 -8.53423843 3.66872763e-04
80.98950387 28.93059384 -6.06457591 0.00000000e+00
80.91510414 29.06523139 -7.51345016 0.00000000e+00
81.27027822 28.88842213 -7.57340737 0.00000000e+00
81.08782591 29.07641501 -9.07666187 4.57726605e-03
81.51519038 28.65177542 -5.72058743 0.00000000e+00
81.43014879 28.76967209 -6.86968202 0.00000000e+00
81.62775049 28.60840947 -5.81297181 0.00000000e+00
81.48743276 28.78574580 -7.58425342 0.00000000e+00
81.66069534 28.55637171 -5.30549913 0.00000000e+00
81.65386054 28.67954904 -7.05695156 0.00000000e+00
81.71309150 28.69871820 -7.83235291 0.00000000e+00
81.40306512 28.90554829 -8.90533942 0.00000000e+00
81.97076168 28.69499100 -9.69442293 0.00000000e+00
82.41487438 28.49757341 -9.23407308 8.23326154e-02
82.17877298 28.55832446 -8.74442918 0.00000000e+00
82.47130853 28.44557804 -8.70096964 7.34569717e-01
82.05331529 28.70982710 -10.58793062 0.00000000e+00
82.08776217 28.66092844 -9.95062982 0.00000000e+00
82.28831818 28.64483984 -11.18466188 0.00000000e+00
82.65157917 28.43907684 -9.74949407 9.02499836e-01
82.35314497 28.47489363 -8.45667313 0.00000000e+00
82.11752339 28.53597863 -7.94076398 0.00000000e+00
82.44463665 28.37614310 -7.35225224 7.28341350e-02
82.36156889 28.35826667 -6.51627150 0.00000000e+00
82.20856171 28.43464016 -6.81255444 0.00000000e+00
82.12560339 28.41743032 -5.94878861 0.00000000e+00
82.24344598 28.38736274 -6.23566530 0.00000000e+00
82.32649888 28.40502580 -7.08758894 0.00000000e+00
82.70781020 28.38780105 -9.19473637 9.59187714e-01
83.27006458 28.17197196 -8.76556089 2.27736671e-01
82.94403987 28.32956464 -9.63837556 9.14561783e-01
83.30549029 28.12582346 -8.23653649 9.25825750e-02
82.68109836 28.31927988 -7.84520347 1.15100083e+00
82.59818613 28.30156933 -7.05203956 1.28461930e+00
83.03513025 28.23262308 -8.45643602 8.60158004e-01
82.95276164 28.21614479 -7.74084222 9.89694928e-01
82.91728976 28.26194926 -8.27417724 1.02268575e+00
82.83470765 28.24496440 -7.52914639 1.16759171e+00
83.29688890 28.23835207 -10.16854863 4.35371512e-01
83.38707578 28.14043864 -8.89869734 6.96305673e-02
83.18819686 28.15669168 -8.08616663 3.16867948e-01
83.17953237 28.26943865 -10.00545199 7.04964220e-01
82.53320300 28.46819970 -9.48618837 1.08189848e+00
82.76992637 28.40996385 -10.00280153 9.07101705e-01
83.35915881 28.25821550 -11.05540869 4.11060283e-01
83.15089502 28.38743840 -12.41743178 7.34019023e-01
83.24180680 28.28984578 -10.87980259 6.50511979e-01
83.11534984 28.43364269 -13.26544356 7.42566123e-01
83.12416311 28.32071838 -10.68444838 7.52827147e-01
83.03297673 28.41806756 -12.18106468 7.90757452e-01
83.00627196 28.35094585 -10.47853371 8.51549048e-01
82.79658823 28.47795056 -11.63851727 8.65640556e-01
82.55982741 28.53709020 -11.05003708 8.41140128e-01
82.64283911 28.55396174 -12.12360451 8.32071900e-01
82.44147868 28.56691145 -10.76484674 6.95152272e-01
82.52455003 28.58380268 -11.79559201 8.17070224e-01
82.17059519 28.67666360 -10.87502144 0.00000000e+00
82.06722590 28.82310797 -12.76011459 0.00000000e+00
82.32327287 28.59727073 -10.50104912 0.00000000e+00
82.10154440 28.77397394 -12.14805934 0.00000000e+00
82.67822175 28.50751254 -11.35471167 8.57167768e-01
82.57227682 28.64732779 -13.68252668 7.99549429e-01
82.76112699 28.52421955 -12.43566971 8.47865909e-01
82.69037388 28.61712375 -14.13146676 8.08887705e-01
82.87934803 28.49437334 -12.72983279 8.36498607e-01
82.80845965 28.58698758 -14.57055936 8.20638406e-01
82.91485926 28.44819439 -11.92003545 8.41964265e-01
82.89104016 28.60306094 -16.04943996 8.22062306e-01
83.35045879 28.37066553 -13.69208051 5.85962441e-01
83.23303826 28.40249423 -13.49241407 6.69311937e-01
83.39668294 28.43127228 -16.43353600 6.67077754e-01
83.47618218 28.22574409 -11.21088968 1.76353443e-01
82.65508906 28.66377727 -14.94483401 7.96471759e-01
82.79977700 28.70145941 -18.33807835 8.25115197e-01
82.41921576 28.72513301 -13.91250520 1.06630618e+00
82.68175870 28.73223609 -17.30586500 8.04370968e-01
83.36124602 28.47782757 -18.00994396 7.84611176e-01
83.27080410 28.57629503 -21.16382011 1.35075905e+00
83.12655346 28.54144101 -17.11462983 7.57857487e-01
83.03560362 28.63958907 -20.09908159 8.13055805e-01
83.00887774 28.57244089 -16.60357477 8.03706584e-01
82.91774592 28.67063789 -19.30210640 8.21544009e-01
82.74371938 28.75360344 -19.33311254 9.13732938e-01
82.41614592 28.91716780 -20.30363951 9.58274109e-01
82.97988747 28.69144484 -21.75403910 9.03307389e-01
82.86184153 28.72258540 -20.66384058 9.03900445e-01
82.62558743 28.78469466 -18.24317484 8.88629917e-01
82.29844409 28.95026113 -19.06147011 3.37011035e-01
82.44584675 28.79446139 -15.95407174 9.63302741e-01
82.06426809 29.02000192 -16.89077018 3.82493807e-01
82.26376274 28.99892225 -20.05773545 5.48992445e-01
81.83286863 29.09689707 -15.68724843 4.24415883e+00
82.32812904 28.82641462 -15.41348380 4.29987533e-02
82.27190855 28.88063598 -16.14855948 0.00000000e+00
82.18414973 28.78923156 -13.12796145 0.00000000e+00
82.38958421 28.84793879 -16.80227231 1.01822129e+00
82.50751244 28.81605438 -17.47430463 8.66596643e-01
82.45424074 28.67781794 -13.23312094 1.08487561e+00
82.20532286 28.62849181 -10.22023699 0.00000000e+00
82.21875391 28.74081984 -12.49222435 0.00000000e+00
82.56375684 28.76316335 -16.58966493 8.11170942e-01
82.53710378 28.69425930 -14.39004777 8.11252335e-01
81.83550240 28.89651639 -12.11409720 2.08309721e-02
81.49505834 29.23222990 -14.54439626 7.03226986e+00
81.49698340 29.02697463 -11.48598684 1.30207049e-01
81.41300503 29.14739921 -12.54916393 5.56153998e-01
81.64063249 28.92696433 -11.08034161 5.54656703e-02
81.52257193 29.09734003 -12.68346684 1.05296517e+00
81.92175223 28.98685456 -14.34803613 1.40252030e-01
81.95093809 28.85872777 -12.43204550 0.00000000e+00
81.69265770 29.06830795 -13.63630203 1.95282708e+00
81.58017509 29.11339940 -13.37068406 2.15624950e+00
81.46949418 29.16188601 -13.18181075 1.88343750e+00
81.17526894 29.39842661 -14.06771956 3.33787639e+00
82.03782098 28.94971642 -14.87507733 2.67726673e-02
81.97736180 28.92932391 -13.87718965 2.61050981e-02
81.36093892 29.21402251 -13.05621089 6.39398298e-01
81.09869018 29.31981674 -12.45927756 2.06524427e-01
81.20092870 29.25875825 -12.42759076 1.21193049e-01
81.15113525 29.32939087 -12.96911773 5.86319088e-01
81.04998241 29.39216042 -13.01479905 9.84692028e-01
80.75808788 29.59436041 -13.39850932 1.00953209e+00
81.25477180 29.26989652 -12.97792856 4.73390203e-01
81.28103863 29.13169234 -11.34623925 3.92354282e-02
80.90112576 29.45057651 -12.65067410 6.21196621e-01
80.90603254 29.32240689 -11.08950138 3.28984250e-02
80.99886198 29.38394464 -12.53369714 3.56431358e-01
81.00364691 29.25581115 -10.95195632 2.56986047e-02
81.30572191 29.20121200 -12.45935083 1.68512469e-01
81.31108723 29.07450748 -10.78467320 1.68818032e-02
81.05953168 29.13597418 -9.73477273 9.12505694e-03
80.97601242 29.31604528 -11.51668760 5.71431560e-02
81.16100512 29.07400972 -9.62686502 8.09620141e-03
81.10353946 29.19195336 -10.84774966 2.32785738e-02
81.19016976 29.01553448 -8.96113129 4.64434806e-03
81.20599060 29.13138589 -10.78928210 2.31477524e-02
81.52869728 28.97241815 -10.92331959 3.96707014e-02
81.41873751 29.02152514 -10.82590463 2.07153362e-02
81.59292712 28.86466977 -9.71283995 1.62970468e-02
81.60821231 28.98023661 -11.64633983 2.26844640e-01
82.09373431 28.89349115 -14.36089721 0.00000000e+00
82.21071420 28.85931666 -14.88144242 0.00000000e+00
81.70619211 28.82174831 -9.86437631 4.98705466e-03
81.75418849 28.88480882 -11.26913271 2.22455941e-02
81.62546247 28.81152650 -9.07976049 0.00000000e+00
81.48143320 28.91111064 -9.61037315 9.31162393e-04
81.37760357 28.83499493 -7.54628660 0.00000000e+00
81.29528538 28.95850737 -8.90034596 3.63558978e-03
81.59939478 28.74044930 -7.68181715 0.00000000e+00
81.51324376 28.85663425 -8.96589173 0.00000000e+00
81.82816975 28.66012413 -8.02503023 0.00000000e+00
81.73934277 28.76984382 -9.24183432 0.00000000e+00
81.06400846 29.00750866 -7.82369706 4.40358721e-04
80.96063440 29.20115411 -9.88474694 9.18593802e-03
80.86395457 29.26892952 -10.07228736 6.90523804e-03
80.87893168 29.38320500 -11.65474055 8.31771822e-02
80.86852277 29.14025599 -8.26708040 4.19665300e-04
80.81984869 29.13418588 -7.78438259 0.00000000e+00
80.96505257 29.07246279 -8.02714510 1.24393228e-03
80.89092233 29.20791052 -9.43226420 3.48846798e-03
80.20451878 29.62902135 -9.86758847 0.00000000e+00
80.10359544 29.69232923 -9.97543450 0.00000000e+00
80.48664893 29.55074809 -10.92569554 0.00000000e+00
80.30554236 29.79744787 -12.78807688 3.50598059e-03
80.03042704 29.92712640 -12.65671267 9.76498204e-03
79.69480332 29.98019206 -11.24122976 5.17332298e-03
80.60783330 29.41916049 -10.12919745 5.85963946e-04
80.62136118 29.53149288 -11.64488102 5.64364891e-03
80.43135702 29.67098735 -12.04148539 0.00000000e+00
80.58104780 29.48026698 -10.71440938 8.14622897e-04
80.29369278 29.68750428 -11.28663252 0.00000000e+00
80.22374554 29.69465676 -10.88897922 0.00000000e+00
80.79557456 29.27723556 -9.65695939 3.10187717e-03
80.81021779 29.39106009 -11.25797433 3.62556362e-02
80.17256292 29.99847085 -14.67790554 1.68751373e-01
80.13407815 29.86714534 -12.53416477 3.52534467e-03
79.66138679 30.03251398 -11.80032648 6.41281720e-03
79.48085600 30.18170885 -12.97239501 3.22392579e-02
79.77224648 29.98279261 -11.77023069 7.16189850e-03
79.70603043 30.08839481 -12.90155402 1.98474179e-02
79.98791959 29.87406983 -11.64733830 2.05359271e-03
79.89231275 30.03836678 -13.33052997 1.99171345e-02
79.80508928 29.92947875 -11.21946424 5.77343102e-03
79.81622366 30.03772356 -12.84047074 1.11149975e-02
80.01925914 29.81846115 -11.10245754 6.36625406e-04
79.92442954 29.98400044 -12.76293130 1.02969905e-02
79.89415469 29.80935928 -10.08923607 0.00000000e+00
79.91332257 29.87560709 -11.17295906 6.12673194e-04
79.46929656 30.07330135 -11.25104268 5.09934702e-03
79.56347459 29.96071501 -10.07138691 0.00000000e+00
79.58277434 30.02802264 -11.25224771 5.01164707e-03
79.67555176 29.91326904 -10.09584192 0.00000000e+00
78.97275296 30.28922237 -11.79341568 7.48718070e-01
79.10405801 30.13012601 -9.92505449 4.67832410e-04
78.90393170 30.38955239 -12.97109689 2.29872035e+00
79.08881330 30.24879246 -11.80543348 1.12947528e-01
78.87195174 30.21044646 -9.86176838 1.11437783e-01
78.70310645 30.23276116 -9.05472918 4.00816010e-01
78.62666248 30.41540924 -11.75118464 2.57745466e+00
78.75632197 30.25165118 -9.83515614 5.72301904e-01
78.67359360 30.47424237 -12.92512361 3.66167214e+00
78.77551250 30.32119698 -11.17983035 1.41301542e+00
78.54629157 30.40867986 -11.16257148 2.62230526e+00
78.44697329 30.56640959 -12.86672690 5.66085655e+00
78.41428232 30.61962247 -13.41948665 6.96529094e+00
78.51297542 30.46093145 -11.73793663 3.73366775e+00
78.75442087 30.48205910 -13.52846118 4.15447794e+00
78.85684978 30.33008393 -11.77989030 1.55389946e+00
78.52644728 30.57147368 -13.45871131 5.56078258e+00
78.65899820 30.59530440 -15.63449528 6.34586244e+00
79.20474421 30.20818409 -11.81464658 2.79952821e-02
79.12342257 30.19893399 -11.21676033 2.28834282e-02
79.01976193 30.34870874 -12.98587401 1.59558058e+00
79.67267817 30.14071983 -13.48025024 3.52702922e-02
79.43507097 30.12406114 -11.82372567 1.20749379e-02
79.36648116 30.22514588 -12.98840576 6.17976324e-02
79.35471041 30.11652735 -11.24155973 5.27229945e-03
79.25132058 30.26709709 -12.99560259 1.07366469e-01
79.56034167 30.18776547 -13.52648701 4.69181037e-02
79.57977146 30.25518833 -15.22169411 3.69645920e-01
79.44671906 30.23252747 -13.55772688 7.46543602e-02
79.51974854 30.31698159 -16.46057462 1.48496214e+00
79.33212353 30.27548806 -13.57797748 1.43899953e-01
79.46619791 30.30037483 -15.35069938 8.56213842e-01
79.17462466 30.44564028 -17.07439380 4.25574527e+00
79.35162883 30.34373696 -15.47498279 1.55260320e+00
78.77364631 30.55155747 -15.71127275 6.63479680e+00
79.10114376 30.35804279 -13.58538857 1.45217305e+00
78.98531999 30.39876646 -13.57495718 2.36448856e+00
79.00474619 30.46795210 -15.71789331 5.62590921e+00
78.43298361 30.68914432 -15.36921194 9.29144644e+00
78.48455813 30.70549371 -16.87465800 9.67614083e+00
78.88899195 30.50928789 -15.73634508 7.48313532e+00
78.94268039 30.52811530 -17.29433241 9.25662352e+00
78.54534966 30.64103366 -15.51691712 7.46983024e+00
78.39158717 30.82472977 -19.95946098 1.14510637e+01
78.71188040 30.61330287 -17.24647514 7.18609176e+00
78.82699422 30.57008698 -17.31359922 7.96919688e+00
79.23634652 30.38576102 -15.58698194 2.03143439e+00
79.07811620 30.55572481 -20.64630574 1.67426979e+01
79.42491278 30.42906410 -19.77310499 1.98034357e+01
79.40544865 30.36124469 -16.67838357 2.09340967e+00
79.65227691 30.33767291 -18.94916201 8.91966459e+00
79.69203825 30.20770757 -15.05808198 2.77819066e-01
79.19411476 30.51422156 -20.43194027 2.28680502e+01
79.29031602 30.40396367 -16.89275487 2.64792412e+00
79.84124927 30.29037282 -19.75211164 2.20192374e+01
79.85471766 30.17051362 -15.67046687 1.20261013e+00
79.87394858 30.23672990 -18.00747698 7.84939582e+00
79.96282608 30.11613120 -15.36208527 8.01788201e-01
80.26383738 30.05886289 -17.48596954 1.21437856e+01
80.40332594 29.73063520 -12.60260420 9.34439474e-04
80.12277458 29.98950357 -14.22521314 7.55920642e-02
80.23534064 29.80421939 -12.39342610 8.99524907e-04
80.32498527 29.86303260 -13.77717274 1.95222372e-02
80.33433575 29.73867669 -12.22699761 8.60712537e-04
80.01826620 30.04854080 -14.46472293 1.20969819e-01
79.99907627 29.98262072 -13.22315911 1.98006028e-02
80.22498798 29.92757567 -13.96390940 3.08449117e-02
80.49943921 29.66206335 -12.40731750 0.00000000e+00
80.27405894 29.93540978 -14.39523212 9.08146337e-02
80.52684515 29.60171568 -11.84536495 1.00615510e-03
80.42301377 29.79630029 -13.58036357 9.85792554e-03
80.59439767 29.59233580 -12.20742986 8.28003733e-03
80.70979283 29.58857582 -12.98196766 3.88322761e-01
80.78342073 29.45214742 -11.82270450 8.15097469e-02
80.51946537 29.72790452 -13.37746933 3.35085408e-02
80.61485430 29.65844373 -13.17480327 1.63250498e-01
80.46288376 29.92794502 -16.55259809 1.20835562e+01
80.47106013 29.80249603 -13.98939660 5.04008624e-02
80.77972085 29.66133093 -14.52930456 4.59363133e+00
80.80497825 29.51903074 -12.80393169 4.81975319e-01
80.87621953 29.59277351 -14.31537340 4.42232788e+00
80.85395860 29.52531779 -13.23513507 1.13548449e+00
80.49116181 29.86841189 -15.41159291 3.46634519e+00
80.56731730 29.73366727 -13.78289019 4.89171796e-01
80.39321144 29.93566006 -15.74389107 1.77178016e+00
80.37345525 29.86992888 -14.19385285 3.13075322e-02
80.37642045 30.10447984 -20.80917916 2.39926608e+01
80.36425579 29.99440241 -17.01248583 1.17922301e+01
80.08805909 30.12452226 -17.01646896 4.50647236e+00
79.49564537 30.74087259 -29.34177709 2.09917862e+01
80.69770680 29.84315321 -17.57978516 1.46242637e+01
80.68382932 29.73060492 -14.79133550 5.28757234e+00
80.16136805 30.12090334 -18.04916027 1.44688293e+01
80.09946357 30.23323512 -21.29173050 3.37097452e+01
80.27563910 30.16833695 -21.51062107 2.84742217e+01
79.70288724 30.57997283 -27.87532290 2.67862140e+01
80.17290942 30.22987701 -22.25795889 3.29841768e+01
79.09070529 30.66504316 -25.28959439 1.91189996e+01
79.36117782 30.71735549 -28.07166197 2.12662459e+01
79.94999260 30.23673142 -19.17341018 1.83382455e+01
79.59003527 30.62759612 -27.99727003 2.51150097e+01
80.06812308 30.28882190 -23.05753235 3.51596754e+01
79.99335117 30.29047925 -22.02901155 3.68429977e+01
79.85259353 30.39854672 -24.34440306 3.71389769e+01
79.30719452 30.69977930 -27.40492274 2.19018251e+01
79.77533100 30.39668645 -23.26337776 3.75983303e+01
79.76395323 30.28854060 -18.48178993 8.48336485e+00
79.66378504 30.44585197 -23.78902668 3.69225666e+01
79.88525603 30.34494826 -22.66959088 3.72830294e+01
79.96131466 30.34505283 -23.78055759 3.64946216e+01
79.73069820 30.34125546 -20.31824388 2.42614964e+01
79.74466370 30.22196436 -15.95179174 1.44118439e+00
79.27534360 30.52255687 -22.18750877 2.92218230e+01
79.39059959 30.47977092 -21.81268456 3.39102607e+01
79.05865176 30.48682805 -17.20850486 8.38737168e+00
78.92774501 30.64778087 -22.71312038 1.44089269e+01
78.94067335 30.75748212 -26.02787835 1.45359141e+01
78.96208988 30.59726749 -20.77499878 1.39791183e+01
78.82536178 30.80034130 -25.97240199 1.27992985e+01
78.81220021 30.69036749 -22.69324861 1.18431365e+01
78.59693025 30.89053784 -25.76123744 1.22482326e+01
78.73109070 30.68277203 -20.73234209 1.00514925e+01
78.61670084 30.72781823 -20.54743811 1.02037755e+01
78.69729300 30.73430448 -22.57367307 1.08311701e+01
78.48439450 30.93879387 -25.62236957 1.25435299e+01
78.58332321 30.78010129 -22.37495897 1.09416473e+01
78.40551058 30.93544493 -24.70727360 1.25568381e+01
78.47058041 30.82818051 -22.11815761 1.14539809e+01
78.39192924 31.05886968 -26.90104801 1.34897567e+01
79.05632917 30.71541018 -26.04225770 1.73538867e+01
78.85938192 30.74932127 -25.29739374 1.29866667e+01
78.97491778 30.70687906 -25.32714547 1.54030768e+01
78.89820329 30.88779432 -27.90384743 1.38985566e+01
79.17204899 30.67356575 -26.01078531 2.13414353e+01
79.07588837 30.78437745 -27.38229376 1.64955837e+01
79.32191922 30.58092623 -24.94992767 2.93534858e+01
79.19166143 30.74227251 -27.41442470 1.90974092e+01
79.40258326 30.58834153 -25.73493681 3.00219726e+01
79.20646446 30.62324596 -25.17167638 2.37946256e+01
79.28755676 30.63138728 -25.90560491 2.60430065e+01
79.61856095 30.38956121 -20.87375155 2.75505803e+01
79.42222124 30.65637614 -27.35735328 2.44998241e+01
78.96014984 30.82664904 -27.33515743 1.45531529e+01
78.68766687 31.04632290 -28.88589811 1.35192035e+01
79.24569705 30.76034737 -28.07463360 1.90152421e+01
79.55085024 30.49268553 -24.26696267 3.62716079e+01
78.74438274 30.79291992 -25.20958785 1.19234821e+01
78.84472531 30.86964488 -27.27157661 1.33642355e+01
78.71068147 30.84452566 -25.88177636 1.22118311e+01
78.46180062 31.14350073 -28.66264699 1.38835660e+01
78.72990157 30.91390487 -27.19240982 1.28793951e+01
78.65423242 31.09865581 -29.42417228 1.34343901e+01
78.63021462 30.83819319 -25.07338244 1.18076829e+01
78.61597528 30.95993437 -27.09936387 1.28664062e+01
78.51717260 30.88559598 -24.90158257 1.21119790e+01
78.44296580 31.07414691 -27.51209108 1.36030486e+01
78.54112668 31.14689267 -29.31150173 1.34013534e+01
78.47586623 31.25412104 -30.21647122 1.33118403e+01
78.57407728 31.09374201 -28.77828526 1.38197953e+01
78.50324093 31.00816884 -26.99989318 1.30986940e+01
78.66846077 30.97697137 -27.72214234 1.31429410e+01
78.55504506 31.02436986 -27.61723261 1.32790508e+01
78.78294751 30.93160521 -27.81939593 1.32910034e+01
78.80229614 31.00087840 -28.98611120 1.38082403e+01
79.01393508 30.84501583 -27.97446061 1.51035804e+01
79.03347773 30.91394837 -29.15877786 1.51074299e+01
79.26531788 30.82870427 -29.29174895 1.78835163e+01
79.72241717 30.64681981 -29.30521964 2.37777500e+01
79.38079974 30.78535708 -29.32858202 1.94527392e+01
79.98078194 30.41124115 -26.23974846 3.23402633e+01
79.57568017 30.74645273 -29.92389387 2.09357661e+01
80.34490940 30.24213019 -25.17348203 2.64043578e+01
79.91108289 30.59774548 -29.83816951 2.35400031e+01
80.29527476 30.23402557 -24.16190438 2.87923386e+01
79.83384425 30.59655533 -29.23175790 2.48963289e+01
79.76166912 30.51625563 -26.93968491 3.13228995e+01
79.64972710 30.56502297 -27.15357396 2.87833204e+01
79.47604138 30.67325069 -28.04600874 2.33207223e+01
79.53648599 30.61159904 -27.28366084 2.67926424e+01
79.63014406 30.49776597 -25.19739162 3.55270357e+01
79.92420420 30.47764341 -27.44687693 2.95269933e+01
79.81434587 30.53005457 -27.71158682 2.87138156e+01
79.51686795 30.54394807 -25.50953581 3.34638561e+01
79.43680197 30.53756248 -24.64946724 3.32544950e+01
80.40549948 30.04596843 -19.29515188 2.30912309e+01
80.39625319 30.17019269 -23.39940224 2.61866338e+01
80.36480478 30.30790421 -27.75645956 2.29932844e+01
80.59376510 30.03758825 -21.92639667 1.93238922e+01
80.26232536 30.37045531 -28.24986522 2.36351975e+01
80.44544391 30.17752652 -24.35533366 2.51474505e+01
80.08759704 30.35476455 -25.64637687 3.16300617e+01
80.12666973 30.48652981 -29.58514274 2.30827369e+01
80.56514306 30.17750406 -26.29618937 2.17818359e+01
80.64265316 30.04410788 -22.85071641 1.93602654e+01
80.03227880 30.42261272 -27.07704694 2.88154839e+01
80.05177735 30.48857668 -28.90673145 2.49387972e+01
80.24263917 30.30471821 -25.88789251 2.72283123e+01
80.23169161 30.42718476 -29.36653773 2.22072891e+01
80.33486975 30.36553422 -29.10685462 2.17925570e+01
80.27420030 30.47968040 -30.65670129 2.05772787e+01
80.95911391 29.90991260 -23.96030019 1.97688401e+01
81.03572329 29.77663953 -21.19685945 1.98790357e+01
80.66372603 30.11059761 -25.56868424 2.15473772e+01
80.74024296 29.97637480 -22.27548564 1.76803606e+01
81.26480460 29.72216995 -23.75709449 1.85831187e+01
81.13690591 29.71335045 -21.10268266 2.10535693e+01
81.34536325 29.59485062 -21.41149264 2.09984629e+01
81.29047526 29.58271576 -19.99466301 2.32600251e+01
81.61549933 29.42449493 -21.31678804 2.47578312e+01
81.56227499 29.48893091 -22.50904430 2.12593373e+01
81.67352446 29.44070295 -23.28408128 2.22403478e+01
81.69960233 29.51123219 -25.96798078 1.91394079e+01
81.95541727 29.29311920 -24.43573824 2.55343814e+01
81.92668087 29.42294566 -27.17030141 1.99045966e+01
82.16052322 29.14671577 -23.56153895 1.12263268e+01
82.01541500 29.31210573 -25.99644711 2.43287951e+01
82.04439666 29.18377147 -22.79617264 1.48290813e+01
81.90034473 29.35260434 -24.99896666 2.29573009e+01
81.81460815 29.26380992 -20.22283622 1.93126084e+01
81.84088779 29.33436912 -23.15878269 2.60407439e+01
81.72749572 29.37805046 -22.13367308 2.58248751e+01
81.92902559 29.22269210 -21.55460801 1.77814542e+01
81.24006250 29.65262015 -21.16656377 2.14102781e+01
81.47956728 29.40368911 -18.08834468 2.54181603e+01
81.18640575 29.64190175 -19.87951402 2.27513236e+01
81.37154523 29.45674143 -17.75882121 2.62210599e+01
80.69114584 29.96985728 -21.33617771 1.74971835e+01
80.86368915 29.76726072 -18.06557576 1.45579849e+01
81.08446972 29.70393511 -19.92017307 2.03385131e+01
81.16224423 29.57290637 -17.48756556 2.21542203e+01
80.75248757 29.72208779 -15.32032122 7.97216081e+00
80.79416178 29.77464977 -17.12179118 1.27683870e+01
81.26573982 29.51319210 -17.55540448 2.52229556e+01
81.35559323 29.34074958 -14.87284580 8.07873775e+00
81.19117771 29.51409758 -16.33535677 1.88462313e+01
81.24976251 29.39733710 -14.69052445 5.86124138e+00
80.65645254 29.79117472 -15.68598598 1.03465053e+01
80.76675788 29.83514548 -18.48660465 1.39604863e+01
80.60116087 29.91162704 -18.10155451 1.69572707e+01
80.67015398 29.90345470 -18.97857824 1.55550303e+01
80.94630155 29.58600584 -14.78779441 7.35170318e+00
80.95106509 29.45768079 -13.10244448 1.24119173e+00
81.68608570 29.19207756 -15.99203068 8.33024811e+00
81.62152019 29.29961066 -17.58035379 1.56598790e+01
81.79965708 29.14890987 -16.51805760 6.61488566e+00
81.73391563 29.25421043 -18.30592405 1.38079512e+01
81.40201270 29.40001945 -16.71966150 2.03804540e+01
81.57401505 29.23824825 -15.53305028 9.50823909e+00
81.91443965 29.10837538 -17.09640424 4.69136017e+00
81.84768662 29.21161408 -19.18188996 1.12971282e+01
81.94811906 29.05736066 -16.21830340 1.83906863e+00
81.96256763 29.17146607 -20.29993147 9.83051162e+00
82.03018882 29.07011173 -17.76314977 2.47261701e+00
82.07833889 29.13343175 -21.13749178 8.13437086e+00
81.39675713 29.52669903 -20.27078578 2.33163775e+01
81.51079089 29.34813622 -17.09706754 1.84056161e+01
81.50516664 29.47397939 -20.71138815 2.38300791e+01
81.58960155 29.35399434 -18.52785476 2.35432539e+01
82.42091300 29.14596923 -27.05964693 1.94877357e+01
82.51175373 29.04331829 -26.25566078 9.15869574e+00
82.53835158 29.11209470 -27.39920419 1.49952927e+01
83.21778943 28.84881975 -27.49489201 1.84974071e+01
82.53409525 28.88486424 -20.95080957 1.06675004e+00
82.39433477 29.07678559 -25.29533597 9.33039502e+00
82.65218629 28.85306549 -21.59677648 1.20802721e+00
82.54673117 28.99545988 -25.83182683 6.21609441e+00
82.14669446 29.03375711 -18.63997247 8.22367810e-01
82.15460429 28.91444621 -15.50232293 0.00000000e+00
82.78234978 28.93088343 -26.39353375 4.67414038e+00
82.62937260 29.01049832 -26.56579627 7.70583724e+00
82.31177275 29.06225973 -23.23946299 7.18544415e+00
82.38123924 28.96526489 -21.82776162 1.80120207e+00
83.35982456 28.66182385 -25.64474070 1.27524621e+01
83.59480002 28.41141807 -18.66419052 1.72343400e+00
83.33514624 28.81587890 -27.58598877 1.98848079e+01
83.68399568 28.49491344 -23.71739337 8.91028833e+00
83.25326498 28.80204497 -27.03755802 1.70891163e+01
83.32428593 28.70855726 -26.11285216 1.44329794e+01
82.88847821 28.79009215 -23.73781106 1.39368836e+00
82.86486460 28.94587280 -27.04573514 6.87020182e+00
83.00654588 28.75853220 -24.65020705 2.04988755e+00
82.89152044 29.01339295 -28.08679799 1.14866959e+01
82.85304333 28.83689956 -24.63555238 1.91617771e+00
82.77033681 28.82154076 -22.55661609 1.28939167e+00
83.10026029 28.88138435 -27.37711210 1.31039235e+01
83.07139652 29.00069705 -28.82121030 2.04218941e+01
83.01801334 28.86684177 -26.78867219 7.59106061e+00
83.00928595 28.98081334 -28.25570720 1.48027679e+01
83.47913560 28.84817594 -28.64589370 1.78816371e+01
83.37062215 28.76905128 -27.11915370 1.81865699e+01
82.98260404 28.91369476 -27.23279393 8.68577889e+00
82.90020869 28.89888855 -26.61410789 5.18966673e+00
82.66450145 28.96301069 -26.13487526 5.04693870e+00
82.65598835 29.07885526 -27.67168075 1.28806175e+01
82.19479986 29.09715088 -21.93639922 6.65533377e+00
82.15777122 29.34338121 -28.04250830 2.45323355e+01
82.30377432 29.18073250 -26.69943042 2.64029778e+01
82.40461351 29.38177413 -30.31688988 2.93359811e+01
82.23999940 29.35591846 -28.93882233 2.70595631e+01
82.36489323 29.20101810 -27.45934473 3.01650877e+01
82.50880917 29.23509547 -28.93414762 3.42734726e+01
82.35678128 29.31928155 -29.21476946 3.29346219e+01
82.39140060 29.27010137 -28.68703150 3.59284905e+01
82.48228368 29.16641593 -27.78775431 2.31041751e+01
82.24786266 29.23664364 -27.10996335 3.32917510e+01
82.13131545 29.27356238 -26.67087052 2.85575092e+01
82.83562697 29.06633953 -28.50260133 1.37689072e+01
82.77373205 29.04601109 -27.89044850 1.09713285e+01
82.94472763 29.14788303 -30.05674286 2.62397161e+01
82.95353495 29.03353127 -28.67808401 1.57165918e+01
83.09804053 29.06737091 -29.76606818 2.68157924e+01
83.18031461 29.08111339 -30.26138442 2.85664921e+01
83.29797172 29.04751358 -30.34095428 2.51472184e+01
83.30680141 28.93445951 -29.03130844 2.33208976e+01
83.54333493 29.08624487 -31.62358703 1.87308837e+01
83.41547273 29.01359708 -30.40631167 2.12176690e+01
83.80221300 28.86172438 -30.13478053 1.20566643e+01
83.46171295 29.07361283 -31.21571995 2.05840959e+01
83.77521655 28.79679209 -29.23352781 1.12616157e+01
83.88331710 28.87330544 -30.54421248 1.18038036e+01
83.68540461 28.89719270 -30.10797536 1.47092314e+01
83.76672779 28.90917910 -30.52647666 1.26601567e+01
83.99963894 28.83686585 -30.55107375 1.15069192e+01
83.89345386 28.97994688 -31.69625941 1.24061342e+01
84.23144828 28.76225403 -30.53649921 1.20072955e+01
84.40691316 28.55697628 -28.60598156 1.33119240e+01
84.27656842 28.82082211 -31.30953964 1.23609421e+01
84.38210928 28.67565983 -30.09663652 1.28857954e+01
84.97886321 28.35935997 -28.14630343 2.86415443e+01
84.61227498 28.59768724 -30.00694515 1.50365732e+01
84.23925869 28.64964334 -29.20548496 1.17879303e+01
84.95024291 28.29461936 -27.01310994 2.47356238e+01
84.58436549 28.53335368 -29.04689785 1.53622614e+01
84.49729508 28.63686059 -30.05710766 1.37755536e+01
84.46957054 28.57257343 -29.11451380 1.38682974e+01
84.26667958 28.71399134 -30.12651609 1.21104644e+01
84.12368896 28.68735371 -29.23174707 1.11249345e+01
84.41425381 28.44408647 -26.98759172 1.32339002e+01
84.06118981 28.67082411 -28.72645911 1.04962180e+01
83.82922377 28.74363506 -28.74107698 1.03233603e+01
84.00782735 28.72446207 -29.24462346 1.07456391e+01
83.91875365 28.82568047 -30.14966183 1.13802869e+01
83.45103977 28.96650099 -30.01543436 2.01955833e+01
83.59609566 28.81391537 -28.69434762 1.46720444e+01
83.80218148 28.67870296 -27.73856489 9.40208556e+00
83.45228985 28.78245605 -27.65302427 1.71685079e+01
83.54148786 28.86668364 -29.16519946 1.72216181e+01
83.60462073 28.70142362 -27.21488594 1.26943533e+01
83.91823048 28.64282225 -27.72967735 9.49441243e+00
83.83750604 28.63126953 -27.23389245 9.62156796e+00
83.68583064 28.71391646 -27.72597114 1.06928862e+01
83.79196506 28.57205374 -26.22747623 9.98806250e+00
83.59417118 28.59460783 -25.72407675 1.12790696e+01
83.56919209 28.74848440 -27.70051099 1.42598410e+01
83.44161990 28.67539059 -26.17651138 1.44363177e+01
83.48774876 28.73552886 -27.17849341 1.55288356e+01
84.26450931 28.53118601 -27.61453095 1.13572125e+01
83.94341601 28.48855144 -25.67820198 8.91113056e+00
84.71239768 28.26669568 -25.39204105 2.08069374e+01
84.03396968 28.60627002 -27.70508483 9.50897698e+00
84.75699539 28.32522305 -26.66369579 2.29879181e+01
84.82633034 28.22637363 -25.20107323 1.72043801e+01
84.28964724 28.37590894 -25.41994338 1.05756747e+01
84.13945469 28.46233227 -26.10482866 8.90920076e+00
84.35454496 28.61136220 -29.16134626 1.27562471e+01
84.49387389 28.45373086 -27.47288637 1.47912071e+01
84.29952127 28.48279537 -27.06009915 1.13650718e+01
84.29195649 28.59549751 -28.65787793 1.20906012e+01
84.64294430 28.36518874 -26.78900710 1.86915936e+01
84.63609958 28.47855607 -28.46073257 1.67901187e+01
84.14939334 28.56904678 -27.67118356 1.01793091e+01
84.06914986 28.55837792 -27.17987705 9.21411753e+00
85.09318692 28.31998132 -28.02738315 2.52396619e+01
85.06426778 28.25493503 -26.87857913 1.48543048e+01
84.83628882 28.33456090 -27.14368201 2.54450083e+01
84.81346492 28.45409678 -28.87741718 2.08182597e+01
85.40837278 28.14123411 -26.48273580 4.48735554e-02
85.21324391 28.16645325 -26.09139007 2.59841470e-01
84.72229742 28.37451673 -27.26914736 2.09347524e+01
84.75041971 28.43887360 -28.36743152 1.97621544e+01
85.17850880 28.21584194 -26.73587192 3.69716393e+00
85.31767202 28.01855711 -23.55142995 2.29615546e-03
84.87094158 28.28512061 -26.52543756 2.42263847e+01
84.86096058 28.17680292 -24.32092854 9.04391690e+00
85.08876303 28.09621956 -23.90921071 3.46062448e-02
84.94020646 28.18602356 -25.01956829 8.23361102e+00
85.55982817 28.05908804 -25.74771717 3.08421116e-02
85.54938433 27.94822325 -23.34386917 4.04073767e-03
85.98872639 27.89261664 -24.42012653 1.29544319e+00
85.78540636 27.89087311 -23.38263482 2.32224018e-02
86.22130095 28.08711414 -28.56804134 2.53285314e+01
85.87877754 28.02348791 -26.36714220 1.05633144e+00
85.85871844 28.14049016 -28.21163727 2.49052315e+00
85.64145416 28.07543848 -26.33128933 1.24457607e-01
85.73944943 28.16564022 -28.18111076 1.61358311e+00
85.52441807 28.10690033 -26.38843277 5.72244783e-02
85.91043512 28.09308210 -27.62179003 2.24546299e+00
86.03571790 27.96076050 -25.89665217 3.85212140e+00
85.79089814 28.11638355 -27.56736826 1.30021836e+00
85.91530954 27.97937081 -25.77725070 1.01602578e+00
85.55490009 28.17419769 -27.60612461 4.32120589e-01
85.77073129 28.23452777 -29.34501005 3.20981248e+00
85.43842364 28.20781645 -27.68338831 5.83046521e-01
85.73454758 28.28053334 -29.88158431 4.03052746e+00
85.32277970 28.24372378 -27.78458958 2.32868162e+00
85.38247639 28.37644751 -29.99163467 2.05129433e+01
85.50400329 28.22654131 -28.25414374 1.30062440e+00
85.15138826 28.45068192 -30.13344877 3.03895473e+01
85.38769782 28.26120761 -28.33772327 3.01108964e+00
85.20776962 28.28129764 -27.90257411 1.27057177e+01
85.07133460 28.44002956 -29.70921305 2.85654971e+01
85.27213157 28.29786765 -28.44073804 1.25125876e+01
84.92790917 28.41437810 -28.77406827 2.58360889e+01
84.84182041 28.51869469 -29.87345366 1.94743791e+01
85.03642128 28.48933596 -30.20645828 2.53749050e+01
85.15709458 28.33591446 -28.55411639 2.57260269e+01
84.92163230 28.52850204 -30.27548040 2.10371862e+01
84.72709531 28.55824940 -29.94536766 1.68409866e+01
84.96657659 28.58778321 -31.09171061 2.01070152e+01
85.30177071 28.36392180 -29.53251366 2.34775517e+01
85.08146948 28.54904251 -31.03719302 2.37547820e+01
85.53447542 28.29391017 -29.39057805 3.69104223e+00
85.27698286 28.52269307 -31.33307117 3.17664326e+01
85.61627199 28.30969098 -29.89629672 4.57312908e+00
85.67236585 28.14352141 -27.56394722 7.14408152e-01
85.65210509 28.26260073 -29.35180470 3.21708975e+00
85.90064673 28.32113096 -30.84030934 1.09214510e+01
85.89033851 28.21005684 -29.37788005 4.52390213e+00
86.02099210 28.30014208 -30.88935573 2.35899422e+01
85.97397033 28.23277861 -29.94698533 9.95089785e+00
86.70480789 28.15823028 -30.66570715 1.71955168e+01
86.62011434 28.12753894 -30.16631302 1.75220318e+01
86.14200478 28.28248213 -30.95928060 3.26348784e+01
86.13197830 28.17203926 -29.55444560 2.97806769e+01
86.49779754 28.13603956 -30.00205037 1.83644222e+01
86.25363046 28.15777279 -29.68801173 2.32859860e+01
86.58731546 28.05727622 -29.14146548 1.74326579e+01
86.46025056 28.17542556 -30.38814982 1.87706779e+01
86.46514540 28.06552480 -28.94679140 1.82655084e+01
86.37560927 28.14595335 -29.84067644 1.98218453e+01
86.09984108 28.10154874 -28.41134679 2.24701464e+01
86.09487921 28.21427669 -30.02661588 2.98207674e+01
86.15186345 28.05776816 -27.86683974 2.59844725e+01
85.97890722 28.11916699 -28.29093686 4.85853946e+00
86.70956524 28.05010472 -29.33871055 1.69340849e+01
86.82718582 28.15095033 -30.79953889 1.67965863e+01
87.00541316 27.99977288 -29.19732145 1.62543827e+01
86.86494069 28.11317391 -30.46224586 1.66809298e+01
87.44335245 28.01326715 -30.11746773 1.66275229e+01
87.35472330 28.08746763 -30.86240324 1.64430253e+01
86.88327703 28.00548164 -29.03439924 1.64388987e+01
86.74250686 28.12003174 -30.32690873 1.70201927e+01
87.37176270 27.98231447 -29.61212769 1.63446747e+01
87.10985008 28.10037363 -30.67762457 1.63318659e+01
87.11871928 28.20543884 -31.78540103 1.64719856e+01
86.98739419 28.10670219 -30.57323930 1.64477688e+01
87.23229663 28.09401310 -30.77423938 1.63187826e+01
87.19441357 28.13102845 -31.11061148 1.63448612e+01
87.72180974 28.06581810 -31.07221071 1.31807186e+01
87.48561779 28.18402361 -32.03000049 1.68797587e+01
87.80991642 27.99154609 -30.34674535 1.40409192e+01
87.56151045 28.11023834 -31.35098817 1.71855509e+01
87.80606654 28.09463969 -31.46636163 1.39704907e+01
87.60786118 28.17637567 -32.09491382 1.73874223e+01
87.84409282 28.05781412 -31.12336995 1.41233782e+01
87.69209538 28.20531432 -32.49363513 1.79603098e+01
88.41695511 28.05171354 -31.60334818 6.64823797e+00
88.09647799 28.14266329 -32.27005929 1.76533652e+01
88.42019170 27.94939408 -30.50531437 3.19078830e+00
88.57735264 28.00704923 -31.25179421 2.55049809e+00
88.66135666 28.03587753 -31.60836483 3.97683191e+00
88.94424352 27.98653050 -31.23789131 2.90527967e+00
88.66432497 27.93359692 -30.50725996 3.20592495e+00
88.69961080 27.99956549 -31.24998549 3.36481650e+00
88.34723900 27.92039240 -30.11373923 3.82966426e+00
88.33293145 28.02350739 -31.23960121 8.75928867e+00
88.59095500 27.90411533 -30.12323633 2.73093249e+00
88.53913915 28.04353782 -31.60845210 3.00512061e+00
88.29815948 27.95786527 -30.49345348 6.53192996e+00
88.21074383 28.03216604 -31.22306519 1.84263917e+01
88.22540118 27.92893048 -30.09505416 7.72252739e+00
88.08855090 28.04087603 -31.19847640 2.11480132e+01
87.96633787 28.04947215 -31.16535927 1.59480155e+01
88.05047364 28.07771666 -31.54581932 1.84173736e+01
87.56558164 28.00646971 -30.20639098 1.72668782e+01
87.47712201 28.08063145 -30.94166051 1.67737204e+01
87.68380857 28.10263154 -31.41319835 1.56114626e+01
87.68777044 27.99922913 -30.28247648 1.30662165e+01
87.09412704 27.92530195 -28.27664553 1.60365145e+01
87.07648927 28.03169342 -29.78360396 1.62368453e+01
87.74158765 27.85854726 -28.46318001 1.39389356e+01
87.61585746 27.96908677 -29.81828573 1.44266157e+01
87.86341740 27.85108533 -28.54116714 1.75763622e+01
87.73784350 27.96178649 -29.90000280 1.35346948e+01
87.94731376 27.87986430 -29.09925734 1.95560638e+01
87.85978632 27.95404301 -29.96801156 1.49829714e+01
88.06903821 27.87165874 -29.14867509 1.22138854e+01
87.98168835 27.94591447 -30.02297668 1.94335168e+01
88.10695209 27.83494384 -28.64457498 6.73975599e+00
88.17613053 27.96648337 -30.47248897 1.48039076e+01
88.83741507 27.78762272 -28.63104002 2.59979533e+00
88.67752600 27.83075246 -29.19757609 2.78079947e+00
88.79929015 27.82374645 -29.18172486 2.64594327e+00
88.71561021 27.79444853 -28.65511495 2.70846184e+00
88.55579757 27.83833709 -29.20810386 1.95328725e+00
88.47210426 27.80979615 -28.68279999 1.77317156e+00
88.31241540 27.85474635 -29.20378927 2.90788202e+00
88.46441764 27.70821835 -27.09803056 1.70960168e+00
88.19073402 27.86322999 -29.18360319 5.02406143e+00
88.10355589 27.93749399 -30.06513811 1.75628880e+01
87.73327961 27.75608499 -26.91210347 1.56836556e+01
87.70374375 27.89512139 -28.95113445 1.33438032e+01
87.45142681 27.80504374 -27.16023352 1.67981149e+01
87.33806792 27.91440903 -28.60085874 1.61882768e+01
87.32937813 27.81049836 -27.01081784 1.60697735e+01
87.25384402 27.88340700 -27.96668084 1.59892546e+01
87.08520005 27.82022678 -26.64571859 1.59163914e+01
87.00979903 27.89360855 -27.60671030 1.60817171e+01
87.00078622 27.78810246 -25.96089056 1.57014642e+01
86.88776322 27.89861874 -27.40370295 1.62519163e+01
86.87863121 27.79243546 -25.73230800 1.59316012e+01
86.76573403 27.90385535 -27.18439639 1.64667472e+01
87.13182925 27.88859831 -27.79319561 1.59709807e+01
86.95417176 28.03758021 -29.65086875 1.63775959e+01
87.21610814 27.91998817 -28.44674681 1.60220478e+01
87.12754616 27.99411742 -29.34840280 1.61436925e+01
86.97213402 27.93050764 -28.09218506 1.61614000e+01
86.83185802 28.04363092 -29.50941156 1.66073327e+01
86.85013939 27.93578961 -27.89236984 1.63519717e+01
86.76115269 28.01148443 -28.85850641 1.67060466e+01
86.58248285 28.16626766 -30.52709858 1.77866867e+01
86.63905845 28.01804465 -28.65266142 1.70932913e+01
86.48432069 27.95483212 -27.22510186 1.75685314e+01
86.34311121 28.07529372 -28.75097289 1.99214600e+01
86.64372875 27.90960664 -26.95038328 1.67514277e+01
86.51702284 28.02549428 -28.44699207 1.77181470e+01
86.11968039 27.98718190 -26.61118346 1.63966494e+01
86.03082656 28.07365643 -27.72456455 7.46575353e+00
86.36254461 27.96345905 -27.00530581 1.89657102e+01
86.27333540 28.04482399 -28.04503738 2.22580420e+01
86.23111184 27.86414479 -24.84995785 2.49685526e+01
86.15675028 27.94574525 -26.06204751 1.98499465e+01
86.75648057 27.79696521 -25.45927417 1.59839525e+01
86.52177184 27.91619523 -26.71423378 1.71399734e+01
86.59678826 27.83977348 -25.66224774 1.61167901e+01
86.51226197 27.80785512 -24.82745602 1.63328995e+01
86.10967985 27.87674375 -24.60987858 8.78262754e+00
85.63596539 27.84950788 -21.47265698 2.82714000e-03
86.28800081 27.71206572 -22.01007621 2.11544718e+01
86.02561929 27.85003635 -23.68248889 1.28648956e+00
86.16662102 27.72225380 -21.66321969 5.10194590e+00
85.80560328 27.77371558 -20.81675316 9.34508692e-03
86.35775523 27.74394331 -22.98818346 1.83192302e+01
86.39025731 27.81501689 -24.51540803 1.75780437e+01
86.11465757 27.76463251 -22.31475021 3.56803444e+00
86.13442924 27.65130902 -18.88175629 5.78975457e-01
86.53599867 27.58943181 -20.03212527 1.72070134e+01
86.40959933 27.70425645 -22.37595396 1.72754921e+01
85.92518199 27.75246063 -21.06874702 2.15870135e-02
86.01364893 27.66500211 -18.56009425 2.21772613e-02
86.86359807 27.61541170 -22.25142941 1.62841854e+01
86.53131952 27.69818827 -22.74836887 1.62127431e+01
87.35025153 27.60137765 -23.43786107 1.58401282e+01
87.01857290 27.68183345 -24.08725397 1.55499330e+01
87.50571083 27.66441592 -25.03211411 1.31216799e+01
87.26219232 27.67401699 -24.61558093 1.54197775e+01
87.33351788 27.70614772 -25.35677653 1.61950658e+01
87.12293458 27.78372975 -26.17112281 1.59221787e+01
86.77491827 27.68918183 -23.47451063 1.60061470e+01
86.71886650 27.83427517 -25.94289982 1.63830594e+01
87.21154713 27.71064995 -25.14798374 1.53375970e+01
87.14039117 27.67808155 -24.36364694 1.52099492e+01
86.60154580 27.73132993 -23.71133653 1.60159352e+01
86.63434988 27.80199177 -25.14588853 1.61446724e+01
87.57343844 27.79907511 -27.29043187 1.29351901e+01
87.61971242 27.86551066 -28.36740601 1.27184492e+01
87.87067157 27.64540589 -25.43869698 5.40788826e+00
87.61128841 27.76268331 -26.80898883 1.28828015e+01
88.06103456 27.76986081 -27.59813263 4.55594064e+00
87.93920255 27.77787050 -27.55167639 1.23342718e+01
88.09897470 27.73319711 -27.09170394 2.56703730e+00
88.06450403 27.66732061 -26.04931115 1.83619954e+00
88.22079933 27.72488100 -27.11161083 1.73108271e+00
88.18618212 27.65913944 -26.06902374 1.37720777e+00
88.30461269 27.75315475 -27.63718408 1.92256268e+00
88.18283331 27.76156513 -27.62659565 2.11373005e+00
88.34260812 27.71649050 -27.11295154 1.78017666e+00
88.23521848 27.62172771 -25.54937406 1.28158256e+00
88.47814273 27.60519713 -25.49933770 1.60728075e+00
88.30783752 27.65080145 -26.06772861 1.51629590e+00
88.70809837 27.69275526 -27.04091315 2.59210830e+00
89.05001934 27.50442434 -23.83513036 2.55114868e+00
88.35668074 27.61340968 -25.53594279 1.54452707e+00
88.42948658 27.64249900 -26.04785234 1.69510931e+00
87.99222703 27.63789722 -25.50725747 2.05933520e+00
88.07921295 27.56404718 -24.23818893 9.50044991e-01
87.94278960 27.67517160 -26.00419956 3.94942724e+00
87.95783995 27.57176467 -24.19981910 1.27416061e+00
87.69921974 27.68936443 -25.82683868 1.69915291e+01
87.62741241 27.65871355 -25.19978806 1.54497849e+01
87.57736165 27.69556889 -25.69603315 1.44803361e+01
87.63112077 27.55536963 -23.14477055 1.19820293e+01
87.45545866 27.70114747 -25.53798485 1.49041979e+01
87.47185806 27.59676926 -23.65770508 1.58936926e+01
87.82102922 27.68254774 -25.92916985 1.16826922e+01
87.83641925 27.57897172 -24.12037970 2.79616400e+00
87.59342586 27.59151418 -23.84836486 1.62240918e+01
87.58492529 27.48867141 -21.57504080 6.64860978e+00
87.99559744 27.53528077 -23.43844593 8.38969844e-01
88.23043182 27.41774268 -21.08005953 6.51790274e-01
88.47330134 27.40133518 -20.97850956 1.42059157e+00
88.35969096 27.51110016 -23.42187073 1.25354511e+00
88.59474261 27.39337309 -20.91332479 1.88554634e+00
88.48102734 27.50291921 -23.36704804 1.57429722e+00
88.72375333 27.48753868 -23.22653926 2.49592626e+00
88.96424159 27.57667403 -25.24914866 2.45160071e+00
88.59962048 27.59728213 -25.44386430 2.68674094e+00
88.67283011 27.62676998 -25.95998726 2.52784135e+00
88.67824335 27.42218367 -21.66330666 2.76498705e+00
88.60237714 27.49500847 -23.29957470 2.45574269e+00
88.60790308 27.29036514 -16.10991590 1.11079333e+00
88.19260216 27.45433567 -21.88064831 7.13418827e-01
88.11699213 27.52747798 -23.45976728 7.83983917e-01
88.20054811 27.55597350 -24.24354444 1.01633195e+00
87.37919627 27.46179407 -20.09227646 1.66381829e+01
87.22861445 27.60541545 -23.18578458 1.52190615e+01
87.39573904 27.35752272 -15.76250322 1.96330701e+00
87.25741802 27.46531845 -19.50061911 1.59507443e+01
87.22387810 27.39657905 -16.72504447 1.75309798e+01
87.13561679 27.46826894 -18.81253364 1.70464138e+01
87.21977227 27.50112346 -20.45640043 1.56750695e+01
87.14454038 27.57295012 -22.25577771 1.56070548e+01
86.61552548 27.40701848 -13.38472688 2.08539809e+01
86.85442630 27.50921969 -18.84684805 1.80591217e+01
87.01380022 27.47079148 -18.04252420 1.82744783e+01
86.65768610 27.58539018 -20.80364454 1.68891116e+01
87.09800158 27.50410649 -19.95379317 1.67222233e+01
86.90111581 27.57904526 -21.62050797 1.65662039e+01
86.97621746 27.50674086 -19.39509071 1.74432324e+01
86.77939671 27.58203864 -21.26649584 1.68069155e+01
87.02283284 27.57609310 -21.95181923 1.61343958e+01
86.72353071 27.72666386 -24.06784818 1.59163796e+01
87.08955427 27.71476696 -24.91377579 1.52667354e+01
87.10695461 27.60898734 -22.90123726 1.54967492e+01
86.96754790 27.71866791 -24.65977296 1.55612605e+01
86.98528011 27.61225793 -22.58770709 1.59373270e+01
86.74191787 27.61872759 -21.89458382 1.64417073e+01
86.65310363 27.69331606 -23.11692184 1.60714966e+01
85.99370294 27.77961973 -22.02593795 2.63748110e-01
86.05051547 27.62319586 -16.75503811 1.65904448e-02
86.23606643 27.75296201 -22.64279088 2.02541346e+01
86.29283374 27.60154392 -18.11911194 5.32936829e+00
86.49861637 27.62710963 -20.75343443 1.67933675e+01
86.48910175 27.51876834 -17.18280127 2.14193807e+01
86.62025080 27.62250086 -21.43264501 1.64798694e+01
86.61085522 27.51488224 -17.97589053 1.86842307e+01
86.37705063 27.63304094 -20.07974583 2.06091267e+01
86.36740896 27.52399858 -16.19269809 6.44225321e+00
85.93009372 27.63935141 -16.47289606 5.00345565e-03
86.18134508 27.38848704 -11.06870563 4.04539937e-03
86.25561874 27.64088616 -19.43721281 6.44845863e+00
86.28310329 27.49206002 -14.34656482 1.68177048e+00
85.89352303 27.68268420 -18.29395383 8.92596286e-03
85.91993087 27.52842628 -12.91067774 0.00000000e+00
85.77430980 27.70477260 -18.04924725 1.45505412e-03
85.76398482 27.59364806 -13.49851562 0.00000000e+00
85.41320887 27.68534293 -13.44266061 0.00000000e+00
85.45859175 27.74730826 -15.94492437 0.00000000e+00
85.30358114 27.60693039 -11.14057336 0.00000000e+00
85.41812514 27.56983904 -11.04113872 0.00000000e+00
85.19486072 27.87110158 -17.91252123 0.00000000e+00
85.42360779 27.79587214 -17.68188434 0.00000000e+00
85.11575601 27.86108799 -16.25999940 0.00000000e+00
85.07121512 27.80172903 -13.75779898 0.00000000e+00
84.74190351 28.03330929 -18.49877189 6.52991998e-03
84.84507794 27.88406812 -13.99564264 0.00000000e+00
84.77631817 27.98365623 -16.65586964 0.00000000e+00
84.59831774 28.30678731 -25.57487035 1.83218196e+01
84.85505322 27.99241253 -18.37819357 0.00000000e+00
84.65647139 28.13814060 -21.59481951 4.44921745e+00
84.96816114 27.95152032 -18.25040519 0.00000000e+00
84.76996727 28.09755923 -21.40825852 1.31766177e+00
85.00250880 27.90162492 -16.41441234 0.00000000e+00
84.88334563 28.05681556 -21.24015672 5.39183891e-02
85.30885885 27.83252625 -17.76819376 0.00000000e+00
85.22405022 27.93643778 -20.68019963 0.00000000e+00
85.33319413 27.67302364 -12.70106725 0.00000000e+00
85.34355352 27.78328692 -16.00645257 0.00000000e+00
85.65621814 27.73128926 -17.81688117 0.00000000e+00
85.45358544 27.86232855 -20.41718412 0.00000000e+00
85.53933829 27.76187599 -17.68428756 0.00000000e+00
85.43306344 27.98213002 -23.41163304 3.07021979e-03
85.74920262 27.93636570 -24.21763837 3.43669919e-02
85.56975502 27.82906739 -20.43885115 1.99344314e-03
85.87345065 27.79860614 -21.80385560 2.02091245e-02
85.66681226 27.91759469 -23.33868821 1.26562202e-02
85.75414388 27.82192268 -21.60728225 1.02368339e-02
85.68708555 27.79933218 -20.57625456 2.23465040e-03
85.51897756 27.88096023 -21.43478774 2.30984682e-03
85.28282295 28.06780747 -24.50182768 2.69882814e-03
85.40308644 27.91558223 -21.48827260 0.00000000e+00
85.33842238 27.89836109 -20.51471400 0.00000000e+00
85.79575892 28.00201488 -25.71182935 2.52858159e-01
85.86849356 27.91240548 -24.28693430 1.90684975e-01
85.32802031 28.12866648 -25.95442498 8.12527988e-03
85.39797505 28.03083966 -24.35709085 3.67240295e-03
85.09892270 28.20540853 -26.23861017 5.67022603e+00
85.20298518 28.05679878 -23.72198086 0.00000000e+00
85.05413920 28.14589739 -24.83931460 1.38215914e+00
84.26226186 28.31165779 -23.52749768 9.78949594e+00
85.17378820 27.99135987 -21.81936921 0.00000000e+00
84.99671468 28.01614740 -21.07326965 0.00000000e+00
85.11021882 27.97587481 -20.88117029 0.00000000e+00
84.94625449 28.07163279 -22.22566402 6.62873108e-02
84.83266652 28.11231296 -22.42731942 1.84975889e+00
83.82732727 28.52463768 -25.71349108 8.94118763e+00
84.71901899 28.15295852 -22.64845736 6.52919716e+00
83.96972132 28.37050759 -22.33998940 6.85775207e+00
85.05990512 28.03118762 -22.02896821 0.00000000e+00
85.08136826 27.91094301 -18.08947888 0.00000000e+00
84.49118691 28.23334941 -23.11278954 1.50982312e+01
84.62860639 28.07397891 -18.62669065 7.16209232e-02
84.40440330 28.33701150 -25.22434189 1.27695700e+01
84.54277397 28.17837224 -21.77811999 9.05110191e+00
84.48402595 28.34650100 -25.74280403 1.48086082e+01
84.60521596 28.19335728 -22.88533992 1.24485621e+01
84.17457289 28.41416236 -25.55522413 9.05715404e+00
84.32193955 28.14445371 -17.15609173 5.29918057e-01
84.36947182 28.38571643 -25.89194691 1.21672797e+01
84.42881685 28.21811930 -21.95007654 1.23225390e+01
84.51886505 28.29753745 -25.01152395 1.56874543e+01
84.52871439 28.40485038 -26.89570369 1.55720114e+01
84.18449233 28.52091015 -27.13164224 1.00222808e+01
84.25462269 28.42434952 -26.02760591 1.03094184e+01
83.62170497 28.47677164 -22.11283000 8.17883083e+00
83.67548240 28.60718456 -26.23148391 1.10078235e+01
84.05916405 28.45171918 -25.62725718 8.06036381e+00
84.14730739 28.34981605 -23.65731627 8.18475407e+00
83.47713492 28.62853696 -25.69757703 1.28243716e+01
83.55869264 28.64161436 -26.21393400 1.23975647e+01
84.02395842 28.49962812 -26.16276426 8.24369114e+00
84.08501944 28.33351053 -22.30608403 7.11305698e+00
83.90812637 28.53620222 -26.20210462 8.32091229e+00
83.91634891 28.42390632 -23.75626390 7.78803566e+00
83.86222266 28.29443124 -17.14824985 1.31681135e+00
83.73805454 28.44213508 -22.25196570 7.76955179e+00
84.03200375 28.38724002 -23.72642040 7.15155029e+00
84.05782536 28.26905529 -19.08001942 4.59980658e+00
83.38805803 28.54381153 -21.54791002 2.60441373e+00
83.63013979 28.36447987 -16.86271142 1.34427544e+00
83.47817819 28.44499898 -18.38301796 1.35039850e+00
83.50301629 28.29138407 -12.98924558 3.02804211e-01
83.50503082 28.51064727 -21.87452269 5.48371258e+00
83.56731766 28.52926542 -23.61923569 9.85196791e+00
84.19996260 28.29575576 -22.23725236 8.89259937e+00
84.54966764 28.06506341 -16.91149155 2.84064251e-02
84.31455526 28.25727164 -22.10550814 1.11600041e+01
84.37688110 28.27281417 -23.33034882 1.29179427e+01
84.51508260 28.11424378 -18.77240048 6.28872927e-01
84.08286919 28.11436732 -13.54442899 3.43791873e-02
84.65322178 27.91681484 -13.36335292 0.00000000e+00
84.43596298 28.10507026 -17.05096137 1.84422306e-01
84.42612153 27.99790985 -13.50531272 0.00000000e+00
84.50523888 28.00691395 -14.29547537 0.00000000e+00
84.39143084 28.04688573 -14.39988978 0.00000000e+00
84.45014905 27.87879351 -11.02993801 0.00000000e+00
84.17266819 28.23144194 -19.04729903 4.28744454e+00
84.31208094 28.03750384 -13.54855470 0.00000000e+00
84.09282768 28.22104322 -17.24129833 1.29911256e+00
84.28473900 27.97336433 -11.83359152 0.00000000e+00
83.94261572 28.30587781 -19.06633370 4.51107646e+00
83.93254640 28.19927350 -14.40508397 6.18869719e-01
83.82703256 28.34187128 -18.98411051 3.49896372e+00
83.81685669 28.23526281 -14.30421173 5.78279048e-01
83.58435510 28.30464472 -14.00436706 3.63408008e-01
83.51357007 28.39825968 -16.67909147 1.02005624e+00
83.76292361 28.10540932 -10.67148830 0.00000000e+00
83.61974257 28.25775138 -13.13074223 2.04238237e-01
83.38595499 28.32419338 -12.82496190 5.41669008e-01
83.46757129 28.33806075 -13.86249090 4.69229768e-01
84.10836826 27.99604815 -10.92510389 0.00000000e+00
84.16275280 28.12469482 -14.48615285 1.14900383e-01
83.96767372 28.15153860 -13.48877633 1.27064056e-01
84.04784297 28.16240414 -14.47167136 2.88766439e-01
83.64697151 28.14001204 -10.56373736 3.79205258e-03
84.11600988 27.88350321 -8.90828882 0.00000000e+00
83.59286120 28.19241330 -11.34933543 5.94412844e-02
83.88649109 27.95758907 -8.77708379 0.00000000e+00
83.87848363 28.06988684 -10.76174061 0.00000000e+00
84.19543213 27.89357277 -9.54143890 0.00000000e+00
83.41393023 28.20644671 -10.31458180 1.76187710e-01
83.53905042 28.06140147 -8.49004302 8.16439258e-04
84.51220595 27.89358990 -11.82808310 0.00000000e+00
84.75094417 27.58329008 -7.45488545 0.00000000e+00
84.73840047 27.81137852 -11.71638594 0.00000000e+00
84.87313363 27.64945705 -9.34868060 0.00000000e+00
84.67620895 27.79706527 -10.96341601 0.00000000e+00
84.79498124 27.64134508 -8.75207122 0.00000000e+00
84.53982030 27.95764318 -13.43159764 0.00000000e+00
84.56333152 27.83821586 -11.01241074 0.00000000e+00
84.61874095 27.96635684 -14.19176504 0.00000000e+00
84.62543497 27.85272358 -11.78751317 0.00000000e+00
84.90135805 27.71374078 -10.78663648 0.00000000e+00
84.76639038 27.87557359 -13.27665767 0.00000000e+00
84.19766902 28.07634229 -13.55977506 1.36731727e-02
84.27727675 28.08616966 -14.46175014 2.30763046e-02
84.96391373 27.72807253 -11.50959702 0.00000000e+00
84.87941669 27.83411946 -13.17077233 0.00000000e+00
85.10557176 27.75172214 -12.92931842 0.00000000e+00
85.35353227 27.55243318 -10.30153463 0.00000000e+00
85.21907954 27.71162278 -12.80863804 0.00000000e+00
85.29852211 27.72240399 -13.52789925 0.00000000e+00
85.68161555 27.57382683 -12.61814834 0.00000000e+00
86.00357762 27.55429231 -13.91318269 2.83503232e-03
86.00855356 27.44174326 -11.44116448 0.00000000e+00
86.12450582 27.54104797 -14.42661012 1.83518464e-02
85.80022003 27.54877759 -12.72335186 0.00000000e+00
85.88331241 27.57167937 -13.66533497 0.00000000e+00
86.49387409 27.41005463 -12.95305581 5.39204141e+00
86.04049606 27.51261995 -13.17804690 2.93100904e-03
85.93995055 27.41316702 -10.46998877 0.00000000e+00
85.78890196 27.36251339 -8.62305998 0.00000000e+00
86.54999310 27.26444190 -9.76576509 1.83896720e+00
86.14914716 27.31711210 -9.30421506 0.00000000e+00
85.88825447 27.45817379 -11.20436625 0.00000000e+00
86.06530210 27.28714749 -8.25011933 0.00000000e+00
85.70167978 27.45563767 -10.18623429 0.00000000e+00
85.82516684 27.31840617 -7.84049850 0.00000000e+00
85.55382251 27.41641263 -8.58832161 0.00000000e+00
85.47317984 27.40132998 -7.86285175 0.00000000e+00
85.21050747 27.52543803 -8.93730496 0.00000000e+00
85.18987917 27.64613454 -11.26132065 0.00000000e+00
85.13186884 27.51583359 -8.31470014 0.00000000e+00
85.07673936 27.68671096 -11.38789230 0.00000000e+00
84.98536745 27.60753692 -9.22341649 0.00000000e+00
85.01386755 27.67207993 -10.67313052 0.00000000e+00
84.64841755 27.73304883 -9.53059691 0.00000000e+00
84.76086159 27.69138958 -9.45462567 0.00000000e+00
85.09774647 27.56602226 -9.08463149 0.00000000e+00
85.43270030 27.22363295 -4.47463383 0.00000000e+00
85.24478375 27.47553936 -8.15100289 0.00000000e+00
85.34809116 27.32668192 -5.72719501 0.00000000e+00
85.35845966 27.43709534 -7.99447580 0.00000000e+00
85.42788049 27.33914577 -6.37887525 0.00000000e+00
85.70652553 27.34132199 -7.76720230 0.00000000e+00
85.57877988 27.25811393 -5.51625345 0.00000000e+00
85.77864172 27.25141665 -6.24581541 0.00000000e+00
85.69620115 27.23020071 -5.48587908 0.00000000e+00
85.82028236 27.43197701 -10.28492253 0.00000000e+00
85.90823381 27.34286737 -8.76798357 0.00000000e+00
85.93477625 27.18966904 -5.61348969 0.00000000e+00
85.94486073 27.30048138 -8.00160171 0.00000000e+00
85.89809993 27.23195547 -6.34462160 0.00000000e+00
85.90300953 27.11866891 -4.36019853 0.00000000e+00
86.75052956 27.08432237 -6.25016944 1.30061419e+00
86.05535989 27.17673696 -5.77271631 0.00000000e+00
85.66034853 27.27599918 -6.22470448 0.00000000e+00
85.71612583 27.11231391 -3.88544973 0.00000000e+00
85.23448539 27.36554821 -5.91765288 0.00000000e+00
85.31357118 27.37615510 -6.53468994 0.00000000e+00
85.01942285 27.55725501 -8.47434076 0.00000000e+00
85.12166150 27.40629538 -6.14012994 0.00000000e+00
85.00931406 27.44817580 -6.35628266 0.00000000e+00
85.08757028 27.45663640 -6.93483354 0.00000000e+00
84.35809919 27.57959729 -5.30096230 0.00000000e+00
84.53261867 27.55323310 -5.74959728 0.00000000e+00
84.30924991 27.85458563 -9.58101802 0.00000000e+00
84.41283297 27.70760802 -7.71660663 0.00000000e+00
84.10607823 27.77679864 -7.13562223 0.00000000e+00
83.96653509 27.96885971 -9.40416746 0.00000000e+00
84.56018341 27.61718621 -6.99499863 0.00000000e+00
84.57002696 27.72471563 -8.91953552 0.00000000e+00
83.76087021 27.88657218 -6.98425002 0.00000000e+00
83.73594764 28.04035998 -9.22987599 0.00000000e+00
84.33661318 27.91867910 -11.02290379 0.00000000e+00
84.42266622 27.81477814 -9.59387615 0.00000000e+00
84.08119436 27.93167380 -9.47896571 0.00000000e+00
84.00146538 27.92102353 -8.85081863 0.00000000e+00
83.53062913 28.17367047 -10.44460437 5.77082259e-02
83.65527161 28.02777963 -8.59825236 0.00000000e+00
83.62003953 28.07466362 -9.12977807 0.00000000e+00
83.84941993 27.78631183 -5.92462440 0.00000000e+00
83.50374060 28.10801088 -9.01927124 1.16835498e-02
83.60964381 27.96796204 -7.43145990 0.00000000e+00
83.85144861 28.00508758 -9.31769733 0.00000000e+00
83.95649881 27.86225556 -7.67475110 0.00000000e+00
83.77108777 27.99317142 -8.69171222 0.00000000e+00
83.87638793 27.85100483 -7.05961053 0.00000000e+00
83.52855034 27.95461483 -6.78954101 0.00000000e+00
83.37635189 28.03340219 -7.18553860 1.26167179e-03
84.07124010 27.82500097 -7.71317921 0.00000000e+00
84.19304919 27.67406805 -5.97073925 0.00000000e+00
83.41178191 27.98710928 -6.66169314 0.00000000e+00
83.49318932 28.00117017 -7.31659842 0.00000000e+00
83.73395748 27.82163055 -5.86540105 0.00000000e+00
83.84131080 27.89850204 -7.60859439 0.00000000e+00
83.64492172 27.92111402 -6.89812562 0.00000000e+00
83.72568995 27.93374293 -7.52675431 0.00000000e+00
83.96442443 27.74992611 -5.96234767 0.00000000e+00
83.87548047 27.66840904 -4.44657665 0.00000000e+00
83.78742035 27.76887112 -5.35475929 0.00000000e+00
83.91035727 27.62078724 -4.05790215 0.00000000e+00
83.90248805 27.73308866 -5.39432406 0.00000000e+00
84.02476801 27.58377582 -4.05348558 0.00000000e+00
84.22024759 27.73821707 -7.14164109 0.00000000e+00
84.29939830 27.74762992 -7.73667241 0.00000000e+00
84.44727551 27.65833271 -7.07853453 0.00000000e+00
84.52586920 27.66679526 -7.66107391 0.00000000e+00
84.07896815 27.71250163 -5.97881396 0.00000000e+00
84.33077695 27.51560429 -4.26059937 0.00000000e+00
84.24488890 27.61944347 -5.37306969 0.00000000e+00
84.36510043 27.46644650 -3.69530475 0.00000000e+00
84.58324772 27.49737018 -5.06814408 0.00000000e+00
85.25977998 27.12930342 -2.88804631 0.00000000e+00
84.01481699 27.47729620 -1.21543218 1.47327705e-01
83.99001927 27.63177445 -4.45423193 0.00000000e+00
83.52906666 27.77167450 -4.31090032 0.00000000e+00
83.43956340 27.86977899 -5.13075839 0.00000000e+00
83.56427902 27.72513193 -3.95034919 0.00000000e+00
83.55594437 27.83721912 -5.22405254 0.00000000e+00
84.01708753 27.69623002 -5.41093004 0.00000000e+00
84.10408216 27.59407391 -4.44050458 0.00000000e+00
83.32049913 27.68206435 -1.15069033 8.26934686e-02
83.33133618 27.78908858 -3.81172396 0.00000000e+00
83.40203466 27.69700241 -2.32550050 0.00000000e+00
83.44801187 27.75764989 -3.88180538 0.00000000e+00
83.75024628 27.59741156 -2.43001680 0.00000000e+00
83.68009890 27.69147133 -4.00365286 0.00000000e+00
83.51855452 27.66496049 -2.37056392 0.00000000e+00
83.66978575 27.58497182 -1.21015700 1.58206714e-03
83.43736463 27.65085569 -1.17481017 9.43844105e-03
83.78529222 27.55025433 -1.21985980 0.00000000e+00
84.35531616 27.35950365 -1.02109825 3.84210564e-01
84.54585817 27.32600021 -1.78396290 3.44463333e-01
84.09417154 27.48745174 -2.39356576 0.00000000e+00
84.12882321 27.43911112 -1.17813358 1.80918606e-01
84.57991042 27.27607357 -0.86955612 9.86506136e-01
84.43363409 27.36776703 -1.93550504 2.98816975e-01
84.20781412 27.44857271 -2.30583314 0.00000000e+00
84.13869353 27.54568796 -4.00244857 0.00000000e+00
84.24231843 27.39982484 -1.12769956 2.12170427e-01
84.25213393 27.50655908 -3.89222602 0.00000000e+00
84.46783453 27.31821831 -0.91440678 9.02267216e-01
84.47761489 27.42542633 -3.44070556 0.00000000e+00
85.10334328 27.11089754 -1.85876083 0.00000000e+00
84.89054699 27.30570947 -3.78029078 0.00000000e+00
85.44220517 26.99277382 -1.31441445 0.00000000e+00
85.48752189 27.05544041 -2.50052559 0.00000000e+00
85.32819150 27.02955472 -1.43252348 0.00000000e+00
85.33861632 27.14014764 -3.24581025 0.00000000e+00
85.36251559 26.97986127 -0.68049186 1.20875977e+00
85.02556015 27.10286500 -0.99378507 4.19019868e-01
85.13714507 27.06015440 -0.86497576 6.08646591e-01
84.77913178 27.34864653 -3.74697799 0.00000000e+00
85.67467385 26.93198447 -1.21746269 0.00000000e+00
85.94946731 26.85160188 -0.62492858 0.00000000e+00
85.72092505 26.99813376 -2.36464974 0.00000000e+00
85.55766097 26.95993170 -1.24893900 0.00000000e+00
85.47698392 26.94416084 -0.63392259 1.32865640e+00
85.82950102 26.86634353 -0.60426408 0.00000000e+00
85.80337833 27.02076330 -2.90446573 0.00000000e+00
85.79314239 26.90958534 -1.20671037 0.00000000e+00
85.71055397 26.88672010 -0.60244629 7.85830636e-01
86.04309018 26.99185127 -3.02496746 0.00000000e+00
85.95953502 26.96237649 -2.40895349 0.00000000e+00
85.59870776 27.13904970 -3.93231486 0.00000000e+00
85.68503960 27.04329612 -2.92064382 0.00000000e+00
85.03573915 27.21222075 -3.38721927 0.00000000e+00
84.98088488 27.38367279 -5.17936100 0.00000000e+00
84.91427074 27.14628383 -1.01942264 2.20374937e-01
84.64501744 27.51140679 -5.61806931 0.00000000e+00
84.99183965 27.15371778 -2.01320771 0.00000000e+00
84.70146737 27.34113373 -3.21667316 0.00000000e+00
84.88053753 27.19705120 -2.00743811 0.00000000e+00
84.80301618 27.18986599 -0.98801547 3.82059924e-01
84.69160791 27.23322380 -0.90561384 4.60189414e-01
84.66754593 27.39131994 -3.77062778 0.00000000e+00
84.80705564 27.41264000 -4.83799450 0.00000000e+00
84.81295872 27.29821068 -3.29349025 0.00000000e+00
84.75711845 27.46904114 -5.49325931 0.00000000e+00
84.67274818 27.57539231 -6.88030323 0.00000000e+00
84.86902513 27.42635990 -5.32745575 0.00000000e+00
84.78504362 27.53311885 -6.72971343 0.00000000e+00
84.91869680 27.36986163 -4.72323977 0.00000000e+00
84.92432150 27.25511253 -3.39985248 0.00000000e+00
85.03037493 27.32725266 -4.62240810 0.00000000e+00
85.00195411 27.26284818 -3.78584857 0.00000000e+00
85.14232506 27.28531300 -4.47269634 0.00000000e+00
85.11357512 27.22053066 -3.69184899 0.00000000e+00
85.22569026 27.17937487 -3.46006705 0.00000000e+00
85.14745902 27.17006010 -3.18281319 0.00000000e+00
85.37303135 27.09078026 -2.65526318 0.00000000e+00
85.36820624 27.20613896 -4.13583038 0.00000000e+00
86.44270185 26.94089770 -3.04072215 2.91908676e-01
86.31698489 27.05171062 -4.48200316 2.61329866e-02
86.19596376 27.05614536 -4.24686944 0.00000000e+00
86.28461099 26.97955495 -3.31898803 0.00000000e+00
86.92258970 27.04941611 -5.91447541 6.82494796e-01
86.54054201 27.15657292 -7.16892263 1.45603403e+00
87.04371918 27.04956821 -6.27950815 1.43487005e-01
86.74608470 27.19094158 -8.75100711 2.17466357e+00
87.16484771 27.04921628 -6.61758940 0.00000000e+00
86.78347853 27.15529468 -8.01720845 1.55564118e+00
87.59960558 27.07577881 -8.16454951 0.00000000e+00
87.02641830 27.15464729 -8.81491911 1.00069502e+00
87.72080644 27.07133467 -8.29010174 0.00000000e+00
87.11039458 27.18905730 -9.92511029 9.34538998e-01
87.04771253 26.94456943 -4.00733062 0.00000000e+00
86.99316025 27.08464086 -6.98442926 6.86358619e-01
87.28597017 27.04817715 -6.75257212 0.00000000e+00
87.23578505 27.08343307 -7.63012858 0.00000000e+00
86.91749442 26.83829940 -1.05335976 1.04578924e-01
86.68470584 26.94166083 -3.54186519 7.41372710e-01
86.87184472 27.08454927 -6.61250462 1.13859458e+00
87.01041065 26.97942285 -4.64028564 5.14448573e-03
86.80146117 27.04898898 -5.58632610 1.18823713e+00
86.92670730 26.94383699 -3.82040891 1.04600427e-02
86.40555474 26.97734527 -3.51320020 2.22477597e-01
86.32171191 26.94227207 -2.82166370 1.71054058e-03
86.56370431 26.94088863 -3.31283149 8.61920450e-01
86.55920533 27.04859145 -5.02353743 1.29118116e+00
86.20077704 26.94574623 -2.64537620 0.00000000e+00
86.03314064 26.88138644 -1.28604270 0.00000000e+00
86.27491287 26.87018919 -1.48693774 0.00000000e+00
86.19096642 26.83586726 -0.71131120 0.00000000e+00
86.15393089 26.87414152 -1.37242532 0.00000000e+00
86.31202043 26.83303004 -0.77562654 2.25023787e-03
86.07005409 26.84175278 -0.66111412 0.00000000e+00
86.43311784 26.83237870 -0.86224791 2.35086817e-03
86.63809824 26.86984373 -2.00588850 2.38589799e-01
87.00128491 26.87430502 -2.15009652 0.00000000e+00
87.03859507 26.83970691 -1.09673676 1.80837364e-02
87.12235729 26.87510615 -2.21795705 0.00000000e+00
87.15970340 26.84049258 -1.12122029 1.02052771e-02
86.80570579 26.94276756 -3.69039420 3.66252184e-01
86.75915833 26.87137736 -2.06776579 2.16725262e-02
87.28972576 26.94415035 -4.17222467 0.00000000e+00
87.24343294 26.87517219 -2.23972759 0.00000000e+00
87.37332398 26.97777028 -5.02972329 0.00000000e+00
87.28081494 26.84047938 -1.11850730 0.00000000e+00
86.88021895 26.87297795 -2.09071712 0.00000000e+00
86.79640132 26.83651243 -1.03735736 4.24069050e-02
87.49426880 26.97550817 -5.10974144 0.00000000e+00
87.36450447 26.87436856 -2.24709031 0.00000000e+00
87.76507606 26.83017489 -0.99960311 4.37320064e-03
87.40192071 26.83951235 -1.12858301 0.00000000e+00
87.89435540 26.92673110 -3.94217434 0.00000000e+00
88.12774786 26.81156430 -1.01486400 5.16744650e-02
87.72757579 26.86572929 -2.03293895 0.00000000e+00
87.52300900 26.83750597 -1.09317593 0.00000000e+00
87.64406532 26.83439767 -1.03333584 1.96566072e-03
87.88603061 26.82490346 -1.05336756 1.80268113e-02
88.49773235 26.88911186 -4.04904324 2.36652511e-02
87.96938172 26.85472966 -2.16148285 4.14326423e-03
88.09019008 26.84786803 -2.12297929 1.77149330e-02
88.45232583 26.82412071 -2.01694572 6.21541434e-02
88.24851937 26.80385499 -0.97340363 5.99923508e-02
88.36924999 26.79574520 -0.99389777 7.56415556e-02
88.13584078 26.91314564 -4.15500977 0.00000000e+00
88.33164679 26.83233445 -1.96730140 5.88079894e-02
88.09831818 26.94951089 -5.19667658 0.00000000e+00
88.21094127 26.84033571 -1.98826763 3.44562662e-02
88.57299950 26.81594851 -2.06231962 6.29410629e-02
88.48996063 26.78750220 -1.02304795 2.24266808e-01
88.21895915 26.94190717 -5.02377451 0.00000000e+00
88.32597779 27.03690665 -8.56148879 0.00000000e+00
88.00692085 26.81864536 -1.10811529 2.93690924e-02
88.01512809 26.92031761 -4.21801366 0.00000000e+00
87.85686745 26.96268923 -4.80385761 0.00000000e+00
87.65263015 26.93675223 -4.13102918 0.00000000e+00
87.41072029 26.94268133 -4.22580922 0.00000000e+00
87.60658945 26.86969587 -2.12651176 0.00000000e+00
87.47836077 27.07924801 -7.98689273 0.00000000e+00
87.73605150 26.96796117 -4.95290408 0.00000000e+00
87.40707839 27.04631219 -6.87856165 0.00000000e+00
87.53169266 26.94023387 -4.22419845 0.00000000e+00
87.64920861 27.03976560 -7.12823878 0.00000000e+00
87.15683860 27.25833646 -11.74586436 1.21297733e+00
87.77020773 27.03501957 -7.08387072 0.00000000e+00
87.51219654 27.14717315 -9.92782221 0.00000000e+00
87.61518199 26.97224538 -5.10013286 0.00000000e+00
87.52816187 27.04352904 -7.02198659 0.00000000e+00
87.84195420 27.06594515 -8.29511792 0.00000000e+00
87.59597400 27.17888833 -10.93308132 0.00000000e+00
88.20504359 27.04495065 -8.61038773 0.00000000e+00
87.60451954 27.28162290 -13.42037223 4.41381724e-02
88.25650168 26.90540099 -3.96514767 2.89624869e-03
88.13285604 27.01551089 -7.37384192 0.00000000e+00
88.33955869 26.93389218 -4.94521220 2.20183301e-03
88.25363004 27.00770854 -7.30198714 0.00000000e+00
88.61582448 26.98338256 -7.37756349 6.94131665e-02
88.85736284 26.96865126 -7.49222289 9.98791421e-01
88.36073878 27.10261406 -10.60966838 2.40571010e-02
88.68613042 27.11517182 -11.25349465 6.86109127e-01
88.56780130 27.02059968 -8.58750360 8.10068019e-02
88.56508057 27.12293296 -11.29185341 2.15618739e-01
88.49509486 26.99140803 -7.31075586 5.82125360e-04
88.48180174 27.09442793 -10.58624579 4.86026732e-02
88.44404807 27.13101440 -11.32757561 5.20982079e-02
87.88446759 27.23455288 -12.84038366 6.58255316e-03
88.57277213 27.22455979 -13.42214377 4.96895511e-01
88.80721050 27.10790753 -11.22062017 1.92924596e+00
88.60286988 27.08641044 -10.55254582 2.64376692e-01
88.36859699 27.20418163 -12.80340852 5.11398692e-02
88.32301595 27.13920722 -11.35611466 2.84891226e-02
88.00557033 27.22772380 -12.87723835 2.13274212e-02
87.75985201 27.34348775 -16.30844749 3.07229975e-01
88.33090039 27.24077717 -13.54327342 5.97495067e-02
88.08897000 27.25671577 -13.62904136 3.61019319e-02
87.63357439 27.14321676 -10.13471476 0.00000000e+00
88.20196491 27.14728059 -11.36981932 1.75664377e-02
88.11855309 27.11858333 -10.59157473 0.00000000e+00
88.08087671 27.15500365 -11.35288935 1.80729277e-03
87.71728323 27.17419026 -11.10079773 0.00000000e+00
87.87618057 27.13253834 -10.41301392 0.00000000e+00
87.89115091 27.02933574 -7.02001911 0.00000000e+00
87.99739578 27.12591151 -10.52209368 0.00000000e+00
88.08406935 27.05260484 -8.60154525 0.00000000e+00
87.95973779 27.16217191 -11.29530670 1.08316641e-03
87.96304212 27.05966487 -8.36470210 0.00000000e+00
87.35708347 27.08177417 -7.76961600 0.00000000e+00
87.14788392 27.15382193 -9.17498219 4.55698560e-01
87.47462013 27.18266733 -10.74094218 6.39671348e-04
87.23182071 27.18765708 -10.25214553 2.93035766e-01
86.86752318 27.19046575 -9.16720720 1.74312139e+00
86.79273079 27.26174178 -10.62432765 8.31453398e+00
86.62921471 27.08429400 -5.90716149 1.35187741e+00
86.42864963 27.26704216 -9.34617703 1.56681789e+00
86.43808260 27.04943442 -4.74374527 7.91722392e-01
86.26047730 27.20007115 -7.10259762 1.70635567e-02
86.50790246 27.08485801 -5.55460553 1.29078943e+00
86.30736314 27.27121627 -8.94338270 4.06880928e-01
86.26535498 27.08993774 -4.90091772 0.00000000e+00
86.17640125 27.16778111 -6.02227302 0.00000000e+00
86.62464754 27.19168331 -8.32427068 1.66553209e+00
86.41909121 27.15846288 -6.75314672 1.25232971e+00
86.50321783 27.19308704 -7.89598519 1.49073917e+00
86.18620486 27.27766186 -8.57075631 0.00000000e+00
86.38181340 27.19566720 -7.48542172 1.11806621e+00
86.29768787 27.16195660 -6.36641345 3.73777116e-02
86.91410400 27.26082382 -11.02900892 5.79148210e+00
86.98896063 27.18992703 -9.55880735 1.36909116e+00
87.27819061 27.25634850 -12.04470617 6.75291165e-01
87.26934091 27.15239119 -9.44957241 2.53183236e-02
87.64209047 27.24582899 -12.66152178 6.93445754e-03
87.75490492 27.13832513 -10.29249545 0.00000000e+00
87.76330630 27.24060741 -12.77187158 5.08508129e-03
87.83853967 27.16859952 -11.20416043 0.00000000e+00
87.35323222 27.18556522 -10.49346699 1.13322479e-02
87.24069813 27.29179249 -12.78829690 1.28095490e+00
87.27429423 27.36065379 -15.36299089 4.12118018e+00
87.36200181 27.28917791 -13.04934831 5.06674302e-01
86.98055014 27.40105738 -15.22611963 2.27883180e+01
87.11937648 27.29376577 -12.48209833 2.54426379e+00
86.90985730 27.36680612 -13.74086775 2.50804644e+01
86.99804393 27.29525511 -12.13457358 6.71297510e+00
86.42394885 27.37605882 -11.86606530 1.80196128e+00
86.63402816 27.29907214 -10.91365602 6.52257839e+00
86.37227026 27.41437669 -12.52559718 1.77682990e+00
86.51270251 27.30119274 -10.48368194 2.00731767e+00
86.30257228 27.38111899 -11.45125840 1.02499221e+00
86.39140956 27.30447674 -10.06795385 1.57126832e+00
86.12947616 27.42948464 -11.75216746 3.86682965e-03
86.27019522 27.30954493 -9.66715538 2.10219879e-01
86.40476514 27.48581549 -15.03982195 5.40690515e+00
86.66687515 27.37021837 -12.72385047 2.13627311e+01
86.25077043 27.42061517 -12.11934991 4.04339097e-01
86.16162996 27.50075046 -13.70646633 2.88941808e-02
86.52652311 27.48132942 -15.75556701 2.21640658e+01
86.73263574 27.51183014 -18.46532296 1.83985805e+01
86.78836492 27.36839590 -13.14848723 2.60376412e+01
86.64832600 27.47801113 -16.26565694 2.04174849e+01
87.50094321 27.45759709 -20.57918206 8.54717489e+00
87.88112339 27.33721725 -16.35865112 1.97258994e-01
86.85887362 27.40287547 -14.41950026 2.42927163e+01
86.77014750 27.47537762 -16.67659661 1.98605248e+01
87.62264967 27.45265481 -20.86485157 2.79118231e+00
87.86591426 27.44051558 -21.05611911 5.85788809e-01
87.94968067 27.46983333 -21.86685406 5.77009557e-01
88.00233835 27.33023024 -16.37137262 1.72238038e-01
87.82814799 27.47679940 -21.80633578 8.19419651e-01
87.95312548 27.36726496 -18.33944607 3.15885088e-01
88.19581373 27.35197440 -18.31288722 3.08965661e-01
88.10896873 27.42576940 -21.10187680 4.99339767e-01
88.12350104 27.32265438 -16.35223232 1.50839930e-01
88.45183434 27.23259214 -13.48214020 1.55530992e-01
87.83170473 27.37404607 -18.30494859 3.32386075e-01
87.96794129 27.26404356 -13.63116881 3.14180780e-02
87.71022889 27.38010341 -18.23141437 5.24561316e-01
87.84685621 27.27069561 -13.59979253 2.83096798e-02
87.63852689 27.34898025 -16.21604639 4.07033796e-01
87.72571425 27.27657453 -13.53422907 2.07727355e-02
88.24462225 27.31466913 -16.30802555 1.81179607e-01
88.48956258 27.19601805 -12.75275358 1.56753347e-01
88.31710351 27.34381963 -18.26436790 4.39614908e-01
88.61053650 27.18806115 -12.70257343 5.45610707e-01
88.55965854 27.32754288 -18.13590934 1.26322086e+00
88.69372960 27.21687751 -13.36693987 1.23277799e+00
88.48680521 27.29830802 -16.17752384 5.97301516e-01
88.73153433 27.18051066 -12.65716868 1.41191142e+00
88.85018156 27.27586346 -15.97702398 2.41521602e+00
88.55681756 27.42986688 -21.73154291 1.64531249e+00
88.43837899 27.33560310 -18.20190594 7.47430041e-01
88.43541250 27.43791489 -21.79503112 1.46671594e+00
88.83770651 27.37881879 -20.76772462 2.60822404e+00
88.71620812 27.38582341 -20.84740559 2.67511237e+00
88.36571745 27.30647914 -16.24638721 2.88631253e-01
88.35187012 27.40952678 -21.03640820 9.03445222e-01
89.16647276 27.29452167 -17.69131674 2.50141646e+00
89.08080183 27.36658093 -20.53608517 2.57423400e+00
89.04504940 27.29999612 -17.76915696 2.54327320e+00
88.79970034 27.41501505 -21.59686396 2.65349576e+00
88.97137126 27.26947960 -15.89098107 2.34842637e+00
88.92365273 27.30601910 -17.88391522 2.40314050e+00
89.57762918 27.24432354 -15.80485798 2.73059781e+00
89.16426521 27.39700905 -21.35868050 2.71641129e+00
88.80228792 27.31263126 -17.99486056 2.48328069e+00
89.04947102 27.09512255 -11.18290668 2.08919301e+00
88.72902566 27.28283916 -16.04802460 2.35925734e+00
88.81471827 27.20970804 -13.32041683 2.36306823e+00
89.21584207 27.15590801 -12.56806790 2.19566429e+00
89.09259102 27.26367383 -15.82837058 2.48306561e+00
89.70039991 27.13717035 -12.65486820 3.22934393e+00
89.33509422 27.25348883 -15.77903791 2.18294807e+00
89.45811898 27.14630074 -12.59636481 2.91411521e+00
89.28791522 27.28949567 -17.64936746 2.30329734e+00
89.66230429 27.17279639 -13.30117728 3.08854256e+00
89.40936825 27.28477808 -17.63909522 2.11073819e+00
89.82014062 27.23507713 -15.87588600 3.42194559e+00
89.65057403 27.37830544 -21.30314762 2.81399380e+00
89.45636134 27.24884800 -15.78403007 2.27019172e+00
89.32399272 27.35637534 -20.40771989 2.50650970e+00
89.65227731 27.27570936 -17.68912318 2.69420433e+00
89.56721728 27.34722714 -20.40421885 2.21387036e+00
89.53082456 27.28022986 -17.65301870 2.18260925e+00
89.40741320 27.38732645 -21.29202677 2.44076983e+00
89.93199757 27.33311244 -20.53743298 4.91921967e+00
90.18377024 27.21933690 -16.00962678 5.39010154e+00
90.13673548 27.35832301 -21.44026197 6.31663128e+00
90.42683971 27.10467138 -12.87282841 6.77755228e+00
90.05355381 27.32789379 -20.59733978 5.67994859e+00
90.01655443 27.26112971 -17.85801989 4.91746615e+00
90.41807159 27.31027885 -20.76347927 6.95638686e+00
90.66882926 27.09205352 -12.92580019 7.07699359e+00
90.62253182 27.33372906 -21.56038759 6.94492515e+00
90.74453858 27.22486242 -18.08215665 5.00765730e+00
90.98719725 27.21363132 -18.10296656 3.21513063e+00
90.78244217 27.29129311 -20.81152141 5.24695596e+00
91.63784339 27.18004148 -16.21554876 5.58651718e+00
90.91055244 27.18271349 -16.14060967 4.08414190e+00
91.39530180 27.06946536 -12.99441976 4.07135966e+00
91.63215936 26.97552777 -10.96959252 4.66487734e+00
91.26859555 27.27427709 -20.83686539 4.60569337e+00
91.51674304 27.17427011 -16.20410621 5.12774182e+00
91.23002281 27.20652303 -18.11819139 3.71908801e+00
91.75294512 26.98495998 -10.89888417 4.98927723e+00
91.14699127 27.27657978 -20.83344170 3.90138692e+00
91.39549635 27.17172734 -16.18956494 4.56562893e+00
90.38062801 27.24382115 -18.02926769 6.01943706e+00
90.66829945 27.19460783 -16.11246434 5.67623104e+00
90.50110973 27.34013776 -21.54448106 7.33733309e+00
90.54718819 27.20095829 -16.09566451 5.83297586e+00
90.17508520 27.32233767 -20.65931423 6.08067959e+00
90.30493111 27.21344653 -16.05076943 5.69773925e+00
89.77372005 27.27108319 -17.73702552 3.44539557e+00
89.89514736 27.26624896 -17.79652818 4.09464370e+00
90.42606861 27.20728797 -16.07743454 5.98273198e+00
90.50194008 27.23752545 -18.05299895 6.08996297e+00
90.50956166 27.13456425 -13.50966312 6.48402544e+00
90.74551608 27.01979292 -11.71841971 7.82741233e+00
90.13793762 27.25568139 -17.92287847 5.37909465e+00
90.25929524 27.24990025 -17.98402381 5.86211134e+00
91.03172606 27.17776747 -16.15275133 3.32444311e+00
91.03189493 27.07533321 -12.97629607 4.80305630e+00
91.10858681 27.20936661 -18.11059966 3.32615021e+00
91.15299443 27.07157349 -12.98683375 4.01374851e+00
90.90500990 26.97801665 -11.13211300 7.37627057e+00
91.11451401 27.10676596 -13.59856830 3.82966822e+00
91.27421132 27.17178799 -16.17685449 3.82662528e+00
91.35149103 27.20562269 -18.12252928 4.69652440e+00
91.59357726 27.00734325 -11.65144437 4.50107595e+00
91.59885511 27.10973091 -13.63979452 4.61425015e+00
91.27413872 27.06945860 -12.98929149 3.98300972e+00
91.35674004 27.10330918 -13.62131915 3.92699785e+00
91.23003717 27.00178777 -11.74647494 4.32433495e+00
90.99346285 27.11094014 -13.58481337 4.61857399e+00
90.98769382 27.00871651 -11.74938019 5.93584549e+00
90.91084175 27.08023732 -12.96423387 6.09337747e+00
90.50339882 27.03232106 -11.65758441 7.70959533e+00
91.10905541 26.90213096 -9.16885122 6.78824802e+00
90.38859092 27.14083068 -13.48326539 6.39029915e+00
90.66279980 26.98982605 -11.08781451 8.08678753e+00
90.30582389 27.11081266 -12.83927468 6.41976424e+00
90.38232904 27.03857260 -11.61847444 7.55672590e+00
90.02554761 27.15814417 -13.39247331 4.50588402e+00
90.17835832 27.01441128 -10.91164119 7.06541009e+00
90.26760073 27.14689812 -13.45494558 5.98014618e+00
90.26123987 27.04462474 -11.57376745 7.16161849e+00
89.57926237 27.14174605 -12.62382478 3.09691348e+00
89.69357963 27.03488199 -10.69031519 3.11602444e+00
90.18478535 27.11669432 -12.80503469 5.91081441e+00
90.14012707 27.05039540 -11.52723753 6.43524116e+00
89.82152565 27.13245472 -12.69269024 3.37142678e+00
89.77664896 27.06584800 -11.37791606 3.40895572e+00
89.69889094 27.23977344 -15.83661107 3.09934384e+00
89.78340242 27.16814445 -13.32916246 3.33676570e+00
90.14658665 27.15268223 -13.42646152 5.41840234e+00
90.06372194 27.12226251 -12.76768020 4.98023805e+00
89.21383478 27.25838423 -15.79185607 2.40781258e+00
89.33697651 27.15097479 -12.57835989 2.28790894e+00
89.42008389 27.18190521 -13.25724079 2.52168545e+00
89.45110533 27.04407201 -10.56176303 2.95196421e+00
89.54119601 27.17734045 -13.27499337 3.11138638e+00
89.53424923 27.07508599 -11.27512098 2.96370784e+00
89.29897474 27.18663163 -13.24509186 2.17811301e+00
89.41491225 26.97711982 -8.65350878 3.10388068e+00
88.85256495 27.17350229 -12.61890724 2.25892317e+00
88.93574108 27.20312171 -13.28258025 2.32709136e+00
88.97362909 27.16707992 -12.58820522 2.23436248e+00
89.05679531 27.19711897 -13.25581966 2.32847726e+00
88.84508245 27.07166853 -10.49147475 1.84188410e+00
89.17064446 27.08957409 -11.18393664 2.13156871e+00
89.17275633 26.98704926 -8.62788377 2.14671679e+00
88.96623861 27.06514680 -10.47449559 1.96746118e+00
89.21991186 26.95085790 -7.46690432 2.94799906e+00
89.08742579 27.05920940 -10.47186566 2.05391277e+00
89.22182887 26.84834909 -4.09364148 5.14102305e+00
88.97818356 26.96215476 -7.50887096 1.48378853e+00
89.34080465 26.94587168 -7.44520526 3.38140744e+00
89.20863809 27.05379885 -10.48312880 2.08683253e+00
89.29382870 26.98192639 -8.63650371 3.04983194e+00
89.30472405 26.87902162 -5.16547407 5.10502148e+00
89.32986726 27.04879800 -10.51488247 2.70389771e+00
89.41304142 27.07969238 -11.23183828 3.01503545e+00
89.65708428 26.96790700 -8.72497361 4.16469685e+00
89.57234508 27.03948058 -10.62840040 2.98661914e+00
89.81480297 27.03015544 -10.74576877 4.04977414e+00
89.89782911 27.06098419 -11.42671100 4.43792381e+00
89.94525943 26.92223932 -7.53556533 7.52885682e+00
89.82571329 26.82457968 -4.27262097 9.36603660e+00
90.02913498 26.85023071 -5.30661797 1.01595493e+01
89.94646399 26.81960315 -4.34255183 9.54748319e+00
89.66697000 26.86498220 -5.14675905 8.44477352e+00
89.81907466 26.72228908 -1.12138747 8.39981966e+00
89.77815936 26.96322701 -8.76821579 5.30494843e+00
89.78770801 26.86028385 -5.19465307 9.16430685e+00
89.18398742 26.88413397 -5.20377327 3.54380143e+00
88.93067864 26.99875949 -8.63518269 1.64342675e+00
89.10107183 26.85376777 -4.12232118 3.42061778e+00
88.80968594 27.00548230 -8.62762374 1.06592323e+00
88.85963933 26.86624721 -4.19649376 3.64543849e-01
88.73657675 26.97574276 -7.44588023 4.70816873e-01
89.06326988 26.88968979 -5.25153725 2.26193392e+00
88.73140439 26.77160564 -1.04070502 8.07589114e-01
88.85216969 26.76436933 -1.02908878 4.54951523e+00
88.69368787 26.80805975 -2.07997669 6.76304210e-02
89.17676567 26.78200162 -1.99964909 8.78241860e+00
88.98033988 26.85971274 -4.17085056 1.65381117e+00
89.09380180 26.75166502 -1.00000542 8.95912198e+00
88.93516174 26.79386060 -2.04162908 4.99316989e+00
88.81440728 26.80066936 -2.06979380 7.00394229e-01
89.21466125 26.74616482 -0.99964367 9.05339063e+00
89.05594928 26.78764633 -2.01254572 7.03943300e+00
89.57731544 26.73167025 -1.06399043 6.87988212e+00
89.53930466 26.76730563 -2.10103387 6.71621655e+00
89.33553849 26.74108714 -1.01269969 8.60979588e+00
89.69820036 26.72703779 -1.09480509 7.74461471e+00
89.78099683 26.75798464 -2.21619256 8.27210056e+00
89.29760263 26.77682224 -2.01234335 8.41553667e+00
90.14981631 26.84476653 -5.28996345 1.08566992e+01
90.30237729 26.70067557 -1.10349439 1.11334025e+01
89.34260231 26.84333153 -4.08418137 6.10468216e+00
89.41845120 26.77196500 -2.04974313 8.17782620e+00
90.63233483 26.82051276 -5.34717402 1.27939305e+01
90.75294532 26.81440801 -5.37401266 1.25152980e+01
90.50564269 26.72451542 -2.20012929 1.34475836e+01
90.30858526 26.80292270 -4.31023477 1.19784978e+01
90.54390095 26.68833363 -1.10001027 1.36375329e+01
91.23021286 26.69476248 -2.27495225 1.61531624e+01
90.86779954 26.70641599 -2.22450440 1.72772138e+01
90.78540259 26.67606657 -1.10840533 1.69989469e+01
90.66464843 26.68209424 -1.10301084 1.51615493e+01
90.74706912 26.71215263 -2.21141617 1.61240515e+01
90.26418061 26.73673730 -2.21458498 1.10270834e+01
90.42314716 26.69457904 -1.10011903 1.22566065e+01
91.14784511 26.66213284 -1.13349794 1.94384621e+01
91.02698886 26.66573191 -1.12443558 1.98491791e+01
91.51052643 26.66297419 -1.14465111 1.75387502e+01
91.11493188 26.79965479 -5.43570012 1.03184759e+01
91.26874186 26.66015259 -1.14145431 1.89720758e+01
91.27410037 26.76256187 -4.43552133 1.05571118e+01
91.35108859 26.69412860 -2.28900210 1.60620851e+01
90.99423032 26.80364037 -5.42084470 1.18383221e+01
91.10936563 26.69734804 -2.25793352 1.68746074e+01
90.91185369 26.77282002 -4.37300197 1.32154309e+01
90.98856035 26.70134471 -2.24053466 1.77385182e+01
91.38986176 26.96715992 -11.09230749 4.37515818e+00
91.15326347 26.86684580 -7.81521678 7.48375140e+00
90.79079402 26.88087054 -7.77547469 1.01729301e+01
90.87357207 26.80868045 -5.39739742 1.21424273e+01
90.54989505 26.79059063 -4.31678575 1.33948803e+01
90.62635493 26.71826571 -2.20302111 1.47867934e+01
90.51172673 26.82676151 -5.32055981 1.27136949e+01
90.18790152 26.80878113 -4.31560044 1.09537817e+01
90.42924787 26.79682587 -4.30739774 1.27181023e+01
90.38492074 26.73071859 -2.20361342 1.21363575e+01
90.30773294 26.90555163 -7.63084831 1.01738183e+01
90.39110919 26.83296823 -5.30292851 1.22198251e+01
90.18693226 26.91141949 -7.60218420 9.49250708e+00
90.27047391 26.83899833 -5.28915561 1.16628382e+01
90.38324315 26.93594825 -9.01838836 9.67928999e+00
90.29949614 27.00854397 -10.96340419 7.78675246e+00
90.50419492 26.92971339 -9.05781157 9.91443586e+00
90.42061142 27.00241809 -11.01212418 8.03182042e+00
90.62513587 26.92341654 -9.09653860 9.61285579e+00
90.62445721 27.02599990 -11.69024786 7.78516269e+00
90.54927482 26.89317683 -7.70451276 1.07472280e+01
90.54170952 26.99612946 -11.05227077 8.14610059e+00
91.02616128 26.97310711 -11.13873179 6.14841074e+00
91.23013284 26.89944940 -9.15264993 5.83347651e+00
91.14735853 26.96933147 -11.13612531 4.99882226e+00
91.27417145 26.86484024 -7.80926677 6.68798092e+00
91.35126319 27.00102012 -11.73255116 4.19916656e+00
91.51598185 26.86759275 -7.75957430 5.90124879e+00
91.26860048 26.96719295 -11.11663400 4.53498358e+00
91.35124042 26.89872156 -9.13300717 5.16924899e+00
91.47247283 27.00267591 -11.70617930 4.28765245e+00
91.63671614 26.87355122 -7.69240265 6.22523495e+00
91.51108376 26.96973019 -11.04172428 4.41001232e+00
91.83438648 26.92557239 -8.83302596 6.70350647e+00
91.95406882 26.94204259 -8.69769413 9.87897274e+00
91.83488775 27.02766731 -11.53351961 5.01701177e+00
92.07288034 26.96293946 -8.47478780 1.14539589e+01
91.59331850 26.90510140 -9.02397732 5.24038724e+00
92.22890154 27.06550849 -10.27094519 1.28231404e+01
91.99282380 27.01629661 -10.67186113 6.34761330e+00
92.34732400 26.99590818 -6.42698531 1.12965956e+01
92.30796516 27.12013796 -11.07083074 1.33171892e+01
92.75838868 27.27953715 -10.47502116 2.39777085e+01
92.90214919 27.20926838 -5.46382332 3.01972732e+01
92.19327618 26.88738985 -4.79899093 1.03002839e+01
91.99630510 26.91494097 -7.37201543 1.08189469e+01
92.68501538 27.11401326 -5.76650736 1.82612579e+01
92.64810854 27.03176881 -4.09820404 2.01673469e+01
92.79435665 27.16022123 -5.61436041 2.39470368e+01
92.68350614 27.01219311 -3.53988682 2.37354284e+01
92.11362515 26.83560349 -4.13927233 1.00609979e+01
92.07595772 26.86178623 -5.06119959 9.49683273e+00
91.75715179 26.88319486 -7.60946212 7.30473181e+00
91.63628906 26.77142116 -4.41049151 1.16219375e+01
91.47233156 26.90040419 -9.09546942 4.89244176e+00
91.59784820 26.80314656 -5.41135259 9.46861285e+00
91.39509673 26.86491350 -7.80062412 6.18884181e+00
91.47720297 26.79828092 -5.45170770 9.16458922e+00
91.83820627 26.82403973 -5.31365857 1.01059485e+01
91.71824216 26.81163850 -5.36209673 1.07236204e+01
91.75660114 26.78113874 -4.37848301 1.10671400e+01
91.87640936 26.79493168 -4.35604938 9.40187228e+00
92.07129901 26.75887454 -2.22283430 1.00915068e+01
91.59269528 26.70073451 -2.28665179 1.47325840e+01
91.75168077 26.67846283 -1.14022600 1.44632836e+01
91.83328316 26.72138363 -2.27887313 1.14964432e+01
91.95272498 26.73793044 -2.26168384 1.03473051e+01
92.34196035 26.79068842 -1.05355971 1.46842476e+01
92.41957702 26.84854138 -2.08662082 1.50469898e+01
92.53270684 26.88666690 -2.05009201 2.17078189e+01
92.67974838 26.90874488 -1.00033457 4.31115985e+01
92.89693906 27.00403136 -0.95160151 5.84047231e+01
92.10912854 26.73240973 -1.09979759 1.04554855e+01
92.18875305 26.78440108 -2.17530204 1.05353429e+01
91.99085624 26.70997150 -1.12303671 1.11428974e+01
91.99550156 26.81301617 -4.28340869 9.43600708e+00
92.23057570 26.86265227 -3.95805735 1.06575355e+01
92.30492009 26.81427975 -2.12906416 1.20513484e+01
92.56878918 26.86567979 -1.01703090 3.19164253e+01
92.57267018 26.96917030 -3.60874380 1.72244600e+01
93.10828579 27.10941082 -0.91238946 6.88152060e+01
92.97240478 27.27666634 -6.41283588 3.25075208e+01
92.96910234 27.07266871 -1.88171402 6.05167815e+01
92.97267641 27.17576413 -3.84884661 4.69431397e+01
92.86231434 27.02189604 -1.92688490 5.33310343e+01
92.90045397 27.10739198 -3.38719873 4.40532093e+01
92.75402029 26.97376594 -1.97561796 4.51018168e+01
92.75783406 27.07694345 -4.01210012 2.73365840e+01
93.00330886 27.05559567 -0.93011251 6.47122067e+01
92.78913038 26.95494192 -0.97528339 5.23186434e+01
93.21198476 27.16519651 -0.89535118 7.18623003e+01
93.41608544 27.28157664 -0.86392404 7.55685056e+01
93.28150444 27.23771331 -1.77496292 7.19150475e+01
93.58418898 27.41688454 -1.69038931 7.47524966e+01
93.68342500 27.47884959 -1.66934172 7.16059023e+01
93.78460666 27.64433611 -3.49943525 5.40020666e+01
93.97741700 27.66956405 -1.85061061 3.94978195e+01
93.81640556 27.63125408 -2.98270951 5.33998789e+01
94.00903930 27.65694068 -1.03621995 3.88771048e+01
94.01137025 27.75942609 -3.92284964 3.38570624e+01
93.38333010 27.29615011 -1.74353578 7.36714821e+01
93.31455671 27.22264357 -0.87961174 7.44657459e+01
93.91167295 27.59248293 -0.81439066 4.96065778e+01
93.88245170 27.70788604 -3.96826539 2.95305875e+01
93.91645227 27.79745012 -6.07343966 3.99441345e+01
93.61921236 27.50595166 -3.03710393 6.92871859e+01
93.61643645 27.40315050 -0.83954283 7.58663649e+01
93.48717441 27.45875245 -3.58906131 6.72319122e+01
93.51955365 27.44469377 -3.07154137 7.01378460e+01
93.38726773 27.50041433 -5.81622616 5.51650399e+01
93.18222778 27.38495754 -6.08667111 4.86654901e+01
93.28470773 27.34067450 -3.67560350 6.22317330e+01
93.11342742 27.31460333 -5.21861574 4.66552452e+01
93.18192037 27.28384745 -3.72614045 5.88032327e+01
92.86599904 27.12505060 -3.92484141 3.65676475e+01
92.79274987 27.05837889 -3.46486216 3.29866159e+01
93.07795223 27.22878419 -3.78255259 5.31671666e+01
93.00670051 27.15890574 -3.31864530 5.21816942e+01
93.58705333 27.51964462 -3.55433195 6.74029444e+01
93.52167602 27.54685759 -4.86872305 5.98963475e+01
93.38922558 27.60244045 -9.81319913 4.88001972e+01
93.48826828 27.56027850 -5.70410421 5.67898883e+01
93.68617073 27.58154659 -3.52452204 6.42271917e+01
93.58839274 27.62132766 -5.60637056 5.68680372e+01
93.71813604 27.56817866 -3.00760632 6.53700244e+01
93.68774880 27.68339370 -5.52502494 5.31550754e+01
93.91847173 27.89962722 -9.44512582 4.19379722e+01
93.98436110 27.97681506 -11.11019432 3.62417508e+01
93.97980460 27.77206610 -4.70198447 3.61068008e+01
93.91412063 27.69504213 -3.45128429 3.46067841e+01
94.01598844 27.96425861 -10.17817178 3.39916777e+01
93.59047823 27.72345894 -9.68784429 5.18499601e+01
93.72036947 27.67045997 -4.75727560 5.37392839e+01
93.72192911 27.77229058 -7.95238609 5.00406186e+01
93.78641676 27.74635400 -5.88900611 4.21508871e+01
93.52274994 27.64836822 -8.10854425 5.41016646e+01
93.49343514 27.76508138 -14.15727372 5.31984540e+01
93.62271240 27.70983981 -8.02105176 5.30289059e+01
93.52583979 27.75108033 -12.74992182 5.05341568e+01
94.01844478 28.06673265 -13.41981420 3.43415163e+01
93.82048172 27.83559895 -8.33024640 4.61002165e+01
93.82319336 27.93817096 -12.78367489 4.77342102e+01
93.52806530 27.85323085 -16.96385304 5.44523624e+01
92.87037722 27.53137868 -18.18632379 3.50887749e+01
93.29123585 27.74790299 -18.30327604 6.66686052e+01
92.79910744 27.46568976 -16.56485059 3.16875799e+01
93.08336377 27.53453479 -14.01680035 4.23697602e+01
93.18404071 27.48689244 -9.97546352 4.23675561e+01
93.42194823 27.58802200 -8.21430810 5.15998876e+01
93.42516458 27.69077563 -12.75129347 5.07000411e+01
93.32019386 27.52898513 -8.33809370 4.77132956e+01
93.32353782 27.63177582 -12.75091376 4.81375152e+01
92.87089362 27.43059306 -13.93020706 3.39262534e+01
92.97405070 27.37853130 -10.20070203 3.22631820e+01
92.90154237 27.31009020 -8.97478195 2.83807838e+01
93.00847964 27.26081978 -5.33550186 3.84117255e+01
93.00818195 27.36171569 -8.78103701 3.32819431e+01
93.07797659 27.32978136 -6.24136369 4.07723476e+01
92.46150552 27.03149240 -6.14753922 1.28414695e+01
92.34497025 27.09680649 -10.04614777 1.30770137e+01
92.57407790 27.07097193 -5.95474824 1.48740638e+01
92.57245961 27.17173567 -9.60531010 1.54582524e+01
92.30696451 27.01827231 -7.84906892 1.09915429e+01
92.07363101 27.06490191 -11.34764931 6.81185553e+00
92.19057607 26.98839227 -8.17963723 1.05234585e+01
92.11455686 26.93747387 -7.11811150 9.87429308e+00
92.19145327 27.09029704 -11.21088635 1.09731545e+01
91.99857291 27.22079220 -16.28457893 6.79169608e+00
91.95469449 27.04406581 -11.45908341 5.71609992e+00
91.71541983 27.21970807 -18.13433182 6.12796819e+00
91.47785122 27.10501176 -13.63784076 4.35479244e+00
91.71444176 27.01555132 -11.59799506 4.64558551e+00
91.63739793 27.07793735 -12.96584994 4.61314620e+00
91.71961592 27.11800021 -13.64014214 4.96375935e+00
91.51642444 27.07208235 -12.98984396 4.35594632e+00
91.47294605 27.20714425 -18.12893101 5.26354931e+00
91.95964783 27.14664686 -13.67213705 6.07310195e+00
91.71581904 27.32184751 -21.60429021 6.40450287e+00
92.19616499 27.19300711 -13.71660791 7.78172599e+00
92.11721260 27.24315290 -16.31390344 7.37907283e+00
92.45952369 27.13230496 -9.81878208 1.36294009e+01
92.34950317 27.19958989 -12.86814953 1.15336677e+01
92.53643221 27.19244628 -10.76994244 1.51874235e+01
92.42744248 27.25709936 -13.77124347 1.38940618e+01
92.79742477 27.36387682 -12.78962688 2.78667197e+01
92.86697520 27.32771209 -10.35027112 2.76276664e+01
92.76159549 27.48314791 -18.16935465 2.62020219e+01
92.68788075 27.31763891 -12.80249724 2.27805483e+01
92.97783627 27.48140494 -13.97806738 3.85500163e+01
92.90540660 27.41297179 -12.78818890 3.16272411e+01
92.76244058 27.38241672 -13.86821381 2.81455161e+01
92.57672678 27.27459076 -12.82573148 1.83783289e+01
92.65241015 27.33719316 -13.83903508 2.17278978e+01
92.46528057 27.33689952 -16.41805104 1.31265734e+01
92.54075258 27.29529033 -13.80234804 1.78411606e+01
92.46392466 27.23512980 -12.84571190 1.56600723e+01
92.11623699 27.14131876 -12.90847973 6.88456337e+00
92.07539938 27.26865248 -18.15273718 7.54944771e+00
92.07846637 27.16754855 -13.70004728 6.64050972e+00
91.99773225 27.11890085 -12.92643913 6.06005919e+00
91.83995426 27.13017895 -13.66270329 5.43652348e+00
91.75807865 27.08742950 -12.95413911 4.83102008e+00
91.87896890 27.20295825 -16.25534748 6.50442755e+00
91.75865361 27.18945811 -16.23286977 6.17457895e+00
91.87511392 27.30447051 -20.81560075 6.87543615e+00
91.99509383 27.32210018 -20.80646949 8.16708214e+00
92.11411642 27.34427706 -20.79062869 9.80443940e+00
92.23195976 27.37100918 -20.76218235 1.17208917e+01
92.31130677 27.42556530 -21.54068793 1.44216114e+01
92.46333516 27.43766305 -20.69855481 1.65905598e+01
92.76312449 27.58493792 -21.46109622 3.09638187e+01
92.68824510 27.52013396 -20.64723484 2.44032912e+01
92.90663888 27.61560367 -20.61315523 3.54853046e+01
92.90718208 27.51482086 -16.63026719 4.05993062e+01
93.11904867 27.72133179 -20.59285018 5.18187318e+01
92.97763316 27.58227126 -18.21803959 4.52866710e+01
93.32627488 27.83501056 -20.58710437 6.47111325e+01
92.97936098 27.68410945 -21.43803466 4.22505549e+01
93.01354858 27.66733604 -20.59897561 4.37476252e+01
93.01377699 27.56647568 -16.70785794 4.89286540e+01
93.39548250 27.90856755 -21.42298368 6.65173173e+01
93.39342697 27.80655890 -18.32757336 6.64408867e+01
93.18795312 27.69080492 -18.27517343 6.12895668e+01
93.08346221 27.63549934 -18.25036695 5.36223942e+01
93.39249585 27.70520539 -14.13117123 5.20340055e+01
93.18756619 27.58972428 -14.05520964 4.32173883e+01
93.11897402 27.62037606 -16.77130706 5.53706292e+01
93.22086077 27.57426140 -12.74645808 4.25859397e+01
93.22288290 27.67624501 -16.82932199 5.99058717e+01
93.29057197 27.64669157 -14.09704095 4.80179503e+01
93.59493535 27.92780712 -18.37363392 5.89507173e+01
93.59349625 27.82614029 -14.18129489 5.14562158e+01
93.72711077 27.97718357 -17.02728910 5.86238942e+01
93.62567658 27.81250679 -12.75572365 5.01435511e+01
93.79138172 27.95118907 -14.22596176 4.98291621e+01
93.72476729 27.87491068 -12.76731958 4.91253596e+01
93.92350453 28.10455485 -17.06965884 4.63820157e+01
93.79330089 28.05319758 -18.41477609 5.81221567e+01
93.62796289 27.91471721 -16.99842768 5.88133925e+01
93.98925002 28.18167756 -18.44994831 4.05140837e+01
93.82749276 28.14250103 -20.62012583 5.46612435e+01
94.02094103 28.16920641 -17.08200458 3.63516489e+01
93.92563840 28.20672659 -20.63286469 4.87025066e+01
93.49462383 27.86658788 -18.35182679 6.28169094e+01
93.42732641 27.79286769 -16.92512523 5.67856456e+01
94.02330143 28.27156272 -20.64696339 4.12637410e+01
93.89389296 28.21942172 -21.45572945 4.79262163e+01
93.83032069 28.24506894 -23.08036129 6.51440196e+01
93.69972607 28.19485759 -23.87577513 6.87519809e+01
93.79849326 28.25802048 -23.88017420 6.75684713e+01
93.69671997 28.09222878 -21.43812615 7.16227609e+01
93.69446776 27.99005093 -18.39543658 6.04110640e+01
93.39885961 28.01132156 -23.86825789 6.26601995e+01
93.59712565 28.02992592 -21.42960452 7.42708924e+01
93.08528057 27.73737184 -21.43127720 4.95340765e+01
93.29321738 27.84986185 -21.42511293 6.15258546e+01
93.01737798 27.77019086 -23.07380725 4.88489885e+01
93.08903476 27.84021334 -23.87130105 5.37002292e+01
93.12275012 27.82416790 -23.06783004 5.42767559e+01
92.91245370 27.82028857 -25.27333528 4.54156501e+01
93.19348356 27.89553570 -23.87047411 5.80811584e+01
93.12478414 27.92607810 -25.27066342 5.44900719e+01
93.22682171 27.88012568 -23.06682400 5.82711900e+01
93.29671918 27.95265048 -23.86813316 6.07777032e+01
93.50000104 28.07136648 -23.86783070 6.51124184e+01
93.63245999 28.11902795 -23.06883691 6.99186840e+01
93.70151355 28.29667848 -25.91568426 6.21071240e+01
93.99429847 28.38653830 -23.88876188 4.36983029e+01
93.79561110 28.15543756 -21.44644365 6.21074278e+01
93.73172807 28.18161618 -23.07514131 7.09058552e+01
93.73418222 28.28388024 -25.30039760 6.25606653e+01
94.02587807 28.37403596 -23.09197583 3.81799617e+01
93.83283196 28.34740059 -25.30676049 6.24320154e+01
93.92834132 28.30924709 -23.08586632 5.01721723e+01
93.80052212 28.36001917 -25.92635007 5.96184730e+01
93.63637525 28.32286163 -27.11646538 6.08617919e+01
93.99679376 28.48890821 -25.95385876 5.14284328e+01
93.90139571 28.52643923 -27.77576754 5.22498636e+01
93.83484471 28.44938347 -27.15469091 5.77578037e+01
93.89891513 28.42413969 -25.93703059 5.82077891e+01
94.02849494 28.47650886 -25.32667130 4.69482371e+01
93.93597808 28.61633206 -28.97351239 4.53544989e+01
93.63485346 28.22122699 -25.29276292 6.35374076e+01
93.60408977 28.33635520 -27.70207911 5.79583384e+01
93.60179417 28.23424941 -25.90390476 6.43532740e+01
93.53602896 28.26103392 -27.10009560 5.98141298e+01
93.22938035 28.08312811 -27.05111982 5.37586210e+01
93.22893603 27.98208816 -25.27551555 5.81623714e+01
93.43382254 28.09902682 -25.28245450 6.37362942e+01
93.29746772 28.05383479 -25.87965928 5.92221409e+01
93.08920688 27.94114414 -25.86598713 5.25887111e+01
93.01932540 27.87205422 -25.27133548 5.00399718e+01
92.98324345 27.78696653 -23.87851797 4.84022232e+01
92.00094684 27.52654063 -25.29504123 1.39357160e+01
93.43156080 27.99695113 -23.06421118 6.42385609e+01
93.39988074 28.11265123 -25.88702941 6.20131283e+01
93.53243449 28.05742564 -23.06401290 6.76534197e+01
93.53476354 28.15956230 -25.28549768 6.52486453e+01
93.32972404 27.93778942 -23.06503896 6.05544894e+01
93.33191467 28.03980647 -25.27592700 6.12286309e+01
92.91059826 27.71846787 -23.07873669 4.28665020e+01
92.19919396 27.49851439 -23.92856686 1.60767235e+01
92.65578094 27.74317444 -25.86374382 3.88699378e+01
92.43060008 27.76489695 -27.54927517 3.56947919e+01
92.91197346 27.92103105 -27.01117505 4.44801994e+01
92.98310830 27.88779573 -25.86349214 4.87497519e+01
92.69295170 27.82540572 -27.00259861 3.90123130e+01
92.87556867 27.83679436 -25.86079989 4.47862419e+01
92.54341254 27.70126865 -25.86669265 3.73367938e+01
92.35201875 27.70750374 -26.99625426 3.51899114e+01
92.31370054 27.62908899 -25.86857448 3.22679760e+01
92.31480328 27.73088189 -27.54507995 3.52052749e+01
92.80744998 27.97460048 -28.69442603 3.87806806e+01
92.87727903 27.93857180 -27.57227999 4.27038654e+01
91.75598092 27.59732455 -26.98155900 1.06191355e+01
92.08384060 27.77875503 -29.17725229 3.07573349e+01
91.95842342 27.55372277 -25.86548259 1.36857186e+01
91.95911321 27.65567623 -27.52764964 1.68240918e+01
91.83794580 27.53767370 -25.86398817 1.12174410e+01
91.35174802 27.51254764 -25.84720602 7.15312712e+00
92.19653040 27.59941323 -25.86711164 2.46087676e+01
92.23516061 27.67639895 -26.99215308 3.14705402e+01
92.11999470 27.54872269 -25.29156445 1.71408382e+01
91.99746737 27.62779938 -26.98470686 1.63501893e+01
91.76022239 27.49563736 -25.28984066 9.24907737e+00
92.08109557 27.47320609 -23.93600337 1.28195247e+01
92.42936172 27.66313899 -25.86590432 3.51381671e+01
92.31596950 27.52830811 -23.91635135 2.10698091e+01
92.07803663 27.57425907 -25.86858678 1.72534856e+01
92.23669848 27.47371817 -23.13380477 1.50845134e+01
92.35302639 27.50497249 -23.12201829 1.92086370e+01
92.23785276 27.57548310 -25.29235872 2.42549444e+01
92.54491571 27.60060753 -23.90177645 3.11721614e+01
92.35431681 27.60670853 -25.28732919 3.07452513e+01
92.58098046 27.57991002 -23.10177266 2.96234145e+01
92.46923518 27.64220140 -25.28569596 3.42163652e+01
92.69246689 27.62298921 -23.09444566 3.33277257e+01
92.58252077 27.68164348 -25.28173737 3.64438185e+01
92.65691900 27.64251882 -23.89525726 3.44640161e+01
92.65264436 27.53967160 -21.47667244 2.58787258e+01
92.76726775 27.68779859 -23.88999608 3.83254778e+01
92.69411785 27.72474603 -25.27726750 3.84589423e+01
92.34841362 27.40221098 -20.73325193 1.39191006e+01
91.88020189 27.40698792 -23.15793403 8.77584029e+00
92.43124329 27.56243687 -23.91278777 2.69380217e+01
92.42670822 27.45964798 -21.51561806 1.75605804e+01
92.19440729 27.39582638 -21.56096614 1.20051473e+01
91.83665425 27.33373477 -21.59989322 6.97271025e+00
92.87201027 27.63318625 -21.44914654 3.66890235e+01
92.80232523 27.66928512 -23.08608424 3.75357089e+01
92.07618917 27.37058055 -21.58265916 1.00771986e+01
91.72105246 27.42427930 -23.93727160 7.78164216e+00
91.95685531 27.34992363 -21.59162603 8.31644751e+00
91.63855789 27.38437850 -23.15884541 7.03370711e+00
91.75443117 27.29118490 -20.82526545 6.32357508e+00
91.39571035 27.37635168 -23.15424456 6.27382371e+00
91.75962532 27.39363725 -23.16083587 7.35184053e+00
91.84178394 27.43622793 -23.93985191 9.20465029e+00
91.63326249 27.28198466 -20.82967148 6.02900356e+00
91.59430051 27.21165360 -18.13186366 5.77297079e+00
91.59457320 27.31387376 -21.60779095 6.12466919e+00
91.23554537 27.41118331 -23.91849510 6.20569152e+00
91.39022090 27.27405749 -20.83610178 5.23334419e+00
90.99266249 27.41832876 -23.89850595 6.43826668e+00
91.47852467 27.41175764 -23.93072104 6.91393055e+00
91.47309460 27.30943467 -21.60901436 5.84845126e+00
91.22992652 27.30893463 -21.60644998 4.74805634e+00
91.03120385 27.38268182 -23.13386110 5.37714392e+00
91.59532339 27.51813626 -25.85796003 7.98485697e+00
91.59990647 27.41624679 -23.93533806 7.38365362e+00
91.15261408 27.48120016 -25.25791857 7.21050484e+00
91.27417962 27.37653439 -23.15033387 5.82181304e+00
90.78797296 27.49604957 -25.22233415 7.91399585e+00
90.78840432 27.39350910 -23.10962786 7.03081152e+00
90.98685609 27.31611189 -21.59440911 4.19307472e+00
90.74994863 27.42963310 -23.87099404 7.97237164e+00
90.74395306 27.32741466 -21.57371725 6.20222204e+00
90.66704352 27.39974657 -23.09535582 8.11589790e+00
91.02543148 27.28046318 -20.82870575 3.71043809e+00
90.90978555 27.38770714 -23.12257111 6.12669622e+00
91.15266943 27.37881394 -23.14250207 5.21111419e+00
91.10836796 27.31181028 -21.60133257 4.03101263e+00
90.66098572 27.29752112 -20.80011520 6.30721461e+00
90.50729604 27.44238016 -23.83541551 8.70548217e+00
90.53953350 27.30392016 -20.78583389 6.77460790e+00
90.62323946 27.23114252 -18.06822705 5.76998144e+00
90.37967428 27.34645064 -21.52060672 7.23271541e+00
90.26459477 27.45481227 -23.79434343 7.54361385e+00
89.90035653 27.47117455 -23.73678891 5.35638310e+00
89.93862906 27.43540983 -22.97991643 5.69408490e+00
89.81714545 27.44031737 -22.96495116 4.77271591e+00
89.89369516 27.36887772 -21.36140365 5.23261402e+00
89.69564420 27.44497803 -22.95477168 3.56842907e+00
89.77214243 27.37369816 -21.32831340 4.08105640e+00
89.29295827 27.49415244 -23.75217680 2.45795461e+00
89.52899545 27.38280328 -21.28986664 2.50975387e+00
88.95923896 27.37240888 -20.65263041 2.70360454e+00
88.84516324 27.48062908 -23.15462151 2.46535666e+00
88.80718083 27.51679250 -23.96839574 2.46544182e+00
88.92119194 27.40843748 -21.51860322 2.72453936e+00
89.28583398 27.39201436 -21.31359023 2.64540471e+00
89.20238912 27.36127530 -20.45469846 2.51395143e+00
89.15989684 27.60188347 -25.76162564 2.50097176e+00
89.57413044 27.44948244 -22.95144724 2.99668785e+00
88.84266662 27.58294576 -25.31143843 2.42361851e+00
89.08584632 27.57098293 -25.19507613 2.46411442e+00
89.28172674 27.59697436 -25.73018614 2.53950059e+00
89.69406217 27.54757332 -25.08753077 4.32305962e+00
89.89088581 27.57413997 -25.70081403 5.56790860e+00
90.14320779 27.46060854 -23.77307018 7.28785277e+00
90.18152642 27.42461967 -23.01810584 7.16035420e+00
90.25821757 27.35253953 -21.48168825 6.93699482e+00
90.38595610 27.44870823 -23.81517764 8.13170233e+00
90.18046068 27.52726249 -25.13549707 7.27481773e+00
90.62125449 27.53890231 -25.78640493 8.53441083e+00
90.62862267 27.43595805 -23.85439558 8.55098969e+00
90.05889625 27.53282999 -25.11884356 6.39229870e+00
90.13444067 27.56361045 -25.72536822 7.12687057e+00
89.65742248 27.48057890 -23.71742350 3.60033398e+00
89.76907452 27.57892298 -25.69359276 4.94047158e+00
89.53593656 27.48504662 -23.71917680 2.94201811e+00
89.57241843 27.55204617 -25.08901821 3.33123450e+00
89.64724702 27.58347964 -25.69139591 4.32311417e+00
89.40152158 27.69488973 -27.42575271 3.10976480e+00
89.45076810 27.55648214 -25.09887744 2.72531787e+00
89.52540883 27.58791477 -25.69591037 3.26819679e+00
89.03808554 27.60724072 -25.80221548 2.48543725e+00
88.82998829 27.68583706 -27.00076985 2.49686522e+00
88.92858441 27.51031368 -23.89680056 2.40558970e+00
88.79454734 27.61965241 -25.90468848 2.45375781e+00
89.32911783 27.56102264 -25.11944560 2.49705821e+00
89.19584893 27.66864681 -26.90223058 2.60787391e+00
88.91630039 27.61314623 -25.85001230 2.46936661e+00
88.79184115 27.72199317 -27.55670297 2.52328216e+00
89.07386922 27.67382973 -26.93074210 2.54063891e+00
88.91372642 27.71551928 -27.52012620 2.53357401e+00
89.40356654 27.59236639 -25.70815202 2.70365663e+00
89.27954973 27.69946107 -27.44167806 2.74923854e+00
90.01267589 27.56905235 -25.71207676 6.09158450e+00
89.68384731 27.65048568 -26.85337150 5.03623807e+00
89.76742449 27.68153178 -27.41153531 5.65242106e+00
89.28665720 27.80158080 -29.10819147 3.10044548e+00
90.25505112 27.66045629 -27.43951268 7.95338865e+00
90.42351065 27.51515116 -25.17270118 8.27592682e+00
90.62051435 27.64149869 -27.46939226 9.21879199e+00
90.66648637 27.50232187 -25.20764740 8.38167853e+00
90.86413093 27.62902273 -27.48654338 8.68707530e+00
90.90277537 27.59303732 -26.94231971 8.49093144e+00
90.74292779 27.53252952 -25.79994775 8.28987238e+00
90.65908656 27.60526746 -26.92390986 8.86613331e+00
90.53725406 27.61173323 -26.91294486 9.01875232e+00
90.49957931 27.54535492 -25.77155165 8.52560948e+00
90.29354724 27.62435675 -26.89066569 8.11066690e+00
90.37789001 27.55170289 -25.75637825 8.29660637e+00
90.86461483 27.52648027 -25.81154317 7.88333948e+00
90.87128978 27.42365425 -23.88524088 7.02104000e+00
91.10809442 27.51664609 -25.83190892 7.93979800e+00
91.11408038 27.41403687 -23.90932723 5.85664096e+00
91.27425049 27.47885250 -25.26728232 7.08712729e+00
91.35704164 27.41025386 -23.92589285 6.73122840e+00
91.35177341 27.61488673 -27.51159803 9.88895387e+00
91.47358266 27.51386282 -25.85194536 7.36685088e+00
91.26858317 27.58132833 -26.96299975 9.35270247e+00
91.22990447 27.51364891 -25.83988063 7.86689398e+00
91.39058938 27.58090454 -26.96840262 8.48158853e+00
91.51753380 27.48092476 -25.28033690 7.40679418e+00
91.63441077 27.58836446 -26.97742786 9.06306123e+00
91.63901932 27.48645578 -25.28519218 8.18537013e+00
91.71683652 27.52594784 -25.86126859 9.18026962e+00
91.47373663 27.61613326 -27.51571959 9.09852801e+00
91.02466457 27.58786378 -26.95009988 8.83250576e+00
91.11361647 27.72132234 -29.13728705 1.11449197e+01
91.51256645 27.58304573 -26.97249057 8.32733871e+00
91.83849736 27.63970951 -27.52812129 1.34927825e+01
91.39612655 27.68318703 -28.60255102 1.24039879e+01
91.47921680 27.71844284 -29.14947460 1.40089113e+01
90.87006348 27.73123403 -29.12767843 9.47770444e+00
91.10786501 27.61910144 -27.50065446 9.84631186e+00
90.99181773 27.72577738 -29.13288098 9.96043027e+00
91.35734466 27.71715542 -29.14553120 1.30895196e+01
91.03047375 27.69007811 -28.58840545 9.82686439e+00
90.98541615 27.82850814 -30.46642553 1.07832450e+01
91.23546375 27.71829072 -29.14155375 1.22000645e+01
91.15225359 27.78842366 -30.07796507 1.20970961e+01
90.90867566 27.69524920 -28.58278890 9.27490573e+00
90.90834837 27.79774722 -30.07041988 1.00287895e+01
91.27421125 27.68357699 -28.59781109 1.17730988e+01
91.27427731 27.78588345 -30.08097852 1.32096799e+01
90.25290809 27.86572527 -30.44670198 8.23303060e+00
90.42167920 27.72039884 -28.55564491 8.99266542e+00
90.78691336 27.70116252 -28.57663748 9.27048107e+00
90.74123292 27.84022440 -30.45969353 1.00333245e+01
90.42082495 27.82302273 -30.05430473 9.03508305e+00
90.29990782 27.72662459 -28.54807845 8.22130831e+00
90.62662979 27.74372683 -29.11677925 9.71658423e+00
90.54343011 27.71397061 -28.56285425 9.47750762e+00
90.41541083 27.61814635 -26.90196501 8.77505729e+00
90.01786116 27.77398476 -29.08799837 6.95966610e+00
90.50491769 27.75021227 -29.11071986 9.51366138e+00
90.49871044 27.64797028 -27.45968115 9.17846569e+00
90.38319116 27.75659064 -29.10481322 8.78211004e+00
90.37689208 27.65433325 -27.45006315 8.73924584e+00
90.13318325 27.66625380 -27.43045103 7.08087082e+00
89.93443309 27.74331203 -28.52949133 6.57019816e+00
90.01128804 27.67169232 -27.42184641 6.52978677e+00
89.56695959 27.85972380 -30.04562502 5.96085049e+00
89.80583146 27.64587843 -26.85562172 5.53256617e+00
89.56875594 27.75717427 -28.52944161 4.98284016e+00
89.64546550 27.68606383 -27.41141200 5.10761089e+00
89.53042756 27.79270215 -29.08884514 4.99598505e+00
89.52349568 27.69047032 -27.41603320 3.94042031e+00
89.44684165 27.76154491 -28.53629987 3.75241785e+00
89.20301877 27.77071590 -28.56406362 2.82072968e+00
89.15758762 27.70433203 -27.46420769 2.62997821e+00
88.95925532 27.78142299 -28.60499733 2.59746359e+00
89.03564405 27.70965195 -27.49028169 2.54766346e+00
88.92109094 27.81737037 -29.15997802 2.63454614e+00
89.27524633 27.90437329 -30.46094446 3.69327629e+00
88.78644470 27.92654089 -30.50084140 2.83394852e+00
88.95677586 27.88373320 -30.09433375 2.73241276e+00
89.08112544 27.77581100 -28.58298615 2.68709307e+00
89.03079388 27.91435981 -30.48041784 2.90736580e+00
89.32492695 27.76601115 -28.54778302 3.05200498e+00
89.27296794 28.00683339 -31.57590038 4.39160702e+00
89.68900259 27.85533995 -30.04254730 6.80630604e+00
89.65230855 27.78832875 -29.08452849 6.07311211e+00
89.77417810 27.78381658 -29.08332729 6.58036183e+00
89.69066333 27.75275916 -28.52620352 5.93001831e+00
89.88936696 27.67676654 -27.41538198 5.97946840e+00
89.81255737 27.74816736 -28.52669959 6.37385950e+00
90.16806063 27.93816860 -31.20017120 8.06648160e+00
90.54270856 27.81657661 -30.05845981 9.63939890e+00
90.13077242 27.87152162 -30.44427530 7.81203252e+00
90.05502931 27.84074477 -30.04384839 7.38817605e+00
89.64197692 27.89121038 -30.44424030 6.93046506e+00
89.55622806 27.96259021 -31.20526250 6.86421344e+00
89.32285841 27.86847700 -30.05908684 3.66897173e+00
89.43381726 27.96689689 -31.20983838 5.39177851e+00
89.51973616 27.89555293 -30.44784483 5.92138936e+00
89.18900051 27.97592857 -31.22228627 3.62596036e+00
89.39749048 27.89989379 -30.45344346 4.45817207e+00
89.15301113 27.90914269 -30.47003640 3.17534002e+00
89.07878318 27.87817169 -30.08125907 2.91161457e+00
89.06661009 27.98096105 -31.22999601 3.12981848e+00
88.83479878 27.88989325 -30.10730709 2.74286205e+00
88.78361333 28.02883697 -31.60445075 3.11569393e+00
89.20081356 27.87313045 -30.06928795 3.16504085e+00
89.15059443 28.01155551 -31.58308711 3.64782257e+00
88.95155483 28.08838896 -32.31176545 3.22786103e+00
89.02823867 28.01672566 -31.59082525 3.14179917e+00
89.15776392 28.11357311 -32.65792266 4.54164242e+00
89.31140574 27.97129361 -31.21530701 4.34165863e+00
89.31846923 28.07341781 -32.29039616 5.47231211e+00
89.39535011 28.00239721 -31.56984431 5.40427996e+00
89.76247818 27.98932345 -31.55890566 7.99993856e+00
89.68544048 28.06049761 -32.27629393 8.43043161e+00
89.88482720 27.98460987 -31.55703868 8.02279576e+00
89.80774434 28.05597393 -32.27371035 8.45448880e+00
90.00715399 27.97957011 -31.55639198 8.09498264e+00
89.93002893 28.05116503 -32.27141505 8.38689702e+00
90.25812728 28.07062952 -32.62775010 8.74325148e+00
90.41261632 27.92602205 -31.20368810 9.03989877e+00
90.41890076 28.02827433 -32.27284658 9.24917031e+00
90.53485846 27.91956314 -31.20609950 9.74544708e+00
90.54105438 28.02180028 -32.27478352 9.74924544e+00
90.86280020 27.93660800 -31.57009144 1.05854079e+01
90.49618834 27.95581782 -31.56149782 9.55650637e+00
90.66458085 27.81007118 -30.06257228 9.90201245e+00
90.37501585 27.85958934 -30.44971814 8.79401365e+00
90.37396923 27.96221920 -31.55947371 8.96907829e+00
90.65708802 27.91302772 -31.20877879 1.00318316e+01
90.78645518 27.80370562 -30.06647057 9.84846530e+00
90.29892025 27.82925841 -30.05038009 8.32810279e+00
90.29035212 27.93225611 -31.20182562 8.60438677e+00
90.74058994 27.94280164 -31.56689078 1.02620893e+01
90.86330977 27.83406376 -30.46322589 1.01478759e+01
90.98503951 27.93101042 -31.57345356 1.14017354e+01
91.10756644 27.82392515 -30.46997865 1.21047999e+01
91.26855401 27.88834554 -31.22560066 1.39967438e+01
91.47423401 27.82051980 -30.48144890 1.62332890e+01
90.90749714 28.00279001 -32.28408273 1.09723221e+01
90.90156580 27.90058127 -31.21491981 1.05850773e+01
91.10732243 27.92637614 -31.57727506 1.29247554e+01
91.02384771 27.89525620 -31.21776528 1.15837597e+01
91.47439058 27.92276955 -31.59277483 1.64059802e+01
91.63559676 27.89466440 -31.24196147 1.89474036e+01
90.77931817 27.90661172 -31.21162047 1.02550469e+01
90.78533735 28.00882477 -32.28037317 1.04728674e+01
91.39095845 27.88769926 -31.23073321 1.51627074e+01
91.35202428 27.92175438 -31.58666240 1.51162185e+01
91.88432666 28.01864473 -32.33761514 2.63199350e+01
91.75758761 27.90337584 -31.24853220 2.17445193e+01
92.00505045 28.03593053 -32.35092278 3.16128948e+01
91.84041080 27.94558819 -31.61309729 2.43925262e+01
91.87911250 27.91616889 -31.25409365 2.51137279e+01
91.99993916 27.93339044 -31.26191647 3.10249045e+01
92.43936057 28.17277431 -32.75452240 2.95199967e+01
92.66054324 28.04834961 -30.57208334 3.37073930e+01
93.02503296 28.27833804 -31.37448611 3.74304392e+01
92.77757844 28.29827463 -32.80193422 3.22324800e+01
92.43466228 28.07003169 -31.65940554 3.05576770e+01
92.47336665 27.94739421 -30.15703540 3.24941912e+01
93.20021789 28.30229779 -30.67360042 4.16348463e+01
92.91754526 28.22636917 -31.35945016 3.59994206e+01
92.88099319 28.14211928 -30.60673194 3.70874896e+01
92.80852252 28.17699459 -31.34705189 3.45174335e+01
92.77157924 28.09372898 -30.59013005 3.53310931e+01
92.58554444 28.08743955 -31.31263492 3.18549394e+01
92.47148958 28.04805479 -31.30091019 3.10164058e+01
92.54923019 28.10814365 -31.67310536 3.12205033e+01
92.20072150 28.00654203 -31.64064829 3.24882063e+01
92.31729921 27.93432918 -30.53034574 3.22459443e+01
92.08165050 27.98161095 -31.63055703 3.38226113e+01
92.12289868 27.85417929 -30.12338929 3.41984047e+01
92.11981844 27.95519828 -31.27189694 3.42603099e+01
92.19971068 27.90475220 -30.52318314 3.37988290e+01
91.96146271 27.96131979 -31.62105118 2.98559023e+01
92.00342166 27.83218254 -30.11224207 2.85302319e+01
91.96420001 27.75821517 -29.17001205 2.42395569e+01
91.96074362 27.85940311 -30.50382394 2.78906643e+01
91.88222571 27.71286804 -28.62049711 1.73786992e+01
91.88298973 27.81474897 -30.10591244 2.31707721e+01
91.60099472 27.72269172 -29.15362593 1.39419427e+01
91.51834695 27.78751655 -30.08858704 1.64032015e+01
91.63976163 27.69074191 -28.61136631 1.19295011e+01
91.64023658 27.79279138 -30.09406577 1.79726139e+01
92.00251193 27.73036177 -28.62330749 2.35834679e+01
92.19749804 27.70124274 -27.53716402 3.15455162e+01
91.76123448 27.69975898 -28.61583123 1.37274882e+01
91.84368911 27.74218340 -29.16481563 1.87697201e+01
91.59560745 27.62033393 -27.52034995 9.46863050e+00
91.51801166 27.68537109 -28.60583858 1.22114893e+01
92.43521691 27.86766319 -29.21051752 3.36721872e+01
92.66163327 27.94774218 -29.23409660 3.56351472e+01
92.12183965 27.75242158 -28.63171121 3.08318743e+01
92.20235906 27.80390773 -29.18756079 3.49213071e+01
92.77231416 27.99308571 -29.25290225 3.74771337e+01
92.76807956 27.89024476 -27.56525334 4.03598601e+01
92.54926752 27.90581963 -29.22403519 3.43574581e+01
92.54780469 28.00643066 -30.55556709 3.24912830e+01
92.80928320 28.07635131 -30.21228365 3.64595692e+01
92.98889735 28.09244594 -29.29839406 4.17590640e+01
92.91796324 28.12566836 -30.23187784 3.83449102e+01
93.02309306 28.07571592 -28.73294200 4.34164663e+01
92.47189156 27.84569597 -28.65954670 3.44293434e+01
92.43336794 27.96831267 -30.54190806 3.18055430e+01
92.35671096 27.81024241 -28.64907167 3.46053796e+01
92.35805527 27.91193965 -30.14399159 3.25841850e+01
93.02512440 28.17755249 -30.25901845 4.01826076e+01
93.09496495 28.14581710 -29.32777871 4.38340821e+01
93.33619765 28.24374493 -28.81169769 4.90825216e+01
93.13085769 28.23170678 -30.28403721 4.18281867e+01
93.44061777 28.40513463 -30.37238618 4.43498394e+01
93.33848471 28.34574234 -30.34414584 4.40111084e+01
93.43482387 28.20034355 -27.07817020 5.80244131e+01
93.30314982 28.25854895 -29.38674125 4.70620553e+01
93.29954318 28.15577323 -27.64103350 5.35791500e+01
93.19967262 28.20127919 -29.35417158 4.56374757e+01
93.50351100 28.27489972 -27.67761610 5.68446890e+01
93.40551867 28.31738428 -29.41506775 4.80044897e+01
93.19594278 28.09847560 -27.61772156 5.12142697e+01
93.12873537 28.12982113 -28.75799122 4.55901624e+01
94.03097503 28.57886323 -27.20969423 4.17728120e+01
94.00208202 28.69376484 -29.57704285 3.70001856e+01
93.70387467 28.39884583 -27.72396300 5.81600550e+01
93.83778974 28.55194699 -28.94034216 4.89747524e+01
93.70699506 28.50146801 -29.49171869 4.72249490e+01
93.73902025 28.48829388 -28.91333159 4.98771632e+01
93.99932913 28.59127767 -27.81076504 4.24569730e+01
93.93315596 28.51381426 -27.17769680 5.01464128e+01
93.60733115 28.43902047 -29.46554338 4.82078994e+01
93.61137208 28.64274518 -31.85127485 3.67152568e+01
93.53933897 28.36372795 -28.85717916 5.08529236e+01
93.50825218 28.47907106 -30.74858442 4.26225390e+01
93.63956415 28.42551365 -28.88796383 5.07461827e+01
93.60897068 28.54065295 -30.77110786 4.16529813e+01
94.03901206 28.88615960 -31.58372313 2.24305759e+01
93.94102696 28.82088943 -31.56413055 2.82036112e+01
94.00735245 28.89849877 -31.93106548 2.29197115e+01
93.74346279 28.69234054 -31.52064993 3.55323737e+01
93.90665158 28.73114742 -30.84394175 3.33907328e+01
93.80808257 28.66681766 -30.81967451 3.73101383e+01
93.54313355 28.56730118 -31.47718357 3.91079022e+01
93.70888798 28.60327497 -30.79552693 3.99978723e+01
93.64206535 28.52770081 -30.42001814 4.31771357e+01
93.50687324 28.37760590 -29.43584555 4.84023116e+01
93.43825580 28.30307597 -28.83181205 5.01508060e+01
93.20230099 28.40416367 -31.77380360 3.83408482e+01
93.13108107 28.33259443 -31.39802141 3.85861365e+01
93.40662988 28.41868924 -30.72642071 4.28759646e+01
93.23526464 28.28786543 -30.31352229 4.31380859e+01
93.33929837 28.44688662 -31.43832076 3.98778324e+01
93.30398296 28.35970519 -30.69943411 4.25176636e+01
93.71135864 28.70543138 -31.87251736 3.46572179e+01
93.24338402 28.59443349 -33.60580781 3.39185387e+01
93.23957004 28.49165656 -32.51023402 3.65062117e+01
93.30615249 28.46162243 -31.79397881 3.87911608e+01
93.81061833 28.76904148 -31.89270262 3.17651942e+01
93.51756116 28.78648973 -34.00232365 3.13005737e+01
93.84253981 28.75624522 -31.54244711 3.24202292e+01
93.64699071 28.73196234 -32.57874750 3.35325792e+01
93.91224454 28.93597060 -32.97835166 2.46256605e+01
93.90924879 28.83344144 -31.91287255 2.78990856e+01
93.71459406 28.80804655 -32.94930531 3.07555010e+01
93.94396919 28.92340431 -32.62904751 2.45324355e+01
93.55001160 28.77266608 -33.64486834 3.18789896e+01
93.74986682 28.89754196 -33.66905029 2.79742849e+01
93.41247393 28.62339144 -32.90332557 3.53293720e+01
93.81373426 28.87161414 -32.96372810 2.79874093e+01
93.74664580 28.79494248 -32.59586594 3.12271162e+01
94.01022697 29.00098418 -32.99000346 2.06691199e+01
93.94695137 29.02591805 -33.68946194 2.22708172e+01
94.01314209 29.10346890 -34.04517188 1.92692898e+01
93.84870472 28.96136110 -33.67976021 2.52929513e+01
93.65297750 28.93677510 -34.70338684 2.74743180e+01
94.04183216 28.98863072 -32.64076343 2.00680213e+01
94.04469313 29.09110139 -33.69501755 1.87321708e+01
93.13891858 28.53819810 -33.58849088 3.37233053e+01
92.92792101 28.53377107 -34.63560203 3.07401699e+01
93.20999855 28.60973514 -33.96619724 3.31772194e+01
93.14116290 28.64005273 -34.66025350 3.15638782e+01
93.41610088 28.72611750 -33.99089512 3.24143906e+01
93.34295930 28.54964011 -32.52795678 3.66042616e+01
93.31360991 28.66714180 -33.97967513 3.29746910e+01
93.30986443 28.56438465 -32.88557868 3.56974545e+01
93.44525058 28.60914815 -32.54596831 3.61600811e+01
93.51058045 28.58110194 -31.83289430 3.80517329e+01
93.44882606 28.71186488 -33.63245173 3.30610194e+01
93.51405297 28.68379781 -32.91763915 3.44038271e+01
93.61472615 28.74540178 -32.93293885 3.28877451e+01
93.54655458 28.66998550 -32.56117693 3.51652017e+01
93.09720025 28.34853414 -31.75445621 3.75532294e+01
92.99479742 28.39784012 -32.83281331 3.43254915e+01
92.99072058 28.29501836 -31.73183730 3.63924809e+01
92.92169530 28.32919627 -32.45739420 3.41323426e+01
92.77325248 28.19545424 -31.70795806 3.36480224e+01
92.66655120 28.25285954 -32.78834145 3.11112647e+01
92.66209974 28.15005540 -31.69119946 3.23422767e+01
92.59007049 28.19023003 -32.41294813 3.07144380e+01
92.48081239 28.25356530 -33.49855712 2.89215559e+01
91.60211219 28.02906315 -32.67785294 1.83749486e+01
92.12482151 28.05780118 -32.36129742 3.28956202e+01
92.23850024 27.98167382 -31.28021972 3.24830210e+01
92.36055370 28.11539558 -32.38000192 2.97483668e+01
92.31845124 28.03608372 -31.64634411 3.06418617e+01
91.88955775 28.12111572 -33.42485037 2.78822269e+01
92.20565628 28.10918300 -32.73039653 3.11055355e+01
91.72408629 28.03657756 -32.68926682 2.04274164e+01
91.96661486 28.06383629 -32.70848309 3.07210187e+01
92.12984440 28.16039813 -33.45642283 3.14621561e+01
92.24338955 28.08433652 -32.36840750 3.10215773e+01
92.24830010 28.18699285 -33.46580127 2.94308517e+01
92.32326964 28.13878012 -32.74163673 2.95014896e+01
92.44408246 28.27551005 -33.86189589 2.84862046e+01
92.13096648 28.26210733 -34.53191250 2.98410102e+01
92.55380570 28.21092283 -32.77485999 3.01868200e+01
92.47613896 28.15081349 -32.39351258 2.99874968e+01
92.92587460 28.43201681 -33.55499255 3.24207634e+01
92.88698205 28.34669044 -32.81591556 3.33487318e+01
92.89121243 28.44950869 -33.91819076 3.16646787e+01
92.70851435 28.43787719 -34.61138265 2.92974196e+01
92.78193200 28.40108814 -33.90892431 3.08051420e+01
92.67001835 28.45620632 -34.94818246 2.87157858e+01
92.67102896 28.35565668 -33.89609477 2.99277628e+01
92.59632079 28.39466603 -34.59558190 2.85454585e+01
92.70747767 28.53843162 -35.58721723 2.81303535e+01
92.89281003 28.65186868 -35.89289871 2.86608202e+01
92.32811022 28.24146990 -33.84167149 2.83635873e+01
92.08873879 28.28770209 -34.87382288 2.99363076e+01
92.21061184 28.21181770 -33.83059653 2.92736259e+01
92.01114373 28.24024122 -34.51484645 3.15444983e+01
92.09176219 28.18676618 -33.81621188 3.13962899e+01
91.96834697 28.26747301 -34.85807484 3.13260586e+01
91.97178490 28.16634752 -33.79660200 3.13159777e+01
91.72520578 28.24054616 -34.82855686 2.60003427e+01
91.96911495 28.36934350 -35.80464414 2.98852330e+01
92.67167108 28.55786715 -35.87509961 2.76177994e+01
92.20908165 28.41433600 -35.83155667 2.67167551e+01
92.36677104 28.31975252 -34.56348291 2.76945063e+01
92.32714283 28.44383842 -35.84229915 2.64027584e+01
92.48237311 28.35521811 -34.58005231 2.79663971e+01
92.24693859 28.38946772 -35.53894373 2.69406897e+01
92.01287645 28.44389748 -36.40712085 2.82205506e+01
92.36455147 28.42042786 -35.55121708 2.67458335e+01
92.44367151 28.47776615 -35.85187554 2.66119962e+01
92.55852798 28.51591328 -35.86404553 2.70652811e+01
92.21411032 28.51694538 -36.72329508 2.55528146e+01
92.55701385 28.41424578 -34.93570005 2.80518245e+01
92.48055881 28.45581537 -35.56297411 2.70221793e+01
92.89713515 28.75466641 -36.76565106 2.73121351e+01
93.55408269 28.97619648 -35.64310636 2.68914437e+01
93.21065885 28.71071628 -35.00208083 3.09182436e+01
93.41972635 28.92934091 -35.92454204 2.77245154e+01
93.03526220 28.58577600 -34.64831080 3.12713439e+01
93.21286664 28.81255208 -35.91459225 2.89996789e+01
92.89091436 28.55016169 -34.97248396 3.00856684e+01
93.10549319 28.65500082 -34.99333171 3.09112706e+01
93.03527369 28.68651632 -35.61467693 2.95843083e+01
93.10760230 28.75678906 -35.90698869 2.91403836e+01
93.52154151 28.98994031 -35.92798709 2.65800832e+01
93.45254619 28.91516560 -35.63797740 2.81170788e+01
92.78305926 28.60336185 -35.88736814 2.81916806e+01
93.00094319 28.70314601 -35.89914297 2.90464292e+01
93.61811693 28.84805505 -34.01288926 2.97596637e+01
93.45132495 28.81390187 -34.68786586 3.03567216e+01
93.65033002 28.83460318 -33.65742199 3.02075266e+01
93.55258627 28.87476986 -34.69695629 2.91551074e+01
93.61989598 28.94966666 -35.02999856 2.71722615e+01
93.75258311 28.99978482 -34.70944294 2.54855888e+01
93.91527995 29.03849840 -34.03957460 2.24167231e+01
93.81917898 29.07616084 -35.03818510 2.31262992e+01
93.94979463 29.12831018 -34.71836690 2.06331323e+01
93.72591427 29.21719684 -36.79855181 2.19484140e+01
93.71990543 29.01244933 -35.03438689 2.53080658e+01
93.62244166 29.05174173 -35.93280538 2.51471679e+01
94.01591872 29.20583260 -35.04308391 1.82712987e+01
93.92057090 29.24295282 -35.93895438 1.96586142e+01
93.42346196 29.03205429 -36.78645641 2.58448592e+01
93.85376215 29.16563912 -35.65125677 2.15617024e+01
93.75794459 29.20415333 -36.51050142 2.19992748e+01
93.95231730 29.23046304 -35.65279219 1.94829207e+01
93.82186817 29.17837413 -35.93686099 2.16065871e+01
93.75460678 29.10156070 -35.64873327 2.35414932e+01
93.72252503 29.11459183 -35.93453106 2.34573987e+01
93.65474140 29.03837248 -35.64679639 2.53425829e+01
93.31686362 28.87015522 -35.92191357 2.85189333e+01
93.21757398 29.01626629 -37.65209974 2.55418930e+01
93.24635807 28.79731816 -35.62963490 2.95049482e+01
93.04165980 28.89108620 -37.34935266 2.64810103e+01
93.35000971 28.85547268 -35.63451590 2.89920418e+01
93.21683494 28.91531912 -36.78014424 2.71857252e+01
93.14149603 28.74089930 -35.62011640 2.96970815e+01
93.03942815 28.78931239 -36.47915899 2.80082282e+01
93.52676934 29.19403868 -37.65969806 2.31469350e+01
93.35381135 28.95820760 -36.49656699 2.70541978e+01
93.62594609 29.15438579 -36.79572370 2.34297539e+01
93.55765163 29.07886676 -36.50481937 2.49810071e+01
93.52516087 29.09262130 -36.79209677 2.47380229e+01
93.45623109 29.01787030 -36.50182913 2.61508303e+01
93.92638002 29.44763701 -37.66534417 1.79866142e+01
93.95542085 29.33297356 -36.51362816 1.85971665e+01
94.02177425 29.41067842 -36.80422026 1.70411457e+01
94.01873618 29.30819570 -35.94134319 1.76041583e+01
94.05636915 29.50085920 -37.38212910 1.62783221e+01
93.92372704 29.34547676 -36.80035132 1.87460488e+01
93.85988121 29.37050029 -37.37551657 1.93078936e+01
93.85698322 29.26819111 -36.51128176 2.03261805e+01
93.76077388 29.30638596 -37.37498780 2.07304160e+01
93.96102515 29.53750746 -38.24439361 1.72322954e+01
93.92925369 29.54991771 -38.53188273 1.73130213e+01
94.05925570 29.60320611 -38.24757708 1.58997246e+01
93.95838448 29.43536128 -37.37802156 1.78651979e+01
93.86227032 29.47245110 -38.24064629 1.84368109e+01
93.66281803 29.34474249 -38.24115359 2.08043407e+01
93.82754333 29.38290391 -37.66332958 1.93491325e+01
93.72805929 29.31897197 -37.66290304 2.06858352e+01
93.56192479 29.28235909 -38.23872948 2.19124541e+01
93.83034746 29.48510805 -38.52989099 1.84418453e+01
94.02761260 29.61539879 -38.53544084 1.61164786e+01
93.63047939 29.35803867 -38.52958580 2.06862863e+01
93.43254188 29.43915206 -40.35874247 2.00275651e+01
93.46014380 29.22112628 -38.23572870 2.28919222e+01
93.35734969 29.16124031 -38.23314916 2.37169714e+01
93.35632769 29.06015873 -37.35941984 2.53132967e+01
93.21987220 29.11807624 -38.52271961 2.39999455e+01
91.89262391 28.52856153 -37.29723242 2.67223016e+01
92.82415801 28.88995475 -38.21736202 2.49056235e+01
93.25270244 29.00196878 -37.36244869 2.59473512e+01
92.71289337 28.84336407 -38.22357796 2.46704943e+01
93.62782657 29.25597842 -37.66153919 2.19748888e+01
93.56033148 29.18095475 -37.37093998 2.33502251e+01
93.25027617 28.90007983 -36.49360531 2.76537478e+01
93.14553201 28.84368132 -36.48800347 2.79430341e+01
93.32175422 29.07399077 -37.65202823 2.49639737e+01
93.32071507 28.97289812 -36.78330137 2.66589073e+01
92.93399986 28.83894515 -37.34780812 2.64130643e+01
92.59992365 28.80009976 -38.21681753 2.43722925e+01
92.89689709 28.85527432 -37.63590406 2.59530370e+01
92.13112401 28.66819604 -38.20450425 2.38000892e+01
93.14827152 29.04631867 -38.22931223 2.47876888e+01
93.14786480 28.94550933 -37.35749955 2.63364687e+01
92.93373895 28.93955147 -38.22053633 2.50520941e+01
93.00524805 28.90664623 -37.64026072 2.59834230e+01
92.48693257 28.66015642 -37.32561140 2.50827851e+01
92.01039852 28.64672507 -38.20015383 2.43722016e+01
92.48998629 28.86339993 -39.10207990 2.30131557e+01
92.21263121 28.71936242 -38.50313078 2.32834989e+01
92.89886924 28.95694757 -38.51167459 2.45827274e+01
92.78875538 28.90834380 -38.51649749 2.44592396e+01
92.21773250 28.82194542 -39.39841051 2.22321428e+01
92.56185841 28.71915871 -37.62693213 2.50068050e+01
92.13628687 28.77074227 -39.09889889 2.25876241e+01
92.36870121 28.72533499 -38.21119709 2.37903430e+01
92.21151382 28.61766524 -37.61306132 2.44089867e+01
91.64356090 28.60933713 -38.18365281 2.44189680e+01
92.37089922 28.62471773 -37.32244134 2.47992309e+01
92.67527243 28.76113901 -37.63137966 2.53429915e+01
92.25061823 28.69447466 -38.20820802 2.36759743e+01
92.33116031 28.74877266 -38.50658646 2.34115611e+01
92.09177031 28.59294126 -37.60640667 2.48876851e+01
91.52049883 28.60481571 -38.17781012 2.31858413e+01
92.48514853 28.76069755 -38.21317710 2.40371058e+01
92.56343213 28.82078702 -38.51047323 2.39173068e+01
92.56321315 28.61866173 -36.74219415 2.60486616e+01
92.25324001 28.59373767 -37.32062906 2.47559079e+01
92.33206056 28.54650323 -36.72954724 2.54212985e+01
92.01386998 28.54563462 -37.30528200 2.61700045e+01
92.32988761 28.64710767 -37.62038639 2.44134235e+01
92.36942402 28.52311086 -36.43430102 2.57915597e+01
92.78690916 28.80669555 -37.63345978 2.56865723e+01
92.67623724 28.66064112 -36.75356011 2.65219414e+01
92.82477645 28.78941258 -37.34314008 2.62013981e+01
93.00514776 28.80594239 -36.76534473 2.74820773e+01
93.11211441 28.96039161 -37.64495874 2.58958558e+01
93.11168799 28.85957478 -36.77570773 2.74802323e+01
92.60130294 28.69959661 -37.33485829 2.54382535e+01
92.71199424 28.64121561 -36.46464359 2.69898047e+01
92.71388338 28.74286098 -37.34039695 2.58426169e+01
92.78750431 28.70615369 -36.76116074 2.69439194e+01
92.59490269 28.49522315 -35.57618298 2.75211308e+01
92.59954020 28.59798298 -36.45187867 2.65115352e+01
92.81836750 28.58493878 -35.60005454 2.87276932e+01
92.82276337 28.68773564 -36.47176766 2.74643450e+01
92.92759914 28.63442216 -35.60413170 2.92514579e+01
92.93187414 28.73722272 -36.47409572 2.78001700e+01
92.08965906 28.38951136 -35.81804391 2.82456813e+01
92.13417090 28.56730002 -37.30988650 2.51859190e+01
92.00768107 28.34138631 -35.50972637 3.02205235e+01
91.97434927 28.47183107 -36.70435499 2.77635785e+01
92.25192355 28.49209913 -36.43015831 2.58399838e+01
92.09479322 28.49206184 -36.71152769 2.64994734e+01
92.12791778 28.36306075 -35.52536882 2.83732347e+01
92.13301096 28.46563286 -36.41736853 2.67814739e+01
91.27992932 28.39978652 -36.34837206 1.73884814e+01
91.48062369 28.33162245 -35.75633171 2.00829996e+01
91.36358814 28.43306741 -36.65672369 1.88058137e+01
91.89036756 28.22295253 -34.49796946 2.99589024e+01
91.35791910 28.33082303 -35.74692094 1.80193902e+01
91.11838462 28.43805058 -36.64413964 1.59729155e+01
90.99585487 28.44285699 -36.63948145 1.44055899e+01
90.86645498 28.55144536 -37.54888603 1.46070276e+01
90.66723732 28.42524700 -36.32694300 1.15239193e+01
90.62081056 28.56451578 -37.54493195 1.34568163e+01
90.53854737 28.32964667 -35.41145882 1.04188817e+01
90.05324135 28.55879758 -37.24048828 1.62405148e+01
90.41597337 28.33616677 -35.41086789 1.00635180e+01
90.01595819 28.49201139 -36.63217249 1.48357511e+01
91.40279221 28.50113343 -37.26507967 2.01103217e+01
91.40258529 28.39895272 -36.35640834 1.90147955e+01
90.62846613 28.46153944 -36.63105450 1.16062722e+01
90.29865731 28.54734536 -37.23881924 1.41270929e+01
90.87336935 28.44860860 -36.63572028 1.31342614e+01
90.66657730 28.52783471 -37.24083499 1.27730399e+01
91.52557919 28.50279067 -37.27164436 2.24925948e+01
91.48621107 28.43390061 -36.66466702 2.10555595e+01
91.60408470 28.53945529 -37.57795714 2.42037738e+01
91.60875533 28.43768025 -36.67329463 2.40533034e+01
91.64825379 28.50754740 -37.27965604 2.46657098e+01
91.64774207 28.40556294 -36.37501198 2.45110459e+01
91.85302969 28.45622811 -36.69384955 2.79973214e+01
91.76999703 28.41412379 -36.38551328 2.71750073e+01
91.72681368 28.54649575 -37.58597787 2.56154099e+01
91.39733333 28.60336894 -38.17324352 2.16588347e+01
91.48115327 28.53591132 -37.57174166 2.21000074e+01
91.02792936 28.61221686 -38.16118563 1.75000061e+01
91.77066557 28.51602547 -37.28802733 2.62762196e+01
91.97169482 28.67473273 -38.49780143 2.39143614e+01
91.60440369 28.64157487 -38.48340850 2.40445868e+01
91.84916437 28.55752276 -37.59350063 2.61330638e+01
91.35815245 28.53529239 -37.56534689 1.99837335e+01
91.15101622 28.60759958 -38.16473623 1.87502311e+01
91.72728775 28.64850809 -38.48873358 2.45683238e+01
91.88873600 28.62987280 -38.19583366 2.49181883e+01
91.15685169 28.70980355 -39.07623755 2.09404549e+01
91.35817233 28.63758590 -38.47463012 2.17144415e+01
91.03384254 28.71441656 -39.07376826 2.00805918e+01
91.27415678 28.60449417 -38.16845866 1.99444837e+01
91.03450139 28.50948482 -37.24893927 1.56631161e+01
90.78188399 28.62417768 -38.15625394 1.54299522e+01
91.23503065 28.63941366 -38.47090244 2.02515271e+01
91.23515765 28.53704792 -37.56037111 1.83991585e+01
90.91183179 28.51502859 -37.24562850 1.43239366e+01
90.74291823 28.66044556 -38.46028208 1.61018793e+01
91.11193443 28.64307720 -38.46736505 1.92229456e+01
91.11220698 28.54063709 -37.55559815 1.72397554e+01
90.74362857 28.55786058 -37.54652708 1.38011565e+01
90.65889192 28.63081213 -38.15465219 1.51252810e+01
90.78971242 28.41870711 -36.32917422 1.21548617e+01
90.78919670 28.52125548 -37.24275047 1.33808176e+01
90.50601363 28.46816523 -36.62990682 1.14756919e+01
90.38354273 28.47463447 -36.62945615 1.18163268e+01
90.12936082 28.58961360 -37.54422803 1.62635370e+01
90.49798492 28.57117495 -37.54388165 1.38805778e+01
89.75856561 28.70705128 -38.46211305 1.78646846e+01
90.04367242 28.66176648 -38.15394400 1.71480753e+01
90.12790800 28.69224740 -38.45781161 1.70396146e+01
90.17596499 28.55327563 -37.23938803 1.51800708e+01
90.25096263 28.68646926 -38.45738639 1.69950397e+01
90.49697968 28.67380675 -38.45793286 1.63386906e+01
90.16677455 28.65627519 -38.15308763 1.68928759e+01
90.25226574 28.58382860 -37.54358217 1.53546182e+01
90.05021455 28.76404705 -39.06725137 1.65629008e+01
90.41288378 28.64407698 -38.15287745 1.59215077e+01
90.25737327 28.78873813 -39.37118767 1.69025613e+01
90.53589636 28.63751056 -38.15350842 1.54305305e+01
89.18139934 28.69230904 -38.17457712 3.12806444e+01
89.14536279 28.62544821 -37.56909988 3.47055236e+01
89.63746158 28.60875817 -37.55259501 2.04842019e+01
89.42780498 28.68395068 -38.16636090 2.48850434e+01
89.30459957 28.68801907 -38.17041639 2.85398947e+01
89.31643907 28.58528049 -37.25923931 3.06419940e+01
89.43926677 28.58118554 -37.25481116 2.64640691e+01
89.51223354 28.71533502 -38.46764862 2.16123382e+01
89.51444012 28.61284662 -37.55611267 2.36091698e+01
89.40283323 28.51414298 -36.64876145 2.64320316e+01
89.19361582 28.58958071 -37.26385096 3.42233759e+01
89.28018161 28.51831661 -36.65350710 3.02082401e+01
89.68490764 28.57298347 -37.24735877 1.96922964e+01
89.55100807 28.67993524 -38.16278017 2.17684037e+01
89.56209171 28.57713399 -37.25079895 2.26924705e+01
89.64812833 28.50592939 -36.64034473 1.93895971e+01
89.26838348 28.62102983 -37.56455953 3.15685152e+01
89.31872659 28.48287663 -36.34840901 2.78952000e+01
89.76047009 28.60448730 -37.54965509 1.85671260e+01
89.77075915 28.50160997 -36.63702949 1.75525468e+01
89.80770819 28.56860281 -37.24448635 1.81245736e+01
89.89337074 28.49699342 -36.63425787 1.61916313e+01
89.88345942 28.59991655 -37.54727255 1.76430324e+01
90.13851702 28.48661719 -36.63060240 1.36247785e+01
90.37513933 28.57765671 -37.54342272 1.44697456e+01
90.42227018 28.43841813 -36.32486467 1.11035296e+01
90.26104512 28.48081236 -36.62974668 1.26360890e+01
90.17721003 28.45063415 -36.32572398 1.24962129e+01
89.88672000 28.39471314 -35.72147885 1.32940412e+01
89.93202919 28.46128453 -36.32920843 1.49968022e+01
90.05463430 28.45616589 -36.32712662 1.36076752e+01
89.68674690 28.47043710 -36.33518419 1.82166075e+01
90.13202880 28.38433771 -35.71709365 1.11811609e+01
90.04808980 28.35388236 -35.41384428 1.11282312e+01
89.92540301 28.35900161 -35.41631512 1.20803000e+01
89.56408019 28.47462961 -36.33904233 2.09472721e+01
89.80269103 28.36374619 -35.41936770 1.33641188e+01
89.55721224 28.37241331 -35.42751577 1.67457414e+01
89.51859383 28.40786201 -35.73290145 1.88947711e+01
89.52548428 28.51006287 -36.64426031 2.26327846e+01
89.31170046 28.38077595 -35.43785721 1.96079464e+01
89.07339273 28.49195968 -36.35840775 3.30936610e+01
89.18894896 28.38520972 -35.44328959 1.94962798e+01
89.02770744 28.42571430 -35.75353545 2.51370885e+01
89.43445730 28.37656317 -35.43246868 1.85606577e+01
89.44140468 28.47872951 -36.34352432 2.44142757e+01
89.93519520 28.25606708 -34.40986494 1.00046365e+01
89.76402795 28.39934325 -35.72469905 1.47807176e+01
89.88839016 28.29211163 -34.76198788 1.07428429e+01
89.67995898 28.36818567 -35.42318082 1.47803758e+01
89.27313441 28.41624171 -35.74315552 2.29811275e+01
89.32334149 28.27798160 -34.43285052 1.12350051e+01
89.15041255 28.42075827 -35.74841112 2.36053399e+01
89.20095832 28.28241604 -34.43910234 9.91199257e+00
89.56811466 28.26957944 -34.42156500 1.19034663e+01
89.64694579 28.09603565 -32.63527671 8.69183719e+00
89.81285346 28.26084661 -34.41307650 1.05920566e+01
89.89814561 28.18918369 -33.70226245 9.34913023e+00
90.30205765 28.23942793 -34.40518881 9.49189730e+00
90.38028288 28.06447629 -32.62887544 9.31370330e+00
90.42518481 28.13052566 -33.34210974 9.59029018e+00
90.17979966 28.24536482 -34.40590646 9.49840513e+00
90.37831446 28.26974313 -34.75565925 9.70380765e+00
90.49977227 28.36592421 -35.71584239 1.03555174e+01
90.25587755 28.27590637 -34.75601626 9.65148075e+00
90.37721880 28.37237840 -35.71551304 1.03457001e+01
90.17074770 28.34835718 -35.41214368 1.05014036e+01
90.25463886 28.37854285 -35.71598227 1.06111230e+01
90.00938845 28.38972750 -35.71899882 1.21160360e+01
90.01091449 28.28710892 -34.75903763 1.01837285e+01
90.29337518 28.34243599 -35.41113185 1.01512532e+01
90.29975491 28.44470160 -36.32495493 1.15729521e+01
90.86737537 28.34640310 -35.72228732 1.23479436e+01
90.91220405 28.41253413 -36.33253189 1.31722127e+01
90.90623897 28.31032964 -35.41919370 1.24635299e+01
91.40234839 28.19443851 -34.44570495 1.75615909e+01
90.98994264 28.34065376 -35.72655998 1.36334471e+01
91.03473007 28.40705002 -36.33660316 1.45522223e+01
91.15150284 28.30043998 -35.43022442 1.52683020e+01
91.15730416 28.40265142 -36.34221509 1.59987058e+01
91.52522244 28.40069563 -36.36461839 2.14325019e+01
91.64227066 28.30322418 -35.46925429 2.37505693e+01
91.60293519 28.23321359 -34.81403598 2.20775091e+01
91.72566959 28.34259043 -35.77918031 2.67651969e+01
91.88649875 28.32431427 -35.49670951 3.02841607e+01
91.89179119 28.42676288 -36.39760797 2.88516395e+01
91.76461312 28.31173190 -35.48234781 2.76189612e+01
91.84770088 28.35380017 -35.79243920 2.95679621e+01
91.51966658 28.29840241 -35.45717237 2.05013235e+01
91.60325112 28.33535845 -35.76717640 2.30400361e+01
91.23532686 28.23002995 -34.78241776 1.58024859e+01
91.27420934 28.29755808 -35.43768178 1.66161632e+01
91.11280416 28.23339822 -34.77430182 1.45244164e+01
91.23521608 28.33240703 -35.73881754 1.64664734e+01
91.24106867 28.12759556 -33.72672152 1.53011713e+01
90.86790536 28.24385756 -34.76355108 1.18630995e+01
91.02884707 28.30484582 -35.42384832 1.38592526e+01
91.11255370 28.33584302 -35.73196695 1.51189587e+01
90.87472948 28.14102473 -33.70805551 1.14668691e+01
90.62311889 28.25670504 -34.75755738 1.06048244e+01
90.66110672 28.32302466 -35.41298031 1.09323179e+01
90.74483642 28.35272590 -35.71911603 1.15385561e+01
91.27997589 28.19511435 -34.43584185 1.59674022e+01
91.35788921 28.22851488 -34.79107788 1.73192166e+01
91.47991927 28.02506519 -32.66919413 1.70036538e+01
91.52434253 28.09422822 -33.38981928 1.82134002e+01
91.64642070 28.09938152 -33.40203741 2.01260554e+01
91.52469824 28.19634654 -34.45714639 1.96735694e+01
91.76289935 28.00579160 -32.33145122 2.13356197e+01
91.60756557 28.13140165 -33.75714502 2.02895546e+01
91.76822655 28.10820316 -33.41321291 2.31504450e+01
91.64692431 28.20139604 -34.47017104 2.25283620e+01
91.84566352 28.04804197 -32.69725823 2.54734144e+01
91.72944942 28.13896891 -33.77013167 2.32937463e+01
91.85093267 28.15049110 -33.78298944 2.74635429e+01
91.76888013 28.21013680 -34.48362510 2.63200443e+01
91.71873813 27.93418216 -31.60724304 2.08021444e+01
91.64100172 27.99702477 -32.32200112 1.84885255e+01
91.39654168 27.98996963 -32.30556276 1.59216418e+01
91.51883476 27.99192007 -32.31233540 1.69524751e+01
91.35764016 28.02401233 -32.66067549 1.59353187e+01
91.36326668 28.12626794 -33.73497824 1.67242180e+01
91.23535720 28.02536567 -32.65429108 1.46782914e+01
91.27990431 28.09282301 -33.37123084 1.54082240e+01
91.11311096 28.02859122 -32.64795110 1.34764513e+01
91.15769912 28.09547401 -33.36447900 1.41787309e+01
90.99091467 28.03321910 -32.64311813 1.19874235e+01
91.11890725 28.13080477 -33.71881249 1.40533779e+01
90.79136047 28.11103683 -33.34908106 1.08278936e+01
91.03554244 28.09967480 -33.35774214 1.27517890e+01
90.04574046 27.94371065 -31.19932856 7.95430547e+00
90.01373001 28.08185902 -32.62792127 8.57616730e+00
90.13594307 28.07643482 -32.62750446 8.64531839e+00
90.26452637 28.17289982 -33.69783560 9.17926596e+00
90.05883292 28.14828497 -33.34200321 8.98957605e+00
90.14242818 28.17871618 -33.69846373 9.15081681e+00
90.30309591 28.13678935 -33.34126847 9.06638681e+00
90.38659560 28.16673243 -33.69828266 9.46991458e+00
90.91309111 28.20749323 -34.41547208 1.20224111e+01
90.91343387 28.10499762 -33.35324520 1.15317868e+01
90.99033280 28.23815497 -34.76840304 1.31047963e+01
90.99679616 28.13542651 -33.71285780 1.25963768e+01
89.76584257 28.29676658 -34.76529258 1.15427640e+01
89.77596724 28.19387613 -33.70544717 9.61080201e+00
89.64327640 28.30114025 -34.76953312 1.25313361e+01
89.69224006 28.16276010 -33.34997012 9.47108394e+00
89.32551929 28.17554063 -33.36546432 7.40249383e+00
89.15295102 28.31835516 -34.79151028 1.15868874e+01
89.20327956 28.18002141 -33.37211250 6.04788511e+00
89.07858824 28.28722453 -34.44538566 8.40714943e+00
89.52465253 28.10031188 -32.63965836 8.05003690e+00
89.65377023 28.19828858 -33.70928310 9.94550762e+00
89.03548999 28.11864959 -32.66511636 3.60292040e+00
88.95884855 28.19024663 -33.38563305 4.12012043e+00
88.91324158 28.12428664 -32.67182723 3.38685452e+00
88.83667470 28.19623729 -33.39093766 4.57895645e+00
89.44776375 28.17126796 -33.35934185 8.72205845e+00
89.53156042 28.20252869 -33.71403837 9.90614348e+00
89.28712755 28.21103145 -33.72595921 7.94330356e+00
89.28005474 28.10893310 -32.65102379 5.55512102e+00
88.82190838 27.99271831 -31.24484630 2.94426259e+00
88.82930102 28.09447814 -32.31789154 3.35900048e+00
88.46277215 28.11664806 -32.31942839 8.61594562e+00
88.70708496 28.10123570 -32.32213487 4.39914239e+00
88.54671691 28.14512527 -32.67950949 6.59607839e+00
88.79842037 28.23229219 -33.74993013 6.17126289e+00
88.30254791 28.16185535 -32.66211215 2.24699270e+01
88.34837152 28.22668132 -33.38027897 2.42603356e+01
88.21857082 28.13382286 -32.29366262 2.30959739e+01
88.10437799 28.24445143 -33.34156463 1.64319594e+01
87.81423763 28.19697914 -32.54316717 1.38076934e+01
88.06635121 28.28140737 -33.68984481 1.59281625e+01
88.18048857 28.17066957 -32.64359783 2.10003558e+01
88.17263756 28.06897595 -31.57278117 2.22674848e+01
87.56991624 28.21332680 -32.43591116 1.72645674e+01
87.93634598 28.18837026 -32.58445954 1.49195520e+01
87.61620786 28.27932240 -33.17824180 1.74739805e+01
87.97437041 28.15145300 -32.23868519 1.50740840e+01
87.86034991 28.26229285 -33.27496532 1.36392758e+01
88.05842620 28.17956153 -32.61787247 1.64173547e+01
87.94437703 28.29043126 -33.65844359 1.48570665e+01
87.98237491 28.25343473 -33.31192700 1.51762819e+01
88.58490963 28.10865188 -32.32310579 4.22268106e+00
88.47039162 28.21821977 -33.39007651 1.84494768e+01
88.79102661 28.13056489 -32.67719633 3.89134694e+00
88.71453877 28.20290555 -33.39427188 7.10252495e+00
88.66885125 28.13752151 -32.68021794 5.71635312e+00
88.55427235 28.24671279 -33.75053057 1.51756095e+01
88.83392321 28.29851153 -34.45543757 1.00752711e+01
88.95624043 28.29255705 -34.45113037 8.11753579e+00
88.41811038 28.35792971 -34.79604654 2.54053756e+01
88.43225967 28.25485551 -33.74434002 2.33876151e+01
88.46721864 28.32051172 -34.45130009 2.63921204e+01
88.58940999 28.31251045 -34.45642639 2.30322385e+01
88.54048188 28.34967738 -34.80293241 2.70693962e+01
88.90785595 28.32890674 -34.80213677 1.11905775e+01
88.78535517 28.33512208 -34.80527085 1.66720682e+01
88.90502770 28.43123598 -35.75778850 2.74016322e+01
88.45301978 28.42359311 -35.44961967 2.43174207e+01
88.53722433 28.45198723 -35.75695015 2.78973075e+01
88.69816976 28.40806916 -35.45725793 3.13355032e+01
88.78238248 28.43742480 -35.76020434 3.16103777e+01
88.34506403 28.32904812 -34.44124615 2.24802467e+01
88.16979516 28.47834554 -35.72568002 1.71270810e+01
88.10081469 28.34710481 -34.40461084 1.62742563e+01
88.08555222 28.45067322 -35.40801385 1.59957349e+01
88.05114533 28.38501086 -34.74569247 1.59358466e+01
87.84865513 28.57185424 -36.27712444 1.82933738e+01
88.17345594 28.37575496 -34.76773302 1.69691367e+01
88.18831314 28.27236407 -33.71436066 1.78586284e+01
87.70035325 28.30799787 -33.57406028 1.76123870e+01
87.80648721 28.40347370 -34.68431111 1.54415301e+01
88.22293418 28.33796633 -34.42576302 1.75768861e+01
88.22637190 28.23548044 -33.36420704 2.01158772e+01
87.61218626 28.38317741 -34.25688886 1.75282586e+01
87.68412276 28.41250109 -34.64422213 1.79042823e+01
88.29577275 28.36667492 -34.78441690 1.91991953e+01
88.31027773 28.26345971 -33.73243865 2.33015503e+01
87.24543195 28.40828916 -34.06898087 1.67876508e+01
87.21194375 28.34033463 -33.31645233 1.66764803e+01
87.12314660 28.41649022 -33.99293018 1.68049872e+01
87.43930589 28.42993916 -34.53837397 1.70649234e+01
87.11405140 28.62878534 -36.02413040 1.70398986e+01
87.22782543 28.51464965 -35.11170524 1.69101204e+01
87.00086282 28.42481757 -33.91107708 1.69421788e+01
87.19439955 28.44682388 -34.40436102 1.68242855e+01
86.94478056 28.57104602 -35.28580254 1.71816012e+01
86.99160390 28.63852285 -35.96624623 1.71818399e+01
87.35042026 28.50583583 -35.17351106 1.69908232e+01
86.58695929 28.71102734 -36.08188985 1.87027714e+01
86.75635962 28.44249900 -33.73309824 1.76553255e+01
86.86006346 28.54198405 -34.89554278 1.73991674e+01
86.21644831 28.53297257 -33.72360473 2.63342587e+01
86.24871223 28.60297838 -34.50287890 2.44746549e+01
86.02628401 28.52420521 -33.23650322 4.19522743e+01
86.21148878 28.64524881 -34.85834645 2.50715014e+01
86.57746585 28.60266496 -35.06594061 1.88171527e+01
86.82704208 28.47297674 -34.15980295 1.73989134e+01
86.73754218 28.55197274 -34.81595795 1.78731498e+01
86.82227572 28.58087238 -35.21452760 1.75141796e+01
86.11505030 28.43546260 -32.49965241 3.65073015e+01
86.46016423 28.50469943 -33.88891865 2.00027191e+01
86.26850380 28.48922674 -33.37018313 2.43873926e+01
86.72341670 28.37297703 -32.95541509 1.76455857e+01
86.51690383 28.35321111 -32.40758529 1.91051653e+01
86.63418587 28.45229230 -33.64010043 1.83412041e+01
86.10496066 28.32486983 -31.32492450 3.43267397e+01
85.99443425 28.45465671 -32.44099736 3.97530762e+01
86.46985505 28.28424829 -31.60513352 1.92086569e+01
86.35769873 28.40513411 -32.66282832 2.15015671e+01
86.39019177 28.47528009 -33.45544781 2.11505288e+01
86.60138526 28.38247691 -32.85678309 1.83787039e+01
86.51211239 28.46310813 -33.54634037 1.94079743e+01
86.58234850 28.49306881 -33.97945184 1.87343061e+01
86.84551252 28.36424854 -33.05278894 1.71722094e+01
86.83635582 28.25759975 -31.92618186 1.69842354e+01
86.96764491 28.35603615 -33.14599004 1.68756559e+01
86.87859272 28.43340663 -33.82406762 1.72134103e+01
87.00537158 28.31814208 -32.80418757 1.67777461e+01
87.08979413 28.34812855 -33.23426646 1.67157095e+01
87.49408577 28.28741595 -33.11833293 1.70229149e+01
87.57829354 28.31641581 -33.52080912 1.73693987e+01
87.33408302 28.33252383 -33.39175274 1.67597063e+01
87.36334167 28.19136382 -31.95651505 1.65888411e+01
86.95862651 28.25008960 -32.02776624 1.67009146e+01
86.94959084 28.14414255 -30.90960409 1.65173134e+01
87.24103948 28.19846861 -31.87482654 1.64634455e+01
87.32545776 28.22844693 -32.29558115 1.65947557e+01
86.26349722 28.26768237 -31.04901910 2.35880036e+01
86.33817187 28.18613818 -30.25471132 2.05481291e+01
86.22626152 28.30901395 -31.40622048 2.54582060e+01
86.21633891 28.19891326 -30.12990894 2.54106836e+01
86.34793348 28.29563656 -31.50201896 2.11007539e+01
86.27336964 28.37759106 -32.21429871 2.40371966e+01
85.78113400 28.34565429 -30.81667045 6.59917190e+00
85.63719179 28.53155794 -32.39599953 3.76689654e+01
85.50939271 28.45248300 -31.24283247 2.90987515e+01
85.49895326 28.34185485 -29.93509208 8.59998538e+00
85.54492415 28.40465174 -30.83901974 1.75158880e+01
85.55537816 28.51539672 -32.01763476 3.70662742e+01
85.39285850 28.48668010 -31.28390394 3.48369200e+01
85.40324543 28.59691670 -32.45667303 3.30287083e+01
85.62672900 28.42062304 -31.21599324 1.53248828e+01
85.51983724 28.56311468 -32.42059912 3.88237427e+01
85.91096323 28.43220575 -32.02020542 2.92636773e+01
85.98419800 28.34371756 -31.26304945 2.48233192e+01
85.87451079 28.47705904 -32.40441433 3.31040300e+01
85.86415543 28.36594599 -31.22289519 1.20844063e+01
85.66802008 28.59933581 -33.18009792 4.25244001e+01
85.67301192 28.48461528 -31.99817074 2.93270068e+01
85.16158999 28.56000317 -31.38718891 2.59212193e+01
85.20683391 28.62042920 -32.14535804 2.44798589e+01
85.04652591 28.59819973 -31.44135791 2.15647956e+01
85.05663550 28.70706774 -32.59841762 1.95276435e+01
84.94167051 28.74537086 -32.64559994 1.75877226e+01
84.97662457 28.69635876 -32.24555491 1.84385718e+01
84.86175517 28.73502644 -32.29190347 1.66955673e+01
84.62214302 28.70516944 -31.22938048 1.45330803e+01
84.93164902 28.63693433 -31.49342650 1.87525228e+01
84.85178553 28.62685840 -31.14311482 1.76326839e+01
85.31209781 28.47385966 -30.92606339 3.35191999e+01
85.32242975 28.58380176 -32.09543071 2.99870296e+01
85.26668439 28.41290660 -30.06058518 3.07752154e+01
85.19659565 28.51094889 -30.98068988 2.90898071e+01
84.81684569 28.67593844 -31.54154676 1.67726732e+01
84.80690119 28.56789996 -30.33937219 1.80114142e+01
84.70202729 28.71500775 -31.58421262 1.52886118e+01
84.69213524 28.60731806 -30.39668406 1.59411052e+01
84.24135128 28.86904229 -31.69184906 1.23353962e+01
84.17086258 28.96523340 -32.45310043 1.23229300e+01
84.16092523 28.85851333 -31.32165978 1.19184094e+01
84.05502990 29.00233659 -32.45713090 1.22370308e+01
84.11567977 28.79983792 -30.54838700 1.15746056e+01
83.92885701 28.93231318 -31.32238437 1.20902696e+01
83.64987509 28.94448555 -30.49837993 1.65962467e+01
83.56833679 28.93209556 -30.06856832 1.77111951e+01
83.42620552 29.12079362 -31.58025564 2.12977891e+01
83.53278233 28.97927442 -30.45828437 1.85444217e+01
83.43692937 29.22799705 -32.72192391 2.08348228e+01
83.77698268 29.01587427 -31.68153654 1.34024053e+01
83.47237726 29.18073148 -32.35624927 2.03026072e+01
83.70609219 29.11071859 -32.42269512 1.57680526e+01
83.69575220 29.00395237 -31.28863412 1.54855398e+01
83.58932900 29.14591640 -32.39374652 1.81347531e+01
84.00967722 28.94350490 -31.70290204 1.20211001e+01
83.93895515 29.03895202 -32.45347291 1.25065983e+01
84.04502240 28.89568261 -31.32614207 1.18309442e+01
84.01971117 29.05014994 -32.83382673 1.24027592e+01
84.47206394 28.79269577 -31.65153506 1.33758752e+01
84.40182910 28.88966029 -32.42440854 1.30791643e+01
84.50714757 28.74407517 -31.26308366 1.35777383e+01
84.51700185 28.85129453 -32.40014652 1.35851838e+01
84.85522578 28.84867474 -33.44586926 1.60379133e+01
84.82679449 28.78398122 -32.68862444 1.61107894e+01
84.68817113 28.94160992 -33.87887121 1.45948015e+01
84.71192289 28.82270186 -32.72715859 1.49692216e+01
84.16292224 29.07770835 -33.58553193 1.27973093e+01
84.25125287 28.97583596 -32.82392124 1.27230644e+01
84.10954735 29.13143057 -33.96463681 1.28476458e+01
84.13559767 29.01322102 -32.83236769 1.24113854e+01
83.87671876 29.20476673 -33.95668725 1.32300399e+01
83.90358495 29.08659458 -32.82783310 1.27356301e+01
83.64306297 29.27646458 -33.92004685 1.74597877e+01
83.78723067 29.12257595 -32.81459827 1.33915974e+01
83.58071226 29.25861407 -33.52667684 1.81949130e+01
83.67065468 29.15810217 -32.79231647 1.69813084e+01
83.52596636 29.31178946 -33.88999739 1.90813140e+01
83.55387892 29.19322217 -32.76187307 1.85704043e+01
83.69756558 29.22325447 -33.55381303 1.68103943e+01
83.55274484 29.37716295 -34.63663197 1.88654820e+01
83.75998917 29.24081077 -33.94236951 1.63411844e+01
83.63436158 29.38912612 -35.01599813 1.79810197e+01
84.02040772 29.23293529 -34.69890163 1.31815951e+01
83.99324267 29.16831572 -33.96395152 1.28905260e+01
84.27871261 29.04024079 -33.57653372 1.30163967e+01
84.13683949 29.19594331 -34.69848300 1.32173014e+01
84.33374466 29.16908468 -35.04437026 1.34257961e+01
84.34151964 29.05643246 -33.94718170 1.32212032e+01
84.74011341 28.88723007 -33.48240417 1.50133413e+01
84.48498146 29.08281795 -34.66509601 1.36652373e+01
84.57275126 28.98008798 -33.90691885 1.39460793e+01
84.44966273 29.13121148 -35.03087269 1.36278590e+01
85.02808107 28.94062144 -34.90215609 1.71154290e+01
85.96939839 28.68463546 -34.76733210 3.84501124e+01
85.43329399 28.66347516 -33.23080287 2.99589118e+01
85.14396786 28.90329499 -34.86759700 1.84548567e+01
85.20111856 28.73492143 -33.31555081 2.13046076e+01
85.06331249 28.89182392 -34.51833738 1.76797164e+01
85.03431207 28.82650716 -33.76750398 1.79014625e+01
84.83195330 28.96785214 -34.58869458 1.54782003e+01
84.97037051 28.81029496 -33.40497577 1.73472900e+01
85.17179666 28.66932867 -32.54994076 2.22988321e+01
85.08563143 28.77228805 -33.36099086 1.90383802e+01
85.14991876 28.78887687 -33.72411980 1.96866176e+01
84.80352433 28.90307798 -33.84585022 1.54459236e+01
84.71635469 29.00620946 -34.61838072 1.46993480e+01
85.78661314 28.57117242 -33.17852336 4.32297683e+01
85.75540741 28.50274395 -32.39039542 3.40231747e+01
85.97435418 28.57079758 -33.60816999 4.33954430e+01
86.14715586 28.50539355 -33.29550834 3.34030446e+01
85.73503674 28.62082597 -33.57039707 4.39283854e+01
85.52947487 28.74957727 -34.37687805 2.81400572e+01
85.84932312 28.70866475 -34.74515860 3.88799617e+01
86.09512442 28.55046721 -33.65778903 3.66582868e+01
85.61663754 28.65033014 -33.58015869 3.86110796e+01
85.29550083 28.81820634 -34.44149012 2.12759572e+01
85.49903953 28.68234222 -33.60470942 3.13469052e+01
85.26013362 28.86675251 -34.83218233 2.01610041e+01
85.88580962 28.66328939 -34.36386597 4.26663098e+01
86.12718459 28.62032075 -34.44135298 3.11259498e+01
85.38214407 28.71640375 -33.63922380 2.56640615e+01
85.17924641 28.85457078 -34.47989254 1.92431261e+01
85.73002643 28.73563295 -34.73999642 3.53314725e+01
85.77667635 28.80040041 -35.46698331 3.00913461e+01
85.61153591 28.76533713 -34.74892381 2.95599665e+01
85.65793235 28.82910163 -35.47004377 2.67230459e+01
85.37669771 28.83131485 -34.79887755 2.23769116e+01
85.53993077 28.86019610 -35.48525523 2.39149919e+01
86.00616402 28.64030388 -34.39416177 3.93416451e+01
85.89619345 28.77441920 -35.47719611 3.17841931e+01
86.09016265 28.66356101 -34.80605895 3.09603059e+01
85.97971177 28.79567466 -35.83093030 2.88742147e+01
85.85973926 28.81980915 -35.81158946 2.88394962e+01
85.77170430 28.91499894 -36.48483753 2.45179411e+01
85.74049828 28.84670227 -35.80599607 2.70988133e+01
85.51357742 29.09418406 -37.52807877 1.95279223e+01
85.27041146 28.97636199 -35.88371664 1.89647855e+01
85.36559354 29.06061885 -36.87609809 1.89115764e+01
85.15414730 29.01243744 -35.91379617 1.76900768e+01
85.24853137 29.09560039 -36.90259713 1.78275772e+01
85.18945744 28.96386738 -35.56742944 1.82711605e+01
85.38706669 28.94138449 -35.85507448 2.05266488e+01
85.41219390 28.78305832 -34.40636076 2.40197383e+01
85.30580936 28.92797121 -35.53617400 1.97580972e+01
85.49378731 28.79736099 -34.77010847 2.53789455e+01
85.42258819 28.89327416 -35.50847025 2.16111898e+01
84.91236503 28.97845861 -34.93506053 1.60478477e+01
85.03816579 29.04931368 -35.94304642 1.66507400e+01
84.84190710 29.07586947 -35.65471959 1.53177021e+01
84.92236646 29.08673274 -35.97120517 1.57999702e+01
84.56543923 29.09310692 -35.01306217 1.39972030e+01
84.61058301 29.15194830 -35.69979758 1.41849192e+01
84.26297440 29.26536450 -35.73935418 1.35642903e+01
84.49483997 29.18995029 -35.71677291 1.38210170e+01
83.98490789 29.28073233 -35.05549591 1.34294184e+01
84.10138059 29.24388115 -35.05696470 1.33529788e+01
84.02218266 29.45206141 -36.73632138 1.41175081e+01
84.22757618 29.31341796 -36.07215553 1.36486104e+01
83.78693894 29.30574634 -34.68150700 1.64547060e+01
83.99497211 29.38739579 -36.07442675 1.39667388e+01
83.56329609 29.48419966 -35.69485036 1.90568220e+01
83.86823981 29.31720856 -35.04848936 1.37648695e+01
83.68031308 29.44846615 -35.71572959 1.79773550e+01
83.91390452 29.37620635 -35.74034532 1.40732144e+01
83.67168991 29.56121511 -36.70835028 1.81243222e+01
83.76167834 29.46010370 -36.05778693 1.74320035e+01
83.73417846 29.57862133 -37.04776992 1.77450611e+01
83.79718973 29.41248529 -35.73095913 1.64345068e+01
84.08498330 29.46882058 -37.06757219 1.40506030e+01
84.37898044 29.22777988 -35.73022711 1.36051966e+01
84.25505926 29.37789682 -36.73257753 1.37646679e+01
84.45952300 29.23827518 -36.05308246 1.38019220e+01
84.37126433 29.34040986 -36.72490545 1.37841323e+01
84.57530255 29.20039812 -36.03773162 1.41098271e+01
84.55066362 29.31889786 -37.03785900 1.41449778e+01
84.69100101 29.16243224 -36.01870715 1.45444923e+01
84.48734182 29.30272252 -36.71334555 1.39553344e+01
84.80666975 29.12449836 -35.99622779 1.51059460e+01
84.60331640 29.26489437 -36.69855463 1.42506501e+01
84.78296005 29.24326268 -37.00225679 1.49202197e+01
84.46222923 29.42116258 -37.71124763 1.40543153e+01
84.66682351 29.28105652 -37.02176809 1.44809584e+01
84.31013647 29.50687348 -38.05356294 1.39712979e+01
84.43443059 29.35666918 -37.05068558 1.39199324e+01
84.31808865 29.39428533 -37.05997155 1.38179245e+01
84.34362384 29.27597187 -36.06471007 1.36409671e+01
84.07666594 29.58130283 -38.05907310 1.41740657e+01
84.20161162 29.43168273 -37.06564989 1.38738058e+01
83.78866432 29.52508017 -36.72273851 1.74363385e+01
83.87840753 29.42390075 -36.06868486 1.46271149e+01
83.64381167 29.67992960 -37.69836873 1.80171545e+01
83.90549979 29.48870597 -36.73173844 1.55318967e+01
83.55460066 29.59716861 -36.68898448 1.88606009e+01
83.49084513 29.76399433 -38.00636369 1.85027986e+01
83.77140436 29.75039376 -38.70662661 1.72859126e+01
83.76111415 29.64358830 -37.71250707 1.75127055e+01
83.85285926 29.76158902 -39.04354246 1.69768970e+01
83.87830484 29.60707665 -37.72188583 1.70639852e+01
83.84265756 29.65484888 -38.05039719 1.71217457e+01
83.96819746 29.50568119 -37.06529353 1.43458369e+01
84.34570364 29.45875975 -37.72044853 1.39360085e+01
84.11400391 29.75256383 -39.73086893 1.42403373e+01
84.42668755 29.46937383 -38.04594447 1.40572369e+01
84.08666833 29.68798540 -39.05065438 1.42071900e+01
84.58852717 29.49072020 -38.69480835 1.43820772e+01
85.12564027 29.24573086 -37.94180000 1.64922953e+01
84.57866248 29.38344967 -37.69905200 1.42764085e+01
84.83514776 29.18926705 -36.65861058 1.51763681e+01
85.40604841 29.23732654 -38.56446036 1.77935383e+01
85.48811964 29.25215908 -38.89186174 1.80747606e+01
85.18351357 29.07808317 -36.58055345 1.74870904e+01
85.16120109 29.19734884 -37.59762039 1.67983866e+01
85.41714326 29.00794482 -36.52658816 1.98745932e+01
85.39567283 29.12727922 -37.54842896 1.85179885e+01
84.69504939 29.34573033 -37.68372514 1.45956795e+01
84.95111565 29.15173093 -36.63444993 1.58102957e+01
84.92787431 29.27072389 -37.64496430 1.55086363e+01
85.01539209 29.16836261 -36.95575203 1.61229254e+01
84.71923657 29.22704020 -36.67985464 1.46574154e+01
84.65955035 29.39411616 -38.02170469 1.45212110e+01
85.06721154 29.11460431 -36.60794413 1.65731000e+01
85.13182978 29.13160294 -36.92943742 1.69026377e+01
85.62201418 28.87617707 -35.81314477 2.46467886e+01
85.48311760 29.02696576 -36.85301127 2.01599175e+01
86.10033668 28.77431341 -35.86357434 2.59516908e+01
85.75115276 29.03344157 -37.50564215 2.15382027e+01
85.63204713 29.06279592 -37.51161604 2.05783734e+01
85.53468914 28.97497992 -36.50412757 2.13685589e+01
85.71996586 28.96510108 -36.82529364 2.28693946e+01
85.65285090 28.94387547 -36.48955318 2.29902554e+01
86.07542826 29.00387123 -37.87740966 2.12881151e+01
86.08036825 28.89025850 -36.86774263 2.33190092e+01
85.95957561 28.91259973 -36.84036423 2.40930186e+01
85.89128707 28.88866972 -36.49215545 2.54218068e+01
86.31851700 28.96480445 -37.94533090 1.98090876e+01
86.20170707 28.87043820 -36.90436685 2.19545083e+01
86.11242656 28.95986086 -37.54937889 2.17170480e+01
85.84488332 29.16334470 -38.86720915 1.97772804e+01
86.00172234 29.09293007 -38.53998254 2.04352327e+01
86.24400537 29.05047792 -38.59115505 1.97280854e+01
86.47810711 28.90653058 -37.67316167 1.90352694e+01
86.23396749 28.94015778 -37.58452921 2.08100262e+01
86.48778077 29.01562284 -38.66523716 1.86027396e+01
86.60053318 28.89198640 -37.72170083 1.83782963e+01
86.61002289 29.00036647 -38.70629692 1.81298024e+01
86.84580149 28.86608811 -37.82081042 1.75351270e+01
86.81280103 28.79739811 -37.16366075 1.76132416e+01
86.68536243 28.91890147 -38.08093948 1.79392649e+01
87.17617919 28.87071353 -38.25847898 1.71527952e+01
87.33708227 28.82141629 -37.99468301 1.72079575e+01
87.59105016 28.90366153 -38.99261764 1.76453852e+01
87.58280296 28.80043054 -38.06177709 1.76194636e+01
87.10951334 28.73523489 -36.97090991 1.71143883e+01
87.18082819 28.76453654 -37.31447048 1.71039991e+01
87.29898634 28.85977188 -38.29642519 1.71936115e+01
87.45994466 28.81088603 -38.03011929 1.73623587e+01
86.95379530 28.67722430 -36.26639995 1.72460228e+01
87.35897273 28.60990210 -36.12751104 1.70878022e+01
86.72311387 28.87859402 -37.77148092 1.78867690e+01
86.98699052 28.74570031 -36.91952520 1.72456130e+01
86.74208253 28.76815122 -36.80892505 1.78891407e+01
86.70915330 28.69895109 -36.14490895 1.80109989e+01
86.56779985 28.82264644 -37.05401631 1.86556656e+01
86.49755359 28.79398231 -36.69416747 1.92729201e+01
86.32345507 28.85276693 -36.94923941 2.06054990e+01
86.25381085 28.82537605 -36.58872432 2.18659163e+01
86.44551516 28.83695229 -37.00029051 1.94979516e+01
86.50237080 28.68343567 -35.71053614 1.95126384e+01
86.86918422 28.64863578 -35.90494108 1.74564267e+01
86.69024372 28.80954411 -37.10919075 1.80445788e+01
86.74681898 28.65935432 -35.84108798 1.78906478e+01
86.61975006 28.78051575 -36.75096479 1.84636198e+01
86.62453246 28.67085123 -35.77609970 1.85474821e+01
86.49276358 28.57459520 -34.65331277 1.97046007e+01
86.33321804 28.62924656 -34.92173352 2.18793549e+01
86.25866477 28.71310367 -35.59019149 2.31017110e+01
86.69982579 28.59132355 -35.14099609 1.80288214e+01
86.61509363 28.56273400 -34.73465797 1.85960056e+01
86.37060793 28.58787236 -34.57509984 2.14583583e+01
86.38038754 28.69739264 -35.64797793 2.09428304e+01
87.43496712 28.53450631 -35.52822506 1.71536035e+01
87.19859711 28.65738462 -36.37625033 1.70271193e+01
87.31242543 28.54352836 -35.47522927 1.69878318e+01
87.07618759 28.66716676 -36.32313731 1.70818637e+01
87.60385489 28.59106597 -36.21229066 1.75989005e+01
87.48142235 28.60051478 -36.17213273 1.72783306e+01
87.18987179 28.55253496 -35.41677144 1.69325414e+01
87.10522483 28.52351238 -35.04443537 1.69478210e+01
87.06732009 28.56167269 -35.35356921 1.70004032e+01
86.98263287 28.53257727 -34.97213243 1.71026537e+01
87.23205610 28.72506349 -37.01881780 1.70880451e+01
87.23651268 28.61929455 -36.07802521 1.70089579e+01
86.86450520 28.75660630 -36.86501999 1.74953933e+01
86.93543244 28.78595543 -37.21662300 1.73277247e+01
87.30355530 28.75425553 -37.35824626 1.71433283e+01
87.32101375 28.64778295 -36.42524077 1.70808233e+01
87.81055333 28.60922884 -36.57516870 1.85581838e+01
87.59968204 28.69518718 -37.13838672 1.76347677e+01
88.33816347 28.53386208 -36.35218570 1.83157838e+01
88.08968031 28.65529207 -37.23838110 1.45103982e+01
87.72626527 28.58150636 -36.24713946 1.80807069e+01
87.54900393 28.73397294 -37.43394775 1.75276111e+01
87.80246603 28.50679111 -35.65261132 1.85829049e+01
87.68819638 28.61897616 -36.54497703 1.79494299e+01
87.67999131 28.51617514 -35.61792868 1.79161628e+01
87.59555861 28.48798899 -35.27932735 1.75346351e+01
87.96308083 28.46011175 -35.38447201 1.39524987e+01
87.93289514 28.59944504 -36.60121043 1.51587357e+01
87.92491985 28.49730646 -35.68188745 1.49742023e+01
87.84059594 28.46952426 -35.35573890 1.40659247e+01
88.41471433 28.46029057 -35.75065293 2.15850341e+01
88.17756530 28.58008000 -36.64005549 1.66926465e+01
88.65977990 28.44434238 -35.75999180 3.40733993e+01
88.57557189 28.41549303 -35.45500933 2.98111866e+01
88.29224204 28.46912739 -35.74034446 1.81671692e+01
88.20802274 28.44133702 -35.42648080 1.72973886e+01
88.82081313 28.40137184 -35.45646284 2.64137500e+01
88.82814742 28.50310688 -36.36585512 3.63660774e+01
88.40791073 28.66502476 -37.57262242 1.97806726e+01
88.42230448 28.56186928 -36.66164078 2.00105143e+01
88.89938120 28.63576721 -37.57732795 3.57557488e+01
88.91230468 28.53303367 -36.66723240 3.71343832e+01
88.65354432 28.64884895 -37.57911018 2.83289722e+01
88.78973529 28.53912948 -36.66959075 3.70870708e+01
88.57988332 28.61934595 -37.27477009 2.44892345e+01
88.66720925 28.54597042 -36.66952277 3.38986770e+01
88.93505053 28.70224149 -38.18285430 3.16406558e+01
88.94801799 28.59947725 -37.27267871 3.74960643e+01
88.56580432 28.72236176 -38.18494751 2.23101632e+01
88.70254792 28.61195259 -37.27608138 3.20227997e+01
88.28516651 28.67409692 -37.56433707 1.78714101e+01
88.29991924 28.57075460 -36.65281889 1.83490090e+01
87.95132579 28.76926182 -38.13443875 1.52148731e+01
88.03977002 28.69351438 -37.53648699 1.38555591e+01
87.82849084 28.77959397 -38.11406266 1.85205362e+01
87.91708964 28.70356587 -37.51678905 1.50193789e+01
87.79022973 28.81724539 -38.41441549 1.83560036e+01
87.79440612 28.71369973 -37.49341826 1.84239171e+01
87.70565163 28.78999938 -38.08984245 1.79962636e+01
87.67171241 28.72384983 -37.46589782 1.78987410e+01
87.71377349 28.89280361 -39.01632603 1.79908905e+01
87.66742794 28.82779042 -38.39016069 1.78865335e+01
88.44282723 28.73065101 -38.18173238 2.01176881e+01
88.53070123 28.65657027 -37.57729673 2.22377724e+01
88.69620049 28.81648782 -39.09539858 2.43442518e+01
88.77643976 28.64191951 -37.57925898 3.27187375e+01
88.81192153 28.70816118 -38.18513551 2.92939468e+01
88.65766576 28.85275282 -39.39891925 2.31672272e+01
88.68883672 28.71485457 -38.18562730 2.70844604e+01
88.77332825 28.74419638 -38.48847503 2.71190613e+01
88.89641922 28.73805502 -38.48702016 2.90257528e+01
88.81921218 28.80987107 -39.09436080 2.44311273e+01
89.01954754 28.73263137 -38.48345665 3.00404386e+01
89.02235897 28.63031561 -37.57359353 3.65652048e+01
88.57324316 28.82394842 -39.09523744 2.19214154e+01
88.52729690 28.75890572 -38.48772629 2.17000210e+01
88.41190070 28.86903418 -39.39542558 1.78935583e+01
88.20096011 28.95355245 -40.02824830 1.39307938e+01
88.28910438 28.87829720 -39.38966224 1.55941670e+01
88.28148336 28.77663760 -38.47649375 1.66188198e+01
88.16635503 28.88814253 -39.38104466 1.41019602e+01
88.08195203 28.86098240 -39.06812687 1.34072609e+01
88.04363984 28.89842478 -39.36961269 1.54773045e+01
88.03582818 28.79644657 -38.45196266 1.33927066e+01
87.95921758 28.87140240 -39.05390190 1.73301295e+01
87.91302738 28.80677529 -38.43489218 1.89942472e+01
87.70955212 28.99676073 -39.97349467 1.79332112e+01
87.92094545 28.90900985 -39.35536633 1.88682550e+01
87.67558083 28.93073174 -39.31807557 1.78818390e+01
87.79826162 28.91980134 -39.33830175 1.83044925e+01
88.43216796 29.03776884 -41.07447666 1.53995938e+01
88.44687018 28.93457217 -40.03959057 1.71636151e+01
87.46390719 29.01955482 -39.92974651 1.74101073e+01
87.65884306 29.03601668 -40.30617692 1.77964520e+01
88.53475318 28.86048570 -39.39833841 2.07671799e+01
88.27409104 28.98173531 -40.37217878 1.44575469e+01
88.32388795 28.94373267 -40.03525210 1.52613662e+01
88.89049821 28.94248741 -40.37781358 2.00934055e+01
89.02671104 28.83449833 -39.39286440 2.38197860e+01
88.76709926 28.94860701 -40.37998651 2.06014754e+01
88.78063583 28.84587761 -39.39797367 2.32869089e+01
88.64375280 28.95559389 -40.38087937 2.02977651e+01
88.67906164 29.02154631 -41.07670730 1.86394731e+01
89.01393698 28.93713109 -40.37459414 2.01006951e+01
87.90065705 29.11682220 -41.39924150 1.84455421e+01
88.52046839 28.96348446 -40.38020909 1.81030894e+01
88.39724901 28.97223240 -40.37746293 1.59341124e+01
88.92619674 29.00894702 -41.07336671 1.84584644e+01
88.80260416 29.01481637 -41.07568602 1.87146338e+01
89.06264312 28.90115178 -40.03403092 2.11715999e+01
88.02381576 29.10555224 -41.41051316 1.68315231e+01
88.76384112 29.05084367 -41.43295949 1.79620429e+01
88.88739544 29.04472587 -41.43130143 1.77441499e+01
89.13461488 29.03470298 -41.42542257 1.75287150e+01
88.18553485 29.05724141 -41.06392958 1.31501860e+01
88.31636302 29.14881358 -42.14238085 1.33537385e+01
87.93909229 29.07894495 -41.04352331 1.86212043e+01
87.94692408 29.18117867 -42.12259128 1.84359640e+01
88.30882159 29.04715590 -41.07035651 1.41569232e+01
88.03156631 29.20760870 -42.48750432 1.84170685e+01
87.57779729 29.21719071 -42.08735190 1.75322618e+01
87.81591289 29.09032754 -41.02967371 1.81761484e+01
87.53953664 29.25586660 -42.44705968 1.74565141e+01
87.65440559 29.14024767 -41.37078051 1.77378578e+01
87.95521887 28.97460146 -40.00625855 1.88855590e+01
87.77752290 29.12840994 -41.38600928 1.80466533e+01
88.06229612 29.06788297 -41.05505154 1.38142612e+01
88.07807496 28.96388900 -40.01862668 1.48302739e+01
87.78185658 29.02461803 -40.32465560 1.81540683e+01
87.69275003 29.10196026 -41.01367342 1.78357244e+01
88.14700829 29.09468698 -41.41945518 1.27384878e+01
88.15098540 28.99186047 -40.36434451 1.33364886e+01
86.85018320 29.08149721 -39.77777765 1.74132903e+01
86.46338768 29.24012285 -40.74759433 1.79064944e+01
87.32334177 29.13817645 -40.95101331 1.72565411e+01
87.55289862 28.94176201 -39.29489510 1.75730323e+01
86.79344150 29.23252200 -41.20807640 1.73269060e+01
86.55783578 29.37369784 -42.30667574 1.73500412e+01
87.20889386 29.25590914 -42.03669330 1.71665729e+01
87.40821725 29.16462623 -41.33335755 1.73335264e+01
86.95421620 29.17750913 -40.86934378 1.72405379e+01
86.80266614 29.33994694 -42.34567443 1.71734032e+01
86.70851361 29.20686990 -40.80828689 1.74982411e+01
86.47313759 29.34946715 -41.90710775 1.75497305e+01
87.45479838 29.22975607 -42.07200664 1.73596637e+01
87.56959848 29.11379785 -40.99517757 1.75700348e+01
85.95017609 29.48089320 -42.23934454 1.74700583e+01
85.84031340 29.61834917 -43.42214027 1.68054238e+01
86.54821766 29.26481051 -41.15213696 1.76420380e+01
86.31381342 29.41206370 -42.26930778 1.75339272e+01
86.67075107 29.24815416 -41.18013788 1.74689239e+01
86.43569965 29.39221951 -42.28698916 1.74506690e+01
86.36090083 29.14418343 -39.63909600 1.85889876e+01
86.35109639 29.36863921 -41.88580708 1.76656928e+01
86.23914985 29.16323539 -39.60976095 1.89255895e+01
86.30380356 29.30189720 -41.10031146 1.79998644e+01
86.43082405 29.17095824 -40.00569286 1.82070360e+01
86.21921492 29.27875909 -40.69518490 1.82941638e+01
86.60520153 29.11059197 -39.70695795 1.78988607e+01
86.58585923 29.22292504 -40.77760394 1.76869313e+01
86.36575015 29.03222989 -38.62564629 1.91544073e+01
86.11775880 29.18407788 -39.58592636 1.91618317e+01
86.55315570 29.15399748 -40.03920925 1.79088550e+01
86.45032096 29.05742447 -38.98304511 1.85753894e+01
86.48294151 29.12672254 -39.67184078 1.82304559e+01
86.57243821 29.04151978 -39.02178153 1.81365796e+01
86.72762916 29.09558225 -39.74226658 1.76223750e+01
86.73242444 28.98623912 -38.74790313 1.77551923e+01
87.28515607 29.17723687 -41.31157104 1.72251814e+01
87.28985366 29.07130357 -40.23464297 1.72336894e+01
87.44646027 29.12585420 -40.97411282 1.73815802e+01
87.53130209 29.15230815 -41.35305415 1.75018003e+01
86.97282909 29.06815424 -39.81206551 1.72729958e+01
87.04398006 29.09631342 -40.17494412 1.72061143e+01
87.46832367 28.91460396 -38.96587115 1.74043429e+01
87.53583509 29.04757393 -40.28492883 1.75297481e+01
87.34109745 29.03122398 -39.90392830 1.72673291e+01
87.41283664 29.05932081 -40.26105392 1.73481241e+01
86.93966893 29.00005509 -39.13748715 1.73157495e+01
86.93064747 28.89362439 -38.17369295 1.73404392e+01
87.34559958 28.92567866 -38.93592851 1.72540817e+01
87.43021722 28.95291104 -39.26882900 1.73597918e+01
86.85493923 28.97299809 -38.78942777 1.74805010e+01
86.80796195 28.90588698 -38.12836489 1.75829718e+01
86.79834504 29.12348592 -40.10820165 1.74369223e+01
86.81715308 29.01304281 -39.09950745 1.75029808e+01
86.67567650 29.13823110 -40.07350165 1.76485967e+01
86.69473010 29.02679417 -39.06023826 1.77757742e+01
86.20686542 29.09378949 -38.91678362 1.95336380e+01
86.19676722 28.98330368 -37.90815455 2.06132716e+01
85.95462013 29.02681650 -37.85519268 2.15718476e+01
85.76164327 29.14450973 -38.52594971 1.98914415e+01
85.83441844 29.05220353 -37.84598228 2.13477951e+01
85.64253883 29.17362738 -38.53289585 1.92512013e+01
85.88137953 29.11757888 -38.52842631 2.03215972e+01
85.63733241 29.28837399 -39.56874037 1.82840308e+01
86.08568412 29.11475047 -38.89179928 1.98731725e+01
85.99682671 29.20697511 -39.56959570 1.92273099e+01
85.96500221 29.13791922 -38.87442090 1.99709789e+01
85.82438625 29.28139779 -39.91316578 1.86327453e+01
85.72537118 29.19098664 -38.86751475 1.93309204e+01
85.40041772 29.35182227 -39.59810001 1.72075097e+01
85.60646769 29.22068855 -38.87788625 1.87347705e+01
85.34843777 29.40418925 -39.95950649 1.68362157e+01
85.26036712 29.50467046 -40.71636525 1.62738054e+01
84.75451346 29.69593315 -41.16336222 1.48396305e+01
85.17138483 29.30646103 -38.60720421 1.64742295e+01
84.99578760 29.50946211 -40.01350906 1.55058927e+01
85.13579274 29.35469029 -38.95068962 1.62303880e+01
84.41107377 29.69463285 -40.07220662 1.42823197e+01
85.28853616 29.27136986 -38.58618884 1.71028302e+01
85.23058509 29.43839211 -39.97767423 1.63555221e+01
84.43655165 29.57636138 -39.03962238 1.41895246e+01
84.29411827 29.73195282 -40.07731527 1.42252183e+01
85.00892195 29.28219510 -37.96474000 1.58709144e+01
85.05452947 29.34240806 -38.62860047 1.59138547e+01
84.89237857 29.31919097 -37.98621128 1.53362135e+01
85.01898243 29.39071331 -38.97088794 1.57240765e+01
84.77594465 29.35655441 -38.00479525 1.48850161e+01
84.93787930 29.37896737 -38.64827445 1.54230426e+01
84.55301009 29.53895627 -39.03051324 1.43515231e+01
84.70494018 29.45327508 -38.68196792 1.46542387e+01
84.35558206 29.56563774 -38.71317893 1.40844037e+01
84.23089075 29.71544127 -39.72942835 1.41848248e+01
84.23898207 29.60294814 -38.71816266 1.40725163e+01
84.19346660 29.54419321 -38.05795846 1.40032895e+01
83.88846969 29.71379036 -38.71468759 1.69262627e+01
83.96981849 29.72486759 -39.04872222 1.53511646e+01
83.65425043 29.78688515 -38.69518881 1.76828469e+01
83.60818889 29.72768750 -38.02537497 1.80000542e+01
84.20340160 29.65092629 -39.04979436 1.41161855e+01
84.12226544 29.64008296 -38.72011366 1.41617096e+01
83.61867918 29.83470808 -39.02303296 1.77004000e+01
83.53703651 29.82333415 -38.67936331 1.81031194e+01
84.46439617 29.64086679 -39.71913145 1.42935487e+01
84.09725491 29.97759444 -41.95321159 1.43514579e+01
84.47208992 29.52821122 -38.70550234 1.41904161e+01
84.34768184 29.67819364 -39.72549714 1.42009972e+01
84.69771050 29.56625251 -39.69945592 1.46750296e+01
84.32174872 29.79647379 -40.80736223 1.42922579e+01
84.52797473 29.65728717 -40.06489292 1.44011436e+01
84.66943074 29.50156491 -39.01902297 1.45901440e+01
84.58105969 29.60352274 -39.71039475 1.44489220e+01
84.78586576 29.46431151 -39.00518004 1.49000669e+01
84.76174171 29.58282650 -40.04346387 1.48403776e+01
84.82137124 29.41597665 -38.66598692 1.50008713e+01
84.93116849 29.49240173 -39.67084233 1.53171389e+01
84.90236043 29.42730559 -38.98849518 1.52793908e+01
85.02489843 29.57494809 -40.74848863 1.55159268e+01
84.33163957 29.90331177 -41.95088273 1.43661131e+01
84.63737169 29.73289064 -41.17277003 1.46293747e+01
84.43889725 29.75918288 -40.80253625 1.43622700e+01
84.64484731 29.61997835 -40.05512280 1.45890413e+01
84.40314560 29.80726074 -41.18587373 1.43603413e+01
84.08725133 29.87089145 -40.81058555 1.44887271e+01
84.17708041 29.76918041 -40.07996219 1.42313051e+01
83.96988539 29.90797676 -40.80869982 1.66853441e+01
83.87993054 29.82640078 -39.72559842 1.68847331e+01
84.05148291 29.91883041 -41.19113950 1.47885130e+01
84.05995188 29.80629527 -40.08012454 1.43047138e+01
83.58178689 30.06711367 -41.16750379 1.73743616e+01
83.59064015 29.95388019 -40.05282774 1.75740382e+01
83.82542233 29.88018324 -40.07235569 1.69969371e+01
83.74529692 30.08889546 -41.94356137 1.70090970e+01
83.76276320 29.86316018 -39.71860069 1.71827568e+01
83.51061386 30.16351485 -41.92731053 1.73573165e+01
83.86265224 30.05177608 -41.94875082 1.68277773e+01
83.73495771 29.98199205 -40.79755188 1.71425797e+01
84.79026646 29.64775963 -40.77568026 1.49082228e+01
84.55600836 29.72190756 -40.79557829 1.44901632e+01
84.87870115 29.54593664 -40.02939707 1.51440229e+01
84.81439666 29.52917123 -39.68624304 1.49716801e+01
84.53012639 29.87714456 -42.32632067 1.45286918e+01
84.90750734 29.61111572 -40.76325449 1.51904681e+01
84.44876428 29.86616652 -41.94750540 1.44363763e+01
84.52026294 29.77003331 -41.18014646 1.44682490e+01
85.11677230 29.69621628 -42.28777026 1.55884766e+01
85.22445049 29.55256406 -41.11089532 1.60868430e+01
85.93973414 29.36975718 -41.05667462 1.80747431e+01
85.47147177 29.59597654 -42.25649054 1.65017898e+01
84.88170199 29.76724539 -42.30659313 1.50653403e+01
84.98909456 29.62306290 -41.13967932 1.53938370e+01
84.99913254 29.73141348 -42.29808921 1.53141542e+01
85.14249659 29.53940601 -40.73300261 1.58787943e+01
85.37857326 29.47092852 -40.69965526 1.66911764e+01
85.46667460 29.37112926 -39.94169025 1.73312395e+01
85.61624188 29.40727276 -40.67160826 1.75266198e+01
85.51862205 29.31931864 -39.58144223 1.77516466e+01
85.11306129 29.47355724 -39.99628970 1.59070608e+01
85.04809169 29.45610775 -39.65377540 1.57262046e+01
85.85589961 29.35009720 -40.66100320 1.81754947e+01
85.75658480 29.25918978 -39.56112197 1.87496701e+01
86.06561208 29.23131784 -39.92928441 1.88891586e+01
85.73580538 29.37777543 -40.66394140 1.78943082e+01
85.94473336 29.25531970 -39.91720996 1.88470376e+01
85.87642208 29.23202517 -39.56081800 1.90835149e+01
85.57998874 29.45432965 -41.06874469 1.72483532e+01
85.70460785 29.30952037 -39.91735720 1.82803964e+01
85.49717564 29.43838186 -40.68483734 1.71164580e+01
85.58538494 29.33951039 -39.92745289 1.78249252e+01
85.82980558 29.50724388 -42.23874410 1.73055940e+01
86.09764429 29.30058829 -40.67731739 1.83851422e+01
85.98693131 29.43546172 -41.84632474 1.76965841e+01
86.18203564 29.32270000 -41.08022594 1.81201200e+01
86.06065769 29.34527813 -41.06564788 1.81536674e+01
85.97652325 29.32435638 -40.66522916 1.83452554e+01
85.70990645 29.53529401 -42.24108277 1.70768548e+01
85.81930444 29.39614021 -41.05554360 1.78839690e+01
85.62673287 29.51797376 -41.85210772 1.70319703e+01
85.69939560 29.42438742 -41.05947995 1.75970898e+01
85.59046517 29.56490904 -42.24840880 1.68030916e+01
85.50760882 29.54869312 -41.86160428 1.67121368e+01
85.99734804 29.54656890 -43.02928761 1.71548407e+01
86.07099183 29.45626155 -42.24499484 1.75611442e+01
85.69936804 29.76444746 -44.60656560 1.60944592e+01
85.63185782 29.74316084 -44.21362654 1.61728379e+01
86.19222176 29.43335142 -42.25606022 1.75778913e+01
86.10792958 29.41147863 -41.85576344 1.77618374e+01
85.60094590 29.67548988 -43.42805023 1.64045879e+01
84.98552981 29.95795598 -44.61441931 1.50862691e+01
84.89167073 29.87521384 -43.46141295 1.50290771e+01
85.81960568 29.73633883 -44.60547029 1.62430718e+01
85.15265244 29.64833331 -41.89625308 1.57220898e+01
85.12690200 29.80499588 -43.45114916 1.54510471e+01
85.03496296 29.68343630 -41.90817575 1.54222542e+01
85.04503161 29.79192670 -43.06828775 1.53276664e+01
84.91749375 29.71920386 -41.91865515 1.51489832e+01
84.65712611 29.94758224 -43.46937966 1.46982207e+01
84.80019214 29.75549456 -41.92793680 1.49100035e+01
84.87173678 29.65927955 -41.15231686 1.50958357e+01
84.67311620 29.68472975 -40.78681270 1.46733854e+01
84.57573940 29.93627486 -43.08925285 1.45976349e+01
84.76442406 29.80356237 -42.31465465 1.48492528e+01
84.68300093 29.79216182 -41.93603741 1.47093738e+01
84.41301786 29.91419162 -42.33029563 1.44281125e+01
83.95436785 30.16937215 -43.47564096 1.66250847e+01
84.28598913 29.84449971 -41.18958100 1.43039525e+01
84.20453832 29.83372180 -40.81006788 1.42789823e+01
84.18867804 30.09515711 -43.47680829 1.43728236e+01
84.17872660 29.98842422 -42.33412616 1.43452981e+01
83.93412350 29.95589859 -41.18877833 1.67305508e+01
83.85244796 29.94499535 -40.80450905 1.69048766e+01
83.69925047 30.02998018 -41.17692234 1.71563095e+01
83.61743967 30.01902708 -40.78802718 1.73859523e+01
83.59234118 30.17427492 -42.31713345 1.71651126e+01
83.52128903 30.27085120 -43.07941662 1.71178185e+01
83.62966675 30.34650982 -44.23406113 1.68076087e+01
83.87284959 30.15856478 -43.09292972 1.67399617e+01
83.62793808 30.12611159 -41.93670038 1.71904154e+01
83.63842827 30.23320539 -43.08544212 1.70006656e+01
83.80955222 30.32549554 -44.61831991 1.66210781e+01
83.99006508 30.12141356 -43.09502952 1.64310583e+01
83.98154350 30.23404123 -44.23801419 1.65609924e+01
84.07153629 30.13224380 -43.47663916 1.46763044e+01
84.04455941 30.25067511 -44.61918413 1.64953387e+01
84.10725391 30.08430402 -43.09584799 1.45255134e+01
84.09886521 30.19683214 -44.23842054 1.45441073e+01
84.22440789 30.04721656 -43.09574905 1.43779867e+01
84.29589201 29.95130261 -42.33283813 1.43676185e+01
84.21447470 29.94046623 -41.95290415 1.43390809e+01
84.64724804 29.84023465 -42.32099842 1.46693129e+01
84.56587341 29.82908921 -41.94229922 1.45509158e+01
84.63215386 30.06566660 -44.61763195 1.46843470e+01
84.80293058 29.97613665 -44.23252466 1.48730519e+01
84.45076419 30.08568212 -44.23713429 1.45219754e+01
84.77433741 29.91119465 -43.46592364 1.48505120e+01
84.86757861 29.99335485 -44.61581401 1.49380662e+01
84.27957167 30.17629094 -44.61917892 1.44219442e+01
84.33347061 30.12264076 -44.23797925 1.44462987e+01
84.21617377 30.15969754 -44.23841533 1.43900454e+01
84.30579264 30.05811095 -43.47615643 1.44129650e+01
84.16206849 30.21343693 -44.61923641 1.43639321e+01
83.74691891 30.30882063 -44.23593905 1.67269228e+01
83.92704659 30.28801054 -44.61883006 1.65564420e+01
83.86421903 30.27134940 -44.23714997 1.66428889e+01
83.69209972 30.36318491 -44.61761914 1.66848786e+01
84.51459050 30.10234809 -44.61833396 1.45812370e+01
84.56808468 30.04889431 -44.23596591 1.46179992e+01
84.74980114 30.02929676 -44.61671065 1.48037516e+01
84.68545581 30.01233545 -44.23434261 1.47350271e+01
85.10371082 29.92325213 -44.61344018 1.52454595e+01
85.34092262 29.85641979 -44.61023510 1.55856111e+01
85.46002687 29.82454051 -44.60866177 1.57599830e+01
85.03835587 29.90524731 -44.22785950 1.52023563e+01
85.39341984 29.80475553 -44.21889688 1.57819902e+01
85.57950182 29.79384806 -44.60706094 1.59312185e+01
85.51243791 29.77331110 -44.21572271 1.59810144e+01
85.22215790 29.88935302 -44.61159378 1.54126387e+01
85.15640930 29.87083600 -44.22503397 1.53878920e+01
85.28087924 29.72345732 -43.05342225 1.58265560e+01
85.27474650 29.83728324 -44.22182889 1.55824256e+01
85.87185809 29.68683281 -44.21135668 1.65051445e+01
85.87687610 29.57236754 -43.02794527 1.70184296e+01
85.94022808 29.70962650 -44.60588639 1.63719366e+01
85.96062627 29.59203102 -43.42337906 1.69498017e+01
86.11338099 29.63616385 -44.21345992 1.67248334e+01
86.08133526 29.56724704 -43.42525486 1.70468129e+01
86.20241708 29.54400531 -43.43189678 1.70970491e+01
86.11822426 29.52237105 -43.03398189 1.72361778e+01
86.06120114 29.68426103 -44.60621738 1.64776337e+01
85.99244304 29.66080185 -44.21210377 1.66310765e+01
85.75165975 29.71429785 -44.21203589 1.63501793e+01
86.23467027 29.61299260 -44.21695238 1.67870337e+01
86.35624972 29.59112292 -44.22127142 1.68224240e+01
86.79301722 29.55879622 -44.62016022 1.67567456e+01
86.91568342 29.54158156 -44.62313174 1.67977341e+01
87.09008110 29.48287705 -44.25391388 1.69398981e+01
87.33567664 29.45312989 -44.26351948 1.70892997e+01
87.58150913 29.42537664 -44.27157962 1.73338249e+01
87.70449090 29.41212213 -44.27507242 1.74963288e+01
87.53049191 29.46583581 -44.63484153 1.72200466e+01
87.65364096 29.45222812 -44.63673809 1.73595201e+01
87.70885525 29.30785431 -43.18806060 1.76587335e+01
87.46310838 29.33366582 -43.16995038 1.73023472e+01
87.45856839 29.43903097 -44.26778360 1.71988218e+01
87.40739186 29.47988984 -44.63294207 1.71007438e+01
87.16136838 29.50948307 -44.62831626 1.69175397e+01
87.41659461 29.26871339 -42.43333114 1.73007528e+01
87.03847292 29.52516778 -44.62559763 1.68504776e+01
87.30218884 29.38658598 -43.52452075 1.71287995e+01
86.84485091 29.51526969 -44.24329196 1.68683066e+01
86.72242359 29.53268219 -44.23770755 1.68539229e+01
86.47809377 29.57052133 -44.22626999 1.68391451e+01
86.56745471 29.48259021 -43.46117521 1.70554300e+01
86.44552160 29.50178903 -43.44928811 1.70878184e+01
86.81188210 29.44737886 -43.48331457 1.69980050e+01
86.72721865 29.42270705 -43.09480238 1.70972781e+01
86.36104756 29.47861738 -43.05313197 1.72471423e+01
86.71786888 29.31478541 -41.95155679 1.73067071e+01
86.48289099 29.45881560 -43.06664600 1.72038020e+01
86.84047635 29.29896775 -41.97404504 1.72153061e+01
86.68958526 29.46448819 -43.47232710 1.70217025e+01
87.17082149 29.29553762 -42.40152118 1.71280628e+01
86.68017008 29.35631814 -42.32627789 1.72525758e+01
86.59541086 29.33157232 -41.92939199 1.74230547e+01
86.42588249 29.28265401 -41.12528138 1.78284929e+01
86.34115202 29.25866430 -40.71966718 1.81261568e+01
87.07720451 29.16390360 -40.89835432 1.71860716e+01
86.92529102 29.32444354 -42.36514984 1.71224790e+01
87.08601236 29.26965188 -42.01694810 1.71403104e+01
86.96740729 29.49867839 -44.24872937 1.68956210e+01
87.29368490 29.28190719 -42.41801874 1.71924128e+01
87.21751347 29.36100201 -43.14785093 1.71053384e+01
86.96319818 29.28395809 -41.99582465 1.71581511e+01
86.84963091 29.40615146 -43.10890772 1.70604819e+01
87.09480103 29.37540818 -43.13559176 1.70601180e+01
87.04801610 29.30967424 -42.38370369 1.71062178e+01
87.34028792 29.34711962 -43.15951645 1.71855260e+01
87.42494454 29.37280884 -43.53335671 1.72356800e+01
87.66250613 29.24333660 -42.45955424 1.76642096e+01
87.58596637 29.32059103 -43.17954916 1.74588353e+01
87.05685721 29.41566318 -43.50491713 1.70099269e+01
86.97216519 29.39041467 -43.12235425 1.70464521e+01
87.91634269 29.32149962 -43.55976640 1.80422509e+01
87.77683103 29.43902232 -44.63833433 1.75210738e+01
88.15465969 29.19652972 -42.49393558 1.21933825e+01
87.82751030 29.39925227 -44.27800764 1.76891648e+01
87.90851545 29.21915804 -42.47948648 1.82630715e+01
87.83177288 29.29544649 -43.19530812 1.79070552e+01
88.77109922 29.15250027 -42.50335851 1.57735130e+01
88.32010880 29.35300662 -44.28601951 1.17294270e+01
88.40102127 29.17629330 -42.50163737 1.36774182e+01
88.28533918 29.28774076 -43.57109937 1.21517332e+01
88.39354408 29.07468605 -41.43044355 1.46938217e+01
88.27780746 29.18604421 -42.49855214 1.28906929e+01
88.19316491 29.15902644 -42.13770799 1.25710229e+01
88.27024690 29.08435028 -41.42601109 1.36290492e+01
88.55558096 29.02920370 -41.07646281 1.70351240e+01
88.56296499 29.13078342 -42.14676456 1.52130360e+01
88.64034187 29.05786283 -41.43354918 1.74496355e+01
88.52430828 29.16740214 -42.50329432 1.45177636e+01
89.01099100 29.03939495 -41.42853576 1.77215111e+01
88.80984698 29.11649986 -42.14623017 1.64780655e+01
88.51690819 29.06582424 -41.43285800 1.59883150e+01
88.43962784 29.13936010 -42.14535466 1.42502146e+01
88.69366208 29.22477401 -43.21716166 1.43903397e+01
90.01312306 29.21000345 -43.56471807 1.36596149e+01
89.18051669 29.10123429 -42.13960746 1.62828096e+01
88.81706729 29.21818193 -43.21677153 1.47140532e+01
88.64766949 29.15946065 -42.50374990 1.53131090e+01
88.51718854 29.37196925 -44.64351411 1.20136726e+01
88.94052435 29.21249129 -43.21584610 1.48492889e+01
88.76460508 29.35680252 -44.64353187 1.26222492e+01
88.90175375 29.24820603 -43.57322212 1.43317052e+01
88.56685063 29.33459004 -44.28709298 1.26129351e+01
88.77833423 29.25415561 -43.57375450 1.41509278e+01
88.57032351 29.23236328 -43.21707696 1.38492810e+01
88.65497253 29.26105799 -43.57395897 1.38025113e+01
88.39360516 29.38114655 -44.64325015 1.16377634e+01
88.53168229 29.26898049 -43.57374284 1.32984687e+01
88.44706075 29.24095249 -43.21624291 1.32115543e+01
88.07771902 29.27184033 -43.20719659 1.77474631e+01
88.02334971 29.41397222 -44.64090923 1.79192496e+01
88.03928612 29.30966995 -43.56448488 1.83612961e+01
87.95472485 29.28341766 -43.20168781 1.82103457e+01
87.90006469 29.42624671 -44.63967330 1.77068396e+01
87.95057335 29.38682114 -44.28058253 1.79153177e+01
88.14669410 29.40228059 -44.64198094 1.73737714e+01
88.07368738 29.37489898 -44.28289016 1.81783607e+01
88.27010895 29.39129181 -44.64276936 1.12552954e+01
88.40847095 29.27790206 -43.57284319 1.27242236e+01
88.32387613 29.25047345 -43.21440895 1.25666682e+01
88.88841485 29.35077324 -44.64344106 1.28118004e+01
88.93753107 29.31463730 -44.28667322 1.34111860e+01
89.01226921 29.34560250 -44.64323216 1.29339645e+01
89.30856610 29.30156293 -44.28452295 1.34805417e+01
89.38396261 29.33339670 -44.64213757 1.30209762e+01
89.43460024 29.19549372 -43.20959117 1.44438906e+01
89.26005404 29.33710833 -44.64238539 1.30269163e+01
89.18487075 29.30544445 -44.28514613 1.35127986e+01
89.02521486 29.24306644 -43.57205794 1.44033457e+01
89.39572006 29.23076371 -43.56813002 1.41307119e+01
89.14870355 29.23856845 -43.57048422 1.43822048e+01
89.64273128 29.22325752 -43.56614376 1.38044691e+01
89.63176878 29.32602873 -44.64158132 1.29837708e+01
89.55813073 29.19175444 -43.20837576 1.42224448e+01
89.50786976 29.32976007 -44.64179817 1.30006061e+01
89.92863518 29.17917902 -43.20619664 1.38309187e+01
90.25092958 29.30197843 -44.64111183 1.33056424e+01
90.50654997 29.18619091 -43.56502836 1.45392375e+01
90.37466406 29.29579051 -44.64114615 1.34827649e+01
90.29770470 29.26548887 -44.28225797 1.35931897e+01
90.00335421 29.31296616 -44.64114280 1.30707006e+01
89.87951723 29.31773432 -44.64128257 1.30098858e+01
89.92695717 29.28177855 -44.28242537 1.32592538e+01
89.75565342 29.32206025 -44.64136672 1.29831003e+01
90.79161632 29.23883772 -44.28302069 1.47605311e+01
91.11679725 29.25724804 -44.64191748 1.49461892e+01
90.99306114 29.26260995 -44.64169416 1.47479862e+01
91.28573688 29.21805629 -44.28440311 1.57505713e+01
91.53303651 29.21771921 -44.28520022 1.60378431e+01
91.73574880 29.26042150 -44.64273864 1.56054265e+01
91.61211550 29.25397178 -44.64267061 1.55106786e+01
91.65602259 29.11995732 -43.21223882 1.76525003e+01
91.24058853 29.25317022 -44.64206956 1.51107262e+01
91.73999821 29.15898268 -43.57053984 1.72357539e+01
91.65659896 29.22187440 -44.28540924 1.61612225e+01
91.24644199 29.15078652 -43.56823876 1.67444911e+01
91.03858191 29.22639307 -44.28361164 1.53662287e+01
90.99968809 29.15988948 -43.56686394 1.63009411e+01
90.86936989 29.26882745 -44.64158725 1.45058081e+01
90.91508180 29.23229001 -44.28328141 1.50986585e+01
90.66816135 29.24565224 -44.28275543 1.44099368e+01
90.79216524 29.13628553 -43.20745067 1.59964607e+01
90.42121755 29.25915524 -44.28237222 1.38137574e+01
90.54556688 29.14986566 -43.20644953 1.49112075e+01
90.49836509 29.28922170 -44.64122608 1.36993976e+01
90.54469991 29.25249280 -44.28254807 1.40879504e+01
90.62983326 29.17941418 -43.56540268 1.49632877e+01
90.75310563 29.17260112 -43.56583201 1.54483578e+01
90.90945427 29.02760395 -42.13257856 1.83646879e+01
91.03881577 29.12396795 -43.20870033 1.69303778e+01
91.11713710 29.05248834 -42.49253307 1.85425668e+01
91.28565458 29.11580774 -43.21033297 1.73388950e+01
91.16212949 29.22145564 -44.28398704 1.55798252e+01
91.48829984 29.25096476 -44.64252961 1.53858951e+01
91.53262981 29.11567709 -43.21181258 1.75623156e+01
91.36443544 29.25091102 -44.64233355 1.52553337e+01
91.36989811 29.14873781 -43.56902694 1.69058332e+01
91.16220609 29.11912398 -43.20943575 1.71645189e+01
91.24061261 29.04858651 -42.49360004 1.85686459e+01
91.61116380 29.04999598 -42.49611504 1.85831642e+01
91.49336722 29.14902310 -43.56968353 1.70314192e+01
91.52697071 29.01341908 -42.13770879 1.91066033e+01
91.40914481 29.11443516 -43.21117670 1.74621481e+01
91.35839063 28.94429922 -41.42013375 2.05015834e+01
91.02692775 28.91957907 -41.05833586 2.11165158e+01
90.66886888 29.14305729 -43.20689200 1.54279128e+01
90.90343891 28.92540571 -41.05715683 2.01400402e+01
90.50028731 29.08394987 -42.48887878 1.53408311e+01
90.74698858 29.07038955 -42.49005241 1.67419485e+01
90.66270351 29.04083631 -42.13097265 1.65804943e+01
90.87033930 29.06378750 -42.49082085 1.75569714e+01
90.25349667 29.09667778 -42.48827283 1.44979689e+01
90.38324307 29.19274740 -43.56475125 1.41945637e+01
89.67490841 29.08564499 -42.13196641 1.48009455e+01
90.12356594 29.00016430 -41.41199895 1.48270695e+01
89.80515452 29.18371751 -43.20674829 1.38905724e+01
90.29889364 29.16283605 -43.20585005 1.41879635e+01
90.37690776 29.09049165 -42.48847117 1.48486079e+01
90.17415678 29.27139673 -44.28225960 1.34283693e+01
90.29250870 29.06057177 -42.12955981 1.47827282e+01
90.13653111 29.20471531 -43.56463442 1.37570731e+01
90.13005162 29.10244032 -42.48830137 1.42781045e+01
90.05208811 29.17420503 -43.20595009 1.38575214e+01
90.25990428 29.19894528 -43.56458285 1.39347407e+01
90.17550813 29.16875033 -43.20581153 1.39755819e+01
89.88968391 29.21482702 -43.56505172 1.36395754e+01
89.80331266 29.28627983 -44.28264929 1.32495328e+01
89.51922987 29.22705963 -43.56697822 1.39607412e+01
89.43226509 29.29787935 -44.28393574 1.34171119e+01
89.51239906 29.12489486 -42.49221721 1.49121088e+01
89.31106591 29.19924682 -43.21102263 1.46534887e+01
89.92203414 29.07690815 -42.13012006 1.43864174e+01
89.76621803 29.21921785 -43.56548866 1.36914583e+01
89.42771854 29.09336902 -42.13524762 1.55779165e+01
89.27220844 29.23453226 -43.56921374 1.42829944e+01
89.14166854 29.13663688 -42.49795249 1.57986812e+01
89.06401805 29.20755360 -43.21416386 1.48766816e+01
89.30411541 29.09719589 -42.13741346 1.59727418e+01
89.18753536 29.20319802 -43.21241426 1.48087649e+01
89.75952616 29.11697146 -42.48978414 1.43529822e+01
89.68165084 29.18787125 -43.20740181 1.40277281e+01
89.55131839 29.08957111 -42.13342710 1.51622002e+01
89.75282334 29.01472338 -41.41408439 1.50444921e+01
89.38882058 29.12866271 -42.49401914 1.52565735e+01
89.38190548 29.02655944 -41.41990404 1.65804823e+01
89.26524088 29.13251004 -42.49587811 1.55719860e+01
89.29714833 28.99514267 -41.06379318 1.76023384e+01
89.79848251 29.08146241 -42.13091421 1.45346255e+01
90.00169899 28.90283745 -40.35530645 1.53431963e+01
89.79180013 28.97920571 -41.05507796 1.52103089e+01
89.92553485 28.87170954 -40.01630337 1.56548624e+01
90.04555857 29.07192857 -42.12969961 1.43802363e+01
90.16258754 28.96420269 -41.05321020 1.50958234e+01
90.16905065 29.06647701 -42.12949548 1.45028167e+01
90.24708444 28.99440939 -41.41199370 1.51132333e+01
90.41593304 29.05425777 -42.12984339 1.52066254e+01
90.61836113 28.87234275 -40.35663251 1.83119682e+01
90.65653877 28.93861457 -41.05507893 1.79279415e+01
90.74901518 28.76265871 -39.37410896 1.84919801e+01
89.91542432 28.97463589 -41.05405354 1.49686940e+01
90.00001364 29.00545189 -41.41234322 1.47169115e+01
89.66815403 28.98341689 -41.05653520 1.56463101e+01
89.75482320 28.91217254 -40.35739737 1.57978610e+01
89.62919555 29.01882945 -41.41554729 1.54549214e+01
89.63135294 28.91632040 -40.35918009 1.64257460e+01
89.04982605 29.00381505 -41.07014803 1.84068107e+01
89.26088694 28.92813207 -40.36747294 1.91411006e+01
89.50555417 29.02272796 -41.41747635 1.59933729e+01
89.50786927 28.92026782 -40.36146109 1.72713270e+01
89.17347994 28.99926825 -41.06681085 1.81240605e+01
89.25825617 29.03048546 -41.42253109 1.71280473e+01
89.80229825 28.87633048 -40.01742611 1.59612290e+01
89.92054005 28.66682535 -38.15533564 1.74070487e+01
89.31159804 28.79009657 -39.08073030 2.32775188e+01
89.18591216 28.89660758 -40.03037309 2.07256809e+01
89.39599803 28.82145542 -39.38194072 2.05731431e+01
89.30919474 28.89246186 -40.02697011 1.97696721e+01
89.80407820 28.77375535 -39.06970526 1.68891382e+01
89.88170580 28.70251164 -38.46015990 1.72714698e+01
89.64220047 28.81351536 -39.37635665 1.76077925e+01
89.63540613 28.71128724 -38.46461028 1.93376431e+01
89.26587434 28.72342743 -38.47518506 2.75065060e+01
89.14979347 28.82976614 -39.38900347 2.34987317e+01
89.14270247 28.72780341 -38.47925557 2.96309809e+01
89.06535874 28.79889904 -39.08843695 2.55796231e+01
89.76528427 28.80930883 -39.37437478 1.67008875e+01
90.00482143 28.69759179 -38.45874074 1.70556623e+01
89.92715962 28.76910298 -39.06820643 1.65658862e+01
90.01138713 28.79987194 -39.37189280 1.62135958e+01
90.13439641 28.79452510 -39.37135507 1.64827801e+01
90.28984477 28.65036355 -38.15272093 1.65468604e+01
90.17323871 28.75855077 -39.06671205 1.68322199e+01
90.37398550 28.68029775 -38.45741274 1.67056945e+01
90.17192330 28.86119574 -40.01534974 1.59266355e+01
90.29623050 28.75262884 -39.06658598 1.71538713e+01
90.29506893 28.85527802 -40.01537984 1.64790073e+01
90.38031798 28.78255394 -39.37140125 1.74073380e+01
90.37178594 28.88558808 -40.35519217 1.66230684e+01
90.50323369 28.77604805 -39.37200661 1.78093464e+01
89.87827369 28.90770396 -40.35615569 1.54400611e+01
89.88834826 28.80478585 -39.37290428 1.62628827e+01
90.66433549 28.83562652 -40.01742839 1.87278108e+01
90.61995317 28.66712927 -38.45887559 1.59633215e+01
90.66504078 28.73303410 -39.06860715 1.75112270e+01
90.74162740 28.86558786 -40.35766607 1.92975193e+01
90.91047579 28.82256287 -40.01992256 2.07389932e+01
91.40301406 28.70561087 -39.08203023 2.26503800e+01
90.41818215 28.84897030 -40.01581527 1.72132956e+01
90.49508476 28.87906985 -40.35581873 1.74598816e+01
90.86589106 28.65399289 -38.46212569 1.66652771e+01
90.99483172 28.75028024 -39.37730627 2.03415628e+01
90.54212428 28.73974700 -39.06758128 1.75201935e+01
90.62612862 28.76935565 -39.37288841 1.80748482e+01
90.78795390 28.72638729 -39.07000729 1.79286060e+01
90.87190976 28.75619611 -39.37554732 1.90600217e+01
91.77180839 28.71994797 -39.09192845 2.36753406e+01
91.76636892 28.61757655 -38.18935973 2.50924341e+01
91.11779803 28.74527862 -39.37926183 2.13544931e+01
91.73276011 28.75085948 -39.39183288 2.31921663e+01
91.15674538 28.81214942 -40.02316309 2.21854576e+01
91.60524261 28.84561622 -40.36765780 2.18725288e+01
91.03358673 28.81684817 -40.02140750 2.19358473e+01
91.11154088 28.84785795 -40.36177074 2.21342959e+01
91.64908341 28.71165717 -39.08839369 2.37074395e+01
91.52645630 28.80916434 -40.02815299 2.25320331e+01
91.48695398 28.74037522 -39.38664345 2.30731980e+01
91.60995736 28.74387931 -39.38879513 2.32986363e+01
91.27995995 28.80897876 -40.02476283 2.22931828e+01
91.40321259 28.80777057 -40.02676127 2.24585210e+01
91.97353220 28.87821030 -40.36835593 2.11260556e+01
91.27405699 28.91139225 -41.06106309 2.12709789e+01
92.01668054 28.85090865 -40.03198605 2.15152473e+01
91.60556203 28.94770960 -41.42207253 2.01177990e+01
91.48184246 28.84235449 -40.36643715 2.20793395e+01
91.23479107 28.94638434 -41.41893507 2.07135969e+01
91.35838384 28.84202090 -40.36495392 2.21190096e+01
91.15046379 28.91473325 -41.05976742 2.13706330e+01
91.23493758 28.84403035 -40.36328779 2.21115242e+01
91.11124273 28.95029321 -41.41756971 2.07285309e+01
90.78739901 28.82893880 -40.01862789 1.95721538e+01
90.49402316 28.98170811 -41.41276703 1.63138777e+01
90.54126783 28.84237005 -40.01651785 1.79124107e+01
90.40961857 28.95200578 -41.05364954 1.60793579e+01
90.53308850 28.94539275 -41.05431311 1.69278180e+01
90.61745365 28.97496205 -41.41345865 1.72367198e+01
90.86489972 28.85903689 -40.35890145 2.04608537e+01
90.74087316 28.96817716 -41.41429804 1.82922497e+01
90.86429804 28.96158652 -41.41530650 1.93852154e+01
90.77998319 28.93186933 -41.05608930 1.90126059e+01
91.39769190 28.90998167 -41.06254955 2.11005097e+01
91.15633153 29.01692953 -42.13460314 1.92797504e+01
91.52132313 28.91115751 -41.06351603 2.08807181e+01
91.27985159 29.01360115 -42.13573425 1.92763203e+01
91.64486484 28.91536052 -41.06449846 2.06303505e+01
91.48768025 29.04677936 -42.49557724 1.85572149e+01
91.48200426 28.94453224 -41.42143578 2.03178866e+01
91.40341338 29.01220989 -42.13688843 1.91508609e+01
91.72893368 28.95432712 -41.42313909 2.00656205e+01
91.65043717 29.01766106 -42.13839853 1.90862285e+01
92.09490027 28.89805692 -40.36899678 2.10612431e+01
91.76815987 28.92332215 -41.06535540 2.05486487e+01
91.89644470 29.03771742 -42.13486292 1.90746002e+01
92.56851603 29.12554004 -41.40861250 2.05535765e+01
92.37517808 28.92955531 -40.02965291 2.17311034e+01
91.97434904 28.97999980 -41.42055483 1.98926204e+01
93.67122249 29.65107080 -41.04459860 1.77385673e+01
92.68164587 28.96551103 -39.39923835 2.30752287e+01
92.13966778 29.07572197 -42.13509063 1.91798861e+01
92.90515896 29.26192367 -41.40418636 2.06693806e+01
92.57337034 29.22823812 -42.48117588 1.93102748e+01
92.72320809 29.25091904 -42.12297891 1.98242434e+01
92.83474982 29.29761569 -42.11763480 1.98134966e+01
93.15955068 29.45440066 -42.11750826 1.92708660e+01
92.79274878 29.11160544 -40.36297352 2.19792593e+01
93.73429616 29.52369962 -39.40047219 1.86123076e+01
92.68072579 29.06595551 -40.36394673 2.18803473e+01
92.79466562 29.21321686 -41.40878837 2.06995305e+01
92.83016831 29.19486389 -41.05216719 2.11253296e+01
92.68251026 29.16753765 -41.40938198 2.06731753e+01
92.45130084 28.98579049 -40.36366780 2.15193766e+01
92.60513147 29.10485586 -41.05232302 2.09840150e+01
92.33531880 29.05357853 -41.41210053 2.02154174e+01
92.45278462 29.08737514 -41.40990762 2.03931388e+01
92.13443579 28.97320267 -41.06155915 2.03303456e+01
92.21514464 28.92260501 -40.36902523 2.11512548e+01
91.89494248 28.83405726 -40.03121587 2.18582381e+01
91.89103240 28.93531639 -41.06231140 2.04145480e+01
91.85129349 28.86310433 -40.36894954 2.14072184e+01
91.89408883 28.73229811 -39.09484080 2.33199152e+01
92.25567715 28.79708013 -39.09975370 2.26050092e+01
92.60647320 29.00440840 -40.03040326 2.21527265e+01
92.13748323 28.87236592 -40.03268007 2.14619424e+01
92.33615482 28.85141149 -39.39720195 2.23832884e+01
92.25703682 28.89867615 -40.03239529 2.15536212e+01
92.33400034 28.95195645 -40.36618945 2.13080837e+01
92.09792514 28.79723582 -39.39653852 2.22155461e+01
92.09272301 28.69471059 -38.50161556 2.34313182e+01
91.85518232 28.76186028 -39.39365319 2.29196681e+01
91.84979489 28.65945440 -38.49374221 2.44627240e+01
92.44814707 28.78263451 -38.50822847 2.36435196e+01
92.37365209 28.82799184 -39.09895747 2.27753586e+01
92.90328931 29.05972395 -39.39860669 2.32747574e+01
93.00733424 29.00836048 -38.52010254 2.45862202e+01
92.93810988 29.04233126 -39.10352381 2.36936816e+01
93.04173857 28.99178566 -38.22792287 2.49893325e+01
92.60464715 28.90283498 -39.10458536 2.32715124e+01
92.67699129 28.86276115 -38.51694199 2.42304061e+01
92.56820190 28.92351077 -39.40114066 2.28474118e+01
92.71749934 28.94612467 -39.10525069 2.35134906e+01
92.94031475 29.14402073 -40.02555055 2.23793626e+01
93.56560634 29.38501859 -39.10935263 2.06146861e+01
92.71945700 29.04773263 -40.02933713 2.23212115e+01
92.79329203 29.01111312 -39.40128210 2.32332834e+01
92.49166089 28.96497268 -40.02967891 2.19460121e+01
92.56688345 29.02395225 -40.36360188 2.17285585e+01
92.90311057 29.16028532 -40.36046087 2.19716079e+01
92.83073375 29.09437108 -40.02890617 2.24043448e+01
93.32810602 29.27858634 -39.39954187 2.19848089e+01
93.83625467 29.68962013 -40.35489601 1.69664775e+01
93.56839192 29.48709020 -40.02414672 1.94659636e+01
93.76930381 29.61295462 -40.02249590 1.78096011e+01
93.01180291 29.21179832 -40.35834339 2.18469080e+01
93.53477615 29.50009493 -40.35793671 1.93085194e+01
93.53307145 29.39870111 -39.40097590 2.04535630e+01
93.46393874 29.32381842 -39.10898391 2.14978102e+01
93.04599188 29.09456262 -39.10684435 2.35999834e+01
93.11430929 29.06215156 -38.52136831 2.43732645e+01
93.36125872 29.26396095 -39.10727853 2.22591358e+01
93.42727699 29.23523053 -38.52455827 2.26421324e+01
93.32414806 29.17585829 -38.52443618 2.34204404e+01
93.25342257 29.10290716 -38.23296630 2.43572495e+01
93.73079000 29.42110245 -38.53080120 1.95856451e+01
93.83373989 29.58766699 -39.39923430 1.76619815e+01
93.96425105 29.64001453 -39.11116240 1.66563567e+01
94.03077465 29.71787930 -39.40018276 1.57177056e+01
93.63409823 29.46067310 -39.39979527 1.95518877e+01
93.76636076 29.51073264 -39.10987557 1.86640037e+01
94.06236483 29.70567388 -39.11195031 1.55447866e+01
93.86862700 29.67729924 -40.02223103 1.69777112e+01
93.93253153 29.65243754 -39.39959638 1.67147672e+01
93.96733602 29.74239757 -40.02093683 1.61537504e+01
93.66638690 29.44736573 -39.10983002 1.96610694e+01
93.63608057 29.56224607 -40.35563936 1.85420708e+01
93.73654856 29.62545901 -40.35496965 1.77500125e+01
93.33578357 29.58420405 -42.47634159 1.82078858e+01
93.32922977 29.37964773 -40.35867482 2.06573972e+01
93.36498013 29.46694067 -41.04851167 1.96613498e+01
93.25744525 29.20565293 -39.10645282 2.28749788e+01
93.15531064 29.35165448 -41.04668175 2.05925645e+01
93.25996441 29.30751722 -40.02690723 2.14886448e+01
93.22715065 29.42352200 -41.40186248 1.98818318e+01
93.22394426 29.22082672 -39.40036719 2.25475482e+01
93.15483063 29.25088358 -40.02593977 2.19387490e+01
93.22476188 29.32173880 -40.35918346 2.11863535e+01
93.01397026 29.31348037 -41.39932508 2.05216171e+01
93.11899453 29.26569720 -40.35867343 2.15831490e+01
93.04830726 29.19630640 -40.02700307 2.22261392e+01
93.36387250 29.36588996 -40.02522382 2.09214785e+01
93.26489183 29.51115022 -42.11582550 1.89091684e+01
93.43908180 29.64374454 -42.47867219 1.77471684e+01
93.43512699 29.54105813 -41.40279543 1.88610629e+01
93.04845282 29.29696368 -41.04603139 2.08881934e+01
93.05280533 29.39972077 -42.11191108 1.95498427e+01
93.77154359 29.71470067 -41.04507705 1.70458648e+01
93.53745064 29.60206952 -41.40284610 1.82602502e+01
93.46664042 29.42581761 -40.02619912 2.02351029e+01
93.46804461 29.52702809 -41.04647723 1.90757363e+01
93.66925334 29.54951106 -40.02291119 1.86477510e+01
93.47195028 29.62970716 -42.11767522 1.79663488e+01
93.97009557 29.84453676 -41.04363026 1.57051775e+01
94.06551566 29.80814108 -40.02126062 1.52619419e+01
94.06852615 29.91048520 -41.04597350 1.49670604e+01
93.73939109 29.72757699 -41.40197783 1.69749755e+01
93.84268726 29.89436736 -42.47833029 1.57547374e+01
93.74301504 29.83016595 -42.47659923 1.62482092e+01
93.77511757 29.81727857 -42.11899886 1.63383137e+01
93.63884112 29.66429094 -41.40201818 1.76188535e+01
93.57008243 29.58847150 -41.04684893 1.84184878e+01
93.64257517 29.76691531 -42.47604057 1.67517361e+01
93.57770912 29.79376386 -43.19541679 1.64886022e+01
93.78182701 30.02206129 -44.27725362 1.50121647e+01
94.07503781 30.11541671 -43.20240017 1.44994859e+01
93.57387734 29.69111977 -42.11705814 1.74343060e+01
93.54517470 29.80738051 -43.55579544 1.62860184e+01
93.87459187 29.88177995 -42.11855995 1.58069897e+01
93.87809400 29.98431887 -43.19736804 1.52800693e+01
92.91413861 29.56793292 -44.63499068 1.61877270e+01
93.34112675 29.78793401 -44.63923534 1.56569347e+01
93.23132698 29.52625527 -42.47545365 1.86007909e+01
93.02280247 29.51898542 -43.55246139 1.77643998e+01
93.12556300 29.47017665 -42.47342627 1.89339592e+01
92.94907812 29.45008997 -43.18972684 1.83414324e+01
93.36899715 29.56964646 -42.11993919 1.84636290e+01
93.16382295 29.55714034 -43.19215392 1.79391862e+01
93.33171853 29.48149144 -41.40465846 1.94101327e+01
93.26076404 29.40842099 -41.04709785 2.01799207e+01
93.47589170 29.73238140 -43.19694468 1.68986620e+01
93.54129441 29.70472722 -42.47556906 1.72595506e+01
93.01837107 29.41623644 -42.47083129 1.91682711e+01
92.91421880 29.46742465 -43.54676137 1.79073807e+01
92.71851263 29.14818275 -41.05420431 2.10804760e+01
92.60994095 29.20756549 -42.12200808 1.97476894e+01
92.90967424 29.36467788 -42.47271150 1.93322878e+01
92.83935971 29.40035989 -43.18875890 1.84261202e+01
92.79929402 29.31596278 -42.47664767 1.93950400e+01
92.57701645 29.43130984 -44.63827286 1.62052751e+01
92.48990561 29.06545589 -41.05388026 2.08101574e+01
92.49482530 29.16813207 -42.12380767 1.96235321e+01
91.97970945 29.08243704 -42.49134060 1.86603780e+01
92.46273796 29.29268334 -43.55562583 1.78507793e+01
92.01852202 29.05440387 -42.13577388 1.90884342e+01
92.10115327 29.10228388 -42.49411718 1.87549317e+01
92.37299989 29.03011262 -41.05623170 2.06220222e+01
92.25955720 29.10193147 -42.12682134 1.93175614e+01
91.98508724 29.18486810 -43.56692685 1.73760908e+01
91.85902115 29.27095134 -44.64295969 1.56883657e+01
91.85738428 29.06738389 -42.49519549 1.86399624e+01
91.90187331 29.14011274 -43.21045867 1.77691961e+01
91.77916233 29.12801740 -43.21287194 1.77312790e+01
91.86284509 29.16976135 -43.57044976 1.73012017e+01
92.10644171 29.20477612 -43.56782687 1.74876341e+01
92.34038979 29.15619033 -42.48055938 1.90386952e+01
92.34548289 29.25879457 -43.55735542 1.77404902e+01
92.37802885 29.13274227 -42.12205578 1.94784839e+01
92.68725333 29.27026249 -42.47931552 1.93788568e+01
92.57824974 29.33092833 -43.55672650 1.79385210e+01
92.49976910 29.27080043 -43.19651203 1.83313017e+01
92.45774947 29.19003315 -42.48008701 1.91884086e+01
92.26471071 29.20450262 -43.20142923 1.80792517e+01
92.69119275 29.47336529 -44.63855979 1.62369791e+01
92.61477602 29.31026725 -43.19766970 1.84150669e+01
92.61670148 29.41179346 -44.27683264 1.68617542e+01
92.80395036 29.41870100 -43.55441267 1.79741976e+01
92.72793054 29.35364754 -43.19863805 1.84530735e+01
92.38308044 29.23536425 -43.19770440 1.82151831e+01
92.34340752 29.35927696 -44.63799633 1.60650046e+01
92.02496256 29.25851073 -44.28395824 1.64095654e+01
92.14491927 29.17823437 -43.20936942 1.79536951e+01
92.26615599 29.30605076 -44.28065045 1.66194028e+01
92.10349053 29.30553645 -44.64153892 1.58717363e+01
92.22666857 29.22936170 -43.56373192 1.76069233e+01
92.22415740 29.32995837 -44.64265412 1.59711554e+01
92.14619719 29.27980912 -44.28419304 1.65159651e+01
91.98169708 29.28582356 -44.64241933 1.57741052e+01
92.38469672 29.33687806 -44.27700399 1.67209516e+01
92.72999184 29.45521107 -44.27860837 1.68828229e+01
92.80350095 29.51913808 -44.64004858 1.62338474e+01
93.02307165 29.61959701 -44.63737588 1.61090331e+01
93.16636680 29.65890584 -44.27489296 1.64941425e+01
93.84890731 30.09885557 -44.63911402 1.46442965e+01
93.94806770 30.16403631 -44.63932852 1.44656260e+01
93.47873132 29.83435540 -44.27537523 1.58027815e+01
93.44307202 29.74642592 -43.55528091 1.66537965e+01
93.23553638 29.62898236 -43.55608167 1.73011541e+01
93.23646802 29.72985198 -44.63776360 1.58366321e+01
93.26905307 29.61387348 -43.19529940 1.76328042e+01
93.33988286 29.68691103 -43.55274047 1.69981226e+01
93.27169974 29.71570614 -44.27699893 1.62997670e+01
93.13048959 29.67365070 -44.63712936 1.59877793e+01
93.12988265 29.57291874 -43.55020055 1.75665983e+01
93.67863014 29.85629496 -43.19450350 1.60772016e+01
93.58063766 29.89581376 -44.27760786 1.55393758e+01
93.74667769 29.93275186 -43.55514476 1.55530479e+01
93.64846862 29.97108377 -44.63875644 1.50418143e+01
93.98008351 30.15191872 -44.27984674 1.45366484e+01
94.04666250 30.22990059 -44.64051822 1.42636070e+01
94.07835686 30.21788150 -44.28119848 1.42758659e+01
93.74907625 30.03449095 -44.63813960 1.48363872e+01
93.68164477 29.95842217 -44.27689604 1.52672309e+01
93.88126800 30.08660991 -44.27844254 1.47674688e+01
