79.91946870 29.56706119 -6.67080037 0.00000000e+00
88.45512951 28.01507665 -31.24877558 1.22387734e+01
78.42940013 31.19752830 -29.19359099 1.62478615e+01
77.04231493 31.80961019 -24.49948174 0.00000000e+00
75.14248996 33.89192345 -27.68513184 1.23179866e+01
84.92054474 29.94039002 -44.23023332 1.63107601e+01
87.43917449 28.11746557 -31.27967549 1.38396432e+01
84.45710667 27.76558301 -8.95686268 0.00000000e+00
78.08037156 32.41277009 -39.32270292 1.91007377e+01
75.33453199 34.61978808 -38.15580198 1.26807995e+01
85.86638425 29.46123153 -41.84423482 1.72886666e+01
81.89139061 28.48214915 -5.54653256 0.00000000e+00
75.00765832 33.31576715 -13.13651991 1.35149163e+01
78.96086298 29.72467226 -2.96901954 0.00000000e+00
74.67307171 32.93856981 -3.42980636 1.28702647e+01
81.03052842 28.48499222 -2.22194742 0.00000000e+00
85.46834063 27.51654715 -10.21083282 0.00000000e+00
74.45616147 33.20516829 -3.36797426 1.27197088e+01
77.13815423 33.44092999 -43.32730274 3.33686078e+01
86.24584052 27.53119369 -15.25021941 5.84226929e+00
87.15282747 27.36314302 -14.88658446 1.20890955e+01
85.76887420 27.47932393 -11.04925090 2.88790290e-03
89.05170365 26.99262572 -8.63714285 1.02222972e+00
89.80939835 28.46601909 -36.33185964 1.78341716e+01
90.04974099 27.63582302 -26.86982047 9.78038431e+00
75.05324999 33.39179144 -14.40221943 1.30184588e+01
91.88093875 27.50890413 -25.29043515 2.66018737e+01
86.70465630 28.48260255 -34.07026842 1.60262401e+01
85.51804602 29.65900591 -43.03817942 1.64866269e+01
90.42224501 29.15650901 -43.20608540 2.16853851e+01
90.66319548 28.01525149 -32.27736310 1.61562065e+01
89.07080576 28.59426268 -37.26852673 2.92818876e+01
89.80102180 27.95369183 -31.20042428 1.25582510e+01
75.93165564 34.22967256 -40.67213153 1.37629777e+01
78.01238101 32.61358134 -40.87690905 1.97336510e+01
77.66289691 33.03738041 -42.92546452 2.72853240e+01
81.75025163 31.12788904 -44.57229678 1.52348152e+01
76.82698855 33.30737727 -39.59150173 3.45594371e+01
76.87410894 32.98580719 -36.94623817 5.12266348e+01
74.88201072 35.49285984 -41.52440441 1.26387835e+01
74.82528219 35.68940455 -42.83071653 1.25848865e+01
74.65693667 35.93278420 -43.27024699 1.24416729e+01
81.47678379 31.22612010 -44.14347145 1.51908379e+01
77.64718458 32.92714945 -41.68702817 2.96650587e+01
87.83649411 28.88203416 -39.03670944 1.59568940e+01
77.23145400 33.09051884 -40.43360104 8.86013789e+01
78.34163893 32.30408014 -39.72834516 1.70940854e+01
79.53532824 31.74489457 -39.57717098 1.51955415e+01
84.60071452 29.04457141 -34.64408623 1.58955109e+01
80.18136786 30.64824451 -31.91581216 1.87842509e+01
74.99221465 34.06796471 -27.48651039 1.17572648e+01
76.50674993 33.52508816 -39.13707125 1.98841632e+01
83.12141101 30.10332067 -39.97192223 1.76906172e+01
76.13885546 33.77176146 -38.25794702 1.54358061e+01
76.86389187 33.15661391 -38.45129252 5.44437806e+01
76.49124372 33.45543155 -38.35439378 2.04728492e+01
79.34803372 31.47908726 -36.44444235 1.54753448e+01
74.92598878 35.22518307 -39.39021903 1.26189814e+01
75.01331626 35.38083024 -41.95284484 1.26032038e+01
75.22824975 34.87118877 -39.37973548 1.25935822e+01
76.19171656 33.84801268 -39.46859046 1.53291422e+01
76.56369955 32.73594008 -32.16155625 3.78242042e+01
75.41171154 33.50011901 -27.00215999 1.36143150e+01
82.95640097 29.25661587 -31.29401422 3.36830203e+01
76.59351645 31.77172068 -13.33142289 0.00000000e+00
74.65918928 34.38069500 -26.18282021 1.17837589e+01
75.39931997 34.28787179 -35.72538361 1.28616280e+01
74.87789181 33.42632559 -12.69830843 8.32192939e+00
74.56421667 35.91482833 -41.97668169 1.25412934e+01
75.25385486 32.98899666 -12.75074801 1.50826665e+01
80.63336711 29.27648418 -8.35492865 0.00000000e+00
77.76023972 30.85005660 -11.72464453 5.46199509e+00
74.38445019 34.67284607 -25.51727476 6.22373986e+00
76.86581345 31.44989452 -11.83597756 0.00000000e+00
74.64409721 33.10356034 -4.76532561 1.25587072e+01
77.65746705 30.15421906 -0.68077210 1.92136637e+00
74.86008564 33.31798645 -11.44364708 6.48721922e+00
75.97755472 31.65936805 -4.39913120 0.00000000e+00
77.53535550 30.71218436 -6.86720076 1.81057196e-01
77.65842605 30.91368795 -11.73673805 2.87253290e+00
76.02998793 32.11255662 -11.89832451 0.00000000e+00
77.47206119 31.15469274 -13.28087435 8.63477268e-01
80.10356464 29.92378372 -13.09418253 5.95458988e-03
75.70842258 32.54540488 -13.25199412 1.80054147e+01
82.77308930 28.63344253 -15.49746356 0.00000000e+00
75.37013017 33.28860567 -21.88913668 1.50600814e+01
78.03531333 31.04607771 -20.96813688 2.43455458e+01
75.23041152 34.04916152 -30.78378503 1.25803395e+01
82.93038243 29.60144553 -34.74078890 2.31206403e+01
76.65861297 33.19387410 -37.25406744 3.05835040e+01
76.78346545 32.72831454 -33.86013611 4.15414881e-02
81.67146855 29.93128439 -32.48253090 1.61765453e+01
82.82172277 29.52162831 -33.50908704 2.43208197e+01
79.82395262 30.86571495 -32.44040438 1.82064390e+01
82.03726796 29.66160963 -31.54046766 1.69106002e+01
82.25373266 29.46855206 -30.50205362 1.88345774e+01
87.07193388 28.45528937 -34.32793833 1.49030723e+01
79.85697855 30.81270394 -32.05079966 1.86632476e+01
84.57725679 28.64657950 -30.44454949 1.30069734e+01
83.08895973 28.77336306 -25.71561519 3.60231007e+00
87.75266429 27.54931818 -23.28020765 1.19552290e+01
80.62531088 29.03580860 -5.01878730 0.00000000e+00
92.35578245 28.01268075 -31.28675756 3.07815310e+01
83.06133735 27.89418304 -4.00231309 0.00000000e+00
89.90448507 27.16328490 -13.36270445 1.92519410e+00
87.39952291 27.25366055 -12.30068225 2.74979163e+00
91.15330958 26.76452162 -4.41295000 1.15313964e+01
80.71937331 28.75230096 -3.22398087 0.00000000e+00
85.25482926 27.24467656 -4.28856505 5.91959104e-04
92.35073866 27.30136338 -16.37572072 2.97486171e+01
87.98746628 27.43341523 -21.09647850 6.75732440e-01
88.68872834 27.01279256 -8.60756679 4.79758416e-01
93.42823692 27.89420785 -20.58698216 6.37586375e+01
90.86703498 26.91141936 -9.15330820 8.18717264e+00
88.54817737 27.73673597 -27.61336602 2.22386412e+00
88.56447568 27.53148111 -24.11855827 2.07777543e+00
87.20319047 28.23568160 -32.21352806 1.41309134e+01
91.51333958 27.88960891 -31.23519520 2.33013431e+01
88.15864231 28.78635546 -38.46585910 1.54283632e+01
77.44685110 32.49803302 -36.31601803 5.29505518e+01
86.46490640 28.72426432 -36.01976223 1.88746013e+01
81.17799318 30.39567139 -34.58707218 1.60044341e+01
86.47945941 28.39307016 -32.75779117 1.72314410e+01
82.84820685 29.58892734 -34.30337592 2.26890140e+01
85.35993740 29.17528821 -37.89405931 1.66971974e+01
83.99701632 29.78954853 -39.72965194 2.19329906e+01
78.28932216 32.05541544 -37.16222199 1.73486765e+01
77.17077771 33.01224073 -39.25900016 1.96903102e+01
80.34791473 31.01805259 -36.35735737 1.62808211e+01
81.78279076 29.88258456 -32.55371769 1.61895811e+01
79.89500955 31.17349409 -35.80663122 1.63321782e+01
81.23659195 30.27862807 -33.72536261 1.61794749e+01
83.01949948 30.47583481 -43.42767522 1.63067414e+01
77.36236900 33.24117204 -42.91784961 5.13576287e+01
81.53275820 31.23838666 -44.57124250 1.51708489e+01
76.90824100 33.73518515 -44.57814259 1.69925475e+01
78.81913665 32.26792846 -41.77774908 1.52930545e+01
80.99385227 31.16089093 -40.82498006 1.54110311e+01
81.00042331 31.03490925 -39.61217899 1.54921492e+01
83.72547146 29.69133447 -38.03988162 2.52872337e+01
85.63722841 29.62867630 -43.03316586 1.66603063e+01
82.46473434 30.52689742 -41.74028316 1.59019507e+01
89.51910298 28.81751925 -39.37887274 2.04125381e+01
93.41906621 27.38455146 -3.11190221 9.06266915e+01
93.90427196 28.62897193 -29.54540000 4.85636763e+01
93.54177202 28.46585016 -30.39529948 4.77383878e+01
75.54898206 34.76614611 -41.93884260 1.28509245e+01
76.10177759 34.44107903 -44.56252186 1.32655865e+01
74.56600339 35.39758622 -36.98962893 1.37044465e+01
76.81363365 33.80933226 -44.57783870 1.59183708e+01
75.84975574 34.31397231 -40.66391716 1.35315713e+01
74.67056435 35.48679792 -39.00521592 1.29395577e+01
75.22238037 35.00742060 -40.64276284 1.26129727e+01
74.52861449 35.52853223 -37.75875919 1.43988809e+01
75.15223016 34.95937417 -39.38118167 1.25609613e+01
75.12563786 34.81777721 -37.75120160 1.24984406e+01
75.27163412 34.77804460 -38.97170080 1.26188350e+01
75.69501848 34.34920527 -39.39651411 1.32958303e+01
75.68872941 34.48450631 -40.65220496 1.31630885e+01
76.06882254 33.92340175 -39.04125725 1.47347430e+01
78.45036140 32.24700634 -39.74643651 1.65562183e+01
76.70083038 33.24236290 -38.02797871 3.07512558e+01
79.95453801 31.37244343 -37.86833693 1.57934433e+01
77.25266512 32.87355343 -38.51424350 1.52130877e+01
77.36847385 32.87380383 -39.27717614 7.74870530e+01
76.74839774 33.45074870 -40.37783460 2.56927421e+01
75.72733139 34.52873674 -41.51306292 1.31484815e+01
78.11687706 32.55063150 -40.88228934 1.85533976e+01
75.88559137 34.53275190 -43.25108997 1.32009115e+01
79.40605929 32.13937635 -43.02961965 1.47614151e+01
78.68852516 32.48317422 -43.37318373 1.51722170e+01
78.13224537 32.66118927 -42.10969707 1.80602763e+01
75.74536292 34.63795238 -42.81351248 1.30469485e+01
78.83357725 32.37797352 -42.98297251 1.50637304e+01
79.27775388 32.07736742 -41.83491949 1.49181672e+01
78.53761171 32.67477932 -44.58956647 1.48859166e+01
79.97292144 31.89368929 -43.04610430 1.49476777e+01
80.58383994 31.50946784 -42.18736087 1.52925126e+01
81.02389411 31.10307417 -40.39547028 1.54350933e+01
85.36321455 29.73804345 -43.43924786 1.63245722e+01
84.81012088 29.86323245 -43.08039263 1.63843476e+01
82.36488363 30.68509966 -42.94140970 1.56743731e+01
86.44058451 28.94810376 -37.98819107 1.86919033e+01
80.84311277 31.08591657 -39.31402444 1.55709843e+01
80.91863689 31.16331604 -40.43507724 1.54610257e+01
92.94458128 29.34733907 -42.11588424 3.49212294e+01
81.23746779 30.77579073 -38.40110622 1.54717410e+01
77.51348979 32.81530428 -39.66226200 4.23733922e+01
77.33597044 32.69459326 -37.40767041 4.15292488e+01
80.21824400 31.31820205 -38.50855798 1.57884399e+01
80.05971966 31.62547624 -40.68875026 1.53443145e+01
80.52819144 31.26663832 -39.46055650 1.56423746e+01
81.05797638 30.83793875 -38.09581410 1.55711675e+01
78.89910502 32.04008368 -39.83153083 1.53630033e+01
79.57535712 31.87963767 -41.07690495 1.50370190e+01
79.98658488 31.54668820 -39.59157256 1.54770441e+01
78.04196387 32.55559507 -40.47030795 1.94770061e+01
79.47468927 31.80763087 -39.92520349 1.51329587e+01
78.73980864 31.52713551 -34.42921523 1.55549631e+01
79.69255010 31.11265665 -34.36132943 1.66857457e+01
79.70455651 31.22071256 -35.46646093 1.62318273e+01
80.41996271 30.78263132 -34.48319168 1.68411548e+01
89.93048773 28.56389482 -37.24221391 1.83876325e+01
84.94757966 28.92966147 -34.55487104 1.51071059e+01
78.47669184 31.48816498 -32.66024085 1.60828419e+01
79.19992359 31.34627249 -34.63622184 1.55928776e+01
81.58728641 30.05253220 -33.28851856 1.61206683e+01
82.58752885 29.59378198 -33.31004733 2.00333264e+01
82.52641904 29.57470080 -32.85527120 1.98283766e+01
82.61397661 29.66186545 -34.12389044 1.94137685e+01
81.68181280 30.17250006 -34.97943489 1.58332610e+01
81.71327954 30.11708512 -34.59017767 1.59035255e+01
87.92828655 28.08631025 -31.51041196 1.29917487e+01
81.28086337 29.83791216 -27.68278979 2.00860410e+01
83.94535858 28.70755529 -28.74105186 6.03356547e+00
79.48573750 31.00885885 -32.40770776 1.73880534e+01
80.96132662 30.19793298 -31.40334321 1.83144827e+01
81.47966204 29.89882113 -31.14393771 1.68057399e+01
82.49991198 29.50613023 -32.03570895 2.05800451e+01
81.56155150 29.98243330 -32.43453916 1.63137613e+01
81.04644643 30.01945204 -29.16615233 2.10197759e+01
80.88973729 30.20325357 -31.06927863 1.90220289e+01
80.03129887 30.65171607 -31.22340824 1.96675033e+01
81.79509592 29.63422512 -29.68143610 1.74742118e+01
78.78199962 31.16262861 -30.88364876 1.55848976e+01
80.87492056 30.08971988 -28.49674403 2.28876286e+01
75.49002677 33.41411123 -27.10791833 1.39035253e+01
78.48999601 31.36471884 -31.46444859 1.59796783e+01
80.54455267 30.11134736 -23.53909608 2.48297011e+01
78.04326033 31.47826667 -29.90094190 1.80579299e+01
78.23975162 31.52801896 -31.71318604 1.70134041e+01
78.76847519 31.05252726 -29.52288087 1.60002885e+01
77.63233991 31.73190392 -29.82341758 2.42646320e+01
78.36528460 31.30651747 -30.11348857 1.64519957e+01
78.27079975 31.47222209 -31.32330289 1.68644157e+01
79.39303373 30.89396769 -30.83667056 1.88009751e+01
78.02256159 31.96850973 -34.89341227 1.90433914e+01
78.78703355 31.58474956 -35.20931520 1.55275857e+01
78.56910233 31.36789412 -31.92127431 1.57570937e+01
77.98955153 31.78865885 -32.85562142 1.88022909e+01
77.54711940 32.43071504 -36.32752558 3.49830651e+01
76.29529437 33.50163362 -37.12951979 1.78149816e+01
76.21587272 33.44814984 -35.94207248 1.73148723e+01
78.31015702 31.84653560 -35.35780977 1.70518120e+01
76.61145792 32.98519646 -34.96306347 3.43225666e+01
79.21440455 31.22686761 -33.47693908 1.58776865e+01
77.80115171 31.98457439 -33.65085197 2.14886003e+01
81.08543946 30.20234631 -32.12338893 1.72011237e+01
76.66739291 32.53149706 -31.03942224 0.00000000e+00
74.51059920 35.42147599 -36.47096404 1.49242896e+01
75.37180180 33.63044690 -28.00404845 1.33003996e+01
75.51041603 33.34912903 -26.58863766 1.40327969e+01
74.95535843 34.02522005 -26.46323660 1.17168057e+01
74.49344660 34.79766410 -28.24915951 1.16217215e+01
75.41787921 33.36452841 -25.06256497 1.42734820e+01
74.54878448 34.60112976 -26.99129266 1.25556641e+01
74.51240580 34.55935853 -26.05520896 1.05080458e+01
76.36044739 32.20159208 -19.27493940 0.00000000e+00
75.30666046 33.44553795 -24.00128899 1.44011794e+01
77.45087753 31.36940128 -18.19172840 2.26849903e+00
75.57570206 33.19351385 -25.30493106 1.48045990e+01
80.89117705 29.70682221 -16.74976649 7.75755928e+00
77.66689300 31.34872669 -23.54420298 2.59040097e+01
79.30980484 30.47218076 -20.13573522 2.43225847e+01
77.68981423 31.61458891 -28.78094460 2.16393685e+01
76.65123248 32.42139739 -29.65930290 0.00000000e+00
82.59143246 29.24903571 -29.62686767 3.04498049e+01
80.98442412 29.76834740 -20.09391128 1.51805094e+01
78.15598982 31.09877467 -25.17877046 1.93385767e+01
80.98936032 29.64036156 -16.48802351 8.52828376e+00
77.62330935 31.29657988 -20.30357732 2.69648702e+01
80.20349353 30.17325780 -20.59908444 3.30677310e+01
77.18747062 31.18523282 -11.29612966 0.00000000e+00
75.40886425 32.81715418 -12.77096014 1.56021956e+01
77.40065542 31.16189827 -12.78131298 4.98185150e-02
75.80559457 32.53343053 -14.21208194 1.59811839e+01
76.58848203 31.53121623 -10.25665489 0.00000000e+00
75.00887734 33.14166645 -11.45170927 1.43427040e+01
75.37244214 33.11433793 -16.36659510 1.45487800e+01
74.42157851 33.85223975 -11.40393241 1.49172152e+01
75.03593319 33.80056723 -24.56497206 1.24778994e+01
75.62073318 33.10324676 -24.58025630 1.53806738e+01
76.53111496 31.45246916 -8.22329148 0.00000000e+00
76.26782879 31.74214286 -9.72954369 0.00000000e+00
76.21703036 31.82564724 -10.33978034 0.00000000e+00
74.37900608 33.77555957 -10.05055004 1.44912627e+01
77.13853880 30.97730831 -7.15410507 0.00000000e+00
74.22332994 33.71074086 -5.96494151 1.26229777e+01
74.71143244 33.15131008 -6.65419502 1.24597802e+01
74.37241644 34.60162105 -23.93192056 5.30524931e+00
75.83838014 31.66081692 -3.19376687 0.00000000e+00
74.36603895 34.73837935 -25.94786751 6.35406687e+00
75.17616624 32.21687121 -1.61496393 2.09696519e+01
74.89404897 32.49974752 -0.85991088 1.66945247e+01
74.43841807 33.09753402 -1.57802401 1.26210090e+01
78.78647962 30.01164785 -5.40732053 0.00000000e+00
75.31835152 32.31651495 -4.58609832 1.64079117e+00
76.08077766 31.65191993 -5.42528719 0.00000000e+00
76.11595197 31.49767169 -4.01515242 0.00000000e+00
76.91521001 31.17259069 -8.08457486 0.00000000e+00
74.93425918 33.22967945 -11.44799686 9.72907524e+00
76.12722472 31.90209861 -10.36139393 0.00000000e+00
74.33708553 33.87061742 -10.51654247 1.43329328e+01
77.17111676 31.11594464 -10.13461056 0.00000000e+00
80.33268009 29.42315195 -8.00794970 0.00000000e+00
76.81816305 31.24143719 -8.11997820 0.00000000e+00
75.42164226 32.54656659 -9.99369003 1.78744447e+01
75.74498413 32.21294184 -9.90470505 5.24837420e-02
75.40770261 32.47610020 -8.71984565 1.25051200e+01
81.11748406 28.80765261 -5.29461859 0.00000000e+00
80.92807949 28.67882871 -3.59887975 0.00000000e+00
79.37696682 29.92015198 -8.00376484 0.00000000e+00
75.81983258 31.88806083 -5.52236169 0.00000000e+00
80.19626169 29.12550281 -2.93319973 0.00000000e+00
79.71742742 29.55444404 -4.89629213 0.00000000e+00
80.38387069 28.98482578 -2.94253896 0.00000000e+00
78.67111307 30.05286297 -5.30006279 0.00000000e+00
79.34201119 29.55686498 -2.89145713 0.00000000e+00
77.96963302 30.21061931 -3.69815924 0.00000000e+00
78.27581035 29.97982368 -2.84158897 0.00000000e+00
78.60155779 29.73332166 -1.22683335 0.00000000e+00
80.64033759 28.64987335 -0.83511570 0.00000000e+00
80.47473855 28.91162748 -2.95775742 0.00000000e+00
80.65430262 28.76333202 -2.98849179 0.00000000e+00
81.51992566 28.16409617 -1.19153203 0.00000000e+00
87.25235963 26.97909920 -5.00401915 1.66786645e-02
86.14422938 27.09587017 -4.63204057 1.37267993e-02
81.61276552 28.49304531 -4.47739090 0.00000000e+00
82.23366224 28.08302568 -3.52467912 0.00000000e+00
81.07327240 28.75105657 -4.52741481 0.00000000e+00
81.42068540 28.52831417 -4.16662310 0.00000000e+00
80.63907522 29.14868540 -6.55436173 0.00000000e+00
81.07780902 28.62267876 -3.72919592 0.00000000e+00
81.07351958 29.46067182 -14.07433660 1.49517638e+00
87.50952936 27.56071892 -22.97020092 9.68536243e+00
88.55114620 27.63443076 -26.00863409 2.15584728e+00
83.24402476 28.50994337 -17.57819786 5.03466723e-02
79.63292292 30.27069869 -16.21899830 4.66354051e+00
83.04433777 28.52613304 -15.42098024 0.00000000e+00
79.73376820 29.84929669 -9.50755407 0.00000000e+00
78.81836319 30.19117520 -9.10569221 0.00000000e+00
77.53420204 31.23417324 -15.40213139 2.00039433e+00
81.86903751 28.84553715 -11.54200686 7.61399262e-02
80.29356060 30.00105075 -16.08050701 3.72120597e+00
77.25179387 31.50342621 -18.13524980 0.00000000e+00
78.66043319 30.36397826 -11.16951346 0.00000000e+00
78.52736355 30.33897091 -9.78864818 0.00000000e+00
79.50509798 30.43559292 -21.36731453 3.16184527e+01
78.18697638 31.04291473 -24.29187680 2.02440697e+01
80.30545300 30.11072623 -19.93197565 2.60500719e+01
78.28221001 31.11215459 -26.80662043 1.74635490e+01
80.57325357 29.97151267 -19.53483425 1.45635313e+01
81.06094714 29.63551066 -17.55484468 1.19788385e+01
80.49562426 30.10455004 -22.62149268 2.40003567e+01
81.70137606 29.30746265 -19.21887887 2.60493328e+01
80.78831319 29.90196170 -20.82470566 1.38126593e+01
85.99887694 28.00345885 -26.46552621 1.68764481e+00
80.83789271 29.90877640 -21.79760583 1.53394282e+01
88.35038702 27.81807025 -28.68390562 4.37170278e+00
79.23089612 30.87929792 -29.82973103 1.90949593e+01
83.12697279 28.94811706 -28.38673694 9.76672981e+00
82.27721941 29.11116179 -24.24385963 1.99336511e+01
90.17811043 27.73254769 -28.54088519 1.15610663e+01
86.14680374 27.83547402 -23.92973490 1.33441278e+01
83.13571364 28.83460158 -26.92609288 6.41181245e+00
86.26840233 27.82401553 -24.21454434 1.42220442e+01
83.20671900 28.74117991 -26.02207479 5.34440523e+00
86.35284768 27.85418873 -25.10905424 1.34193539e+01
85.67723559 28.02867623 -25.70329278 1.93606186e-01
83.36194169 28.88191433 -28.58037819 1.04797624e+01
90.74833987 27.73732022 -29.12262362 1.58430013e+01
87.98520345 27.84318386 -28.60122720 1.47833328e+01
86.39990557 27.92406207 -26.48701971 1.37932638e+01
83.18916687 28.96771341 -28.93507872 1.16191545e+01
89.04292369 27.81160124 -29.14019428 2.28387102e+00
88.22867503 27.82651498 -28.67205254 9.96106533e+00
87.37583450 27.87789082 -28.11800596 1.31092113e+01
90.98633234 27.52106024 -25.82260279 1.66337737e+01
88.96660711 27.47431829 -23.08992162 2.21551741e+00
88.58624374 27.70025371 -27.07248419 2.18200650e+00
87.85522310 27.74892531 -26.99366689 1.28680725e+01
82.33636283 28.70887937 -12.85785160 4.55953398e-03
90.86585245 27.21892327 -18.09318485 6.85175286e+00
87.38396812 27.66949343 -24.83717441 1.25541506e+01
84.37932798 28.49272476 -27.54808143 7.46980474e+00
83.09780343 28.66002571 -22.54856544 7.42842690e-01
84.74707984 28.21728654 -24.54766295 7.70170092e+00
85.44347898 28.09265744 -25.83579939 2.10860213e-01
84.60818018 28.41428821 -27.37856036 9.54243982e+00
83.24226384 28.69451991 -25.56420400 4.66869129e+00
81.74729946 29.00760949 -13.15809450 6.82304414e-01
79.13565333 30.30809147 -12.99455211 0.00000000e+00
85.58434947 27.48401011 -10.16716245 0.00000000e+00
82.71649541 28.27337449 -7.29914533 0.00000000e+00
85.58916828 27.36913068 -7.78094107 0.00000000e+00
83.15273621 28.20266854 -8.61480377 0.00000000e+00
87.39078166 27.15020800 -9.69106705 2.12372699e-01
83.42244918 28.09407259 -8.36967209 0.00000000e+00
88.23966233 27.11074540 -10.61633566 3.62364866e-04
82.94126106 28.10786955 -5.94594908 0.00000000e+00
84.97528883 27.49860583 -7.12585852 0.00000000e+00
83.41271877 27.80389415 -4.23438446 0.00000000e+00
87.48556079 26.87255078 -2.22175893 0.00000000e+00
87.84850947 26.86072390 -2.05297067 1.79599365e-02
88.61067197 26.77937243 -1.03927167 6.35280123e-01
90.67053642 26.78436965 -4.33352841 1.72807790e+01
86.55421783 26.83312749 -0.97548007 1.23614582e+00
83.08813008 27.96132191 -4.78513129 0.00000000e+00
86.39596619 26.86866540 -1.63787445 6.37537738e-02
84.21766534 27.55533360 -4.37340927 0.00000000e+00
89.46170584 26.94115154 -7.43057278 1.84205773e+00
82.47044730 28.02961793 -3.63615128 0.00000000e+00
84.34381652 27.80572659 -8.96534227 0.00000000e+00
89.94137312 27.23014341 -15.91981884 2.45216009e+00
87.74430816 27.44694929 -20.97813215 5.85659667e+00
78.47527979 30.32152883 -8.99257928 0.00000000e+00
90.06258393 27.22490546 -15.96450632 3.31871743e+00
88.07449221 27.35985281 -18.34063312 2.77830967e-01
92.23163195 26.96448920 -6.78244392 2.01694638e+00
88.72396007 27.07877438 -10.51845573 9.42927940e-01
93.82559055 28.04050883 -17.05083813 4.67088300e+01
89.94263444 27.12750693 -12.72887249 2.43969379e+00
90.78389513 26.98370785 -11.11496022 6.87443083e+00
90.14127868 26.94775709 -8.93394825 8.58413511e+00
85.45267113 27.10375377 -3.08934269 1.35383734e-03
85.81494919 27.20735164 -5.51632036 3.39598166e-04
89.42547142 26.87421657 -5.14097657 5.39562029e+00
88.37712559 26.89730637 -3.96222993 4.60276160e-02
88.61834171 26.88105318 -4.13610933 7.72396106e-02
90.90617703 26.67048705 -1.11609907 2.42368897e+01
89.53599982 26.97249528 -8.69210646 1.48329776e+00
91.39490809 26.76266703 -4.45030025 9.27867432e+00
92.22624117 26.75931923 -1.07550445 8.76630450e+00
90.67003124 26.88692072 -7.74297392 1.12369033e+01
92.64687117 27.13251621 -7.03439147 8.26078146e+00
91.95752136 26.84070724 -5.23754823 3.40277984e+00
93.89152819 28.11711694 -18.43332310 4.58778546e+01
90.86658968 27.01393060 -11.73844938 6.05548720e+00
91.87323782 26.99847107 -10.79710624 8.68329903e+00
92.42186595 27.05245696 -7.52491125 2.90576918e+00
91.03239800 26.87048391 -7.81339654 7.87686512e+00
90.42851192 26.89943773 -7.66938939 1.20880103e+01
93.72877569 28.07900179 -20.60924140 5.78482576e+01
93.88448834 27.81008004 -6.73653002 5.70717627e+01
93.20613356 28.50695218 -32.87017889 4.16560145e+01
93.22324714 27.77731505 -20.58713604 5.84569080e+01
90.86538907 27.32144050 -21.58476225 1.10597489e+01
93.49674848 27.96865046 -21.42439186 6.60444983e+01
90.74231605 27.63510306 -27.47858501 1.52092099e+01
93.50128474 28.17285268 -25.89607478 5.88163704e+01
89.92779781 27.64101784 -26.86097876 9.00595660e+00
89.93730610 27.53804669 -25.10393797 7.62365527e+00
88.95191355 27.67953843 -26.96261870 2.12784179e+00
89.77889762 27.47598883 -23.72447449 5.39548644e+00
87.69540653 27.79254470 -27.39800853 1.07324561e+01
93.60025503 28.13259944 -23.87053804 6.72827682e+01
88.66999218 27.72908695 -27.58864029 2.15768342e+00
89.20747451 27.56580729 -25.15150357 2.11108885e+00
87.58189225 27.90203734 -28.85208360 1.15548828e+01
91.22976623 27.82074294 -30.47362868 2.11944121e+01
91.59637950 27.82454687 -30.48539086 2.46094295e+01
90.61916812 27.84668205 -30.45638722 1.53677087e+01
91.35200220 27.81942881 -30.47702130 2.23202797e+01
92.07886393 27.67615153 -27.53482362 2.65067759e+01
90.62452882 28.05151238 -32.63267380 1.60868911e+01
92.11690765 27.64979512 -26.98914491 2.69579503e+01
91.87707413 27.61037098 -26.98197839 2.57793310e+01
93.19394978 27.99658586 -25.87223385 5.05610172e+01
91.15721898 28.50500719 -37.25367681 2.27286710e+01
92.69726286 27.92824050 -28.67440297 3.61206163e+01
93.93866192 28.71872934 -30.49574501 4.51486329e+01
93.78197869 27.54170486 -1.65133775 9.12742868e+01
90.78366478 28.31649633 -35.41541752 1.79064699e+01
81.94964887 29.77457404 -32.27901501 1.64552212e+01
87.12756676 28.31050352 -32.89316876 1.44077463e+01
90.50864016 28.16030058 -33.69930018 1.58027760e+01
90.62230740 28.35931296 -35.71703462 1.71723933e+01
91.84708771 28.25183474 -34.84168636 2.56972756e+01
92.02386439 29.15685874 -43.20814135 2.78214458e+01
92.44671649 28.68100638 -37.61820067 3.23657455e+01
89.39141188 28.61688656 -37.56019094 2.45153968e+01
92.48531450 28.55854295 -36.44326244 3.26787185e+01
90.54476107 28.43188292 -36.32552969 1.70950775e+01
90.75091263 28.45493994 -36.63294688 1.85130764e+01
92.45303111 28.88531946 -39.39741954 3.23392282e+01
94.00469703 28.79613206 -30.86859146 4.22157890e+01
88.20470916 28.85088602 -39.07938527 1.56949551e+01
87.10019275 28.94850818 -38.86748391 1.60791283e+01
84.22906405 29.49618884 -37.72615833 2.38932605e+01
88.45727092 28.62749155 -37.27096556 1.78710217e+01
88.19701832 28.74914914 -38.16492174 1.55754096e+01
91.27998920 28.50206528 -37.25864594 2.31336540e+01
88.31990165 28.73962474 -38.17511635 1.63664277e+01
93.42479135 29.13330323 -37.65171120 3.85954399e+01
88.95075452 28.49721567 -36.36290727 3.15019172e+01
88.21218076 28.64560807 -37.25310374 1.56176483e+01
88.70558070 28.50972056 -36.36667384 2.44895599e+01
90.54395603 28.53449999 -37.23952859 1.79654001e+01
89.40235339 28.10456400 -32.64467356 1.25482564e+01
92.01018011 28.13846521 -33.43987781 2.63810786e+01
88.92055590 28.22611058 -33.74543869 1.19849119e+01
89.16491802 28.21558955 -33.73252281 1.32816277e+01
85.66255544 28.37360671 -30.81778426 3.24440576e+00
86.59193629 28.27437270 -31.71264645 1.54909794e+01
86.83144384 28.68776693 -36.20646332 1.61300308e+01
88.33470662 28.63629119 -37.26393084 1.65924356e+01
89.08105290 28.18487319 -33.37893917 9.12679488e+00
84.36668484 28.93802074 -32.80897578 1.44356480e+01
84.03501107 28.78903451 -30.15276258 6.44816441e+00
84.35681788 28.83107751 -31.67523710 1.17967248e+01
82.56321726 29.94719273 -36.62768509 1.72263678e+01
85.60122022 28.99502583 -36.83469099 1.96224779e+01
83.66992295 29.34160704 -34.66273357 1.42939600e+01
84.79673472 29.01660002 -34.96475803 1.50380315e+01
83.29154656 29.78869731 -37.62718086 2.06218581e+01
85.50422734 28.90785291 -35.83110022 1.98277068e+01
84.81143319 29.30810690 -37.66524033 1.56740089e+01
86.96856558 28.85428764 -37.86814629 1.61231649e+01
84.00542841 29.67703186 -38.71898027 2.58053981e+01
85.24261515 29.21001183 -37.91833780 1.61487433e+01
86.56288783 28.93289639 -38.03472315 1.78124346e+01
87.05811674 28.77507123 -37.26714409 1.57682663e+01
87.35460511 28.71506092 -37.06289436 1.53511957e+01
85.37028478 29.28518343 -38.91045060 1.64888335e+01
87.05339463 28.88195948 -38.21744691 1.59993841e+01
87.47714912 28.70512158 -37.10275779 1.53242652e+01
87.54461792 28.83837352 -38.36248451 1.56341438e+01
86.32843838 29.07475756 -38.94784511 1.88880641e+01
88.07416438 28.75907611 -38.15135427 1.49365916e+01
86.97753768 28.96048024 -38.82930680 1.63048868e+01
83.46435433 30.10442617 -41.15494226 1.79593633e+01
85.23467265 29.66179979 -42.27778515 1.61672027e+01
87.09554436 29.05542198 -39.84485608 1.62739541e+01
81.12932373 31.04313986 -40.36181986 1.54105941e+01
86.91625341 29.21775137 -41.23586968 1.67381536e+01
83.82695031 30.09975065 -42.32882434 2.03322670e+01
85.04444084 29.23374708 -37.62142493 1.55992967e+01
81.36801339 30.78645601 -39.12900227 1.54092088e+01
83.47510276 30.21185075 -42.30817782 1.79723859e+01
81.88617300 30.93815072 -43.29973416 1.53553856e+01
83.50151539 29.87124417 -39.00679042 1.99292819e+01
81.10531611 30.97453340 -39.57291771 1.54610197e+01
83.38246853 30.09356725 -40.75959752 1.79865180e+01
83.24097154 30.28812017 -42.28245454 1.69840830e+01
85.24489894 29.77103722 -43.44466505 1.62447444e+01
83.72001623 30.24390931 -43.47096516 1.97606244e+01
83.17069660 30.38631534 -43.05100277 1.66125471e+01
83.48584310 30.31928545 -43.46192400 2.00816118e+01
83.10704848 30.55823312 -44.60884961 1.95987775e+01
89.06118889 29.30974263 -44.28599291 1.88216246e+01
84.39707174 30.13924378 -44.61880034 1.66475308e+01
90.53932816 29.04762957 -42.13037083 2.20634972e+01
86.32383096 29.52223335 -43.43982368 1.72530608e+01
91.73445887 29.05665729 -42.49685440 2.63824315e+01
86.42602943 29.61624368 -44.61156159 1.70603079e+01
89.55596016 29.29420683 -44.28337949 1.96035612e+01
89.67964463 29.29038117 -44.28294804 1.97687105e+01
91.40938827 29.21656873 -44.28486316 2.53780479e+01
89.13615294 29.34110948 -44.64276075 1.89510500e+01
91.77990830 29.22984835 -44.28569833 2.68015637e+01
91.90279844 29.24182730 -44.28537902 2.73216642e+01
90.41919072 28.74632856 -39.06689347 2.00288005e+01
88.81618580 28.91206040 -40.04004879 1.93545877e+01
91.12303777 29.15468181 -43.56751758 2.43470374e+01
87.21830488 29.04314261 -39.87553559 1.61344427e+01
92.25442473 28.99935300 -41.05868821 2.89989862e+01
89.55785673 28.78213638 -39.07418138 2.05439848e+01
89.43248164 28.88852300 -40.02384991 2.03346362e+01
93.97344484 29.94704015 -42.11946306 3.82479101e+01
94.04014634 30.02507093 -42.48131580 3.83439001e+01
93.67490733 29.75368464 -42.11699777 3.74519105e+01
87.17948925 29.40085022 -43.51516592 1.67584865e+01
93.05962178 29.60417724 -44.27450524 3.48063415e+01
93.87994214 27.60532095 -1.63592952 7.52339037e+01
92.46108946 29.39309214 -44.63900766 3.04167409e+01
92.69202296 29.37297945 -43.55782442 3.32942882e+01
93.37579534 29.77424710 -44.27575914 3.60579687e+01
93.94513748 30.06189368 -43.55860814 3.81630540e+01
92.84155536 29.50195872 -44.27503926 3.38116756e+01
93.94169618 29.95937984 -42.47862856 3.81433035e+01
93.77873057 29.91985365 -43.19628328 3.76271600e+01
92.50153757 29.37232613 -44.27728052 3.17926305e+01
74.81895692 35.82600216 -44.13198424 1.24841620e+01
75.05058900 35.42330851 -42.82191034 1.25892126e+01
74.62545326 36.09902429 -44.56771961 1.23118397e+01
75.34881129 35.20716822 -44.12262674 1.26305908e+01
75.64562280 34.78873989 -43.24371722 1.28801354e+01
75.38202618 35.21239855 -44.56052964 1.26312709e+01
75.61535940 34.95081014 -44.55937123 1.27619703e+01
75.58716978 34.80992695 -42.80737559 1.28489019e+01
75.56904534 34.70094418 -41.50663735 1.28994784e+01
76.32857125 34.05691106 -42.84132021 1.45436301e+01
76.01838289 34.52440274 -44.56199455 1.31539350e+01
75.48928695 34.96186345 -43.24137844 1.27374940e+01
75.19607823 35.38303240 -44.12713674 1.25771933e+01
75.41200407 35.04901503 -43.24245191 1.26855132e+01
75.35467493 35.07109859 -42.80678880 1.26624608e+01
75.39380120 34.94033370 -41.93609314 1.27028810e+01
75.03152860 35.48878936 -43.25820055 1.25775601e+01
74.88127290 35.66605003 -43.26261792 1.25634042e+01
75.10793935 35.22677956 -41.51360457 1.25980018e+01
74.78823237 35.64737756 -41.96462580 1.26375930e+01
75.04430336 35.04247015 -38.97544018 1.25471596e+01
74.73234473 35.67095403 -41.53369969 1.26823042e+01
75.00113610 35.13639391 -39.38575215 1.25763836e+01
74.65766297 35.76013634 -41.53838605 1.26954297e+01
74.91991779 35.36172782 -40.65832115 1.26369899e+01
75.18377387 35.13845447 -41.50676131 1.26051797e+01
75.08975153 35.11861526 -40.21952605 1.25840211e+01
74.74498541 35.39768175 -38.99793842 1.27988183e+01
74.71422413 35.56356562 -40.24312862 1.27930722e+01
74.77635967 35.40323802 -39.40199365 1.27614144e+01
74.86331172 35.04094748 -36.95175565 1.25587800e+01
75.30465769 34.78326515 -39.37949133 1.26485316e+01
75.11974834 34.95410169 -38.97324380 1.25436691e+01
76.31908428 33.43868565 -36.75163737 1.85112684e+01
75.27749694 34.64191821 -37.74726636 1.26125659e+01
75.76880779 34.39893924 -40.65775331 1.33336874e+01
76.24012721 33.76099671 -39.08098813 1.59278225e+01
75.47110792 34.85305094 -41.93739691 1.27682813e+01
75.53086658 34.65719830 -40.64524628 1.28930351e+01
77.14914804 33.27072980 -41.66658305 8.10022502e+01
76.67166889 33.63571314 -41.61434414 1.96548697e+01
75.78677676 34.50823437 -41.94965390 1.32080438e+01
76.03658023 34.08189194 -40.26265733 1.42402237e+01
75.03238182 35.31529803 -41.51800639 1.26043106e+01
75.14633398 35.09569844 -40.64539511 1.25939108e+01
76.37559287 33.93064323 -41.99663031 1.52997206e+01
76.72265052 33.51228754 -40.78921442 2.32382694e+01
77.05168035 33.34178007 -41.65715641 4.59428509e+01
76.63913416 33.45630313 -39.55739700 2.29835153e+01
75.97103650 34.27474479 -41.52967269 1.37023861e+01
76.27047874 33.90067340 -40.72050125 1.53110423e+01
76.20681718 33.91788844 -40.28913567 1.51062255e+01
76.60774014 33.31720798 -37.99967333 2.52456169e+01
76.07629092 33.78950007 -37.84053793 1.51620116e+01
75.66021189 34.34382916 -38.98583893 1.32580161e+01
76.94365987 32.97452015 -37.33947015 2.02307675e+01
76.31246243 33.61149392 -38.30606990 1.71513808e+01
76.16163102 33.70817671 -37.86669941 1.58000924e+01
75.64600971 34.27345332 -38.17515288 1.32923038e+01
76.79504760 33.16857066 -38.05611047 4.13570910e+01
77.23686340 32.76344817 -37.39322068 1.72526315e+00
79.66309840 31.57800441 -38.55126551 1.54226001e+01
77.37958480 32.74524408 -38.15644284 6.66539619e+01
78.23438706 32.36320513 -39.71261778 1.77823397e+01
77.61421463 32.74795706 -39.66828402 3.20299374e+01
77.71553731 32.68132231 -39.67176978 2.67484387e+01
77.30274508 33.08081999 -40.84919619 9.43841626e+01
77.12195552 33.33097463 -42.07862403 5.53746553e+01
79.11504708 32.06664468 -41.02289867 1.50535926e+01
77.71996869 32.91944453 -42.10116413 2.58541792e+01
79.23035251 32.02014919 -41.03861834 1.50048872e+01
77.20389920 33.15050380 -40.84387307 9.84344192e+01
77.02480557 33.40230392 -42.07023626 3.66595300e+01
77.82182510 32.85339974 -42.10127978 2.27588184e+01
76.73934269 33.62219745 -42.04057296 2.04250694e+01
77.46194075 33.17254588 -42.92016417 4.04939874e+01
78.49934927 32.53703061 -42.94989669 1.57754941e+01
76.97147749 33.52365132 -42.89950627 2.59241314e+01
77.61874196 32.98624408 -42.09733995 3.06233414e+01
76.46458854 33.85188018 -42.00712494 1.60045652e+01
76.18633404 34.35860257 -44.56344037 1.33976923e+01
76.28788104 34.01044399 -41.98609158 1.47723698e+01
76.47177243 33.67938175 -40.33267195 1.77566699e+01
76.68848713 33.74559900 -42.87641218 1.76345184e+01
76.67907319 33.87695763 -44.14550814 1.55354361e+01
76.03231618 34.25568113 -41.96483131 1.37757588e+01
76.13394029 34.28264417 -43.25878916 1.37028150e+01
76.30532332 34.12019763 -43.26815706 1.42224500e+01
76.15627836 34.21875902 -42.83061696 1.39080913e+01
76.75607954 33.73208756 -43.30330827 1.78747254e+01
76.77198834 33.80150671 -44.15120199 1.64038353e+01
77.10075357 33.59006067 -44.58218083 2.07772295e+01
77.63449375 33.09644270 -43.33750288 2.72937955e+01
77.90195380 33.04279280 -44.58482257 1.78151209e+01
77.69773841 33.17511181 -44.58488118 2.08971268e+01
77.79951964 33.10855977 -44.58480037 1.91135893e+01
78.42851114 32.73191078 -44.58792472 1.50863480e+01
77.95789291 32.96745353 -44.17059390 1.80232506e+01
78.80074575 32.43146703 -43.38444745 1.50008476e+01
78.37868285 32.71939175 -44.17453413 1.55206739e+01
78.72090811 32.42899327 -42.97232177 1.52391600e+01
78.04333608 32.83457499 -43.34578974 1.81808049e+01
78.87301748 32.51559171 -44.59789405 1.45525579e+01
79.86091204 31.94487837 -43.04933708 1.48950067e+01
78.45292255 32.48218991 -42.13286332 1.61462579e+01
78.39069479 32.59419352 -42.94183289 1.61695459e+01
79.25746466 32.23831563 -43.41473565 1.47033416e+01
79.50760915 31.98359861 -41.85779685 1.49261028e+01
79.29123652 32.18634572 -43.02157533 1.47649345e+01
79.62190767 31.93576136 -41.86554140 1.49597321e+01
79.48682244 32.14400477 -43.42779389 1.47090984e+01
79.96064993 31.78587308 -41.87198863 1.51159946e+01
80.36830062 31.62365860 -42.22842511 1.52352257e+01
80.07188294 31.73341101 -41.86733445 1.51727604e+01
79.33149052 32.32252392 -44.60498322 1.44722315e+01
80.16189792 31.84177822 -43.43260044 1.49680025e+01
79.93978873 31.94681412 -43.43856037 1.48669276e+01
79.90136888 32.07795506 -44.61076238 1.46416600e+01
80.05124273 31.89486370 -43.43594557 1.49173544e+01
79.67502544 32.17817630 -44.60931767 1.45547392e+01
80.51049809 31.74262661 -44.20198299 1.49754340e+01
80.12489423 31.97363215 -44.60855334 1.47379130e+01
80.47642207 31.56700634 -42.20991090 1.52682618e+01
80.29241570 31.85368676 -44.21240649 1.48917739e+01
80.99487889 31.52449123 -44.58384425 1.50440988e+01
81.91757425 30.88233240 -42.87881472 1.53897915e+01
83.35796006 30.24975533 -42.29610410 1.71748022e+01
82.20466086 30.67269381 -42.08775570 1.56104801e+01
82.56610534 30.37133327 -40.55975655 1.62111680e+01
82.35072293 30.57225402 -41.71072958 1.57757186e+01
82.31762751 30.62534732 -42.11138621 1.57084968e+01
80.72638223 31.62882270 -44.18802941 1.50426858e+01
81.11500916 31.21508664 -42.05317624 1.53079903e+01
81.05460362 31.33009103 -42.90764040 1.52459325e+01
82.12472129 30.66694940 -41.65576113 1.55770388e+01
82.41744181 30.46695681 -40.91524437 1.59414316e+01
81.55916741 31.10050297 -43.28592921 1.52595508e+01
80.84198620 31.44731188 -42.94663647 1.52325823e+01
80.90309911 31.33332593 -42.10583433 1.53164661e+01
80.73539415 31.50567107 -42.96695445 1.52189441e+01
79.35891989 32.08253730 -42.23793591 1.48579350e+01
80.38764030 31.45957848 -40.63203682 1.54756874e+01
81.03922235 31.21658839 -41.65071860 1.53484380e+01
81.31143546 30.98311416 -40.74139751 1.53597876e+01
80.73861049 31.14668254 -39.36544223 1.56052002e+01
81.02846332 30.89623760 -38.48419633 1.55520214e+01
81.23514414 30.98380362 -40.33448408 1.53898018e+01
82.36478183 30.33018812 -39.35973908 1.60391421e+01
82.22277140 30.50537900 -40.44289114 1.57518490e+01
83.23855749 30.06542455 -39.99756213 1.80244093e+01
83.11269154 30.21847768 -41.09866856 1.71880736e+01
82.77570743 30.44857951 -42.21027248 1.62549638e+01
81.14510174 31.15739065 -41.62332575 1.53377992e+01
81.96525813 30.65647605 -40.78335185 1.55137563e+01
87.16213206 29.19023350 -41.28793139 1.64413098e+01
83.29382134 30.01058029 -39.65693625 1.84545104e+01
83.37347210 29.80033345 -37.98173186 2.05954276e+01
83.38434809 29.90787590 -38.98736719 1.93822355e+01
83.35585322 30.02798366 -40.02000357 1.83690350e+01
82.02461340 30.46826482 -39.22596848 1.56328488e+01
82.65534158 30.26161741 -39.83277463 1.65101308e+01
81.47496499 30.72947030 -39.12008724 1.54032475e+01
82.68404932 30.13616924 -38.77517412 1.68735451e+01
81.31657114 30.85595763 -39.51630271 1.54087501e+01
81.42328796 30.79826642 -39.50222918 1.53939453e+01
81.57157151 30.43150491 -36.85543741 1.55388130e+01
82.60253533 30.12613906 -38.39124290 1.67442025e+01
80.43246193 31.20329637 -38.43275884 1.58200139e+01
81.74908389 30.63383311 -39.52223842 1.54491988e+01
82.19645279 30.43646186 -39.65726456 1.57762043e+01
80.31364298 31.15259584 -37.42851645 1.60319601e+01
79.81620899 31.66262550 -39.95073552 1.53111260e+01
79.84302146 31.42383500 -37.87496337 1.57065228e+01
78.12850114 32.42415474 -39.69949944 1.86683005e+01
80.95418873 30.89922327 -38.14996267 1.56238044e+01
80.25886495 31.45018436 -39.90686168 1.55496543e+01
80.31463203 31.38276059 -39.53513921 1.56229648e+01
80.29422972 31.31678829 -38.83541001 1.57361980e+01
79.58922304 31.76039190 -39.93748612 1.51800424e+01
80.20635672 31.43888142 -39.56102105 1.55888760e+01
79.24387411 32.12924501 -42.22672506 1.48719816e+01
79.87512267 31.59831559 -39.59607596 1.54051021e+01
80.14961922 31.73374683 -42.25460723 1.51464917e+01
80.60174325 31.34308291 -40.56255719 1.55038264e+01
79.34565218 31.97374242 -41.05356563 1.49909836e+01
78.89970467 32.27163586 -42.18765561 1.51075101e+01
78.54779511 32.31603787 -40.93366168 1.60319151e+01
78.48434195 32.42654962 -41.73191205 1.61480862e+01
79.24436192 31.90015787 -39.89347872 1.51094597e+01
78.88545808 32.16172044 -40.98900789 1.52729941e+01
78.43790863 32.37166668 -40.91805265 1.64466486e+01
78.67223213 32.13946324 -39.78724289 1.58052758e+01
79.96653410 31.48036927 -38.89699816 1.55838973e+01
77.88461205 32.41268160 -38.19813824 2.18147530e+01
79.51530645 31.67731052 -38.87684652 1.52673216e+01
78.52228998 32.05399660 -38.30138348 1.63185537e+01
79.17047531 31.81494016 -38.81955389 1.51945372e+01
79.15708708 31.70568645 -37.77697223 1.52601968e+01
78.60113479 32.05543174 -38.68050509 1.60340271e+01
78.69888828 31.89389347 -37.63667150 1.57622268e+01
78.61910239 31.89094233 -37.25643497 1.59720865e+01
81.12231835 30.59393219 -36.18206563 1.57251990e+01
78.15210772 32.17164119 -37.49871701 1.83159219e+01
78.27067317 31.98628493 -36.43760581 1.74092251e+01
77.97256473 32.23822503 -37.10264551 2.01335439e+01
78.11549057 32.03351956 -36.03949913 1.83988981e+01
79.92796636 31.12024265 -35.45528082 1.65080419e+01
78.58662120 31.94501167 -37.60091036 1.60628586e+01
78.56141106 31.68324521 -35.09778782 1.60335954e+01
78.43774185 31.85996916 -36.13220271 1.65233357e+01
77.10077277 32.45527063 -33.56810262 0.00000000e+00
78.45060125 31.73583587 -35.04505911 1.64118152e+01
78.86775084 31.59023002 -35.59780166 1.54336297e+01
79.00294762 31.38341680 -34.16465563 1.54301554e+01
79.43050971 31.25738644 -34.70143037 1.60048642e+01
79.91620156 31.01224438 -34.35111976 1.70009394e+01
80.00524342 31.12106516 -35.78808881 1.64241649e+01
79.09761825 31.49975852 -35.68444720 1.53669424e+01
79.67091343 31.27278071 -35.80893490 1.60574540e+01
78.71239172 31.77141017 -36.58714846 1.57219796e+01
80.03775261 31.06709927 -35.43361230 1.65909847e+01
79.23279269 31.52386829 -36.41621128 1.53796269e+01
80.70304986 30.96855233 -37.56886625 1.58382523e+01
81.04598003 30.51602937 -35.07441079 1.59783525e+01
80.53802522 31.14388496 -38.38451027 1.58057414e+01
81.22645820 30.53334993 -36.13518814 1.56741288e+01
79.05536406 31.86070980 -38.79598962 1.52472741e+01
78.96042515 31.74529238 -37.37616238 1.53636592e+01
81.13266756 30.83558753 -38.43811063 1.55078302e+01
82.27173707 30.01114575 -36.09132857 1.64046640e+01
80.59909771 31.03000232 -37.63406959 1.58902988e+01
81.25099425 30.60246361 -36.88462091 1.55786209e+01
81.14634349 30.66262894 -36.92572671 1.56224696e+01
84.11228654 29.53339127 -37.72854960 2.58311358e+01
81.28221988 30.33578160 -34.54301241 1.59326585e+01
83.26495556 29.72282119 -36.95077520 2.15105951e+01
81.68089980 30.37830036 -36.87761128 1.55700293e+01
82.32442563 30.14881586 -37.54618126 1.62460744e+01
83.15017911 29.98184995 -38.93433596 1.84601294e+01
83.30257674 29.89646666 -38.63588677 1.93896404e+01
81.90299320 30.27767983 -36.96084521 1.57190411e+01
83.25610486 29.83679100 -37.95341821 1.99679153e+01
82.38686838 29.96965722 -36.16508152 1.67175257e+01
83.09447588 29.62627277 -35.54426486 2.31312842e+01
82.27900100 29.89058720 -34.99653032 1.66839646e+01
83.85125790 29.54227099 -37.05896430 2.80896068e+01
84.13870095 29.41512029 -36.73647261 2.25129534e+01
82.33180787 30.02846258 -36.48400334 1.64618174e+01
82.15723452 30.05402608 -36.01486371 1.61748801e+01
83.32020821 29.66885313 -36.63260556 2.27005544e+01
81.77682683 30.00718337 -33.80500677 1.59763544e+01
81.35786983 30.33546482 -34.93529016 1.58030228e+01
81.17279009 30.52292272 -35.77986631 1.57510621e+01
81.27721297 30.46306196 -35.74016854 1.57031110e+01
80.94390910 30.57877924 -35.15308631 1.60430569e+01
81.06939111 30.58418253 -35.83500371 1.58068122e+01
80.45293525 30.95829872 -36.29350277 1.62450793e+01
80.76980053 30.64700898 -34.92169082 1.62834521e+01
81.16397599 30.07192372 -31.21656683 1.77390788e+01
81.03587844 30.27437782 -32.58978592 1.69975009e+01
81.37153773 30.16198324 -33.26135611 1.62347513e+01
81.25271120 30.39400770 -34.96231272 1.58527488e+01
81.66586316 30.05678700 -33.74337095 1.60144128e+01
81.38779897 30.27778705 -34.52102261 1.58800555e+01
83.31983256 29.26249170 -32.67130920 2.16493192e+01
83.57883710 29.03900262 -31.25702876 9.95978779e+00
82.40998221 29.61206469 -32.74144463 1.85534916e+01
82.46284756 29.74939017 -34.39071403 1.78772859e+01
83.46369561 29.29365914 -33.49086826 1.65542870e+01
83.20053810 29.48274082 -34.51015716 2.81246917e+01
82.64319071 29.53824453 -32.96762101 2.16258465e+01
83.00330726 29.31771680 -32.09961047 3.38803874e+01
83.07395785 29.22278757 -31.38305653 3.12735870e+01
82.85081564 29.39984733 -32.36391078 2.96601294e+01
82.75646951 29.27681347 -30.72837759 3.18924725e+01
82.73366359 29.43470694 -32.26345272 2.63977707e+01
82.76019901 29.50247398 -33.06984937 2.42889442e+01
83.81242855 28.96839393 -31.30978366 7.85674313e+00
82.28794452 29.41850705 -30.11334975 1.96903861e+01
82.65147756 29.42145374 -31.79568450 2.53519016e+01
81.61972010 29.79093355 -30.77411574 1.68811762e+01
81.24148909 30.15104661 -32.44676289 1.66937748e+01
80.86014954 29.97617084 -24.36236670 2.12444193e+01
80.97436617 30.02417606 -28.06535806 2.26092721e+01
81.06202620 30.13412768 -31.29851045 1.80055601e+01
80.98414193 30.26566201 -32.21942255 1.73554918e+01
79.46146495 30.79199699 -29.91004167 2.07087742e+01
80.54939115 30.34756474 -30.69725078 1.94163421e+01
81.05928783 29.84513038 -23.70959332 2.18342898e+01
80.13828688 30.59515141 -31.16319611 1.96509020e+01
79.29032337 31.04645588 -31.95612745 1.69405525e+01
79.74577531 30.86298007 -32.05854438 1.84936280e+01
78.86819544 31.35929301 -33.30491130 1.54222749e+01
80.56241771 30.45848453 -31.92471898 1.80048493e+01
80.46287285 30.83539162 -35.20670489 1.65573344e+01
81.03050898 30.40178030 -33.86114052 1.63543290e+01
79.27586549 31.16565615 -33.11305454 1.62016844e+01
80.42981191 30.65940476 -33.28094210 1.73923406e+01
79.16046026 31.20921440 -33.06426478 1.58788675e+01
80.13434376 30.90358162 -34.28359929 1.71278194e+01
79.13165942 31.44852483 -35.35001597 1.54120037e+01
79.23414720 31.29525558 -34.25934937 1.57257446e+01
79.08436260 31.39035328 -34.59390409 1.54552067e+01
79.11850800 31.33921139 -34.21543030 1.55394547e+01
78.65954787 31.52262853 -33.98219066 1.56871394e+01
79.57901931 31.16011236 -34.34856504 1.64614337e+01
76.92746829 32.37729266 -31.53340625 0.00000000e+00
77.08440062 32.38600862 -32.76550801 0.00000000e+00
78.70108274 31.38861352 -32.80706234 1.55349179e+01
78.15141406 31.65533653 -32.49238845 1.75338842e+01
78.20035923 31.66805159 -32.92086926 1.73443454e+01
78.09426010 31.72743101 -32.88372400 1.79885290e+01
78.68178985 31.31928577 -31.99759403 1.55368909e+01
79.25610613 31.09723104 -32.32893452 1.65309566e+01
79.73406448 30.75491094 -30.90312786 2.00124121e+01
79.51972978 30.95759834 -32.03073292 1.78820728e+01
76.27558642 32.89427573 -31.16335387 1.98113990e+01
77.51659356 31.68737925 -28.19946710 3.40894823e+01
76.76216119 32.45910807 -31.08205790 0.00000000e+00
78.05799939 31.58908058 -31.23296791 1.79775397e+01
76.48106645 32.67937405 -30.93113548 3.53978434e+01
76.79395858 32.59809214 -32.67519601 0.00000000e+00
75.84733465 33.29583882 -30.70063199 1.51054057e+01
77.28870389 31.88083577 -28.77634602 2.46721187e+00
76.18730771 32.97249377 -31.08199613 1.81403903e+01
76.54811499 32.66627848 -31.36587687 2.41337608e+01
75.31262243 33.82610724 -29.44023922 1.29181348e+01
76.35655144 32.53492584 -27.70875377 1.84318996e+01
76.12350493 32.98861270 -30.62641030 1.72656531e+01
76.47144808 32.81086391 -32.10501356 3.10081645e+01
75.73416147 33.53886092 -31.85496474 1.44060390e+01
75.77979937 33.44921003 -31.47333445 1.46833892e+01
74.59136697 34.85080015 -30.27628709 1.40065166e+01
76.25637760 33.11929836 -33.15183090 1.91869241e+01
76.34551528 33.04122560 -33.21215434 2.12606019e+01
77.48476903 32.35177109 -35.20167172 4.37753941e+01
77.04074850 32.37662775 -32.35691869 0.00000000e+00
76.69892917 32.67061631 -32.63287867 1.39493816e-01
77.19916207 32.38606678 -33.58820555 9.27440400e-03
76.79964672 32.83836601 -35.04075594 7.09586740e+00
77.23705378 32.23868071 -32.38860084 5.05130109e-02
76.97591935 32.58539000 -33.93225009 0.00000000e+00
77.13860307 32.30731782 -32.37521089 0.00000000e+00
77.00304336 32.52520360 -33.54247216 0.00000000e+00
77.90384655 31.92054063 -33.66533003 1.99295171e+01
77.21478484 32.49625020 -34.77576109 4.70420824e-02
77.39762620 32.24959646 -33.61564596 4.21636353e+01
77.40185488 32.48828696 -35.94195648 5.32594892e+01
77.17150970 32.44578194 -33.98300612 0.00000000e+00
77.14935991 32.70385777 -36.26451938 0.00000000e+00
77.60219028 32.35399633 -35.96607400 2.97106756e+01
77.97787444 31.91546011 -34.09110205 1.92026776e+01
77.05146045 32.77387992 -36.24403292 0.00000000e+00
76.23101378 33.51801385 -36.71607437 1.71732156e+01
77.73810249 32.42585435 -37.44817248 2.47960425e+01
77.70321613 32.28788440 -35.97617211 2.51191204e+01
77.18171474 32.88312837 -38.13420120 5.03872393e-01
77.36392529 32.63506438 -37.04205372 4.87384490e+01
76.57541159 33.13766830 -36.09454841 2.76848876e+01
76.12143585 33.66200744 -37.06590071 1.58146950e+01
76.30381614 33.36889385 -35.98003355 1.86905555e+01
75.89156926 33.84531355 -36.60706203 1.44561331e+01
76.26486548 33.36197874 -35.58391408 1.83231007e+01
75.78844369 33.99391353 -36.97606255 1.39242486e+01
76.20770762 33.58130086 -37.09579058 1.66613813e+01
76.53463141 33.12988231 -35.70064781 2.63739996e+01
76.35350603 33.28352261 -35.62275577 2.00848034e+01
75.52104500 34.10938929 -35.33787960 1.32217467e+01
76.70501929 32.91126942 -35.00416058 5.18816325e+01
76.48358219 33.21361558 -36.05664266 2.33963630e+01
76.09152760 33.52207576 -35.51012839 1.61321307e+01
75.60600992 33.88818296 -33.97778778 1.36605352e+01
76.32129129 33.10377987 -33.59981521 2.04565905e+01
76.33821820 33.21372310 -34.82764137 2.01413646e+01
74.64646587 35.17161098 -35.74639972 1.31194036e+01
75.50705491 34.03891835 -34.43804714 1.32574019e+01
74.71441322 35.21906418 -36.96863690 1.28508944e+01
75.75956999 33.85343749 -35.39619234 1.40658927e+01
76.01428683 33.46970823 -34.22853827 1.57786593e+01
75.55527945 34.11474774 -35.74374848 1.32748729e+01
75.97459541 33.42383665 -33.34945599 1.56492346e+01
75.72864626 34.01395938 -36.56690023 1.37675201e+01
74.79485971 34.99334524 -35.72531226 1.25867068e+01
75.31644489 34.51108662 -36.93519388 1.26692431e+01
74.90027211 35.08322229 -37.76177889 1.25700005e+01
75.62807602 34.16424427 -36.95553270 1.33766602e+01
75.50892391 34.38055706 -37.75646065 1.30007732e+01
74.76954276 34.85126078 -33.57103876 1.26552619e+01
75.14125012 34.06595730 -29.65742910 1.22969724e+01
75.25940625 34.53330755 -36.52991771 1.25824109e+01
75.28915527 34.36983018 -35.30277308 1.26503660e+01
74.65888442 35.24273968 -36.56967478 1.30266868e+01
74.91811846 34.67378403 -33.62893569 1.23502831e+01
74.72059734 35.08242510 -35.73383589 1.28007164e+01
74.52196210 35.66526360 -39.01960350 1.40783422e+01
74.57243493 35.26088561 -35.76086739 1.39996435e+01
74.69557388 34.94022777 -33.53081445 1.29290199e+01
74.68940552 35.07686335 -35.31936714 1.28926666e+01
75.44912485 34.06007103 -33.91707062 1.31419616e+01
74.82497500 34.82796154 -34.23077192 1.25049428e+01
75.29501674 34.23382202 -33.82824413 1.27286674e+01
75.54584295 33.56772706 -29.80964977 1.38349634e+01
75.07931923 34.22453003 -30.54148526 1.21953091e+01
74.60315265 35.09478780 -34.22188450 1.35411172e+01
75.86189089 33.36602284 -31.56163364 1.51212543e+01
75.20080823 34.21264539 -32.21324372 1.25202058e+01
75.57404223 33.70853812 -31.67076992 1.37277969e+01
75.42924616 34.12523826 -34.40587095 1.30374439e+01
75.82639349 33.69918389 -34.56821367 1.45119049e+01
75.06606992 34.15373673 -29.53317285 1.20791783e+01
75.73032436 33.15979351 -27.44569097 1.47624197e+01
75.48915907 33.92980903 -32.94964295 1.33346103e+01
76.33021044 32.97143963 -32.40163546 2.10000305e+01
75.83432865 33.01232655 -27.02628171 1.51047240e+01
75.50775542 33.52337186 -28.74807200 1.38156537e+01
75.70544965 33.39830059 -30.06438781 1.45086361e+01
75.62518126 33.48268950 -29.93632692 1.41607956e+01
75.60751950 33.37328077 -28.37093570 1.42571603e+01
75.16042345 34.00055314 -29.19985914 1.23561307e+01
74.93561178 34.26453975 -28.85367727 1.17369970e+01
75.29474777 33.71719612 -27.89063740 1.29669598e+01
74.86135131 34.35299310 -28.74288774 1.16356788e+01
75.12458165 33.78328810 -26.13341619 1.24780842e+01
74.53086248 34.49376463 -25.61461078 1.08071598e+01
74.84338180 34.24497631 -27.30839165 1.13695364e+01
74.76875726 34.50715867 -29.06085747 1.18312604e+01
74.89884556 34.22192186 -27.85197596 1.15589376e+01
74.42025170 34.88690920 -28.36014196 9.00809360e+00
74.60366762 34.57745052 -27.49821852 1.31179415e+01
74.58573133 34.46997405 -26.11623135 1.24985927e+01
74.45709181 34.75597442 -27.34254621 9.59804706e+00
75.25730118 33.67362995 -26.80039940 1.29756374e+01
74.91764396 34.15636545 -27.39277028 1.15393057e+01
74.56093009 34.32777998 -23.04574293 9.09416386e+00
74.84207743 33.90111296 -21.05077739 1.20453963e+01
74.97427636 33.95963161 -25.98557125 1.18249014e+01
75.79074154 32.80175871 -21.37709528 1.59716265e+01
74.64003296 34.10195715 -19.52544268 9.54024193e+00
74.84138345 33.38357625 -11.85963582 6.08020939e+00
74.41495029 34.50643235 -22.87230051 5.10125021e+00
74.42118212 34.36969738 -19.29759081 5.87626503e+00
74.97267351 33.61607306 -17.37301272 1.21689450e+01
74.40288372 34.43520997 -20.50708884 5.57414180e+00
75.29296274 33.37495564 -21.74585876 1.47185942e+01
76.12334765 32.61267027 -25.65835923 1.72930086e+01
75.54743379 33.05275453 -20.88097674 1.56179788e+01
75.54091433 33.18792331 -24.42095192 1.51109423e+01
75.38395597 33.35913052 -24.13332753 1.45763247e+01
75.49635658 33.27872242 -25.17953293 1.47864138e+01
75.18106374 33.76102955 -26.70961859 1.25873154e+01
75.33415938 33.58664246 -26.89865832 1.32786996e+01
75.58988821 33.26386112 -26.69202745 1.43099808e+01
75.91808231 32.93015014 -27.14296007 1.54245530e+01
75.21833492 33.80437179 -27.78504959 1.26318821e+01
75.27690003 33.60827751 -26.30089769 1.31599252e+01
75.03016801 33.93687328 -26.54436100 1.19118949e+01
75.12330180 33.95737842 -28.15743159 1.22363018e+01
75.56917926 33.32867667 -27.21715304 1.42023876e+01
75.66684197 33.35336941 -29.01462373 1.44525439e+01
75.81247790 33.07648550 -27.56485088 1.50616464e+01
77.23900624 31.67316539 -24.57939246 2.72138653e-03
75.74783113 33.26938385 -29.15163642 1.47854635e+01
76.74614942 32.34899110 -29.71674708 0.00000000e+00
76.70371669 32.29959976 -28.61582620 0.00000000e+00
76.90696090 32.02740822 -26.94268720 0.00000000e+00
76.79937594 32.22783009 -28.66931538 0.00000000e+00
76.91167271 32.26714453 -30.25982530 0.00000000e+00
77.18968380 31.94892332 -28.77491956 0.00000000e+00
77.23287184 31.99969750 -29.83325390 3.44041710e-02
77.99851617 31.42465088 -28.85942141 1.83753309e+01
77.34730094 32.04219730 -31.18240646 1.17088722e+01
77.31674162 31.82147901 -28.19591627 3.48229852e+00
77.70136987 31.48694657 -27.07624917 2.12781897e+01
76.89592159 32.15697730 -28.71250436 0.00000000e+00
77.10244004 31.88859893 -27.00538949 0.00000000e+00
77.21752397 31.88938941 -28.19008066 1.04227375e-02
77.11880149 31.95788616 -28.17839486 0.00000000e+00
76.82619988 32.16739905 -28.08658089 0.00000000e+00
77.15679712 31.81040024 -26.43655804 0.00000000e+00
76.15339547 32.75258509 -28.05030851 1.74829550e+01
76.16207270 32.61977261 -26.29581852 1.78656189e+01
75.81976509 32.94216050 -25.72387297 1.54869383e+01
76.86384947 32.01810014 -26.33292430 0.00000000e+00
76.06618753 32.83200646 -27.92976511 1.64327455e+01
76.03639658 32.69197080 -25.50993773 1.62066398e+01
75.64925093 33.24388087 -27.32951284 1.44819899e+01
75.65599851 33.10897023 -25.43784747 1.50547107e+01
75.61000777 32.85877776 -16.55493116 1.50904347e+01
76.10837527 32.54267475 -23.53136290 1.81680962e+01
75.87498689 32.38196762 -13.27449468 1.08944752e+00
75.72280547 32.61567510 -14.16860956 1.70726216e+01
78.30363925 30.67040447 -13.38188360 5.09488001e-01
77.02692722 31.69932453 -19.97622268 0.00000000e+00
77.69021097 31.09364824 -14.61961356 1.18324933e+01
75.94168821 32.52881905 -16.99976831 1.51020344e+01
77.73948683 31.34269735 -24.77443882 2.23501719e+01
77.97496737 31.15997501 -23.91583765 2.20842054e+01
77.75380723 31.17367868 -18.41707247 3.13760079e+01
77.55116606 31.30331055 -18.23530100 8.33510522e+00
80.71556975 29.46101661 -11.44575937 0.00000000e+00
78.86965112 30.43991312 -13.55604570 0.00000000e+00
77.27334420 31.28770176 -13.29728084 0.00000000e+00
77.55749574 30.97842382 -11.74913044 1.46322742e+00
76.97851662 31.49120734 -13.32024152 0.00000000e+00
77.45726802 31.04403077 -11.76227543 5.54102912e-01
76.88121855 31.56019258 -13.32594911 0.00000000e+00
77.08890544 31.25296686 -11.30997299 0.00000000e+00
76.52535593 31.78312172 -12.84390370 0.00000000e+00
76.97468405 31.25183125 -10.17843283 0.00000000e+00
76.43189308 31.85617643 -12.84446574 0.00000000e+00
76.57768214 31.66150006 -11.86368981 0.00000000e+00
76.33960948 31.93035994 -12.84386994 0.00000000e+00
76.50943051 31.67290818 -11.38101129 0.00000000e+00
76.32337035 31.82019329 -11.40214184 0.00000000e+00
76.49395699 31.60320803 -10.27698193 0.00000000e+00
75.73010346 32.48131941 -12.80679160 1.53185169e+01
76.11810277 32.03453538 -11.89536117 0.00000000e+00
75.46712416 32.79686095 -13.21442252 1.54556932e+01
75.85796669 32.27206042 -11.90458832 7.20122541e-02
75.81320932 32.39940762 -12.81430141 3.71530254e+00
76.24858328 32.00570810 -12.84181737 0.00000000e+00
75.51577262 32.87293322 -14.52841665 1.48131323e+01
75.98325909 32.23855739 -12.82708422 0.00000000e+00
75.66979985 32.83937294 -18.17361273 1.56105372e+01
75.64118180 32.69878303 -14.12557356 1.58623073e+01
76.06164173 32.29264488 -14.34431057 0.00000000e+00
75.06660323 33.46250269 -16.14989612 1.27706132e+01
75.43673703 32.95808656 -14.50599306 1.45897041e+01
75.21820486 33.28754291 -16.25234870 1.37758859e+01
75.43041450 33.09349365 -17.86926045 1.48022082e+01
75.31268796 33.30976317 -20.45226456 1.49233102e+01
74.31232489 34.41764367 -16.74625395 9.53650989e+00
74.75042727 33.88177122 -17.17294023 9.40614463e+00
74.54906682 34.08357104 -15.85879205 6.46473019e+00
74.45780846 34.23858867 -16.94768400 6.55715670e+00
74.90397325 33.56800878 -14.36664571 1.13081869e+01
74.46385795 34.10187244 -14.26769250 1.10312089e+01
74.82992459 33.65651035 -14.34905636 7.90889422e+00
74.56628778 33.84673877 -13.06141918 1.14586319e+01
74.73064816 33.60334197 -12.67613931 6.55257422e+00
74.53664921 34.01250033 -14.28277814 8.54809808e+00
74.80410789 33.51472464 -12.68723835 5.16175172e+00
74.78553273 33.58028267 -13.09896131 5.29231257e+00
74.43336731 34.09629927 -13.85417345 1.22638032e+01
74.36686868 33.70439800 -8.85756395 1.39127199e+01
74.27689954 34.03140614 -11.38727977 1.37001004e+01
74.66890178 33.41905284 -10.06497893 1.30485861e+01
74.33101852 34.00735429 -11.80122270 1.41954713e+01
74.92109380 33.15890315 -10.54442119 7.63337301e+00
74.95020630 32.99489191 -8.83506381 8.68189451e+00
74.58404310 33.26349033 -5.93830376 1.25247592e+01
75.08402500 33.05400191 -11.45522797 1.62419017e+01
74.88919849 33.15363192 -10.06401882 7.19445477e+00
75.38866360 32.88207209 -13.20127521 1.51515820e+01
75.96641751 32.12855281 -11.43568371 0.00000000e+00
75.77395112 32.35339001 -11.90581137 2.34853350e+00
75.14623338 32.89611436 -10.53498430 1.78431657e+01
75.25225082 32.64704147 -8.76910101 1.70787050e+01
77.49225415 30.66002124 -5.48586675 1.60603432e-02
75.41075853 32.30187894 -5.68354221 2.11927998e-02
76.32824034 31.48761402 -6.01734931 0.00000000e+00
74.87613654 33.08280641 -8.84495202 1.09095174e+01
75.33220261 32.38700650 -5.71086026 2.43466337e-02
74.86402367 32.83801413 -4.73380360 1.45808964e+01
75.15812696 32.62429252 -6.52800719 2.92869299e+00
74.72990950 33.08569219 -5.91312679 1.26633250e+01
74.87713423 32.90880176 -5.87598914 1.46905549e+01
74.16970427 33.56259193 -3.30925106 1.25328589e+01
74.26493091 33.96019535 -10.50902832 1.37153300e+01
74.89486100 33.01730154 -8.10023595 1.32859164e+01
75.09993012 32.82010554 -8.80661679 1.43359189e+01
74.28313091 33.54992366 -4.78003779 1.27920728e+01
75.69231308 31.75822758 -2.72930534 0.00000000e+00
74.47422646 33.13957150 -2.87295889 1.26466839e+01
75.36243028 32.22573117 -4.19618273 1.82326261e+00
74.38435045 33.29437144 -3.34858111 1.28846975e+01
74.52857478 32.94262161 -0.80831373 1.26167062e+01
74.33065077 33.31812756 -2.81925687 1.29075830e+01
74.60047880 33.02724158 -3.41099050 1.26282466e+01
74.54633800 33.05051919 -2.90375924 1.25689492e+01
74.25907532 33.40756725 -2.79922440 1.29413737e+01
74.16988505 33.39010977 -0.75232926 1.28265304e+01
74.96720795 32.58638176 -3.47777772 1.74202268e+01
74.61873359 32.96165757 -2.93388108 1.27271759e+01
75.19587881 32.15168788 -0.80096551 2.06387940e+01
75.68467201 31.89230205 -4.10508830 0.00000000e+00
75.94798862 31.51912981 -2.67888896 0.00000000e+00
74.91177832 32.60851699 -3.05079319 1.64809810e+01
74.71705286 33.01480958 -4.75663984 1.28401201e+01
75.04202707 32.49918028 -3.44687253 1.98663515e+01
74.90612144 32.74476241 -4.32953348 1.57410541e+01
75.06125059 32.43388936 -2.96946760 2.00360890e+01
74.95139247 32.82078331 -5.85160799 1.66117238e+01
75.27069978 32.24038901 -3.36100489 1.99723581e+01
75.24081742 32.40221391 -4.60783700 1.49368383e+01
75.08812478 32.57522276 -4.66300208 1.91193633e+01
75.08227692 32.71120391 -6.55544438 1.27284502e+01
75.76818306 31.81114827 -4.08198150 0.00000000e+00
76.12553053 31.36567529 -2.66899836 0.00000000e+00
75.77616923 31.67742909 -2.70761756 0.00000000e+00
76.01206081 31.50417509 -3.17128475 0.00000000e+00
75.75369792 31.74090391 -3.21360913 0.00000000e+00
76.08471410 31.31739709 -1.45095216 0.00000000e+00
75.44810714 32.00621344 -2.80589274 1.66172388e+01
75.99562412 31.39396952 -1.45344780 0.00000000e+00
76.01972347 31.33153253 -0.72618378 0.00000000e+00
75.84468406 31.48751553 -0.72830724 2.92733995e+01
76.96231477 30.61549983 -0.74192334 4.38781535e+00
76.74029448 30.81194114 -1.47494939 0.00000000e+00
76.45341109 31.02258240 -1.45835709 0.00000000e+00
76.64390432 30.88132871 -1.46920147 0.00000000e+00
76.59037046 31.00169813 -2.67113063 0.00000000e+00
77.62839547 30.21240381 -1.37733354 1.16616895e-01
77.14544273 30.65078896 -3.13801125 0.00000000e+00
77.29316535 30.79197869 -5.62915790 0.00000000e+00
76.03609637 31.44181948 -2.67415082 0.00000000e+00
76.19123656 31.35229124 -3.15684320 0.00000000e+00
77.67020689 30.78616406 -9.97884538 1.43340023e+00
77.26994013 31.04874846 -10.10994317 0.00000000e+00
76.65262756 31.32097381 -7.36394184 0.00000000e+00
77.82605408 30.41153733 -4.76778611 1.17347025e-02
77.32131041 30.73292278 -5.04718202 0.00000000e+00
76.24638813 31.43048215 -4.34751294 0.00000000e+00
76.46309127 31.46371394 -7.43992945 0.00000000e+00
76.99771633 30.99391080 -5.77950994 0.00000000e+00
75.75261307 32.07889382 -7.78718353 0.00000000e+00
76.90003604 31.06220734 -5.81780400 0.00000000e+00
76.65928349 30.99179778 -3.14882715 0.00000000e+00
76.39062192 31.27480802 -3.97982218 0.00000000e+00
75.72114184 31.89876661 -4.46699515 0.00000000e+00
75.42815382 32.41135842 -7.94514345 4.37248362e+00
75.82874942 32.13171809 -9.87785080 1.77308428e-03
75.78158523 32.21935101 -10.44236144 4.92176485e-02
76.45255815 31.59440535 -9.67301393 0.00000000e+00
76.68393275 31.46017782 -10.23654958 0.00000000e+00
76.34430172 31.59783766 -8.29597548 0.00000000e+00
75.89912922 31.98136120 -8.50118851 0.00000000e+00
76.68857638 31.70032494 -13.33119142 0.00000000e+00
77.02887057 31.17373684 -9.51739767 0.00000000e+00
76.87716023 31.32059758 -10.19788712 0.00000000e+00
77.20914538 30.96936511 -7.95881387 0.00000000e+00
77.00599295 31.43157680 -12.81938172 0.00000000e+00
77.25838236 31.17719463 -11.78946830 0.00000000e+00
77.12699094 31.10595130 -9.48839765 0.00000000e+00
77.23708189 30.91019860 -7.09751816 0.00000000e+00
77.68739539 30.85538272 -11.21676303 2.62278310e+00
77.52366475 30.84002020 -9.33268290 5.50060543e-01
78.08738258 30.77993055 -13.32077081 9.00070534e+00
79.78342494 30.09100350 -13.41269735 1.09945150e-01
79.23932366 30.15822260 -11.22952366 0.00000000e+00
79.71451353 29.78236517 -8.27721075 0.00000000e+00
78.78844653 30.43121138 -12.95048827 0.00000000e+00
80.67489493 29.40928498 -10.49498356 0.00000000e+00
79.51023274 29.94446220 -9.42540002 0.00000000e+00
79.62281907 29.89828584 -9.47407784 0.00000000e+00
79.21683923 30.31714590 -13.58683497 0.00000000e+00
81.88383185 28.60292999 -7.44329661 0.00000000e+00
80.68882163 29.52211808 -12.01044490 3.81389769e-03
82.06125339 28.59040699 -8.49218017 0.00000000e+00
80.41893002 29.56014483 -10.56097033 0.00000000e+00
81.76824000 28.63978170 -7.23107311 0.00000000e+00
80.39104443 29.62003626 -11.11480762 0.00000000e+00
80.32236988 29.62851196 -10.73556134 0.00000000e+00
80.53386144 29.10887380 -5.24478804 0.00000000e+00
79.95088177 29.51164536 -6.12668174 0.00000000e+00
78.79915645 30.12159901 -7.52772194 0.00000000e+00
78.43338401 30.45574472 -11.15753883 5.46553568e-04
78.68401702 30.16307413 -7.43545807 0.00000000e+00
78.07318668 30.66896897 -11.70955100 1.82487087e+00
78.14418921 30.47392391 -9.02789014 1.36247084e-02
77.93191241 30.58865069 -9.11583503 8.89208894e-01
77.91428215 30.51932613 -7.44369491 2.54421204e-01
77.62422409 30.77526881 -9.28044799 1.07642107e+00
78.60334572 30.15489550 -6.52490472 0.00000000e+00
78.41463479 30.38604901 -9.78610479 0.00000000e+00
78.91779408 29.85272151 -4.12425329 0.00000000e+00
78.25287392 30.18566201 -4.65822763 0.00000000e+00
79.16931145 29.84342495 -5.21881704 0.00000000e+00
79.42183049 29.56483966 -3.44046633 0.00000000e+00
78.29421375 30.04959358 -3.64337319 0.00000000e+00
77.35924148 30.58712965 -3.87140042 0.00000000e+00
79.36543716 29.81157736 -6.01636404 0.00000000e+00
79.26565803 29.73471163 -4.37157935 0.00000000e+00
78.53380795 29.83526437 -2.33254441 0.00000000e+00
79.18096906 29.53815721 -1.47743026 0.00000000e+00
77.32818636 30.40700244 -1.45453388 4.87655554e-01
79.11148786 29.63682758 -2.58292403 0.00000000e+00
79.21580037 29.48882242 -0.76666175 3.54694980e+00
79.19249218 29.64704804 -3.14560873 0.00000000e+00
79.77775421 29.26104949 -0.91972635 0.00000000e+00
80.93240651 28.55005184 -2.32399225 0.00000000e+00
79.99784949 29.25444551 -3.02597039 0.00000000e+00
80.52593504 28.78733089 -1.82194000 0.00000000e+00
80.26377514 29.11648660 -3.40297175 0.00000000e+00
79.98610170 29.37675165 -4.61974416 0.00000000e+00
80.35728948 29.04590051 -3.43224643 0.00000000e+00
80.13607343 29.32274506 -5.05917978 0.00000000e+00
80.59938852 29.09774285 -5.57408865 0.00000000e+00
80.90440798 28.82177556 -4.43702590 0.00000000e+00
79.74743117 29.72939485 -7.69159662 0.00000000e+00
80.02378496 29.50833348 -6.68899872 0.00000000e+00
79.59235310 29.72268081 -6.28465316 0.00000000e+00
79.75562744 29.42270370 -3.74743487 0.00000000e+00
82.11208472 28.30477415 -4.69241343 0.00000000e+00
83.29463895 28.01862465 -6.51425124 0.00000000e+00
82.34869210 28.24704186 -5.03132525 0.00000000e+00
82.79625966 28.06819353 -4.73907715 0.00000000e+00
80.87764005 28.88295144 -4.77753589 0.00000000e+00
81.50649478 28.41178563 -3.68797181 0.00000000e+00
81.76092378 28.40313101 -4.32074584 0.00000000e+00
82.11554904 28.11082781 -3.34613454 0.00000000e+00
81.10299239 28.48256375 -2.68427193 0.00000000e+00
82.22049744 27.97115445 -2.02459839 0.00000000e+00
81.63409713 28.12490323 -1.25968120 0.00000000e+00
81.20667502 28.42484767 -2.65961527 0.00000000e+00
82.37444118 27.89938665 -1.01980653 0.00000000e+00
82.35200211 28.05608861 -3.60737488 0.00000000e+00
82.15045801 28.06402734 -3.13775786 0.00000000e+00
81.67502871 28.31147582 -3.53200092 0.00000000e+00
82.38724790 28.01028673 -3.35333644 0.00000000e+00
82.23025382 28.27542712 -4.86520553 0.00000000e+00
85.46277759 27.29056154 -5.59704814 4.18464536e-04
82.94355264 27.92240176 -3.85269813 0.00000000e+00
82.97033291 27.99000735 -4.62426499 0.00000000e+00
82.43196046 28.26537755 -5.60409633 0.00000000e+00
84.89718057 27.49060450 -6.55315284 0.00000000e+00
82.82295990 28.13620616 -5.71880201 0.00000000e+00
82.78742921 28.18184713 -6.24410718 0.00000000e+00
82.47985019 28.32977842 -6.78954936 0.00000000e+00
82.09095418 28.46535726 -6.53401525 0.00000000e+00
82.23517501 28.50490896 -8.20144628 0.00000000e+00
81.95985388 28.38398258 -4.73357082 0.00000000e+00
82.00818791 28.44886996 -5.71091492 0.00000000e+00
81.21573082 28.87612095 -6.94109138 0.00000000e+00
84.53570716 27.77422800 -9.57725219 0.00000000e+00
80.82456463 29.00566674 -5.88981397 0.00000000e+00
80.89276170 28.99765332 -6.30767282 0.00000000e+00
81.08892844 28.86672432 -5.88659632 0.00000000e+00
80.70146660 29.34792382 -9.89136155 0.00000000e+00
81.01258337 28.99879977 -7.27569495 0.00000000e+00
81.11272305 28.93558314 -7.07994786 0.00000000e+00
80.98817303 29.14073340 -9.23325807 0.00000000e+00
81.94430951 28.62417577 -8.24807777 0.00000000e+00
81.26520294 29.01572623 -9.56198232 0.00000000e+00
81.37208234 28.96140666 -9.55820364 5.30340739e-04
81.07519274 29.25137004 -11.41344437 7.61060772e-03
83.06190156 28.29980485 -9.82992919 0.00000000e+00
81.85453920 28.73114570 -9.45897608 2.47813525e-03
82.40634243 28.61399518 -11.49485457 0.00000000e+00
82.30152607 28.75668758 -13.51062963 1.09680217e-02
83.26856946 28.35618520 -12.63378127 0.00000000e+00
84.23012374 27.84505490 -8.94755202 0.00000000e+00
82.00034122 28.56849421 -7.68313582 0.00000000e+00
82.29669265 28.52750334 -8.99364133 0.00000000e+00
82.99743860 28.46422888 -13.01347396 0.00000000e+00
82.92646713 28.55671575 -15.00586584 0.00000000e+00
85.44818154 27.63665903 -12.62177081 1.61303945e-03
81.93666650 28.74476307 -10.32358762 9.24387682e-03
81.98490202 28.80873312 -11.82915056 3.73928221e-02
81.82087359 28.78192524 -10.07450037 1.75565146e-02
81.38782386 29.07740749 -11.39073782 2.88165138e-02
83.12448936 28.72671624 -25.26893109 3.17277572e+00
80.56011484 29.86000760 -16.10329004 5.82091595e+00
83.21554657 28.62820818 -23.00920306 1.54667438e+00
82.97105301 28.80522809 -25.27224483 2.53090184e+00
83.15330428 28.60818155 -20.74670821 3.00059144e-01
82.73498745 28.86854032 -23.88297020 1.68082438e+00
82.74709895 28.97807914 -26.82244377 9.87466539e+00
83.71090913 28.55998778 -25.73120622 5.12630787e+00
82.49900409 28.93249634 -22.93194388 2.75134373e+00
80.66277847 29.66406114 -13.58377719 2.01275401e-01
81.29542844 29.45536572 -16.46026954 1.28238546e+01
81.71874934 29.13897267 -15.24511050 6.73000079e+00
80.96157223 29.70049712 -17.75040373 1.02485676e+01
82.18110424 28.98443051 -17.76570533 5.24338436e-01
81.46375199 29.28773447 -15.16091256 9.02234116e+00
79.53916708 30.38438284 -19.38246835 2.48990362e+01
81.60604175 29.18396714 -14.85768198 6.58545942e+00
81.38610978 29.28401715 -14.30537400 4.05686106e+00
81.86180668 28.96723370 -13.47498233 4.60918533e-01
81.80661548 29.02625777 -13.93609379 9.39073528e-01
81.17681842 29.18977082 -11.35205587 6.69899475e-03
81.14637200 29.45736112 -14.61741694 3.00684892e+00
81.72116343 28.93688178 -11.85201854 2.61541287e-01
81.63411481 29.05084863 -12.89622430 1.04962829e+00
79.59414852 30.13628560 -12.94595947 2.50339661e-02
80.20570087 29.86197236 -12.95119924 0.00000000e+00
80.19418741 29.75260036 -11.43469354 0.00000000e+00
79.32025806 30.16679327 -11.82090795 0.00000000e+00
77.70198210 30.96623492 -12.76060962 6.89315401e+00
78.40060533 30.50891237 -11.72499929 4.88558303e-03
77.85651025 31.11059142 -18.55657307 3.08721183e+01
77.98173603 30.83832085 -13.29784360 1.50920774e+01
77.72471616 31.23192822 -20.41812988 3.01294252e+01
77.83896030 31.04141383 -15.57770238 2.69356657e+01
77.57220961 31.08916719 -13.27533832 1.94269908e+00
77.87532604 30.66114252 -9.90121574 1.64510252e+00
77.77478447 30.96094571 -13.27509428 1.27223314e+01
77.63494117 31.16886577 -15.43237347 7.07769105e+00
79.12062541 30.42697393 -15.66508330 2.03526421e-03
77.96043407 31.04907379 -18.74638309 2.80002875e+01
78.14165254 30.98788410 -21.23578214 2.31533966e+01
77.85926262 31.34837359 -26.55432238 2.01374476e+01
79.15959836 30.56444948 -22.46043064 2.77230315e+01
78.29541099 30.98788523 -24.50037572 1.91230489e+01
80.05673942 30.18023449 -18.60016474 2.84531656e+01
80.06881402 30.05876870 -15.02930710 1.63838587e+00
80.19189737 30.06411947 -16.51469080 7.26892579e+00
79.80271297 30.15758285 -14.88510333 2.26511273e+00
80.50392915 29.97942648 -18.67757496 1.52864558e+01
80.97396926 29.52565690 -14.15932645 1.62707614e+00
80.58785346 29.79985679 -15.08651458 2.21430665e+00
79.91153289 30.10457506 -14.68812012 1.22432525e+00
80.84888288 29.65345459 -15.01496526 3.01014583e+00
81.04531410 29.52042954 -14.65011667 2.92344767e+00
80.47550097 30.03870734 -20.15153398 1.88287408e+01
80.19243187 30.29564632 -24.89548366 2.89573315e+01
78.17415623 31.16797629 -26.72226686 1.82044735e+01
80.13844697 30.36494955 -26.51809979 2.59497650e+01
79.98203963 30.18207379 -17.51036522 2.05811288e+01
79.74213451 30.44939436 -24.80957103 3.35313797e+01
79.12985891 30.80271980 -28.03326985 2.10559880e+01
80.74792285 30.21575756 -30.05797441 1.99708072e+01
78.22352182 31.18138041 -27.31908240 1.76277297e+01
78.24191069 31.25062758 -28.45576505 1.72284517e+01
77.90640110 31.35970326 -27.13342511 1.93505951e+01
78.11629328 31.23873431 -27.24100682 1.82628895e+01
77.82091599 31.49180818 -28.23401181 1.95585336e+01
77.96282316 31.28637342 -26.59614489 1.96087929e+01
78.02858036 31.36742932 -28.31006769 1.83597399e+01
77.93891605 31.53963168 -29.86188859 1.86765949e+01
78.13445204 31.30792374 -28.37375581 1.78058162e+01
78.21072215 31.30641101 -28.99169851 1.72820866e+01
78.31923481 31.25070665 -29.08529015 1.67292026e+01
78.66797826 31.20898145 -30.79617667 1.55624884e+01
78.88355356 31.00804974 -29.61247846 1.65093840e+01
78.55508201 31.25740446 -30.69945317 1.57505391e+01
78.91766400 30.95692840 -29.07803400 1.71236573e+01
78.70131805 31.15658430 -30.42813774 1.56359981e+01
79.34645543 30.83613518 -29.87895814 1.99757252e+01
79.92260060 30.70588048 -31.26410230 1.96249681e+01
79.62141886 30.80302358 -30.89460957 1.97734449e+01
79.47356935 30.90043781 -31.24827640 1.86217037e+01
82.02270312 29.54759288 -30.12641666 1.75807872e+01
82.07086549 29.25398004 -25.61155805 2.32736042e+01
81.16109180 29.78239411 -23.65980699 2.23760783e+01
80.46563955 30.24344135 -27.09994197 2.45227137e+01
82.18704397 29.21663381 -26.27953228 2.40031483e+01
81.44755077 29.66692926 -25.66781407 2.03772040e+01
81.47838910 29.61054274 -24.57212150 2.13012603e+01
81.23534506 29.78049225 -25.02716908 2.26198479e+01
80.88587583 29.83456820 -20.40328941 1.38348932e+01
80.15800652 30.43075340 -28.62718116 2.29977673e+01
81.03090927 29.90476512 -25.13595765 2.28401485e+01
80.93620439 29.84198305 -21.43098769 1.62150433e+01
81.08923362 29.57592723 -16.34540579 9.59308876e+00
81.27946068 29.33944256 -14.14226043 1.99998536e+00
82.42912006 29.02845185 -24.87989994 1.58197614e+01
82.61695117 28.90034011 -23.41977152 1.88970284e+00
82.59993253 29.13259725 -28.08125473 2.66382385e+01
83.89166693 28.76093855 -29.24777905 6.45323653e+00
81.45281113 29.54027106 -21.85466955 2.35361492e+01
81.78630171 29.39536137 -24.15666473 2.29621492e+01
82.71773831 29.09930360 -28.30876448 2.49833986e+01
82.74429832 29.16715057 -29.34628048 2.93491919e+01
82.47395870 29.28372812 -29.43372700 2.74703597e+01
84.46221105 28.68555733 -30.48386569 1.15740395e+01
82.82688810 29.18129749 -29.92945691 3.01888687e+01
87.49382888 27.97591829 -29.72161700 1.35029399e+01
82.86221069 29.13378290 -29.50409373 2.64830667e+01
82.37012644 29.43119452 -30.67426347 2.03224566e+01
81.89346730 29.47519230 -27.82092659 1.88313634e+01
82.00817437 29.43357080 -28.22179165 1.88558878e+01
83.21585304 29.03403982 -29.86486832 1.39317512e+01
86.87407031 28.21958606 -31.58597896 1.43699938e+01
85.62121302 28.19447260 -28.19806690 4.86086755e-01
84.73700125 28.66604865 -31.18912053 1.43170503e+01
85.29314470 28.17776908 -26.60194379 1.56617170e+00
83.06255322 29.11453391 -30.16901753 2.07977992e+01
83.95348839 28.59517108 -27.21187467 5.24992197e+00
83.72121355 28.66668402 -27.23242636 6.01047582e+00
84.63307305 28.25758795 -24.78335587 8.04157462e+00
83.45033734 28.56290843 -23.46300678 3.72916176e+00
85.52891547 27.65101796 -13.39846701 2.89388422e-03
83.85406245 28.40671276 -22.31846886 3.86777112e+00
84.98487758 28.24509300 -26.38738537 8.99719103e+00
85.16828141 28.10634210 -24.66402443 1.00198510e+00
86.41436351 27.59462920 -19.05698657 1.21289907e+01
84.97481326 28.13635440 -24.11146647 3.74202986e+00
86.04560881 27.73548959 -21.33834295 3.98282005e-01
85.90507051 27.86834941 -23.49868417 2.15082783e-01
86.17150202 27.61083332 -17.28846408 1.41553386e+00
85.63101625 27.96441357 -24.21396380 1.57612857e-01
86.96308758 27.82478057 -26.43843235 1.29845556e+01
86.24095839 27.97404574 -26.79469983 1.65166239e+01
85.75958685 28.04750684 -26.32220817 2.61074316e-01
85.18636234 28.40147291 -29.62035184 1.63366497e+01
85.04240898 28.37488379 -28.66938289 1.44101106e+01
84.15098551 28.75179886 -30.14553584 6.50452625e+00
87.36717551 27.77415329 -26.53447354 1.28092309e+01
86.27819670 27.93371488 -26.26275385 1.53430499e+01
86.39509138 28.03425527 -28.24318730 1.47954923e+01
87.82555053 27.88771317 -29.03331457 1.19200873e+01
87.24966596 27.98834855 -29.48784524 1.34444490e+01
86.62952089 28.23540044 -31.36813465 1.51149937e+01
87.19879839 28.02577827 -29.90605130 1.35597108e+01
88.46908537 27.91206167 -30.12258793 4.69749769e+00
87.32108904 28.01967689 -30.01904821 1.35393985e+01
88.59384174 27.80187309 -28.67198326 2.28360992e+00
87.93202117 27.98346919 -30.39958347 1.29909758e+01
88.05408922 27.97507309 -30.44140956 1.52283402e+01
88.29479295 28.06025168 -31.59177811 2.13505422e+01
89.93304255 27.84593158 -30.04192742 1.17106243e+01
88.54224283 27.94125215 -30.50939125 4.00112576e+00
89.89603057 27.77905950 -29.08489534 1.08077991e+01
87.48925179 27.76869611 -26.68334694 1.28488376e+01
87.49779304 27.87194944 -28.25199604 1.31698142e+01
88.43409806 27.84638760 -29.21112914 3.36810420e+00
88.42638861 27.74481457 -27.63134393 2.49353611e+00
87.97711965 27.74126236 -27.05268192 1.54499493e+01
87.81732782 27.78545968 -27.48512751 1.20737543e+01
88.23835169 27.51935525 -23.45219739 1.58635796e+00
87.24506717 27.77912969 -26.36552363 1.28287440e+01
87.20729986 27.81552009 -26.83853386 1.29394587e+01
86.84097198 27.82937453 -26.21210385 1.30111734e+01
86.84553617 27.72254005 -24.38614076 1.27871134e+01
86.60620810 27.94763014 -27.44731993 1.34884167e+01
86.72815788 27.94140513 -27.67552063 1.34051644e+01
87.45999834 27.90845143 -28.73342419 1.32621724e+01
86.47960630 27.73692765 -23.34812914 1.24250193e+01
86.47476606 27.84625340 -25.38250541 1.30046251e+01
85.57469018 27.71426930 -15.95872000 2.80569876e-02
87.70656216 27.48309739 -21.71006821 1.07702427e+01
87.71494756 27.58557378 -24.00472076 1.14084339e+01
86.89674552 27.68545466 -23.79114752 1.27325656e+01
87.74906681 27.65236531 -25.33536568 1.16517429e+01
87.87415669 27.54260107 -23.37844390 6.65171094e+00
88.11373883 27.62995069 -25.54161576 3.16366282e+00
89.08808077 27.46858554 -23.03780602 2.15254759e+00
88.44316265 27.53949024 -24.18305769 2.21976558e+00
88.72112616 27.58982661 -25.37969571 2.03615781e+00
90.01522744 27.36376810 -21.40004353 6.34411928e+00
90.02179451 27.46606264 -23.75383230 7.90407684e+00
88.31401325 27.44614103 -21.84723816 1.43818536e+00
88.68581203 27.52386973 -24.04458918 1.98449390e+00
88.07116239 27.46229346 -21.88964872 8.69066611e-01
88.32185912 27.54772140 -24.22624119 2.18758428e+00
87.51715318 27.35365448 -16.07921349 5.94902107e+00
89.04271539 27.40245093 -21.42662446 2.21837309e+00
87.38789654 27.56538105 -22.76426248 1.26488614e+01
87.58870109 27.38537976 -18.11754753 6.82738715e+00
87.46712732 27.38985137 -17.83065879 9.33546032e+00
87.34152191 27.49762473 -20.89828692 1.29647551e+01
84.28714609 28.19306188 -18.98735971 2.41475696e+00
84.40127608 28.15397234 -18.89396787 1.90137327e+00
87.03134643 27.36513137 -14.34314725 1.24563027e+01
87.46324248 27.49350002 -21.27074787 1.11266461e+01
86.89197506 27.47308012 -17.25731865 1.37189167e+01
87.26623087 27.56942636 -22.52766683 1.26910045e+01
84.95810269 27.84275486 -13.87997325 1.41726466e-02
84.90719672 27.59924209 -8.62192712 0.00000000e+00
84.66309814 28.02454316 -16.77084186 2.67562709e-01
84.20756686 28.18313045 -17.21939592 1.11806764e+00
85.22935889 27.82144778 -16.11821491 2.49695849e-02
85.18461055 27.76142742 -13.63721252 1.23976621e-02
85.64581969 27.62022128 -13.41234492 6.48381824e-03
85.56427192 27.60332642 -12.58857015 2.51193054e-03
84.88941631 27.94259890 -16.54083641 3.91925109e-02
84.99242139 27.79271393 -13.05283937 9.26687039e-03
85.81050771 27.65988234 -16.26155651 7.99087122e-02
85.28810389 27.95262277 -21.63241355 1.04466611e-01
85.69199225 27.68493244 -16.08040294 5.83465361e-02
85.51397676 27.99613578 -24.24962599 1.52405870e-01
83.74635934 28.32986810 -17.01139258 8.66259200e-01
83.33307125 28.59586946 -23.25070958 2.68347843e+00
84.22269240 27.95778506 -10.98559264 0.00000000e+00
83.71109389 28.37705893 -18.84592324 1.32501763e+00
83.85208281 28.18783177 -13.40067946 1.54155401e-01
83.27949041 28.46352993 -16.12712128 2.26593535e-02
83.97771309 28.25815121 -17.22670009 1.10455068e+00
83.80034040 28.45978956 -23.75179340 4.09034017e+00
83.82508957 28.12302378 -11.57736781 7.06248775e-03
83.16202718 28.49511205 -15.79150243 2.50316675e-03
84.17043556 28.01209354 -11.79858073 0.00000000e+00
83.73610000 28.22323044 -13.28323574 1.39076960e-01
83.94061390 28.08695620 -11.66874462 5.84461985e-03
83.70079299 28.27039559 -14.15455593 2.51607027e-01
84.73199374 27.92534807 -14.09952750 1.57383076e-02
84.85118739 27.76974328 -11.62067791 1.04055295e-03
83.70917012 28.15818118 -11.47382396 1.47691873e-02
85.23970150 27.59082596 -10.42008796 0.00000000e+00
84.05572729 28.04996572 -11.74457435 5.98687099e-04
85.32392107 27.48643398 -8.79474717 0.00000000e+00
84.39865453 27.93383910 -11.84328990 6.23103900e-04
85.65066386 27.50526642 -10.97996797 1.72286757e-03
84.68262742 27.68324762 -8.85291602 0.00000000e+00
85.20023602 27.41559405 -6.73369447 0.00000000e+00
84.78885087 27.75550038 -10.88527649 0.00000000e+00
86.75536548 27.29761953 -11.34185167 1.10784929e+01
85.43827822 27.44980666 -8.67095736 0.00000000e+00
88.12661818 27.22025605 -12.87790538 1.16339359e-02
85.12657041 27.63093146 -10.54846901 0.00000000e+00
86.54539670 27.37261887 -12.29244927 1.04512038e+01
84.41985249 27.59435944 -5.85559108 0.00000000e+00
84.86314382 27.54095889 -7.30014570 0.00000000e+00
85.54820071 27.19018606 -4.38371687 6.28732257e-04
84.63855119 27.62530531 -7.57577934 0.00000000e+00
85.48275826 27.17061112 -4.01869321 6.38119805e-04
84.47087324 27.53887240 -5.19272912 0.00000000e+00
85.20534048 27.30014791 -4.79215854 4.52329951e-04
84.33397408 27.69870656 -7.12495024 0.00000000e+00
84.69528048 27.45523030 -4.95619742 0.00000000e+00
83.99145774 27.81440369 -7.10778858 0.00000000e+00
84.30667175 27.63466555 -5.93224936 0.00000000e+00
83.14161669 28.09505948 -6.86622046 0.00000000e+00
83.50172445 27.88908313 -5.69133153 0.00000000e+00
83.05933802 28.07890871 -6.15470669 0.00000000e+00
84.13122246 27.65834049 -5.40913484 0.00000000e+00
83.67190396 27.80359005 -5.29870746 0.00000000e+00
83.38499245 27.92124602 -5.57406260 0.00000000e+00
83.20563046 27.93179150 -4.91541357 0.00000000e+00
83.61805845 27.85589903 -5.78892774 0.00000000e+00
84.55567395 27.43348334 -3.87917576 0.00000000e+00
83.21425708 27.81941911 -3.75240782 0.00000000e+00
83.90030660 27.51435832 -1.22186382 1.96644586e-02
83.64499277 27.73837131 -4.37328113 0.00000000e+00
83.86538779 27.56191260 -2.44172363 0.00000000e+00
83.76046376 27.70393437 -4.41843743 0.00000000e+00
83.63463965 27.63178886 -2.40591075 0.00000000e+00
84.65769044 27.28349310 -1.77516995 5.46875082e-02
83.98002516 27.52523423 -2.43729600 0.00000000e+00
85.24934728 27.01886410 -0.75203163 1.86180808e-01
86.51703398 26.86877517 -1.83772798 2.71645196e+00
84.76921191 27.24042853 -1.89362931 6.06100885e-02
84.32096203 27.40865331 -2.14879781 2.25152241e-02
83.79546469 27.65669175 -4.04055513 0.00000000e+00
85.21535006 27.06924571 -1.61700739 1.59153004e-02
84.44343565 27.47495604 -4.07280571 0.00000000e+00
85.92284726 27.00373039 -2.93885731 6.38475900e-04
84.58971655 27.38360602 -3.24353136 0.00000000e+00
88.44689041 27.02871037 -8.57019047 2.95751417e-03
86.64749574 26.97705808 -3.98656027 9.45586238e+00
85.31850117 27.26060031 -4.60656445 5.68965067e-04
87.97762323 26.95649857 -4.99910204 0.00000000e+00
86.02336814 27.10514366 -4.45445061 0.00000000e+00
88.46013534 26.92570828 -5.02092382 2.76302582e-02
85.09290257 27.34141126 -5.00462615 0.00000000e+00
85.60346914 27.02426939 -2.40737936 3.65647512e-03
85.95465612 27.07480154 -3.95116101 4.65628007e-04
85.54342170 27.30546414 -6.27364410 4.03131615e-04
85.91276203 26.89288346 -1.22919266 4.34124103e-03
85.83971705 26.97747888 -2.36154276 7.09541495e-04
86.88943731 26.97876168 -4.38967756 5.66635343e+00
86.52652365 26.97672450 -3.74019912 7.72760071e+00
85.59298172 26.91280872 -0.61501641 1.98845466e-01
85.56810752 27.07116554 -2.97847409 6.09068141e-04
86.07999166 26.95214260 -2.50632075 6.27730149e-04
88.73897338 26.87337403 -4.18996639 1.10908691e-01
86.76846641 26.97786582 -4.18901353 9.63092098e+00
87.16872035 26.94473463 -4.16825883 1.77747356e-02
86.67531126 26.83465850 -1.03040843 1.20457944e+00
88.01203270 27.02278212 -7.20546829 0.00000000e+00
88.58070932 26.91759804 -5.12893517 4.39187435e-02
87.77352090 26.93223648 -3.94798977 0.00000000e+00
87.11447499 27.08433534 -7.35986989 3.75123752e+00
88.37436977 26.99959286 -7.26334069 2.23844539e-03
88.70129959 26.90979141 -5.22305108 1.43200576e-01
88.20995165 27.24889307 -13.59623467 4.42371174e-02
89.65545387 27.07051461 -11.33079512 1.45286723e+00
87.13138605 26.97959978 -4.90427263 1.23196386e-01
86.38660452 27.08652114 -5.21522390 2.35990171e+00
86.90494900 27.15505772 -8.42634671 1.03673825e+01
86.06040100 27.39890943 -10.73542883 6.88412122e-02
86.66200839 27.15567498 -7.59357764 1.02025247e+01
86.02841532 27.32795156 -8.99787127 2.75641221e-02
86.16375040 26.98411379 -3.15434305 2.47653032e-03
85.78349515 27.13727040 -4.31580772 5.54935388e-04
86.68033315 27.04859230 -5.29755196 1.03460554e+01
86.07512398 27.06354299 -4.05816088 0.00000000e+00
85.83487151 27.09087785 -3.89081780 5.72291700e-04
85.66514664 27.16117558 -4.32602604 5.93833771e-04
86.01842272 27.21739109 -6.52271786 4.40046495e-03
85.67070225 27.38710366 -8.56604824 0.00000000e+00
86.13929613 27.20704326 -6.76665904 4.19350567e-02
85.53376070 27.53567208 -10.98156805 0.00000000e+00
86.73719635 27.40475444 -13.81605419 1.23864378e+01
86.67135847 27.26282766 -10.19922417 1.05257465e+01
87.10222020 27.39902395 -16.01829229 1.28656316e+01
86.87670559 27.29645296 -11.75233071 1.12118381e+01
87.34551658 27.39355862 -17.33255507 1.22314134e+01
87.03547453 27.25976635 -11.40523250 1.04675737e+01
87.52082632 27.25017645 -12.50505173 3.67659140e-01
87.48327887 27.28581242 -13.26239185 1.41087062e+00
89.17787578 27.19165713 -13.24450257 1.46504881e+00
88.24762185 27.21233795 -12.84946323 2.75350822e-02
88.92832475 27.10122156 -11.19538679 1.49406839e+00
90.01898963 27.05584737 -11.47629927 4.33031824e+00
89.09472352 27.16123631 -12.57141232 1.40394483e+00
90.05719595 27.01996818 -10.85728343 5.51977392e+00
89.29183739 27.08447596 -11.20052811 1.36601769e+00
89.89921967 26.95835323 -8.82216420 6.00987232e+00
89.09903528 26.95624398 -7.49396879 8.40324958e-01
89.58260829 26.93655733 -7.42915960 3.60823776e+00
89.93600987 27.02520630 -10.79893090 4.02099185e+00
90.74607791 26.91724272 -9.13079033 9.19390134e+00
90.75148122 27.12201445 -13.55243706 5.64209829e+00
92.11144925 27.03864810 -10.47625469 7.90723735e+00
92.31254936 27.22290252 -13.74778678 3.10964855e+01
93.11342717 27.41559142 -8.61381939 2.83419956e+01
91.10884249 27.00453143 -11.75391312 5.88150038e+00
90.78982550 27.08592766 -12.94748994 5.90190775e+00
91.87708608 26.89691487 -7.52083613 3.18012373e+00
91.51567566 26.76538260 -4.43506065 7.66876129e+00
90.98802308 26.90625791 -9.16548930 7.05494870e+00
91.35644830 26.79649053 -5.46332155 8.41798484e+00
91.03255973 26.76809394 -4.39678271 1.32532187e+01
90.79118457 26.77836244 -4.35191069 1.71341696e+01
90.26227251 26.94199020 -8.96951389 1.01132113e+01
89.82439056 26.92720559 -7.47239132 5.93764300e+00
90.02026057 26.95321035 -8.89331619 7.08671352e+00
90.06610756 26.91698616 -7.58557734 8.64164546e+00
88.94257974 26.89579937 -5.28501023 6.74522967e-01
89.54622245 26.86958533 -5.13283135 5.64091497e+00
89.90843116 26.85539052 -5.26376035 9.35440110e+00
89.58416807 26.83396654 -4.14038292 6.96200697e+00
88.97296934 26.75771617 -1.01254030 8.39669207e+00
90.06719428 26.81434579 -4.34276812 1.02496661e+01
89.70350513 26.93194753 -7.43502149 5.01041598e+00
89.93993292 26.71732447 -1.13521990 8.91610074e+00
89.70494628 26.82933686 -4.20221509 8.11483682e+00
89.46338449 26.83858511 -4.10618199 7.21948314e+00
89.66015518 26.76268583 -2.15879552 6.93649977e+00
89.45642575 26.73630430 -1.03704344 7.08076439e+00
88.82192181 26.90249782 -5.27739468 3.48176845e-01
89.90182407 26.75309673 -2.25660736 8.50957843e+00
90.02263228 26.74794596 -2.25731452 9.54272374e+00
91.47194676 26.69589703 -2.29219889 1.42982391e+01
91.71320070 26.70911002 -2.28222669 1.15212505e+01
90.06077106 26.71208226 -1.12209462 1.00043317e+01
90.14341842 26.74249666 -2.23318521 1.09896167e+01
90.18158603 26.70652849 -1.11109059 1.12830349e+01
91.63124893 26.66892299 -1.14200068 1.72212434e+01
91.38965528 26.66025678 -1.14754779 1.95398601e+01
90.91157738 26.87527229 -7.79733290 9.15610725e+00
91.23567609 26.79710592 -5.44908350 9.25888183e+00
92.46021054 26.92968882 -3.69231181 7.40857072e+00
92.64414938 26.92860729 -2.01736547 4.48215217e+01
93.21710501 27.37033842 -5.11873763 5.67835644e+01
92.42381730 26.95165455 -4.32041768 6.47799256e+00
92.53678048 26.98987172 -4.19740389 9.39624965e+00
93.38642656 27.39903782 -3.62998830 8.44868530e+01
92.30928707 26.91738914 -4.51942674 5.94707743e+00
92.45618455 26.82622106 -1.03306111 2.31249032e+01
91.87161975 26.69207337 -1.13864713 1.14237144e+01
93.17858570 27.18084938 -1.80774064 9.66767052e+01
93.71546888 27.46545791 -0.82979889 1.01124323e+02
93.51667706 27.34180301 -0.85084649 1.04357892e+02
93.31763839 27.32570636 -3.15697305 8.75784678e+01
93.74158574 28.59054868 -30.44480702 4.76167840e+01
93.81868941 27.73359784 -5.14808148 6.22423212e+01
93.81384644 27.52861571 -0.82153886 9.23808630e+01
93.48420060 27.35591917 -1.71477053 1.01559045e+02
92.86541980 27.22587547 -6.60610436 1.87405494e+01
94.01374683 27.86190055 -6.99553882 5.06771630e+01
93.07452446 27.12569500 -1.84250197 9.46079804e+01
92.75693253 27.17771647 -6.81045044 1.24195986e+01
93.62139202 27.60817297 -4.80949940 7.48022546e+01
93.11157006 27.21264669 -3.25801077 7.74144963e+01
93.07970904 27.43167813 -10.07615868 2.63459644e+01
93.88673808 27.91238975 -10.29791758 5.33017577e+01
92.68374840 27.21476405 -9.37567215 7.82882453e+00
93.42112846 27.48665924 -4.94252856 6.87801471e+01
92.64822407 27.23432575 -10.62456131 1.10965349e+01
93.31963683 27.42776049 -5.02231634 6.32558310e+01
92.42298951 27.15428877 -10.91793499 6.79274415e+00
93.28528684 27.44191210 -5.94529285 5.36441170e+01
93.21517498 27.26833449 -3.20598282 8.36043231e+01
92.53519267 27.09062826 -7.27677770 4.77150636e+00
92.34614450 26.89409855 -3.79023114 6.26267553e+00
91.71406262 26.91338442 -8.93890696 6.19553040e+00
91.87826114 27.10100796 -12.94119469 1.29854413e+01
93.21738895 27.47143754 -8.47106319 3.44991254e+01
93.01191363 27.46458651 -12.76606969 3.53597369e+01
93.28717460 27.54389061 -9.89593056 3.59326516e+01
92.65122298 27.43789542 -18.15285885 3.71502026e+01
93.49029168 27.66235600 -9.74505055 4.70242110e+01
92.53920774 27.39599994 -18.14942620 3.36218406e+01
92.79342664 27.26099387 -9.17768356 1.25652694e+01
92.68946113 27.41942797 -16.50925571 3.87182851e+01
93.69278523 27.88821666 -14.20470895 4.67386164e+01
93.98687356 28.07930518 -14.51158846 4.36384004e+01
93.78861524 27.84860148 -9.62587705 5.30925711e+01
93.98206311 27.87444074 -7.85001292 5.21490778e+01
93.68989267 27.78558158 -9.65154175 5.13979892e+01
93.11702831 27.51844220 -12.74655437 3.24174131e+01
93.88937798 28.01492878 -14.24488700 4.68476617e+01
90.90391847 27.28549211 -20.82124510 1.00465582e+01
93.92105633 28.00215018 -13.05476034 4.82530845e+01
93.62938378 28.01636826 -20.59952758 6.15984796e+01
93.18985607 27.79271767 -21.42575291 5.75068783e+01
92.80408338 27.77106757 -25.27277378 4.07418275e+01
92.87602295 27.73604934 -23.88139734 4.25328296e+01
93.93090691 28.41164819 -25.31426335 6.14184241e+01
93.89665061 28.32195770 -23.88418034 5.95532431e+01
92.46781923 27.54046678 -23.11382354 3.11913842e+01
92.98491780 27.98960614 -27.58713898 4.36451076e+01
93.52923485 27.95472234 -20.59168462 6.39646770e+01
93.99166626 28.28404956 -21.46621552 4.52148751e+01
90.30293609 27.41871748 -23.03887359 9.67524177e+00
91.39590879 27.47859548 -25.27397778 2.00414739e+01
92.79823475 27.56642069 -20.62681917 4.14875928e+01
91.96187585 27.45248408 -23.93807591 2.54340140e+01
92.57820115 27.37635892 -16.45925477 3.55358539e+01
92.57662682 27.47707555 -20.67246788 3.41112569e+01
92.31025449 27.32373538 -18.14901836 2.95103673e+01
93.32563225 27.73381178 -16.87974655 5.30154604e+01
91.83612679 27.23166887 -18.13951093 1.88205751e+01
92.19348419 27.29395857 -18.15301117 2.75384360e+01
92.42552678 27.35785244 -18.14289103 3.10826155e+01
92.54051007 27.49778419 -21.49675649 3.31958174e+01
92.23356413 27.16823919 -12.89040915 2.35734695e+01
92.23467003 27.27004077 -16.34728318 2.76910848e+01
91.23561153 27.10404450 -13.61186249 6.61787564e+00
91.15294633 27.17396954 -16.16493393 7.00963949e+00
91.35151674 27.30797481 -21.60910100 1.47252805e+01
91.95619668 27.24793467 -18.14628076 2.09590820e+01
90.87245650 27.11614936 -13.56981494 5.42418711e+00
90.78941588 27.18844335 -16.12733724 5.43243195e+00
88.68095769 27.31983172 -18.07143028 1.63056640e+00
89.20957794 27.46336487 -22.99904348 2.17643772e+00
91.51181180 27.27641875 -20.83480792 1.56315644e+01
89.33109049 27.45853565 -22.97070559 2.06902770e+00
90.63052109 27.12823046 -13.53100806 5.84740325e+00
90.54783833 27.09836842 -12.90076938 6.19313539e+00
89.41444629 27.48952494 -23.72869982 1.96506117e+00
89.44560447 27.35173916 -20.39373164 1.75389335e+00
89.81041952 27.33802324 -20.48163837 3.57605586e+00
89.17147981 27.49907140 -23.78762970 2.09367889e+00
89.68882436 27.34269703 -20.43621267 2.31852418e+00
90.29659055 27.31644935 -20.71964952 6.83029594e+00
89.45261031 27.45395473 -22.95589134 2.04815818e+00
92.11897665 27.44692609 -23.14775870 2.76344944e+01
90.06009037 27.43018620 -22.99793006 8.03281911e+00
91.14660085 27.58381903 -26.95710386 1.92665141e+01
90.42432123 27.41253157 -23.05894950 1.04118022e+01
90.25617855 27.55781616 -25.74051385 1.05951070e+01
90.54568717 27.40615812 -23.07807452 1.14493600e+01
90.17165788 27.63026644 -26.87923199 1.06061156e+01
91.51720551 27.37875778 -23.15849004 1.85075374e+01
90.54500349 27.50875780 -25.19049411 1.18067647e+01
92.00007078 27.42468395 -23.15606038 2.46815840e+01
91.03102309 27.48512721 -25.24796243 1.70327155e+01
91.22980228 27.61605036 -27.50623263 2.07818486e+01
91.72254490 27.73047278 -29.15932503 2.58099276e+01
90.78092156 27.59894805 -26.93338044 1.51284003e+01
92.58098914 27.78231144 -26.99937252 3.50344159e+01
90.17698894 27.83518319 -30.04683350 1.24798255e+01
90.98597590 27.62356459 -27.49408971 1.73770975e+01
90.90947968 27.49020633 -25.23581608 1.53593545e+01
90.30199818 27.52135191 -25.15432456 1.04165863e+01
89.56185041 27.65492947 -26.85632857 4.39554310e+00
90.13966538 27.76853833 -29.09316489 1.17735503e+01
89.31784441 27.66386802 -26.87975570 2.11076598e+00
89.81569305 27.54293620 -25.09318830 6.44522944e+00
89.43984724 27.65934300 -26.86488957 2.63566040e+00
88.71285792 27.89669438 -30.11772031 2.34404553e+00
89.40854164 27.79707330 -29.09640781 3.93454907e+00
90.05628513 27.73811374 -28.53475667 1.10342897e+01
89.16478163 27.80637271 -29.12330249 2.51892760e+00
89.76420627 27.88672851 -30.44225217 1.16167182e+01
89.88641841 27.88199752 -30.44176152 1.19540434e+01
89.81103191 27.85077153 -30.04135714 1.13149365e+01
90.26144188 27.76272863 -29.09823192 1.23742067e+01
90.00860866 27.87694719 -30.44237343 1.22429237e+01
90.66517039 27.70749195 -28.57005355 1.49825809e+01
89.92339309 27.94887556 -31.19927095 1.26616450e+01
91.03027710 27.79252054 -30.07377615 1.87655356e+01
91.15231940 27.68604637 -28.59352589 2.00768149e+01
91.14617686 27.89103497 -31.22213780 2.04584828e+01
91.71830575 27.83210068 -30.49192554 2.52708177e+01
93.40888160 28.52066086 -31.81494147 4.43392857e+01
92.24117629 27.88081224 -30.13289572 2.92135227e+01
92.08078731 27.87975540 -30.51167451 2.62259630e+01
92.58542907 27.88512437 -28.66623517 3.40317318e+01
91.76185142 27.80172956 -30.09944441 2.55638391e+01
92.23997491 27.77908529 -28.63869231 2.90878700e+01
92.58703463 27.98682187 -30.17353770 3.39785524e+01
93.80294475 28.46225127 -27.74737791 5.67194031e+01
92.31954407 27.83360198 -29.19767310 3.01838515e+01
92.54477685 27.80301791 -27.55264202 3.35386858e+01
92.76647821 27.78848655 -25.85923361 4.04050318e+01
92.65727019 27.84491605 -27.55327203 3.54973252e+01
91.71725348 27.62805881 -27.52495043 2.48292821e+01
92.46732469 27.74291428 -27.00017051 3.26378961e+01
93.12493333 28.02700036 -27.03415931 4.71841691e+01
92.80326713 27.87175539 -27.00836465 4.00953311e+01
93.09111104 28.04299143 -27.60293619 4.59610775e+01
94.03367291 28.68133549 -29.01236625 4.64682496e+01
92.88138607 28.04141622 -29.27895334 3.97733397e+01
93.01916574 27.97287780 -27.02692067 4.52059130e+01
92.91602810 28.02387709 -28.71369598 4.04492191e+01
93.33264284 28.14097847 -27.06629126 5.16398771e+01
93.73595294 28.38568554 -27.13432373 5.81151573e+01
93.40203422 28.21464172 -27.65369976 5.22425981e+01
93.23305804 28.18592489 -28.78267880 4.63453177e+01
92.69898384 28.02996389 -30.19044228 3.59590657e+01
94.03641135 28.78380736 -30.52177692 4.20462140e+01
93.80594338 28.56482921 -29.51665657 4.93849291e+01
92.69786651 28.13057575 -31.33267728 3.55971657e+01
93.44171004 28.50642710 -31.45832968 4.50433344e+01
93.84041583 28.65427208 -30.46991115 4.67229655e+01
93.23578884 28.38887424 -31.41517029 4.32812997e+01
93.64368842 28.62931839 -31.49848408 4.54684383e+01
93.02905842 28.38115873 -32.46972996 3.99896272e+01
93.03311435 28.48397318 -33.57427300 3.93628293e+01
93.09521036 28.24671298 -30.64982488 4.25097756e+01
92.98882959 28.19323674 -30.62724488 4.08610317e+01
91.15193386 27.99325531 -32.29325385 2.06844864e+01
91.02969166 27.99746617 -32.28766058 1.94286898e+01
91.83983728 27.84358356 -30.49704743 2.53556812e+01
91.59667234 27.92672123 -31.59890394 2.37695637e+01
91.22965494 27.92313388 -31.58209620 2.12786694e+01
91.39632599 27.78541202 -30.08531663 2.27278474e+01
93.45883116 29.11988873 -37.36548214 3.88499290e+01
92.70226699 28.23338918 -32.42706322 3.55577615e+01
92.36534760 28.21810371 -33.47949598 3.12308131e+01
93.10115418 28.45134328 -32.84810583 4.06703076e+01
92.59462196 28.29301353 -33.51390808 3.39315293e+01
93.76290530 29.40814720 -38.24048951 3.84914737e+01
93.13498401 28.43539919 -32.49018326 4.12239154e+01
92.70669420 28.33619567 -33.53244000 3.54324458e+01
93.65819510 29.14100472 -36.50859043 3.94102035e+01
93.91781590 29.14066590 -35.04122001 3.93907631e+01
93.84560277 28.85880406 -32.61243221 4.22757241e+01
92.99890434 28.50065551 -33.93793088 3.88209587e+01
92.88278053 28.24386550 -31.72192372 3.84821647e+01
92.81279779 28.27981952 -32.44135124 3.71113986e+01
94.04759511 29.19357160 -34.72000155 3.84451580e+01
94.05035874 29.29592110 -35.65448802 3.82865475e+01
92.44229500 28.37609596 -34.91946383 3.22373254e+01
93.81688890 28.97418475 -34.03164303 4.08170094e+01
93.85148598 29.06367762 -34.71431053 4.00627255e+01
94.02467284 29.51303893 -37.66920724 3.83390330e+01
93.51907370 28.88792987 -35.02405511 4.07145622e+01
93.71786720 28.91065903 -34.02297563 4.13572511e+01
94.05334327 29.39839041 -36.51809749 3.82176997e+01
93.34907332 28.75436123 -34.68022096 4.07470355e+01
93.41733979 28.82739311 -35.01690743 4.06059341e+01
92.44847458 28.58047699 -36.73460585 3.23943508e+01
93.31456443 28.76826471 -35.01126479 4.02778302e+01
92.32591699 28.34213196 -34.90633473 3.10421847e+01
93.24571758 28.69634626 -34.67110840 4.01828745e+01
92.20800459 28.31259593 -34.89084550 2.81070431e+01
92.99893825 28.60140063 -34.98278373 3.81791190e+01
90.79088000 28.21358223 -34.41121741 1.74663322e+01
92.81903978 28.48434877 -34.62430026 3.63951531e+01
91.48045182 28.22939909 -34.80236067 2.30758507e+01
93.34665410 28.65238874 -33.61939087 4.18589258e+01
91.40213606 28.09223750 -33.38044330 2.23003809e+01
92.55840618 28.31369503 -33.87659540 3.35246540e+01
92.81710108 28.38263764 -33.53969676 3.68127643e+01
92.24957213 28.28867247 -34.54931858 2.95959322e+01
93.10513938 28.55414643 -33.95157470 3.98524128e+01
92.78128406 28.50167799 -34.96310382 3.59777784e+01
90.54649348 28.22664788 -34.40629818 1.62082555e+01
90.74663969 28.04501764 -32.63554977 1.66995244e+01
90.75269286 28.14723268 -33.70416396 1.70597158e+01
91.48546006 28.12735799 -33.74595571 2.28107718e+01
90.42428710 28.23315519 -34.40532023 1.56855107e+01
90.66868662 28.22005756 -34.40826580 1.67374429e+01
89.69049155 28.26532134 -34.41697623 1.60793009e+01
89.06621132 28.39003114 -35.44856246 2.88257775e+01
91.24096605 28.43462799 -36.65002708 2.27399299e+01
91.15763170 28.19783936 -34.42763091 2.13221353e+01
90.50072553 28.26329857 -34.75614531 1.61635742e+01
91.03533732 28.20211272 -34.42059906 2.03068216e+01
90.74550686 28.25014504 -34.75999023 1.73358827e+01
91.39694692 28.29669758 -35.44689295 2.28303607e+01
89.19605311 28.48723020 -36.35337514 3.03698476e+01
89.44572925 28.27375360 -34.42686887 1.89444622e+01
89.52069773 28.30534637 -34.77423236 1.89655001e+01
89.15753703 28.52274850 -36.65839878 3.06207879e+01
89.39811280 28.30951849 -34.77971951 2.05980000e+01
88.54473231 28.55356932 -36.66700006 1.99395635e+01
89.39586406 28.41199743 -35.73787357 2.42354724e+01
89.64131721 28.40368864 -35.72849611 1.86613714e+01
89.03039077 28.32334862 -34.79731631 2.29139681e+01
89.57000607 28.16705343 -33.35431336 1.50254794e+01
88.67632495 28.23916521 -33.75203233 2.09055676e+01
89.40934410 28.20672932 -33.71950499 1.65247875e+01
89.81445922 28.15825459 -33.34675606 1.44402561e+01
89.27552806 28.31380154 -34.78558333 2.16830893e+01
89.76922682 28.09160052 -32.63229623 1.38252685e+01
87.73829564 28.27094094 -33.23045094 1.43256071e+01
90.05228907 28.04599842 -32.27066593 1.35721042e+01
89.93665855 28.15345317 -33.34369762 1.42552754e+01
90.05751176 28.25091593 -34.40732679 1.49647629e+01
90.02030073 28.18414667 -33.69958926 1.44605738e+01
90.13341091 28.28170590 -34.75718347 1.52222068e+01
90.29672493 28.03452324 -32.27153000 1.42599724e+01
90.50241398 28.05805965 -32.63034667 1.53344818e+01
90.18097915 28.14272665 -33.34122032 1.44570423e+01
90.54725137 28.12403653 -33.34356597 1.58125643e+01
90.63066842 28.15373915 -33.70127239 1.63361302e+01
92.08669668 28.08419146 -32.72252845 2.68536551e+01
90.66930545 28.11747435 -33.34594337 1.64383489e+01
91.27422431 27.99058528 -32.29827067 2.15656746e+01
90.17452154 28.04044818 -32.27060138 1.38459734e+01
90.86876240 28.03881690 -32.63909415 1.76332526e+01
89.89148979 28.08689747 -32.62960535 1.37246551e+01
90.61839120 27.94928472 -31.56407450 1.58191859e+01
90.25172582 27.96835818 -31.55785305 1.37581863e+01
90.12945413 27.97415232 -31.55669942 1.33120471e+01
90.49709984 27.85319808 -30.45287637 1.44507886e+01
89.44490939 27.86405634 -30.05117289 6.28525629e+00
89.64011166 27.99378121 -31.56122894 1.25303268e+01
89.56312236 28.06482258 -32.27993469 1.32133945e+01
86.76102745 28.33429241 -32.61084111 1.51444837e+01
89.07383961 28.08291760 -32.30451017 4.30828352e+00
89.51773349 27.99809355 -31.56498548 1.14212108e+01
89.67863176 27.95823364 -31.20242654 1.22340689e+01
89.44079651 28.06908316 -32.28471508 1.18648259e+01
87.73006713 28.16837920 -32.15133845 1.27309576e+01
88.90860266 27.92013594 -30.49097798 2.35502318e+00
87.07200495 28.13757103 -31.01371260 1.39012836e+01
86.63892149 28.34326089 -32.50926793 1.57097710e+01
88.34066378 28.12509407 -32.30994363 2.19474362e+01
88.90590913 28.02246186 -31.59822532 2.60332233e+00
87.59948589 28.07342936 -31.01156937 1.38840968e+01
86.99639211 28.21242249 -31.68868441 1.41888057e+01
87.73438251 28.37441098 -34.30396087 1.43822682e+01
88.59244488 28.21025451 -33.39438209 2.17447532e+01
87.92882596 28.39428729 -34.71792433 1.35507762e+01
89.04272455 28.22057260 -33.73939408 1.15397013e+01
87.82237983 28.29931951 -33.61995241 1.27567335e+01
89.19614746 28.07797559 -32.29732885 6.53509432e+00
87.31686086 28.43841839 -34.47460687 1.46903621e+01
87.37193364 28.29525995 -33.05061676 1.42969344e+01
86.39502734 28.36451110 -32.30774996 1.82172566e+01
86.88318530 28.32599735 -32.70977162 1.47832647e+01
87.24975795 28.30292381 -32.97541864 1.43258775e+01
87.44770183 28.22101934 -32.36985495 1.41190379e+01
88.42461926 28.15328432 -32.67384694 2.27632338e+01
87.85223570 28.16005309 -32.19917799 1.25350218e+01
87.08090991 28.24284995 -32.12400804 1.42123196e+01
87.31680663 28.12437014 -31.19938834 1.38053759e+01
86.75177235 28.22716255 -31.47854022 1.46558472e+01
86.71411677 28.26560403 -31.82018215 1.49313661e+01
84.95653352 28.47921196 -29.79439295 1.47668338e+01
86.50735145 28.24462587 -31.25770983 1.58464920e+01
84.86464418 28.39907392 -28.25911924 1.26933042e+01
84.52161394 28.51796249 -28.54190832 9.84861244e+00
86.01081415 28.18930073 -29.44988938 8.40860325e+00
85.41774760 28.32788082 -29.45299274 7.36593012e+00
85.85380806 28.25483394 -29.89751034 1.50848718e+00
84.39196894 28.78265754 -31.28987990 1.17198139e+01
84.69897777 28.49381728 -28.96946347 1.20518688e+01
84.17672137 28.63346464 -28.70167929 6.00123160e+00
83.30890654 29.15499923 -31.52524978 1.52815038e+01
84.34695093 28.72413939 -30.51419933 9.75444580e+00
83.71280108 28.77908854 -28.72456050 7.08856840e+00
83.65848476 28.83203057 -29.20731191 7.92189511e+00
83.42425287 28.90081054 -29.10641255 1.04335359e+01
83.24454115 28.91519489 -28.49425301 1.08214629e+01
83.93067980 29.15135160 -33.58397003 8.13647200e+00
85.79154397 28.45678242 -31.99881204 1.07230724e+01
84.12564016 28.90652662 -31.70110367 7.23391721e+00
84.58711793 28.75396834 -31.62115663 1.45123721e+01
84.63201399 28.81265621 -32.36978754 1.50771736e+01
84.28645634 28.92765820 -32.44211376 1.13328211e+01
85.31696053 28.69852312 -33.27088180 1.99090064e+01
86.38531707 28.25523274 -31.14960839 1.71667242e+01
85.55027731 28.63026594 -33.19902466 2.90020584e+01
86.03117862 28.41098333 -32.06642724 2.75252053e+01
85.90606147 28.54609794 -33.19687305 3.27918407e+01
86.23619065 28.41911395 -32.57427771 2.38045037e+01
85.85429100 28.59425419 -33.57939870 3.86661902e+01
86.15203902 28.39292441 -32.13184339 2.81137682e+01
85.74497406 28.39163767 -31.20837838 3.30194660e+00
85.42815120 28.43825258 -30.87754674 1.78089838e+01
85.26582168 28.75206543 -33.68063133 1.82268675e+01
84.36910989 29.12084120 -34.68132539 1.83006202e+01
84.50970111 28.96420700 -33.54059704 1.63203097e+01
84.74691104 28.77385232 -32.33335981 1.47551706e+01
84.45721573 29.01839768 -33.92979826 1.69462030e+01
84.59698162 28.86136178 -32.76032602 1.54064286e+01
84.22563769 29.09412947 -33.95887715 1.34440484e+01
84.48191819 28.89983904 -32.78766280 1.56554479e+01
84.04691344 29.11475268 -33.58816840 8.31067080e+00
83.28253585 29.49523785 -34.91455965 2.80757966e+01
84.39429742 29.00238627 -33.56143125 1.63258049e+01
83.90377162 29.26953174 -34.69326301 1.03885670e+01
83.34654194 29.32845401 -33.44526562 2.62133349e+01
83.82263761 29.07506985 -32.44237249 8.17915343e+00
83.51719231 29.42466217 -34.98995226 2.69248554e+01
83.20297676 29.70476268 -36.59575212 2.17816368e+01
83.75138597 29.35332861 -35.03563723 1.38841554e+01
83.32896103 29.55521911 -35.63321540 2.60414321e+01
84.25306996 29.15856843 -34.69257000 1.66620638e+01
83.44616866 29.51975888 -35.66764797 2.86530298e+01
84.62495684 28.92578336 -33.51416411 1.54916605e+01
84.21765639 29.20665622 -35.05307097 1.69654098e+01
84.14679916 29.30264756 -35.74435402 1.74265649e+01
85.64745264 28.71817008 -34.35788921 3.02204229e+01
84.68111262 29.05486257 -34.99084100 1.53666233e+01
85.76621980 28.68928701 -34.35256505 3.71839053e+01
84.89912555 29.20564038 -36.98034714 1.54138873e+01
84.11136208 29.35056797 -36.07559873 1.83450961e+01
85.07342648 29.00066248 -35.59778243 1.55721897e+01
84.95760586 29.03806973 -35.62760956 1.52175549e+01
86.34305727 28.73897941 -35.96096834 2.09652249e+01
87.71809016 28.47883450 -35.32144480 1.50479714e+01
86.33816653 28.51785423 -33.80282361 2.07514249e+01
86.94947510 28.46394110 -34.24613734 1.51298969e+01
86.45524151 28.61518986 -34.99211815 1.87898424e+01
87.56172857 28.42132078 -34.59551019 1.47352255e+01
85.09160938 28.65805977 -32.19593651 1.64806556e+01
85.43855967 28.54862828 -32.05215403 2.44650644e+01
84.91887800 28.86464802 -33.80852413 1.49854425e+01
85.28728616 28.63248373 -32.50121856 2.01912219e+01
87.48995903 28.39171265 -34.20112616 1.46001100e+01
87.45620168 28.32457344 -33.46002864 1.44074276e+01
87.36770538 28.40005976 -34.13841243 1.45819601e+01
88.04735937 28.48778917 -35.70631209 1.44339435e+01
87.97869063 28.35630608 -34.37744303 1.37439204e+01
87.55749121 28.52541000 -35.57585175 1.49641467e+01
87.85654906 28.36543522 -34.34391199 1.30770000e+01
87.47300023 28.49697223 -35.22928241 1.48560497e+01
88.66289601 28.34204940 -34.80576944 2.69595721e+01
88.21577030 28.54302840 -36.34017686 1.56373206e+01
87.44342293 28.63821802 -36.46970050 1.51662300e+01
88.33050722 28.43225755 -35.44025055 1.71052420e+01
88.09339732 28.55251307 -36.32385688 1.47480160e+01
88.71164473 28.30515873 -34.45752386 2.58763966e+01
88.46059028 28.52516758 -36.36020192 1.85147931e+01
88.94349652 28.39538484 -35.45329571 2.96183240e+01
88.58306108 28.51708638 -36.36478154 2.09730885e+01
88.16245755 28.68364377 -37.55231102 1.53501927e+01
87.56581928 28.62863665 -36.50962899 1.51930234e+01
87.09137916 28.84300228 -37.91354251 1.58728288e+01
87.97102987 28.56216411 -36.30284586 1.40703828e+01
87.72219834 28.68520547 -37.16982646 1.54536713e+01
88.05522885 28.58969332 -36.62297521 1.46022627e+01
87.96719062 28.66519265 -37.21944567 1.47585114e+01
87.21422325 28.83208819 -37.95564112 1.57064117e+01
87.84469927 28.67518891 -37.19659807 1.56230256e+01
88.32750268 28.84125506 -39.08770808 1.63646695e+01
88.65028508 28.75113954 -38.48893799 1.93888521e+01
87.16689658 29.08359902 -40.20592300 1.62534548e+01
87.30754271 28.96422975 -39.23972040 1.59158187e+01
87.83238059 28.98558274 -39.99121221 1.61283582e+01
87.42180204 28.84901599 -38.33122848 1.56396571e+01
86.83131147 29.19179104 -40.83922624 1.68614768e+01
83.94272866 29.84328711 -40.07767327 2.06799317e+01
88.02791920 29.00246218 -40.35380811 1.64439842e+01
87.90487946 29.01341116 -40.34051213 1.62715239e+01
86.18697923 29.20940327 -39.94891829 1.85364967e+01
86.92112111 29.10955593 -40.14227633 1.66159150e+01
87.06225393 28.98769221 -39.17379713 1.61917228e+01
87.18488347 28.97578577 -39.20815546 1.60257692e+01
85.99138132 28.98188247 -37.52260521 2.22079668e+01
86.12262949 29.07062549 -38.56181389 2.00955222e+01
86.37554680 28.80881668 -36.63887568 2.01311440e+01
86.13243963 28.84398585 -36.54635593 2.52706581e+01
87.22288534 28.93694832 -38.90305494 1.59233782e+01
87.42628273 28.74408774 -37.39822192 1.54111087e+01
86.22150083 28.75555447 -35.90758375 2.48577106e+01
85.87093955 29.00643013 -37.50718702 2.14774942e+01
86.13730346 28.73093974 -35.54044469 2.93092117e+01
86.01155555 28.86499019 -36.51353243 2.68409772e+01
86.01643099 28.75126608 -35.50235892 3.46900814e+01
85.83942081 28.93756206 -36.82639077 2.31389476e+01
84.32002520 29.61370800 -39.04597852 2.04494565e+01
85.27825309 29.16178697 -37.57219852 1.63321860e+01
85.30012789 29.04244510 -36.55212705 1.67592248e+01
83.49968406 29.65080414 -37.01062320 2.42917459e+01
84.54314872 29.43176389 -38.03510060 1.71786683e+01
84.72625530 29.11388202 -35.67872651 1.53738838e+01
83.61697662 29.61477328 -37.03157454 2.74853811e+01
83.52642621 29.71617064 -37.68021950 2.25955338e+01
83.99536731 29.57035581 -37.72706784 2.72667447e+01
83.73580619 29.79818651 -39.03492757 2.15868714e+01
83.52827546 29.93662138 -39.69492824 1.92934076e+01
83.95972698 29.61818235 -38.05643429 2.73823305e+01
85.16522430 29.42044084 -39.63549140 1.59326673e+01
85.25286638 29.31943714 -38.93087564 1.61001958e+01
83.41102693 29.97349719 -39.67797219 1.88502113e+01
85.34257043 29.51862713 -41.09538367 1.62649628e+01
85.28264412 29.38561343 -39.61654389 1.61493623e+01
86.35589187 28.92247989 -37.62568362 1.97407248e+01
85.59598431 29.10996443 -37.85612012 1.83636961e+01
85.52402704 29.20466102 -38.54701827 1.73268946e+01
85.46106298 29.48581019 -41.08139586 1.65021852e+01
86.30874300 29.18935414 -39.97538327 1.83234827e+01
85.47769079 29.14181964 -37.87398654 1.74392538e+01
85.71487316 29.07998214 -37.84682673 1.94173056e+01
85.72042254 29.64620211 -43.42421246 1.67517360e+01
86.22934166 29.38926252 -41.86885321 1.76533484e+01
85.74631650 29.48876441 -41.84559142 1.70371006e+01
84.92748389 29.82729454 -43.07433132 1.62526717e+01
86.60496175 29.44022477 -43.08108636 1.71673524e+01
87.03915718 29.20369350 -41.26254315 1.65688781e+01
85.48188450 29.70614436 -43.43241750 1.64427245e+01
85.38892348 29.58079210 -41.87201053 1.63225323e+01
85.10664677 29.58743860 -41.12546788 1.60192417e+01
84.42288927 30.02112729 -43.47462430 1.70386232e+01
84.53999035 29.98425996 -43.47254975 1.68162182e+01
85.27062114 29.61406303 -41.88489266 1.61738574e+01
84.16877149 29.88169747 -41.19143563 1.90564627e+01
84.06151211 30.02553368 -42.33387419 1.88254508e+01
83.57472837 30.40116885 -44.61644199 1.95780427e+01
83.75562837 30.19580754 -43.08981890 1.99024636e+01
83.97997816 30.01469151 -41.95188061 2.06659503e+01
83.94424879 30.06263159 -42.33224477 2.09097738e+01
84.45863094 29.97315475 -43.09240780 1.71119853e+01
83.83718727 30.20657684 -43.47362286 2.01743013e+01
84.69288777 29.89959735 -43.08514669 1.65812015e+01
84.34152863 30.01015500 -43.09446752 1.73704574e+01
85.00917453 29.83976629 -43.45659187 1.62265400e+01
85.39927765 29.69065729 -43.04570755 1.63420310e+01
85.16281248 29.75726255 -43.06054514 1.61841093e+01
85.35289051 29.62833452 -42.26698945 1.62824933e+01
86.30413999 29.63764982 -44.60970983 1.70441781e+01
86.67050136 29.57691597 -44.61754733 1.70376962e+01
86.54816427 29.59604513 -44.61470840 1.70560173e+01
86.18251383 29.66027963 -44.60724254 1.70030292e+01
85.75683330 29.59975497 -43.02843045 1.68470029e+01
86.23947722 29.49976851 -43.04320650 1.73373617e+01
87.33182775 29.24264397 -42.05523977 1.64595391e+01
86.93431521 29.43114342 -43.49448275 1.68930100e+01
86.60016470 29.55108303 -44.23225573 1.70818287e+01
87.70081800 29.20490385 -42.10085942 1.64446280e+01
87.58672754 29.00808410 -39.95303527 1.59905475e+01
89.63596968 29.12104445 -42.49084371 1.95537017e+01
87.20025143 29.15082444 -40.92558810 1.63529734e+01
87.54774189 29.35943293 -43.54111536 1.66976863e+01
87.78549801 29.23109046 -42.47021532 1.65509423e+01
88.16228116 29.29837619 -43.56837123 1.70294308e+01
87.82385845 29.19288395 -42.11247227 1.65031134e+01
89.88306229 29.11256045 -42.48902328 1.97698949e+01
88.07002279 29.16985949 -42.13114439 1.67314123e+01
87.79344200 29.33377760 -43.55445858 1.67618694e+01
87.21284075 29.46770700 -44.25889367 1.68663005e+01
88.20076545 29.26081475 -43.21147016 1.66868914e+01
87.67057616 29.34643285 -43.54834774 1.67189092e+01
87.28434488 29.49440692 -44.63057741 1.69404666e+01
88.19686196 29.36358344 -44.28475030 1.69361748e+01
88.44343725 29.34330538 -44.28676426 1.72375305e+01
88.64085792 29.36384512 -44.64357887 1.78169476e+01
88.81391110 29.32031186 -44.28697293 1.82427840e+01
90.12715974 29.30772199 -44.64114778 2.11253389e+01
90.05057382 29.27683583 -44.28229058 2.07517076e+01
90.62204068 29.28240850 -44.64132199 2.28039211e+01
91.61677814 29.15227832 -43.57006791 2.60415719e+01
90.74570351 29.27553478 -44.64143344 2.32616770e+01
90.98819829 28.85300695 -40.36017033 2.41175983e+01
89.42082178 28.99124211 -41.06092288 1.98166105e+01
92.09588380 28.99978490 -41.42052552 2.81160477e+01
90.37056940 28.98823514 -41.41221796 2.11497168e+01
89.05693184 29.10568541 -42.14215533 1.91836233e+01
89.87643130 29.01029243 -41.41300456 1.95810919e+01
89.01811300 29.14123176 -42.50029675 1.89915694e+01
90.00657224 29.10772829 -42.48852544 2.00965481e+01
88.93337107 29.11072009 -42.14461189 1.88542197e+01
89.54449255 28.98738575 -41.05847384 1.96938119e+01
88.68637387 29.12316053 -42.14692971 1.79604779e+01
89.13740334 28.93239757 -40.37097310 2.02977545e+01
88.89458540 29.14646684 -42.50226717 1.86558781e+01
88.69034539 29.32692641 -44.28711075 1.79144543e+01
88.45034467 28.83223358 -39.09291497 1.71642853e+01
88.56991409 28.92619474 -40.04146754 1.77506107e+01
88.90365474 28.83982505 -39.39605108 2.06669559e+01
88.69302111 28.91868542 -40.04143206 1.85494329e+01
88.94226872 28.80404414 -39.09204996 2.13688669e+01
88.93939724 28.90625485 -40.03742874 2.00675403e+01
89.18847170 28.79430295 -39.08443361 2.22170207e+01
88.40436479 28.76744165 -38.48382008 1.70164719e+01
89.43472886 28.78609773 -39.07724521 2.12381769e+01
89.05821318 28.69699888 -38.17884512 2.48729298e+01
89.68097528 28.77806598 -39.07165400 1.99618662e+01
89.38905406 28.71933054 -38.47126612 2.25467937e+01
89.03490846 28.52760996 -36.66328678 3.14817953e+01
88.82526205 28.60534254 -37.27561727 2.49433017e+01
90.00642456 28.59497527 -37.54548027 1.84413977e+01
89.67420243 28.67582601 -38.15973884 2.04362761e+01
90.98889081 28.64808123 -38.46456456 2.25382906e+01
89.79738172 28.67149044 -38.15726554 1.94848671e+01
90.42131926 28.54105363 -37.23885136 1.76738612e+01
93.15240931 29.14908312 -39.10869005 3.69151463e+01
89.55576544 28.88461830 -40.02117942 1.99901681e+01
92.01565882 28.74921175 -39.09690278 2.73982524e+01
90.12509441 28.89752839 -40.35494698 1.99802826e+01
94.03685926 29.92259280 -41.40306129 3.83310075e+01
89.27289217 28.82547776 -39.38530041 2.14363364e+01
89.38437837 28.92415177 -40.36430919 2.01596252e+01
90.03902182 28.96965094 -41.05344844 1.98548175e+01
89.67903969 28.88059693 -40.01904868 1.97005598e+01
90.04874480 28.86667952 -40.01559374 1.97123268e+01
90.24845670 28.89176435 -40.35489890 2.04279791e+01
91.77248962 28.82181655 -40.03129128 2.62223992e+01
91.52610128 28.70709341 -39.08504458 2.49051421e+01
91.27991496 28.70671300 -39.07890756 2.40876976e+01
91.97699259 28.77719564 -39.39603360 2.72374556e+01
91.64960075 28.81361050 -40.02989881 2.56634213e+01
90.28611971 28.95830665 -41.05327963 2.07003315e+01
91.24081730 28.74162538 -39.38161385 2.41380764e+01
91.36388220 28.73981862 -39.38386389 2.44009762e+01
91.73108794 28.44496221 -36.68342285 2.54121114e+01
90.98930907 28.54558461 -37.55189794 2.17916461e+01
91.97090150 28.57290204 -37.60191785 2.69721401e+01
90.91088127 28.72006955 -39.07169387 2.24570051e+01
91.48132155 28.63811228 -38.47904476 2.45252982e+01
90.90488999 28.61786819 -38.15853439 2.14887645e+01
93.82514126 29.28093906 -36.79912441 3.89268459e+01
93.52934025 29.29603152 -38.52853106 3.82107243e+01
93.01163677 29.11113709 -39.39912735 3.61310083e+01
92.82864661 28.99272952 -39.10589294 3.51019411e+01
94.03379620 29.82023641 -40.35358072 3.82331239e+01
93.66095174 29.24316360 -37.37360032 3.89130861e+01
93.11849583 29.16491915 -39.40198640 3.66510533e+01
93.86561141 29.57499775 -39.10956141 3.82598599e+01
93.93530241 29.75459020 -40.35389859 3.81776234e+01
92.94011414 29.24458085 -41.04654740 3.52031520e+01
91.72845172 28.85234785 -40.36895577 2.60777867e+01
93.43112187 29.33793070 -39.40041714 3.76297349e+01
94.07176095 30.01295127 -42.12297092 3.83210800e+01
93.93829565 29.85686438 -41.40168715 3.81482313e+01
93.87112980 29.77923893 -41.04462045 3.80381034e+01
92.22147453 29.12681338 -42.48804017 2.88302931e+01
93.12127518 29.36742789 -41.40269939 3.59430799e+01
92.21630106 29.02425782 -41.41490542 2.88046830e+01
91.77365376 29.02567225 -42.13916904 2.64927919e+01
92.01319755 28.95194268 -41.06433302 2.76022415e+01
90.78607312 29.03407787 -42.13175753 2.33305348e+01
91.85193922 28.96500096 -41.42105277 2.68057391e+01
90.62364341 29.07718848 -42.48943091 2.25537004e+01
91.36413967 29.04651987 -42.49461695 2.49149372e+01
90.91547337 29.12980108 -43.20799858 2.37902200e+01
91.03286912 29.02177420 -42.13350724 2.42240993e+01
90.98774826 28.95550134 -41.41634346 2.41801694e+01
93.05718883 29.50247092 -43.19039309 3.51143629e+01
93.83917456 29.79181473 -41.40232775 3.79209763e+01
92.95139598 29.55173890 -44.27236656 3.43264635e+01
93.54701232 29.90874464 -44.63885142 3.66468135e+01
90.87638376 29.16598746 -43.56633351 2.36374845e+01
90.99371580 29.05769606 -42.49159267 2.40728782e+01
93.37304878 29.67234682 -43.19341081 3.63219610e+01
93.44461864 29.84761296 -44.63652381 3.62431881e+01
93.64634685 29.86953593 -43.55536880 3.71577295e+01
93.84623972 29.99691765 -43.55772066 3.78253069e+01
93.97683517 30.04954216 -43.19963900 3.82718784e+01
94.04347519 30.12754817 -43.56155786 3.84380166e+01
74.59439408 36.09315805 -44.13607425 1.23019596e+01
74.70040844 36.00980869 -44.56739995 1.23763630e+01
74.77542838 35.92066358 -44.56643969 1.24306190e+01
74.96916367 35.64834800 -44.12929288 1.25308578e+01
74.85053562 35.83160161 -44.56554455 1.24692796e+01
74.67578115 35.86736684 -42.83642731 1.25225465e+01
74.60114226 35.95646108 -42.83955631 1.24178809e+01
74.97527327 35.51185270 -42.82436408 1.25892957e+01
74.89398832 35.73711757 -44.13039670 1.25114955e+01
74.58230633 36.02184628 -43.27278352 1.23414708e+01
75.20199025 35.24676252 -42.81570973 1.26069452e+01
75.07675971 35.56512913 -44.56451859 1.25373396e+01
75.27226948 35.29498078 -44.12481789 1.25990592e+01
75.25880115 35.22423172 -43.24996307 1.26156870e+01
75.45927403 35.12484880 -44.55934676 1.26675696e+01
75.30520771 35.30023701 -44.56209709 1.25992059e+01
75.22875844 35.38832626 -44.56272080 1.25746312e+01
75.15262484 35.47663319 -44.56441594 1.25530811e+01
75.04454899 35.55973107 -44.12895933 1.25466813e+01
75.00114102 35.65380003 -44.56444074 1.25188729e+01
74.92575577 35.74263726 -44.56485214 1.24967564e+01
75.42576176 35.11963112 -44.11987640 1.26659752e+01
75.56712921 34.87508461 -43.24198721 1.28019102e+01
75.69436941 34.86443655 -44.55980667 1.28226382e+01
75.65979712 34.85914602 -44.11917790 1.28294505e+01
75.85462337 34.69320534 -44.56087118 1.29675473e+01
76.06492359 34.43527498 -44.12451641 1.33249015e+01
75.93602406 34.60846748 -44.56143788 1.30546009e+01
76.53705608 34.03830538 -44.57201503 1.42561077e+01
76.27212187 34.27704594 -44.56460514 1.35500686e+01
76.14891065 34.35260268 -44.12596223 1.34731613e+01
76.50594912 33.89908745 -42.85989340 1.56066294e+01
76.32056353 34.19000655 -44.13214569 1.38617651e+01
76.05008300 34.36523891 -43.25609560 1.35080327e+01
75.98204280 34.51874907 -44.12343243 1.31971061e+01
75.82561946 34.55275497 -42.81696745 1.31706021e+01
75.53701717 35.03763028 -44.55915094 1.27113323e+01
75.50910409 34.89660626 -42.80549671 1.27724673e+01
75.50318483 35.03241045 -44.11849771 1.27108257e+01
75.58116476 34.94556090 -44.11852218 1.27651995e+01
75.77409931 34.77854966 -44.56031853 1.28892667e+01
75.80764912 34.44343346 -41.51771775 1.33058702e+01
75.73912856 34.77320201 -44.12012520 1.29031139e+01
75.81922566 34.68777915 -44.12118971 1.29889619e+01
75.72481758 34.70286735 -43.24600379 1.29715625e+01
75.80478017 34.61751738 -43.24850507 1.30778050e+01
75.98885223 34.38425321 -42.82379212 1.34805261e+01
75.90016982 34.60293961 -44.12230906 1.30862996e+01
76.11627315 34.17301245 -41.97081115 1.40405903e+01
75.96733274 34.44863658 -43.25365081 1.33431572e+01
76.20145023 34.09124995 -41.97801514 1.43646037e+01
76.07198665 34.30108342 -42.82692798 1.36757634e+01
76.39290402 34.04043944 -43.27699383 1.45839696e+01
76.57957672 33.71189054 -41.60251771 1.78721096e+01
76.23411548 34.27083175 -44.12804551 1.36498713e+01
76.24179637 34.13735195 -42.83496617 1.41903391e+01
76.21901011 34.20094779 -43.26239517 1.39367173e+01
76.22428716 34.02762841 -41.55597739 1.46437009e+01
75.94947606 34.33916151 -41.95946588 1.35550407e+01
76.09864409 34.06336523 -40.69273346 1.43697189e+01
75.86765588 34.42336861 -41.95437850 1.33685750e+01
75.90675555 34.46816635 -42.82043717 1.33138808e+01
75.87099403 34.24931445 -40.24257597 1.36667471e+01
75.88885703 34.35874703 -41.52326591 1.34879175e+01
75.70933355 34.41950963 -40.22883150 1.32549022e+01
75.70675674 34.59369243 -41.94538388 1.30697832e+01
75.49094539 34.78774839 -41.50535442 1.28052665e+01
75.60943868 34.57061014 -40.64798519 1.30174868e+01
75.62751444 34.67968015 -41.94167770 1.29510199e+01
75.66590425 34.72369495 -42.81022457 1.29406859e+01
75.33647103 34.96250563 -41.50276681 1.26707392e+01
75.39529728 34.76622085 -40.21567952 1.27404677e+01
75.31697958 35.02794055 -41.93581356 1.26541752e+01
75.33519712 35.13648501 -43.24631039 1.26459829e+01
75.18275739 35.31221829 -43.25498049 1.25970911e+01
75.16453217 35.20396056 -41.94434698 1.26022686e+01
75.41345310 34.87495676 -41.50456877 1.27288688e+01
75.43163893 34.98368502 -42.80480300 1.27102712e+01
75.24057677 35.11582885 -41.93908691 1.26204130e+01
75.27814599 35.15880412 -42.81092593 1.26274065e+01
75.12615347 35.33494015 -42.82041021 1.25940817e+01
75.08879349 35.29230339 -41.95039704 1.25981279e+01
75.12018624 35.47129149 -44.12893453 1.25601102e+01
75.10701452 35.40041307 -43.25708506 1.25850266e+01
74.75048690 35.77834374 -42.83329038 1.25675127e+01
74.66918292 36.00403541 -44.13511956 1.23776640e+01
74.80639677 35.75487300 -43.26493500 1.25465212e+01
74.74402997 35.91497940 -44.13383964 1.24418403e+01
74.58305006 35.84939075 -41.54316343 1.26762920e+01
74.73162623 35.84378904 -43.26773957 1.25120571e+01
74.71348467 35.73645175 -41.96814579 1.26384919e+01
74.90019323 35.60056413 -42.82775550 1.25894981e+01
74.95707673 35.40399439 -41.52073838 1.26181771e+01
74.86385168 35.38515485 -40.23159082 1.26695417e+01
74.86308841 35.55839783 -41.96058156 1.26272805e+01
74.54614646 35.80781399 -40.68485725 1.33492998e+01
74.95629467 35.57734283 -43.25997501 1.25713041e+01
74.93809412 35.46953602 -41.95596742 1.26140755e+01
74.77009029 35.53988274 -40.66798504 1.27205513e+01
74.80711829 35.58185674 -41.52935326 1.26617913e+01
74.63882012 35.82560613 -41.97221837 1.26152978e+01
74.62072397 35.71843068 -40.67925373 1.28488749e+01
74.85108411 35.31414310 -39.39605995 1.26789678e+01
74.99512906 35.27286874 -40.65518032 1.26082882e+01
74.93890459 35.29613437 -40.22760154 1.26260286e+01
75.07654157 35.04778566 -39.38318049 1.25567797e+01
75.16558470 35.03014173 -40.21698743 1.25902437e+01
75.45890578 34.60837381 -39.38061593 1.28326975e+01
75.01419998 35.20728484 -40.22411625 1.25963598e+01
75.07059857 35.18419031 -40.65014984 1.25937357e+01
75.25993258 35.05035167 -41.50349613 1.26295082e+01
75.29879095 34.91938972 -40.64257703 1.26518243e+01
75.24174733 34.94189353 -40.21489050 1.26187024e+01
75.45295964 34.74423009 -40.64432785 1.27917589e+01
75.19550732 34.86594873 -38.97180207 1.25674421e+01
75.18212900 34.79518135 -38.15646298 1.25402498e+01
75.05023817 34.90606605 -37.75400978 1.24886819e+01
74.96912778 35.13102684 -38.97943371 1.25759021e+01
74.78897691 35.47430923 -40.23725399 1.27245159e+01
74.84492719 35.45074524 -40.66244504 1.26748187e+01
74.62725323 35.58171980 -39.41531599 1.30455018e+01
74.75123986 35.26104037 -37.77766025 1.27892757e+01
74.56497753 35.74232372 -40.25477987 1.31338708e+01
74.70175887 35.49243564 -39.40834234 1.28709173e+01
74.63956542 35.65290815 -40.24888451 1.28886005e+01
74.69536447 35.62911608 -40.67357072 1.27746179e+01
74.55281945 35.67107735 -39.42188056 1.37540523e+01
74.58404003 35.50475232 -38.20381688 1.33919488e+01
74.50992520 35.59396240 -38.16545115 1.43811706e+01
74.65822078 35.41561191 -38.19491898 1.30180744e+01
74.59623073 35.57599608 -39.01278590 1.31969845e+01
74.73316440 35.15349738 -36.55983059 1.27765870e+01
74.60274131 35.43928983 -37.79605004 1.32673511e+01
74.78878100 35.12994355 -36.95926443 1.26788523e+01
74.67694196 35.35012147 -37.78645874 1.29693910e+01
74.49191157 35.48695949 -36.83232745 1.42974767e+01
74.80757373 35.06436046 -36.55133574 1.26101412e+01
74.73248999 35.32655384 -38.18635176 1.28353129e+01
75.39339270 34.42373501 -36.93892050 1.28045432e+01
75.25811364 34.70733966 -38.15579948 1.25963775e+01
75.33601290 34.44567797 -36.53277633 1.27065477e+01
75.20137147 34.72971591 -37.74849507 1.25391669e+01
74.82566405 35.17206307 -37.76931758 1.26612320e+01
75.01309512 34.86346352 -36.94231537 1.24464325e+01
74.95701731 34.88653814 -36.53853021 1.24344291e+01
75.03121375 34.97158008 -38.16091045 1.25160167e+01
74.88141716 35.14875480 -38.17141213 1.26139601e+01
74.97512500 34.99455328 -37.75677791 1.25124955e+01
75.10651365 34.88327262 -38.15860282 1.25131094e+01
75.13727646 34.54526356 -35.28971776 1.24326555e+01
74.81952028 35.30866253 -38.99165383 1.26988116e+01
74.80687408 35.23759310 -38.17890709 1.27076678e+01
74.95618518 35.06007670 -38.16498920 1.25497584e+01
74.89421257 35.21976507 -38.98540776 1.26277856e+01
75.77526696 34.26386539 -39.40162292 1.35029105e+01
75.80960965 33.92928417 -36.58583409 1.40838810e+01
75.82071284 34.17357594 -38.99854180 1.37061365e+01
75.99218774 33.87175531 -37.81797028 1.46631638e+01
75.74002635 34.25840143 -38.99199353 1.34634647e+01
75.72569189 34.18809419 -38.17538816 1.35166819e+01
75.66650169 34.20852142 -37.76922270 1.33989939e+01
75.87003508 33.90973236 -36.99444092 1.42635402e+01
75.58733897 34.29428628 -37.76577060 1.31845309e+01
75.54913609 34.25026247 -36.95547944 1.31592241e+01
75.35408252 34.55442738 -37.74757142 1.27137802e+01
75.47092826 34.33677437 -36.94576152 1.29687449e+01
75.43119530 34.46728740 -37.75050099 1.28439152e+01
75.49092150 34.27154620 -36.54482499 1.30431388e+01
76.05880970 33.67978649 -36.65580014 1.54691979e+01
75.88775779 34.01925269 -38.19747465 1.40758161e+01
76.47436446 33.34550769 -37.19470727 2.17275678e+01
76.24825827 33.62784983 -37.89335766 1.66473053e+01
75.95267089 33.82629904 -37.01544931 1.46705157e+01
75.82737614 34.03874603 -37.78314168 1.39270048e+01
75.74648679 34.12331972 -37.77034671 1.36433251e+01
75.80624731 34.10333832 -38.18387095 1.37733130e+01
75.98502648 34.00600124 -39.02445935 1.43240562e+01
76.05396932 33.85337894 -38.23417006 1.48778562e+01
76.22500788 33.69111447 -38.28231841 1.61654416e+01
76.15384157 33.84171418 -39.06116836 1.52528255e+01
75.90235334 34.08941968 -39.01030513 1.39884470e+01
75.90925090 33.95486828 -37.79900235 1.42617935e+01
75.93855135 34.09513153 -39.42214776 1.40335182e+01
75.97030178 33.93590586 -38.21414442 1.44364715e+01
75.95325721 34.16522225 -40.25204119 1.39252823e+01
76.02174584 34.01187443 -39.43537240 1.43731083e+01
76.01458652 34.14610862 -40.68163772 1.40372871e+01
76.10611040 33.92947657 -39.45084645 1.47941805e+01
75.78971338 34.33409957 -40.23506531 1.34436869e+01
75.85641742 34.17915149 -39.41064300 1.37482222e+01
75.58118817 34.42979599 -38.97849279 1.30792581e+01
75.56711996 34.35935277 -38.16581528 1.30985687e+01
75.42525096 34.60314739 -38.97248771 1.27985657e+01
75.48895385 34.44573999 -38.15963190 1.29324275e+01
75.34819263 34.69042949 -38.97212562 1.26959160e+01
75.41145307 34.53257116 -38.15673437 1.27926821e+01
75.37562815 34.83164502 -40.64387795 1.27114946e+01
75.50288654 34.51624952 -38.97399349 1.29264160e+01
75.31829621 34.85390600 -40.21521254 1.26656590e+01
75.38152083 34.69564564 -39.37964840 1.27274369e+01
75.47281761 34.67888187 -40.21642496 1.28344973e+01
75.53690480 34.52151050 -39.38349975 1.29609014e+01
75.55095276 34.59195182 -40.21894351 1.29514819e+01
75.61558943 34.43510607 -39.38913416 1.31163007e+01
75.62977185 34.50547954 -40.22318280 1.30880941e+01
75.64782167 34.61459252 -41.50932831 1.30153448e+01
76.05426477 34.19149515 -41.53688667 1.39556586e+01
76.12107778 33.99942340 -40.27503773 1.46235515e+01
76.13865893 34.10909907 -41.54563832 1.42620468e+01
76.18392938 33.98153586 -40.70590484 1.47831560e+01
76.31118502 33.94713625 -41.56738461 1.51318335e+01
76.38216006 33.75783368 -40.31733270 1.65810612e+01
76.44745900 33.74203338 -40.74444138 1.69734216e+01
76.87993941 33.22597899 -39.21579025 4.65557751e+01
76.73250259 33.38131851 -39.57635557 2.73055514e+01
77.13305417 33.16073683 -40.42410282 9.47664142e+01
76.78491909 33.29915310 -39.20030158 3.30274673e+01
76.81686418 33.43793696 -40.80114935 2.78521893e+01
76.84301849 33.37673219 -40.39087046 3.18574313e+01
76.76502614 33.56066968 -41.62610548 2.23169746e+01
77.07299143 33.08261570 -39.24867708 6.66415654e+01
76.91216752 33.36462379 -40.81384373 3.57232994e+01
77.00853167 33.29234923 -40.82508297 5.23607499e+01
76.95508504 33.41372297 -41.64796132 3.32079111e+01
77.21482340 33.02141343 -39.64109027 3.23972509e+01
77.10580587 33.22099764 -40.83435260 9.10690351e+01
76.69097500 33.37335381 -39.18111370 2.64858686e+01
76.65489454 33.52580787 -40.36401869 2.19117662e+01
77.01914143 33.16258733 -39.62100676 8.49830614e+01
77.13838377 32.83300552 -37.37823207 1.79335959e-02
77.11658310 33.09157770 -39.63174068 7.80045069e+01
77.03546488 33.23181155 -40.41432014 7.75827318e+01
76.56265677 33.60200550 -40.34813703 1.94379989e+01
76.62959611 33.58770583 -40.77468094 2.02940937e+01
76.42542093 33.47034267 -37.95054970 1.94315911e+01
76.54704062 33.53243501 -39.53797912 2.01918072e+01
76.36680104 33.68810837 -39.50301359 1.69767329e+01
76.35832256 33.82082940 -40.73280058 1.60146455e+01
76.27860783 33.76754241 -39.48547102 1.60294749e+01
76.29383891 33.83734430 -40.30443894 1.57338007e+01
76.32771260 33.68130320 -39.09951355 1.68349420e+01
76.45628540 33.60973384 -39.52084887 1.82982095e+01
76.51591921 33.39319745 -37.97506131 2.17682668e+01
76.41659305 33.60266121 -39.11829919 1.80923128e+01
76.67519617 33.30383967 -38.40363037 2.77097345e+01
76.59819963 33.44863173 -39.15790134 2.25019558e+01
76.49910372 33.28325989 -36.82049749 2.31108152e+01
76.40121481 33.53292780 -38.33067749 1.85196743e+01
76.58256440 33.37905199 -38.37766100 2.33368563e+01
76.56583394 33.26910579 -37.22286387 2.51335509e+01
76.38418839 33.42303162 -37.16393804 1.94250407e+01
76.33619259 33.54856457 -37.92194825 1.78048199e+01
76.76900570 33.22971295 -38.42940805 3.51129384e+01
76.84760029 33.04661856 -37.31459055 6.61701179e+01
77.05665253 33.01338150 -38.49012678 1.32927210e+01
77.06780822 32.84312062 -36.99202155 1.44364778e-02
77.08377871 32.95317310 -38.11961478 1.94029571e+00
77.15429248 32.94307186 -38.50542456 1.36749504e+00
76.98662772 33.02405048 -38.10004460 3.87130584e+01
77.04062522 32.90334479 -37.36218091 1.87940108e-01
77.56427194 32.49972638 -37.06561045 3.31036632e+01
77.43566136 32.62640890 -37.42053859 5.60419797e+01
76.92256142 33.23448264 -39.60536049 5.01562874e+01
76.89033916 33.09581495 -38.07845091 6.98676660e+01
77.31375970 32.95200899 -39.64867963 7.91489899e+01
77.28033856 32.81383580 -38.14308641 2.32860278e+01
77.35167628 32.80474688 -38.52489638 6.97370478e+01
77.26930817 32.94266802 -39.26755697 5.68623930e+01
76.97601007 33.15383519 -39.23308483 8.05934794e+01
76.95981543 33.08453402 -38.47067298 7.31605958e+01
77.56858377 32.73812115 -39.29120848 3.49199455e+01
77.86930282 32.30214438 -37.09202347 2.16921859e+01
77.75351818 32.53628526 -38.55630784 2.49613852e+01
77.94312017 32.29626545 -37.46540829 2.05861721e+01
77.57977751 32.61003813 -38.17565780 3.33478476e+01
77.53590041 32.55886891 -37.43167034 3.64630876e+01
77.45128295 32.73662133 -38.53621010 5.45938151e+01
77.63669890 32.49199693 -37.43989458 2.86759524e+01
77.55144711 32.66914868 -38.54365617 3.62627603e+01
77.68072827 32.54345217 -38.18171462 2.74334073e+01
77.66528863 32.43306443 -37.07307759 2.72010440e+01
77.74939698 32.29817478 -36.34741551 2.41121819e+01
77.78230285 32.47761988 -38.18958269 2.40634558e+01
77.85554527 32.47105401 -38.56543050 2.24229982e+01
78.30424786 32.16607006 -38.25534296 1.73489623e+01
78.36636037 32.05398891 -37.54165781 1.69337981e+01
78.19745700 32.22526269 -38.23558672 1.80755624e+01
78.25850689 32.11181660 -37.51884025 1.75454908e+01
77.98780191 32.34882638 -38.20488940 2.02087886e+01
78.04703496 32.23321416 -37.47910416 1.93029318e+01
78.09202653 32.28626840 -38.21767608 1.90045088e+01
78.18240766 32.11459549 -37.14072398 1.80588271e+01
78.38121355 32.16460627 -38.63405354 1.69071121e+01
78.50767631 31.94348316 -37.22035194 1.63317856e+01
78.50948102 32.17795360 -39.39004849 1.63128385e+01
78.82644063 31.95484949 -38.73540208 1.55129065e+01
78.29208683 32.29145641 -39.35130850 1.73705140e+01
78.41251137 32.10892607 -38.27698665 1.67726008e+01
78.40003438 32.23362818 -39.36984365 1.67789683e+01
78.49043253 32.10889774 -38.65638875 1.64172355e+01
78.18557418 32.35125101 -39.33540915 1.81289942e+01
78.27349741 32.22247064 -38.61409641 1.75250502e+01
78.02383305 32.48667457 -39.68935670 1.98225384e+01
78.16721448 32.28229665 -38.59559017 1.83092705e+01
77.97631818 32.47575457 -39.31430760 2.03808256e+01
78.06223769 32.34384033 -38.58069853 1.93157152e+01
77.87324996 32.53996505 -39.30801847 2.21139473e+01
77.95840200 32.40683828 -38.57184469 2.06338547e+01
77.46825048 32.80563639 -39.28499725 5.06358375e+01
77.65217824 32.60235089 -38.55141796 2.89144867e+01
77.47940480 32.67731497 -38.16592253 4.81964388e+01
77.41333056 32.88331781 -39.65750975 7.24685713e+01
77.40223852 33.01185729 -40.85320137 6.68986191e+01
77.66949779 32.67129550 -39.29649187 2.83328860e+01
77.60304593 32.87602143 -40.86210362 3.24515943e+01
77.77102666 32.60520888 -39.30128909 2.45655473e+01
77.63152833 32.81689437 -40.45314387 3.07673957e+01
77.81749710 32.61545652 -39.67715190 2.35396396e+01
77.73304122 32.75023870 -40.45592355 2.60177452e+01
77.92021404 32.55051099 -39.68318912 2.13781916e+01
77.80625056 32.74302687 -40.86851818 2.36159452e+01
77.93812714 32.61941919 -40.46483932 2.09533353e+01
78.36045354 32.37308525 -40.50360939 1.68949756e+01
78.37554106 32.48365272 -41.71875258 1.66140748e+01
78.16217411 32.60367473 -41.70083518 1.79975306e+01
78.05736580 32.66613217 -41.69775233 1.90346593e+01
78.56058289 32.19212988 -39.76607989 1.61341645e+01
78.46940209 32.31604197 -40.51938129 1.63906723e+01
78.32950482 32.42943120 -40.90335804 1.69782781e+01
78.26818440 32.54276579 -41.70772346 1.72139129e+01
78.25297155 32.43217697 -40.48940311 1.75423413e+01
78.23780464 32.59974314 -42.11357427 1.72447133e+01
78.57983723 32.26118084 -40.53674830 1.59944092e+01
78.56264674 32.42647326 -42.14514731 1.57751276e+01
78.22253334 32.48916368 -40.89082965 1.76617122e+01
78.14685696 32.49309764 -40.47813461 1.83791269e+01
78.34465835 32.54000078 -42.12169145 1.66239249e+01
78.25314049 32.71029602 -43.34602892 1.65930311e+01
77.92439603 32.78821987 -42.10529344 2.06511949e+01
77.96913136 32.84034677 -42.93067328 1.94959810e+01
78.59460703 32.37158602 -41.74556831 1.57863728e+01
78.46800367 32.59268635 -43.35592739 1.56972189e+01
77.73565997 33.02971709 -43.34119860 2.36917430e+01
77.95359901 32.72989575 -41.69554969 2.04413769e+01
77.74863649 32.86056955 -41.68860121 2.52719400e+01
77.53394323 33.16389307 -43.33716731 3.23916647e+01
77.76428930 32.97087579 -42.92720998 2.36725635e+01
78.02782771 32.72409110 -42.10848830 1.91516305e+01
77.86632651 32.90514647 -42.92714823 2.12141776e+01
77.93996927 32.89863948 -43.34202699 1.94317955e+01
77.85073276 32.79476575 -41.69077870 2.24113235e+01
77.54634215 32.99445345 -41.68204745 3.69483968e+01
77.70433462 32.80914746 -40.86550550 2.70007373e+01
77.53061889 32.88426893 -40.44829729 3.92925148e+01
77.90888294 32.67777478 -40.87274398 2.13412366e+01
77.83519800 32.68435992 -40.46022721 2.30064483e+01
77.50235757 32.94360637 -40.85792933 4.27643906e+01
77.51812323 33.05376148 -42.09478604 3.82874700e+01
77.43028904 32.95232476 -40.44440654 6.28949311e+01
77.44608827 33.06244688 -41.67946276 4.98317852e+01
77.33054626 33.02105706 -40.43780808 8.94125943e+01
77.24743823 33.20054540 -41.67292344 9.62096575e+01
76.93873960 33.30377381 -40.40404524 4.34116825e+01
76.85950175 33.48666582 -41.63775758 2.64402806e+01
76.39937046 33.86766533 -41.57810859 1.57709014e+01
76.53787304 33.66430547 -40.75905224 1.83288038e+01
76.92857332 33.47456036 -42.06159628 2.84111024e+01
77.21993516 33.26051067 -42.08538364 8.31252770e+01
76.66331347 33.80747093 -43.29645076 1.65943180e+01
76.64643296 33.69759804 -42.03126570 1.83705625e+01
76.83341068 33.54785982 -42.05133390 2.35322444e+01
76.87603089 33.59657908 -42.89183769 2.19564062e+01
76.41662188 33.97747921 -42.85101089 1.49987946e+01
76.48883981 33.78924379 -41.58892560 1.66462248e+01
76.78169942 33.67057077 -42.88439061 1.93634557e+01
76.85000284 33.65776239 -43.31042692 1.97528962e+01
76.59653954 33.82175665 -42.86940822 1.64445286e+01
76.55485668 33.77417738 -42.02062164 1.69790319e+01
77.06794397 33.45172733 -42.90680259 3.21820504e+01
77.31867948 33.19086638 -42.08837244 8.48936982e+01
77.16529121 33.38070106 -42.91220403 4.22264071e+01
77.34643170 33.13112588 -41.67491721 8.30149149e+01
77.23602141 33.37049544 -43.33238433 4.08500117e+01
77.41808246 33.12195260 -42.08979048 5.11897240e+01
77.26347306 33.31054979 -42.91760493 5.19031688e+01
77.33466548 33.30089023 -43.33462190 4.37210258e+01
77.15464443 33.51006191 -44.16415848 2.59785815e+01
77.56212005 33.10461434 -42.92211691 3.26271394e+01
77.04112737 33.51223745 -43.32243764 2.68877580e+01
77.05746681 33.58143727 -44.16096014 2.22181927e+01
77.19840589 33.51890159 -44.58197765 2.36666953e+01
76.94502587 33.58447618 -43.31617136 2.25837435e+01
77.00398147 33.66211636 -44.57877930 1.85530819e+01
76.86604847 33.72710331 -44.15598129 1.76642545e+01
76.96121054 33.65373986 -44.15692189 1.95179490e+01
76.57188300 33.88403048 -43.29048063 1.56969940e+01
76.40827416 34.11016921 -44.13922554 1.41262565e+01
76.48175983 33.96170873 -43.28525763 1.50561939e+01
76.35916149 34.19645091 -44.56754056 1.37361774e+01
76.44747066 34.11685910 -44.57168498 1.39660605e+01
76.49725860 34.03135764 -44.14370001 1.44666615e+01
76.58751135 33.95359824 -44.14415989 1.49169641e+01
76.72013542 33.88450622 -44.57336329 1.51723497e+01
76.62790739 33.96081242 -44.57214486 1.46438558e+01
77.25266585 33.43956240 -44.16530220 3.01383672e+01
77.29691007 33.44863343 -44.58332456 2.64466601e+01
77.39613702 33.37914681 -44.58409910 2.74113335e+01
77.49605315 33.31042541 -44.58411670 2.58841498e+01
77.43397933 33.23202487 -43.33476807 3.92217132e+01
77.59659133 33.24241357 -44.58355541 2.32333023e+01
77.55109988 33.23281273 -44.16767211 2.69811680e+01
77.65182784 33.16532037 -44.16843659 2.36653388e+01
78.07282973 32.77664333 -42.93334850 1.82595409e+01
77.85518115 33.03257778 -44.16962294 1.93256148e+01
77.83745833 32.96374761 -43.34051550 2.11861101e+01
77.75318672 33.09856887 -44.16968155 2.11498819e+01
77.35147789 33.36990520 -44.16742366 3.22516038e+01
77.45095466 33.30098291 -44.16821581 3.06562480e+01
78.00517566 32.97797863 -44.58577133 1.68833446e+01
78.17755470 32.71422550 -42.93274960 1.73569354e+01
78.32082796 32.79101073 -44.58660941 1.53551233e+01
78.28346210 32.65332804 -42.93571547 1.66821240e+01
78.16603513 32.84054204 -44.17233498 1.64021138e+01
78.14767681 32.77172077 -43.34566507 1.72677934e+01
78.35987781 32.65054360 -43.35000610 1.60844866e+01
78.27172060 32.77912813 -44.17239483 1.58975258e+01
78.48703439 32.66155294 -44.17749119 1.52363266e+01
78.57756668 32.53688194 -43.36296459 1.53993858e+01
78.59681790 32.60576145 -44.18107057 1.50208525e+01
78.21447392 32.85188123 -44.58578543 1.57170715e+01
78.06147589 32.90339062 -44.17232088 1.70865694e+01
78.64813636 32.61972297 -44.59150410 1.47365228e+01
78.10930870 32.91428249 -44.58654955 1.62100745e+01
78.75999619 32.56671631 -44.59591127 1.46294966e+01
79.17632848 32.23326362 -43.01260696 1.47921738e+01
79.16270644 32.35386707 -44.20411846 1.45700026e+01
79.21647013 32.36996238 -44.60308452 1.44661519e+01
79.63465525 32.04390733 -43.04283626 1.48062235e+01
79.78853709 32.12857153 -44.60969982 1.45961855e+01
80.01349676 32.02631296 -44.60908592 1.46893363e+01
79.73479461 32.11432844 -44.21901749 1.46542031e+01
79.44637939 32.27495603 -44.60654608 1.44904064e+01
79.37225582 32.19130709 -43.42145350 1.46970484e+01
79.56094282 32.22692574 -44.60809844 1.45188090e+01
79.27757958 32.30654510 -44.20806774 1.45593935e+01
79.39241327 32.25925285 -44.21152929 1.45655352e+01
78.70798454 32.55205030 -44.18741537 1.48588537e+01
79.04803344 32.40163270 -44.20045234 1.46008578e+01
79.14266096 32.28540073 -43.40697300 1.47322505e+01
79.10153989 32.41765526 -44.60103394 1.44755091e+01
78.94722300 32.32862254 -42.99252962 1.49363008e+01
78.98696004 32.46604426 -44.59941840 1.45030521e+01
78.82039402 32.50031122 -44.19380532 1.47399573e+01
78.93383274 32.45029654 -44.19731244 1.46559450e+01
79.02808854 32.33298502 -43.39912723 1.47879594e+01
79.04758714 32.17097798 -41.80836378 1.50247175e+01
79.12881924 32.17603539 -42.21479420 1.49145245e+01
79.06156858 32.28053832 -43.00256337 1.48475367e+01
78.91402129 32.38152539 -43.39174877 1.48752977e+01
79.01400386 32.22334379 -42.20176692 1.49908658e+01
78.67378799 32.37289667 -42.15872551 1.54884812e+01
78.60944532 32.48196469 -42.95916648 1.54720836e+01
78.80476582 32.15785746 -40.57611813 1.54510059e+01
78.78621052 32.32136336 -42.17384683 1.52702843e+01
78.99998915 32.11367697 -41.00650891 1.51400174e+01
78.93300577 32.21880377 -41.79345676 1.51355599e+01
79.73559499 31.88697704 -41.87372724 1.50057877e+01
80.14974932 31.50549156 -39.92824807 1.55042958e+01
79.46072035 31.92702144 -41.06605248 1.50028811e+01
79.47373760 32.03552563 -42.24859786 1.48671132e+01
79.82756395 31.99764130 -43.44032483 1.48173039e+01
79.81511318 31.88978459 -42.26670323 1.49842362e+01
79.74813745 31.99492946 -43.04701941 1.48475945e+01
79.70196773 31.93935879 -42.26305566 1.49351018e+01
79.52058969 32.09199407 -43.03730944 1.47767490e+01
79.58813557 31.98787900 -42.25586696 1.48943222e+01
79.71459739 32.04736020 -43.43647446 1.47726287e+01
79.62117124 32.16339299 -44.21741611 1.46157582e+01
79.84778298 32.06431216 -44.22046221 1.46986045e+01
79.96004270 32.01321697 -44.21984830 1.47461209e+01
79.60098121 32.09609524 -43.43347774 1.47352161e+01
79.50700304 32.21163572 -44.21464452 1.45853177e+01
80.72154679 31.39463916 -41.74458400 1.53633332e+01
80.41285790 31.67750532 -43.01760388 1.51373396e+01
80.40021192 31.56855390 -41.82478890 1.53089818e+01
80.27177276 31.78761584 -43.42629456 1.50153696e+01
80.30406481 31.73316804 -43.02940307 1.50966105e+01
80.61504914 31.45335631 -41.77485131 1.53546833e+01
80.25938879 31.67928038 -42.24462086 1.51945343e+01
80.08411712 31.84132016 -43.04359171 1.49996775e+01
80.29165003 31.62469411 -41.84443096 1.52711748e+01
80.19449741 31.78780096 -43.03793517 1.50504648e+01
80.52095169 31.62094264 -43.00222961 1.51718887e+01
80.62842618 31.56360915 -42.98615880 1.51985306e+01
80.03898069 31.78700691 -42.26165365 1.50939923e+01
80.17001161 31.57152200 -40.67661910 1.53989069e+01
80.81333291 31.22358068 -40.47838304 1.54815530e+01
80.69066120 31.45120511 -42.16111306 1.53077451e+01
80.88843276 31.22090071 -40.86354684 1.54289520e+01
80.82762821 31.33545424 -41.71326217 1.53638522e+01
80.93345952 31.27602421 -41.68116107 1.53580053e+01
81.09935677 31.10107572 -40.79135833 1.53910727e+01
81.13071242 31.32908713 -43.31699356 1.52096035e+01
81.76017844 30.87551422 -42.01224230 1.53645839e+01
80.94833977 31.38871879 -42.92690982 1.52410315e+01
81.00903379 31.27413705 -42.07843001 1.53133080e+01
80.79703010 31.39242200 -42.13383464 1.53155072e+01
80.70436854 31.56196355 -43.37949064 1.51542456e+01
81.69828290 30.98857086 -42.85966381 1.53125516e+01
81.90166808 30.76710185 -41.60677092 1.54399434e+01
81.31699559 31.35171807 -44.57420650 1.51184601e+01
81.16092939 31.27163133 -42.89024082 1.52493428e+01
80.94083795 31.51340281 -44.17157825 1.50929087e+01
81.02427008 31.38737110 -43.33144695 1.52005578e+01
80.88748437 31.58222574 -44.58773401 1.50165811e+01
80.91782509 31.44573700 -43.34713950 1.51893680e+01
80.83373493 31.57123957 -44.17988601 1.50695977e+01
80.81123601 31.50399500 -43.36322723 1.51741481e+01
80.56371485 31.75377368 -44.59910605 1.49157705e+01
80.59709718 31.61946926 -43.39380363 1.51286198e+01
80.45492459 31.80992401 -44.60287694 1.48753700e+01
80.48929911 31.67633681 -43.40628638 1.50965921e+01
80.40176580 31.79855408 -44.20796838 1.49355609e+01
80.38088366 31.73242835 -43.41839194 1.50587764e+01
80.07157985 31.96108152 -44.21763925 1.47957361e+01
80.18235330 31.90786937 -44.21586838 1.48444907e+01
80.34557518 31.86536779 -44.60509144 1.48318379e+01
80.23558069 31.91996609 -44.60731505 1.47858340e+01
80.61867554 31.68600727 -44.19498347 1.50115741e+01
80.77989300 31.63977819 -44.59215200 1.49863785e+01
80.67200427 31.69700962 -44.59587741 1.49529179e+01
81.04780982 31.45547416 -44.16394261 1.51132873e+01
81.10218715 31.46672570 -44.58009836 1.50696029e+01
81.20951780 31.40907733 -44.57685750 1.50939300e+01
81.64124336 31.18271241 -44.57173924 1.52009454e+01
81.99655331 30.88632723 -43.30927060 1.54041619e+01
81.42471807 31.29478539 -44.57222896 1.51435110e+01
81.58483429 31.17013060 -44.14298173 1.52158113e+01
82.02832884 30.83108928 -42.89088565 1.54433096e+01
81.23729692 31.27108089 -43.30440963 1.52182346e+01
81.15476958 31.39761509 -44.15695586 1.51319989e+01
81.69342550 31.11501008 -44.14403602 1.52449107e+01
82.81453548 30.62576703 -44.20330628 1.63506428e+01
81.48174039 31.09926946 -42.85912611 1.52705654e+01
81.36915231 31.28279079 -44.14643546 1.51694763e+01
81.80258267 31.06081428 -44.14591141 1.52796898e+01
82.21945789 30.78644589 -43.33512993 1.55319894e+01
81.96997016 31.02107207 -44.57712178 1.53160963e+01
82.25199470 30.73244908 -42.92520034 1.55854526e+01
81.91234544 31.00762561 -44.15073641 1.53204736e+01
82.69957729 30.66918826 -44.19735544 1.58126975e+01
82.08081806 30.96933959 -44.57945363 1.53646304e+01
82.13392319 30.90474651 -44.16164825 1.54223920e+01
81.85980150 31.07396240 -44.57361463 1.52729122e+01
82.19232708 30.91876802 -44.58219462 1.54183864e+01
82.30450627 30.86940814 -44.58643784 1.54785136e+01
82.99086038 30.59935293 -44.60647590 1.96018485e+01
82.87510617 30.64147879 -44.60296008 1.94691482e+01
82.75982379 30.68466220 -44.60034620 1.72350517e+01
83.25218770 30.39627268 -43.44692290 1.75884309e+01
83.36892312 30.35751684 -43.45469852 1.98084333e+01
83.51251383 30.38453490 -44.23174624 1.97745020e+01
83.45748687 30.43955769 -44.61530425 1.95865502e+01
83.13569723 30.43568110 -43.43709520 1.64462188e+01
83.22358134 30.51795344 -44.61076187 1.95965415e+01
82.92997020 30.58340349 -44.20943597 1.69362288e+01
83.04585195 30.54206610 -44.21532550 1.96209424e+01
82.59258004 30.59420210 -42.97847152 1.58913564e+01
82.70730304 30.55057682 -42.99420248 1.60185875e+01
82.64507069 30.72898387 -44.59700924 1.74442154e+01
82.58518288 30.71380545 -44.18995368 1.70613204e+01
82.55893501 30.64623741 -43.37766914 1.58046380e+01
82.41738914 30.82135503 -44.58991429 1.55446916e+01
82.33195515 30.73842435 -43.34861716 1.56117566e+01
82.24572215 30.85509777 -44.16863245 1.54846475e+01
82.53092440 30.77455820 -44.59294444 1.56167169e+01
82.35821501 30.80672751 -44.17635213 1.55546392e+01
82.47139220 30.75965873 -44.18285873 1.56327097e+01
82.47843077 30.63903794 -42.95989028 1.57765022e+01
83.00768154 30.36671315 -42.24941174 1.66090269e+01
82.54553447 30.53456630 -42.16242159 1.59498247e+01
82.93821670 30.46658722 -43.02636155 1.63033266e+01
83.12419623 30.32707416 -42.26792478 1.67957201e+01
83.16211097 30.50163225 -44.21961148 1.97367494e+01
83.34041222 30.47843111 -44.61340385 1.95930475e+01
83.27867017 30.46195552 -44.22416572 1.96880082e+01
83.39549784 30.42297974 -44.22870810 1.97643230e+01
83.28736635 30.34728126 -43.06215145 1.88116440e+01
83.70963732 30.13694027 -42.32386279 1.82361089e+01
83.40425254 30.30884122 -43.07147243 1.95185822e+01
83.60288721 30.28144575 -43.46685800 2.01191305e+01
83.15929264 30.27787040 -41.88414799 1.69863115e+01
83.05429390 30.42604658 -43.03868305 1.64565774e+01
82.78825766 30.55889539 -43.40341574 1.60400956e+01
82.89149913 30.40717945 -42.23054446 1.64278953e+01
82.82253726 30.50807275 -43.01060547 1.61568686e+01
82.90366720 30.51687316 -43.41697190 1.61706666e+01
82.67332230 30.60197860 -43.39110226 1.59173906e+01
82.66036029 30.49099998 -42.18566377 1.60951185e+01
82.64741142 30.38002662 -40.98538635 1.62825169e+01
82.57933425 30.48276592 -41.76651361 1.60459516e+01
82.44513413 30.69171055 -43.36208911 1.57024750e+01
82.43127539 30.57933379 -42.13855423 1.58208999e+01
82.23736551 30.61891668 -41.68114903 1.56679224e+01
82.30333114 30.51226699 -40.88008229 1.58048928e+01
81.98088272 30.77140700 -42.04232324 1.54612712e+01
82.10967320 30.55276420 -40.40595146 1.56440810e+01
81.46516601 30.98358516 -41.57483228 1.53265092e+01
81.91277645 30.51725902 -39.18993023 1.55483059e+01
81.79134294 30.81926713 -41.59045611 1.53935262e+01
81.88580971 30.65185987 -40.34638023 1.54866740e+01
81.80756936 30.93485471 -42.86758307 1.53458655e+01
82.01280865 30.71633750 -41.62989850 1.55006268e+01
82.13980978 30.78112663 -42.90742892 1.55076637e+01
82.09240671 30.72138547 -42.06550475 1.55290168e+01
81.77651008 30.99118545 -43.29088210 1.53153006e+01
81.87013480 30.82278937 -42.02487744 1.54059348e+01
82.10765752 30.83576100 -43.32038507 1.54629355e+01
82.02278960 30.95558803 -44.15657541 1.53676833e+01
81.37437904 31.15605114 -42.86524419 1.52596877e+01
81.26184146 31.33999521 -44.15106400 1.51501760e+01
81.54256070 30.98470537 -42.00006073 1.53145621e+01
81.45141975 31.15663442 -43.28840759 1.52415157e+01
81.32777601 31.09833471 -42.01584637 1.53009678e+01
81.34416416 31.21354608 -43.29451456 1.52282103e+01
81.68182593 30.87277644 -41.57866091 1.53597386e+01
81.66751640 31.04532469 -43.28643235 1.52835514e+01
81.65098938 30.92950243 -42.00278338 1.53346053e+01
81.58968043 31.04339545 -42.85708304 1.52880219e+01
81.22120111 31.15640978 -42.03161193 1.53029827e+01
81.26747613 31.21355524 -42.87563123 1.52533252e+01
81.43485849 31.04104184 -42.00505150 1.53038918e+01
81.52600302 30.86889735 -40.72281647 1.53593234e+01
81.25128624 31.09868409 -41.60109744 1.53287976e+01
81.34153839 30.92532012 -40.31401432 1.53752674e+01
81.35793499 31.04069027 -41.58493516 1.53244740e+01
81.41834523 30.92543967 -40.72733276 1.53548757e+01
81.57310341 30.92756607 -41.57252961 1.53376765e+01
81.66541885 30.75697047 -40.30828145 1.53983350e+01
81.53090219 30.74192000 -39.49918254 1.53955115e+01
81.74389669 30.75983109 -40.73827262 1.54067828e+01
81.20515374 31.04172922 -40.76327280 1.53729641e+01
81.21062880 30.91478641 -39.54035912 1.54276741e+01
81.44863981 30.86789102 -40.30284807 1.53707621e+01
81.63950473 30.68709589 -39.50585512 1.54124209e+01
81.55657564 30.81172596 -40.30129289 1.53778385e+01
81.63451226 30.81366882 -40.72688355 1.53762769e+01
81.58291192 30.67399190 -39.12234687 1.54124014e+01
82.03069260 30.34461931 -38.12265833 1.57252344e+01
82.42473955 30.34655984 -39.74602218 1.60823340e+01
82.18990086 30.55893544 -40.84330125 1.56891580e+01
82.31026538 30.39083129 -39.70197395 1.59154676e+01
82.07719795 30.60700109 -40.81180466 1.55921681e+01
82.47949438 30.28687817 -39.40528685 1.62362570e+01
82.33659137 30.45940611 -40.48286815 1.58806703e+01
82.25067384 30.37477894 -39.31356151 1.58757148e+01
81.99733319 30.60157563 -40.37500164 1.55559830e+01
82.88774198 30.18085726 -39.90813842 1.70580923e+01
82.53215293 30.42289790 -40.94976409 1.61007369e+01
82.53978067 30.30350740 -39.78989041 1.62796844e+01
82.45106089 30.41475764 -40.52063327 1.60335610e+01
81.77516604 30.70366765 -40.32329760 1.54340994e+01
81.85414522 30.70741626 -40.75737456 1.54525765e+01
82.79770881 30.28787928 -40.63064978 1.66398373e+01
82.69448531 30.43982529 -41.79454404 1.62080158e+01
82.91412446 30.24760906 -40.66306834 1.68867979e+01
82.81012000 30.39797213 -41.82082183 1.63862430e+01
82.99586291 30.25760137 -41.07459309 1.69431782e+01
82.92616974 30.35709358 -41.84258683 1.65784721e+01
83.03087351 30.20817633 -40.69229254 1.71491899e+01
83.04258464 30.31710647 -41.86474589 1.67795162e+01
83.22974948 30.17997829 -41.11987797 1.74388694e+01
83.27623591 30.23926986 -41.89963328 1.71964463e+01
83.34698966 30.14200428 -41.13910485 1.76949460e+01
83.39336438 30.20119912 -41.91531687 1.74088730e+01
83.14788409 30.16943587 -40.71721980 1.74203334e+01
83.64553347 29.89987284 -39.70835957 1.98238747e+01
83.26509896 30.13126892 -40.74013677 1.76992428e+01
83.81670612 29.99293273 -41.18411739 1.88365247e+01
83.47322973 29.99083897 -40.03819247 1.87358280e+01
83.41980172 29.85983640 -38.65944963 1.99297439e+01
83.49993046 30.05618833 -40.77556858 1.82897094e+01
83.70805122 29.91702765 -40.06418854 1.96302016e+01
83.17672322 30.04802269 -39.63200576 1.80807805e+01
82.59473714 30.24474247 -39.45088413 1.64686729e+01
83.00444950 30.14174883 -39.94286638 1.73685434e+01
82.87933423 30.29749461 -41.04639623 1.67068177e+01
82.94304439 30.12442604 -39.57023701 1.73667965e+01
82.76316501 30.33827095 -41.01711775 1.64853441e+01
82.77135814 30.22078839 -39.87179506 1.67698843e+01
82.68167875 30.32907964 -40.59741071 1.64123930e+01
82.71046484 30.20372178 -39.49362696 1.67369042e+01
82.71852603 30.08605698 -38.44157551 1.70924414e+01
82.08337127 30.48353282 -39.61552113 1.56616920e+01
82.56833422 30.17682073 -38.72780522 1.65693322e+01
82.83486659 30.04685098 -38.48912483 1.74882082e+01
82.80016031 30.09648107 -38.82084487 1.72240713e+01
82.82266524 29.93711487 -37.45199388 1.80455326e+01
82.90461173 29.94825392 -37.83177028 1.82084828e+01
82.82658891 30.16365588 -39.53261159 1.70384776e+01
82.95150476 30.00842332 -38.53445674 1.79268559e+01
83.13881106 29.87353139 -37.91891765 1.93720807e+01
83.03328480 30.01944491 -38.90278206 1.80269824e+01
83.26721259 29.94468866 -38.96342446 1.89115940e+01
83.18541594 29.93335610 -38.60638053 1.88852635e+01
83.06838062 29.97064982 -38.57308966 1.83965031e+01
83.05978256 30.08593895 -39.60394483 1.77180025e+01
82.70596036 29.97568819 -37.39793572 1.75139900e+01
82.48699192 30.16728474 -38.33899277 1.64489274e+01
82.91658573 30.05759863 -38.86299014 1.76087671e+01
83.05682186 29.86201866 -37.55245310 1.92905747e+01
82.55523801 30.06554569 -37.66734471 1.68337592e+01
82.45309620 30.21858131 -38.67746811 1.63108667e+01
82.24324763 30.13997015 -37.14220959 1.61547562e+01
82.37195423 30.20958520 -38.28319932 1.62063693e+01
82.20988371 30.19236473 -37.48187930 1.60426260e+01
82.43957699 30.10659694 -37.60781475 1.65063846e+01
82.25749001 30.25313957 -38.22738661 1.60097350e+01
82.33838221 30.26151438 -38.62473496 1.60949498e+01
81.54084725 30.48830046 -37.22849797 1.55039862e+01
81.75975177 30.38242738 -37.27450465 1.55753274e+01
82.09605824 30.23740354 -37.42278840 1.58924900e+01
82.11090175 30.35146920 -38.52429430 1.57783571e+01
81.98302253 30.28401177 -37.36722972 1.57543377e+01
82.22428546 30.30576499 -38.57397829 1.59204636e+01
81.88653070 30.44748213 -38.43529712 1.55748910e+01
81.99828770 30.39867693 -38.47605573 1.56643435e+01
81.91850486 30.39269812 -38.07504993 1.56248221e+01
81.97106338 30.53206689 -39.57959579 1.55727094e+01
82.14371136 30.29812229 -38.17473130 1.58534095e+01
82.13726755 30.42079081 -39.26724434 1.57440582e+01
81.80726019 30.44248603 -38.03715211 1.55489322e+01
81.85961066 30.58214777 -39.54836446 1.54979661e+01
81.77573350 30.49799249 -38.40172037 1.55083823e+01
81.80185120 30.56787338 -39.15829961 1.54839312e+01
81.69704333 30.49405029 -38.00687698 1.54964131e+01
81.69188761 30.62012567 -39.13478711 1.54385581e+01
81.26194010 30.84473780 -39.14956094 1.54274400e+01
81.47989361 30.60251359 -37.98280445 1.54572744e+01
81.15661794 30.90410877 -39.18024569 1.54571030e+01
81.26717127 30.71769435 -38.01471651 1.54889293e+01
81.34307300 30.71714350 -38.37587080 1.54466230e+01
81.32674721 30.60163647 -37.24269517 1.55196103e+01
81.43320411 30.54408604 -37.22715711 1.55022207e+01
81.55723229 30.60418762 -38.36287779 1.54406621e+01
81.16221888 30.77731448 -38.04976934 1.55251192e+01
81.22136356 30.66073002 -37.27296016 1.55516873e+01
81.37301855 30.65935185 -37.99218870 1.54654123e+01
81.44962308 30.65987202 -38.36317823 1.54355916e+01
81.58790222 30.54738972 -37.98760385 1.54668364e+01
81.66595176 30.55022767 -38.37600492 1.54643594e+01
81.01903369 30.65568130 -36.24210998 1.57854956e+01
79.99944067 31.42691296 -38.55096649 1.56770798e+01
80.85057782 30.96081076 -38.20902432 1.56785470e+01
80.90977320 30.84441946 -37.43366012 1.57119058e+01
80.64275132 31.08346775 -38.32874083 1.57752209e+01
80.83612329 30.84836454 -37.11248104 1.58098019e+01
80.40122991 31.25924500 -38.79750831 1.57490973e+01
80.32590472 31.26146592 -38.47552867 1.58137295e+01
79.69076352 31.33985428 -36.49781218 1.58853616e+01
79.73044427 31.47359631 -37.87097536 1.56056836e+01
80.28202000 31.20808377 -37.79125518 1.59415356e+01
80.20617671 31.20976055 -37.46922301 1.60144736e+01
79.85510682 31.53174243 -38.89964806 1.55041564e+01
80.06491170 31.31936097 -37.84971051 1.58645469e+01
80.49440455 31.09059260 -37.69488797 1.59281915e+01
80.38876012 31.15002919 -37.74804047 1.59465466e+01
79.92839000 31.61171708 -39.94884740 1.53811534e+01
79.88833901 31.47882212 -38.55784511 1.56002196e+01
80.09700438 31.49353745 -39.58079028 1.55382705e+01
80.07689127 31.42742083 -38.88368565 1.56481865e+01
80.63370725 31.20701659 -39.41535327 1.56287113e+01
80.61235956 31.14056218 -38.70454600 1.57275681e+01
80.82080804 31.01873927 -38.59278704 1.56492447e+01
80.74685542 31.02233911 -38.26902663 1.57310231e+01
81.11690206 30.72111718 -37.31614619 1.55961135e+01
80.92460123 30.95740441 -38.53687325 1.56006782e+01
81.04250719 30.72392222 -36.97959138 1.56770779e+01
81.01313270 30.78247088 -37.37091800 1.56504816e+01
80.94744646 31.02501709 -39.26412102 1.55335265e+01
81.05186539 30.96430747 -39.21916488 1.54926574e+01
80.68588679 31.21671120 -39.75571247 1.55856430e+01
80.71680962 31.07989664 -38.64927786 1.56926049e+01
80.58032137 31.27654653 -39.80161157 1.55944626e+01
80.67702303 31.34042783 -40.94232712 1.54495886e+01
80.89571500 31.09560406 -39.65750949 1.55307319e+01
80.78288889 31.28083251 -40.90342511 1.54433800e+01
80.79094811 31.15630554 -39.70642840 1.55593211e+01
80.70776684 31.28358895 -40.52174070 1.54990652e+01
80.47405630 31.33554477 -39.84266215 1.55956492e+01
80.57065518 31.39944540 -40.97855232 1.54460550e+01
80.49508397 31.40181833 -40.59971234 1.54961609e+01
80.50798107 31.51139173 -41.80268699 1.53364448e+01
80.18221821 31.67967421 -41.85818442 1.52253860e+01
80.24707864 31.57091985 -41.05934756 1.53665414e+01
79.91521112 31.73118385 -41.08883952 1.52037179e+01
79.92746546 31.83901174 -42.26408542 1.50381719e+01
80.36693931 31.39348246 -39.87886715 1.55803772e+01
80.46361933 31.45765304 -41.01133745 1.54310583e+01
80.27930916 31.51619519 -40.65681716 1.54426485e+01
80.35579221 31.51486460 -41.03826436 1.54049248e+01
80.03958940 31.55935138 -39.94264551 1.54476114e+01
80.13741280 31.62568991 -41.07526605 1.53195835e+01
79.94844770 31.67803141 -40.69556593 1.52821845e+01
80.02678918 31.67912454 -41.08439584 1.52634241e+01
80.42187610 31.32528630 -39.50111759 1.56407077e+01
80.50722967 31.20043422 -38.75426248 1.57485657e+01
80.18612379 31.37287431 -38.86244655 1.56995144e+01
80.10941799 31.37336494 -38.53256894 1.57415840e+01
79.35966894 31.85410348 -39.91022675 1.51068065e+01
79.62936021 31.63003762 -38.88961373 1.53396243e+01
79.49469591 31.87517829 -40.67548612 1.50581039e+01
79.72311976 31.77899956 -40.69506572 1.51555254e+01
79.42069408 31.79158676 -39.56297604 1.51512778e+01
79.26433986 31.96836417 -40.64780182 1.50401176e+01
79.70311329 31.71213156 -39.94637881 1.52420448e+01
79.80273020 31.78190257 -41.08975188 1.51428039e+01
79.60922711 31.82759045 -40.68693746 1.51005899e+01
79.68940528 31.83133221 -41.08624549 1.50849219e+01
79.83622294 31.72918229 -40.69678054 1.52183842e+01
79.84853351 31.83704297 -41.87390765 1.50588284e+01
79.37967004 31.92199359 -40.66302055 1.50360497e+01
79.39283072 32.03069741 -41.84739857 1.49104877e+01
79.14892681 32.01468477 -40.63124996 1.50777000e+01
79.16259300 32.12398674 -41.82207262 1.49544653e+01
78.65912001 32.26259263 -40.95165493 1.57073252e+01
78.70625943 32.31876013 -41.76172551 1.55058075e+01
79.01381706 31.99268355 -39.85452506 1.52310488e+01
78.77174506 32.21123348 -40.97066047 1.54592387e+01
78.78514970 32.08887407 -39.80906532 1.55526785e+01
78.69168005 32.20850074 -40.55668765 1.56861230e+01
79.07523722 31.92945517 -39.50715647 1.51954660e+01
78.91885846 32.10895942 -40.59546317 1.52759559e+01
79.19042328 31.88346222 -39.52779336 1.51437364e+01
79.31967526 31.71792569 -38.50252533 1.52264127e+01
79.12899460 31.94620131 -39.87474809 1.51482752e+01
79.03367546 32.06139232 -40.61376538 1.51539819e+01
78.73266176 32.07321510 -39.43416290 1.56648713e+01
78.85972866 31.90215678 -38.39110229 1.54785337e+01
78.84606919 32.02386391 -39.45802274 1.54520560e+01
78.94059093 31.90718542 -38.76552837 1.53519530e+01
78.62039858 32.12450658 -39.41154175 1.59476537e+01
78.74608167 31.95079201 -38.35910357 1.56836109e+01
78.96035798 31.97609513 -39.48333625 1.52963062e+01
79.08919221 31.80893103 -38.45534176 1.52507847e+01
79.30565432 31.83764883 -39.54644873 1.51294572e+01
79.43466766 31.67211491 -38.52253526 1.52700618e+01
79.74267782 31.58158730 -38.89840017 1.54230065e+01
79.64937701 31.69726854 -39.58810725 1.52590063e+01
79.77619456 31.52915612 -38.55768784 1.55115609e+01
79.76269250 31.64848066 -39.59501995 1.53311106e+01
79.40067674 31.72365772 -38.86063227 1.52131051e+01
79.50265782 31.56892216 -37.84720706 1.54065683e+01
79.28565999 31.76940295 -38.84109107 1.51858382e+01
79.38778766 31.61499779 -37.82746718 1.53262531e+01
79.54920151 31.62557405 -38.53866814 1.53386941e+01
79.61693422 31.52187933 -37.86307955 1.55034529e+01
79.20443801 31.76338707 -38.47988159 1.52169853e+01
79.27252197 31.66044882 -37.80405001 1.52738755e+01
78.97419588 31.85502565 -38.42555032 1.53364402e+01
79.04173000 31.75116623 -37.74772936 1.52938967e+01
78.71320291 32.00415018 -38.70682180 1.57366369e+01
78.92671897 31.79737303 -37.71333548 1.53864157e+01
78.63352891 32.00132083 -38.32886513 1.59585095e+01
78.81234089 31.84479703 -37.67381322 1.55396078e+01
78.73185995 31.84059109 -37.29568094 1.56942984e+01
78.47573859 31.99835737 -37.56918510 1.64502864e+01
78.54820843 31.80658530 -36.17243755 1.61267372e+01
78.22142411 31.97360552 -36.06591291 1.76306218e+01
78.84572659 31.79217300 -37.33602445 1.54959402e+01
78.77324467 31.70652998 -36.26164029 1.55783567e+01
79.07566222 31.69947478 -37.40903213 1.52969299e+01
79.55734848 31.31997675 -35.79641961 1.58893669e+01
79.19115568 31.65422554 -37.43970640 1.52855671e+01
79.51679508 31.44984834 -36.82173821 1.55907703e+01
79.30664323 31.60906386 -37.46708888 1.53219042e+01
79.57721856 31.38742043 -36.48733414 1.57427876e+01
79.42188244 31.56354166 -37.49031736 1.53947714e+01
79.63092190 31.40285340 -36.83598479 1.57214126e+01
79.53665195 31.51726083 -37.50996668 1.54922431e+01
79.80335390 31.29074501 -36.50325613 1.60156393e+01
79.65076291 31.46990262 -37.52350173 1.56021687e+01
79.85648512 31.30451567 -36.84542587 1.59679640e+01
79.47705809 31.31458597 -35.43895775 1.58608821e+01
79.40201380 31.49576113 -36.80002370 1.54715606e+01
79.21293264 31.45537955 -35.72050288 1.54386761e+01
79.28677646 31.54093109 -36.77435771 1.53788563e+01
79.01634248 31.49302100 -35.30809028 1.53689122e+01
79.17131199 31.58577504 -36.74459883 1.53246309e+01
78.94070758 31.67635678 -36.67353764 1.53846754e+01
78.82611776 31.72308438 -36.63238400 1.55163088e+01
78.59980670 31.82172573 -36.54431978 1.60091913e+01
78.52910045 31.73735029 -35.44618306 1.61502736e+01
78.66010530 31.75549835 -36.21602383 1.58135327e+01
78.64079839 31.68625539 -35.49574636 1.58277761e+01
78.88737337 31.65935138 -36.30707029 1.54227500e+01
79.05586703 31.63075336 -36.71048913 1.53239673e+01
79.00219809 31.61351185 -36.34656163 1.53425309e+01
79.11742918 31.56851722 -36.38332166 1.53315111e+01
78.67362323 31.63295379 -35.15307082 1.57384755e+01
78.77317458 31.47463228 -34.04587275 1.54983087e+01
78.90137168 31.53826179 -35.26074462 1.54052800e+01
78.98246574 31.54454094 -35.64303724 1.53619841e+01
78.75376384 31.63731918 -35.54784012 1.55889474e+01
78.85401992 31.48027816 -34.48891568 1.54252255e+01
78.81502978 31.34196294 -32.87788891 1.54345096e+01
78.62663163 31.57587731 -34.36752133 1.57796069e+01
79.09880608 31.27053862 -33.42588352 1.56336057e+01
78.96896857 31.43485080 -34.54441059 1.53964151e+01
79.34960592 31.25105192 -34.29662610 1.59609397e+01
79.73210345 30.98234125 -33.21436723 1.74385860e+01
80.22114687 30.78016189 -33.45513321 1.75312973e+01
79.93418286 30.81399085 -32.42074321 1.83269531e+01
79.31538880 31.30210733 -34.67202548 1.57841046e+01
79.36226430 31.35977205 -35.41469100 1.56765395e+01
79.24705136 31.40426918 -35.38518254 1.55203700e+01
79.32815066 31.41091688 -35.75097558 1.55608083e+01
79.65882500 31.16468529 -34.73817424 1.64471172e+01
79.59121834 31.26833337 -35.45619298 1.60519405e+01
79.81685205 31.17140035 -35.46774547 1.63848347e+01
79.80499646 31.06342634 -34.36254522 1.68682637e+01
79.46291413 31.43373193 -36.46868493 1.56009547e+01
79.44303011 31.36591603 -35.77681900 1.57179820e+01
79.74421611 31.35450010 -36.84440760 1.58507247e+01
79.78352832 31.22403381 -35.81418674 1.62065308e+01
80.14615373 31.01197851 -35.39807627 1.66366845e+01
80.24114098 30.84610844 -34.22517180 1.71179917e+01
80.18609916 31.14384293 -36.77799031 1.61816726e+01
80.35864810 30.89595748 -35.28505461 1.66152354e+01
80.34641769 30.78666620 -34.14916967 1.70735560e+01
80.22160946 31.01035171 -35.71707169 1.65054853e+01
80.31553227 30.84306871 -34.56544060 1.69025890e+01
80.66249410 30.39363908 -31.79217566 1.79109460e+01
79.99347772 31.01299609 -34.71615862 1.68674798e+01
80.00622474 30.89278537 -33.56089684 1.75006225e+01
80.11447868 30.83755508 -33.51773278 1.75424595e+01
80.20968102 30.90172028 -34.63299409 1.69313041e+01
80.73395815 30.46787705 -32.93059277 1.70792155e+01
80.69111497 30.33454791 -31.34112517 1.83257952e+01
80.95765183 30.40606702 -33.50848421 1.65874422e+01
80.93476717 30.33824687 -32.69220691 1.70524993e+01
80.53209936 30.59657048 -33.17171988 1.72825474e+01
80.76203234 30.32824516 -31.65667222 1.79389063e+01
80.74062169 30.70554632 -35.33278512 1.62025515e+01
80.85657934 30.47027923 -33.61517797 1.66279712e+01
80.66816604 30.71054586 -35.02125834 1.63810148e+01
80.72670073 30.59362655 -34.17243773 1.65525682e+01
80.56595903 30.77346944 -35.11786304 1.64763380e+01
80.55292572 30.66285060 -33.95551914 1.68954287e+01
80.63865483 30.76865660 -35.42504370 1.62921758e+01
80.62526881 30.65753666 -34.28226518 1.66542342e+01
80.50418250 30.96755394 -36.61703931 1.61436113e+01
80.84224990 30.64210564 -35.24076977 1.61183894e+01
80.65990228 30.83511221 -36.14357536 1.61106613e+01
80.91629907 30.71819178 -36.31251842 1.58549660e+01
80.39935392 31.02782877 -36.68174977 1.61829764e+01
80.53602541 30.83103802 -35.51280489 1.63802151e+01
80.55685679 30.89721381 -36.22193341 1.61864700e+01
80.41990683 31.09387481 -37.37992182 1.60231192e+01
80.43244411 30.89231508 -35.59229688 1.64491634e+01
80.24164950 31.07623560 -36.40751143 1.62892705e+01
80.32768685 30.95216777 -35.66186810 1.64899877e+01
80.25311056 30.95489107 -35.35007638 1.66452513e+01
79.76403851 31.42119572 -37.53005384 1.57145547e+01
79.96762108 31.25279395 -36.83116396 1.60655846e+01
79.91483261 31.23989545 -36.49524223 1.61274371e+01
80.11411884 31.06666584 -35.75862161 1.64810093e+01
79.87631342 31.37091284 -37.53148687 1.58176321e+01
80.02509012 31.18721235 -36.47536095 1.62122553e+01
79.98748183 31.31894755 -37.51819766 1.59051584e+01
80.13403830 31.13264360 -36.44809591 1.62656182e+01
80.17407617 31.26455626 -37.82664446 1.59157819e+01
80.29336487 31.08666257 -36.73600539 1.61969623e+01
80.07750422 31.19922698 -36.81035873 1.61387566e+01
80.09744920 31.26522476 -37.49767459 1.59728617e+01
80.60802527 30.90610379 -36.54552323 1.60843249e+01
80.52508498 31.03380448 -37.32025246 1.59922978e+01
80.73293997 30.91071649 -37.18453700 1.58793687e+01
80.62935022 30.97264448 -37.25444624 1.59423608e+01
80.76235107 30.77235612 -36.06116424 1.60280210e+01
80.80651548 30.90657475 -37.50093466 1.57763442e+01
80.81378121 30.78104531 -36.38907849 1.59318638e+01
80.71113049 30.84381430 -36.46816913 1.60110630e+01
81.33167676 30.47426483 -36.10494350 1.56335016e+01
81.35666263 30.54372890 -36.85803737 1.55474171e+01
81.87088001 30.33230866 -37.31526803 1.56501218e+01
81.64971758 30.43441696 -37.24541536 1.55279052e+01
81.65498873 30.30832109 -36.12182372 1.56321363e+01
81.46348827 30.48667062 -36.84812458 1.55329033e+01
80.96674172 30.64645885 -35.90295734 1.58730934e+01
80.93920414 30.78596582 -37.04299769 1.57405432e+01
81.48978776 30.34865548 -35.71755764 1.56515819e+01
81.43812000 30.41693540 -36.09342676 1.56095266e+01
81.93676192 30.02095891 -34.72593703 1.60103474e+01
81.54589277 30.36159169 -36.09919490 1.56074948e+01
80.97280223 30.51984519 -34.73164604 1.61337644e+01
80.86451346 30.70932904 -35.97977831 1.59458672e+01
81.82445533 30.06798315 -34.65210013 1.59329577e+01
81.79139789 30.32703389 -36.91286776 1.56275582e+01
82.05004048 29.97582628 -34.81118383 1.61512804e+01
81.81859731 30.19255574 -35.81574566 1.57967309e+01
81.79248105 30.12256261 -35.03233777 1.58701724e+01
81.70775087 30.24251054 -35.76677155 1.57108552e+01
82.13086415 29.98460403 -35.25548189 1.62356412e+01
81.98931366 30.16053596 -36.27222822 1.58928688e+01
82.01557893 30.23014283 -37.01692278 1.58369770e+01
81.93055160 30.14459327 -35.87495832 1.58832441e+01
81.87680041 30.20786440 -36.21326838 1.57845380e+01
81.76532078 30.25709267 -36.16092222 1.56935138e+01
82.12902640 30.18427134 -37.07652807 1.59754582e+01
82.04347443 30.09847044 -35.94066225 1.60033289e+01
82.21691694 30.07095769 -36.41262558 1.62161343e+01
82.10272076 30.11494126 -36.33909649 1.60252619e+01
82.44727139 29.98725744 -36.55526447 1.67955258e+01
82.35815293 30.09712415 -37.20927203 1.63787207e+01
82.67135354 30.02557846 -37.72697615 1.72296281e+01
82.47362220 30.05553953 -37.27272901 1.66800833e+01
82.91320543 29.83246144 -36.81456933 1.91188618e+01
82.78783900 29.98653662 -37.78081503 1.76899030e+01
83.03034565 29.79554426 -36.86658933 1.99283406e+01
83.02162823 29.91064323 -37.87866969 1.87741266e+01
82.96870599 29.77736530 -36.50169961 1.99822163e+01
82.93963945 29.89926893 -37.50567563 1.86429992e+01
83.14761038 29.75903215 -36.91223258 2.07579694e+01
83.17413586 29.82518829 -37.59349302 1.99668208e+01
83.38233291 29.68679329 -36.98335238 2.24762970e+01
83.40899434 29.75240144 -37.65607302 2.13771251e+01
83.43743030 29.63302363 -36.66404675 2.44642604e+01
83.52779931 29.53177370 -36.01934905 2.90780371e+01
83.29355017 29.60292931 -35.95580838 2.42428624e+01
83.08579755 29.74090481 -36.55179344 2.09424061e+01
82.94219614 29.71048195 -35.81023839 2.08354595e+01
82.50251214 29.92936294 -36.24088868 1.71379931e+01
82.85176584 29.81429520 -36.44313896 1.90997363e+01
82.67958033 29.90815724 -36.69397093 1.77592331e+01
82.58957970 30.01509733 -37.33667657 1.70592448e+01
82.79626554 29.86995968 -36.75446887 1.83917577e+01
82.61859859 29.89014686 -36.31401988 1.76722114e+01
82.16415866 29.93242148 -34.90314277 1.63630499e+01
82.62669407 29.77253101 -35.27313267 1.84229203e+01
82.51036180 29.81080654 -35.18473713 1.76709288e+01
82.70858885 29.78423292 -35.67496155 1.87400363e+01
82.74334219 29.73509479 -35.35392273 1.93711711e+01
82.59215822 29.82214621 -35.59754531 1.79469240e+01
82.73098407 29.62508167 -34.21902564 2.08273084e+01
82.86023011 29.69833472 -35.42692565 2.05190367e+01
82.81315608 29.63745015 -34.66779582 2.13195762e+01
82.73504692 29.85185444 -36.37932524 1.83283458e+01
82.82528858 29.74705588 -35.74695651 1.96895245e+01
83.21171246 29.59067926 -35.59261688 2.43032971e+01
83.17638055 29.63854863 -35.91439098 2.30005715e+01
83.16512563 29.53047199 -34.86562141 2.61367217e+01
83.05924789 29.67436354 -35.86518686 2.20229975e+01
84.03044355 29.33959865 -35.74480369 1.54382857e+01
83.64480023 29.49604041 -36.04126153 2.85074763e+01
83.41070554 29.56737731 -35.99070694 2.65449203e+01
83.39990684 29.46000713 -34.95614575 2.97038483e+01
83.08304428 29.51790625 -34.45038648 2.64002580e+01
82.97729772 29.66211559 -35.48852153 2.19354602e+01
82.96558318 29.55325837 -34.38044521 2.47587601e+01
82.93907025 29.48633183 -33.59608660 2.68909415e+01
82.69611164 29.67400514 -34.58512169 1.98717339e+01
82.70452339 29.55740058 -33.41536807 2.18560844e+01
82.47608469 29.86098146 -35.51441530 1.73216952e+01
82.57931226 29.71125319 -34.49086260 1.87359219e+01
82.39443764 29.85011070 -35.09141906 1.71046532e+01
82.49726234 29.69945201 -34.02125214 1.83580723e+01
82.35451667 29.66918723 -33.08799800 1.78099107e+01
82.26508460 29.77780372 -33.80521884 1.69890325e+01
81.83660328 29.81960229 -32.17933653 1.63480980e+01
82.14982055 29.81893700 -33.69562836 1.65601618e+01
81.69743674 30.00146453 -33.33843768 1.60594532e+01
82.00895559 29.79185602 -32.74554499 1.64144778e+01
82.01715158 30.02878152 -35.17213142 1.60578994e+01
82.12344435 29.74938605 -32.85366948 1.66790074e+01
81.90430969 30.07470913 -35.09719797 1.59390290e+01
81.92160382 29.90621799 -33.49453415 1.61431817e+01
82.36044956 29.90089601 -35.42770948 1.68484146e+01
82.34680341 29.78858941 -34.28654597 1.72340333e+01
82.24533633 29.94203562 -35.34122758 1.64992025e+01
82.23127001 29.82901624 -34.17891276 1.67504069e+01
81.60337202 30.16838566 -34.54543622 1.58857506e+01
81.55626142 30.10871612 -33.70132661 1.60430124e+01
81.49484796 30.22194749 -34.52181518 1.58537591e+01
81.38283758 30.40489011 -35.71936543 1.56652896e+01
81.59811517 30.29452803 -35.73338527 1.56613655e+01
81.57242349 30.22460697 -34.94433443 1.57783152e+01
81.26605422 30.22026512 -33.28829441 1.63037195e+01
81.14881435 30.45430201 -35.00960616 1.59140908e+01
81.16205291 30.28060547 -33.34035540 1.64178865e+01
81.07494388 30.45715487 -34.65121256 1.60731181e+01
80.92890881 30.46525757 -33.95579149 1.64109453e+01
80.87121511 30.58328554 -34.82363884 1.62046148e+01
81.46442168 30.27893619 -34.92922876 1.57713754e+01
81.47861713 30.10603042 -33.26169812 1.61790154e+01
81.18797432 30.14063402 -32.04989604 1.70113504e+01
81.13296245 30.33942294 -33.78276466 1.62743440e+01
81.13801228 30.21182688 -32.50642036 1.68538642e+01
81.05934899 30.34267878 -33.41522660 1.65226808e+01
81.34161082 30.21974114 -33.69167666 1.60981625e+01
81.34651111 30.09238734 -32.41369325 1.65619047e+01
81.44815161 30.16304071 -33.68328847 1.60678655e+01
81.45319506 30.03612954 -32.40988190 1.64490265e+01
81.95627163 29.65182392 -31.04827217 1.69564971e+01
81.50509212 29.96871977 -31.99553099 1.64721423e+01
81.51037664 29.84240939 -30.72868832 1.70346228e+01
81.39769078 30.02354724 -31.98380940 1.66705657e+01
80.98966177 30.13842687 -30.94882811 1.89887501e+01
80.88370846 30.33008452 -32.33172532 1.73509646e+01
81.29200709 30.08092992 -32.00248229 1.68257334e+01
81.40275919 29.89665754 -30.71178208 1.72704538e+01
81.37267218 29.95397763 -31.13730286 1.71111174e+01
81.57248261 29.73055401 -29.30930062 1.76745072e+01
81.58838977 29.84639007 -31.17922721 1.66881199e+01
82.27434929 29.30611334 -28.39761562 2.23898579e+01
82.29396532 29.65051038 -32.62434030 1.76467865e+01
82.07062674 29.60981997 -31.16817240 1.71831318e+01
81.81041911 29.74938021 -31.32656820 1.66400217e+01
81.72470731 29.86684877 -32.09511791 1.63073469e+01
81.69870354 29.79662325 -31.24096031 1.66287401e+01
81.61414754 29.91651150 -32.03348477 1.63246354e+01
81.89534894 29.83618228 -32.64432056 1.62672528e+01
82.00224458 29.91442939 -33.97599140 1.61725614e+01
81.80892940 29.95274266 -33.40769976 1.60553991e+01
81.88900961 29.95979237 -33.88353219 1.60389507e+01
82.03528352 29.86167946 -33.59230780 1.62999240e+01
82.11637353 29.87089388 -34.07516111 1.63877383e+01
82.47082950 29.63097916 -33.19950385 1.87464351e+01
82.38093642 29.73804379 -33.91551911 1.75714002e+01
82.38348989 29.54310753 -31.91354567 1.89834110e+01
82.23867913 29.70857733 -32.97053428 1.71275831e+01
82.87737328 29.46722391 -33.16214142 2.72197179e+01
82.83885263 29.29056990 -31.19307562 3.25789256e+01
83.23801303 29.24946805 -32.24912827 2.56769014e+01
83.19147287 29.18895037 -31.45930647 2.28226245e+01
83.04772648 29.56583763 -34.80725584 2.47085371e+01
83.05649712 29.45134050 -33.67620723 2.89718592e+01
83.40872647 29.34685105 -33.85049931 2.52764508e+01
83.31801845 29.44764434 -34.56054898 2.99316971e+01
83.81422678 29.18751186 -33.57277610 8.57311254e+00
83.43543361 29.41248452 -34.60294873 2.87128815e+01
83.08535581 29.33104749 -32.54092884 3.37823931e+01
83.29137200 29.38172075 -33.80211827 3.07981642e+01
82.99465443 29.43234929 -33.24871799 2.97034411e+01
83.17394381 29.41650297 -33.74493894 3.08082137e+01
83.11197244 29.39767233 -33.32622394 3.18079948e+01
83.22928358 29.36308035 -33.39091072 3.17376532e+01
82.63897376 29.31115657 -30.60883734 2.96891686e+01
82.61666824 29.47006875 -32.15433410 2.30108782e+01
82.52165517 29.34606254 -30.48073335 2.55725222e+01
82.41784262 29.49344740 -31.55204264 1.98221183e+01
82.18577495 29.56959855 -31.29538027 1.76408306e+01
82.30156206 29.53089964 -31.42447036 1.84553883e+01
82.26749037 29.58118398 -31.78871161 1.79088088e+01
82.17847543 29.69024278 -32.50226932 1.70258799e+01
82.15203337 29.62059442 -31.66274400 1.72720475e+01
82.06365648 29.73152334 -32.38643942 1.66617862e+01
81.92334039 29.70445964 -31.42771395 1.67219099e+01
82.17175887 29.45649132 -29.88293238 1.85730936e+01
82.72138243 29.32483326 -31.08240524 3.06019594e+01
82.53451161 29.45703160 -31.67719816 2.19803375e+01
82.76864158 29.38648066 -31.90445975 2.89801791e+01
82.99172947 29.20914646 -30.93777885 3.18871482e+01
82.88593962 29.35195639 -32.00655431 3.17788020e+01
82.96806980 29.36535445 -32.45741633 3.23424297e+01
83.35526157 29.21522266 -32.30759853 1.62511483e+01
83.66026884 29.05129052 -31.65756691 9.14726429e+00
83.12067782 29.28358772 -32.18061027 3.32967713e+01
83.20262304 29.29679396 -32.61187715 3.07249034e+01
83.33353441 29.00045571 -29.94822011 1.26692937e+01
83.10936281 29.17547618 -31.02450160 2.61545823e+01
83.34440244 29.10783581 -31.16358152 1.37798688e+01
83.22693724 29.14175065 -31.09913863 1.75385232e+01
82.98014632 29.10058193 -29.64653646 2.06254261e+01
82.87407648 29.24286707 -30.83834140 3.27777057e+01
82.70910360 29.21496369 -29.79046693 3.12455600e+01
82.60404685 29.35955075 -30.96312364 2.71102897e+01
82.62647524 29.20086265 -29.16252490 3.01696177e+01
82.48692915 29.39492837 -30.83615827 2.30985276e+01
82.12374225 29.39390911 -28.59791448 1.92876732e+01
82.13787255 29.50725352 -30.31201778 1.79656801e+01
81.94145665 29.53738798 -29.36120772 1.78990242e+01
82.05620774 29.49602223 -29.63762577 1.80653379e+01
82.04182296 29.38221981 -27.61116577 1.96415253e+01
81.77981678 29.51906164 -27.30838173 1.90297000e+01
81.66745473 29.56548105 -26.73065480 1.92881108e+01
81.68305617 29.68105684 -29.50013578 1.75229432e+01
81.55662184 29.61470807 -26.15880736 1.98100452e+01
81.49435993 29.72648103 -28.13431133 1.86813144e+01
81.81253219 29.46584696 -26.64747388 1.97621111e+01
81.71508646 29.62668711 -28.72109716 1.81003222e+01
81.58814006 29.55939133 -25.23901156 2.05690062e+01
81.60390694 29.67516729 -28.42948922 1.83301756e+01
81.73061596 29.74213304 -30.84679175 1.68375254e+01
81.82767930 29.58084833 -29.03139468 1.79192379e+01
81.29696530 29.95364469 -30.72650182 1.76686122e+01
81.46358358 29.78288017 -29.14858756 1.82665312e+01
81.84286940 29.69584184 -30.94025117 1.68517298e+01
81.90838349 29.58982947 -29.91076797 1.74706470e+01
81.26746730 30.01176053 -31.16179740 1.74043190e+01
81.38664082 29.78073990 -27.85579138 1.92829908e+01
81.09061280 30.07489454 -30.84821266 1.86100897e+01
81.14808253 29.95670031 -29.01205679 2.00355064e+01
80.94616786 30.08391799 -29.39773605 2.11995683e+01
80.86148213 30.26282340 -31.52487637 1.81663149e+01
81.19296331 30.01316338 -30.77274879 1.80802450e+01
81.35653033 29.83810584 -29.00373652 1.85823233e+01
81.07492924 29.96001786 -27.77381450 2.18244170e+01
81.13223130 29.84146681 -24.99003128 2.28376900e+01
81.25138473 29.89613123 -28.98003432 1.90083608e+01
81.37056708 29.66481244 -24.09106897 2.22908510e+01
80.93105335 29.96988961 -25.49736277 2.29973756e+01
80.67739412 30.22258381 -29.55973959 2.12409766e+01
81.17700647 29.89778369 -27.65463790 2.08436964e+01
81.34043273 29.72222426 -25.26477006 2.14993316e+01
80.83221495 30.03625936 -26.02936997 2.37889526e+01
80.57826552 30.28871077 -30.05722755 2.02263029e+01
80.64894000 30.28194717 -30.38850445 1.93313381e+01
80.37700877 30.41770554 -30.54554554 2.00861472e+01
80.76187656 30.04328052 -24.91538909 2.32027612e+01
80.73386391 30.10325028 -26.69404899 2.41757282e+01
80.43635709 30.30187910 -28.72698808 2.17690158e+01
79.60960810 30.69483056 -29.34173472 2.23130897e+01
79.95517292 30.65203027 -30.86650140 2.02576304e+01
80.01977578 30.54339884 -29.72493316 2.16587052e+01
79.81230120 30.75766938 -31.28442463 1.95113507e+01
79.80071376 30.64960074 -29.88975273 2.15088619e+01
79.94368431 30.54383972 -29.10237713 2.27508758e+01
79.84537941 30.70464139 -30.89376523 2.01669997e+01
80.06329965 30.59699070 -30.81763238 2.02802525e+01
79.96672605 30.76019567 -32.02470524 1.87666513e+01
80.16965475 30.53951300 -30.74890819 2.02236526e+01
80.04288703 30.76000706 -32.38445469 1.83885098e+01
80.24350083 30.53623192 -31.08111016 1.95286926e+01
80.07488690 30.70537796 -31.98075858 1.88054536e+01
80.34697361 30.47512200 -30.97871970 1.95136407e+01
80.14996928 30.70374540 -32.32759877 1.83885777e+01
80.63544031 30.17023226 -27.40145779 2.43273524e+01
80.53642266 30.23661915 -28.12319427 2.27292851e+01
80.59144449 30.39989236 -31.47957817 1.83610676e+01
80.77610675 30.15605867 -29.02505735 2.22784110e+01
80.79038594 30.26881815 -31.20228631 1.86222150e+01
80.84682504 30.14954953 -29.71377151 2.14659793e+01
80.47826545 30.35391100 -30.39026361 2.00067985e+01
80.46140936 30.52230763 -32.04811703 1.81257198e+01
80.25537483 30.64525057 -32.25325731 1.83339293e+01
80.48181651 30.58831882 -32.82571418 1.75581071e+01
80.58317086 30.52468780 -32.70828772 1.74394184e+01
80.68367398 30.46012401 -32.58338943 1.73387169e+01
80.63336564 30.53258339 -33.05436068 1.71713941e+01
80.78370738 30.39508645 -32.45492605 1.72975269e+01
80.65462445 30.59915473 -33.84453887 1.67894155e+01
80.83427561 30.40292359 -32.80738909 1.70408186e+01
80.75571365 30.53481088 -33.72946288 1.66930270e+01
80.82777877 30.52937325 -34.06158504 1.64701936e+01
80.45028331 30.72548098 -34.05876029 1.69948084e+01
80.52312745 30.72067256 -34.38733164 1.67543269e+01
80.02600778 30.95896337 -34.32477782 1.70871070e+01
80.10231811 30.95837895 -34.68168616 1.69210298e+01
79.88319999 31.06552478 -34.73576545 1.67694775e+01
79.89645083 30.94583147 -33.58829295 1.74088840e+01
80.06265477 30.82617708 -33.15193867 1.77880265e+01
80.32622296 30.72070228 -33.37685580 1.74804811e+01
79.84369451 30.93242278 -33.20919005 1.76146180e+01
79.95392816 30.88040788 -33.18945083 1.77300416e+01
80.28613935 30.58887669 -31.83284323 1.86984893e+01
80.16980713 30.76974984 -33.09708899 1.77925511e+01
80.35914092 30.58468116 -32.15887788 1.82449989e+01
80.27532928 30.71116087 -33.02308814 1.77476057e+01
80.49095118 30.46435327 -31.61055399 1.84647888e+01
80.37928293 30.65059379 -32.93305962 1.76661746e+01
80.38927519 30.52747825 -31.72916322 1.86034820e+01
80.44885263 30.41210723 -30.85842602 1.93778241e+01
79.50551741 31.07661196 -33.18429442 1.68951655e+01
79.63329298 30.91119585 -32.05186434 1.82368397e+01
79.67280293 31.04563675 -33.59627039 1.70524150e+01
79.71234713 30.91529729 -32.44290064 1.80141202e+01
79.32984377 31.18298603 -33.52006545 1.61744458e+01
79.37118626 31.05350206 -32.37354234 1.69712299e+01
79.46463756 31.20613610 -34.32680906 1.62143047e+01
79.44487309 31.13841723 -33.55529967 1.64892615e+01
78.92976804 31.29684926 -32.94506665 1.54669546e+01
78.88774033 31.42838708 -34.10752861 1.54111020e+01
79.54505620 31.21169207 -34.72410981 1.62332059e+01
79.55926278 31.09274840 -33.58025905 1.67900352e+01
79.77160589 31.11605022 -34.74317484 1.66285435e+01
79.78525803 30.99673455 -33.59879664 1.72582840e+01
78.75374839 31.40540867 -33.23746330 1.54924873e+01
78.54713399 31.57275276 -33.91683245 1.59746586e+01
78.64026716 31.45332777 -33.16844722 1.56806019e+01
78.51473765 31.62681922 -34.30442340 1.60941943e+01
78.52802460 31.50342231 -33.09905561 1.59746847e+01
78.43613967 31.62521889 -33.85384863 1.63436869e+01
78.45776447 31.41881822 -31.84036056 1.60973523e+01
78.37959702 31.41723075 -31.38524183 1.63896049e+01
78.79559022 31.27270942 -32.07343794 1.54605668e+01
78.71503501 31.26682482 -31.62354401 1.55065322e+01
78.60187307 31.31464324 -31.54425217 1.56747431e+01
78.58822265 31.43724839 -32.73600105 1.57574529e+01
78.98331103 31.31450680 -33.36792900 1.54727473e+01
78.91020874 31.22772266 -32.14618795 1.55417796e+01
78.58794261 31.20420348 -30.32542769 1.57231110e+01
78.44355034 31.30818471 -30.60444450 1.60904720e+01
79.02535313 31.18382829 -32.21437522 1.57703062e+01
78.82921551 31.22091027 -31.70158162 1.55078321e+01
79.04500514 31.25277311 -33.00763068 1.56223131e+01
79.05945429 31.13288186 -31.84434543 1.60109046e+01
79.39096491 31.12160438 -33.15336032 1.65531129e+01
79.40533165 31.00255906 -31.99889503 1.74361674e+01
79.24346868 30.98827402 -31.16174979 1.74424075e+01
79.17494504 31.08973053 -31.90453642 1.64476848e+01
79.58757547 30.85469162 -31.27447475 1.90454072e+01
79.50765583 30.84924538 -30.87202364 1.93867597e+01
79.61930396 31.03030417 -33.20480922 1.71963084e+01
79.59953427 30.96290994 -32.43186975 1.77427962e+01
79.70056514 30.80721035 -31.28764289 1.93343115e+01
79.68884674 30.69910174 -29.92793538 2.14253836e+01
79.27778835 30.93758954 -30.79058401 1.81358659e+01
79.35878872 30.94482826 -31.21031435 1.80678137e+01
79.16216708 30.98057015 -30.73423798 1.73879618e+01
79.14074208 31.14050515 -32.27598215 1.61151137e+01
79.14945431 30.87139088 -29.23146083 1.91919184e+01
78.93085818 31.06669031 -30.59678787 1.61343758e+01
79.12786083 31.03125141 -31.10421754 1.68157196e+01
78.94411842 31.17643271 -31.77579484 1.56829059e+01
79.04643315 31.02342466 -30.66966493 1.67253688e+01
78.81572278 31.11090439 -30.51666607 1.57736259e+01
79.01222958 31.07428044 -31.03834710 1.62532688e+01
79.11504510 30.92197854 -29.76480199 1.81643085e+01
78.89684803 31.11789614 -30.96420582 1.58263557e+01
78.99917203 30.96471318 -29.69366124 1.72774696e+01
78.10385651 31.36448730 -28.91567460 1.78328300e+01
78.01325222 31.53547225 -30.34804092 1.81768156e+01
77.79170485 31.55000805 -28.79396527 1.98408181e+01
77.12221702 32.23804751 -31.57243850 0.00000000e+00
78.25632446 31.36143673 -30.02610897 1.69742693e+01
78.33356216 31.36146433 -30.51837394 1.65498394e+01
77.89454026 31.48660370 -28.82104718 1.89602105e+01
77.83578610 31.60255343 -29.83782427 1.95384928e+01
78.02804699 31.64627003 -31.63164659 1.82104367e+01
77.38820650 31.81332645 -28.77903150 2.16990316e+01
78.14900904 31.41876462 -29.95467852 1.74950102e+01
78.11847656 31.47532262 -30.39059210 1.76011052e+01
77.95375689 31.65041152 -31.20354323 1.87083243e+01
77.90937271 31.59738167 -30.31871223 1.88947047e+01
77.14975237 32.17838009 -31.17408368 0.00000000e+00
77.30400472 31.99117667 -30.30515376 4.41889645e+00
77.50331691 31.85687569 -30.29861007 3.60353136e+01
77.43159358 31.86456934 -29.82906405 3.63959427e+01
77.44681501 31.97498721 -31.18134103 4.21913124e+01
77.58868869 31.68011193 -28.77738993 2.62423135e+01
77.51850449 31.96733628 -31.58853447 3.48439575e+01
77.70480517 31.72523023 -30.29722956 2.18859096e+01
77.71985016 31.83584840 -31.59044925 2.22690113e+01
77.73365051 31.66672011 -29.82701157 2.10949641e+01
77.53168818 31.79789599 -29.82478016 3.34671992e+01
77.60375213 31.79067447 -30.29567014 2.58784943e+01
77.33199674 31.93184882 -29.83308477 5.95596394e+00
77.40342143 31.92373497 -30.30268757 3.24926718e+01
76.63511374 32.31127986 -27.97126004 0.00000000e+00
76.57365488 32.60489308 -30.98836292 1.28884474e+00
76.92305144 32.09681436 -28.12888819 0.00000000e+00
77.20508113 32.05920662 -30.30370101 3.56526389e-03
76.81526373 32.33797298 -30.22825672 0.00000000e+00
77.02061118 32.02699802 -28.15815518 0.00000000e+00
76.42298061 32.52102967 -28.37646756 6.43652822e+00
76.53173851 32.55620925 -30.07076694 1.02155586e+00
76.24196209 32.67428380 -28.16593407 2.00211579e+01
76.46460207 32.56931380 -29.51589494 1.27798923e+01
76.51540259 32.44612266 -28.46679970 1.70449622e-03
76.43946963 32.63109333 -29.99874953 3.11321422e+01
76.44817748 32.45923654 -27.80444564 1.20707501e-01
76.37312996 32.64497769 -29.42660660 2.85638409e+01
76.19402765 32.79968113 -29.22236672 1.82235743e+01
76.25875537 32.78428777 -29.82821560 1.97539718e+01
76.21094273 32.90964781 -30.71116996 1.84931293e+01
75.93534093 33.03994769 -28.88239595 1.56745686e+01
76.64143828 32.59254022 -31.41822512 5.14847439e-02
76.71974913 32.40972290 -30.18358964 0.00000000e+00
76.34847560 32.70713147 -29.91665104 2.46236645e+01
76.28293594 32.72177654 -29.32752700 2.08435272e+01
76.84202684 32.27755580 -29.76210067 0.00000000e+00
76.85789745 32.38769383 -31.11654408 0.00000000e+00
76.93874370 32.20699701 -29.79296347 0.00000000e+00
77.00883676 32.19712214 -30.28179863 0.00000000e+00
77.10666613 32.12783232 -30.29757830 0.00000000e+00
76.94357817 32.44668676 -32.33143186 0.00000000e+00
77.13425354 32.06814324 -29.82911806 0.00000000e+00
77.05178997 32.24740865 -31.16216067 0.00000000e+00
77.41868641 32.03412172 -31.58899092 3.92866744e+01
77.24826762 32.10998482 -31.18052955 8.66237291e-02
77.02450466 32.30729951 -31.55634374 0.00000000e+00
76.95448062 32.31716046 -31.14284352 0.00000000e+00
76.62521318 32.48245189 -30.13248672 0.00000000e+00
76.55734242 32.49481111 -29.59369363 1.22045224e-02
76.38974734 32.75501297 -30.86519258 2.55995016e+01
76.42050243 32.89453173 -32.46491376 2.45210108e+01
76.38048185 32.88694583 -32.04145329 2.31595784e+01
76.45599827 32.74114004 -31.30753409 3.24953943e+01
75.82988975 33.18616866 -29.28980890 1.51429372e+01
76.17033317 32.86254718 -29.73332585 1.78874728e+01
76.20238174 33.04242427 -31.89671460 1.84401204e+01
76.29970482 32.83178159 -30.79135865 2.05661164e+01
76.29078673 32.96413893 -31.97138898 2.02027622e+01
76.36515689 32.81715199 -31.23921158 2.29929384e+01
76.51208112 32.81876062 -32.52429434 3.37171816e+01
76.41123610 33.02644634 -33.65757542 2.31604700e+01
76.60493464 32.74415054 -32.58058648 3.47825307e+01
76.45264686 33.07423487 -34.48377505 2.39008618e+01
76.73582404 32.51982783 -31.46470668 0.00000000e+00
76.65715315 32.66213494 -32.21476930 5.61187485e-01
76.84717093 32.51755670 -32.29972855 0.00000000e+00
76.71475156 32.74013041 -33.43296103 1.53730478e+00
76.83119498 32.44809722 -31.50350270 0.00000000e+00
76.75166505 32.58935116 -32.26161894 0.00000000e+00
76.98681498 32.45588417 -32.74144407 0.00000000e+00
76.87924214 32.65639099 -33.89795352 0.00000000e+00
77.36955051 32.30892881 -34.01596484 3.50974846e+01
77.64741488 31.84247802 -31.17865950 2.44196336e+01
77.63605054 31.97028353 -32.40766599 2.54586822e+01
77.54683438 31.90839035 -31.17942703 3.18221298e+01
77.38079895 32.18048316 -32.80439671 2.98617568e+01
77.85071208 31.71327523 -31.18860803 1.97463788e+01
77.33603464 32.17066031 -32.39661821 1.23535550e+01
77.31935440 32.10149637 -31.58733515 6.95297569e+00
77.18264697 32.31686333 -32.78300492 0.00000000e+00
77.22052613 32.16946925 -31.58245198 2.04897460e-02
77.61886823 31.90121425 -31.58858649 2.59888564e+01
77.92426226 31.70813603 -31.60823894 1.90527552e+01
77.43552299 32.10324205 -32.40169811 4.42679316e+01
77.53550901 32.03642559 -32.40446957 3.30786074e+01
77.74865287 31.77737110 -31.18127186 2.13926032e+01
77.80661978 31.66072260 -30.30302436 1.99722309e+01
78.22520629 31.41722699 -30.44717019 1.70530431e+01
78.16362627 31.52958166 -31.27296691 1.73996645e+01
77.82159026 31.77141370 -31.59663754 2.02735379e+01
77.94205344 31.77723533 -32.43370579 1.90789327e+01
77.73722151 31.90491064 -32.41212033 2.21906220e+01
77.83916572 31.84048695 -32.42039825 2.03074573e+01
78.36666876 31.54151147 -32.59143038 1.64949843e+01
78.34795215 31.47219845 -31.76910957 1.65245459e+01
78.13315672 31.58613423 -31.66824371 1.75632374e+01
78.04606894 31.71541606 -32.45825794 1.82043851e+01
77.69931570 32.04966668 -33.64059600 2.38923714e+01
77.88606029 31.85144969 -32.83783559 1.99101824e+01
78.25824597 31.59728440 -32.53694365 1.69755657e+01
78.11251097 31.79662062 -33.71264932 1.79879022e+01
78.41722199 31.55589289 -33.02744293 1.63540055e+01
78.21884634 31.73730213 -33.74970388 1.73304897e+01
78.30799184 31.61080282 -32.96938132 1.68112980e+01
78.18817044 31.79377474 -34.15014839 1.75499873e+01
78.32670004 31.68009811 -33.79763434 1.67944781e+01
77.91892508 32.03120355 -34.87241691 2.02232432e+01
77.67061064 32.10840008 -34.04683933 2.50215531e+01
77.78358126 31.91550843 -32.82670365 2.15245510e+01
77.59817846 32.11561344 -33.63242907 2.81309218e+01
77.68195008 31.98061131 -32.81941009 2.41520318e+01
77.49763424 32.18228126 -33.62469875 4.10532029e+01
77.48063744 32.11319850 -32.80998332 4.31795121e+01
77.56970043 32.17456959 -34.03717243 3.05484230e+01
77.58100266 32.04655065 -32.81444164 2.91613611e+01
77.77217613 32.04303030 -34.05745456 2.22238900e+01
77.61346841 32.22605568 -34.83233191 2.84889683e+01
77.46936601 32.24143662 -34.02766279 4.57507513e+01
77.41306460 32.35989275 -34.80861710 5.10289660e+01
77.87454087 31.97864211 -34.07204101 2.04520451e+01
77.71453789 32.16018713 -34.84325519 2.42520143e+01
77.78737106 32.15359326 -35.23614385 2.25761393e+01
78.00756788 31.85779449 -33.68552324 1.88203690e+01
77.88966397 32.08927539 -35.25035987 2.07469720e+01
78.08235453 31.85373945 -34.11708508 1.82734045e+01
77.99291758 32.02615181 -35.26801615 1.94272144e+01
78.12740236 31.90736285 -34.92149835 1.81440549e+01
78.40431323 31.68013064 -34.24608911 1.64896121e+01
78.23361540 31.84804012 -34.95533662 1.74410293e+01
78.29545976 31.73582820 -34.19403129 1.69703342e+01
78.20300326 31.90450959 -35.32225083 1.76676443e+01
78.32881288 31.91568218 -36.09641687 1.70172241e+01
78.34132603 31.79079609 -34.99694895 1.68756177e+01
77.90740691 32.15827156 -36.00040718 2.06894634e+01
78.09730245 31.96446768 -35.29224674 1.84355174e+01
78.01087726 32.09516785 -36.01659331 1.93875115e+01
78.16399251 32.04551287 -36.41241283 1.81289389e+01
78.37885097 31.92914279 -36.46823676 1.68368371e+01
78.41885371 31.79077142 -35.39952200 1.65538579e+01
78.39773076 31.99832114 -37.18886152 1.67832288e+01
78.48857818 31.87427108 -36.50399432 1.63766962e+01
78.05869067 32.10657978 -36.38924182 1.90410705e+01
78.07687405 32.17562074 -37.12014855 1.89617335e+01
77.84019432 32.36054874 -37.45779813 2.23189829e+01
77.95460904 32.16921779 -36.37104138 2.02321981e+01
77.76692740 32.36715552 -37.08368018 2.38746189e+01
77.85156392 32.23315589 -36.35862649 2.18314556e+01
77.46382672 32.56707334 -37.05428477 5.02186300e+01
77.64795158 32.36407353 -36.33734188 2.77888256e+01
77.68587353 32.21888663 -35.22400441 2.53918917e+01
77.30249086 32.55638442 -35.92704612 7.18906592e+00
77.81630445 32.09516976 -34.85658654 2.18453657e+01
77.80490625 32.22258127 -35.98813648 2.24692303e+01
77.50175309 32.42081883 -35.95531873 4.08826557e+01
77.20369601 32.62513732 -35.90902250 7.38788851e-02
77.38503343 32.41919611 -35.18820257 4.44537453e+01
76.99182864 32.69548375 -35.10563509 0.00000000e+00
77.58503095 32.28497805 -35.21323172 3.06301684e+01
77.51299488 32.29264727 -34.82103629 3.95929522e+01
77.31365108 32.42775316 -34.79339032 8.10937685e+00
76.91136703 32.83584312 -35.84048553 6.98676053e-02
77.00805120 32.76479933 -35.86610673 0.00000000e+00
76.62713808 33.05478567 -35.73904984 3.31498407e+01
76.92203841 32.70601798 -34.69750483 0.00000000e+00
76.72083187 32.98078823 -35.77417735 5.41546528e+01
76.81558938 32.90781163 -35.80865554 3.11284728e+01
76.77867577 33.05857904 -36.91719136 5.47826690e+01
77.16585917 32.77304289 -37.00840864 1.51444921e-02
77.24793834 32.63458122 -36.28594929 8.93357951e-01
76.95432488 32.84471671 -36.22403291 1.49849770e-02
76.97053139 32.91402279 -36.97211845 9.23224676e-01
77.26458692 32.70370838 -37.02625821 3.59694403e+00
77.34711373 32.56598123 -36.30173835 2.76559422e+01
76.59107281 33.20724854 -36.85290964 2.72444179e+01
76.66851719 33.06287636 -36.12859960 3.58735549e+01
76.39306218 33.29071240 -36.01784963 2.06139321e+01
76.40845667 33.36043060 -36.78742807 2.03908535e+01
76.75257012 33.11973230 -37.28586966 4.15149442e+01
76.85804240 32.91643497 -36.19533909 2.84145023e+01
76.68431104 33.13238567 -36.88525597 3.44508159e+01
76.76275121 32.98914311 -36.16215542 5.82737041e+01
76.44342869 33.20614622 -35.66127399 2.25936420e+01
76.36238004 33.15118534 -34.43323043 2.09881515e+01
76.27338747 33.22922228 -34.38326504 1.90043913e+01
76.09934474 33.38851827 -34.27958412 1.65485475e+01
76.89528347 32.76646138 -35.07442909 0.00000000e+00
76.82603593 32.77760626 -34.66138306 6.46598280e-02
76.18570246 33.30833904 -34.33126709 1.75866904e+01
76.24970485 33.29210771 -34.78225997 1.83919113e+01
76.54421025 32.99842480 -34.53519922 2.88179722e+01
76.42801456 33.13641974 -34.87176919 2.26435277e+01
76.90605705 32.59593379 -33.51058569 0.00000000e+00
76.73101577 32.85017738 -34.62423905 3.10960367e+01
77.10551710 32.69458106 -35.88635418 0.00000000e+00
77.01889487 32.63531289 -34.72774818 0.00000000e+00
77.08915453 32.62533107 -35.13054108 0.00000000e+00
77.07336851 32.51520790 -33.96054138 0.00000000e+00
77.18718358 32.55594346 -35.15342843 0.00000000e+00
77.11650434 32.56541241 -34.75311221 0.00000000e+00
77.28583051 32.48724882 -35.17245199 3.60289671e+00
77.29812604 32.31751839 -33.60405884 4.28264553e+00
77.27025764 32.37703942 -34.00189885 1.74273304e+00
77.28145654 32.24836175 -32.79596146 2.50803453e+00
76.88996381 32.52654873 -32.71079554 0.00000000e+00
76.80991694 32.66754257 -33.47363083 0.00000000e+00
76.62063028 32.81373621 -33.38342591 4.37528915e+01
76.63704429 32.92376710 -34.58259645 4.19459292e+01
76.68869085 32.80123361 -33.81769108 2.51229464e+01
76.51909035 33.06022920 -34.91728500 2.64781508e+01
76.59497996 32.87517778 -33.76840974 4.07334237e+01
76.52764625 32.88841370 -33.32830840 3.20598421e+01
76.50246264 32.95023150 -33.71463087 2.79447053e+01
76.43593225 32.96424723 -33.27051701 2.45725421e+01
76.24119744 33.04944247 -32.33392354 1.89785132e+01
76.23263539 33.18220316 -33.54086978 1.86330168e+01
76.15350189 33.12853731 -32.26069035 1.75980833e+01
76.14530534 33.26171178 -33.47834055 1.73290261e+01
75.98210922 33.28990768 -32.10155953 1.58522280e+01
76.16855588 33.19846117 -33.08693817 1.77383532e+01
75.89831501 33.37205025 -32.02004679 1.52735540e+01
75.99690174 33.35995863 -32.94684642 1.58988089e+01
75.80876461 33.58963385 -33.21928783 1.46298933e+01
75.67920305 33.93816314 -35.37217895 1.37476857e+01
75.72747680 33.67371044 -33.15330072 1.42452939e+01
75.89110964 33.50631662 -33.28461755 1.50854954e+01
75.66791934 33.69368441 -32.65765666 1.40456215e+01
75.66495045 33.86782168 -34.49190705 1.38116771e+01
75.64716789 33.75847668 -33.08181341 1.39096030e+01
75.58559966 33.95309487 -34.45436256 1.35217104e+01
75.27556594 34.29916995 -34.35020961 1.26540408e+01
75.33413376 34.10315698 -32.85015354 1.28505149e+01
75.56775571 33.84386426 -33.00746741 1.36090626e+01
75.52718706 33.97386942 -33.94676854 1.33829387e+01
75.35210999 34.21200730 -34.37498311 1.28291641e+01
75.41130664 34.01625604 -32.91842745 1.30634594e+01
75.09423970 34.63867704 -35.70609862 1.23827629e+01
75.47695212 34.20107697 -35.73464840 1.30509933e+01
75.84090439 33.76939228 -35.42113029 1.44420971e+01
75.84781944 33.63482753 -34.12829297 1.47041074e+01
75.74857086 33.60910549 -32.73381102 1.43958891e+01
75.76624473 33.71859504 -34.07869823 1.43078398e+01
75.91297793 33.44216482 -32.87592361 1.52932077e+01
75.93046897 33.55183651 -34.17812855 1.51780845e+01
76.05930777 33.34227832 -33.41406509 1.63704871e+01
76.07662995 33.45207030 -34.69144772 1.62027940e+01
76.17753671 33.44150510 -35.54525212 1.70546461e+01
76.16250731 33.37156633 -34.73610084 1.71284467e+01
75.95985474 33.69204997 -35.84820925 1.49842254e+01
75.99202852 33.53355642 -34.64851689 1.54995845e+01
75.92328455 33.68609660 -35.44824047 1.48755738e+01
75.90864562 33.61595600 -34.60750522 1.49591947e+01
76.00679499 33.60362842 -35.47786233 1.54297742e+01
76.03644015 33.74369450 -37.03918973 1.51732978e+01
75.97460186 33.76211696 -36.63030090 1.49065654e+01
76.04393128 33.60978658 -35.87656439 1.55610919e+01
76.12925207 33.52846344 -35.90741607 1.63117934e+01
76.14426228 33.59839607 -36.68395264 1.61982219e+01
75.87694967 33.77517733 -35.82194484 1.45211879e+01
75.70781807 34.07877339 -36.96045512 1.36325373e+01
75.21299297 34.45739826 -35.29495079 1.25262193e+01
75.10752804 34.70945808 -36.53012656 1.24328619e+01
75.44310315 34.19577263 -35.32361626 1.30013614e+01
75.41315567 34.35840485 -36.53735227 1.28604470e+01
75.79511819 33.85907956 -35.79764064 1.41388891e+01
75.56938124 34.18515227 -36.55117172 1.32525187e+01
75.64859760 34.09927061 -36.55180658 1.34910546e+01
75.59972169 34.02350158 -35.35151004 1.34694968e+01
75.71428370 33.94368725 -35.77522348 1.38114563e+01
75.63436488 34.02893183 -35.75520716 1.35279169e+01
75.32231041 34.37508082 -35.71806701 1.26899336e+01
75.08839435 34.77500477 -36.93851718 1.24486769e+01
75.37175853 34.14673881 -33.87037890 1.29194816e+01
75.36583435 34.28260532 -35.31224251 1.28160209e+01
75.74518781 33.78316214 -34.53016655 1.41370557e+01
75.68566855 33.80306970 -34.02892578 1.39651302e+01
75.19954121 34.38667729 -34.33223930 1.25156132e+01
75.01898036 34.72705712 -35.70777683 1.23585054e+01
75.14309561 34.40902599 -33.76708942 1.24427569e+01
74.91218737 34.81025760 -35.29509500 1.23937979e+01
75.12396400 34.47448280 -34.31197529 1.24160685e+01
74.88217139 34.97536249 -36.54428014 1.24980036e+01
75.06193834 34.63338359 -35.28804209 1.23669253e+01
74.93807158 34.95211389 -36.94609209 1.24825453e+01
75.03212713 34.79789762 -36.53422398 1.24126835e+01
75.18326803 34.62124910 -36.52864075 1.24905746e+01
75.24000878 34.59877849 -36.93375963 1.25624495e+01
75.24583944 34.46264778 -35.71220623 1.25656583e+01
75.16401398 34.68676511 -36.93484306 1.24885435e+01
75.16983953 34.55052820 -35.70754338 1.24627465e+01
74.54159329 35.25516111 -35.35321672 1.45111370e+01
74.49848075 35.35023554 -35.65452868 1.45675942e+01
74.58470392 35.33207035 -36.58084424 1.34766958e+01
74.64016301 35.30828351 -36.97880511 1.31095081e+01
74.46780319 35.34442321 -35.05827424 1.36018880e+01
74.94401349 34.81563882 -35.71337122 1.23987124e+01
74.86931234 34.90440523 -35.71844204 1.24714487e+01
74.52944219 35.18392328 -34.30095210 1.49090010e+01
74.98692342 34.72172402 -35.29070923 1.23510306e+01
75.06777590 34.49705594 -33.72569450 1.23745969e+01
74.61545309 35.16597018 -35.33555320 1.33093952e+01
74.67695670 35.00573674 -34.20149704 1.30205799e+01
74.45580234 35.27313023 -34.10065639 1.30443736e+01
74.65894216 34.89825279 -32.17985025 1.30910026e+01
74.47435115 35.20770462 -33.64464621 1.40359299e+01
74.67756124 34.83268987 -31.56513267 1.28534136e+01
74.54800545 35.11846524 -33.59493408 1.47921668e+01
74.73285379 34.80913987 -32.26504072 1.26472258e+01
74.62173841 35.02930179 -33.51486092 1.34060112e+01
74.80693719 34.72015575 -32.32891213 1.24252017e+01
74.75088190 34.91678577 -34.22209490 1.26786655e+01
75.12507034 34.30055145 -32.13148510 1.23654198e+01
75.04876654 34.56254370 -34.28538044 1.23502545e+01
75.18151643 34.27810678 -32.71050977 1.24905479e+01
74.76347808 34.98785624 -35.30724625 1.26377842e+01
74.83771706 34.89897523 -35.29989407 1.24915047e+01
75.21881850 34.32126607 -33.79693126 1.25676311e+01
75.25756104 34.19045679 -32.77769975 1.26593386e+01
74.58515434 34.98746716 -32.12294457 1.41453681e+01
75.18731025 34.14196769 -31.20385017 1.24452529e+01
74.90008153 34.56576769 -31.87059143 1.21941584e+01
74.99279940 34.58531843 -33.67555154 1.23385693e+01
75.10592676 34.36605947 -32.65275672 1.23671446e+01
74.97389360 34.65082563 -34.26114559 1.23386197e+01
75.04974187 34.38873129 -32.05435378 1.22451933e+01
74.89930130 34.73930156 -34.24022310 1.23944500e+01
75.03072259 34.45427098 -32.58240570 1.22692851e+01
74.84370528 34.76243517 -33.59444798 1.24360634e+01
74.51146221 35.07676699 -32.34266838 1.41692212e+01
74.78736575 34.44163555 -28.63213468 1.16439907e+01
74.45639033 35.10065957 -31.90675636 1.24468721e+01
74.51779754 34.94007418 -30.35322068 1.30769979e+01
74.53002535 35.01125493 -31.57770245 1.43774263e+01
74.66504213 34.76161701 -30.39214289 1.28300118e+01
74.75151796 34.74356120 -31.65923803 1.24966047e+01
74.92979445 34.40094902 -30.30438546 1.19764857e+01
74.43784253 35.16613915 -32.50271617 1.22741550e+01
74.44430963 35.02942536 -30.67025161 1.11758861e+01
74.60374093 34.92192714 -31.45861649 1.40066539e+01
74.73885514 34.67254306 -30.50890591 1.23438417e+01
74.48713132 34.93435205 -29.88168186 1.20877939e+01
74.56672482 34.70849676 -28.34389606 1.35237096e+01
74.63402727 34.75605306 -29.82453108 1.31232092e+01
74.84265383 34.41850752 -29.17374825 1.17381269e+01
74.56053048 34.84515950 -29.71613341 1.39939836e+01
74.62162292 34.68492819 -28.85562570 1.31069379e+01
74.99127931 34.24177705 -29.41047701 1.19011212e+01
74.95584782 34.54270637 -32.50082229 1.22541931e+01
74.91682189 34.33004303 -29.29235584 1.17829521e+01
74.82567270 34.65457627 -31.75886235 1.22915464e+01
75.08509304 34.08828555 -29.07948558 1.21132255e+01
75.00439086 34.31262698 -30.42236460 1.20445211e+01
74.97476167 34.47714666 -31.96736238 1.21768654e+01
75.11170812 34.22981534 -31.09048685 1.22644741e+01
75.03651701 34.31793761 -30.98408057 1.21349612e+01
74.88125794 34.63133817 -32.41311078 1.22980212e+01
74.96167546 34.40629603 -30.87759449 1.20464846e+01
74.85548583 34.48946882 -30.18275337 1.19481430e+01
74.88713523 34.49486070 -30.76392249 1.20231076e+01
74.81286796 34.58361368 -30.63517388 1.20933499e+01
75.26339813 34.05444219 -31.31969221 1.26567708e+01
75.27702958 34.12506019 -32.30421337 1.27015834e+01
75.34004073 33.96728451 -31.41811577 1.29001544e+01
75.35380325 34.03784138 -32.38700242 1.29185096e+01
75.46122130 33.78887947 -31.08282250 1.33631787e+01
75.43120878 33.95104290 -32.44227838 1.31635508e+01
75.65363754 33.62337589 -31.76660537 1.40528559e+01
75.50931754 33.86471569 -32.48691660 1.34364720e+01
75.69876612 33.53315797 -31.38340315 1.43119321e+01
75.58819568 33.77890986 -32.57447430 1.37289015e+01
76.11530905 33.12180136 -31.81671634 1.72159862e+01
76.08207343 33.27869897 -33.01765527 1.66868244e+01
75.81569520 33.45506240 -31.93788198 1.48037415e+01
75.83023159 33.52524232 -32.80498908 1.48042404e+01
76.10036652 33.05180818 -30.99715477 1.70036783e+01
76.06715060 33.20871159 -32.18227889 1.66000960e+01
75.94512054 33.28367187 -31.64829229 1.56511106e+01
76.02957297 33.20224077 -31.73340183 1.63266169e+01
75.76537003 33.37896192 -30.58938094 1.46850133e+01
75.61871310 33.61779701 -31.28705773 1.39738779e+01
75.68446421 33.46284647 -30.47677973 1.43234080e+01
75.53955841 33.70305886 -31.18694803 1.36570373e+01
75.60453927 33.54742280 -30.36340270 1.40144406e+01
75.49529332 33.79428147 -31.57010160 1.34306181e+01
75.52551347 33.63262265 -30.24948290 1.36983202e+01
75.41731496 33.88054704 -31.49227294 1.31495355e+01
75.36984621 33.80464578 -30.01756013 1.30887247e+01
75.30671983 33.96198258 -30.89674573 1.28189290e+01
75.23624333 33.91314496 -29.32248872 1.26250876e+01
75.15463597 34.13669336 -30.66011796 1.23656851e+01
75.38963532 33.73949105 -29.56257720 1.32096457e+01
75.35198898 33.69564818 -28.49652581 1.31662969e+01
75.46735292 33.65334726 -29.68491597 1.35349434e+01
75.44956779 33.54417514 -28.12290298 1.36302136e+01
75.44730631 33.71838207 -30.13510199 1.33803333e+01
75.38363047 33.87520380 -30.99953536 1.30768853e+01
75.93043778 33.21355260 -30.80989149 1.55741167e+01
75.76923116 33.20501553 -28.62850615 1.48827767e+01
75.78672905 33.31462951 -30.19292682 1.48611086e+01
76.02023769 32.95880539 -28.99919089 1.62283538e+01
75.86909547 33.23174616 -30.32064435 1.52552384e+01
76.03741536 33.06866135 -30.53649909 1.63911787e+01
76.10645254 32.87869507 -29.11204455 1.69783555e+01
76.01476072 33.13218458 -30.90718360 1.62057309e+01
76.08325908 32.94191479 -29.63430283 1.68274288e+01
75.95263370 33.14973139 -30.43694051 1.57697441e+01
76.08943622 32.76876236 -27.37898820 1.65070687e+01
75.99753217 33.02235661 -29.53064269 1.60942205e+01
75.98033854 32.91251430 -27.80796190 1.58311032e+01
75.91309692 33.10379937 -29.41800927 1.55648486e+01
75.89579003 32.99403245 -27.68594232 1.54013534e+01
75.85169545 33.12204295 -28.76012481 1.52486784e+01
75.52811471 33.45843309 -28.24574498 1.39467044e+01
75.58684412 33.43805507 -28.88024697 1.41329850e+01
75.42949467 33.60925503 -28.61991381 1.34975965e+01
75.43181133 33.43499379 -26.48950237 1.37809288e+01
75.75176556 33.09538907 -26.91171979 1.48282187e+01
75.68786456 33.28878496 -28.49832646 1.45628857e+01
74.97330723 34.13350031 -27.94787517 1.17387926e+01
75.06714237 33.97980422 -27.58434449 1.20216968e+01
74.67773196 34.31506336 -25.72862685 1.13513375e+01
74.75078387 34.39935511 -27.66672367 1.14667526e+01
75.29306610 33.89136385 -29.90084441 1.28036720e+01
75.27517026 33.78250051 -28.37936788 1.28452914e+01
75.21689064 33.97848350 -29.78248287 1.25417754e+01
75.19896425 33.86975968 -28.26756523 1.25238847e+01
75.04810689 34.04530724 -28.04882852 1.19688755e+01
75.01017639 34.17629399 -28.96388058 1.19004066e+01
74.69510190 34.59597801 -28.95795292 1.21779117e+01
74.82467741 34.31054429 -27.76062487 1.14386833e+01
74.70765030 34.66704902 -29.94171883 1.23543190e+01
74.78144832 34.57817523 -30.05489154 1.20417691e+01
74.41380645 35.02361754 -30.23607757 9.54628417e+00
74.47501793 34.86312047 -28.74110634 1.09012743e+01
74.40183987 34.95233302 -29.06654345 8.98186241e+00
74.38393119 34.84535416 -27.37761835 7.29703525e+00
74.54827115 34.77398112 -28.75264776 1.35380522e+01
74.62215781 34.51188871 -27.06375539 1.27137509e+01
74.64011066 34.61942094 -28.43947160 1.27409582e+01
74.67713566 34.48833638 -27.57816148 1.18520625e+01
74.71363674 34.53045526 -28.53110593 1.18730843e+01
74.76939808 34.33377825 -27.22607438 1.13013507e+01
74.53032940 34.66666874 -27.42081611 1.27176574e+01
74.47552095 34.69046343 -26.92295451 9.62052030e+00
74.45761278 34.58326556 -25.56356287 7.93376933e+00
74.40234263 34.77987576 -26.85196942 7.72539437e+00
74.73283119 34.29155085 -26.24765936 1.11280471e+01
74.69567433 34.42275933 -27.14250201 1.15348802e+01
74.34209318 34.59587856 -22.69353071 5.32493991e+00
74.43918299 34.64883148 -26.00178497 7.93477533e+00
74.44543585 34.51209149 -24.01943262 5.77083374e+00
74.60422415 34.40435739 -25.67095564 1.21851173e+01
74.59176361 34.33328611 -24.13753142 1.08946398e+01
74.80672255 34.20257941 -26.31183286 1.12966698e+01
74.66513141 34.24404420 -24.19739242 1.17730099e+01
74.75145130 34.22591997 -25.78565106 1.11673085e+01
74.78108602 34.06069991 -23.27520665 1.17682622e+01
74.89969873 34.04818829 -25.91494806 1.15165789e+01
74.92917611 33.88355495 -23.45688971 1.22429565e+01
74.96112772 33.88882601 -24.48524542 1.20241813e+01
74.88089165 34.11379810 -26.38311696 1.13815814e+01
74.91613701 33.81269603 -21.15292581 1.24244327e+01
75.23005945 33.53240980 -23.87646281 1.39684166e+01
74.86076297 33.83555709 -19.79142857 1.22243855e+01
74.85498094 33.97202521 -23.36431192 1.17723901e+01
74.88668542 33.97732854 -24.40892699 1.17174871e+01
74.82543403 34.13695759 -25.84576384 1.13344926e+01
74.76831947 33.98973497 -20.95235521 1.21311458e+01
74.81255721 34.06604423 -24.33297986 1.15206928e+01
74.70747072 34.14956551 -23.19258269 1.18237579e+01
74.73871237 34.15495365 -24.26180883 1.13865908e+01
74.51854327 34.42264179 -24.07754657 8.44779073e+00
74.60372828 34.05989899 -17.05473135 4.91667043e+00
74.48788791 34.41706162 -22.97401450 6.33844915e+00
74.47567928 34.34588995 -20.61738437 4.98615146e+00
74.33016951 34.52460573 -20.22200809 6.12629216e+00
74.54858026 34.25665931 -20.69786292 6.18018753e+00
74.47613734 34.17299256 -15.82427224 7.31558557e+00
74.49400603 34.28034934 -19.37303644 5.31534752e+00
74.62161685 34.16753528 -20.77774162 9.68209956e+00
74.34844793 34.45912584 -19.09518627 6.61765890e+00
74.40332471 34.26250977 -15.78943864 9.45111121e+00
74.31860338 34.28089025 -14.23732668 1.22501592e+01
74.53069928 34.14918985 -17.00099325 5.83726976e+00
74.56694465 34.19109593 -19.44923149 5.30644012e+00
74.62214890 33.99426568 -15.89443717 5.29413038e+00
74.72489170 33.73988169 -13.91220699 4.90243130e+00
74.87218559 33.56272862 -13.94450312 9.70947631e+00
74.84288321 33.72737848 -16.01666359 1.13381293e+01
74.97839325 33.47975539 -14.38410079 1.25887787e+01
74.89825557 33.70441289 -17.30519365 1.21658040e+01
75.02090562 33.38653090 -13.97610665 1.30669457e+01
74.91706447 33.63882512 -16.05972901 1.21866428e+01
74.99161603 33.55051946 -16.10362351 1.23017244e+01
74.93493501 33.74716169 -19.88824225 1.26472699e+01
74.76902284 33.81614863 -15.97391010 8.50355232e+00
74.71333727 34.01297099 -19.60742759 1.15545369e+01
75.04750142 33.52800595 -17.44330606 1.26816069e+01
74.99054279 33.72451196 -21.25723792 1.29148064e+01
74.82418858 33.79298836 -17.23821495 1.16780686e+01
74.78690750 33.92416680 -19.69659390 1.21563371e+01
74.63410695 34.23860465 -23.11816156 1.16703990e+01
74.69484162 34.07854799 -20.86105289 1.23757456e+01
75.35242627 33.17945364 -17.77477878 1.46358494e+01
75.23597685 33.39647368 -20.32411349 1.45864664e+01
75.69117432 32.77498710 -16.64681735 1.55772219e+01
75.46201580 33.27323973 -24.27187620 1.50915872e+01
75.45072411 33.02852290 -16.42710977 1.47588386e+01
75.39011920 33.22353593 -20.58763362 1.50387410e+01
75.50925130 33.00811533 -17.96666657 1.50084560e+01
75.44806228 33.20277263 -22.04113571 1.52786610e+01
75.12281560 33.44026010 -17.51820894 1.33920956e+01
75.00371638 33.79531704 -23.55027719 1.27304911e+01
75.27521051 33.26593615 -17.68432204 1.43266455e+01
75.32481044 33.03841459 -14.04680617 1.44850004e+01
75.14210832 33.37482745 -16.19940578 1.33746352e+01
75.17747830 33.07567868 -12.74037360 1.48334897e+01
76.00457409 32.51197395 -18.71258821 1.55388768e+01
76.49940956 31.84408266 -13.32939578 0.00000000e+00
75.83471215 32.67379239 -18.43919832 1.61648924e+01
75.68722169 32.94898913 -22.55584229 1.59259633e+01
75.75167254 32.75615073 -18.30594840 1.57471594e+01
75.60652620 33.03289682 -22.37414820 1.57461132e+01
76.09152760 32.43267349 -18.85536548 1.67108547e+00
75.86651593 32.85376068 -25.11678023 1.56593179e+01
75.77346074 32.69201315 -16.76344038 1.58598820e+01
75.62747776 32.96832908 -21.03811022 1.57083837e+01
75.78345701 32.93609309 -24.92838275 1.55871223e+01
75.70855501 32.88464010 -21.20364737 1.58533041e+01
75.90339099 32.86004375 -25.87620671 1.55789760e+01
75.85193181 32.78359032 -22.95038641 1.60748070e+01
76.02155610 32.62191842 -23.36804339 1.65382421e+01
75.95874216 32.63872355 -21.73746060 1.61416686e+01
75.93609614 32.70225039 -23.15976908 1.62872391e+01
75.87411438 32.71976145 -21.55499748 1.61141354e+01
75.70155469 33.01927971 -24.74947144 1.55281184e+01
75.76899833 32.86586236 -22.74799887 1.60559712e+01
75.52683380 33.11751453 -22.20310569 1.54767449e+01
75.46834180 33.13784598 -20.73094621 1.52544691e+01
75.14064238 33.54899947 -21.48410688 1.38537342e+01
75.10537848 33.84879416 -26.62641378 1.23185315e+01
75.15408155 33.61969518 -23.75964502 1.35134587e+01
75.08443950 33.57114571 -20.09190703 1.37018714e+01
75.06535299 33.63659727 -21.36668478 1.33260556e+01
75.00947244 33.65901107 -19.98747303 1.30813608e+01
75.21648988 33.46177012 -21.61058312 1.42443384e+01
75.15991673 33.48361708 -20.20381874 1.39796493e+01
75.20045255 33.69559205 -26.21369888 1.28072812e+01
75.07865998 33.70734799 -23.65114455 1.29395488e+01
75.26322467 33.53769613 -24.84542342 1.35825212e+01
75.18690588 33.62495290 -24.74523657 1.31814909e+01
75.04921601 33.87131815 -26.05873005 1.21183098e+01
75.11116596 33.71259253 -24.65190493 1.28327132e+01
75.34019211 33.45087083 -24.95188564 1.41295341e+01
75.35399608 33.52139438 -26.39378070 1.34796899e+01
75.67031084 33.17925763 -26.80000762 1.45685505e+01
75.73732745 33.02516208 -25.57766040 1.53787387e+01
76.00309513 32.84893494 -27.26079440 1.58485053e+01
75.95080792 32.77236158 -25.31458450 1.60519948e+01
76.07448459 32.69877300 -26.18578486 1.63693846e+01
75.98827508 32.77888791 -26.03417036 1.59521885e+01
76.17714958 32.68969884 -27.49456446 1.80300110e+01
76.25100520 32.54189485 -26.40169406 2.36650751e+01
76.33183298 32.59709447 -28.27603821 2.67087697e+01
76.43272442 32.38950320 -26.59935532 5.67481880e-03
76.26620500 32.61175538 -27.60448972 2.31265809e+01
76.34122887 32.46513190 -26.50254862 6.05794849e+00
76.28607058 32.38757302 -23.77834695 2.15464547e-01
76.21166605 32.53449787 -25.76439247 2.24556639e+01
76.22070629 32.40209307 -22.20464863 5.56335600e-01
76.04469113 32.55872427 -21.91689419 1.70731102e+01
76.31068446 32.32546134 -22.34587383 0.00000000e+00
76.30129121 32.45744086 -25.86703740 7.57389272e+00
76.37684228 32.31170154 -23.89718775 0.00000000e+00
76.39218556 32.38150329 -25.96517210 1.81079634e-02
76.65643743 32.09085466 -24.21707872 0.00000000e+00
76.54107072 32.38471172 -27.89418407 0.00000000e+00
77.14042205 31.74110557 -24.54344716 0.00000000e+00
76.81023767 32.09792688 -26.89320182 0.00000000e+00
76.46887556 32.23697902 -24.00933905 0.00000000e+00
76.48434879 32.30672031 -26.05695953 0.00000000e+00
76.57772514 32.23307640 -26.14162212 0.00000000e+00
76.60902960 32.37234578 -28.54789418 0.00000000e+00
76.71434731 32.16931915 -26.83578503 0.00000000e+00
76.73018031 32.23885585 -28.03455055 0.00000000e+00
77.00438551 31.95765147 -26.97841221 0.00000000e+00
76.99321435 32.08692517 -28.74311974 0.00000000e+00
76.61941005 32.24167944 -26.76973784 0.00000000e+00
76.52548942 32.31504176 -26.68943421 0.00000000e+00
77.09116180 32.01759701 -28.76214626 0.00000000e+00
77.03617772 32.13721318 -29.81557107 0.00000000e+00
77.30008712 31.75228830 -27.03663840 1.99189121e+00
77.20101778 31.82015227 -27.02472451 0.00000000e+00
77.49961949 31.61825638 -27.05274734 3.35495508e+01
77.48818066 31.74639281 -28.77460477 3.66332872e+01
77.75682609 31.41180359 -26.52264515 2.08820365e+01
77.61731787 31.62130697 -28.20513494 2.43550855e+01
77.80338809 31.42270145 -27.09954092 1.99360931e+01
77.71870251 31.55604592 -28.21309840 2.08978626e+01
77.92413268 31.42882831 -28.26567902 1.88869079e+01
78.01063709 31.29827517 -27.17904508 1.89487289e+01
78.33241760 31.12647409 -27.41137878 1.69691688e+01
78.35103511 31.19578095 -28.55336585 1.66607039e+01
78.04978604 31.15698098 -25.04807582 2.01756114e+01
78.06773628 31.22614552 -26.65190299 1.88587085e+01
77.53756543 31.47275597 -24.67886255 3.07733806e+01
77.65531473 31.47638568 -26.50281685 2.25863237e+01
77.63815892 31.40727375 -24.71897698 2.52298193e+01
77.60016934 31.55220154 -27.06385643 2.56565232e+01
77.43756041 31.53896276 -24.64151659 1.60390480e+01
77.39961333 31.68497846 -27.04665078 1.61004669e+01
77.45437887 31.60812026 -26.47613366 2.80570077e+01
77.41642246 31.75412958 -28.19840213 2.63604081e+01
77.36614805 31.54662201 -23.35598706 2.81522215e+00
77.35472413 31.67498601 -26.46800227 5.10675380e+00
77.16814337 31.68161231 -23.25929411 0.00000000e+00
77.05855552 31.87896445 -26.40939792 0.00000000e+00
77.33805889 31.60578860 -24.61195563 2.98321780e+00
77.25552432 31.74240927 -26.45171199 8.08960935e-02
77.56604954 31.41395881 -23.46948746 2.91944802e+01
77.55454764 31.54188512 -26.48939165 2.92623348e+01
77.42255850 31.42842981 -20.16351735 2.50382901e+00
77.06984326 31.74994863 -23.20236243 0.00000000e+00
77.93049673 31.10635641 -20.73969128 2.55551528e+01
77.84172855 31.27925940 -24.84862778 2.16513306e+01
77.94508530 31.21723976 -24.93676462 2.09620077e+01
77.87114743 31.22145354 -23.76835024 2.30492018e+01
78.50344729 30.77503033 -20.27938901 2.53718179e+01
78.08019515 31.10036610 -24.09368325 2.13797660e+01
79.87208862 30.46505102 -26.66249824 2.72848796e+01
79.04363873 30.60599862 -22.63636056 2.36687765e+01
78.37330150 30.98954497 -25.47375415 1.76541304e+01
78.84631907 30.63943015 -20.80970814 1.03057397e+01
78.26381229 31.04289267 -25.32291124 1.84394519e+01
78.24963039 30.93205218 -21.52865113 2.15124133e+01
77.82704262 31.16842396 -20.56430505 2.74931200e+01
77.76853297 31.28447924 -23.64564000 2.37845188e+01
77.52264014 31.36214249 -20.22643714 1.11431545e+01
77.46583713 31.47996814 -23.40760117 1.64117934e+01
77.05450867 31.63964144 -18.08638574 0.00000000e+00
77.37246987 31.22090819 -13.28859037 1.73267561e-03
77.32297389 31.49533012 -20.11592115 6.96372155e-02
77.26692238 31.61384553 -23.30827222 1.15999512e-02
77.22383141 31.56277505 -20.07163231 0.00000000e+00
76.87489337 31.88851200 -23.05719444 0.00000000e+00
77.12514590 31.63077230 -20.02837244 0.00000000e+00
76.75170989 32.01927718 -24.30318209 0.00000000e+00
76.45263606 32.12684515 -19.40838725 0.00000000e+00
77.17463516 31.35501210 -13.30600319 0.00000000e+00
76.83222655 31.83840136 -19.84076221 0.00000000e+00
76.67216054 32.16046370 -26.21553848 0.00000000e+00
76.76270397 31.84869277 -17.94807701 0.00000000e+00
76.58810509 32.10239090 -22.74587470 0.00000000e+00
76.94477192 31.87875930 -24.44612537 0.00000000e+00
76.92926158 31.76851153 -19.91501980 0.00000000e+00
76.76756131 32.08882233 -26.27717078 0.00000000e+00
76.68279216 32.03016381 -22.86333658 0.00000000e+00
76.97205702 31.81888153 -23.13744562 0.00000000e+00
76.96087886 31.94817366 -26.37717578 0.00000000e+00
76.84786972 31.94861954 -24.37848194 0.00000000e+00
76.77842578 31.95889993 -22.96477078 0.00000000e+00
76.57208496 31.99222406 -17.79696411 0.00000000e+00
76.40192743 32.24995915 -22.48375050 0.00000000e+00
76.13202201 32.47984320 -22.06046719 1.56491247e+01
76.17986602 32.35451915 -18.99855636 4.65520077e-03
76.66692488 31.91997869 -17.87727808 0.00000000e+00
76.56212385 32.16339800 -24.11621874 0.00000000e+00
76.47825918 32.06547386 -17.70001233 0.00000000e+00
76.49443439 32.17562101 -22.61641035 0.00000000e+00
76.19656830 32.46456485 -23.65603748 1.60122382e+01
76.29419829 32.21536501 -17.48133294 0.00000000e+00
76.38559746 32.13983596 -17.59250485 0.00000000e+00
76.51492021 31.91383093 -14.53166088 0.00000000e+00
76.64050606 31.98068147 -19.65140528 0.00000000e+00
76.65119222 31.85036997 -15.30809100 0.00000000e+00
76.26952025 32.27749201 -19.13883011 0.00000000e+00
76.37023350 32.07003558 -15.16327007 0.00000000e+00
76.73592664 31.90908386 -19.75079806 0.00000000e+00
76.74685729 31.77915826 -15.33994095 0.00000000e+00
76.11523385 32.36982107 -17.24484351 2.82484303e-02
76.23914672 32.13771052 -14.42946687 0.00000000e+00
76.54603850 32.05324273 -19.53769139 0.00000000e+00
76.55647611 31.92255162 -15.27011209 0.00000000e+00
76.20406635 32.29202963 -17.36521097 0.00000000e+00
76.27896076 32.14550556 -15.10198551 0.00000000e+00
76.40637806 31.91749748 -13.32587098 0.00000000e+00
76.46276904 31.99573358 -15.22083384 0.00000000e+00
76.32982664 32.06193309 -14.46635719 0.00000000e+00
76.42176269 31.98730537 -14.49997398 0.00000000e+00
76.18894958 32.22210680 -15.03519516 0.00000000e+00
76.31456793 31.99206626 -13.32106005 0.00000000e+00
77.07635133 31.42284128 -13.31340399 0.00000000e+00
76.84334799 31.70881826 -15.36344566 0.00000000e+00
76.78453338 31.62986454 -13.32936661 0.00000000e+00
76.70432806 31.76994166 -14.57347492 0.00000000e+00
77.03829856 31.57031316 -15.38378304 0.00000000e+00
77.30135440 31.22853457 -12.79150968 0.00000000e+00
76.90846142 31.50035605 -12.82721075 0.00000000e+00
76.80039883 31.69940756 -14.58880448 0.00000000e+00
77.19098934 31.42428752 -14.59440609 0.00000000e+00
76.99461564 31.56060642 -14.59869793 0.00000000e+00
76.89719815 31.62966130 -14.59627607 0.00000000e+00
76.85930984 31.77827861 -18.00726734 0.00000000e+00
76.94052117 31.63922507 -15.37599412 0.00000000e+00
76.95660362 31.70861605 -18.05091618 0.00000000e+00
77.35110774 31.43613250 -18.15736685 1.64208535e-02
77.43408381 31.30024732 -15.38828184 4.40182640e-01
77.65208662 31.23799943 -18.30630305 2.15569296e+01
77.73646553 31.10453085 -15.49248573 1.95764025e+01
78.06578473 30.98945544 -18.99712942 2.62980865e+01
78.15447207 30.86266675 -16.09765182 3.10225208e+01
78.17270851 30.93202877 -19.29509198 2.46843460e+01
78.21290721 30.79325437 -15.05745344 1.42704426e+01
78.28130576 30.87706326 -19.62254593 2.36805032e+01
77.79213301 31.03010011 -14.66084762 2.01886686e+01
78.59763505 30.65828508 -17.09412726 9.78321610e-01
78.37289798 30.75522815 -16.61524632 1.10647542e+01
78.35929474 30.87879648 -21.82778997 2.06031954e+01
78.55967140 30.51916303 -12.89738149 2.62541998e-03
78.26283718 30.80762561 -16.34878840 2.24820315e+01
78.33573603 30.61624940 -12.83758685 1.56014181e-01
78.10539455 30.84923300 -14.91824699 2.46430026e+01
78.22613041 30.66879271 -12.81199448 8.76218800e-01
78.04778123 30.92016457 -15.87703443 3.42555096e+01
78.19466123 30.72387829 -13.34859370 2.62867823e+00
77.67305808 31.02450839 -13.27349080 6.54684353e+00
77.58918174 31.15831036 -14.59647813 2.72848648e+00
77.60083415 31.03058114 -12.76511089 2.05217228e+00
77.48886412 31.22385262 -14.58982097 1.36867468e+00
77.20247988 31.29570107 -12.80166476 0.00000000e+00
77.33447486 31.36695118 -15.38390868 0.00000000e+00
77.09257664 31.49217729 -14.59934891 0.00000000e+00
77.23531078 31.43420535 -15.38444441 0.00000000e+00
77.13657769 31.50198695 -15.38541005 0.00000000e+00
77.15291793 31.57125488 -18.11183088 0.00000000e+00
77.94265995 30.97984467 -15.70074933 3.32171431e+01
77.87759794 30.89876618 -13.28234201 1.69419184e+01
77.80407304 30.90307252 -12.75910421 1.17026506e+01
77.89294786 30.73045817 -11.18588443 3.59595509e+00
77.89515472 30.96795133 -14.71518684 2.81018855e+01
77.99951773 30.90755942 -14.80240814 2.84699952e+01
77.90733963 30.84141910 -12.76333997 1.29293133e+01
77.96740527 30.72735341 -11.71082590 4.48484675e+00
78.01200586 30.78162162 -12.77499371 9.68433555e+00
78.10410524 30.61302710 -11.16511713 6.70857073e-01
78.11823258 30.72398620 -12.79131591 3.41156281e+00
78.28977130 30.55956829 -11.71549479 6.39594476e-02
78.32211867 30.73985917 -15.20981778 4.58278768e+00
78.63991810 30.52574469 -13.49595531 7.05329698e-03
78.18061967 30.61295896 -11.71028280 4.22249098e-01
78.32195033 30.50544394 -11.15566698 9.16746535e-03
78.21216448 30.55788939 -11.15807987 1.13107947e-01
77.99773664 30.67064492 -11.17483810 2.36416345e+00
78.08601656 30.54355425 -9.83260980 2.14783879e-01
77.97988334 30.60125624 -9.86451591 1.04576687e+00
77.82811631 30.64925662 -9.17097487 1.37641079e+00
77.77218123 30.72290173 -9.94018592 2.02125663e+00
77.50044503 31.09586864 -12.77204496 1.19132543e+00
77.58616384 30.91980402 -11.23363878 1.47268368e+00
77.48569437 30.98517194 -11.24958835 7.24634849e-01
77.56916822 30.85060212 -10.01526637 1.03183519e+00
77.38582444 31.05128322 -11.26590664 3.34256908e-03
77.46887694 30.91596886 -10.05151321 2.75131706e-01
77.28643808 31.11799661 -11.28135080 0.00000000e+00
77.32442722 30.97186045 -9.42063067 0.00000000e+00
76.73743885 31.38052998 -9.59519949 0.00000000e+00
76.96323815 31.38087150 -11.82543691 0.00000000e+00
77.35759554 31.11032666 -11.77611479 0.00000000e+00
77.36917231 30.98206391 -10.08183015 0.00000000e+00
76.89311400 31.39004047 -11.33506351 0.00000000e+00
77.07269058 31.18363308 -10.15733478 0.00000000e+00
77.10401676 31.36337421 -12.81106224 0.00000000e+00
77.15957823 31.24457209 -11.80255496 0.00000000e+00
76.79604069 31.45952193 -11.34689530 0.00000000e+00
76.81152194 31.56980533 -12.83368083 0.00000000e+00
77.28983933 31.35692924 -14.59165759 0.00000000e+00
77.38911347 31.29009588 -14.58661261 2.48120949e-02
76.71525928 31.63999739 -12.83821958 0.00000000e+00
76.60914526 31.84140128 -14.55536618 0.00000000e+00
76.61983094 31.71107158 -12.84186421 0.00000000e+00
76.67289290 31.59008326 -11.85488090 0.00000000e+00
76.20754694 31.95765816 -11.89104957 0.00000000e+00
76.22400865 32.06778078 -13.31459587 0.00000000e+00
76.14226136 31.97208135 -11.42138744 0.00000000e+00
76.13471770 32.14462051 -13.30544246 0.00000000e+00
76.30811023 31.75034440 -10.31832751 0.00000000e+00
76.39023116 31.80731885 -11.87889926 0.00000000e+00
76.23218578 31.89556971 -11.41212959 0.00000000e+00
76.29826344 31.88191346 -11.88570728 0.00000000e+00
76.60406142 31.60083920 -11.36967834 0.00000000e+00
76.78021109 31.39001812 -10.21789231 0.00000000e+00
76.69963713 31.52974126 -11.35820731 0.00000000e+00
76.76899188 31.51959626 -11.84586022 0.00000000e+00
76.03872936 31.97969231 -10.38158174 0.00000000e+00
75.94328747 32.19175257 -11.90187827 0.00000000e+00
75.95162376 32.05845587 -10.40169290 0.00000000e+00
75.88060493 32.20852501 -11.44320177 4.16402892e-03
75.71290490 32.37154650 -11.45445438 5.26825620e+00
75.64819034 32.56412291 -12.79865940 1.82794352e+01
75.69117908 32.43566657 -11.90622291 1.28437999e+01
75.62692345 32.62845642 -13.23990540 1.69006461e+01
75.52908928 32.60276542 -11.90416947 1.74317304e+01
75.73055076 32.14268715 -8.58370732 3.06241881e-03
75.44962026 32.68744245 -11.90174454 1.66935827e+01
75.53584261 32.46781227 -10.49107148 1.59828839e+01
75.39132379 32.70781352 -11.46302734 1.70299798e+01
75.45613780 32.55223908 -10.50356573 1.83724482e+01
75.33095920 32.90280333 -12.76094580 1.53564674e+01
75.34336275 32.63179446 -10.00998920 1.88345516e+01
75.56739767 32.64774428 -12.78991224 1.66259566e+01
75.47017922 32.62265070 -11.46269157 1.76195539e+01
75.08258350 33.22818032 -13.14884591 1.40359259e+01
75.29956426 32.72307262 -10.52272746 1.86787036e+01
75.60958278 32.51881605 -11.90567916 1.82975092e+01
75.55000763 32.53817060 -11.46118239 1.82153002e+01
75.79612152 32.28954874 -11.44929943 3.53779635e-01
75.79108731 32.46321708 -13.26351311 1.15785633e+01
76.14973455 32.21461199 -14.38796484 0.00000000e+00
76.15881396 32.08218473 -12.83780179 0.00000000e+00
76.05364638 32.04973395 -11.42884288 0.00000000e+00
76.07034831 32.15979368 -12.83248347 0.00000000e+00
75.97494419 32.37183325 -14.30024277 9.88627176e-02
76.04674926 32.22259485 -13.29504863 0.00000000e+00
75.84233074 32.53977926 -14.74434894 1.54127667e+01
75.89757404 32.31846155 -12.82129352 1.10807820e-01
75.88962016 32.45212513 -14.25597338 4.89351808e+00
75.96018369 32.30173111 -13.28511292 3.76247362e-02
75.91899111 32.59237465 -18.57349150 1.61695055e+01
76.01289281 32.37871032 -14.89147601 6.74040168e-02
75.85694306 32.60993228 -16.88000082 1.60013654e+01
75.92694864 32.45872192 -14.81790207 3.90199772e+00
76.02776405 32.44875456 -17.12195521 2.40679259e+00
76.10023834 32.29983599 -14.96426779 0.00000000e+00
75.75897452 32.62180371 -14.67197588 1.66966169e+01
75.58901887 32.92338499 -18.06723374 1.53671601e+01
75.67681251 32.70472033 -14.60094301 1.57020619e+01
75.52988492 32.94331342 -16.48896155 1.48897426e+01
75.59577058 32.78845408 -14.55276633 1.51508627e+01
75.48113278 32.86729925 -14.08500497 1.49210109e+01
75.19869635 33.35288804 -17.59854595 1.36812715e+01
75.28122470 33.13014891 -14.46278477 1.41397192e+01
75.29495987 33.20069628 -16.30833932 1.41652256e+01
75.35858076 33.04384587 -14.48417704 1.43959664e+01
75.48764944 32.73211175 -12.78064828 1.59637310e+01
75.40254684 32.95256567 -14.06572569 1.46908284e+01
75.24784716 33.12478657 -14.02811137 1.41956506e+01
75.31105300 32.96786610 -13.18802541 1.49149947e+01
75.56065029 32.78268160 -14.10452400 1.52700238e+01
75.54651667 32.71229896 -13.22733807 1.58389707e+01
75.20459605 33.21694035 -14.44169258 1.37881030e+01
75.23421557 33.05418325 -13.17485538 1.46419269e+01
75.12862618 33.30416988 -14.42136382 1.33459401e+01
75.06482688 33.11943279 -11.87882079 1.54387140e+01
75.09596059 33.29889158 -13.99249029 1.33839044e+01
75.17158591 33.21162824 -14.00984787 1.38114782e+01
74.85920088 33.49186140 -13.11203077 7.96036775e+00
74.79838464 33.65120093 -13.92830698 6.28621852e+00
74.94633956 33.47449288 -13.96040670 1.22488933e+01
74.95204907 33.33817563 -12.70864912 1.20813421e+01
74.29469822 34.13841110 -12.60977331 1.33976081e+01
74.39118443 34.19134054 -14.25250783 1.20074398e+01
74.69545120 33.90511523 -15.93279715 4.93974200e+00
74.75619787 33.74522918 -14.33160935 4.99563260e+00
74.67694920 33.97074685 -17.11152320 5.53372402e+00
74.68276114 33.83414503 -14.31436466 5.78189965e+00
74.33060368 34.35210831 -15.75556323 1.07895017e+01
74.38502510 34.32807787 -16.89499753 7.53441621e+00
74.27654961 34.20389508 -13.01270696 1.28836616e+01
74.42119524 34.02513247 -13.03747939 1.38741108e+01
74.36086278 34.18569050 -13.83983017 1.28307533e+01
74.60959432 33.92324489 -14.29806925 7.19803233e+00
74.47584236 33.82841923 -11.81921625 1.48772194e+01
74.50598105 34.00699902 -13.86839959 1.06513713e+01
74.49367092 33.93588109 -13.04966237 1.31370156e+01
74.34882962 34.11447509 -13.02506955 1.37026074e+01
74.28844308 34.27515885 -13.82549971 1.24182606e+01
74.57873511 33.91780753 -13.88234952 8.37609879e+00
74.65168381 33.82875595 -13.89672279 6.58045093e+00
74.36700041 34.04895831 -12.62105316 1.41080562e+01
74.54845404 33.73910818 -11.82753204 1.39100088e+01
74.25875002 34.09694616 -11.79181400 1.32520764e+01
74.43939671 33.95958765 -12.63226123 1.43463384e+01
74.65748021 33.69215703 -12.66494020 8.30238493e+00
74.56675540 33.67347060 -11.41793490 1.39253502e+01
74.51191248 33.87031356 -12.64311058 1.35232459e+01
74.93322307 33.40367717 -13.12454177 1.16450557e+01
74.91541996 33.29523427 -11.86642704 9.18203246e+00
75.02664507 33.25031610 -12.71898831 1.40853673e+01
75.14035889 33.03207787 -11.88465236 1.58896514e+01
75.10176302 33.16280031 -12.72965645 1.46960657e+01
75.15808048 33.14097030 -13.16178487 1.43270016e+01
74.84704928 33.24716021 -10.54481453 6.36863149e+00
74.78629032 33.40654542 -11.43802090 6.67257842e+00
74.98987499 33.20716979 -11.87268734 1.35329957e+01
75.04386201 32.84192575 -8.06865800 8.59565509e+00
74.77338390 33.33566967 -10.54335578 8.30141312e+00
74.69434106 33.56095106 -11.84392596 8.94253503e+00
74.76770566 33.47215802 -11.85190108 6.32171408e+00
74.71217379 33.66891293 -13.08608262 6.46490013e+00
74.71282343 33.49532513 -11.43141069 8.62658705e+00
74.63910048 33.75773687 -13.07342270 8.38389222e+00
74.62126523 33.64993952 -11.83575919 1.17828421e+01
74.58458417 33.78115693 -12.65383882 1.18156525e+01
74.55424459 33.60244875 -10.53322955 1.45677693e+01
74.40337439 33.91784063 -11.81042560 1.47168605e+01
74.52354572 33.59701669 -10.06054928 1.45814543e+01
74.49408756 33.76279570 -11.41121806 1.49767771e+01
74.23492868 33.95447787 -10.03614663 1.35175548e+01
74.34919104 33.94178143 -11.39581330 1.43969979e+01
74.22306374 33.88322341 -8.84605511 1.31122096e+01
74.48171079 33.69172605 -10.52894065 1.46162933e+01
74.80248797 33.17099967 -8.85259835 1.23625393e+01
74.40933694 33.78112278 -10.52332768 1.46755037e+01
74.43893060 33.61511783 -8.86081143 1.39371367e+01
74.30692288 33.86497936 -10.04370041 1.41667410e+01
74.38494781 33.63884646 -8.13481892 1.36394561e+01
74.45120304 33.68623257 -10.05633411 1.45767094e+01
74.51113907 33.52594905 -8.86232884 1.38627983e+01
74.31296753 33.72824776 -8.13250417 1.35442563e+01
74.65682558 33.17448988 -5.92731708 1.24967499e+01
74.74200363 33.33035753 -10.06618928 1.07775904e+01
74.81542076 33.24187441 -10.06613815 7.89840742e+00
75.07060463 32.98332701 -10.53926178 1.61118025e+01
75.11924014 32.75481572 -8.04966859 1.21692163e+01
74.99558383 33.07094050 -10.54277985 1.23449456e+01
75.02477586 32.90730637 -8.82216551 9.58835571e+00
74.62700826 33.51333105 -10.53678790 1.36055258e+01
74.67459355 33.28250462 -8.12782556 1.31710643e+01
74.70004792 33.42440028 -10.54036401 1.17615456e+01
74.63965174 33.58430450 -11.42468825 1.20623778e+01
74.96339655 33.06566776 -10.06018224 9.91120000e+00
75.03809360 32.97803219 -10.05392517 1.43809566e+01
74.59609043 33.50794426 -10.06315348 1.42758199e+01
74.65623022 33.34808090 -8.86055480 1.35774071e+01
75.21653707 32.94515123 -11.88982344 1.58534107e+01
75.32954687 32.56127574 -8.74607485 1.59023650e+01
75.15977845 32.96673695 -11.45820956 1.65798961e+01
75.29342462 32.85869938 -11.89444031 1.61032814e+01
75.17573534 32.73333583 -8.78913463 1.72091967e+01
75.22253149 32.80934670 -10.52960338 1.86189778e+01
75.23620072 32.87991666 -11.46059535 1.67062236e+01
75.37740616 32.63734887 -10.51409866 1.87052252e+01
75.31335782 32.79359003 -11.46227827 1.68134728e+01
75.37109296 32.77277615 -11.89846868 1.62802168e+01
75.69849306 32.30129552 -10.46028606 1.33979856e+00
75.63089079 32.45444507 -11.45844518 1.49228536e+01
75.86594284 32.13837982 -10.42340225 0.00000000e+00
75.81419169 32.06151619 -8.54367061 0.00000000e+00
75.91381272 32.05151105 -9.84808794 0.00000000e+00
76.09724659 31.76206094 -7.60785088 0.00000000e+00
75.57090236 32.13376979 -5.62266496 0.00000000e+00
75.56692375 32.30779239 -8.65767355 1.11286256e+00
75.61660231 32.38414027 -10.47662241 8.67567059e+00
75.64814986 32.22480331 -8.62198240 1.02464458e-01
75.58111041 32.37815339 -9.95374548 7.89905271e+00
75.66245990 32.29511129 -9.93023181 1.27273277e+00
75.50086394 32.46199591 -9.97493273 1.51766411e+01
75.48680073 32.39158211 -8.69035483 6.50258177e+00
75.34966953 32.49636332 -7.97633992 8.73316088e+00
75.26594275 32.71761235 -10.02389754 1.91023906e+01
75.17770649 32.55906043 -5.76346135 7.43053477e+00
75.19529030 32.66815227 -8.02833526 1.29225963e+01
75.11337418 32.89078066 -10.04546091 1.73555599e+01
75.18930361 32.80395900 -10.03560622 1.87961751e+01
74.72920093 33.25943396 -8.85807497 1.29169753e+01
74.93248778 32.88628952 -6.60353354 1.51986955e+01
74.96909513 32.92943855 -8.08590175 1.12072413e+01
75.02619086 32.73311969 -5.82420327 1.77619587e+01
75.23469431 32.53786138 -6.49870500 6.15529271e-01
75.27207538 32.58198260 -8.00401658 1.30602656e+01
75.50761163 32.32703695 -7.91042166 9.44845175e-01
75.39027358 32.36666389 -6.44107140 1.29102094e-01
75.58812450 32.24347075 -7.87230107 6.34752076e-02
75.49029780 32.21744253 -5.65405851 2.35149181e-03
75.66976856 32.16073228 -7.83103892 9.42156038e-03
75.65264850 32.05093383 -5.58970301 0.00000000e+00
75.88231507 31.87135066 -6.20899502 0.00000000e+00
75.83672060 31.99802743 -7.74232264 0.00000000e+00
75.96876409 31.79224333 -6.16880271 0.00000000e+00
75.92214387 31.91820297 -7.69534058 0.00000000e+00
75.89066494 31.73801812 -4.41995866 0.00000000e+00
75.90538410 31.80816561 -5.48881504 0.00000000e+00
75.73560506 31.96900712 -5.55562801 0.00000000e+00
75.71349430 32.03283281 -6.29162218 0.00000000e+00
75.55668427 32.06342866 -4.51626657 0.00000000e+00
75.54966050 32.19812953 -6.37142660 4.08913650e-03
75.60240775 31.97440869 -4.12829654 0.00000000e+00
75.39678508 32.23143743 -4.56341548 0.00000000e+00
75.05541245 32.56987152 -4.29177732 1.99494145e+01
75.00708591 32.79855177 -6.58046868 1.59281803e+01
75.01282956 32.66242852 -4.69211648 1.87065398e+01
74.93815604 32.75004366 -4.71979347 1.63612767e+01
74.75887092 32.92099559 -4.33349270 1.33434027e+01
74.61310625 33.09821607 -4.33652479 1.25673880e+01
74.32479576 33.45484419 -4.32032532 1.29344210e+01
74.42115162 33.50766411 -6.68405314 1.30278438e+01
74.57144394 33.19251425 -4.77224570 1.25768289e+01
74.45705218 33.54954362 -8.13519754 1.35245199e+01
74.60181702 33.37133892 -8.13113449 1.31572421e+01
74.78473126 33.06271339 -6.64024301 1.30292790e+01
74.74766812 33.19387118 -8.12170166 1.28961744e+01
74.80332898 32.99711894 -5.89628064 1.32923040e+01
74.63845385 33.24012166 -6.66457432 1.24866781e+01
74.36717733 33.53150798 -5.96159320 1.29499773e+01
74.85839623 32.97436046 -6.62352949 1.40709147e+01
74.82107408 33.10545975 -8.11220793 1.30423614e+01
74.58355067 33.43692418 -8.86192420 1.37145293e+01
74.51154201 33.35268042 -5.94807313 1.26735709e+01
74.52931845 33.46036095 -8.13377983 1.33754867e+01
74.56576956 33.32913133 -6.67213470 1.26511325e+01
74.20530664 33.77628802 -6.68537608 1.26419729e+01
74.29492133 33.79377123 -8.85264820 1.36559918e+01
74.34909507 33.59711612 -6.68674508 1.30619249e+01
74.24108562 33.81773283 -8.12788459 1.31657224e+01
74.27715510 33.68666218 -6.68730600 1.29452743e+01
74.35497161 33.46039459 -4.77942759 1.29130252e+01
74.29520353 33.62108209 -5.96429195 1.29194385e+01
74.43927730 33.44203338 -5.95633316 1.28566505e+01
74.42693929 33.37096530 -4.77754093 1.28608168e+01
74.49335722 33.41832479 -6.67892855 1.28424567e+01
74.52818259 33.11611238 -3.39038039 1.26053644e+01
74.18154235 33.63383683 -4.31236107 1.24671212e+01
74.39658716 33.36548257 -4.32309531 1.28944881e+01
74.49907280 33.28165808 -4.77532906 1.27161510e+01
74.21139120 33.63953764 -4.77937829 1.25534274e+01
74.46852952 33.27623432 -4.32739226 1.27498943e+01
74.54068094 33.18713290 -4.33333257 1.26082134e+01
74.68582755 33.00949799 -4.33571661 1.27903408e+01
74.74598762 32.85011409 -3.44960818 1.34597475e+01
74.79034497 32.92628364 -4.74601728 1.34814543e+01
74.76447109 32.78456753 -3.00287352 1.39227551e+01
75.11751011 32.41241815 -3.41765822 2.24015262e+01
74.98046898 32.65712114 -4.31656737 1.81710284e+01
75.11935455 32.23799049 -0.81399842 2.06270217e+01
74.89298566 32.67397535 -3.49932284 1.57921741e+01
75.04357509 32.32479442 -0.82796846 1.97224819e+01
74.83789716 32.69639243 -3.04433373 1.50456368e+01
74.96848972 32.41205935 -0.84313777 1.81599242e+01
74.60097399 32.85358376 -0.82311337 1.28505921e+01
74.83228214 32.83273767 -4.33108059 1.43036852e+01
74.81927222 32.76190322 -3.47182135 1.44063613e+01
74.25312252 33.54430038 -4.31748862 1.27727955e+01
74.31269117 33.38368824 -3.33466879 1.29413284e+01
74.69143323 32.87299977 -2.96684507 1.31542155e+01
74.58273433 32.91925690 -1.63142709 1.27119763e+01
74.24115082 33.47309984 -3.32233176 1.28922151e+01
74.31291332 33.21077845 -0.77056936 1.28219598e+01
74.18760237 33.49709232 -2.78111142 1.27790392e+01
74.22342475 33.36599901 -1.51324311 1.29028794e+01
74.40235478 33.22878815 -2.84360874 1.27863314e+01
74.36661087 33.18691401 -1.55337065 1.27443473e+01
74.38460920 33.12125668 -0.78280129 1.26951642e+01
74.15198715 33.45567047 -1.49709021 1.27134717e+01
74.24134737 33.30040115 -0.76091385 1.28795316e+01
74.29495752 33.27640870 -1.53148321 1.28684586e+01
74.45646943 33.03185560 -0.79522272 1.25896765e+01
74.51043318 33.00829989 -1.60353645 1.25655515e+01
74.94953208 32.47756189 -1.70304865 1.76239884e+01
74.65533470 32.83041440 -1.66260607 1.31095680e+01
74.80155747 32.65341073 -1.73589320 1.48741980e+01
74.74672113 32.67614285 -0.85750435 1.42028439e+01
74.82015702 32.58779518 -0.87838885 1.53689525e+01
74.87528929 32.56531856 -1.73829973 1.61820073e+01
74.98620213 32.52099764 -3.00842203 1.81019475e+01
75.02438318 32.39020425 -1.67110623 1.91660864e+01
74.72825962 32.74178890 -1.69699705 1.38223279e+01
74.67367769 32.76475006 -0.83949270 1.33749820e+01
75.42736590 32.07075244 -3.30758332 9.01064734e+00
75.36893451 32.09050048 -2.83499569 2.08070944e+01
75.43075800 31.89643668 -0.76700618 2.82064702e+01
75.13698227 32.34723489 -2.93329527 2.35197850e+01
75.33113996 32.04570481 -1.56629893 2.70826731e+01
75.67533646 31.64818053 -0.74076536 2.90474695e+01
75.27323053 32.06594905 -0.78880789 2.18149369e+01
75.35149502 31.98084146 -0.77749104 3.08048914e+01
75.41003064 31.96109824 -1.54449722 2.58761023e+01
75.09991454 32.30329634 -1.64196688 2.08372459e+01
75.90789113 31.47172325 -1.45557125 0.00000000e+00
75.75934954 31.56732156 -0.73394743 2.79487317e+01
75.82164963 31.55072618 -1.46225467 0.00000000e+00
75.73682181 31.63087707 -1.47471279 9.34481053e+00
75.48996922 31.87723872 -1.52437164 1.91869938e+01
75.57103485 31.79420034 -1.50596644 1.87364353e+01
75.65329881 31.71205635 -1.48936633 2.05434263e+01
75.67030962 31.82200793 -3.23577086 0.00000000e+00
75.59260608 31.73003247 -0.74860097 2.55369478e+01
75.60972433 31.84000445 -2.75319732 0.00000000e+00
75.93149131 31.40891842 -0.72726402 3.38574052e+01
75.86133304 31.59766939 -2.68916935 0.00000000e+00
75.92446470 31.58186546 -3.17853962 0.00000000e+00
76.10101189 31.42766082 -3.16493300 0.00000000e+00
75.51110259 31.81280880 -0.75736546 2.46156565e+01
75.52834497 31.92269036 -2.77878461 0.00000000e+00
75.58816762 31.90406466 -3.25900931 0.00000000e+00
75.52132795 32.05739742 -4.15100939 0.00000000e+00
75.29074530 32.17547895 -2.86598392 2.20825332e+01
75.20734070 32.39672892 -4.24055305 1.87086719e+01
75.21345556 32.26107896 -2.89879279 2.31255138e+01
75.25321351 32.13098566 -1.58977340 2.36051527e+01
75.19371146 32.32613687 -3.38915567 2.27021814e+01
75.13101780 32.48306002 -4.26628790 2.00636828e+01
75.16410039 32.48846912 -4.63332233 1.78088418e+01
75.10160886 32.64586421 -5.79458234 1.59456709e+01
75.25454603 32.47275536 -5.73584993 2.48741277e-01
75.31204967 32.45196424 -6.47142659 3.40998153e-01
75.34855671 32.15523810 -3.33371516 1.73249174e+01
75.28445115 32.31093157 -4.21865172 1.15218604e+01
75.46944955 32.28202843 -6.40768108 4.32697305e-02
75.47620203 32.14705115 -4.54003970 0.00000000e+00
75.50721006 31.98700363 -3.28281466 0.00000000e+00
75.44136161 32.14119591 -4.17353554 0.00000000e+00
75.63098490 32.11504009 -6.33259595 1.88329474e-03
75.63830812 31.98064311 -4.49180199 0.00000000e+00
75.85298960 31.73101249 -4.06091162 0.00000000e+00
75.93920605 31.65201801 -4.04218419 0.00000000e+00
75.79725256 31.95157951 -6.24984139 0.00000000e+00
75.80524501 31.81786960 -4.44313467 0.00000000e+00
76.44725351 31.35345369 -5.31443660 0.00000000e+00
76.48448995 31.20275627 -3.97099792 0.00000000e+00
76.02690453 31.57426014 -4.02788242 0.00000000e+00
76.15548826 31.50562202 -4.36440361 0.00000000e+00
76.20627325 31.42222637 -4.00202903 0.00000000e+00
76.30813850 31.21682574 -2.66346438 0.00000000e+00
76.61039895 31.27097648 -5.91709593 0.00000000e+00
76.77126083 30.99200637 -3.95002940 0.00000000e+00
76.68618508 30.93180783 -2.67728083 0.00000000e+00
76.57928232 31.13165360 -3.96279238 0.00000000e+00
76.75551170 30.92242534 -3.14991957 0.00000000e+00
76.83011371 31.07127130 -5.21834529 0.00000000e+00
76.97719543 30.72616871 -2.68524104 0.00000000e+00
76.86819561 30.92323958 -3.94258435 0.00000000e+00
77.04735905 30.71796351 -3.14585886 0.00000000e+00
76.96562717 30.85505449 -3.93384268 0.00000000e+00
77.17331060 30.59162439 -2.67478997 1.19962033e-02
76.92751227 31.00257981 -5.19190129 0.00000000e+00
76.85232872 30.85371997 -3.15056397 0.00000000e+00
76.51537026 31.34220087 -5.94967265 0.00000000e+00
76.67085828 30.82123016 -0.73598955 5.52029227e+00
76.49535268 31.07244227 -2.66799021 0.00000000e+00
76.54824503 30.95151677 -1.46359476 0.00000000e+00
76.46909551 31.13299452 -3.14735588 0.00000000e+00
76.29216456 31.10635124 -0.72607380 3.34182780e+00
76.28269341 31.27806603 -3.15141920 0.00000000e+00
76.29784297 31.34793831 -3.99039102 0.00000000e+00
76.37534913 31.20499002 -3.14865462 0.00000000e+00
76.26669087 31.16771097 -1.45063209 0.00000000e+00
76.21622093 31.29067397 -2.66335529 0.00000000e+00
76.35949510 31.09459486 -1.45404805 0.00000000e+00
76.40123235 31.14411874 -2.66379657 0.00000000e+00
76.56377302 31.06195495 -3.14755183 0.00000000e+00
76.57487755 30.89113724 -0.73321192 4.63325025e+00
76.38541695 31.03361069 -0.72797425 3.72152784e+00
76.20011017 31.18025620 -0.72455828 2.56747563e+00
76.10928452 31.25531798 -0.72476838 1.28901063e+00
76.17508503 31.24197904 -1.44932667 0.00000000e+00
76.47970625 30.96191365 -0.73038284 4.08418945e+00
76.76750027 30.75205842 -0.73895984 5.68640469e+00
77.22926201 30.47330811 -1.46945125 6.72310764e-01
77.15865904 30.48082904 -0.73798801 4.21591893e+00
76.83724571 30.74319428 -1.47955131 1.92223430e-01
77.03253279 30.60734682 -1.48238105 6.51453376e-01
77.06031829 30.54794986 -0.74045771 4.60906123e+00
76.94963772 30.78559148 -3.14907117 0.00000000e+00
77.13072952 30.54011205 -1.47844572 8.53389343e-01
77.07507628 30.65867359 -2.68359034 0.00000000e+00
76.86468119 30.68350905 -0.74059147 5.22620153e+00
76.78266735 30.86265717 -2.68080006 0.00000000e+00
76.93469451 30.67503178 -1.48251481 3.95667133e-01
76.87970147 30.79413978 -2.68530478 0.00000000e+00
77.35643482 30.34798761 -0.72307065 3.01302780e+00
77.96865940 29.97366053 -0.63667533 1.39847925e+00
77.47043492 30.39354667 -2.61340784 3.60173349e-02
78.07566277 29.91808817 -0.62448199 1.01827714e+00
77.83333381 30.08878637 -1.31624215 1.14009411e-01
77.54195049 30.38736605 -3.05955204 5.55333913e-03
77.55631203 30.21779057 -0.69656145 1.76349615e+00
77.25734714 30.41415377 -0.73146324 3.81154287e+00
77.52758018 30.27633643 -1.40987236 1.35122098e-01
77.45602994 30.28246029 -0.71331091 1.88135951e+00
77.75972209 30.09205616 -0.66536071 2.06071234e+00
78.52094469 29.72452306 -0.60999479 1.53520061e-01
77.73022428 30.14976042 -1.34613281 1.16046625e-01
77.86338488 30.03174884 -0.65088144 2.18222847e+00
78.15247911 29.91966898 -1.24020653 2.52440370e-02
77.57063725 30.32897501 -2.57908721 2.23331624e-02
78.18449168 29.86534573 -0.61572455 7.81368059e-01
78.04433597 29.97342636 -1.26115732 4.56385208e-02
78.19790618 29.97644199 -2.35460177 0.00000000e+00
77.77385726 30.20339503 -2.49442973 8.70300730e-03
77.98247872 30.08497053 -2.41668364 0.00000000e+00
78.26244409 29.86886412 -1.22454386 9.30515013e-03
78.05808068 30.08458696 -2.88620213 0.00000000e+00
78.63321272 29.91352383 -3.67863603 0.00000000e+00
78.40731026 29.76866516 -0.60683435 5.10259776e-01
78.12540973 30.16859039 -3.96235975 0.00000000e+00
78.08927588 30.02929463 -2.38155724 0.00000000e+00
77.93799671 30.02991256 -1.28755677 8.97189528e-02
77.84740311 30.20000995 -2.95200933 0.00000000e+00
77.80857930 30.34213837 -4.03850634 3.02872117e-04
77.87738235 30.14310538 -2.45459385 7.79314467e-04
77.27190526 30.52503414 -2.66158328 4.05344406e-02
77.42757119 30.34127954 -1.43638156 2.57184158e-01
77.34271470 30.51784239 -3.10891451 8.56057645e-03
77.37091081 30.45896503 -2.63985313 7.30964998e-02
77.24388324 30.58406741 -3.12646429 0.00000000e+00
77.22228414 30.79961469 -5.09203327 0.00000000e+00
77.50396409 30.53209236 -4.13544386 1.17229323e-02
77.64267693 30.32351481 -3.02471017 7.07399879e-03
77.45870902 30.52148871 -3.84667836 0.00000000e+00
77.44202282 30.45221735 -3.08541617 7.74773773e-03
77.65972649 30.39280731 -3.78959558 4.49912781e-02
77.67170361 30.26548938 -2.53626742 1.07941573e-02
77.76166344 30.33027370 -3.75748803 1.05508483e-03
77.74440778 30.26093936 -2.98800289 0.00000000e+00
77.86488717 30.26941730 -3.72660081 0.00000000e+00
77.95191485 30.14112599 -2.91836002 0.00000000e+00
78.07603724 30.15417940 -3.67288886 0.00000000e+00
78.16602902 30.03072964 -2.85927714 0.00000000e+00
77.79640269 30.46899890 -5.24026430 8.57237515e-02
78.18422449 30.10043105 -3.65339293 0.00000000e+00
78.03608107 30.29363786 -4.68278100 0.00000000e+00
78.34530568 30.06613593 -3.94996084 0.00000000e+00
77.72323823 30.47344548 -4.82413447 1.15637656e-01
77.91256677 30.28200779 -4.00898455 0.00000000e+00
77.94440858 30.46253019 -6.49736490 5.09174983e-02
78.23448670 30.11591528 -3.95050176 0.00000000e+00
78.01813547 30.22405811 -3.98316959 0.00000000e+00
77.90008757 30.40829769 -5.16605204 5.53061397e-03
77.63602435 30.64772997 -6.77703180 4.49313774e-01
78.11218390 30.29344340 -5.07084433 0.00000000e+00
77.84031022 30.52255502 -6.58486024 2.28321246e-01
78.22081295 30.23986193 -5.05946286 0.00000000e+00
78.01936432 30.46070948 -7.37171059 2.19644887e-02
78.33118665 30.18910821 -5.07841114 0.00000000e+00
77.69403183 30.53142038 -5.32329930 1.93567844e-01
77.60722008 30.70606112 -7.69327658 5.91335343e-01
77.59272068 30.59519191 -5.40783487 1.40391066e-01
77.40711810 30.83638485 -7.84447470 1.04585232e-03
77.52081529 30.60135987 -4.94274564 5.10723025e-02
77.26026366 30.65338535 -3.89286110 0.00000000e+00
77.40410615 30.59752501 -4.16360123 0.00000000e+00
77.16168582 30.72014766 -3.90927695 0.00000000e+00
77.62157062 30.53682868 -4.88495366 1.15555110e-01
77.55881104 30.45663896 -3.82032587 2.43930979e-02
77.30479471 30.66364065 -4.19046601 0.00000000e+00
77.02537752 30.93444137 -5.16352426 0.00000000e+00
77.70599125 30.40411779 -4.07063797 4.80450788e-02
77.60452981 30.46754191 -4.10474645 4.43326621e-02
76.91153941 30.93312350 -4.26209667 0.00000000e+00
76.70627099 31.20064327 -5.88564834 0.00000000e+00
77.20591621 30.73030229 -4.21245248 0.00000000e+00
77.06347216 30.78737098 -3.92350792 0.00000000e+00
76.81426482 31.00175886 -4.27293026 0.00000000e+00
76.67491276 31.06143785 -3.95692630 0.00000000e+00
76.71754479 31.07102994 -4.28548981 0.00000000e+00
76.62149022 31.14103781 -4.29447034 0.00000000e+00
76.42126492 31.41437261 -5.98308216 0.00000000e+00
76.52623751 31.21190358 -4.30687279 0.00000000e+00
76.26151544 31.50034757 -5.36704168 0.00000000e+00
76.33854181 31.35651684 -4.33360377 0.00000000e+00
76.35379286 31.42632786 -5.34103331 0.00000000e+00
76.43188058 31.28369936 -4.31860617 0.00000000e+00
76.06586116 31.58191610 -4.38096791 0.00000000e+00
75.98544276 31.90231634 -8.45761967 0.00000000e+00
76.43716841 31.52462086 -8.25930697 0.00000000e+00
76.63709952 31.21067047 -5.26592959 0.00000000e+00
76.17050147 31.57554971 -5.39451818 0.00000000e+00
76.27766984 31.61055720 -7.51917977 0.00000000e+00
76.62598960 31.38126612 -8.18857059 0.00000000e+00
76.73327482 31.14060360 -5.24275259 0.00000000e+00
76.74865814 31.25093408 -7.32709372 0.00000000e+00
76.80285856 31.13109152 -5.85270721 0.00000000e+00
77.10741442 30.79744095 -4.23250510 0.00000000e+00
77.00927977 30.86504033 -4.24766162 0.00000000e+00
76.84535980 31.18163428 -7.28848745 0.00000000e+00
77.12364376 30.86679386 -5.12959127 0.00000000e+00
77.11076150 31.03661065 -8.00561985 0.00000000e+00
77.19430132 30.85881183 -5.68594390 0.00000000e+00
76.72171510 31.31095867 -8.15422088 0.00000000e+00
76.64159002 31.45089777 -9.62019971 0.00000000e+00
76.93118110 31.24204121 -9.54415456 0.00000000e+00
76.83401111 31.31094884 -9.56979818 0.00000000e+00
76.54172588 31.28159466 -5.28971709 0.00000000e+00
76.55740557 31.39187492 -7.40168024 0.00000000e+00
76.40044280 31.67620788 -10.29696888 0.00000000e+00
76.54661006 31.52217783 -9.64663701 0.00000000e+00
76.25265168 31.67221344 -8.33488220 0.00000000e+00
76.23643275 31.56201879 -6.05167235 0.00000000e+00
76.00899418 31.83954158 -7.65126178 0.00000000e+00
76.14590061 31.63760257 -6.08958627 0.00000000e+00
76.05665999 31.71434177 -6.12996385 0.00000000e+00
75.99237481 31.72944646 -5.45689335 0.00000000e+00
76.07319126 31.82446404 -8.41723945 0.00000000e+00
76.00025821 31.97241870 -9.81707256 0.00000000e+00
76.16227739 31.74776443 -8.37603082 0.00000000e+00
76.08813009 31.89451169 -9.78810652 0.00000000e+00
76.18681398 31.68572776 -7.56244286 0.00000000e+00
76.17733581 31.81775367 -9.75870680 0.00000000e+00
76.36978978 31.53656558 -7.47877568 0.00000000e+00
76.35958418 31.66769458 -9.70046172 0.00000000e+00
76.41581054 31.74598406 -11.39159209 0.00000000e+00
76.48341857 31.73388082 -11.87166650 0.00000000e+00
77.01277030 31.10434124 -8.04679788 0.00000000e+00
76.94263125 31.11298394 -7.24825333 0.00000000e+00
76.99076847 31.32121971 -11.32253878 0.00000000e+00
77.06118857 31.31245796 -11.81414183 0.00000000e+00
77.50683825 30.77081166 -7.77178869 1.71163034e-01
77.42378038 30.90560969 -9.38012381 7.58326726e-02
77.72563774 30.71158533 -9.22682183 1.36030069e+00
77.70844144 30.64236052 -7.61217967 7.97134338e-01
77.81071283 30.57999542 -7.52675948 6.45264933e-01
77.73759926 30.58441406 -6.68132837 5.76860585e-01
77.22551214 31.03865950 -9.45654156 0.00000000e+00
77.30791767 30.90260634 -7.90593337 0.00000000e+00
77.39245126 30.72567684 -5.56000304 0.00000000e+00
77.33601843 30.84358355 -7.03148373 0.00000000e+00
77.42078233 30.66679131 -4.99548784 0.00000000e+00
77.43540601 30.77753402 -6.95496989 1.73758181e-03
77.04037927 31.04489560 -7.20395719 0.00000000e+00
77.09581765 30.92612384 -5.73645673 0.00000000e+00
78.15742477 30.34925696 -6.38629669 0.00000000e+00
78.44317644 30.14116795 -5.12669658 0.00000000e+00
78.14359312 30.23827631 -4.66070381 0.00000000e+00
78.03722688 30.53010913 -9.06672149 1.84796445e-01
78.00530430 30.34968040 -5.10794212 0.00000000e+00
77.93027488 30.35149073 -4.71915602 0.00000000e+00
78.25288215 30.42036171 -9.00265726 0.00000000e+00
78.23454684 30.35078148 -7.28917448 0.00000000e+00
78.12609028 30.40443769 -7.31947507 7.76043485e-04
78.05007328 30.40466646 -6.42918383 1.14764163e-03
78.37733072 30.24666493 -6.39102741 0.00000000e+00
78.26652651 30.29655333 -6.37248117 0.00000000e+00
77.78957695 30.79215582 -11.20009097 4.54042920e+00
77.86315157 30.78782481 -11.71554860 6.52168069e+00
78.30340312 30.43579947 -9.79271478 4.35755716e-04
78.19384062 30.48832542 -9.80819454 1.30150334e-02
78.89122921 30.27981165 -11.19129226 0.00000000e+00
78.58864195 30.27604345 -9.01118522 0.00000000e+00
79.00729468 30.23925747 -11.20381161 0.00000000e+00
78.74138955 30.37196373 -11.76547952 0.00000000e+00
78.64135921 30.29431929 -9.80343733 0.00000000e+00
78.71804429 30.11238558 -6.63791476 0.00000000e+00
78.93412390 30.15074676 -9.15188942 0.00000000e+00
78.91482950 30.08134938 -7.61713366 0.00000000e+00
78.34473082 30.29991032 -7.28386221 0.00000000e+00
78.47642713 30.08893000 -4.71634189 0.00000000e+00
78.45651692 30.25181075 -7.30425273 0.00000000e+00
78.36329066 30.36957414 -8.99061304 0.00000000e+00
78.98796162 30.17014472 -9.89180922 0.00000000e+00
79.14660468 30.00207430 -7.80889946 0.00000000e+00
80.30298471 29.56289406 -9.71975543 0.00000000e+00
80.03485154 29.61720758 -8.36041587 0.00000000e+00
79.33534445 30.04843592 -9.99986650 0.00000000e+00
79.49088050 29.87673816 -8.10362319 0.00000000e+00
79.16598660 30.07091466 -9.25313286 0.00000000e+00
79.29658844 29.91182061 -7.22541860 0.00000000e+00
79.39634795 29.98827059 -9.36910878 0.00000000e+00
79.44995690 30.00559974 -10.03811902 0.00000000e+00
79.28149937 30.03024043 -9.30940683 0.00000000e+00
79.63700360 29.77901143 -7.58965328 0.00000000e+00
79.54888908 30.07946893 -11.81918448 0.00000000e+00
79.78587837 29.86290336 -10.10217547 0.00000000e+00
79.21994873 30.08975873 -9.95971577 0.00000000e+00
79.05009731 30.11087411 -9.20172525 0.00000000e+00
80.09228086 29.81487894 -11.55181414 0.00000000e+00
79.94959527 29.74185641 -9.51325393 0.00000000e+00
80.00011720 29.75249312 -10.05209616 0.00000000e+00
80.13667401 29.55548382 -8.29247817 0.00000000e+00
79.88118410 29.93004299 -11.72210562 4.40207967e-03
80.15579329 29.62120918 -9.37862123 0.00000000e+00
80.42741644 29.35349696 -7.79173518 0.00000000e+00
80.25506837 29.55625324 -9.24943586 0.00000000e+00
80.54055562 29.34816129 -8.62612489 0.00000000e+00
80.39928731 29.49443675 -9.54097888 0.00000000e+00
80.76893845 29.33856829 -10.27740719 0.00000000e+00
80.51388780 29.49014236 -10.35728881 0.00000000e+00
80.72618970 29.20487927 -8.07037768 0.00000000e+00
80.68042427 29.28132400 -8.80705301 0.00000000e+00
80.70522526 29.13836427 -6.93059421 0.00000000e+00
80.58735835 29.35295733 -9.07345109 0.00000000e+00
80.61297241 29.21036311 -7.24202085 0.00000000e+00
80.49388147 29.42423767 -9.32475068 0.00000000e+00
80.54704496 29.22100525 -6.86577965 0.00000000e+00
80.44698855 29.41913749 -8.87316595 0.00000000e+00
80.52062686 29.28233268 -7.53136126 0.00000000e+00
80.35200468 29.48871250 -9.07901026 0.00000000e+00
80.23588992 29.49066344 -8.17856209 0.00000000e+00
80.12274965 29.75808731 -11.01011606 0.00000000e+00
80.05397089 29.68315520 -9.46677121 0.00000000e+00
80.16623247 29.49770397 -7.71057163 0.00000000e+00
79.84279013 29.79722225 -9.52109384 0.00000000e+00
79.82358350 29.73064762 -8.34085831 0.00000000e+00
79.93043850 29.67561650 -8.37811022 0.00000000e+00
79.85580467 29.67654242 -7.77385684 0.00000000e+00
79.70348305 29.67410092 -6.44471259 0.00000000e+00
79.41123963 29.86975462 -7.35099824 0.00000000e+00
79.96185377 29.62030332 -7.81059712 0.00000000e+00
80.05426715 29.45163816 -6.13551689 0.00000000e+00
80.06536884 29.56065400 -7.78293610 0.00000000e+00
80.12541024 29.44617841 -6.64754774 0.00000000e+00
80.22432303 29.38082333 -6.53677719 0.00000000e+00
80.32915939 29.18708747 -4.78018428 0.00000000e+00
80.25281863 29.32169147 -5.93601994 0.00000000e+00
80.26449258 29.43174150 -7.57782109 0.00000000e+00
80.32070976 29.31269080 -6.35760169 0.00000000e+00
80.36040112 29.36323342 -7.38848754 0.00000000e+00
80.44177021 29.18137015 -5.48300912 0.00000000e+00
80.45439082 29.29276622 -7.14855628 0.00000000e+00
80.71697311 28.96301227 -4.80977505 0.00000000e+00
80.69107037 29.02500514 -5.29143203 0.00000000e+00
80.50762089 29.17045850 -5.84881993 0.00000000e+00
80.62899152 28.82574886 -3.38436809 0.00000000e+00
80.41495857 29.24235034 -6.11716387 0.00000000e+00
80.53914146 28.89976205 -3.37312740 0.00000000e+00
80.34829239 29.25253867 -5.72945691 0.00000000e+00
80.42230911 29.11575686 -4.58573434 0.00000000e+00
80.15489747 29.38822010 -6.07449429 0.00000000e+00
80.23389433 29.25628672 -4.93769626 0.00000000e+00
79.81262064 29.62229438 -6.58448483 0.00000000e+00
80.03545385 29.38598034 -5.10051480 0.00000000e+00
79.73645047 29.62110604 -5.90460227 0.00000000e+00
79.88166607 29.43487069 -4.61939555 0.00000000e+00
79.49438884 29.64977510 -4.59572962 0.00000000e+00
79.47955192 29.76834769 -6.15003578 0.00000000e+00
79.13462618 29.89298774 -5.76493298 0.00000000e+00
79.15003406 29.77468504 -4.27896269 0.00000000e+00
79.28493408 29.80308744 -5.32909022 0.00000000e+00
79.26210783 29.96174621 -7.90030289 0.00000000e+00
79.25035871 29.85293314 -5.88537820 0.00000000e+00
79.18119245 29.95242168 -7.10637842 0.00000000e+00
79.62591407 29.67074096 -5.72532660 0.00000000e+00
79.60351077 29.83096216 -8.19823252 0.00000000e+00
78.94933454 30.03159872 -6.86567027 0.00000000e+00
79.06534305 29.99213700 -6.98943790 0.00000000e+00
79.51358188 29.71731469 -5.56950342 0.00000000e+00
79.52482953 29.82566484 -7.47376476 0.00000000e+00
78.82088941 29.96160655 -4.93061344 0.00000000e+00
78.83346888 30.07147047 -6.74904235 0.00000000e+00
78.56969927 30.20630901 -7.35192371 0.00000000e+00
78.70523630 30.00225374 -4.84814815 0.00000000e+00
79.01853409 29.93234913 -5.64345573 0.00000000e+00
79.03074665 30.04172794 -7.71034207 0.00000000e+00
79.05322924 29.88285259 -5.12147184 0.00000000e+00
78.90238354 29.97167850 -5.52087187 0.00000000e+00
78.48967667 30.19951614 -6.44106013 0.00000000e+00
78.55657319 30.09586480 -5.20368644 0.00000000e+00
78.36387332 30.13590568 -4.67727292 0.00000000e+00
78.45769441 30.01916634 -3.96116919 0.00000000e+00
78.59031375 30.04452074 -4.77638782 0.00000000e+00
78.68623298 29.93262964 -4.01933355 0.00000000e+00
78.93698666 29.92201990 -5.01956149 0.00000000e+00
79.09608070 29.75519918 -3.89957015 0.00000000e+00
78.40585787 30.00163647 -3.64421180 0.00000000e+00
78.76365360 29.75295070 -2.37959770 0.00000000e+00
78.80178163 29.89212239 -4.06681768 0.00000000e+00
78.83265578 29.65349164 -1.27162500 0.00000000e+00
78.74835006 29.87254175 -3.71471017 0.00000000e+00
79.07681263 29.68611587 -3.04593574 0.00000000e+00
78.99551853 29.67538612 -2.48870944 0.00000000e+00
79.03397920 29.81380160 -4.19596336 0.00000000e+00
79.21178750 29.71581979 -3.98801297 0.00000000e+00
79.60680129 29.60364983 -4.74969931 0.00000000e+00
79.38055178 29.69327166 -4.47689960 0.00000000e+00
79.39979975 29.76124398 -5.44526001 0.00000000e+00
79.67929857 29.42067361 -3.36541678 0.00000000e+00
79.44109395 29.63283821 -4.20790158 0.00000000e+00
79.45593567 29.51421441 -3.13223073 0.00000000e+00
79.32689574 29.67523163 -4.09049276 0.00000000e+00
79.30760249 29.60682591 -3.27248554 0.00000000e+00
79.41078851 29.45650060 -1.81655978 0.00000000e+00
79.22708614 29.59753174 -2.71116788 0.00000000e+00
79.29632679 29.49823582 -1.61937096 0.00000000e+00
78.86406479 29.83289819 -3.76176791 0.00000000e+00
78.98007320 29.79400204 -3.82263905 0.00000000e+00
78.42037881 29.87957808 -2.32741338 0.00000000e+00
79.09992164 29.52773903 -0.71076851 3.20916822e+00
78.57143517 29.97480360 -3.98377566 0.00000000e+00
78.61431682 29.84377784 -2.84899702 0.00000000e+00
78.51894354 29.95638602 -3.65590158 0.00000000e+00
78.50019370 29.88659498 -2.83430934 0.00000000e+00
78.30833645 29.92656888 -2.33601306 0.00000000e+00
78.38727356 29.93184139 -2.83204823 0.00000000e+00
78.71680296 29.69269544 -1.24458727 0.00000000e+00
78.84493934 29.76338296 -2.91412216 0.00000000e+00
78.64833467 29.79322724 -2.35012031 0.00000000e+00
78.72932924 29.80288760 -2.87513594 0.00000000e+00
78.48721213 29.77591523 -1.21682914 0.00000000e+00
78.63570213 29.68272674 -0.61683856 1.45472348e-01
78.37409049 29.82099752 -1.21565366 0.00000000e+00
78.29509362 29.81555592 -0.60881932 6.51706144e-01
78.86735317 29.60401098 -0.64387629 0.00000000e+00
79.33099811 29.44849697 -0.85270922 0.00000000e+00
78.75126832 29.64274522 -0.62774871 6.92484465e-02
79.44518519 29.40613803 -0.96385057 0.00000000e+00
80.46201100 28.79970221 -0.88784661 0.00000000e+00
78.98367018 29.56590251 -0.67105293 1.15614216e+00
79.06503484 29.57689294 -1.38182145 0.00000000e+00
79.52399863 29.41234286 -1.97468085 0.00000000e+00
79.53482562 29.52049277 -3.63918843 0.00000000e+00
78.94882931 29.61510728 -1.31492922 0.00000000e+00
78.87947637 29.71387414 -2.42298802 0.00000000e+00
80.16778441 29.18451424 -3.52567608 0.00000000e+00
79.64621135 29.47324661 -3.74148726 0.00000000e+00
79.56849090 29.46898413 -3.33434777 0.00000000e+00
79.89427971 29.31355188 -3.15079408 0.00000000e+00
79.63555306 29.36517542 -1.99442673 0.00000000e+00
79.85222107 29.26033390 -1.76800374 0.00000000e+00
79.55797247 29.36110754 -1.01083029 0.00000000e+00
80.06897915 29.24942151 -3.54029142 0.00000000e+00
81.19087430 28.30848299 -1.11304223 0.00000000e+00
80.55121931 28.72480194 -0.93409339 0.00000000e+00
80.61518199 28.71256799 -1.76920909 0.00000000e+00
80.34528344 28.93498894 -1.67495109 0.00000000e+00
80.27974819 28.94600607 -0.85932908 0.00000000e+00
80.09852631 29.19168520 -3.00477716 0.00000000e+00
80.29124028 29.05634762 -2.93478064 0.00000000e+00
80.18528023 29.01589611 -0.77012207 0.00000000e+00
80.25228683 29.00628971 -1.62945115 0.00000000e+00
80.08792691 29.08271450 -0.83555746 0.00000000e+00
80.44885076 28.97341564 -3.33749867 0.00000000e+00
80.69580395 28.89623398 -4.19558226 0.00000000e+00
80.43625983 28.86175040 -1.70346862 0.00000000e+00
80.37178436 28.87370191 -0.81562201 7.62211384e-02
80.08775975 29.31504780 -4.59723113 0.00000000e+00
80.18656223 29.24994572 -4.52313899 0.00000000e+00
80.15672100 29.07496981 -1.60567953 0.00000000e+00
79.96726597 29.31084524 -3.60213946 0.00000000e+00
80.05821042 29.14041797 -1.64217873 0.00000000e+00
79.98748964 29.14597912 -0.80662127 3.66771524e-03
79.95667690 29.20226984 -1.65489867 0.00000000e+00
79.88403362 29.20545211 -0.84827740 1.69369720e-01
79.74507494 29.31458971 -1.90332279 0.00000000e+00
79.66895161 29.31286082 -0.98359644 0.00000000e+00
79.55403083 29.58805252 -4.33525207 0.00000000e+00
79.78800411 29.36893485 -3.29617116 0.00000000e+00
79.66533135 29.54035020 -4.46077516 0.00000000e+00
79.86274318 29.36861211 -3.69536506 0.00000000e+00
79.77465040 29.48936824 -4.55902232 0.00000000e+00
79.93202566 29.44571904 -5.09242927 0.00000000e+00
79.82593658 29.50186021 -5.03178911 0.00000000e+00
79.84486853 29.56812675 -6.04894147 0.00000000e+00
80.28264068 29.18183696 -4.41000537 0.00000000e+00
80.51394755 29.04298375 -4.43556693 0.00000000e+00
80.37635330 29.11128790 -4.27061645 0.00000000e+00
80.56458650 28.83751370 -3.05293200 0.00000000e+00
80.46823525 29.03895718 -4.14232403 0.00000000e+00
80.60482209 28.96952833 -4.30003131 0.00000000e+00
80.55897563 28.96557455 -4.04611155 0.00000000e+00
80.64940253 28.89194863 -3.95848325 0.00000000e+00
80.83737944 28.61868253 -2.48366761 0.00000000e+00
80.74047333 28.81900065 -3.85695618 0.00000000e+00
80.90549824 28.61094817 -2.86176774 0.00000000e+00
80.83311496 28.74767026 -3.71664468 0.00000000e+00
81.45518066 28.27007711 -2.20594839 0.00000000e+00
80.97405086 28.81534714 -4.62438930 0.00000000e+00
81.34463443 28.31664852 -2.16566646 0.00000000e+00
81.90703001 28.24199768 -3.71157369 0.00000000e+00
81.53511605 28.27999821 -2.72688051 0.00000000e+00
81.85084006 28.29701644 -3.90498209 0.00000000e+00
81.56792516 28.22789946 -2.27435313 0.00000000e+00
81.44863947 28.39440299 -3.41984745 0.00000000e+00
81.76424410 28.20410476 -2.89822263 0.00000000e+00
81.49991286 28.53602975 -4.43552725 0.00000000e+00
81.88062210 28.17082693 -3.02285886 0.00000000e+00
81.79050625 28.27532803 -3.61575343 0.00000000e+00
81.66749201 28.07408893 -0.64954920 1.80341513e-02
81.68239344 28.18959700 -2.36885541 0.00000000e+00
81.64896017 28.24031512 -2.80212731 0.00000000e+00
81.56094106 28.35099853 -3.46410405 0.00000000e+00
81.40765625 28.20744950 -1.14328901 0.00000000e+00
81.42313709 28.32369855 -2.67504757 0.00000000e+00
81.23125460 28.49460296 -3.40451410 0.00000000e+00
81.33859167 28.44217051 -3.39836854 0.00000000e+00
81.13199065 28.42415513 -2.17568860 0.00000000e+00
80.97828591 28.68645896 -3.81285663 0.00000000e+00
80.82231171 28.50377281 -0.63904087 2.37076408e-01
80.81128203 28.68040614 -3.01420922 0.00000000e+00
80.70500996 28.63840891 -1.55130178 0.00000000e+00
80.74492513 28.69007226 -2.72088426 0.00000000e+00
81.01469739 28.36886137 -0.56293497 3.58358629e-02
81.00262211 28.54476593 -2.75329866 0.00000000e+00
81.08721328 28.36642424 -1.12269892 0.00000000e+00
80.91689155 28.43447843 -0.59066517 3.67834431e-01
80.89019385 28.49573580 -1.22970604 0.00000000e+00
80.79640501 28.56582369 -1.35522695 0.00000000e+00
80.98700967 28.42902133 -1.15360014 0.00000000e+00
80.73039272 28.57588359 -0.71618608 7.12133998e-02
81.43959346 28.15356695 -0.58140003 3.43280216e-01
81.55266550 28.11181778 -0.61013201 0.00000000e+00
81.74972666 28.08929666 -1.35923724 0.00000000e+00
81.23677127 28.36797624 -2.15990386 0.00000000e+00
81.11600203 28.30762294 -0.55976395 0.00000000e+00
81.32878835 28.19990516 -0.56188898 1.23167976e+00
81.31350387 28.37188989 -2.65063912 0.00000000e+00
81.29780865 28.25548320 -1.11516725 0.00000000e+00
81.22078258 28.25123078 -0.55327827 6.81254099e-01
81.78364794 28.03977942 -0.70968804 1.61265440e-01
81.79818339 28.15461851 -2.49873647 0.00000000e+00
82.33915031 27.94496868 -2.04225058 0.00000000e+00
82.49329182 27.87392381 -1.00848863 0.00000000e+00
82.13700320 27.95156351 -1.00215433 0.00000000e+00
82.25563900 27.92512787 -1.02244406 0.00000000e+00
82.57662659 27.89351260 -2.01013009 0.00000000e+00
82.69527534 27.86761338 -2.01443635 0.00000000e+00
81.86645018 28.05669021 -1.49922140 0.00000000e+00
81.98398477 28.02654173 -1.67645706 0.00000000e+00
83.55380864 27.61851752 -1.19575375 6.53554025e-04
83.20322290 27.71212921 -1.13364438 4.57089364e-02
82.81376937 27.84126244 -2.05129600 0.00000000e+00
83.05005876 27.78644296 -2.21806523 0.00000000e+00
82.93204657 27.81425340 -2.13567085 0.00000000e+00
83.16775607 27.75769516 -2.25453987 0.00000000e+00
83.08557100 27.74111077 -1.12089550 5.55185122e-02
82.86101039 27.90463237 -3.43416284 0.00000000e+00
82.84931128 27.79621274 -1.03850112 8.80362200e-02
82.82551662 27.94988245 -3.75056195 0.00000000e+00
82.96758579 27.76910155 -1.09716973 4.33528365e-02
82.97904663 27.87707256 -3.56700103 0.00000000e+00
82.73079887 27.82259326 -1.01279489 0.00000000e+00
82.74275181 27.93153270 -3.36933658 0.00000000e+00
82.61210304 27.84841805 -1.00164146 0.00000000e+00
82.50579937 27.98411188 -3.33355406 0.00000000e+00
83.28509410 27.72790617 -2.28433470 0.00000000e+00
83.09680994 27.84870537 -3.69187841 0.00000000e+00
82.26876301 28.03679713 -3.29844336 0.00000000e+00
82.45789090 27.91919864 -2.02829516 0.00000000e+00
82.10206433 27.99820787 -1.88907804 0.00000000e+00
82.03246961 28.09240722 -2.88698807 0.00000000e+00
82.01867087 27.97914280 -0.88692371 0.00000000e+00
81.99780578 28.13992582 -3.17373595 0.00000000e+00
81.90080328 28.00833472 -0.78953335 1.37470718e-01
81.91496838 28.12241572 -2.67289299 0.00000000e+00
82.14213625 28.18155744 -3.92835872 0.00000000e+00
82.58889950 28.00327327 -3.62494990 0.00000000e+00
82.37868430 28.12606693 -4.12454616 0.00000000e+00
82.62432565 27.95794885 -3.32133246 0.00000000e+00
82.44062985 28.14980044 -4.43047396 0.00000000e+00
82.70727878 27.97677357 -3.66774406 0.00000000e+00
82.08555775 28.23414530 -4.11242411 0.00000000e+00
82.32207478 28.17716363 -4.32043032 0.00000000e+00
82.61563390 28.07233046 -4.22842967 0.00000000e+00
82.73403132 28.04534639 -4.31983574 0.00000000e+00
82.85228341 28.01796655 -4.46821085 0.00000000e+00
83.03260873 28.01182091 -5.12138609 0.00000000e+00
83.32278799 27.90130426 -5.02486629 0.00000000e+00
83.29596633 27.83503548 -4.15890158 0.00000000e+00
83.15039901 27.98254255 -5.29753356 0.00000000e+00
83.17882352 27.86509705 -4.09257662 0.00000000e+00
83.02378873 28.12463488 -6.68015608 0.00000000e+00
83.26787538 27.95238617 -5.44120948 0.00000000e+00
82.91454626 28.04032597 -4.92337859 0.00000000e+00
82.90571045 28.15351890 -6.47050619 0.00000000e+00
82.70448620 28.16407477 -5.52145050 0.00000000e+00
82.58955953 28.41663945 -8.95453819 0.00000000e+00
82.79926116 28.29077987 -8.06742631 0.00000000e+00
84.18553988 27.78678291 -7.73684495 0.00000000e+00
83.17714488 28.04919616 -6.34530212 0.00000000e+00
83.99363182 28.03342384 -10.85178501 0.00000000e+00
82.82599196 28.35884411 -9.42154962 0.00000000e+00
83.25915106 28.06467976 -7.03622389 0.00000000e+00
82.88817717 28.38064797 -10.24746802 0.00000000e+00
83.07060646 28.18676260 -7.92030699 0.00000000e+00
82.66899908 28.20978660 -6.03820872 0.00000000e+00
82.56286638 28.34765708 -7.60661658 0.00000000e+00
82.31351408 28.29356627 -5.38079754 0.00000000e+00
82.55048535 28.23754977 -5.83000522 0.00000000e+00
82.46727578 28.21923668 -5.19912920 0.00000000e+00
82.26030443 28.15340991 -4.02949480 0.00000000e+00
82.58590110 28.19167249 -5.36223253 0.00000000e+00
82.49715940 28.09914936 -4.19611752 0.00000000e+00
82.02431978 28.21093033 -3.81694782 0.00000000e+00
82.07731654 28.35246261 -4.91555706 0.00000000e+00
82.20367454 28.20514515 -4.22479772 0.00000000e+00
82.19525564 28.32246445 -5.14875585 0.00000000e+00
82.67780081 28.09558279 -4.57690391 0.00000000e+00
82.55923380 28.12270445 -4.49700006 0.00000000e+00
81.96787703 28.26459491 -4.00481968 0.00000000e+00
81.99433363 28.33550213 -4.52343960 0.00000000e+00
81.73471071 28.33198484 -3.81625981 0.00000000e+00
81.61980532 28.37006430 -3.74145028 0.00000000e+00
81.39521161 28.45763725 -3.65819577 0.00000000e+00
81.32711261 28.69433486 -5.17269436 0.00000000e+00
81.17555587 28.69068527 -4.45821504 0.00000000e+00
81.28091174 28.63464452 -4.42033114 0.00000000e+00
80.88178320 28.75383004 -3.92321507 0.00000000e+00
80.78784810 28.82403873 -4.05629501 0.00000000e+00
81.10180330 28.69187313 -4.23986097 0.00000000e+00
81.02593122 28.61328945 -3.50505104 0.00000000e+00
81.20511672 28.63284373 -4.18386550 0.00000000e+00
81.12697541 28.55172352 -3.43976806 0.00000000e+00
80.78354281 28.95311471 -5.01822936 0.00000000e+00
80.73129802 29.07661814 -6.22296587 0.00000000e+00
80.80973869 28.89137663 -4.60337540 0.00000000e+00
80.79822244 29.06717755 -6.61289349 0.00000000e+00
81.00162262 28.75503425 -4.32455536 0.00000000e+00
81.01714577 28.87044067 -5.41922648 0.00000000e+00
81.19128178 28.80662426 -5.76188257 0.00000000e+00
81.53228230 28.48273878 -4.19522428 0.00000000e+00
81.28642605 28.50801571 -3.65253213 0.00000000e+00
81.18054114 28.56307361 -3.67608357 0.00000000e+00
81.22082361 28.74883986 -5.21303286 0.00000000e+00
81.64582976 28.44116139 -4.24748466 0.00000000e+00
81.74194057 28.56857866 -5.94819908 0.00000000e+00
81.72727903 28.45371552 -4.54252133 0.00000000e+00
81.54745217 28.59837378 -5.22516655 0.00000000e+00
81.87719420 28.36809784 -4.40835930 0.00000000e+00
81.84308648 28.41755196 -4.62361667 0.00000000e+00
81.97383186 28.49758250 -6.30861930 0.00000000e+00
81.43611424 28.64423555 -5.17915602 0.00000000e+00
81.54103616 28.72270755 -6.93325829 0.00000000e+00
81.77546084 28.51780620 -5.41512751 0.00000000e+00
81.85740907 28.53181901 -6.11626793 0.00000000e+00
81.40466300 28.69909772 -5.67725548 0.00000000e+00
81.32160222 28.82077116 -6.87221224 0.00000000e+00
81.38914753 28.58311867 -4.41483098 0.00000000e+00
81.31149651 28.57829009 -4.16056723 0.00000000e+00
81.29658427 28.75068913 -5.69104653 0.00000000e+00
81.16571580 28.94601152 -7.66717893 0.00000000e+00
80.91964158 28.93667574 -5.61024871 0.00000000e+00
80.77387845 29.21014414 -8.53423843 0.00000000e+00
80.98950387 28.93059384 -6.06457591 0.00000000e+00
80.91510414 29.06523139 -7.51345016 0.00000000e+00
81.27027822 28.88842213 -7.57340737 0.00000000e+00
81.08782591 29.07641501 -9.07666187 0.00000000e+00
81.51519038 28.65177542 -5.72058743 0.00000000e+00
81.43014879 28.76967209 -6.86968202 0.00000000e+00
81.62775049 28.60840947 -5.81297181 0.00000000e+00
81.48743276 28.78574580 -7.58425342 0.00000000e+00
81.66069534 28.55637171 -5.30549913 0.00000000e+00
81.65386054 28.67954904 -7.05695156 0.00000000e+00
81.71309150 28.69871820 -7.83235291 0.00000000e+00
81.40306512 28.90554829 -8.90533942 0.00000000e+00
81.97076168 28.69499100 -9.69442293 2.59013464e-03
82.41487438 28.49757341 -9.23407308 0.00000000e+00
82.17877298 28.55832446 -8.74442918 0.00000000e+00
82.47130853 28.44557804 -8.70096964 0.00000000e+00
82.05331529 28.70982710 -10.58793062 4.48137789e-03
82.08776217 28.66092844 -9.95062982 2.36289719e-03
82.28831818 28.64483984 -11.18466188 9.49641192e-04
82.65157917 28.43907684 -9.74949407 0.00000000e+00
82.35314497 28.47489363 -8.45667313 0.00000000e+00
82.11752339 28.53597863 -7.94076398 0.00000000e+00
82.44463665 28.37614310 -7.35225224 0.00000000e+00
82.36156889 28.35826667 -6.51627150 0.00000000e+00
82.20856171 28.43464016 -6.81255444 0.00000000e+00
82.12560339 28.41743032 -5.94878861 0.00000000e+00
82.24344598 28.38736274 -6.23566530 0.00000000e+00
82.32649888 28.40502580 -7.08758894 0.00000000e+00
82.70781020 28.38780105 -9.19473637 0.00000000e+00
83.27006458 28.17197196 -8.76556089 0.00000000e+00
82.94403987 28.32956464 -9.63837556 0.00000000e+00
83.30549029 28.12582346 -8.23653649 0.00000000e+00
82.68109836 28.31927988 -7.84520347 0.00000000e+00
82.59818613 28.30156933 -7.05203956 0.00000000e+00
83.03513025 28.23262308 -8.45643602 0.00000000e+00
82.95276164 28.21614479 -7.74084222 0.00000000e+00
82.91728976 28.26194926 -8.27417724 0.00000000e+00
82.83470765 28.24496440 -7.52914639 0.00000000e+00
83.29688890 28.23835207 -10.16854863 0.00000000e+00
83.38707578 28.14043864 -8.89869734 0.00000000e+00
83.18819686 28.15669168 -8.08616663 0.00000000e+00
83.17953237 28.26943865 -10.00545199 0.00000000e+00
82.53320300 28.46819970 -9.48618837 0.00000000e+00
82.76992637 28.40996385 -10.00280153 0.00000000e+00
83.35915881 28.25821550 -11.05540869 0.00000000e+00
83.15089502 28.38743840 -12.41743178 0.00000000e+00
83.24180680 28.28984578 -10.87980259 0.00000000e+00
83.11534984 28.43364269 -13.26544356 0.00000000e+00
83.12416311 28.32071838 -10.68444838 0.00000000e+00
83.03297673 28.41806756 -12.18106468 0.00000000e+00
83.00627196 28.35094585 -10.47853371 0.00000000e+00
82.79658823 28.47795056 -11.63851727 0.00000000e+00
82.55982741 28.53709020 -11.05003708 0.00000000e+00
82.64283911 28.55396174 -12.12360451 0.00000000e+00
82.44147868 28.56691145 -10.76484674 0.00000000e+00
82.52455003 28.58380268 -11.79559201 0.00000000e+00
82.17059519 28.67666360 -10.87502144 2.27589447e-03
82.06722590 28.82310797 -12.76011459 4.16838686e-02
82.32327287 28.59727073 -10.50104912 0.00000000e+00
82.10154440 28.77397394 -12.14805934 1.64513557e-02
82.67822175 28.50751254 -11.35471167 0.00000000e+00
82.57227682 28.64732779 -13.68252668 0.00000000e+00
82.76112699 28.52421955 -12.43566971 0.00000000e+00
82.69037388 28.61712375 -14.13146676 0.00000000e+00
82.87934803 28.49437334 -12.72983279 0.00000000e+00
82.80845965 28.58698758 -14.57055936 0.00000000e+00
82.91485926 28.44819439 -11.92003545 0.00000000e+00
82.89104016 28.60306094 -16.04943996 0.00000000e+00
83.35045879 28.37066553 -13.69208051 0.00000000e+00
83.23303826 28.40249423 -13.49241407 0.00000000e+00
83.39668294 28.43127228 -16.43353600 1.02078072e-01
83.47618218 28.22574409 -11.21088968 0.00000000e+00
82.65508906 28.66377727 -14.94483401 0.00000000e+00
82.79977700 28.70145941 -18.33807835 4.54706951e-02
82.41921576 28.72513301 -13.91250520 4.51787153e-03
82.68175870 28.73223609 -17.30586500 1.13759261e-02
83.36124602 28.47782757 -18.00994396 1.89672484e-01
83.27080410 28.57629503 -21.16382011 8.12421760e-01
83.12655346 28.54144101 -17.11462983 1.66564357e-02
83.03560362 28.63958907 -20.09908159 1.22614747e-01
83.00887774 28.57244089 -16.60357477 0.00000000e+00
82.91774592 28.67063789 -19.30210640 7.94314294e-02
82.74371938 28.75360344 -19.33311254 9.00545319e-02
82.41614592 28.91716780 -20.30363951 6.75909795e-01
82.97988747 28.69144484 -21.75403910 3.37302416e-01
82.86184153 28.72258540 -20.66384058 1.59630584e-01
82.62558743 28.78469466 -18.24317484 3.63025014e-02
82.29844409 28.95026113 -19.06147011 5.58813855e-01
82.44584675 28.79446139 -15.95407174 1.62856987e-02
82.06426809 29.02000192 -16.89077018 1.09016936e+00
82.26376274 28.99892225 -20.05773545 2.57479050e+00
81.83286863 29.09689707 -15.68724843 4.62913071e+00
82.32812904 28.82641462 -15.41348380 2.55267785e-02
82.27190855 28.88063598 -16.14855948 6.88463550e-02
82.18414973 28.78923156 -13.12796145 1.91197003e-02
82.38958421 28.84793879 -16.80227231 4.27196062e-02
82.50751244 28.81605438 -17.47430463 3.85651273e-02
82.45424074 28.67781794 -13.23312094 2.15374481e-03
82.20532286 28.62849181 -10.22023699 0.00000000e+00
82.21875391 28.74081984 -12.49222435 1.17578114e-02
82.56375684 28.76316335 -16.58966493 1.56848874e-02
82.53710378 28.69425930 -14.39004777 2.82854738e-03
81.83550240 28.89651639 -12.11409720 1.78073086e-01
81.49505834 29.23222990 -14.54439626 6.20769961e+00
81.49698340 29.02697463 -11.48598684 1.93665960e-01
81.41300503 29.14739921 -12.54916393 4.82665120e-01
81.64063249 28.92696433 -11.08034161 1.50355910e-01
81.52257193 29.09734003 -12.68346684 8.85587404e-01
81.92175223 28.98685456 -14.34803613 5.36846911e-01
81.95093809 28.85872777 -12.43204550 9.06093544e-02
81.69265770 29.06830795 -13.63630203 1.50910851e+00
81.58017509 29.11339940 -13.37068406 1.59585618e+00
81.46949418 29.16188601 -13.18181075 1.40870358e+00
81.17526894 29.39842661 -14.06771956 1.48931929e+00
82.03782098 28.94971642 -14.87507733 3.09072367e-01
81.97736180 28.92932391 -13.87718965 2.45022333e-01
81.36093892 29.21402251 -13.05621089 4.97784555e-01
81.09869018 29.31981674 -12.45927756 4.86332085e-02
81.20092870 29.25875825 -12.42759076 3.77602846e-02
81.15113525 29.32939087 -12.96911773 1.71176555e-01
81.04998241 29.39216042 -13.01479905 2.28483289e-01
80.75808788 29.59436041 -13.39850932 2.33456798e-01
81.25477180 29.26989652 -12.97792856 1.98550557e-01
81.28103863 29.13169234 -11.34623925 8.08778057e-03
80.90112576 29.45057651 -12.65067410 1.03012701e-01
80.90603254 29.32240689 -11.08950138 2.20128187e-03
80.99886198 29.38394464 -12.53369714 4.86953009e-02
81.00364691 29.25581115 -10.95195632 6.26354298e-04
81.30572191 29.20121200 -12.45935083 1.01488367e-01
81.31108723 29.07450748 -10.78467320 6.95539987e-03
81.05953168 29.13597418 -9.73477273 0.00000000e+00
80.97601242 29.31604528 -11.51668760 9.32280036e-03
81.16100512 29.07400972 -9.62686502 0.00000000e+00
81.10353946 29.19195336 -10.84774966 0.00000000e+00
81.19016976 29.01553448 -8.96113129 0.00000000e+00
81.20599060 29.13138589 -10.78928210 8.80916023e-04
81.52869728 28.97241815 -10.92331959 9.35777368e-02
81.41873751 29.02152514 -10.82590463 2.48335162e-02
81.59292712 28.86466977 -9.71283995 2.06166049e-02
81.60821231 28.98023661 -11.64633983 3.42469800e-01
82.09373431 28.89349115 -14.36089721 1.34477409e-01
82.21071420 28.85931666 -14.88144242 4.97602330e-02
81.70619211 28.82174831 -9.86437631 2.43826076e-02
81.75418849 28.88480882 -11.26913271 1.20156326e-01
81.62546247 28.81152650 -9.07976049 1.62960081e-03
81.48143320 28.91111064 -9.61037315 1.83070028e-03
81.37760357 28.83499493 -7.54628660 0.00000000e+00
81.29528538 28.95850737 -8.90034596 0.00000000e+00
81.59939478 28.74044930 -7.68181715 0.00000000e+00
81.51324376 28.85663425 -8.96589173 0.00000000e+00
81.82816975 28.66012413 -8.02503023 0.00000000e+00
81.73934277 28.76984382 -9.24183432 3.71728335e-03
81.06400846 29.00750866 -7.82369706 0.00000000e+00
80.96063440 29.20115411 -9.88474694 0.00000000e+00
80.86395457 29.26892952 -10.07228736 0.00000000e+00
80.87893168 29.38320500 -11.65474055 1.41346005e-02
80.86852277 29.14025599 -8.26708040 0.00000000e+00
80.81984869 29.13418588 -7.78438259 0.00000000e+00
80.96505257 29.07246279 -8.02714510 0.00000000e+00
80.89092233 29.20791052 -9.43226420 0.00000000e+00
80.20451878 29.62902135 -9.86758847 0.00000000e+00
80.10359544 29.69232923 -9.97543450 0.00000000e+00
80.48664893 29.55074809 -10.92569554 0.00000000e+00
80.30554236 29.79744787 -12.78807688 0.00000000e+00
80.03042704 29.92712640 -12.65671267 5.54953957e-03
79.69480332 29.98019206 -11.24122976 3.11330309e-03
80.60783330 29.41916049 -10.12919745 0.00000000e+00
80.62136118 29.53149288 -11.64488102 0.00000000e+00
80.43135702 29.67098735 -12.04148539 0.00000000e+00
80.58104780 29.48026698 -10.71440938 0.00000000e+00
80.29369278 29.68750428 -11.28663252 0.00000000e+00
80.22374554 29.69465676 -10.88897922 0.00000000e+00
80.79557456 29.27723556 -9.65695939 0.00000000e+00
80.81021779 29.39106009 -11.25797433 4.44665262e-04
80.17256292 29.99847085 -14.67790554 6.99205582e-01
80.13407815 29.86714534 -12.53416477 0.00000000e+00
79.66138679 30.03251398 -11.80032648 5.82720046e-03
79.48085600 30.18170885 -12.97239501 8.35590549e-03
79.77224648 29.98279261 -11.77023069 5.34387810e-03
79.70603043 30.08839481 -12.90155402 3.78405700e-02
79.98791959 29.87406983 -11.64733830 0.00000000e+00
79.89231275 30.03836678 -13.33052997 6.72508921e-02
79.80508928 29.92947875 -11.21946424 0.00000000e+00
79.81622366 30.03772356 -12.84047074 3.10469965e-02
80.01925914 29.81846115 -11.10245754 0.00000000e+00
79.92442954 29.98400044 -12.76293130 2.69454216e-02
79.89415469 29.80935928 -10.08923607 0.00000000e+00
79.91332257 29.87560709 -11.17295906 0.00000000e+00
79.46929656 30.07330135 -11.25104268 0.00000000e+00
79.56347459 29.96071501 -10.07138691 0.00000000e+00
79.58277434 30.02802264 -11.25224771 0.00000000e+00
79.67555176 29.91326904 -10.09584192 0.00000000e+00
78.97275296 30.28922237 -11.79341568 0.00000000e+00
79.10405801 30.13012601 -9.92505449 0.00000000e+00
78.90393170 30.38955239 -12.97109689 0.00000000e+00
79.08881330 30.24879246 -11.80543348 0.00000000e+00
78.87195174 30.21044646 -9.86176838 0.00000000e+00
78.70310645 30.23276116 -9.05472918 0.00000000e+00
78.62666248 30.41540924 -11.75118464 0.00000000e+00
78.75632197 30.25165118 -9.83515614 0.00000000e+00
78.67359360 30.47424237 -12.92512361 0.00000000e+00
78.77551250 30.32119698 -11.17983035 0.00000000e+00
78.54629157 30.40867986 -11.16257148 0.00000000e+00
78.44697329 30.56640959 -12.86672690 3.13208325e-02
78.41428232 30.61962247 -13.41948665 9.91346884e-02
78.51297542 30.46093145 -11.73793663 5.28096699e-04
78.75442087 30.48205910 -13.52846118 0.00000000e+00
78.85684978 30.33008393 -11.77989030 0.00000000e+00
78.52644728 30.57147368 -13.45871131 2.14634323e-02
78.65899820 30.59530440 -15.63449528 6.27867367e-02
79.20474421 30.20818409 -11.81464658 0.00000000e+00
79.12342257 30.19893399 -11.21676033 0.00000000e+00
79.01976193 30.34870874 -12.98587401 0.00000000e+00
79.67267817 30.14071983 -13.48025024 7.56297871e-02
79.43507097 30.12406114 -11.82372567 0.00000000e+00
79.36648116 30.22514588 -12.98840576 0.00000000e+00
79.35471041 30.11652735 -11.24155973 0.00000000e+00
79.25132058 30.26709709 -12.99560259 0.00000000e+00
79.56034167 30.18776547 -13.52648701 3.51367856e-02
79.57977146 30.25518833 -15.22169411 3.43094838e-01
79.44671906 30.23252747 -13.55772688 1.20079455e-02
79.51974854 30.31698159 -16.46057462 1.33325256e+00
79.33212353 30.27548806 -13.57797748 0.00000000e+00
79.46619791 30.30037483 -15.35069938 8.32113301e-02
79.17462466 30.44564028 -17.07439380 5.12754380e-02
79.35162883 30.34373696 -15.47498279 5.75577789e-02
78.77364631 30.55155747 -15.71127275 4.49712530e-02
79.10114376 30.35804279 -13.58538857 0.00000000e+00
78.98531999 30.39876646 -13.57495718 0.00000000e+00
79.00474619 30.46795210 -15.71789331 7.89588898e-03
78.43298361 30.68914432 -15.36921194 8.06757148e-01
78.48455813 30.70549371 -16.87465800 3.29148945e+00
78.88899195 30.50928789 -15.73634508 3.36920791e-02
78.94268039 30.52811530 -17.29433241 9.65453118e-02
78.54534966 30.64103366 -15.51691712 2.35179541e-01
78.39158717 30.82472977 -19.95946098 2.54870561e+01
78.71188040 30.61330287 -17.24647514 4.54977865e-01
78.82699422 30.57008698 -17.31359922 1.92396977e-01
79.23634652 30.38576102 -15.58698194 4.99989183e-03
79.07811620 30.55572481 -20.64630574 1.02475701e+01
79.42491278 30.42906410 -19.77310499 2.61880412e+01
79.40544865 30.36124469 -16.67838357 3.21171715e-01
79.65227691 30.33767291 -18.94916201 2.38534460e+01
79.69203825 30.20770757 -15.05808198 1.24196168e+00
79.19411476 30.51422156 -20.43194027 1.72014129e+01
79.29031602 30.40396367 -16.89275487 8.74820703e-02
79.84124927 30.29037282 -19.75211164 3.13639163e+01
79.85471766 30.17051362 -15.67046687 6.19300471e+00
79.87394858 30.23672990 -18.00747698 2.47088689e+01
79.96282608 30.11613120 -15.36208527 3.41333240e+00
80.26383738 30.05886289 -17.48596954 1.48850520e+01
80.40332594 29.73063520 -12.60260420 0.00000000e+00
80.12277458 29.98950357 -14.22521314 2.83189302e-01
80.23534064 29.80421939 -12.39342610 0.00000000e+00
80.32498527 29.86303260 -13.77717274 2.43018046e-03
80.33433575 29.73867669 -12.22699761 0.00000000e+00
80.01826620 30.04854080 -14.46472293 8.33321375e-01
79.99907627 29.98262072 -13.22315911 4.15207719e-02
80.22498798 29.92757567 -13.96390940 5.66549897e-02
80.49943921 29.66206335 -12.40731750 0.00000000e+00
80.27405894 29.93540978 -14.39523212 2.16723654e-01
80.52684515 29.60171568 -11.84536495 0.00000000e+00
80.42301377 29.79630029 -13.58036357 0.00000000e+00
80.59439767 29.59233580 -12.20742986 0.00000000e+00
80.70979283 29.58857582 -12.98196766 8.42469441e-02
80.78342073 29.45214742 -11.82270450 1.05908304e-02
80.51946537 29.72790452 -13.37746933 1.65628053e-03
80.61485430 29.65844373 -13.17480327 3.99632132e-02
80.46288376 29.92794502 -16.55259809 7.66284867e+00
80.47106013 29.80249603 -13.98939660 2.63148137e-02
80.77972085 29.66133093 -14.52930456 1.62258878e+00
80.80497825 29.51903074 -12.80393169 9.17901658e-02
80.87621953 29.59277351 -14.31537340 1.64335027e+00
80.85395860 29.52531779 -13.23513507 2.59925444e-01
80.49116181 29.86841189 -15.41159291 1.82575707e+00
80.56731730 29.73366727 -13.78289019 1.47512565e-01
80.39321144 29.93566006 -15.74389107 2.21363372e+00
80.37345525 29.86992888 -14.19385285 6.68111542e-02
80.37642045 30.10447984 -20.80917916 2.41239859e+01
80.36425579 29.99440241 -17.01248583 9.88177530e+00
80.08805909 30.12452226 -17.01646896 1.36334135e+01
79.49564537 30.74087259 -29.34177709 2.19421063e+01
80.69770680 29.84315321 -17.57978516 8.83538160e+00
80.68382932 29.73060492 -14.79133550 1.84745819e+00
80.16136805 30.12090334 -18.04916027 2.15310113e+01
80.09946357 30.23323512 -21.29173050 3.68587786e+01
80.27563910 30.16833695 -21.51062107 3.04800613e+01
79.70288724 30.57997283 -27.87532290 2.48572328e+01
80.17290942 30.22987701 -22.25795889 3.43055926e+01
79.09070529 30.66504316 -25.28959439 3.10942132e+01
79.36117782 30.71735549 -28.07166197 2.36287008e+01
79.94999260 30.23673142 -19.17341018 3.12988692e+01
79.59003527 30.62759612 -27.99727003 2.47473285e+01
80.06812308 30.28882190 -23.05753235 3.45541848e+01
79.99335117 30.29047925 -22.02901155 3.81454063e+01
79.85259353 30.39854672 -24.34440306 3.37377620e+01
79.30719452 30.69977930 -27.40492274 2.54010897e+01
79.77533100 30.39668645 -23.26337776 3.66038871e+01
79.76395323 30.28854060 -18.48178993 2.44758954e+01
79.66378504 30.44585197 -23.78902668 3.67159852e+01
79.88525603 30.34494826 -22.66959088 3.76725414e+01
79.96131466 30.34505283 -23.78055759 3.38616501e+01
79.73069820 30.34125546 -20.31824388 3.08985565e+01
79.74466370 30.22196436 -15.95179174 6.88422621e+00
79.27534360 30.52255687 -22.18750877 3.35532116e+01
79.39059959 30.47977092 -21.81268456 3.45831942e+01
79.05865176 30.48682805 -17.20850486 6.90633440e-02
78.92774501 30.64778087 -22.71312038 2.19076136e+01
78.94067335 30.75748212 -26.02787835 2.51376925e+01
78.96208988 30.59726749 -20.77499878 9.89947916e+00
78.82536178 30.80034130 -25.97240199 2.14146187e+01
78.81220021 30.69036749 -22.69324861 2.19171790e+01
78.59693025 30.89053784 -25.76123744 1.74856742e+01
78.73109070 30.68277203 -20.73234209 1.30450841e+01
78.61670084 30.72781823 -20.54743811 2.00138691e+01
78.69729300 30.73430448 -22.57367307 2.45212945e+01
78.48439450 30.93879387 -25.62236957 1.72000273e+01
78.58332321 30.78010129 -22.37495897 2.55726540e+01
78.40551058 30.93544493 -24.70727360 1.84041974e+01
78.47058041 30.82818051 -22.11815761 2.25767613e+01
78.39192924 31.05886968 -26.90104801 1.68248077e+01
79.05632917 30.71541018 -26.04225770 2.74801295e+01
78.85938192 30.74932127 -25.29739374 2.50254944e+01
78.97491778 30.70687906 -25.32714547 2.80371819e+01
78.89820329 30.88779432 -27.90384743 1.81267956e+01
79.17204899 30.67356575 -26.01078531 3.00329161e+01
79.07588837 30.78437745 -27.38229376 2.21053637e+01
79.32191922 30.58092623 -24.94992767 3.73956371e+01
79.19166143 30.74227251 -27.41442470 2.37852677e+01
79.40258326 30.58834153 -25.73493681 3.43908121e+01
79.20646446 30.62324596 -25.17167638 3.38523382e+01
79.28755676 30.63138728 -25.90560491 3.29625913e+01
79.61856095 30.38956121 -20.87375155 3.03550765e+01
79.42222124 30.65637614 -27.35735328 2.65532077e+01
78.96014984 30.82664904 -27.33515743 2.04406209e+01
78.68766687 31.04632290 -28.88589811 1.59802366e+01
79.24569705 30.76034737 -28.07463360 2.23746456e+01
79.55085024 30.49268553 -24.26696267 3.68942659e+01
78.74438274 30.79291992 -25.20958785 2.19754576e+01
78.84472531 30.86964488 -27.27157661 1.84175330e+01
78.71068147 30.84452566 -25.88177636 1.86024752e+01
78.46180062 31.14350073 -28.66264699 1.62027807e+01
78.72990157 30.91390487 -27.19240982 1.70146910e+01
78.65423242 31.09865581 -29.42417228 1.58171810e+01
78.63021462 30.83819319 -25.07338244 1.91316742e+01
78.61597528 30.95993437 -27.09936387 1.64837465e+01
78.51717260 30.88559598 -24.90158257 1.86137761e+01
78.44296580 31.07414691 -27.51209108 1.64854031e+01
78.54112668 31.14689267 -29.31150173 1.59175895e+01
78.47586623 31.25412104 -30.21647122 1.60347791e+01
78.57407728 31.09374201 -28.77828526 1.59495575e+01
78.50324093 31.00816884 -26.99989318 1.64652146e+01
78.66846077 30.97697137 -27.72214234 1.63268776e+01
78.55504506 31.02436986 -27.61723261 1.62143878e+01
78.78294751 30.93160521 -27.81939593 1.69131632e+01
78.80229614 31.00087840 -28.98611120 1.63572134e+01
79.01393508 30.84501583 -27.97446061 1.96200193e+01
79.03347773 30.91394837 -29.15877786 1.81248602e+01
79.26531788 30.82870427 -29.29174895 2.02482712e+01
79.72241717 30.64681981 -29.30521964 2.24956076e+01
79.38079974 30.78535708 -29.32858202 2.12209693e+01
79.98078194 30.41124115 -26.23974846 2.76694908e+01
79.57568017 30.74645273 -29.92389387 2.11402507e+01
80.34490940 30.24213019 -25.17348203 2.81597694e+01
79.91108289 30.59774548 -29.83816951 2.16916238e+01
80.29527476 30.23402557 -24.16190438 2.99380355e+01
79.83384425 30.59655533 -29.23175790 2.26467697e+01
79.76166912 30.51625563 -26.93968491 2.70672632e+01
79.64972710 30.56502297 -27.15357396 2.69776760e+01
79.47604138 30.67325069 -28.04600874 2.44659353e+01
79.53648599 30.61159904 -27.28366084 2.69939603e+01
79.63014406 30.49776597 -25.19739162 3.35908500e+01
79.92420420 30.47764341 -27.44687693 2.52390381e+01
79.81434587 30.53005457 -27.71158682 2.50254172e+01
79.51686795 30.54394807 -25.50953581 3.42735875e+01
79.43680197 30.53756248 -24.64946724 3.79662661e+01
80.40549948 30.04596843 -19.29515188 2.00566020e+01
80.39625319 30.17019269 -23.39940224 2.89462672e+01
80.36480478 30.30790421 -27.75645956 2.35742288e+01
80.59376510 30.03758825 -21.92639667 1.85543728e+01
80.26232536 30.37045531 -28.24986522 2.31762594e+01
80.44544391 30.17752652 -24.35533366 2.84682256e+01
80.08759704 30.35476455 -25.64637687 2.81930406e+01
80.12666973 30.48652981 -29.58514274 2.18363404e+01
80.56514306 30.17750406 -26.29618937 2.52408467e+01
80.64265316 30.04410788 -22.85071641 1.95252129e+01
80.03227880 30.42261272 -27.07704694 2.54676286e+01
80.05177735 30.48857668 -28.90673145 2.28889955e+01
80.24263917 30.30471821 -25.88789251 2.68013752e+01
80.23169161 30.42718476 -29.36653773 2.15275405e+01
80.33486975 30.36553422 -29.10685462 2.17596143e+01
80.27420030 30.47968040 -30.65670129 2.01101050e+01
80.95911391 29.90991260 -23.96030019 2.15291442e+01
81.03572329 29.77663953 -21.19685945 1.79979648e+01
80.66372603 30.11059761 -25.56868424 2.43373475e+01
80.74024296 29.97637480 -22.27548564 1.67085354e+01
81.26480460 29.72216995 -23.75709449 2.29524100e+01
81.13690591 29.71335045 -21.10268266 2.09974315e+01
81.34536325 29.59485062 -21.41149264 2.33833933e+01
81.29047526 29.58271576 -19.99466301 2.35541082e+01
81.61549933 29.42449493 -21.31678804 2.58675583e+01
81.56227499 29.48893091 -22.50904430 2.37381816e+01
81.67352446 29.44070295 -23.28408128 2.38042439e+01
81.69960233 29.51123219 -25.96798078 2.01322930e+01
81.95541727 29.29311920 -24.43573824 2.35505144e+01
81.92668087 29.42294566 -27.17030141 1.95569711e+01
82.16052322 29.14671577 -23.56153895 2.11325012e+01
82.01541500 29.31210573 -25.99644711 2.18282403e+01
82.04439666 29.18377147 -22.79617264 2.34358330e+01
81.90034473 29.35260434 -24.99896666 2.23502915e+01
81.81460815 29.26380992 -20.22283622 2.60579881e+01
81.84088779 29.33436912 -23.15878269 2.51090554e+01
81.72749572 29.37805046 -22.13367308 2.59731523e+01
81.92902559 29.22269210 -21.55460801 2.53736350e+01
81.24006250 29.65262015 -21.16656377 2.31421071e+01
81.47956728 29.40368911 -18.08834468 2.36551614e+01
81.18640575 29.64190175 -19.87951402 2.14201252e+01
81.37154523 29.45674143 -17.75882121 2.02524463e+01
80.69114584 29.96985728 -21.33617771 1.56413910e+01
80.86368915 29.76726072 -18.06557576 9.27361900e+00
81.08446972 29.70393511 -19.92017307 1.79364946e+01
81.16224423 29.57290637 -17.48756556 1.42850521e+01
80.75248757 29.72208779 -15.32032122 3.35831843e+00
80.79416178 29.77464977 -17.12179118 7.40367411e+00
81.26573982 29.51319210 -17.55540448 1.67757811e+01
81.35559323 29.34074958 -14.87284580 6.54527139e+00
81.19117771 29.51409758 -16.33535677 1.09590425e+01
81.24976251 29.39733710 -14.69052445 3.88450571e+00
80.65645254 29.79117472 -15.68598598 4.65538077e+00
80.76675788 29.83514548 -18.48660465 9.18444763e+00
80.60116087 29.91162704 -18.10155451 1.12078653e+01
80.67015398 29.90345470 -18.97857824 1.12659213e+01
80.94630155 29.58600584 -14.78779441 3.07508363e+00
80.95106509 29.45768079 -13.10244448 2.76429120e-01
81.68608570 29.19207756 -15.99203068 1.09089551e+01
81.62152019 29.29961066 -17.58035379 2.00481943e+01
81.79965708 29.14890987 -16.51805760 9.43815945e+00
81.73391563 29.25421043 -18.30592405 2.12815658e+01
81.40201270 29.40001945 -16.71966150 1.58763197e+01
81.57401505 29.23824825 -15.53305028 1.03043493e+01
81.91443965 29.10837538 -17.09640424 7.05068211e+00
81.84768662 29.21161408 -19.18188996 2.04371577e+01
81.94811906 29.05736066 -16.21830340 2.17845773e+00
81.96256763 29.17146607 -20.29993147 1.97178333e+01
82.03018882 29.07011173 -17.76314977 4.00111489e+00
82.07833889 29.13343175 -21.13749178 1.81161089e+01
81.39675713 29.52669903 -20.27078578 2.43687751e+01
81.51079089 29.34813622 -17.09706754 1.86787012e+01
81.50516664 29.47397939 -20.71138815 2.52621456e+01
81.58960155 29.35399434 -18.52785476 2.51514962e+01
82.42091300 29.14596923 -27.05964693 2.60618963e+01
82.51175373 29.04331829 -26.25566078 1.91466142e+01
82.53835158 29.11209470 -27.39920419 2.45465419e+01
83.21778943 28.84881975 -27.49489201 8.61266670e+00
82.53409525 28.88486424 -20.95080957 6.04760149e-01
82.39433477 29.07678559 -25.29533597 1.87625560e+01
82.65218629 28.85306549 -21.59677648 7.07304304e-01
82.54673117 28.99545988 -25.83182683 1.42432005e+01
82.14669446 29.03375711 -18.63997247 2.48739967e+00
82.15460429 28.91444621 -15.50232293 1.60779909e-01
82.78234978 28.93088343 -26.39353375 5.37225108e+00
82.62937260 29.01049832 -26.56579627 1.58573612e+01
82.31177275 29.06225973 -23.23946299 1.54864924e+01
82.38123924 28.96526489 -21.82776162 3.69218795e+00
83.35982456 28.66182385 -25.64474070 5.86238394e+00
83.59480002 28.41141807 -18.66419052 1.12325161e+00
83.33514624 28.81587890 -27.58598877 9.23910772e+00
83.68399568 28.49491344 -23.71739337 4.43550514e+00
83.25326498 28.80204497 -27.03755802 7.91237863e+00
83.32428593 28.70855726 -26.11285216 6.62275691e+00
82.88847821 28.79009215 -23.73781106 1.39911438e+00
82.86486460 28.94587280 -27.04573514 5.97487744e+00
83.00654588 28.75853220 -24.65020705 1.94307907e+00
82.89152044 29.01339295 -28.08679799 1.16544298e+01
82.85304333 28.83689956 -24.63555238 1.98452569e+00
82.77033681 28.82154076 -22.55661609 9.56896703e-01
83.10026029 28.88138435 -27.37711210 7.16977146e+00
83.07139652 29.00069705 -28.82121030 1.10516344e+01
83.01801334 28.86684177 -26.78867219 5.05161549e+00
83.00928595 28.98081334 -28.25570720 9.04561440e+00
83.47913560 28.84817594 -28.64589370 9.28608910e+00
83.37062215 28.76905128 -27.11915370 8.46270961e+00
82.98260404 28.91369476 -27.23279393 5.87662348e+00
82.90020869 28.89888855 -26.61410789 4.08273268e+00
82.66450145 28.96301069 -26.13487526 9.92533117e+00
82.65598835 29.07885526 -27.67168075 2.32724189e+01
82.19479986 29.09715088 -21.93639922 1.56500116e+01
82.15777122 29.34338121 -28.04250830 2.03783477e+01
82.30377432 29.18073250 -26.69943042 2.59283160e+01
82.40461351 29.38177413 -30.31688988 2.18641488e+01
82.23999940 29.35591846 -28.93882233 2.05483109e+01
82.36489323 29.20101810 -27.45934473 2.74980511e+01
82.50880917 29.23509547 -28.93414762 2.96566301e+01
82.35678128 29.31928155 -29.21476946 2.32514761e+01
82.39140060 29.27010137 -28.68703150 2.62294880e+01
82.48228368 29.16641593 -27.78775431 2.80048725e+01
82.24786266 29.23664364 -27.10996335 2.46212126e+01
82.13131545 29.27356238 -26.67087052 2.25177395e+01
82.83562697 29.06633953 -28.50260133 1.93630113e+01
82.77373205 29.04601109 -27.89044850 1.76710692e+01
82.94472763 29.14788303 -30.05674286 2.70263701e+01
82.95353495 29.03353127 -28.67808401 1.31262635e+01
83.09804053 29.06737091 -29.76606818 1.54718758e+01
83.18031461 29.08111339 -30.26138442 1.55189358e+01
83.29797172 29.04751358 -30.34095428 1.36219745e+01
83.30680141 28.93445951 -29.03130844 1.16354395e+01
83.54333493 29.08624487 -31.62358703 1.04945028e+01
83.41547273 29.01359708 -30.40631167 1.17413422e+01
83.80221300 28.86172438 -30.13478053 7.36288763e+00
83.46171295 29.07361283 -31.21571995 1.16110412e+01
83.77521655 28.79679209 -29.23352781 7.04729770e+00
83.88331710 28.87330544 -30.54421248 7.08195200e+00
83.68540461 28.89719270 -30.10797536 8.25328581e+00
83.76672779 28.90917910 -30.52647666 7.78705490e+00
83.99963894 28.83686585 -30.55107375 6.68441935e+00
83.89345386 28.97994688 -31.69625941 7.52937721e+00
84.23144828 28.76225403 -30.53649921 7.43159536e+00
84.40691316 28.55697628 -28.60598156 8.59237159e+00
84.27656842 28.82082211 -31.30953964 9.08765203e+00
84.38210928 28.67565983 -30.09663652 9.73946091e+00
84.97886321 28.35935997 -28.14630343 1.33431005e+01
84.61227498 28.59768724 -30.00694515 1.25912078e+01
84.23925869 28.64964334 -29.20548496 6.60036201e+00
84.95024291 28.29461936 -27.01310994 1.12870540e+01
84.58436549 28.53335368 -29.04689785 1.10640274e+01
84.49729508 28.63686059 -30.05710766 1.13380838e+01
84.46957054 28.57257343 -29.11451380 9.79306251e+00
84.26667958 28.71399134 -30.12651609 7.63091310e+00
84.12368896 28.68735371 -29.23174707 6.09628144e+00
84.41425381 28.44408647 -26.98759172 7.37012395e+00
84.06118981 28.67082411 -28.72645911 5.86409970e+00
83.82922377 28.74363506 -28.74107698 6.41679209e+00
84.00782735 28.72446207 -29.24462346 6.15391790e+00
83.91875365 28.82568047 -30.14966183 6.75998618e+00
83.45103977 28.96650099 -30.01543436 1.09532222e+01
83.59609566 28.81391537 -28.69434762 8.01430096e+00
83.80218148 28.67870296 -27.73856489 5.91487124e+00
83.45228985 28.78245605 -27.65302427 8.62382428e+00
83.54148786 28.86668364 -29.16519946 9.01022641e+00
83.60462073 28.70142362 -27.21488594 6.83917590e+00
83.91823048 28.64282225 -27.72967735 5.56411439e+00
83.83750604 28.63126953 -27.23389245 5.48092115e+00
83.68583064 28.71391646 -27.72597114 6.55568505e+00
83.79196506 28.57205374 -26.22747623 5.00071162e+00
83.59417118 28.59460783 -25.72407675 5.65154957e+00
83.56919209 28.74848440 -27.70051099 7.50471992e+00
83.44161990 28.67539059 -26.17651138 6.86663196e+00
83.48774876 28.73552886 -27.17849341 7.82591821e+00
84.26450931 28.53118601 -27.61453095 6.02689559e+00
83.94341601 28.48855144 -25.67820198 4.62975659e+00
84.71239768 28.26669568 -25.39204105 8.79605119e+00
84.03396968 28.60627002 -27.70508483 5.45122331e+00
84.75699539 28.32522305 -26.66369579 1.01457037e+01
84.82633034 28.22637363 -25.20107323 8.33604123e+00
84.28964724 28.37590894 -25.41994338 5.26477323e+00
84.13945469 28.46233227 -26.10482866 4.81692852e+00
84.35454496 28.61136220 -29.16134626 8.38244275e+00
84.49387389 28.45373086 -27.47288637 8.59162257e+00
84.29952127 28.48279537 -27.06009915 6.01097861e+00
84.29195649 28.59549751 -28.65787793 6.96575531e+00
84.64294430 28.36518874 -26.78900710 9.33888193e+00
84.63609958 28.47855607 -28.46073257 1.08723538e+01
84.14939334 28.56904678 -27.67118356 5.48548381e+00
84.06914986 28.55837792 -27.17987705 5.17957473e+00
85.09318692 28.31998132 -28.02738315 1.24289563e+01
85.06426778 28.25493503 -26.87857913 8.87493416e+00
84.83628882 28.33456090 -27.14368201 1.12314259e+01
84.81346492 28.45409678 -28.87741718 1.28395888e+01
85.40837278 28.14123411 -26.48273580 2.87634068e-01
85.21324391 28.16645325 -26.09139007 2.36169070e+00
84.72229742 28.37451673 -27.26914736 1.04920850e+01
84.75041971 28.43887360 -28.36743152 1.18144347e+01
85.17850880 28.21584194 -26.73587192 5.27262487e+00
85.31767202 28.01855711 -23.55142995 1.42353329e-01
84.87094158 28.28512061 -26.52543756 1.05057406e+01
84.86096058 28.17680292 -24.32092854 6.07727067e+00
85.08876303 28.09621956 -23.90921071 1.36545977e+00
84.94020646 28.18602356 -25.01956829 6.17764619e+00
85.55982817 28.05908804 -25.74771717 1.90173148e-01
85.54938433 27.94822325 -23.34386917 1.37924175e-01
85.98872639 27.89261664 -24.42012653 5.44791397e-01
85.78540636 27.89087311 -23.38263482 1.62262887e-01
86.22130095 28.08711414 -28.56804134 1.88151939e+01
85.87877754 28.02348791 -26.36714220 4.08283435e-01
85.85871844 28.14049016 -28.21163727 7.45274466e-01
85.64145416 28.07543848 -26.33128933 2.29618897e-01
85.73944943 28.16564022 -28.18111076 5.18407946e-01
85.52441807 28.10690033 -26.38843277 2.40244290e-01
85.91043512 28.09308210 -27.62179003 7.66499368e-01
86.03571790 27.96076050 -25.89665217 2.52688243e+00
85.79089814 28.11638355 -27.56736826 4.60503243e-01
85.91530954 27.97937081 -25.77725070 4.20252995e-01
85.55490009 28.17419769 -27.60612461 3.64065391e-01
85.77073129 28.23452777 -29.34501005 8.27735835e-01
85.43842364 28.20781645 -27.68338831 5.76397326e-01
85.73454758 28.28053334 -29.88158431 1.03197288e+00
85.32277970 28.24372378 -27.78458958 3.65039950e+00
85.38247639 28.37644751 -29.99163467 1.26166266e+01
85.50400329 28.22654131 -28.25414374 5.81653745e-01
85.15138826 28.45068192 -30.13344877 1.74072246e+01
85.38769782 28.26120761 -28.33772327 3.34247725e+00
85.20776962 28.28129764 -27.90257411 8.54367586e+00
85.07133460 28.44002956 -29.70921305 1.60026805e+01
85.27213157 28.29786765 -28.44073804 8.59910468e+00
84.92790917 28.41437810 -28.77406827 1.36885910e+01
84.84182041 28.51869469 -29.87345366 1.39032465e+01
85.03642128 28.48933596 -30.20645828 1.59956497e+01
85.15709458 28.33591446 -28.55411639 1.31789776e+01
84.92163230 28.52850204 -30.27548040 1.47780791e+01
84.72709531 28.55824940 -29.94536766 1.32869124e+01
84.96657659 28.58778321 -31.09171061 1.52914936e+01
85.30177071 28.36392180 -29.53251366 1.31879604e+01
85.08146948 28.54904251 -31.03719302 1.66945452e+01
85.53447542 28.29391017 -29.39057805 1.49802147e+00
85.27698286 28.52269307 -31.33307117 2.05238124e+01
85.61627199 28.30969098 -29.89629672 1.24658721e+00
85.67236585 28.14352141 -27.56394722 3.68235666e-01
85.65210509 28.26260073 -29.35180470 7.81909986e-01
85.90064673 28.32113096 -30.84030934 4.64593459e+00
85.89033851 28.21005684 -29.37788005 1.43248839e+00
86.02099210 28.30014208 -30.88935573 1.71620109e+01
85.97397033 28.23277861 -29.94698533 5.73638632e+00
86.70480789 28.15823028 -30.66570715 1.44318340e+01
86.62011434 28.12753894 -30.16631302 1.45007487e+01
86.14200478 28.28248213 -30.95928060 2.46573860e+01
86.13197830 28.17203926 -29.55444560 2.21843265e+01
86.49779754 28.13603956 -30.00205037 1.50576640e+01
86.25363046 28.15777279 -29.68801173 1.88402985e+01
86.58731546 28.05727622 -29.14146548 1.41941475e+01
86.46025056 28.17542556 -30.38814982 1.55485897e+01
86.46514540 28.06552480 -28.94679140 1.46604027e+01
86.37560927 28.14595335 -29.84067644 1.61109493e+01
86.09984108 28.10154874 -28.41134679 1.84725348e+01
86.09487921 28.21427669 -30.02661588 2.19812316e+01
86.15186345 28.05776816 -27.86683974 1.93598328e+01
85.97890722 28.11916699 -28.29093686 2.46060152e+00
86.70956524 28.05010472 -29.33871055 1.39475599e+01
86.82718582 28.15095033 -30.79953889 1.41634444e+01
87.00541316 27.99977288 -29.19732145 1.35366704e+01
86.86494069 28.11317391 -30.46224586 1.40079688e+01
87.44335245 28.01326715 -30.11746773 1.35739878e+01
87.35472330 28.08746763 -30.86240324 1.37235040e+01
86.88327703 28.00548164 -29.03439924 1.36058374e+01
86.74250686 28.12003174 -30.32690873 1.41981674e+01
87.37176270 27.98231447 -29.61212769 1.34340388e+01
87.10985008 28.10037363 -30.67762457 1.37994124e+01
87.11871928 28.20543884 -31.78540103 1.40772684e+01
86.98739419 28.10670219 -30.57323930 1.38759799e+01
87.23229663 28.09401310 -30.77423938 1.37456139e+01
87.19441357 28.13102845 -31.11061148 1.38381941e+01
87.72180974 28.06581810 -31.07221071 1.16986997e+01
87.48561779 28.18402361 -32.03000049 1.40388582e+01
87.80991642 27.99154609 -30.34674535 1.19498490e+01
87.56151045 28.11023834 -31.35098817 1.39297212e+01
87.80606654 28.09463969 -31.46636163 1.21426334e+01
87.60786118 28.17637567 -32.09491382 1.41536387e+01
87.84409282 28.05781412 -31.12336995 1.22571394e+01
87.69209538 28.20531432 -32.49363513 1.43913496e+01
88.41695511 28.05171354 -31.60334818 1.74732648e+01
88.09647799 28.14266329 -32.27005929 1.47306593e+01
88.42019170 27.94939408 -30.50531437 9.31183416e+00
88.57735264 28.00704923 -31.25179421 5.59384163e+00
88.66135666 28.03587753 -31.60836483 4.76145696e+00
88.94424352 27.98653050 -31.23789131 2.49965491e+00
88.66432497 27.93359692 -30.50725996 2.54756282e+00
88.69961080 27.99956549 -31.24998549 3.05598300e+00
88.34723900 27.92039240 -30.11373923 1.09938216e+01
88.33293145 28.02350739 -31.23960121 1.96347584e+01
88.59095500 27.90411533 -30.12323633 2.64508816e+00
88.53913915 28.04353782 -31.60845210 8.96878219e+00
88.29815948 27.95786527 -30.49345348 1.63862932e+01
88.21074383 28.03216604 -31.22306519 1.92685210e+01
88.22540118 27.92893048 -30.09505416 1.79884025e+01
88.08855090 28.04087603 -31.19847640 1.52031008e+01
87.96633787 28.04947215 -31.16535927 1.32543387e+01
88.05047364 28.07771666 -31.54581932 1.44050098e+01
87.56558164 28.00646971 -30.20639098 1.36806835e+01
87.47712201 28.08063145 -30.94166051 1.37698881e+01
87.68380857 28.10263154 -31.41319835 1.30682187e+01
87.68777044 27.99922913 -30.28247648 1.19405494e+01
87.09412704 27.92530195 -28.27664553 1.32703501e+01
87.07648927 28.03169342 -29.78360396 1.36195361e+01
87.74158765 27.85854726 -28.46318001 1.11380244e+01
87.61585746 27.96908677 -29.81828573 1.34125786e+01
87.86341740 27.85108533 -28.54116714 1.22903331e+01
87.73784350 27.96178649 -29.90000280 1.13974513e+01
87.94731376 27.87986430 -29.09925734 1.37169887e+01
87.85978632 27.95404301 -29.96801156 1.22193542e+01
88.06903821 27.87165874 -29.14867509 1.72564013e+01
87.98168835 27.94591447 -30.02297668 1.37521236e+01
88.10695209 27.83494384 -28.64457498 1.67405784e+01
88.17613053 27.96648337 -30.47248897 1.92119482e+01
88.83741507 27.78762272 -28.63104002 2.20876599e+00
88.67752600 27.83075246 -29.19757609 2.26419731e+00
88.79929015 27.82374645 -29.18172486 2.24327288e+00
88.71561021 27.79444853 -28.65511495 2.22302886e+00
88.55579757 27.83833709 -29.20810386 2.40239525e+00
88.47210426 27.80979615 -28.68279999 2.55257181e+00
88.31241540 27.85474635 -29.20378927 7.62602141e+00
88.46441764 27.70821835 -27.09803056 2.35964873e+00
88.19073402 27.86322999 -29.18360319 1.43898422e+01
88.10355589 27.93749399 -30.06513811 1.70931218e+01
87.73327961 27.75608499 -26.91210347 1.09485941e+01
87.70374375 27.89512139 -28.95113445 1.10379956e+01
87.45142681 27.80504374 -27.16023352 1.29353249e+01
87.33806792 27.91440903 -28.60085874 1.32203114e+01
87.32937813 27.81049836 -27.01081784 1.28960474e+01
87.25384402 27.88340700 -27.96668084 1.31181799e+01
87.08520005 27.82022678 -26.64571859 1.29648991e+01
87.00979903 27.89360855 -27.60671030 1.31867406e+01
87.00078622 27.78810246 -25.96089056 1.29175904e+01
86.88776322 27.89861874 -27.40370295 1.32103286e+01
86.87863121 27.79243546 -25.73230800 1.29140911e+01
86.76573403 27.90385535 -27.18439639 1.32433672e+01
87.13182925 27.88859831 -27.79319561 1.31507500e+01
86.95417176 28.03758021 -29.65086875 1.36933792e+01
87.21610814 27.91998817 -28.44674681 1.32363355e+01
87.12754616 27.99411742 -29.34840280 1.34747473e+01
86.97213402 27.93050764 -28.09218506 1.33102175e+01
86.83185802 28.04363092 -29.50941156 1.38013037e+01
86.85013939 27.93578961 -27.89236984 1.33554673e+01
86.76115269 28.01148443 -28.85850641 1.37098344e+01
86.58248285 28.16626766 -30.52709858 1.48336862e+01
86.63905845 28.01804465 -28.65266142 1.38628297e+01
86.48432069 27.95483212 -27.22510186 1.37091240e+01
86.34311121 28.07529372 -28.75097289 1.57298474e+01
86.64372875 27.90960664 -26.95038328 1.32780837e+01
86.51702284 28.02549428 -28.44699207 1.41434126e+01
86.11968039 27.98718190 -26.61118346 1.66176253e+01
86.03082656 28.07365643 -27.72456455 6.48956277e+00
86.36254461 27.96345905 -27.00530581 1.43601226e+01
86.27333540 28.04482399 -28.04503738 1.66134562e+01
86.23111184 27.86414479 -24.84995785 1.50841484e+01
86.15675028 27.94574525 -26.06204751 1.69910023e+01
86.75648057 27.79696521 -25.45927417 1.28986577e+01
86.52177184 27.91619523 -26.71423378 1.33991934e+01
86.59678826 27.83977348 -25.66224774 1.29381173e+01
86.51226197 27.80785512 -24.82745602 1.27687386e+01
86.10967985 27.87674375 -24.60987858 1.14526390e+01
85.63596539 27.84950788 -21.47265698 1.19696431e-01
86.28800081 27.71206572 -22.01007621 1.25427095e+01
86.02561929 27.85003635 -23.68248889 6.50977817e-01
86.16662102 27.72225380 -21.66321969 1.03592810e+01
85.80560328 27.77371558 -20.81675316 1.48029396e-01
86.35775523 27.74394331 -22.98818346 1.24641831e+01
86.39025731 27.81501689 -24.51540803 1.29361948e+01
86.11465757 27.76463251 -22.31475021 5.65564614e+00
86.13442924 27.65130902 -18.88175629 1.37578788e+00
86.53599867 27.58943181 -20.03212527 1.32837352e+01
86.40959933 27.70425645 -22.37595396 1.22952742e+01
85.92518199 27.75246063 -21.06874702 1.87899365e-01
86.01364893 27.66500211 -18.56009425 2.07176347e-01
86.86359807 27.61541170 -22.25142941 1.28523059e+01
86.53131952 27.69818827 -22.74836887 1.24323999e+01
87.35025153 27.60137765 -23.43786107 1.25214382e+01
87.01857290 27.68183345 -24.08725397 1.27119155e+01
87.50571083 27.66441592 -25.03211411 9.95544217e+00
87.26219232 27.67401699 -24.61558093 1.25891186e+01
87.33351788 27.70614772 -25.35677653 1.26461187e+01
87.12293458 27.78372975 -26.17112281 1.29018212e+01
86.77491827 27.68918183 -23.47451063 1.26560320e+01
86.71886650 27.83427517 -25.94289982 1.29760247e+01
87.21154713 27.71064995 -25.14798374 1.26933853e+01
87.14039117 27.67808155 -24.36364694 1.26651122e+01
86.60154580 27.73132993 -23.71133653 1.25511770e+01
86.63434988 27.80199177 -25.14588853 1.28041205e+01
87.57343844 27.79907511 -27.29043187 1.13524841e+01
87.61971242 27.86551066 -28.36740601 1.07629082e+01
87.87067157 27.64540589 -25.43869698 1.40154020e+01
87.61128841 27.76268331 -26.80898883 1.01330604e+01
88.06103456 27.76986081 -27.59813263 1.44948359e+01
87.93920255 27.77787050 -27.55167639 1.49043345e+01
88.09897470 27.73319711 -27.09170394 9.42736334e+00
88.06450403 27.66732061 -26.04931115 6.96232910e+00
88.22079933 27.72488100 -27.11161083 4.30156860e+00
88.18618212 27.65913944 -26.06902374 3.09491045e+00
88.30461269 27.75315475 -27.63718408 3.43169440e+00
88.18283331 27.76156513 -27.62659565 7.24979341e+00
88.34260812 27.71649050 -27.11295154 2.74347744e+00
88.23521848 27.62172771 -25.54937406 2.38986720e+00
88.47814273 27.60519713 -25.49933770 2.24221418e+00
88.30783752 27.65080145 -26.06772861 2.61999654e+00
88.70809837 27.69275526 -27.04091315 2.13151020e+00
89.05001934 27.50442434 -23.83513036 2.15303744e+00
88.35668074 27.61340968 -25.53594279 2.45511475e+00
88.42948658 27.64249900 -26.04785234 2.35197970e+00
87.99222703 27.63789722 -25.50725747 8.32053015e+00
88.07921295 27.56404718 -24.23818893 1.76217703e+00
87.94278960 27.67517160 -26.00419956 1.36784909e+01
87.95783995 27.57176467 -24.19981910 5.19836635e+00
87.69921974 27.68936443 -25.82683868 1.08215496e+01
87.62741241 27.65871355 -25.19978806 1.00997407e+01
87.57736165 27.69556889 -25.69603315 1.05324158e+01
87.63112077 27.55536963 -23.14477055 1.01614317e+01
87.45545866 27.70114747 -25.53798485 1.12872322e+01
87.47185806 27.59676926 -23.65770508 1.12165477e+01
87.82102922 27.68254774 -25.92916985 1.29287908e+01
87.83641925 27.57897172 -24.12037970 1.15830325e+01
87.59342586 27.59151418 -23.84836486 9.97009621e+00
87.58492529 27.48867141 -21.57504080 1.02779940e+01
87.99559744 27.53528077 -23.43844593 1.97082038e+00
88.23043182 27.41774268 -21.08005953 8.85243634e-01
88.47330134 27.40133518 -20.97850956 1.99603519e+00
88.35969096 27.51110016 -23.42187073 2.09835215e+00
88.59474261 27.39337309 -20.91332479 1.97376209e+00
88.48102734 27.50291921 -23.36704804 2.22774311e+00
88.72375333 27.48753868 -23.22653926 2.06343579e+00
88.96424159 27.57667403 -25.24914866 2.06361174e+00
88.59962048 27.59728213 -25.44386430 2.08883366e+00
88.67283011 27.62676998 -25.95998726 2.07854437e+00
88.67824335 27.42218367 -21.66330666 2.22987401e+00
88.60237714 27.49500847 -23.29957470 2.06280499e+00
88.60790308 27.29036514 -16.10991590 1.48734381e+00
88.19260216 27.45433567 -21.88064831 1.05524810e+00
88.11699213 27.52747798 -23.45976728 1.27929893e+00
88.20054811 27.55597350 -24.24354444 1.73235997e+00
87.37919627 27.46179407 -20.09227646 1.25443219e+01
87.22861445 27.60541545 -23.18578458 1.28559342e+01
87.39573904 27.35752272 -15.76250322 1.08890717e+01
87.25741802 27.46531845 -19.50061911 1.29763471e+01
87.22387810 27.39657905 -16.72504447 1.25223972e+01
87.13561679 27.46826894 -18.81253364 1.31674761e+01
87.21977227 27.50112346 -20.45640043 1.30910740e+01
87.14454038 27.57295012 -22.25577771 1.32069182e+01
86.61552548 27.40701848 -13.38472688 1.14349924e+01
86.85442630 27.50921969 -18.84684805 1.38847081e+01
87.01380022 27.47079148 -18.04252420 1.33133464e+01
86.65768610 27.58539018 -20.80364454 1.31157590e+01
87.09800158 27.50410649 -19.95379317 1.33097078e+01
86.90111581 27.57904526 -21.62050797 1.33223597e+01
86.97621746 27.50674086 -19.39509071 1.40863255e+01
86.77939671 27.58203864 -21.26649584 1.35755088e+01
87.02283284 27.57609310 -21.95181923 1.34024709e+01
86.72353071 27.72666386 -24.06784818 1.26910303e+01
87.08955427 27.71476696 -24.91377579 1.27548181e+01
87.10695461 27.60898734 -22.90123726 1.28004805e+01
86.96754790 27.71866791 -24.65977296 1.28055831e+01
86.98528011 27.61225793 -22.58770709 1.31336509e+01
86.74191787 27.61872759 -21.89458382 1.26652624e+01
86.65310363 27.69331606 -23.11692184 1.25056436e+01
85.99370294 27.77961973 -22.02593795 2.83814012e-01
86.05051547 27.62319586 -16.75503811 2.10403787e-01
86.23606643 27.75296201 -22.64279088 1.31371937e+01
86.29283374 27.60154392 -18.11911194 1.13712312e+01
86.49861637 27.62710963 -20.75343443 1.26637987e+01
86.48910175 27.51876834 -17.18280127 1.24973326e+01
86.62025080 27.62250086 -21.43264501 1.30346546e+01
86.61085522 27.51488224 -17.97589053 1.36133279e+01
86.37705063 27.63304094 -20.07974583 1.20093634e+01
86.36740896 27.52399858 -16.19269809 1.11794210e+01
85.93009372 27.63935141 -16.47289606 1.21306609e-01
86.18134508 27.38848704 -11.06870563 1.86062245e-01
86.25561874 27.64088616 -19.43721281 1.11967661e+01
86.28310329 27.49206002 -14.34656482 8.10110624e+00
85.89352303 27.68268420 -18.29395383 1.41097380e-01
85.91993087 27.52842628 -12.91067774 5.24433898e-02
85.77430980 27.70477260 -18.04924725 9.92352072e-02
85.76398482 27.59364806 -13.49851562 2.30628397e-02
85.41320887 27.68534293 -13.44266061 4.78851166e-03
85.45859175 27.74730826 -15.94492437 2.44124195e-02
85.30358114 27.60693039 -11.14057336 0.00000000e+00
85.41812514 27.56983904 -11.04113872 0.00000000e+00
85.19486072 27.87110158 -17.91252123 4.53954039e-02
85.42360779 27.79587214 -17.68188434 5.27167258e-02
85.11575601 27.86108799 -16.25999940 2.65511123e-02
85.07121512 27.80172903 -13.75779898 1.37306208e-02
84.74190351 28.03330929 -18.49877189 5.14073172e-01
84.84507794 27.88406812 -13.99564264 1.57861118e-02
84.77631817 27.98365623 -16.65586964 1.21471838e-01
84.59831774 28.30678731 -25.57487035 8.16217408e+00
84.85505322 27.99241253 -18.37819357 1.92110134e-01
84.65647139 28.13814060 -21.59481951 3.75822867e+00
84.96816114 27.95152032 -18.25040519 5.92579754e-02
84.76996727 28.09755923 -21.40825852 2.60947862e+00
85.00250880 27.90162492 -16.41441234 3.14447322e-02
84.88334563 28.05681556 -21.24015672 1.14465819e+00
85.30885885 27.83252625 -17.76819376 4.87265381e-02
85.22405022 27.93643778 -20.68019963 8.58567169e-02
85.33319413 27.67302364 -12.70106725 1.17501360e-03
85.34355352 27.78328692 -16.00645257 2.38013871e-02
85.65621814 27.73128926 -17.81688117 8.02548843e-02
85.45358544 27.86232855 -20.41718412 8.97683608e-02
85.53933829 27.76187599 -17.68428756 6.03602690e-02
85.43306344 27.98213002 -23.41163304 1.37991269e-01
85.74920262 27.93636570 -24.21763837 1.74059558e-01
85.56975502 27.82906739 -20.43885115 9.70463121e-02
85.87345065 27.79860614 -21.80385560 1.63789700e-01
85.66681226 27.91759469 -23.33868821 1.43133678e-01
85.75414388 27.82192268 -21.60728225 1.36108701e-01
85.68708555 27.79933218 -20.57625456 1.25746521e-01
85.51897756 27.88096023 -21.43478774 9.71391465e-02
85.28282295 28.06780747 -24.50182768 2.08829787e-01
85.40308644 27.91558223 -21.48827260 1.08665733e-01
85.33842238 27.89836109 -20.51471400 8.93506070e-02
85.79575892 28.00201488 -25.71182935 2.31420313e-01
85.86849356 27.91240548 -24.28693430 2.17600049e-01
85.32802031 28.12866648 -25.95442498 3.70282132e-01
85.39797505 28.03083966 -24.35709085 1.52154082e-01
85.09892270 28.20540853 -26.23861017 5.86821211e+00
85.20298518 28.05679878 -23.72198086 2.38847866e-01
85.05413920 28.14589739 -24.83931460 3.65344794e+00
84.26226186 28.31165779 -23.52749768 4.71420243e+00
85.17378820 27.99135987 -21.81936921 1.20737271e-01
84.99671468 28.01614740 -21.07326965 3.79175579e-01
85.11021882 27.97587481 -20.88117029 1.05439706e-01
84.94625449 28.07163279 -22.22566402 1.49033518e+00
84.83266652 28.11231296 -22.42731942 3.27733480e+00
83.82732727 28.52463768 -25.71349108 4.71142326e+00
84.71901899 28.15295852 -22.64845736 4.83804656e+00
83.96972132 28.37050759 -22.33998940 3.91299076e+00
85.05990512 28.03118762 -22.02896821 3.70906561e-01
85.08136826 27.91094301 -18.08947888 4.86464975e-02
84.49118691 28.23334941 -23.11278954 6.41131542e+00
84.62860639 28.07397891 -18.62669065 8.60616506e-01
84.40440330 28.33701150 -25.22434189 6.30746879e+00
84.54277397 28.17837224 -21.77811999 4.91390744e+00
84.48402595 28.34650100 -25.74280403 7.39750660e+00
84.60521596 28.19335728 -22.88533992 6.42752947e+00
84.17457289 28.41416236 -25.55522413 4.74451417e+00
84.32193955 28.14445371 -17.15609173 8.12100837e-01
84.36947182 28.38571643 -25.89194691 6.22933850e+00
84.42881685 28.21811930 -21.95007654 5.26958678e+00
84.51886505 28.29753745 -25.01152395 7.26764010e+00
84.52871439 28.40485038 -26.89570369 8.34812990e+00
84.18449233 28.52091015 -27.13164224 5.31195472e+00
84.25462269 28.42434952 -26.02760591 5.29740883e+00
83.62170497 28.47677164 -22.11283000 3.72235398e+00
83.67548240 28.60718456 -26.23148391 5.52403794e+00
84.05916405 28.45171918 -25.62725718 4.53233213e+00
84.14730739 28.34981605 -23.65731627 4.45249350e+00
83.47713492 28.62853696 -25.69757703 6.04464092e+00
83.55869264 28.64161436 -26.21393400 6.29615337e+00
84.02395842 28.49962812 -26.16276426 4.74481613e+00
84.08501944 28.33351053 -22.30608403 3.98246817e+00
83.90812637 28.53620222 -26.20210462 4.82114858e+00
83.91634891 28.42390632 -23.75626390 4.19077203e+00
83.86222266 28.29443124 -17.14824985 9.89265387e-01
83.73805454 28.44213508 -22.25196570 3.80538790e+00
84.03200375 28.38724002 -23.72642040 4.10960393e+00
84.05782536 28.26905529 -19.08001942 2.59587499e+00
83.38805803 28.54381153 -21.54791002 1.77783989e+00
83.63013979 28.36447987 -16.86271142 7.36274327e-01
83.47817819 28.44499898 -18.38301796 7.40646082e-01
83.50301629 28.29138407 -12.98924558 1.19262826e-02
83.50503082 28.51064727 -21.87452269 2.64360622e+00
83.56731766 28.52926542 -23.61923569 4.52236808e+00
84.19996260 28.29575576 -22.23725236 4.48666976e+00
84.54966764 28.06506341 -16.91149155 3.83828025e-01
84.31455526 28.25727164 -22.10550814 4.80489180e+00
84.37688110 28.27281417 -23.33034882 5.52513954e+00
84.51508260 28.11424378 -18.77240048 1.29082118e+00
84.08286919 28.11436732 -13.54442899 4.46118472e-02
84.65322178 27.91681484 -13.36335292 6.95061649e-03
84.43596298 28.10507026 -17.05096137 5.42279583e-01
84.42612153 27.99790985 -13.50531272 2.52593513e-02
84.50523888 28.00691395 -14.29547537 5.25347263e-02
84.39143084 28.04688573 -14.39988978 8.40700699e-02
84.45014905 27.87879351 -11.02993801 0.00000000e+00
84.17266819 28.23144194 -19.04729903 2.73964229e+00
84.31208094 28.03750384 -13.54855470 2.68041234e-02
84.09282768 28.22104322 -17.24129833 1.14945982e+00
84.28473900 27.97336433 -11.83359152 6.09966376e-04
83.94261572 28.30587781 -19.06633370 2.24821696e+00
83.93254640 28.19927350 -14.40508397 4.05290591e-01
83.82703256 28.34187128 -18.98411051 1.75837760e+00
83.81685669 28.23526281 -14.30421173 3.59324975e-01
83.58435510 28.30464472 -14.00436706 1.14331398e-01
83.51357007 28.39825968 -16.67909147 3.65707382e-01
83.76292361 28.10540932 -10.67148830 2.02323879e-03
83.61974257 28.25775138 -13.13074223 7.80100545e-02
83.38595499 28.32419338 -12.82496190 0.00000000e+00
83.46757129 28.33806075 -13.86249090 1.50021980e-02
84.10836826 27.99604815 -10.92510389 0.00000000e+00
84.16275280 28.12469482 -14.48615285 1.53565270e-01
83.96767372 28.15153860 -13.48877633 1.27293895e-01
84.04784297 28.16240414 -14.47167136 2.72283227e-01
83.64697151 28.14001204 -10.56373736 1.73432345e-03
84.11600988 27.88350321 -8.90828882 0.00000000e+00
83.59286120 28.19241330 -11.34933543 7.04343563e-03
83.88649109 27.95758907 -8.77708379 0.00000000e+00
83.87848363 28.06988684 -10.76174061 2.09796484e-03
84.19543213 27.89357277 -9.54143890 0.00000000e+00
83.41393023 28.20644671 -10.31458180 0.00000000e+00
83.53905042 28.06140147 -8.49004302 0.00000000e+00
84.51220595 27.89358990 -11.82808310 6.25879320e-04
84.75094417 27.58329008 -7.45488545 0.00000000e+00
84.73840047 27.81137852 -11.71638594 1.41214409e-03
84.87313363 27.64945705 -9.34868060 0.00000000e+00
84.67620895 27.79706527 -10.96341601 6.74846195e-04
84.79498124 27.64134508 -8.75207122 0.00000000e+00
84.53982030 27.95764318 -13.43159764 2.54670633e-02
84.56333152 27.83821586 -11.01241074 0.00000000e+00
84.61874095 27.96635684 -14.19176504 3.93231248e-02
84.62543497 27.85272358 -11.78751317 7.23780029e-04
84.90135805 27.71374078 -10.78663648 0.00000000e+00
84.76639038 27.87557359 -13.27665767 8.01516881e-03
84.19766902 28.07634229 -13.55977506 2.59247524e-02
84.27727675 28.08616966 -14.46175014 8.47381247e-02
84.96391373 27.72807253 -11.50959702 7.63143795e-04
84.87941669 27.83411946 -13.17077233 9.06745771e-03
85.10557176 27.75172214 -12.92931842 7.15778674e-03
85.35353227 27.55243318 -10.30153463 0.00000000e+00
85.21907954 27.71162278 -12.80863804 4.70990209e-03
85.29852211 27.72240399 -13.52789925 7.02593720e-03
85.68161555 27.57382683 -12.61814834 3.19390803e-03
86.00357762 27.55429231 -13.91318269 1.18804532e-01
86.00855356 27.44174326 -11.44116448 6.12139988e-02
86.12450582 27.54104797 -14.42661012 2.19870295e-01
85.80022003 27.54877759 -12.72335186 1.80235583e-02
85.88331241 27.57167937 -13.66533497 5.74060968e-02
86.49387409 27.41005463 -12.95305581 1.04078160e+01
86.04049606 27.51261995 -13.17804690 1.18845702e-01
85.93995055 27.41316702 -10.46998877 2.04751696e-02
85.78890196 27.36251339 -8.62305998 8.61848104e-04
86.54999310 27.26444190 -9.76576509 1.01587244e+01
86.14914716 27.31711210 -9.30421506 8.46724536e-02
85.88825447 27.45817379 -11.20436625 1.44043299e-02
86.06530210 27.28714749 -8.25011933 2.89829868e-02
85.70167978 27.45563767 -10.18623429 7.27667935e-04
85.82516684 27.31840617 -7.84049850 8.39633853e-04
85.55382251 27.41641263 -8.58832161 0.00000000e+00
85.47317984 27.40132998 -7.86285175 0.00000000e+00
85.21050747 27.52543803 -8.93730496 0.00000000e+00
85.18987917 27.64613454 -11.26132065 0.00000000e+00
85.13186884 27.51583359 -8.31470014 0.00000000e+00
85.07673936 27.68671096 -11.38789230 0.00000000e+00
84.98536745 27.60753692 -9.22341649 0.00000000e+00
85.01386755 27.67207993 -10.67313052 0.00000000e+00
84.64841755 27.73304883 -9.53059691 0.00000000e+00
84.76086159 27.69138958 -9.45462567 0.00000000e+00
85.09774647 27.56602226 -9.08463149 0.00000000e+00
85.43270030 27.22363295 -4.47463383 6.06184058e-04
85.24478375 27.47553936 -8.15100289 0.00000000e+00
85.34809116 27.32668192 -5.72719501 3.36232705e-04
85.35845966 27.43709534 -7.99447580 0.00000000e+00
85.42788049 27.33914577 -6.37887525 0.00000000e+00
85.70652553 27.34132199 -7.76720230 0.00000000e+00
85.57877988 27.25811393 -5.51625345 5.14425121e-04
85.77864172 27.25141665 -6.24581541 0.00000000e+00
85.69620115 27.23020071 -5.48587908 4.51677337e-04
85.82028236 27.43197701 -10.28492253 2.95980673e-03
85.90823381 27.34286737 -8.76798357 3.71325975e-03
85.93477625 27.18966904 -5.61348969 0.00000000e+00
85.94486073 27.30048138 -8.00160171 3.59680630e-03
85.89809993 27.23195547 -6.34462160 0.00000000e+00
85.90300953 27.11866891 -4.36019853 4.82442190e-04
86.75052956 27.08432237 -6.25016944 1.04961389e+01
86.05535989 27.17673696 -5.77271631 5.12194966e-03
85.66034853 27.27599918 -6.22470448 4.02726880e-04
85.71612583 27.11231391 -3.88544973 5.88370554e-04
85.23448539 27.36554821 -5.91765288 0.00000000e+00
85.31357118 27.37615510 -6.53468994 0.00000000e+00
85.01942285 27.55725501 -8.47434076 0.00000000e+00
85.12166150 27.40629538 -6.14012994 0.00000000e+00
85.00931406 27.44817580 -6.35628266 0.00000000e+00
85.08757028 27.45663640 -6.93483354 0.00000000e+00
84.35809919 27.57959729 -5.30096230 0.00000000e+00
84.53261867 27.55323310 -5.74959728 0.00000000e+00
84.30924991 27.85458563 -9.58101802 0.00000000e+00
84.41283297 27.70760802 -7.71660663 0.00000000e+00
84.10607823 27.77679864 -7.13562223 0.00000000e+00
83.96653509 27.96885971 -9.40416746 0.00000000e+00
84.56018341 27.61718621 -6.99499863 0.00000000e+00
84.57002696 27.72471563 -8.91953552 0.00000000e+00
83.76087021 27.88657218 -6.98425002 0.00000000e+00
83.73594764 28.04035998 -9.22987599 0.00000000e+00
84.33661318 27.91867910 -11.02290379 0.00000000e+00
84.42266622 27.81477814 -9.59387615 0.00000000e+00
84.08119436 27.93167380 -9.47896571 0.00000000e+00
84.00146538 27.92102353 -8.85081863 0.00000000e+00
83.53062913 28.17367047 -10.44460437 0.00000000e+00
83.65527161 28.02777963 -8.59825236 0.00000000e+00
83.62003953 28.07466362 -9.12977807 0.00000000e+00
83.84941993 27.78631183 -5.92462440 0.00000000e+00
83.50374060 28.10801088 -9.01927124 0.00000000e+00
83.60964381 27.96796204 -7.43145990 0.00000000e+00
83.85144861 28.00508758 -9.31769733 0.00000000e+00
83.95649881 27.86225556 -7.67475110 0.00000000e+00
83.77108777 27.99317142 -8.69171222 0.00000000e+00
83.87638793 27.85100483 -7.05961053 0.00000000e+00
83.52855034 27.95461483 -6.78954101 0.00000000e+00
83.37635189 28.03340219 -7.18553860 0.00000000e+00
84.07124010 27.82500097 -7.71317921 0.00000000e+00
84.19304919 27.67406805 -5.97073925 0.00000000e+00
83.41178191 27.98710928 -6.66169314 0.00000000e+00
83.49318932 28.00117017 -7.31659842 0.00000000e+00
83.73395748 27.82163055 -5.86540105 0.00000000e+00
83.84131080 27.89850204 -7.60859439 0.00000000e+00
83.64492172 27.92111402 -6.89812562 0.00000000e+00
83.72568995 27.93374293 -7.52675431 0.00000000e+00
83.96442443 27.74992611 -5.96234767 0.00000000e+00
83.87548047 27.66840904 -4.44657665 0.00000000e+00
83.78742035 27.76887112 -5.35475929 0.00000000e+00
83.91035727 27.62078724 -4.05790215 0.00000000e+00
83.90248805 27.73308866 -5.39432406 0.00000000e+00
84.02476801 27.58377582 -4.05348558 0.00000000e+00
84.22024759 27.73821707 -7.14164109 0.00000000e+00
84.29939830 27.74762992 -7.73667241 0.00000000e+00
84.44727551 27.65833271 -7.07853453 0.00000000e+00
84.52586920 27.66679526 -7.66107391 0.00000000e+00
84.07896815 27.71250163 -5.97881396 0.00000000e+00
84.33077695 27.51560429 -4.26059937 0.00000000e+00
84.24488890 27.61944347 -5.37306969 0.00000000e+00
84.36510043 27.46644650 -3.69530475 0.00000000e+00
84.58324772 27.49737018 -5.06814408 0.00000000e+00
85.25977998 27.12930342 -2.88804631 3.70113011e-03
84.01481699 27.47729620 -1.21543218 1.00969874e-01
83.99001927 27.63177445 -4.45423193 0.00000000e+00
83.52906666 27.77167450 -4.31090032 0.00000000e+00
83.43956340 27.86977899 -5.13075839 0.00000000e+00
83.56427902 27.72513193 -3.95034919 0.00000000e+00
83.55594437 27.83721912 -5.22405254 0.00000000e+00
84.01708753 27.69623002 -5.41093004 0.00000000e+00
84.10408216 27.59407391 -4.44050458 0.00000000e+00
83.32049913 27.68206435 -1.15069033 5.69240933e-02
83.33133618 27.78908858 -3.81172396 0.00000000e+00
83.40203466 27.69700241 -2.32550050 0.00000000e+00
83.44801187 27.75764989 -3.88180538 0.00000000e+00
83.75024628 27.59741156 -2.43001680 0.00000000e+00
83.68009890 27.69147133 -4.00365286 0.00000000e+00
83.51855452 27.66496049 -2.37056392 0.00000000e+00
83.66978575 27.58497182 -1.21015700 5.63409201e-03
83.43736463 27.65085569 -1.17481017 2.59877332e-03
83.78529222 27.55025433 -1.21985980 3.22490900e-03
84.35531616 27.35950365 -1.02109825 2.37458034e-01
84.54585817 27.32600021 -1.78396290 4.89607493e-02
84.09417154 27.48745174 -2.39356576 0.00000000e+00
84.12882321 27.43911112 -1.17813358 1.44295002e-01
84.57991042 27.27607357 -0.86955612 8.13968781e-01
84.43363409 27.36776703 -1.93550504 4.15167263e-02
84.20781412 27.44857271 -2.30583314 0.00000000e+00
84.13869353 27.54568796 -4.00244857 0.00000000e+00
84.24231843 27.39982484 -1.12769956 1.74926960e-01
84.25213393 27.50655908 -3.89222602 0.00000000e+00
84.46783453 27.31821831 -0.91440678 8.55452852e-01
84.47761489 27.42542633 -3.44070556 0.00000000e+00
85.10334328 27.11089754 -1.85876083 1.13264185e-02
84.89054699 27.30570947 -3.78029078 0.00000000e+00
85.44220517 26.99277382 -1.31441445 1.67349177e-02
85.48752189 27.05544041 -2.50052559 3.98429984e-03
85.32819150 27.02955472 -1.43252348 2.24387334e-02
85.33861632 27.14014764 -3.24581025 7.16813046e-04
85.36251559 26.97986127 -0.68049186 2.36282811e-01
85.02556015 27.10286500 -0.99378507 1.23475260e-01
85.13714507 27.06015440 -0.86497576 1.43372069e-01
84.77913178 27.34864653 -3.74697799 0.00000000e+00
85.67467385 26.93198447 -1.21746269 6.46636627e-03
85.94946731 26.85160188 -0.62492858 1.64234714e-02
85.72092505 26.99813376 -2.36464974 1.78396138e-03
85.55766097 26.95993170 -1.24893900 1.36829901e-02
85.47698392 26.94416084 -0.63392259 1.21088934e-01
85.82950102 26.86634353 -0.60426408 4.12021012e-02
85.80337833 27.02076330 -2.90446573 6.73391211e-04
85.79314239 26.90958534 -1.20671037 4.29879232e-03
85.71055397 26.88672010 -0.60244629 1.64690822e-01
86.04309018 26.99185127 -3.02496746 5.64952346e-04
85.95953502 26.96237649 -2.40895349 6.65568855e-04
85.59870776 27.13904970 -3.93231486 6.23634851e-04
85.68503960 27.04329612 -2.92064382 5.85951223e-04
85.03573915 27.21222075 -3.38721927 7.02114566e-04
84.98088488 27.38367279 -5.17936100 0.00000000e+00
84.91427074 27.14628383 -1.01942264 1.02814184e-01
84.64501744 27.51140679 -5.61806931 0.00000000e+00
84.99183965 27.15371778 -2.01320771 1.23397356e-02
84.70146737 27.34113373 -3.21667316 0.00000000e+00
84.88053753 27.19705120 -2.00743811 2.91216341e-02
84.80301618 27.18986599 -0.98801547 1.13479670e-01
84.69160791 27.23322380 -0.90561384 2.25008773e-01
84.66754593 27.39131994 -3.77062778 0.00000000e+00
84.80705564 27.41264000 -4.83799450 0.00000000e+00
84.81295872 27.29821068 -3.29349025 0.00000000e+00
84.75711845 27.46904114 -5.49325931 0.00000000e+00
84.67274818 27.57539231 -6.88030323 0.00000000e+00
84.86902513 27.42635990 -5.32745575 0.00000000e+00
84.78504362 27.53311885 -6.72971343 0.00000000e+00
84.91869680 27.36986163 -4.72323977 0.00000000e+00
84.92432150 27.25511253 -3.39985248 4.46963537e-04
85.03037493 27.32725266 -4.62240810 0.00000000e+00
85.00195411 27.26284818 -3.78584857 5.09165827e-04
85.14232506 27.28531300 -4.47269634 4.70356718e-04
85.11357512 27.22053066 -3.69184899 6.79797937e-04
85.22569026 27.17937487 -3.46006705 7.20231462e-04
85.14745902 27.17006010 -3.18281319 7.81653531e-04
85.37303135 27.09078026 -2.65526318 4.13280712e-03
85.36820624 27.20613896 -4.13583038 6.32867505e-04
86.44270185 26.94089770 -3.04072215 1.15915153e+00
86.31698489 27.05171062 -4.48200316 1.00898962e-01
86.19596376 27.05614536 -4.24686944 2.43504584e-02
86.28461099 26.97955495 -3.31898803 4.93113060e-02
86.92258970 27.04941611 -5.91447541 1.05616406e+01
86.54054201 27.15657292 -7.16892263 1.01718946e+01
87.04371918 27.04956821 -6.27950815 4.49118296e+00
86.74608470 27.19094158 -8.75100711 1.03294564e+01
87.16484771 27.04921628 -6.61758940 5.07261326e-01
86.78347853 27.15529468 -8.01720845 1.03287229e+01
87.59960558 27.07577881 -8.16454951 7.67834680e-03
87.02641830 27.15464729 -8.81491911 1.03509511e+01
87.72080644 27.07133467 -8.29010174 0.00000000e+00
87.11039458 27.18905730 -9.92511029 1.07507716e+01
87.04771253 26.94456943 -4.00733062 1.33656874e-01
86.99316025 27.08464086 -6.98442926 1.02870491e+01
87.28597017 27.04817715 -6.75257212 7.08614238e-02
87.23578505 27.08343307 -7.63012858 3.89967519e-01
86.91749442 26.83829940 -1.05335976 3.56322897e-01
86.68470584 26.94166083 -3.54186519 8.67662550e+00
86.87184472 27.08454927 -6.61250462 1.09242510e+01
87.01041065 26.97942285 -4.64028564 8.75745211e-01
86.80146117 27.04898898 -5.58632610 1.08302398e+01
86.92670730 26.94383699 -3.82040891 1.64763758e+00
86.40555474 26.97734527 -3.51320020 4.95419318e-01
86.32171191 26.94227207 -2.82166370 5.49030532e-02
86.56370431 26.94088863 -3.31283149 7.49719489e+00
86.55920533 27.04859145 -5.02353743 9.92661027e+00
86.20077704 26.94574623 -2.64537620 1.97925046e-03
86.03314064 26.88138644 -1.28604270 3.28494907e-03
86.27491287 26.87018919 -1.48693774 8.76281421e-03
86.19096642 26.83586726 -0.71131120 1.03760700e-02
86.15393089 26.87414152 -1.37242532 6.71113920e-04
86.31202043 26.83303004 -0.77562654 2.36414873e-01
86.07005409 26.84175278 -0.66111412 1.31621395e-02
86.43311784 26.83237870 -0.86224791 2.36661066e-01
86.63809824 26.86984373 -2.00588850 4.13431902e+00
87.00128491 26.87430502 -2.15009652 2.36404264e-02
87.03859507 26.83970691 -1.09673676 1.80477622e-01
87.12235729 26.87510615 -2.21795705 7.00562319e-03
87.15970340 26.84049258 -1.12122029 3.53893136e-02
86.80570579 26.94276756 -3.69039420 6.84075152e+00
86.75915833 26.87137736 -2.06776579 1.39129210e+00
87.28972576 26.94415035 -4.17222467 7.32329599e-03
87.24343294 26.87517219 -2.23972759 0.00000000e+00
87.37332398 26.97777028 -5.02972329 6.17114636e-03
87.28081494 26.84047938 -1.11850730 8.69505150e-03
86.88021895 26.87297795 -2.09071712 1.11437261e-01
86.79640132 26.83651243 -1.03735736 3.34907101e-01
87.49426880 26.97550817 -5.10974144 0.00000000e+00
87.36450447 26.87436856 -2.24709031 0.00000000e+00
87.76507606 26.83017489 -0.99960311 3.96538722e-02
87.40192071 26.83951235 -1.12858301 7.46739749e-03
87.89435540 26.92673110 -3.94217434 0.00000000e+00
88.12774786 26.81156430 -1.01486400 1.35628527e-01
87.72757579 26.86572929 -2.03293895 1.30305894e-02
87.52300900 26.83750597 -1.09317593 1.02409428e-02
87.64406532 26.83439767 -1.03333584 2.66161078e-02
87.88603061 26.82490346 -1.05336756 6.32457455e-02
88.49773235 26.88911186 -4.04904324 6.64266099e-02
87.96938172 26.85472966 -2.16148285 3.42502472e-02
88.09019008 26.84786803 -2.12297929 7.58793461e-02
88.45232583 26.82412071 -2.01694572 1.56446188e-01
88.24851937 26.80385499 -0.97340363 1.48846833e-01
88.36924999 26.79574520 -0.99389777 1.73140068e-01
88.13584078 26.91314564 -4.15500977 4.96232620e-03
88.33164679 26.83233445 -1.96730140 1.46082585e-01
88.09831818 26.94951089 -5.19667658 0.00000000e+00
88.21094127 26.84033571 -1.98826763 1.01941515e-01
88.57299950 26.81594851 -2.06231962 1.72250750e-01
88.48996063 26.78750220 -1.02304795 3.47125140e-01
88.21895915 26.94190717 -5.02377451 4.02654825e-03
88.32597779 27.03690665 -8.56148879 0.00000000e+00
88.00692085 26.81864536 -1.10811529 1.08334486e-01
88.01512809 26.92031761 -4.21801366 0.00000000e+00
87.85686745 26.96268923 -4.80385761 0.00000000e+00
87.65263015 26.93675223 -4.13102918 0.00000000e+00
87.41072029 26.94268133 -4.22580922 4.79030983e-04
87.60658945 26.86969587 -2.12651176 9.98817990e-03
87.47836077 27.07924801 -7.98689273 1.85607908e-02
87.73605150 26.96796117 -4.95290408 0.00000000e+00
87.40707839 27.04631219 -6.87856165 1.72892626e-02
87.53169266 26.94023387 -4.22419845 0.00000000e+00
87.64920861 27.03976560 -7.12823878 0.00000000e+00
87.15683860 27.25833646 -11.74586436 1.06318780e+01
87.77020773 27.03501957 -7.08387072 0.00000000e+00
87.51219654 27.14717315 -9.92782221 8.18697796e-02
87.61518199 26.97224538 -5.10013286 0.00000000e+00
87.52816187 27.04352904 -7.02198659 7.23289077e-03
87.84195420 27.06594515 -8.29511792 0.00000000e+00
87.59597400 27.17888833 -10.93308132 7.99094214e-02
88.20504359 27.04495065 -8.61038773 0.00000000e+00
87.60451954 27.28162290 -13.42037223 2.98063736e-01
88.25650168 26.90540099 -3.96514767 1.83768520e-02
88.13285604 27.01551089 -7.37384192 0.00000000e+00
88.33955869 26.93389218 -4.94521220 1.85899316e-02
88.25363004 27.00770854 -7.30198714 0.00000000e+00
88.61582448 26.98338256 -7.37756349 6.65584133e-02
88.85736284 26.96865126 -7.49222289 6.94050623e-01
88.36073878 27.10261406 -10.60966838 7.90117871e-03
88.68613042 27.11517182 -11.25349465 9.15869620e-01
88.56780130 27.02059968 -8.58750360 5.32172980e-02
88.56508057 27.12293296 -11.29185341 2.28615245e-01
88.49509486 26.99140803 -7.31075586 9.17340876e-03
88.48180174 27.09442793 -10.58624579 5.07769457e-02
88.44404807 27.13101440 -11.32757561 5.76524641e-02
87.88446759 27.23455288 -12.84038366 2.66060012e-02
88.57277213 27.22455979 -13.42214377 6.63309242e-01
88.80721050 27.10790753 -11.22062017 1.38330388e+00
88.60286988 27.08641044 -10.55254582 2.70927334e-01
88.36859699 27.20418163 -12.80340852 6.99922140e-02
88.32301595 27.13920722 -11.35611466 1.29409771e-02
88.00557033 27.22772380 -12.87723835 1.44666276e-02
87.75985201 27.34348775 -16.30844749 3.47021376e-01
88.33090039 27.24077717 -13.54327342 8.68347546e-02
88.08897000 27.25671577 -13.62904136 3.04531678e-02
87.63357439 27.14321676 -10.13471476 1.96071553e-02
88.20196491 27.14728059 -11.36981932 2.38789725e-03
88.11855309 27.11858333 -10.59157473 0.00000000e+00
88.08087671 27.15500365 -11.35288935 2.38478934e-03
87.71728323 27.17419026 -11.10079773 1.98447438e-02
87.87618057 27.13253834 -10.41301392 3.01419886e-03
87.89115091 27.02933574 -7.02001911 0.00000000e+00
87.99739578 27.12591151 -10.52209368 1.26104185e-03
88.08406935 27.05260484 -8.60154525 0.00000000e+00
87.95973779 27.16217191 -11.29530670 4.51240704e-03
87.96304212 27.05966487 -8.36470210 0.00000000e+00
87.35708347 27.08177417 -7.76961600 7.45556433e-02
87.14788392 27.15382193 -9.17498219 9.13158322e+00
87.47462013 27.18266733 -10.74094218 1.75072678e-01
87.23182071 27.18765708 -10.25214553 7.92201372e+00
86.86752318 27.19046575 -9.16720720 1.03447030e+01
86.79273079 27.26174178 -10.62432765 1.08157539e+01
86.62921471 27.08429400 -5.90716149 1.02649983e+01
86.42864963 27.26704216 -9.34617703 1.00789160e+01
86.43808260 27.04943442 -4.74374527 4.11781267e+00
86.26047730 27.20007115 -7.10259762 1.26026882e-01
86.50790246 27.08485801 -5.55460553 9.40441299e+00
86.30736314 27.27121627 -8.94338270 9.44056877e-01
86.26535498 27.08993774 -4.90091772 6.94547522e-02
86.17640125 27.16778111 -6.02227302 4.61033669e-02
86.62464754 27.19168331 -8.32427068 1.01272975e+01
86.41909121 27.15846288 -6.75314672 7.46401779e+00
86.50321783 27.19308704 -7.89598519 1.00662141e+01
86.18620486 27.27766186 -8.57075631 9.27540363e-02
86.38181340 27.19566720 -7.48542172 6.16885098e+00
86.29768787 27.16195660 -6.36641345 1.38974818e-01
86.91410400 27.26082382 -11.02900892 1.07227065e+01
86.98896063 27.18992703 -9.55880735 1.02095930e+01
87.27819061 27.25634850 -12.04470617 9.95551017e+00
87.26934091 27.15239119 -9.44957241 2.25346687e+00
87.64209047 27.24582899 -12.66152178 1.63935484e-01
87.75490492 27.13832513 -10.29249545 9.21631586e-03
87.76330630 27.24060741 -12.77187158 7.32799402e-02
87.83853967 27.16859952 -11.20416043 1.02750296e-02
87.35323222 27.18556522 -10.49346699 9.98839551e-01
87.24069813 27.29179249 -12.78829690 1.08242050e+01
87.27429423 27.36065379 -15.36299089 1.13929939e+01
87.36200181 27.28917791 -13.04934831 7.14222569e+00
86.98055014 27.40105738 -15.22611963 1.28187155e+01
87.11937648 27.29376577 -12.48209833 1.06158643e+01
86.90985730 27.36680612 -13.74086775 1.25479739e+01
86.99804393 27.29525511 -12.13457358 1.08482929e+01
86.42394885 27.37605882 -11.86606530 1.03664174e+01
86.63402816 27.29907214 -10.91365602 1.05809473e+01
86.37227026 27.41437669 -12.52559718 1.01365512e+01
86.51270251 27.30119274 -10.48368194 1.01857591e+01
86.30257228 27.38111899 -11.45125840 4.08268618e+00
86.39140956 27.30447674 -10.06795385 9.79612671e+00
86.12947616 27.42948464 -11.75216746 1.54261504e-01
86.27019522 27.30954493 -9.66715538 4.35523280e-01
86.40476514 27.48581549 -15.03982195 1.09359601e+01
86.66687515 27.37021837 -12.72385047 1.14632755e+01
86.25077043 27.42061517 -12.11934991 1.11825501e+00
86.16162996 27.50075046 -13.70646633 2.38820815e-01
86.52652311 27.48132942 -15.75556701 1.19948724e+01
86.73263574 27.51183014 -18.46532296 1.37568096e+01
86.78836492 27.36839590 -13.14848723 1.22342867e+01
86.64832600 27.47801113 -16.26565694 1.30461257e+01
87.50094321 27.45759709 -20.57918206 1.01879402e+01
87.88112339 27.33721725 -16.35865112 2.27640251e-01
86.85887362 27.40287547 -14.41950026 1.28392836e+01
86.77014750 27.47537762 -16.67659661 1.37136088e+01
87.62264967 27.45265481 -20.86485157 1.11053928e+01
87.86591426 27.44051558 -21.05611911 1.47871719e+00
87.94968067 27.46983333 -21.86685406 1.16021667e+00
88.00233835 27.33023024 -16.37137262 1.63715040e-01
87.82814799 27.47679940 -21.80633578 4.29258171e+00
87.95312548 27.36726496 -18.33944607 3.04706038e-01
88.19581373 27.35197440 -18.31288722 2.82432816e-01
88.10896873 27.42576940 -21.10187680 7.49815099e-01
88.12350104 27.32265438 -16.35223232 1.71978752e-01
88.45183434 27.23259214 -13.48214020 1.67944451e-01
87.83170473 27.37404607 -18.30494859 4.42122152e-01
87.96794129 27.26404356 -13.63116881 3.51653395e-02
87.71022889 27.38010341 -18.23141437 1.58215466e+00
87.84685621 27.27069561 -13.59979253 7.74933745e-02
87.63852689 27.34898025 -16.21604639 1.09635671e+00
87.72571425 27.27657453 -13.53422907 1.42307187e-01
88.24462225 27.31466913 -16.30802555 1.87725616e-01
88.48956258 27.19601805 -12.75275358 1.63467336e-01
88.31710351 27.34381963 -18.26436790 4.13406880e-01
88.61053650 27.18806115 -12.70257343 7.52691988e-01
88.55965854 27.32754288 -18.13590934 1.60750713e+00
88.69372960 27.21687751 -13.36693987 1.39269323e+00
88.48680521 27.29830802 -16.17752384 7.61114849e-01
88.73153433 27.18051066 -12.65716868 1.37262779e+00
88.85018156 27.27586346 -15.97702398 1.69745478e+00
88.55681756 27.42986688 -21.73154291 2.15209720e+00
88.43837899 27.33560310 -18.20190594 9.36677518e-01
88.43541250 27.43791489 -21.79503112 2.14339715e+00
88.83770651 27.37881879 -20.76772462 2.13823628e+00
88.71620812 27.38582341 -20.84740559 2.11338424e+00
88.36571745 27.30647914 -16.24638721 2.81830224e-01
88.35187012 27.40952678 -21.03640820 1.33364278e+00
89.16647276 27.29452167 -17.69131674 1.60891582e+00
89.08080183 27.36658093 -20.53608517 2.16244119e+00
89.04504940 27.29999612 -17.76915696 1.85882890e+00
88.79970034 27.41501505 -21.59686396 2.18763737e+00
88.97137126 27.26947960 -15.89098107 1.75048234e+00
88.92365273 27.30601910 -17.88391522 1.83527972e+00
89.57762918 27.24432354 -15.80485798 1.54830225e+00
89.16426521 27.39700905 -21.35868050 2.12679944e+00
88.80228792 27.31263126 -17.99486056 1.76935172e+00
89.04947102 27.09512255 -11.18290668 1.32981577e+00
88.72902566 27.28283916 -16.04802460 1.60330907e+00
88.81471827 27.20970804 -13.32041683 1.56800581e+00
89.21584207 27.15590801 -12.56806790 1.45637607e+00
89.09259102 27.26367383 -15.82837058 1.66798193e+00
89.70039991 27.13717035 -12.65486820 1.47155920e+00
89.33509422 27.25348883 -15.77903791 1.50500751e+00
89.45811898 27.14630074 -12.59636481 1.55676912e+00
89.28791522 27.28949567 -17.64936746 1.59833426e+00
89.66230429 27.17279639 -13.30117728 1.40908809e+00
89.40936825 27.28477808 -17.63909522 1.53258527e+00
89.82014062 27.23507713 -15.87588600 1.72124886e+00
89.65057403 27.37830544 -21.30314762 2.33047455e+00
89.45636134 27.24884800 -15.78403007 1.46542099e+00
89.32399272 27.35637534 -20.40771989 1.90480787e+00
89.65227731 27.27570936 -17.68912318 1.58642215e+00
89.56721728 27.34722714 -20.40421885 1.73563008e+00
89.53082456 27.28022986 -17.65301870 1.46608405e+00
89.40741320 27.38732645 -21.29202677 1.90981664e+00
89.93199757 27.33311244 -20.53743298 4.75349044e+00
90.18377024 27.21933690 -16.00962678 4.31346854e+00
90.13673548 27.35832301 -21.44026197 6.77280954e+00
90.42683971 27.10467138 -12.87282841 6.11796876e+00
90.05355381 27.32789379 -20.59733978 5.71714203e+00
90.01655443 27.26112971 -17.85801989 3.72535587e+00
90.41807159 27.31027885 -20.76347927 7.88304485e+00
90.66882926 27.09205352 -12.92580019 6.21930309e+00
90.62253182 27.33372906 -21.56038759 9.69728835e+00
90.74453858 27.22486242 -18.08215665 6.76134125e+00
90.98719725 27.21363132 -18.10296656 7.36433573e+00
90.78244217 27.29129311 -20.81152141 9.59702281e+00
91.63784339 27.18004148 -16.21554876 1.33353069e+01
90.91055244 27.18271349 -16.14060967 5.64380464e+00
91.39530180 27.06946536 -12.99441976 7.05803651e+00
91.63215936 26.97552777 -10.96959252 7.05369878e+00
91.26859555 27.27427709 -20.83686539 1.27801350e+01
91.51674304 27.17427011 -16.20410621 1.13833190e+01
91.23002281 27.20652303 -18.11819139 9.40689302e+00
91.75294512 26.98495998 -10.89888417 7.94523565e+00
91.14699127 27.27657978 -20.83344170 1.16149610e+01
91.39549635 27.17172734 -16.18956494 9.64533029e+00
90.38062801 27.24382115 -18.02926769 6.32028192e+00
90.66829945 27.19460783 -16.11246434 5.62730536e+00
90.50110973 27.34013776 -21.54448106 9.08165371e+00
90.54718819 27.20095829 -16.09566451 5.90802410e+00
90.17508520 27.32233767 -20.65931423 6.09455452e+00
90.30493111 27.21344653 -16.05076943 5.09898349e+00
89.77372005 27.27108319 -17.73702552 2.15558841e+00
89.89514736 27.26624896 -17.79652818 2.83730160e+00
90.42606861 27.20728797 -16.07743454 5.79079815e+00
90.50194008 27.23752545 -18.05299895 6.74136013e+00
90.50956166 27.13456425 -13.50966312 5.86086132e+00
90.74551608 27.01979292 -11.71841971 6.73118847e+00
90.13793762 27.25568139 -17.92287847 4.67587825e+00
90.25929524 27.24990025 -17.98402381 5.58088842e+00
91.03172606 27.17776747 -16.15275133 6.16093612e+00
91.03189493 27.07533321 -12.97629607 5.68555474e+00
91.10858681 27.20936661 -18.11059966 8.30002846e+00
91.15299443 27.07157349 -12.98683375 6.19954482e+00
90.90500990 26.97801665 -11.13211300 6.25986341e+00
91.11451401 27.10676596 -13.59856830 6.10401009e+00
91.27421132 27.17178799 -16.17685449 8.13213755e+00
91.35149103 27.20562269 -18.12252928 1.09871712e+01
91.59357726 27.00734325 -11.65144437 7.41756808e+00
91.59885511 27.10973091 -13.63979452 9.87534627e+00
91.27413872 27.06945860 -12.98929149 6.54340875e+00
91.35674004 27.10330918 -13.62131915 7.13855643e+00
91.23003717 27.00178777 -11.74647494 6.25065839e+00
90.99346285 27.11094014 -13.58481337 5.52715891e+00
90.98769382 27.00871651 -11.74938019 5.73513849e+00
90.91084175 27.08023732 -12.96423387 5.58864782e+00
90.50339882 27.03232106 -11.65758441 6.92825625e+00
91.10905541 26.90213096 -9.16885122 6.70318043e+00
90.38859092 27.14083068 -13.48326539 5.84726908e+00
90.66279980 26.98982605 -11.08781451 7.19940733e+00
90.30582389 27.11081266 -12.83927468 5.90715587e+00
90.38232904 27.03857260 -11.61847444 7.00027218e+00
90.02554761 27.15814417 -13.39247331 2.85760874e+00
90.17835832 27.01441128 -10.91164119 6.62358173e+00
90.26760073 27.14689812 -13.45494558 5.14872626e+00
90.26123987 27.04462474 -11.57376745 6.65869351e+00
89.57926237 27.14174605 -12.62382478 1.50428758e+00
89.69357963 27.03488199 -10.69031519 1.54571489e+00
90.18478535 27.11669432 -12.80503469 5.14314447e+00
90.14012707 27.05039540 -11.52723753 5.95508862e+00
89.82152565 27.13245472 -12.69269024 1.67789546e+00
89.77664896 27.06584800 -11.37791606 1.82512256e+00
89.69889094 27.23977344 -15.83661107 1.69027997e+00
89.78340242 27.16814445 -13.32916246 1.44446165e+00
90.14658665 27.15268223 -13.42646152 4.18630576e+00
90.06372194 27.12226251 -12.76768020 3.57306607e+00
89.21383478 27.25838423 -15.79185607 1.55196260e+00
89.33697651 27.15097479 -12.57835989 1.46927754e+00
89.42008389 27.18190521 -13.25724079 1.47451032e+00
89.45110533 27.04407201 -10.56176303 1.33079650e+00
89.54119601 27.17734045 -13.27499337 1.63384325e+00
89.53424923 27.07508599 -11.27512098 1.35616185e+00
89.29897474 27.18663163 -13.24509186 1.46772107e+00
89.41491225 26.97711982 -8.65350878 1.35678792e+00
88.85256495 27.17350229 -12.61890724 1.54284819e+00
88.93574108 27.20312171 -13.28258025 1.60874240e+00
88.97362909 27.16707992 -12.58820522 1.57782112e+00
89.05679531 27.19711897 -13.25581966 1.48977613e+00
88.84508245 27.07166853 -10.49147475 1.27351888e+00
89.17064446 27.08957409 -11.18393664 1.36788365e+00
89.17275633 26.98704926 -8.62788377 1.05023970e+00
88.96623861 27.06514680 -10.47449559 1.42741369e+00
89.21991186 26.95085790 -7.46690432 1.29383405e+00
89.08742579 27.05920940 -10.47186566 1.26278653e+00
89.22182887 26.84834909 -4.09364148 4.02411675e+00
88.97818356 26.96215476 -7.50887096 9.56668149e-01
89.34080465 26.94587168 -7.44520526 1.48189872e+00
89.20863809 27.05379885 -10.48312880 1.29359870e+00
89.29382870 26.98192639 -8.63650371 1.37515050e+00
89.30472405 26.87902162 -5.16547407 4.05877905e+00
89.32986726 27.04879800 -10.51488247 1.31495639e+00
89.41304142 27.07969238 -11.23183828 1.52476602e+00
89.65708428 26.96790700 -8.72497361 3.06736796e+00
89.57234508 27.03948058 -10.62840040 1.30123265e+00
89.81480297 27.03015544 -10.74576877 2.67081149e+00
89.89782911 27.06098419 -11.42671100 3.01211008e+00
89.94525943 26.92223932 -7.53556533 7.30362960e+00
89.82571329 26.82457968 -4.27262097 8.83788519e+00
90.02913498 26.85023071 -5.30661797 1.02556883e+01
89.94646399 26.81960315 -4.34255183 9.25349579e+00
89.66697000 26.86498220 -5.14675905 7.87140351e+00
89.81907466 26.72228908 -1.12138747 8.29025688e+00
89.77815936 26.96322701 -8.76821579 4.65749016e+00
89.78770801 26.86028385 -5.19465307 8.67545361e+00
89.18398742 26.88413397 -5.20377327 1.63867788e+00
88.93067864 26.99875949 -8.63518269 1.11755148e+00
89.10107183 26.85376777 -4.12232118 1.63199014e+00
88.80968594 27.00548230 -8.62762374 8.04215057e-01
88.85963933 26.86624721 -4.19649376 3.37746734e-01
88.73657675 26.97574276 -7.44588023 4.97239335e-01
89.06326988 26.88968979 -5.25153725 8.28829053e-01
88.73140439 26.77160564 -1.04070502 9.88458831e-01
88.85216969 26.76436933 -1.02908878 4.32304475e+00
88.69368787 26.80805975 -2.07997669 2.00781137e-01
89.17676567 26.78200162 -1.99964909 8.52941968e+00
88.98033988 26.85971274 -4.17085056 6.88274905e-01
89.09380180 26.75166502 -1.00000542 8.73486097e+00
88.93516174 26.79386060 -2.04162908 4.28843687e+00
88.81440728 26.80066936 -2.06979380 7.00159544e-01
89.21466125 26.74616482 -0.99964367 8.50684103e+00
89.05594928 26.78764633 -2.01254572 6.71779745e+00
89.57731544 26.73167025 -1.06399043 6.60519262e+00
89.53930466 26.76730563 -2.10103387 6.18640292e+00
89.33553849 26.74108714 -1.01269969 7.85041353e+00
89.69820036 26.72703779 -1.09480509 7.44095765e+00
89.78099683 26.75798464 -2.21619256 7.85665753e+00
89.29760263 26.77682224 -2.01234335 7.81455340e+00
90.14981631 26.84476653 -5.28996345 1.13211937e+01
90.30237729 26.70067557 -1.10349439 1.26728981e+01
89.34260231 26.84333153 -4.08418137 5.70735932e+00
89.41845120 26.77196500 -2.04974313 7.84363743e+00
90.63233483 26.82051276 -5.34717402 1.58676205e+01
90.75294532 26.81440801 -5.37401266 1.53917653e+01
90.50564269 26.72451542 -2.20012929 1.55925666e+01
90.30858526 26.80292270 -4.31023477 1.29741043e+01
90.54390095 26.68833363 -1.10001027 1.58566182e+01
91.23021286 26.69476248 -2.27495225 1.72013705e+01
90.86779954 26.70641599 -2.22450440 2.21606368e+01
90.78540259 26.67606657 -1.10840533 2.12021700e+01
90.66464843 26.68209424 -1.10301084 1.81337748e+01
90.74706912 26.71215263 -2.21141617 2.03119935e+01
90.26418061 26.73673730 -2.21458498 1.23575248e+01
90.42314716 26.69457904 -1.10011903 1.37716317e+01
91.14784511 26.66213284 -1.13349794 2.21871624e+01
91.02698886 26.66573191 -1.12443558 2.50026612e+01
91.51052643 26.66297419 -1.14465111 1.83761702e+01
91.11493188 26.79965479 -5.43570012 1.03714363e+01
91.26874186 26.66015259 -1.14145431 2.05212011e+01
91.27410037 26.76256187 -4.43552133 1.04127596e+01
91.35108859 26.69412860 -2.28900210 1.57756046e+01
90.99423032 26.80364037 -5.42084470 1.22238922e+01
91.10936563 26.69734804 -2.25793352 1.89501006e+01
90.91185369 26.77282002 -4.37300197 1.55690762e+01
90.98856035 26.70134471 -2.24053466 2.15240386e+01
91.38986176 26.96715992 -11.09230749 6.42505959e+00
91.15326347 26.86684580 -7.81521678 7.37253935e+00
90.79079402 26.88087054 -7.77547469 1.04093710e+01
90.87357207 26.80868045 -5.39739742 1.40091116e+01
90.54989505 26.79059063 -4.31678575 1.60661646e+01
90.62635493 26.71826571 -2.20302111 1.76560180e+01
90.51172673 26.82676151 -5.32055981 1.52235264e+01
90.18790152 26.80878113 -4.31560044 1.13971184e+01
90.42924787 26.79682587 -4.30739774 1.44707457e+01
90.38492074 26.73071859 -2.20361342 1.36723864e+01
90.30773294 26.90555163 -7.63084831 1.13090309e+01
90.39110919 26.83296823 -5.30292851 1.37511873e+01
90.18693226 26.91141949 -7.60218420 9.99989009e+00
90.27047391 26.83899833 -5.28915561 1.28037828e+01
90.38324315 26.93594825 -9.01838836 1.08194719e+01
90.29949614 27.00854397 -10.96340419 7.53309469e+00
90.50419492 26.92971339 -9.05781157 1.09006429e+01
90.42061142 27.00241809 -11.01212418 7.46682549e+00
90.62513587 26.92341654 -9.09653860 1.00582456e+01
90.62445721 27.02599990 -11.69024786 6.81987044e+00
90.54927482 26.89317683 -7.70451276 1.24521569e+01
90.54170952 26.99612946 -11.05227077 7.61871617e+00
91.02616128 26.97310711 -11.13873179 5.69866525e+00
91.23013284 26.89944940 -9.15264993 6.47985698e+00
91.14735853 26.96933147 -11.13612531 5.95925141e+00
91.27417145 26.86484024 -7.80926677 6.74750184e+00
91.35126319 27.00102012 -11.73255116 6.45424777e+00
91.51598185 26.86759275 -7.75957430 6.14999400e+00
91.26860048 26.96719295 -11.11663400 6.12286213e+00
91.35124042 26.89872156 -9.13300717 6.67071426e+00
91.47247283 27.00267591 -11.70617930 6.54077867e+00
91.63671614 26.87355122 -7.69240265 5.47586000e+00
91.51108376 26.96973019 -11.04172428 6.41503168e+00
91.83438648 26.92557239 -8.83302596 5.49175527e+00
91.95406882 26.94204259 -8.69769413 3.66075563e+00
91.83488775 27.02766731 -11.53351961 9.62121824e+00
92.07288034 26.96293946 -8.47478780 1.95773156e+00
91.59331850 26.90510140 -9.02397732 6.20218637e+00
92.22890154 27.06550849 -10.27094519 4.33819044e+00
91.99282380 27.01629661 -10.67186113 9.09378656e+00
92.34732400 26.99590818 -6.42698531 3.30828165e+00
92.30796516 27.12013796 -11.07083074 6.28352355e+00
92.75838868 27.27953715 -10.47502116 1.36783648e+01
92.90214919 27.20926838 -5.46382332 2.54571457e+01
92.19327618 26.88738985 -4.79899093 5.67932030e+00
91.99630510 26.91494097 -7.37201543 1.90470454e+00
92.68501538 27.11401326 -5.76650736 1.10978582e+01
92.64810854 27.03176881 -4.09820404 1.50082937e+01
92.79435665 27.16022123 -5.61436041 1.69783975e+01
92.68350614 27.01219311 -3.53988682 2.06181261e+01
92.11362515 26.83560349 -4.13927233 5.51769339e+00
92.07595772 26.86178623 -5.06119959 4.37178981e+00
91.75715179 26.88319486 -7.60946212 4.76915632e+00
91.63628906 26.77142116 -4.41049151 5.94477822e+00
91.47233156 26.90040419 -9.09546942 6.34722857e+00
91.59784820 26.80314656 -5.41135259 5.41871380e+00
91.39509673 26.86491350 -7.80062412 6.47851055e+00
91.47720297 26.79828092 -5.45170770 7.20025086e+00
91.83820627 26.82403973 -5.31365857 3.17141127e+00
91.71824216 26.81163850 -5.36209673 3.87946754e+00
91.75660114 26.78113874 -4.37848301 4.62481598e+00
91.87640936 26.79493168 -4.35604938 4.54681190e+00
92.07129901 26.75887454 -2.22283430 5.64811628e+00
91.59269528 26.70073451 -2.28665179 1.34295144e+01
91.75168077 26.67846283 -1.14022600 1.46535686e+01
91.83328316 26.72138363 -2.27887313 9.18331004e+00
91.95272498 26.73793044 -2.26168384 6.68618600e+00
92.34196035 26.79068842 -1.05355971 1.21326293e+01
92.41957702 26.84854138 -2.08662082 1.08169501e+01
92.53270684 26.88666690 -2.05009201 2.16891125e+01
92.67974838 26.90874488 -1.00033457 6.48058105e+01
92.89693906 27.00403136 -0.95160151 8.78447812e+01
92.10912854 26.73240973 -1.09979759 6.47764544e+00
92.18875305 26.78440108 -2.17530204 6.38526979e+00
91.99085624 26.70997150 -1.12303671 8.21921743e+00
91.99550156 26.81301617 -4.28340869 5.22089247e+00
92.23057570 26.86265227 -3.95805735 6.29537302e+00
92.30492009 26.81427975 -2.12906416 7.35672789e+00
92.56878918 26.86567979 -1.01703090 4.56175134e+01
92.57267018 26.96917030 -3.60874380 1.19233068e+01
93.10828579 27.10941082 -0.91238946 9.73905624e+01
92.97240478 27.27666634 -6.41283588 2.75814050e+01
92.96910234 27.07266871 -1.88171402 8.84745566e+01
92.97267641 27.17576413 -3.84884661 5.62181313e+01
92.86231434 27.02189604 -1.92688490 7.97284748e+01
92.90045397 27.10739198 -3.38719873 5.47122117e+01
92.75402029 26.97376594 -1.97561796 6.54791393e+01
92.75783406 27.07694345 -4.01210012 2.52435325e+01
93.00330886 27.05559567 -0.93011251 9.39097241e+01
92.78913038 26.95494192 -0.97528339 7.87157894e+01
93.21198476 27.16519651 -0.89535118 9.88002579e+01
93.41608544 27.28157664 -0.86392404 1.02312108e+02
93.28150444 27.23771331 -1.77496292 9.82690840e+01
93.58418898 27.41688454 -1.69038931 1.01946885e+02
93.68342500 27.47884959 -1.66934172 9.91712377e+01
93.78460666 27.64433611 -3.49943525 7.85674244e+01
93.97741700 27.66956405 -1.85061061 6.45248423e+01
93.81640556 27.63125408 -2.98270951 7.86041468e+01
94.00903930 27.65694068 -1.03621995 6.36753415e+01
94.01137025 27.75942609 -3.92284964 5.70211409e+01
93.38333010 27.29615011 -1.74353578 9.78727544e+01
93.31455671 27.22264357 -0.87961174 1.00643500e+02
93.91167295 27.59248293 -0.81439066 7.61722803e+01
93.88245170 27.70788604 -3.96826539 5.35291659e+01
93.91645227 27.79745012 -6.07343966 5.75417720e+01
93.61921236 27.50595166 -3.03710393 9.25177517e+01
93.61643645 27.40315050 -0.83954283 1.04179418e+02
93.48717441 27.45875245 -3.58906131 8.80590196e+01
93.51955365 27.44469377 -3.07154137 9.30221324e+01
93.38726773 27.50041433 -5.81622616 6.05402682e+01
93.18222778 27.38495754 -6.08667111 4.74790586e+01
93.28470773 27.34067450 -3.67560350 8.01010692e+01
93.11342742 27.31460333 -5.21861574 4.81166100e+01
93.18192037 27.28384745 -3.72614045 7.47097348e+01
92.86599904 27.12505060 -3.92484141 4.10833298e+01
92.79274987 27.05837889 -3.46486216 3.60845956e+01
93.07795223 27.22878419 -3.78255259 6.73783364e+01
93.00670051 27.15890574 -3.31864530 6.76294747e+01
93.58705333 27.51964462 -3.55433195 8.89285151e+01
93.52167602 27.54685759 -4.86872305 7.36752842e+01
93.38922558 27.60244045 -9.81319913 4.21925977e+01
93.48826828 27.56027850 -5.70410421 6.47492042e+01
93.68617073 27.58154659 -3.52452204 8.69339446e+01
93.58839274 27.62132766 -5.60637056 6.80462328e+01
93.71813604 27.56817866 -3.00760632 8.90872302e+01
93.68774880 27.68339370 -5.52502494 6.81319459e+01
93.91847173 27.89962722 -9.44512582 5.31438943e+01
93.98436110 27.97681506 -11.11019432 4.87121128e+01
93.97980460 27.77206610 -4.70198447 5.73599333e+01
93.91412063 27.69504213 -3.45128429 5.76653016e+01
94.01598844 27.96425861 -10.17817178 4.82730857e+01
93.59047823 27.72345894 -9.68784429 5.07392753e+01
93.72036947 27.67045997 -4.75727560 7.29526431e+01
93.72192911 27.77229058 -7.95238609 5.53210171e+01
93.78641676 27.74635400 -5.88900611 5.99015605e+01
93.52274994 27.64836822 -8.10854425 5.18191954e+01
93.49343514 27.76508138 -14.15727372 4.12477513e+01
93.62271240 27.70983981 -8.02105176 5.41731114e+01
93.52583979 27.75108033 -12.74992182 4.42662871e+01
94.01844478 28.06673265 -13.41981420 4.39500735e+01
93.82048172 27.83559895 -8.33024640 5.41590820e+01
93.82319336 27.93817096 -12.78367489 4.89105708e+01
93.52806530 27.85323085 -16.96385304 5.06284591e+01
92.87037722 27.53137868 -18.18632379 4.64770640e+01
93.29123585 27.74790299 -18.30327604 5.71592210e+01
92.79910744 27.46568976 -16.56485059 4.24362979e+01
93.08336377 27.53453479 -14.01680035 3.95915571e+01
93.18404071 27.48689244 -9.97546352 3.07878285e+01
93.42194823 27.58802200 -8.21430810 4.69061501e+01
93.42516458 27.69077563 -12.75129347 3.99810447e+01
93.32019386 27.52898513 -8.33809370 4.17154697e+01
93.32353782 27.63177582 -12.75091376 3.65059321e+01
92.87089362 27.43059306 -13.93020706 3.70057445e+01
92.97405070 27.37853130 -10.20070203 2.24043696e+01
92.90154237 27.31009020 -8.97478195 1.68225856e+01
93.00847964 27.26081978 -5.33550186 3.76911660e+01
93.00818195 27.36171569 -8.78103701 2.26327946e+01
93.07797659 27.32978136 -6.24136369 3.85045540e+01
92.46150552 27.03149240 -6.14753922 4.87270101e+00
92.34497025 27.09680649 -10.04614777 4.05392700e+00
92.57407790 27.07097193 -5.95474824 7.25214044e+00
92.57245961 27.17173567 -9.60531010 4.49338244e+00
92.30696451 27.01827231 -7.84906892 2.16589101e+00
92.07363101 27.06490191 -11.34764931 1.17967765e+01
92.19057607 26.98839227 -8.17963723 1.86902250e+00
92.11455686 26.93747387 -7.11811150 2.15250831e+00
92.19145327 27.09029704 -11.21088635 9.21689704e+00
91.99857291 27.22079220 -16.28457893 2.07688861e+01
91.95469449 27.04406581 -11.45908341 1.07652662e+01
91.71541983 27.21970807 -18.13433182 1.64005635e+01
91.47785122 27.10501176 -13.63784076 8.50679776e+00
91.71444176 27.01555132 -11.59799506 8.52587154e+00
91.63739793 27.07793735 -12.96584994 9.48323374e+00
91.71961592 27.11800021 -13.64014214 1.18742786e+01
91.51642444 27.07208235 -12.98984396 8.11028170e+00
91.47294605 27.20714425 -18.12893101 1.26109136e+01
91.95964783 27.14664686 -13.67213705 1.62168907e+01
91.71581904 27.32184751 -21.60429021 1.89276093e+01
92.19616499 27.19300711 -13.71660791 2.54941430e+01
92.11721260 27.24315290 -16.31390344 2.49724111e+01
92.45952369 27.13230496 -9.81878208 3.42456358e+00
92.34950317 27.19958989 -12.86814953 2.78306841e+01
92.53643221 27.19244628 -10.76994244 8.19434078e+00
92.42744248 27.25709936 -13.77124347 3.21114355e+01
92.79742477 27.36387682 -12.78962688 3.10458700e+01
92.86697520 27.32771209 -10.35027112 1.74990514e+01
92.76159549 27.48314791 -18.16935465 4.21988158e+01
92.68788075 27.31763891 -12.80249724 2.66296134e+01
92.97783627 27.48140494 -13.97806738 3.98981626e+01
92.90540660 27.41297179 -12.78818890 3.39224283e+01
92.76244058 27.38241672 -13.86821381 3.35554905e+01
92.57672678 27.27459076 -12.82573148 2.41408964e+01
92.65241015 27.33719316 -13.83903508 2.99614800e+01
92.46528057 27.33689952 -16.41805104 3.14433212e+01
92.54075258 27.29529033 -13.80234804 2.98182155e+01
92.46392466 27.23512980 -12.84571190 2.46403734e+01
92.11623699 27.14131876 -12.90847973 1.90669798e+01
92.07539938 27.26865248 -18.15273718 2.47762774e+01
92.07846637 27.16754855 -13.70004728 2.00571104e+01
91.99773225 27.11890085 -12.92643913 1.54084908e+01
91.83995426 27.13017895 -13.66270329 1.37405749e+01
91.75807865 27.08742950 -12.95413911 1.12405014e+01
91.87896890 27.20295825 -16.25534748 1.81747867e+01
91.75865361 27.18945811 -16.23286977 1.57425824e+01
91.87511392 27.30447051 -20.81560075 2.07097607e+01
91.99509383 27.32210018 -20.80646949 2.35089160e+01
92.11411642 27.34427706 -20.79062869 2.68154358e+01
92.23195976 27.37100918 -20.76218235 2.79959322e+01
92.31130677 27.42556530 -21.54068793 2.87185846e+01
92.46333516 27.43766305 -20.69855481 3.12981503e+01
92.76312449 27.58493792 -21.46109622 4.00694242e+01
92.68824510 27.52013396 -20.64723484 3.74762782e+01
92.90663888 27.61560367 -20.61315523 4.56390869e+01
92.90718208 27.51482086 -16.63026719 4.46707589e+01
93.11904867 27.72133179 -20.59285018 5.47831071e+01
92.97763316 27.58227126 -18.21803959 4.91325153e+01
93.32627488 27.83501056 -20.58710437 6.10750290e+01
92.97936098 27.68410945 -21.43803466 4.84941453e+01
93.01354858 27.66733604 -20.59897561 5.08612731e+01
93.01377699 27.56647568 -16.70785794 4.78948831e+01
93.39548250 27.90856755 -21.42298368 6.40275234e+01
93.39342697 27.80655890 -18.32757336 5.71858638e+01
93.18795312 27.69080492 -18.27517343 5.47726378e+01
93.08346221 27.63549934 -18.25036695 5.18779405e+01
93.39249585 27.70520539 -14.13117123 3.96939404e+01
93.18756619 27.58972428 -14.05520964 3.94229021e+01
93.11897402 27.62037606 -16.77130706 5.02675789e+01
93.22086077 27.57426140 -12.74645808 3.40376832e+01
93.22288290 27.67624501 -16.82932199 5.17043193e+01
93.29057197 27.64669157 -14.09704095 3.84888774e+01
93.59493535 27.92780712 -18.37363392 5.31390497e+01
93.59349625 27.82614029 -14.18129489 4.53256709e+01
93.72711077 27.97718357 -17.02728910 4.90477723e+01
93.62567658 27.81250679 -12.75572365 4.70285857e+01
93.79138172 27.95118907 -14.22596176 4.79368536e+01
93.72476729 27.87491068 -12.76731958 4.84643374e+01
93.92350453 28.10455485 -17.06965884 4.58713213e+01
93.79330089 28.05319758 -18.41477609 4.95893150e+01
93.62796289 27.91471721 -16.99842768 4.86877698e+01
93.98925002 28.18167756 -18.44994831 4.24761153e+01
93.82749276 28.14250103 -20.62012583 5.10335392e+01
94.02094103 28.16920641 -17.08200458 4.10390582e+01
93.92563840 28.20672659 -20.63286469 4.69746607e+01
93.49462383 27.86658788 -18.35182679 5.54431208e+01
93.42732641 27.79286769 -16.92512523 5.09623457e+01
94.02330143 28.27156272 -20.64696339 4.27879691e+01
93.89389296 28.21942172 -21.45572945 4.79445787e+01
93.83032069 28.24506894 -23.08036129 6.21101501e+01
93.69972607 28.19485759 -23.87577513 6.87865819e+01
93.79849326 28.25802048 -23.88017420 6.66931263e+01
93.69671997 28.09222878 -21.43812615 6.23778066e+01
93.69446776 27.99005093 -18.39543658 5.08649939e+01
93.39885961 28.01132156 -23.86825789 6.18804572e+01
93.59712565 28.02992592 -21.42960452 6.50387269e+01
93.08528057 27.73737184 -21.43127720 5.33756104e+01
93.29321738 27.84986185 -21.42511293 6.07445673e+01
93.01737798 27.77019086 -23.07380725 4.78535170e+01
93.08903476 27.84021334 -23.87130105 4.97440572e+01
93.12275012 27.82416790 -23.06783004 5.18658685e+01
92.91245370 27.82028857 -25.27333528 4.30875973e+01
93.19348356 27.89553570 -23.87047411 5.34762713e+01
93.12478414 27.92607810 -25.27066342 4.90067060e+01
93.22682171 27.88012568 -23.06682400 5.62159463e+01
93.29671918 27.95265048 -23.86813316 5.78542604e+01
93.50000104 28.07136648 -23.86783070 6.48011588e+01
93.63245999 28.11902795 -23.06883691 6.89700879e+01
93.70151355 28.29667848 -25.91568426 6.28837931e+01
93.99429847 28.38653830 -23.88876188 5.01305197e+01
93.79561110 28.15543756 -21.44644365 5.74272228e+01
93.73172807 28.18161618 -23.07514131 6.76432212e+01
93.73418222 28.28388024 -25.30039760 6.46257760e+01
94.02587807 28.37403596 -23.09197583 4.60566288e+01
93.83283196 28.34740059 -25.30676049 6.50426824e+01
93.92834132 28.30924709 -23.08586632 5.22163129e+01
93.80052212 28.36001917 -25.92635007 6.34627254e+01
93.63637525 28.32286163 -27.11646538 5.68721633e+01
93.99679376 28.48890821 -25.95385876 5.82771946e+01
93.90139571 28.52643923 -27.77576754 5.62646370e+01
93.83484471 28.44938347 -27.15469091 5.90007897e+01
93.89891513 28.42413969 -25.93703059 6.29319558e+01
94.02849494 28.47650886 -25.32667130 5.37199002e+01
93.93597808 28.61633206 -28.97351239 5.03787987e+01
93.63485346 28.22122699 -25.29276292 6.37865619e+01
93.60408977 28.33635520 -27.70207911 5.49142151e+01
93.60179417 28.23424941 -25.90390476 6.11298543e+01
93.53602896 28.26103392 -27.10009560 5.52887970e+01
93.22938035 28.08312811 -27.05111982 4.98380953e+01
93.22893603 27.98208816 -25.27551555 5.21085447e+01
93.43382254 28.09902682 -25.28245450 5.84831219e+01
93.29746772 28.05383479 -25.87965928 5.33272129e+01
93.08920688 27.94114414 -25.86598713 4.79280400e+01
93.01932540 27.87205422 -25.27133548 4.63646681e+01
92.98324345 27.78696653 -23.87851797 4.61394706e+01
92.00094684 27.52654063 -25.29504123 2.77371192e+01
93.43156080 27.99695113 -23.06421118 6.41134835e+01
93.39988074 28.11265123 -25.88702941 5.59106416e+01
93.53243449 28.05742564 -23.06401290 6.67569794e+01
93.53476354 28.15956230 -25.28549768 6.13201485e+01
93.32972404 27.93778942 -23.06503896 6.07149477e+01
93.33191467 28.03980647 -25.27592700 5.51260681e+01
92.91059826 27.71846787 -23.07873669 4.39881772e+01
92.19919396 27.49851439 -23.92856686 2.82166208e+01
92.65578094 27.74317444 -25.86374382 3.75800415e+01
92.43060008 27.76489695 -27.54927517 3.15661967e+01
92.91197346 27.92103105 -27.01117505 4.19436494e+01
92.98310830 27.88779573 -25.86349214 4.53449160e+01
92.69295170 27.82540572 -27.00259861 3.67471252e+01
92.87556867 27.83679436 -25.86079989 4.25443077e+01
92.54341254 27.70126865 -25.86669265 3.52095896e+01
92.35201875 27.70750374 -26.99625426 3.01977993e+01
92.31370054 27.62908899 -25.86857448 3.17005290e+01
92.31480328 27.73088189 -27.54507995 2.96955337e+01
92.80744998 27.97460048 -28.69442603 3.82894460e+01
92.87727903 27.93857180 -27.57227999 4.06107159e+01
91.75598092 27.59732455 -26.98155900 2.46750744e+01
92.08384060 27.77875503 -29.17725229 2.66589829e+01
91.95842342 27.55372277 -25.86548259 2.68157505e+01
91.95911321 27.65567623 -27.52764964 2.58239684e+01
91.83794580 27.53767370 -25.86398817 2.59446152e+01
91.35174802 27.51254764 -25.84720602 1.98129994e+01
92.19653040 27.59941323 -25.86711164 2.98395980e+01
92.23516061 27.67639895 -26.99215308 2.88586332e+01
92.11999470 27.54872269 -25.29156445 2.90582201e+01
91.99746737 27.62779938 -26.98470686 2.58157278e+01
91.76022239 27.49563736 -25.28984066 2.37258850e+01
92.08109557 27.47320609 -23.93600337 2.72217166e+01
92.42936172 27.66313899 -25.86590432 3.30684080e+01
92.31596950 27.52830811 -23.91635135 2.93933289e+01
92.07803663 27.57425907 -25.86858678 2.73584766e+01
92.23669848 27.47371817 -23.13380477 2.82313021e+01
92.35302639 27.50497249 -23.12201829 2.91782353e+01
92.23785276 27.57548310 -25.29235872 3.05179216e+01
92.54491571 27.60060753 -23.90177645 3.35092507e+01
92.35431681 27.60670853 -25.28732919 3.18605273e+01
92.58098046 27.57991002 -23.10177266 3.37676459e+01
92.46923518 27.64220140 -25.28569596 3.35646452e+01
92.69246689 27.62298921 -23.09444566 3.68169526e+01
92.58252077 27.68164348 -25.28173737 3.51856002e+01
92.65691900 27.64251882 -23.89525726 3.60402206e+01
92.65264436 27.53967160 -21.47667244 3.64364791e+01
92.76726775 27.68779859 -23.88999608 3.91061261e+01
92.69411785 27.72474603 -25.27726750 3.76352194e+01
92.34841362 27.40221098 -20.73325193 2.92614087e+01
91.88020189 27.40698792 -23.15793403 2.33502606e+01
92.43124329 27.56243687 -23.91278777 3.06153959e+01
92.42670822 27.45964798 -21.51561806 3.05923994e+01
92.19440729 27.39582638 -21.56096614 2.75899262e+01
91.83665425 27.33373477 -21.59989322 2.07280376e+01
92.87201027 27.63318625 -21.44914654 4.39546251e+01
92.80232523 27.66928512 -23.08608424 4.03352757e+01
92.07618917 27.37058055 -21.58265916 2.65385697e+01
91.72105246 27.42427930 -23.93727160 2.17685817e+01
91.95685531 27.34992363 -21.59162603 2.29144534e+01
91.63855789 27.38437850 -23.15884541 2.01402948e+01
91.75443117 27.29118490 -20.82526545 1.87728726e+01
91.39571035 27.37635168 -23.15424456 1.74126620e+01
91.75962532 27.39363725 -23.16083587 2.10184016e+01
91.84178394 27.43622793 -23.93985191 2.38407342e+01
91.63326249 27.28198466 -20.82967148 1.71861050e+01
91.59430051 27.21165360 -18.13186366 1.45739450e+01
91.59457320 27.31387376 -21.60779095 1.73721839e+01
91.23554537 27.41118331 -23.91849510 1.80129804e+01
91.39022090 27.27405749 -20.83610178 1.41942420e+01
90.99266249 27.41832876 -23.89850595 1.62606934e+01
91.47852467 27.41175764 -23.93072104 1.98449664e+01
91.47309460 27.30943467 -21.60901436 1.60294862e+01
91.22992652 27.30893463 -21.60644998 1.34370479e+01
91.03120385 27.38268182 -23.13386110 1.47927725e+01
91.59532339 27.51813626 -25.85796003 2.17393570e+01
91.59990647 27.41624679 -23.93533806 2.08441281e+01
91.15261408 27.48120016 -25.25791857 1.81746611e+01
91.27417962 27.37653439 -23.15033387 1.66601962e+01
90.78797296 27.49604957 -25.22233415 1.41454343e+01
90.78840432 27.39350910 -23.10962786 1.31546013e+01
90.98685609 27.31611189 -21.59440911 1.19011349e+01
90.74994863 27.42963310 -23.87099404 1.37892957e+01
90.74395306 27.32741466 -21.57371725 1.07883604e+01
90.66704352 27.39974657 -23.09535582 1.23579458e+01
91.02543148 27.28046318 -20.82870575 1.06331291e+01
90.90978555 27.38770714 -23.12257111 1.46754537e+01
91.15266943 27.37881394 -23.14250207 1.57682335e+01
91.10836796 27.31181028 -21.60133257 1.22731592e+01
90.66098572 27.29752112 -20.80011520 9.15426473e+00
90.50729604 27.44238016 -23.83541551 1.17199381e+01
90.53953350 27.30392016 -20.78583389 8.46744872e+00
90.62323946 27.23114252 -18.06822705 6.88746017e+00
90.37967428 27.34645064 -21.52060672 8.23676552e+00
90.26459477 27.45481227 -23.79434343 9.49211759e+00
89.90035653 27.47117455 -23.73678891 6.60303251e+00
89.93862906 27.43540983 -22.97991643 6.53386496e+00
89.81714545 27.44031737 -22.96495116 5.43062488e+00
89.89369516 27.36887772 -21.36140365 5.24266778e+00
89.69564420 27.44497803 -22.95477168 3.85536364e+00
89.77214243 27.37369816 -21.32831340 4.06559669e+00
89.29295827 27.49415244 -23.75217680 1.85543428e+00
89.52899545 27.38280328 -21.28986664 1.99090555e+00
88.95923896 27.37240888 -20.65263041 2.19932685e+00
88.84516324 27.48062908 -23.15462151 2.05585625e+00
88.80718083 27.51679250 -23.96839574 2.06482324e+00
88.92119194 27.40843748 -21.51860322 2.28135725e+00
89.28583398 27.39201436 -21.31359023 2.03980564e+00
89.20238912 27.36127530 -20.45469846 1.84087192e+00
89.15989684 27.60188347 -25.76162564 2.12846494e+00
89.57413044 27.44948244 -22.95144724 2.52345325e+00
88.84266662 27.58294576 -25.31143843 2.04179368e+00
89.08584632 27.57098293 -25.19507613 2.08785795e+00
89.28172674 27.59697436 -25.73018614 2.03568837e+00
89.69406217 27.54757332 -25.08753077 5.14050252e+00
89.89088581 27.57413997 -25.70081403 7.70415789e+00
90.14320779 27.46060854 -23.77307018 9.00918001e+00
90.18152642 27.42461967 -23.01810584 8.70690539e+00
90.25821757 27.35253953 -21.48168825 7.44530978e+00
90.38595610 27.44870823 -23.81517764 1.03461781e+01
90.18046068 27.52726249 -25.13549707 9.56317257e+00
90.62125449 27.53890231 -25.78640493 1.29912515e+01
90.62862267 27.43595805 -23.85439558 1.26674556e+01
90.05889625 27.53282999 -25.11884356 8.50561107e+00
90.13444067 27.56361045 -25.72536822 9.69357034e+00
89.65742248 27.48057890 -23.71742350 3.85573771e+00
89.76907452 27.57892298 -25.69359276 6.60308600e+00
89.53593656 27.48504662 -23.71917680 2.46299619e+00
89.57241843 27.55204617 -25.08901821 3.16244732e+00
89.64724702 27.58347964 -25.69139591 5.10192888e+00
89.40152158 27.69488973 -27.42575271 2.59583735e+00
89.45076810 27.55648214 -25.09887744 2.12155079e+00
89.52540883 27.58791477 -25.69591037 2.95549745e+00
89.03808554 27.60724072 -25.80221548 2.10230496e+00
88.82998829 27.68583706 -27.00076985 2.11737984e+00
88.92858441 27.51031368 -23.89680056 2.00648725e+00
88.79454734 27.61965241 -25.90468848 2.06191789e+00
89.32911783 27.56102264 -25.11944560 1.91044698e+00
89.19584893 27.66864681 -26.90223058 2.21161231e+00
88.91630039 27.61314623 -25.85001230 2.08091975e+00
88.79184115 27.72199317 -27.55670297 2.13159758e+00
89.07386922 27.67382973 -26.93074210 2.15771520e+00
88.91372642 27.71551928 -27.52012620 2.14282371e+00
89.40356654 27.59236639 -25.70815202 2.11012673e+00
89.27954973 27.69946107 -27.44167806 2.29415283e+00
90.01267589 27.56905235 -25.71207676 8.68584390e+00
89.68384731 27.65048568 -26.85337150 6.69753444e+00
89.76742449 27.68153178 -27.41153531 8.26619490e+00
89.28665720 27.80158080 -29.10819147 2.97126451e+00
90.25505112 27.66045629 -27.43951268 1.15202947e+01
90.42351065 27.51515116 -25.17270118 1.11980516e+01
90.62051435 27.64149869 -27.46939226 1.42454878e+01
90.66648637 27.50232187 -25.20764740 1.29909949e+01
90.86413093 27.62902273 -27.48654338 1.60769576e+01
90.90277537 27.59303732 -26.94231971 1.60941169e+01
90.74292779 27.53252952 -25.79994775 1.40784149e+01
90.65908656 27.60526746 -26.92390986 1.41806986e+01
90.53725406 27.61173323 -26.91294486 1.32320003e+01
90.49957931 27.54535492 -25.77155165 1.20756190e+01
90.29354724 27.62435675 -26.89066569 1.15056462e+01
90.37789001 27.55170289 -25.75637825 1.12736931e+01
90.86461483 27.52648027 -25.81154317 1.50713609e+01
90.87128978 27.42365425 -23.88524088 1.51075451e+01
91.10809442 27.51664609 -25.83190892 1.79294688e+01
91.11408038 27.41403687 -23.90932723 1.69828969e+01
91.27425049 27.47885250 -25.26728232 1.94059225e+01
91.35704164 27.41025386 -23.92589285 1.89481034e+01
91.35177341 27.61488673 -27.51159803 2.19097550e+01
91.47358266 27.51386282 -25.85194536 2.05707504e+01
91.26858317 27.58132833 -26.96299975 2.07134021e+01
91.22990447 27.51364891 -25.83988063 1.96590390e+01
91.39058938 27.58090454 -26.96840262 2.14998846e+01
91.51753380 27.48092476 -25.28033690 2.09858956e+01
91.63441077 27.58836446 -26.97742786 2.30537875e+01
91.63901932 27.48645578 -25.28519218 2.24884050e+01
91.71683652 27.52594784 -25.86126859 2.32348199e+01
91.47373663 27.61613326 -27.51571959 2.25187226e+01
91.02466457 27.58786378 -26.95009988 1.74088811e+01
91.11361647 27.72132234 -29.13728705 1.97931240e+01
91.51256645 27.58304573 -26.97249057 2.18165091e+01
91.83849736 27.63970951 -27.52812129 2.58538245e+01
91.39612655 27.68318703 -28.60255102 2.28999749e+01
91.47921680 27.71844284 -29.14947460 2.39543692e+01
90.87006348 27.73123403 -29.12767843 1.67342701e+01
91.10786501 27.61910144 -27.50065446 1.90905719e+01
90.99181773 27.72577738 -29.13288098 1.80715117e+01
91.35734466 27.71715542 -29.14553120 2.25062344e+01
91.03047375 27.69007811 -28.58840545 1.83093680e+01
90.98541615 27.82850814 -30.46642553 1.83365923e+01
91.23546375 27.71829072 -29.14155375 2.12190617e+01
91.15225359 27.78842366 -30.07796507 2.02963000e+01
90.90867566 27.69524920 -28.58278890 1.68711284e+01
90.90834837 27.79774722 -30.07041988 1.73133537e+01
91.27421125 27.68357699 -28.59781109 2.14894211e+01
91.27427731 27.78588345 -30.08097852 2.15645084e+01
90.25290809 27.86572527 -30.44670198 1.31194835e+01
90.42167920 27.72039884 -28.55564491 1.31125240e+01
90.78691336 27.70116252 -28.57663748 1.58666718e+01
90.74123292 27.84022440 -30.45969353 1.61671849e+01
90.42082495 27.82302273 -30.05430473 1.37682348e+01
90.29990782 27.72662459 -28.54807845 1.22722674e+01
90.62662979 27.74372683 -29.11677925 1.49461448e+01
90.54343011 27.71397061 -28.56285425 1.40555988e+01
90.41541083 27.61814635 -26.90196501 1.23109350e+01
90.01786116 27.77398476 -29.08799837 1.12853689e+01
90.50491769 27.75021227 -29.11071986 1.40272198e+01
90.49871044 27.64797028 -27.45968115 1.33275091e+01
90.38319116 27.75659064 -29.10481322 1.30759645e+01
90.37689208 27.65433325 -27.45006315 1.24242344e+01
90.13318325 27.66625380 -27.43045103 1.07484279e+01
89.93443309 27.74331203 -28.52949133 1.05158065e+01
90.01128804 27.67169232 -27.42184641 1.00218698e+01
89.56695959 27.85972380 -30.04562502 9.00116672e+00
89.80583146 27.64587843 -26.85562172 8.03806549e+00
89.56875594 27.75717427 -28.52944161 6.53913839e+00
89.64546550 27.68606383 -27.41141200 6.79675014e+00
89.53042756 27.79270215 -29.08884514 6.69419391e+00
89.52349568 27.69047032 -27.41603320 4.27836013e+00
89.44684165 27.76154491 -28.53629987 3.87645838e+00
89.20301877 27.77071590 -28.56406362 2.47807912e+00
89.15758762 27.70433203 -27.46420769 2.22727598e+00
88.95925532 27.78142299 -28.60499733 2.20865635e+00
89.03564405 27.70965195 -27.49028169 2.15849531e+00
88.92109094 27.81737037 -29.15997802 2.23484162e+00
89.27524633 27.90437329 -30.46094446 3.98614170e+00
88.78644470 27.92654089 -30.50084140 2.36746624e+00
88.95677586 27.88373320 -30.09433375 2.32217456e+00
89.08112544 27.77581100 -28.58298615 2.26820015e+00
89.03079388 27.91435981 -30.48041784 2.48967299e+00
89.32492695 27.76601115 -28.54778302 2.77963306e+00
89.27296794 28.00683339 -31.57590038 6.06849389e+00
89.68900259 27.85533995 -30.04254730 1.06457752e+01
89.65230855 27.78832875 -29.08452849 9.01432292e+00
89.77417810 27.78381658 -29.08332729 1.01542660e+01
89.69066333 27.75275916 -28.52620352 8.70146072e+00
89.88936696 27.67676654 -27.41538198 9.31416031e+00
89.81255737 27.74816736 -28.52669959 9.81972097e+00
90.16806063 27.93816860 -31.20017120 1.32206272e+01
90.54270856 27.81657661 -30.05845981 1.45734473e+01
90.13077242 27.87152162 -30.44427530 1.26035251e+01
90.05502931 27.84074477 -30.04384839 1.20648585e+01
89.64197692 27.89121038 -30.44424030 1.08900179e+01
89.55622806 27.96259021 -31.20526250 1.10857451e+01
89.32285841 27.86847700 -30.05908684 4.08591417e+00
89.43381726 27.96689689 -31.20983838 8.53053563e+00
89.51973616 27.89555293 -30.44784483 9.03016523e+00
89.18900051 27.97592857 -31.22228627 3.86129771e+00
89.39749048 27.89989379 -30.45344346 6.26649474e+00
89.15301113 27.90914269 -30.47003640 2.97432572e+00
89.07878318 27.87817169 -30.08125907 2.51304087e+00
89.06661009 27.98096105 -31.22999601 2.91176518e+00
88.83479878 27.88989325 -30.10730709 2.30799165e+00
88.78361333 28.02883697 -31.60445075 2.82626497e+00
89.20081356 27.87313045 -30.06928795 2.96202107e+00
89.15059443 28.01155551 -31.58308711 4.01833388e+00
88.95155483 28.08838896 -32.31176545 3.54543617e+00
89.02823867 28.01672566 -31.59082525 2.96568842e+00
89.15776392 28.11357311 -32.65792266 7.20826400e+00
89.31140574 27.97129361 -31.21530701 5.88295089e+00
89.31846923 28.07341781 -32.29039616 9.42505136e+00
89.39535011 28.00239721 -31.56984431 9.10213461e+00
89.76247818 27.98932345 -31.55890566 1.28331982e+01
89.68544048 28.06049761 -32.27629393 1.35490278e+01
89.88482720 27.98460987 -31.55703868 1.28780320e+01
89.80774434 28.05597393 -32.27371035 1.35126076e+01
90.00715399 27.97957011 -31.55639198 1.30306788e+01
89.93002893 28.05116503 -32.27141505 1.34707395e+01
90.25812728 28.07062952 -32.62775010 1.43078384e+01
90.41261632 27.92602205 -31.20368810 1.43031697e+01
90.41890076 28.02827433 -32.27284658 1.48006826e+01
90.53485846 27.91956314 -31.20609950 1.50896150e+01
90.54105438 28.02180028 -32.27478352 1.54370377e+01
90.86280020 27.93660800 -31.57009144 1.73755933e+01
90.49618834 27.95581782 -31.56149782 1.50208099e+01
90.66458085 27.81007118 -30.06257228 1.55048038e+01
90.37501585 27.85958934 -30.44971814 1.37582916e+01
90.37396923 27.96221920 -31.55947371 1.43029348e+01
90.65708802 27.91302772 -31.20877879 1.58496785e+01
90.78645518 27.80370562 -30.06647057 1.62812955e+01
90.29892025 27.82925841 -30.05038009 1.30484840e+01
90.29035212 27.93225611 -31.20182562 1.37339827e+01
90.74058994 27.94280164 -31.56689078 1.64779633e+01
90.86330977 27.83406376 -30.46322589 1.70716203e+01
90.98503951 27.93101042 -31.57345356 1.87100922e+01
91.10756644 27.82392515 -30.46997865 1.99784276e+01
91.26855401 27.88834554 -31.22560066 2.14893389e+01
91.47423401 27.82051980 -30.48144890 2.33626556e+01
90.90749714 28.00279001 -32.28408273 1.78943848e+01
90.90156580 27.90058127 -31.21491981 1.75990572e+01
91.10732243 27.92637614 -31.57727506 2.02224979e+01
91.02384771 27.89525620 -31.21776528 1.90224463e+01
91.47439058 27.92276955 -31.59277483 2.29543717e+01
91.63559676 27.89466440 -31.24196147 2.42444069e+01
90.77931817 27.90661172 -31.21162047 1.65538797e+01
90.78533735 28.00882477 -32.28037317 1.68219474e+01
91.39095845 27.88769926 -31.23073321 2.24061745e+01
91.35202428 27.92175438 -31.58666240 2.20995135e+01
91.88432666 28.01864473 -32.33761514 2.52275697e+01
91.75758761 27.90337584 -31.24853220 2.47915100e+01
92.00505045 28.03593053 -32.35092278 2.61600779e+01
91.84041080 27.94558819 -31.61309729 2.49977656e+01
91.87911250 27.91616889 -31.25409365 2.52395792e+01
91.99993916 27.93339044 -31.26191647 2.58648378e+01
92.43936057 28.17277431 -32.75452240 3.21777032e+01
92.66054324 28.04834961 -30.57208334 3.52569081e+01
93.02503296 28.27833804 -31.37448611 4.06345204e+01
92.77757844 28.29827463 -32.80193422 3.66460337e+01
92.43466228 28.07003169 -31.65940554 3.19393351e+01
92.47336665 27.94739421 -30.15703540 3.22467651e+01
93.20021789 28.30229779 -30.67360042 4.39808315e+01
92.91754526 28.22636917 -31.35945016 3.90365669e+01
92.88099319 28.14211928 -30.60673194 3.90691569e+01
92.80852252 28.17699459 -31.34705189 3.73436972e+01
92.77157924 28.09372898 -30.59013005 3.71535905e+01
92.58554444 28.08743955 -31.31263492 3.38928124e+01
92.47148958 28.04805479 -31.30091019 3.22647821e+01
92.54923019 28.10814365 -31.67310536 3.34998599e+01
92.20072150 28.00654203 -31.64064829 2.87116156e+01
92.31729921 27.93432918 -30.53034574 3.02073719e+01
92.08165050 27.98161095 -31.63055703 2.65277147e+01
92.12289868 27.85417929 -30.12338929 2.63396364e+01
92.11981844 27.95519828 -31.27189694 2.67215421e+01
92.19971068 27.90475220 -30.52318314 2.86429912e+01
91.96146271 27.96131979 -31.62105118 2.57412309e+01
92.00342166 27.83218254 -30.11224207 2.57131916e+01
91.96420001 27.75821517 -29.17001205 2.57071648e+01
91.96074362 27.85940311 -30.50382394 2.55950777e+01
91.88222571 27.71286804 -28.62049711 2.58787386e+01
91.88298973 27.81474897 -30.10591244 2.54674608e+01
91.60099472 27.72269172 -29.15362593 2.51153738e+01
91.51834695 27.78751655 -30.08858704 2.39757597e+01
91.63976163 27.69074191 -28.61136631 2.51384593e+01
91.64023658 27.79279138 -30.09406577 2.51475629e+01
92.00251193 27.73036177 -28.62330749 2.58474871e+01
92.19749804 27.70124274 -27.53716402 2.82233966e+01
91.76123448 27.69975898 -28.61583123 2.58921046e+01
91.84368911 27.74218340 -29.16481563 2.57984197e+01
91.59560745 27.62033393 -27.52034995 2.33392490e+01
91.51801166 27.68537109 -28.60583858 2.40482060e+01
92.43521691 27.86766319 -29.21051752 3.17093698e+01
92.66163327 27.94774218 -29.23409660 3.55835008e+01
92.12183965 27.75242158 -28.63171121 2.71389297e+01
92.20235906 27.80390773 -29.18756079 2.86991232e+01
92.77231416 27.99308571 -29.25290225 3.76754864e+01
92.76807956 27.89024476 -27.56525334 3.86427888e+01
92.54926752 27.90581963 -29.22403519 3.36075891e+01
92.54780469 28.00643066 -30.55556709 3.34342279e+01
92.80928320 28.07635131 -30.21228365 3.79302778e+01
92.98889735 28.09244594 -29.29839406 4.17927746e+01
92.91796324 28.12566836 -30.23187784 3.98368938e+01
93.02309306 28.07571592 -28.73294200 4.25509693e+01
92.47189156 27.84569597 -28.65954670 3.21240135e+01
92.43336794 27.96831267 -30.54190806 3.17166067e+01
92.35671096 27.81024241 -28.64907167 3.04444923e+01
92.35805527 27.91193965 -30.14399159 3.05752812e+01
93.02512440 28.17755249 -30.25901845 4.17258954e+01
93.09496495 28.14581710 -29.32777871 4.36878129e+01
93.33619765 28.24374493 -28.81169769 4.80381601e+01
93.13085769 28.23170678 -30.28403721 4.34169369e+01
93.44061777 28.40513463 -30.37238618 4.71674649e+01
93.33848471 28.34574234 -30.34414584 4.62119328e+01
93.43482387 28.20034355 -27.07817020 5.36738904e+01
93.30314982 28.25854895 -29.38674125 4.70026254e+01
93.29954318 28.15577323 -27.64103350 5.02675987e+01
93.19967262 28.20127919 -29.35417158 4.53716261e+01
93.50351100 28.27489972 -27.67761610 5.33510340e+01
93.40551867 28.31738428 -29.41506775 4.82715944e+01
93.19594278 28.09847560 -27.61772156 4.79229510e+01
93.12873537 28.12982113 -28.75799122 4.44716300e+01
94.03097503 28.57886323 -27.20969423 5.36921106e+01
94.00208202 28.69376484 -29.57704285 4.60065786e+01
93.70387467 28.39884583 -27.72396300 5.55868957e+01
93.83778974 28.55194699 -28.94034216 5.12027711e+01
93.70699506 28.50146801 -29.49171869 4.97534395e+01
93.73902025 28.48829388 -28.91333159 5.12437845e+01
93.99932913 28.59127767 -27.81076504 5.34367247e+01
93.93315596 28.51381426 -27.17769680 5.76849821e+01
93.60733115 28.43902047 -29.46554338 4.96786516e+01
93.61137208 28.64274518 -31.85127485 4.47300775e+01
93.53933897 28.36372795 -28.85717916 5.04809822e+01
93.50825218 28.47907106 -30.74858442 4.69345261e+01
93.63956415 28.42551365 -28.88796383 5.09797356e+01
93.60897068 28.54065295 -30.77110786 4.70382416e+01
94.03901206 28.88615960 -31.58372313 4.01050462e+01
93.94102696 28.82088943 -31.56413055 4.27009681e+01
94.00735245 28.89849877 -31.93106548 4.03946310e+01
93.74346279 28.69234054 -31.52064993 4.49844190e+01
93.90665158 28.73114742 -30.84394175 4.46943501e+01
93.80808257 28.66681766 -30.81967451 4.60695030e+01
93.54313355 28.56730118 -31.47718357 4.54266379e+01
93.70888798 28.60327497 -30.79552693 4.69046313e+01
93.64206535 28.52770081 -30.42001814 4.78967685e+01
93.50687324 28.37760590 -29.43584555 4.91852480e+01
93.43825580 28.30307597 -28.83181205 4.93709216e+01
93.20230099 28.40416367 -31.77380360 4.26386424e+01
93.13108107 28.33259443 -31.39802141 4.20580985e+01
93.40662988 28.41868924 -30.72642071 4.63116230e+01
93.23526464 28.28786543 -30.31352229 4.49051568e+01
93.33929837 28.44688662 -31.43832076 4.43008269e+01
93.30398296 28.35970519 -30.69943411 4.52978845e+01
93.71135864 28.70543138 -31.87251736 4.43774360e+01
93.24338402 28.59443349 -33.60580781 4.12329913e+01
93.23957004 28.49165656 -32.51023402 4.22225921e+01
93.30615249 28.46162243 -31.79397881 4.36306011e+01
93.81061833 28.76904148 -31.89270262 4.35964080e+01
93.51756116 28.78648973 -34.00232365 4.18588358e+01
93.84253981 28.75624522 -31.54244711 4.41267654e+01
93.64699071 28.73196234 -32.57874750 4.35903699e+01
93.91224454 28.93597060 -32.97835166 4.10923629e+01
93.90924879 28.83344144 -31.91287255 4.23616483e+01
93.71459406 28.80804655 -32.94930531 4.27641372e+01
93.94396919 28.92340431 -32.62904751 4.11553171e+01
93.55001160 28.77266608 -33.64486834 4.23102718e+01
93.74986682 28.89754196 -33.66905029 4.16761383e+01
93.41247393 28.62339144 -32.90332557 4.29982767e+01
93.81373426 28.87161414 -32.96372810 4.20517064e+01
93.74664580 28.79494248 -32.59586594 4.30955354e+01
94.01022697 29.00098418 -32.99000346 3.97459748e+01
93.94695137 29.02591805 -33.68946194 4.02895864e+01
94.01314209 29.10346890 -34.04517188 3.90368373e+01
93.84870472 28.96136110 -33.67976021 4.10150456e+01
93.65297750 28.93677510 -34.70338684 4.08691300e+01
94.04183216 28.98863072 -32.64076343 3.94878627e+01
94.04469313 29.09110139 -33.69501755 3.88190342e+01
93.13891858 28.53819810 -33.58849088 4.03971924e+01
92.92792101 28.53377107 -34.63560203 3.75671900e+01
93.20999855 28.60973514 -33.96619724 4.07181246e+01
93.14116290 28.64005273 -34.66025350 3.95011097e+01
93.41610088 28.72611750 -33.99089512 4.17946295e+01
93.34295930 28.54964011 -32.52795678 4.30406667e+01
93.31360991 28.66714180 -33.97967513 4.13099964e+01
93.30986443 28.56438465 -32.88557868 4.24535527e+01
93.44525058 28.60914815 -32.54596831 4.35432843e+01
93.51058045 28.58110194 -31.83289430 4.47348088e+01
93.44882606 28.71186488 -33.63245173 4.22555604e+01
93.51405297 28.68379781 -32.91763915 4.32475158e+01
93.61472615 28.74540178 -32.93293885 4.31459634e+01
93.54655458 28.66998550 -32.56117693 4.37392357e+01
93.09720025 28.34853414 -31.75445621 4.14498267e+01
92.99479742 28.39784012 -32.83281331 3.94520072e+01
92.99072058 28.29501836 -31.73183730 4.00310196e+01
92.92169530 28.32919627 -32.45739420 3.86056887e+01
92.77325248 28.19545424 -31.70795806 3.68229962e+01
92.66655120 28.25285954 -32.78834145 3.51327201e+01
92.66209974 28.15005540 -31.69119946 3.51455966e+01
92.59007049 28.19023003 -32.41294813 3.40006675e+01
92.48081239 28.25356530 -33.49855712 3.25237520e+01
91.60211219 28.02906315 -32.67785294 2.34868283e+01
92.12482151 28.05780118 -32.36129742 2.69968145e+01
92.23850024 27.98167382 -31.28021972 2.94841552e+01
92.36055370 28.11539558 -32.38000192 3.10915498e+01
92.31845124 28.03608372 -31.64634411 3.05127837e+01
91.88955775 28.12111572 -33.42485037 2.55051052e+01
92.20565628 28.10918300 -32.73039653 2.91457619e+01
91.72408629 28.03657756 -32.68926682 2.41429092e+01
91.96661486 28.06383629 -32.70848309 2.59954101e+01
92.12984440 28.16039813 -33.45642283 2.72773760e+01
92.24338955 28.08433652 -32.36840750 2.98441871e+01
92.24830010 28.18699285 -33.46580127 3.00372124e+01
92.32326964 28.13878012 -32.74163673 3.08290199e+01
92.44408246 28.27551005 -33.86189589 3.21577932e+01
92.13096648 28.26210733 -34.53191250 2.74058517e+01
92.55380570 28.21092283 -32.77485999 3.36312237e+01
92.47613896 28.15081349 -32.39351258 3.24975021e+01
92.92587460 28.43201681 -33.55499255 3.81254149e+01
92.88698205 28.34669044 -32.81591556 3.81030909e+01
92.89121243 28.44950869 -33.91819076 3.75949287e+01
92.70851435 28.43787719 -34.61138265 3.51493194e+01
92.78193200 28.40108814 -33.90892431 3.63141930e+01
92.67001835 28.45620632 -34.94818246 3.47480097e+01
92.67102896 28.35565668 -33.89609477 3.49640776e+01
92.59632079 28.39466603 -34.59558190 3.38543106e+01
92.70747767 28.53843162 -35.58721723 3.49880992e+01
92.89281003 28.65186868 -35.89289871 3.67949244e+01
92.32811022 28.24146990 -33.84167149 3.09091559e+01
92.08873879 28.28770209 -34.87382288 2.72353670e+01
92.21061184 28.21181770 -33.83059653 2.91622366e+01
92.01114373 28.24024122 -34.51484645 2.66505552e+01
92.09176219 28.18676618 -33.81621188 2.70128224e+01
91.96834697 28.26747301 -34.85807484 2.64988989e+01
91.97178490 28.16634752 -33.79660200 2.62554608e+01
91.72520578 28.24054616 -34.82855686 2.46852304e+01
91.96911495 28.36934350 -35.80464414 2.67409399e+01
92.67167108 28.55786715 -35.87509961 3.46358112e+01
92.20908165 28.41433600 -35.83155667 2.82974818e+01
92.36677104 28.31975252 -34.56348291 3.13386721e+01
92.32714283 28.44383842 -35.84229915 3.09311026e+01
92.48237311 28.35521811 -34.58005231 3.25693844e+01
92.24693859 28.38946772 -35.53894373 2.90390755e+01
92.01287645 28.44389748 -36.40712085 2.70837234e+01
92.36455147 28.42042786 -35.55121708 3.14494340e+01
92.44367151 28.47776615 -35.85187554 3.23149056e+01
92.55852798 28.51591328 -35.86404553 3.34788529e+01
92.21411032 28.51694538 -36.72329508 2.87777025e+01
92.55701385 28.41424578 -34.93570005 3.34897090e+01
92.48055881 28.45581537 -35.56297411 3.26102891e+01
92.89713515 28.75466641 -36.76565106 3.64973357e+01
93.55408269 28.97619648 -35.64310636 4.01698134e+01
93.21065885 28.71071628 -35.00208083 3.97727173e+01
93.41972635 28.92934091 -35.92454204 3.98301033e+01
93.03526220 28.58577600 -34.64831080 3.86190459e+01
93.21286664 28.81255208 -35.91459225 3.91342246e+01
92.89091436 28.55016169 -34.97248396 3.71317798e+01
93.10549319 28.65500082 -34.99333171 3.90722454e+01
93.03527369 28.68651632 -35.61467693 3.81162188e+01
93.10760230 28.75678906 -35.90698869 3.85144295e+01
93.52154151 28.98994031 -35.92798709 3.99032460e+01
93.45254619 28.91516560 -35.63797740 4.01356892e+01
92.78305926 28.60336185 -35.88736814 3.57592005e+01
93.00094319 28.70314601 -35.89914297 3.77383821e+01
93.61811693 28.84805505 -34.01288926 4.18008435e+01
93.45132495 28.81390187 -34.68786586 4.09887973e+01
93.65033002 28.83460318 -33.65742199 4.21773098e+01
93.55258627 28.87476986 -34.69695629 4.11134694e+01
93.61989598 28.94966666 -35.02999856 4.05759463e+01
93.75258311 28.99978482 -34.70944294 4.05938818e+01
93.91527995 29.03849840 -34.03957460 4.01615096e+01
93.81917898 29.07616084 -35.03818510 3.98445049e+01
93.94979463 29.12831018 -34.71836690 3.94674511e+01
93.72591427 29.21719684 -36.79855181 3.91028613e+01
93.71990543 29.01244933 -35.03438689 4.03260217e+01
93.62244166 29.05174173 -35.93280538 3.98253550e+01
94.01591872 29.20583260 -35.04308391 3.86279620e+01
93.92057090 29.24295282 -35.93895438 3.89830919e+01
93.42346196 29.03205429 -36.78645641 3.91699257e+01
93.85376215 29.16563912 -35.65125677 3.94202177e+01
93.75794459 29.20415333 -36.51050142 3.92442173e+01
93.95231730 29.23046304 -35.65279219 3.90256124e+01
93.82186817 29.17837413 -35.93686099 3.93212048e+01
93.75460678 29.10156070 -35.64873327 3.97714542e+01
93.72252503 29.11459183 -35.93453106 3.96143707e+01
93.65474140 29.03837248 -35.64679639 4.00342074e+01
93.31686362 28.87015522 -35.92191357 3.95601511e+01
93.21757398 29.01626629 -37.65209974 3.79932433e+01
93.24635807 28.79731816 -35.62963490 3.94884591e+01
93.04165980 28.89108620 -37.34935266 3.72453381e+01
93.35000971 28.85547268 -35.63451590 3.99016000e+01
93.21683494 28.91531912 -36.78014424 3.85461354e+01
93.14149603 28.74089930 -35.62011640 3.88927754e+01
93.03942815 28.78931239 -36.47915899 3.76770531e+01
93.52676934 29.19403868 -37.65969806 3.87017761e+01
93.35381135 28.95820760 -36.49656699 3.92293148e+01
93.62594609 29.15438579 -36.79572370 3.92254095e+01
93.55765163 29.07886676 -36.50481937 3.94850331e+01
93.52516087 29.09262130 -36.79209677 3.92556118e+01
93.45623109 29.01787030 -36.50182913 3.94360805e+01
93.92638002 29.44763701 -37.66534417 3.85450785e+01
93.95542085 29.33297356 -36.51362816 3.87827505e+01
94.02177425 29.41067842 -36.80422026 3.83431847e+01
94.01873618 29.30819570 -35.94134319 3.84384173e+01
94.05636915 29.50085920 -37.38212910 3.82367977e+01
93.92372704 29.34547676 -36.80035132 3.87301598e+01
93.85988121 29.37050029 -37.37551657 3.87294416e+01
93.85698322 29.26819111 -36.51128176 3.90270684e+01
93.76077388 29.30638596 -37.37498780 3.88394280e+01
93.96102515 29.53750746 -38.24439361 3.84652167e+01
93.92925369 29.54991771 -38.53188273 3.83666699e+01
94.05925570 29.60320611 -38.24757708 3.81198027e+01
93.95838448 29.43536128 -37.37802156 3.86107365e+01
93.86227032 29.47245110 -38.24064629 3.84752557e+01
93.66281803 29.34474249 -38.24115359 3.84652178e+01
93.82754333 29.38290391 -37.66332958 3.86307758e+01
93.72805929 29.31897197 -37.66290304 3.86965001e+01
93.56192479 29.28235909 -38.23872948 3.84270890e+01
93.83034746 29.48510805 -38.52989099 3.83301607e+01
94.02761260 29.61539879 -38.53544084 3.82020265e+01
93.63047939 29.35803867 -38.52958580 3.82774301e+01
93.43254188 29.43915206 -40.35874247 3.72737892e+01
93.46014380 29.22112628 -38.23572870 3.82863908e+01
93.35734969 29.16124031 -38.23314916 3.80863323e+01
93.35632769 29.06015873 -37.35941984 3.86443262e+01
93.21987220 29.11807624 -38.52271961 3.74862891e+01
91.89262391 28.52856153 -37.29723242 2.64815038e+01
92.82415801 28.88995475 -38.21736202 3.53443408e+01
93.25270244 29.00196878 -37.36244869 3.83216875e+01
92.71289337 28.84336407 -38.22357796 3.44918468e+01
93.62782657 29.25597842 -37.66153919 3.87391909e+01
93.56033148 29.18095475 -37.37093998 3.89268764e+01
93.25027617 28.90007983 -36.49360531 3.88763271e+01
93.14553201 28.84368132 -36.48800347 3.83495533e+01
93.32175422 29.07399077 -37.65202823 3.83460178e+01
93.32071507 28.97289812 -36.78330137 3.89288011e+01
92.93399986 28.83894515 -37.34780812 3.65074628e+01
92.59992365 28.80009976 -38.21681753 3.35756017e+01
92.89689709 28.85527432 -37.63590406 3.61538065e+01
92.13112401 28.66819604 -38.20450425 2.80155976e+01
93.14827152 29.04631867 -38.22931223 3.73502067e+01
93.14786480 28.94550933 -37.35749955 3.78604787e+01
92.93373895 28.93955147 -38.22053633 3.61282334e+01
93.00524805 28.90664623 -37.64026072 3.68765817e+01
92.48693257 28.66015642 -37.32561140 3.26762085e+01
92.01039852 28.64672507 -38.20015383 2.72486201e+01
92.48998629 28.86339993 -39.10207990 3.25971332e+01
92.21263121 28.71936242 -38.50313078 2.86390891e+01
92.89886924 28.95694757 -38.51167459 3.58021888e+01
92.78875538 28.90834380 -38.51649749 3.50303695e+01
92.21773250 28.82194542 -39.39841051 2.87428158e+01
92.56185841 28.71915871 -37.62693213 3.33763967e+01
92.13628687 28.77074227 -39.09889889 2.81502869e+01
92.36870121 28.72533499 -38.21119709 3.16257823e+01
92.21151382 28.61766524 -37.61306132 2.88602026e+01
91.64356090 28.60933713 -38.18365281 2.52298539e+01
92.37089922 28.62471773 -37.32244134 3.16511524e+01
92.67527243 28.76113901 -37.63137966 3.43517561e+01
92.25061823 28.69447466 -38.20820802 2.88496528e+01
92.33116031 28.74877266 -38.50658646 3.06103635e+01
92.09177031 28.59294126 -37.60640667 2.77199621e+01
91.52049883 28.60481571 -38.17781012 2.45867991e+01
92.48514853 28.76069755 -38.21317710 3.26152998e+01
92.56343213 28.82078702 -38.51047323 3.32711727e+01
92.56321315 28.61866173 -36.74219415 3.34715692e+01
92.25324001 28.59373767 -37.32062906 2.97646023e+01
92.33206056 28.54650323 -36.72954724 3.13299963e+01
92.01386998 28.54563462 -37.30528200 2.71591001e+01
92.32988761 28.64710767 -37.62038639 3.05704762e+01
92.36942402 28.52311086 -36.43430102 3.15877052e+01
92.78690916 28.80669555 -37.63345978 3.52847660e+01
92.67623724 28.66064112 -36.75356011 3.45416127e+01
92.82477645 28.78941258 -37.34314008 3.56541729e+01
93.00514776 28.80594239 -36.76534473 3.73181837e+01
93.11211441 28.96039161 -37.64495874 3.75222869e+01
93.11168799 28.85957478 -36.77570773 3.80149297e+01
92.60130294 28.69959661 -37.33485829 3.37064158e+01
92.71199424 28.64121561 -36.46464359 3.48705531e+01
92.71388338 28.74286098 -37.34039695 3.47093350e+01
92.78750431 28.70615369 -36.76116074 3.55547925e+01
92.59490269 28.49522315 -35.57618298 3.38045971e+01
92.59954020 28.59798298 -36.45187867 3.37861570e+01
92.81836750 28.58493878 -35.60005454 3.61285406e+01
92.82276337 28.68773564 -36.47176766 3.59061568e+01
92.92759914 28.63442216 -35.60413170 3.71894479e+01
92.93187414 28.73722272 -36.47409572 3.68453809e+01
92.08965906 28.38951136 -35.81804391 2.74426604e+01
92.13417090 28.56730002 -37.30988650 2.79325642e+01
92.00768107 28.34138631 -35.50972637 2.68695664e+01
91.97434927 28.47183107 -36.70435499 2.69276964e+01
92.25192355 28.49209913 -36.43015831 2.89753068e+01
92.09479322 28.49206184 -36.71152769 2.76238477e+01
92.12791778 28.36306075 -35.52536882 2.76041642e+01
92.13301096 28.46563286 -36.41736853 2.78063678e+01
91.27992932 28.39978652 -36.34837206 2.27383698e+01
91.48062369 28.33162245 -35.75633171 2.34113808e+01
91.36358814 28.43306741 -36.65672369 2.31901686e+01
91.89036756 28.22295253 -34.49796946 2.58569121e+01
91.35791910 28.33082303 -35.74692094 2.27654617e+01
91.11838462 28.43805058 -36.64413964 2.21717258e+01
90.99585487 28.44285699 -36.63948145 2.11862120e+01
90.86645498 28.55144536 -37.54888603 2.04780963e+01
90.66723732 28.42524700 -36.32694300 1.77381262e+01
90.62081056 28.56451578 -37.54493195 1.86267827e+01
90.53854737 28.32964667 -35.41145882 1.66050612e+01
90.05324135 28.55879758 -37.24048828 1.79244923e+01
90.41597337 28.33616677 -35.41086789 1.61635499e+01
90.01595819 28.49201139 -36.63217249 1.71171362e+01
91.40279221 28.50113343 -37.26507967 2.35916568e+01
91.40258529 28.39895272 -36.35640834 2.32272646e+01
90.62846613 28.46153944 -36.63105450 1.77436227e+01
90.29865731 28.54734536 -37.23881924 1.75907590e+01
90.87336935 28.44860860 -36.63572028 1.97814777e+01
90.66657730 28.52783471 -37.24083499 1.85371593e+01
91.52557919 28.50279067 -37.27164436 2.42197689e+01
91.48621107 28.43390061 -36.66466702 2.37697063e+01
91.60408470 28.53945529 -37.57795714 2.48605782e+01
91.60875533 28.43768025 -36.67329463 2.45458442e+01
91.64825379 28.50754740 -37.27965604 2.50038078e+01
91.64774207 28.40556294 -36.37501198 2.46629879e+01
91.85302969 28.45622811 -36.69384955 2.62028508e+01
91.76999703 28.41412379 -36.38551328 2.55578486e+01
91.72681368 28.54649575 -37.58597787 2.56024558e+01
91.39733333 28.60336894 -38.17324352 2.40189209e+01
91.48115327 28.53591132 -37.57174166 2.41259805e+01
91.02792936 28.61221686 -38.16118563 2.26150790e+01
91.77066557 28.51602547 -37.28802733 2.57697711e+01
91.97169482 28.67473273 -38.49780143 2.70788667e+01
91.60440369 28.64157487 -38.48340850 2.51268492e+01
91.84916437 28.55752276 -37.59350063 2.62983600e+01
91.35815245 28.53529239 -37.56534689 2.35599828e+01
91.15101622 28.60759958 -38.16473623 2.33163916e+01
91.72728775 28.64850809 -38.48873358 2.57761006e+01
91.88873600 28.62987280 -38.19583366 2.65600245e+01
91.15685169 28.70980355 -39.07623755 2.38709882e+01
91.35817233 28.63758590 -38.47463012 2.40101261e+01
91.03384254 28.71441656 -39.07376826 2.34789636e+01
91.27415678 28.60449417 -38.16845866 2.36042805e+01
91.03450139 28.50948482 -37.24893927 2.18844794e+01
90.78188399 28.62417768 -38.15625394 2.03405260e+01
91.23503065 28.63941366 -38.47090244 2.36722663e+01
91.23515765 28.53704792 -37.56037111 2.31696077e+01
90.91183179 28.51502859 -37.24562850 2.06738543e+01
90.74291823 28.66044556 -38.46028208 2.04059841e+01
91.11193443 28.64307720 -38.46736505 2.33485294e+01
91.11220698 28.54063709 -37.55559815 2.27274196e+01
90.74362857 28.55786058 -37.54652708 1.94389486e+01
90.65889192 28.63081213 -38.15465219 1.94755585e+01
90.78971242 28.41870711 -36.32917422 1.85224636e+01
90.78919670 28.52125548 -37.24275047 1.93927007e+01
90.50601363 28.46816523 -36.62990682 1.72272070e+01
90.38354273 28.47463447 -36.62945615 1.69192510e+01
90.12936082 28.58961360 -37.54422803 1.81063407e+01
90.49798492 28.57117495 -37.54388165 1.82277673e+01
89.75856561 28.70705128 -38.46211305 1.95626524e+01
90.04367242 28.66176648 -38.15394400 1.90240584e+01
90.12790800 28.69224740 -38.45781161 1.91744148e+01
90.17596499 28.55327563 -37.23938803 1.76301982e+01
90.25096263 28.68646926 -38.45738639 1.91633608e+01
90.49697968 28.67380675 -38.45793286 1.93618287e+01
90.16677455 28.65627519 -38.15308763 1.88670611e+01
90.25226574 28.58382860 -37.54358217 1.79811278e+01
90.05021455 28.76404705 -39.06725137 1.95389328e+01
90.41288378 28.64407698 -38.15287745 1.88010066e+01
90.25737327 28.78873813 -39.37118767 2.00303286e+01
90.53589636 28.63751056 -38.15350842 1.90677421e+01
89.18139934 28.69230904 -38.17457712 2.50034346e+01
89.14536279 28.62544821 -37.56909988 2.76687550e+01
89.63746158 28.60875817 -37.55259501 2.08367517e+01
89.42780498 28.68395068 -38.16636090 2.28784598e+01
89.30459957 28.68801907 -38.17041639 2.44107527e+01
89.31643907 28.58528049 -37.25923931 2.68505854e+01
89.43926677 28.58118554 -37.25481116 2.43802973e+01
89.51223354 28.71533502 -38.46764862 2.14044327e+01
89.51444012 28.61284662 -37.55611267 2.25028245e+01
89.40283323 28.51414298 -36.64876145 2.53802395e+01
89.19361582 28.58958071 -37.26385096 2.87368765e+01
89.28018161 28.51831661 -36.65350710 2.83301941e+01
89.68490764 28.57298347 -37.24735877 2.03198889e+01
89.55100807 28.67993524 -38.16278017 2.15132878e+01
89.56209171 28.57713399 -37.25079895 2.21190629e+01
89.64812833 28.50592939 -36.64034473 2.00115131e+01
89.26838348 28.62102983 -37.56455953 2.67063834e+01
89.31872659 28.48287663 -36.34840901 2.76549596e+01
89.76047009 28.60448730 -37.54965509 1.95598080e+01
89.77075915 28.50160997 -36.63702949 1.84957063e+01
89.80770819 28.56860281 -37.24448635 1.90030503e+01
89.89337074 28.49699342 -36.63425787 1.76411575e+01
89.88345942 28.59991655 -37.54727255 1.88189348e+01
90.13851702 28.48661719 -36.63060240 1.68874116e+01
90.37513933 28.57765671 -37.54342272 1.79890866e+01
90.42227018 28.43841813 -36.32486467 1.67332766e+01
90.26104512 28.48081236 -36.62974668 1.68472997e+01
90.17721003 28.45063415 -36.32572398 1.65489481e+01
89.88672000 28.39471314 -35.72147885 1.64000211e+01
89.93202919 28.46128453 -36.32920843 1.71349512e+01
90.05463430 28.45616589 -36.32712662 1.66972034e+01
89.68674690 28.47043710 -36.33518419 1.91111557e+01
90.13202880 28.38433771 -35.71709365 1.59413910e+01
90.04808980 28.35388236 -35.41384428 1.57506428e+01
89.92540301 28.35900161 -35.41631512 1.59875668e+01
89.56408019 28.47462961 -36.33904233 2.17688598e+01
89.80269103 28.36374619 -35.41936770 1.65588587e+01
89.55721224 28.37241331 -35.42751577 2.01021319e+01
89.51859383 28.40786201 -35.73290145 2.13952041e+01
89.52548428 28.51006287 -36.64426031 2.25655013e+01
89.31170046 28.38077595 -35.43785721 2.51419656e+01
89.07339273 28.49195968 -36.35840775 3.18279690e+01
89.18894896 28.38520972 -35.44328959 2.69298150e+01
89.02770744 28.42571430 -35.75353545 3.09255187e+01
89.43445730 28.37656317 -35.43246868 2.26991384e+01
89.44140468 28.47872951 -36.34352432 2.46014535e+01
89.93519520 28.25606708 -34.40986494 1.50374977e+01
89.76402795 28.39934325 -35.72469905 1.71853836e+01
89.88839016 28.29211163 -34.76198788 1.54034134e+01
89.67995898 28.36818567 -35.42318082 1.76106123e+01
89.27313441 28.41624171 -35.74315552 2.70247291e+01
89.32334149 28.27798160 -34.43285052 1.92567904e+01
89.15041255 28.42075827 -35.74841112 2.92086117e+01
89.20095832 28.28241604 -34.43910234 1.91446157e+01
89.56811466 28.26957944 -34.42156500 1.72061321e+01
89.64694579 28.09603565 -32.63527671 1.39106377e+01
89.81285346 28.26084661 -34.41307650 1.54169975e+01
89.89814561 28.18918369 -33.70226245 1.45137166e+01
90.30205765 28.23942793 -34.40518881 1.53256404e+01
90.38028288 28.06447629 -32.62887544 1.48011368e+01
90.42518481 28.13052566 -33.34210974 1.52750845e+01
90.17979966 28.24536482 -34.40590646 1.50645053e+01
90.37831446 28.26974313 -34.75565925 1.57155976e+01
90.49977227 28.36592421 -35.71584239 1.65940966e+01
90.25587755 28.27590637 -34.75601626 1.53908000e+01
90.37721880 28.37237840 -35.71551304 1.62183740e+01
90.17074770 28.34835718 -35.41214368 1.57063151e+01
90.25463886 28.37854285 -35.71598227 1.59785511e+01
90.00938845 28.38972750 -35.71899882 1.60599975e+01
90.01091449 28.28710892 -34.75903763 1.52067551e+01
90.29337518 28.34243599 -35.41113185 1.58473434e+01
90.29975491 28.44470160 -36.32495493 1.65631382e+01
90.86737537 28.34640310 -35.72228732 1.90383306e+01
90.91220405 28.41253413 -36.33253189 1.99995099e+01
90.90623897 28.31032964 -35.41919370 1.92428695e+01
91.40234839 28.19443851 -34.44570495 2.25292461e+01
90.98994264 28.34065376 -35.72655998 2.06013045e+01
91.03473007 28.40705002 -36.33660316 2.13276049e+01
91.15150284 28.30043998 -35.43022442 2.17170329e+01
91.15730416 28.40265142 -36.34221509 2.22162007e+01
91.52522244 28.40069563 -36.36461839 2.38465854e+01
91.64227066 28.30322418 -35.46925429 2.42363465e+01
91.60293519 28.23321359 -34.81403598 2.37597820e+01
91.72566959 28.34259043 -35.77918031 2.50740744e+01
91.88649875 28.32431427 -35.49670951 2.61194718e+01
91.89179119 28.42676288 -36.39760797 2.63537012e+01
91.76461312 28.31173190 -35.48234781 2.52233708e+01
91.84770088 28.35380017 -35.79243920 2.59735685e+01
91.51966658 28.29840241 -35.45717237 2.34946823e+01
91.60325112 28.33535845 -35.76717640 2.41198159e+01
91.23532686 28.23002995 -34.78241776 2.19150565e+01
91.27420934 28.29755808 -35.43768178 2.23318194e+01
91.11280416 28.23339822 -34.77430182 2.11711706e+01
91.23521608 28.33240703 -35.73881754 2.22995310e+01
91.24106867 28.12759556 -33.72672152 2.16096010e+01
90.86790536 28.24385756 -34.76355108 1.84007200e+01
91.02884707 28.30484582 -35.42384832 2.07583703e+01
91.11255370 28.33584302 -35.73196695 2.16330374e+01
90.87472948 28.14102473 -33.70805551 1.80314009e+01
90.62311889 28.25670504 -34.75755738 1.67012682e+01
90.66110672 28.32302466 -35.41298031 1.71457591e+01
90.74483642 28.35272590 -35.71911603 1.78199457e+01
91.27997589 28.19511435 -34.43584185 2.19843124e+01
91.35788921 28.22851488 -34.79107788 2.24349051e+01
91.47991927 28.02506519 -32.66919413 2.27208232e+01
91.52434253 28.09422822 -33.38981928 2.29461683e+01
91.64642070 28.09938152 -33.40203741 2.36444247e+01
91.52469824 28.19634654 -34.45714639 2.31684122e+01
91.76289935 28.00579160 -32.33145122 2.44222874e+01
91.60756557 28.13140165 -33.75714502 2.35126374e+01
91.76822655 28.10820316 -33.41321291 2.43777795e+01
91.64692431 28.20139604 -34.47017104 2.38858769e+01
91.84566352 28.04804197 -32.69725823 2.49866174e+01
91.72944942 28.13896891 -33.77013167 2.42371687e+01
91.85093267 28.15049110 -33.78298944 2.53542891e+01
91.76888013 28.21013680 -34.48362510 2.48571083e+01
91.71873813 27.93418216 -31.60724304 2.44382778e+01
91.64100172 27.99702477 -32.32200112 2.37497658e+01
91.39654168 27.98996963 -32.30556276 2.22412899e+01
91.51883476 27.99192007 -32.31233540 2.29987578e+01
91.35764016 28.02401233 -32.66067549 2.20735565e+01
91.36326668 28.12626794 -33.73497824 2.21848955e+01
91.23535720 28.02536567 -32.65429108 2.13571126e+01
91.27990431 28.09282301 -33.37123084 2.17164059e+01
91.11311096 28.02859122 -32.64795110 2.04577882e+01
91.15769912 28.09547401 -33.36447900 2.09601268e+01
90.99091467 28.03321910 -32.64311813 1.91048756e+01
91.11890725 28.13080477 -33.71881249 2.08225027e+01
90.79136047 28.11103683 -33.34908106 1.71544804e+01
91.03554244 28.09967480 -33.35774214 1.98364180e+01
90.04574046 27.94371065 -31.19932856 1.28723325e+01
90.01373001 28.08185902 -32.62792127 1.37462186e+01
90.13594307 28.07643482 -32.62750446 1.39504276e+01
90.26452637 28.17289982 -33.69783560 1.48616161e+01
90.05883292 28.14828497 -33.34200321 1.42741789e+01
90.14242818 28.17871618 -33.69846373 1.45856447e+01
90.30309591 28.13678935 -33.34126847 1.48010891e+01
90.38659560 28.16673243 -33.69828266 1.52476214e+01
90.91309111 28.20749323 -34.41547208 1.87278880e+01
90.91343387 28.10499762 -33.35324520 1.83106908e+01
90.99033280 28.23815497 -34.76840304 2.00711589e+01
90.99679616 28.13542651 -33.71285780 1.96036369e+01
89.76584257 28.29676658 -34.76529258 1.59405065e+01
89.77596724 28.19387613 -33.70544717 1.48252305e+01
89.64327640 28.30114025 -34.76953312 1.70630340e+01
89.69224006 28.16276010 -33.34997012 1.47830331e+01
89.32551929 28.17554063 -33.36546432 1.39575524e+01
89.15295102 28.31835516 -34.79151028 2.17885543e+01
89.20327956 28.18002141 -33.37211250 1.17302647e+01
89.07858824 28.28722453 -34.44538566 1.84092239e+01
89.52465253 28.10031188 -32.63965836 1.38654556e+01
89.65377023 28.19828858 -33.70928310 1.52592346e+01
89.03548999 28.11864959 -32.66511636 4.75598185e+00
88.95884855 28.19024663 -33.38563305 8.85675305e+00
88.91324158 28.12428664 -32.67182723 4.54944636e+00
88.83667470 28.19623729 -33.39093766 9.81024443e+00
89.44776375 28.17126796 -33.35934185 1.53151923e+01
89.53156042 28.20252869 -33.71403837 1.58121710e+01
89.28712755 28.21103145 -33.72595921 1.51332884e+01
89.28005474 28.10893310 -32.65102379 9.89853516e+00
88.82190838 27.99271831 -31.24484630 2.52580023e+00
88.82930102 28.09447814 -32.31789154 4.02642504e+00
88.46277215 28.11664806 -32.31942839 2.05309204e+01
88.70708496 28.10123570 -32.32213487 6.93573183e+00
88.54671691 28.14512527 -32.67950949 1.77626478e+01
88.79842037 28.23229219 -33.74993013 1.51548954e+01
88.30254791 28.16185535 -32.66211215 1.98592822e+01
88.34837152 28.22668132 -33.38027897 1.96693328e+01
88.21857082 28.13382286 -32.29366262 1.73506231e+01
88.10437799 28.24445143 -33.34156463 1.46838204e+01
87.81423763 28.19697914 -32.54316717 1.25640416e+01
88.06635121 28.28140737 -33.68984481 1.43776766e+01
88.18048857 28.17066957 -32.64359783 1.62698414e+01
88.17263756 28.06897595 -31.57278117 1.73346326e+01
87.56991624 28.21332680 -32.43591116 1.42095703e+01
87.93634598 28.18837026 -32.58445954 1.32014273e+01
87.61620786 28.27932240 -33.17824180 1.44348010e+01
87.97437041 28.15145300 -32.23868519 1.33897649e+01
87.86034991 28.26229285 -33.27496532 1.28292348e+01
88.05842620 28.17956153 -32.61787247 1.43120462e+01
87.94437703 28.29043126 -33.65844359 1.34333044e+01
87.98237491 28.25343473 -33.31192700 1.35909329e+01
88.58490963 28.10865188 -32.32310579 1.22340236e+01
88.47039162 28.21821977 -33.39007651 2.36612421e+01
88.79102661 28.13056489 -32.67719633 6.12213832e+00
88.71453877 28.20290555 -33.39427188 1.60596097e+01
88.66885125 28.13752151 -32.68021794 1.09085155e+01
88.55427235 28.24671279 -33.75053057 2.43934140e+01
88.83392321 28.29851153 -34.45543757 2.26963333e+01
88.95624043 28.29255705 -34.45113037 1.97690412e+01
88.41811038 28.35792971 -34.79604654 1.96642486e+01
88.43225967 28.25485551 -33.74434002 2.23112819e+01
88.46721864 28.32051172 -34.45130009 2.15929931e+01
88.58940999 28.31251045 -34.45642639 2.54826296e+01
88.54048188 28.34967738 -34.80293241 2.34721378e+01
88.90785595 28.32890674 -34.80213677 2.40973945e+01
88.78535517 28.33512208 -34.80527085 2.72185435e+01
88.90502770 28.43123598 -35.75778850 3.10541041e+01
88.45301978 28.42359311 -35.44961967 1.93993269e+01
88.53722433 28.45198723 -35.75695015 2.12285329e+01
88.69816976 28.40806916 -35.45725793 2.73774127e+01
88.78238248 28.43742480 -35.76020434 2.94846408e+01
88.34506403 28.32904812 -34.44124615 1.81125898e+01
88.16979516 28.47834554 -35.72568002 1.53457097e+01
88.10081469 28.34710481 -34.40461084 1.46578860e+01
88.08555222 28.45067322 -35.40801385 1.46068149e+01
88.05114533 28.38501086 -34.74569247 1.43314585e+01
87.84865513 28.57185424 -36.27712444 1.53161899e+01
88.17345594 28.37575496 -34.76773302 1.54132361e+01
88.18831314 28.27236407 -33.71436066 1.57941346e+01
87.70035325 28.30799787 -33.57406028 1.45179406e+01
87.80648721 28.40347370 -34.68431111 1.39986751e+01
88.22293418 28.33796633 -34.42576302 1.59731555e+01
88.22637190 28.23548044 -33.36420704 1.64766435e+01
87.61218626 28.38317741 -34.25688886 1.46874897e+01
87.68412276 28.41250109 -34.64422213 1.48646752e+01
88.29577275 28.36667492 -34.78441690 1.69966062e+01
88.31027773 28.26345971 -33.73243865 1.81947576e+01
87.24543195 28.40828916 -34.06898087 1.46255807e+01
87.21194375 28.34033463 -33.31645233 1.44420809e+01
87.12314660 28.41649022 -33.99293018 1.47311790e+01
87.43930589 28.42993916 -34.53837397 1.46814651e+01
87.11405140 28.62878534 -36.02413040 1.53320415e+01
87.22782543 28.51464965 -35.11170524 1.49234793e+01
87.00086282 28.42481757 -33.91107708 1.49095266e+01
87.19439955 28.44682388 -34.40436102 1.47614030e+01
86.94478056 28.57104602 -35.28580254 1.54590386e+01
86.99160390 28.63852285 -35.96624623 1.55667676e+01
87.35042026 28.50583583 -35.17351106 1.48588359e+01
86.58695929 28.71102734 -36.08188985 1.75705303e+01
86.75635962 28.44249900 -33.73309824 1.56264558e+01
86.86006346 28.54198405 -34.89554278 1.56272829e+01
86.21644831 28.53297257 -33.72360473 2.63271012e+01
86.24871223 28.60297838 -34.50287890 2.47931094e+01
86.02628401 28.52420521 -33.23650322 3.66927847e+01
86.21148878 28.64524881 -34.85834645 2.66007813e+01
86.57746585 28.60266496 -35.06594061 1.73528722e+01
86.82704208 28.47297674 -34.15980295 1.54816070e+01
86.73754218 28.55197274 -34.81595795 1.61470433e+01
86.82227572 28.58087238 -35.21452760 1.58527328e+01
86.11505030 28.43546260 -32.49965241 3.07409698e+01
86.46016423 28.50469943 -33.88891865 1.82666132e+01
86.26850380 28.48922674 -33.37018313 2.32171873e+01
86.72341670 28.37297703 -32.95541509 1.54320397e+01
86.51690383 28.35321111 -32.40758529 1.66281113e+01
86.63418587 28.45229230 -33.64010043 1.63066267e+01
86.10496066 28.32486983 -31.32492450 2.65393685e+01
85.99443425 28.45465671 -32.44099736 2.98044409e+01
86.46985505 28.28424829 -31.60513352 1.64149518e+01
86.35769873 28.40513411 -32.66282832 1.92360357e+01
86.39019177 28.47528009 -33.45544781 1.92511037e+01
86.60138526 28.38247691 -32.85678309 1.61191053e+01
86.51211239 28.46310813 -33.54634037 1.73975813e+01
86.58234850 28.49306881 -33.97945184 1.68809296e+01
86.84551252 28.36424854 -33.05278894 1.50018008e+01
86.83635582 28.25759975 -31.92618186 1.45773991e+01
86.96764491 28.35603615 -33.14599004 1.47236270e+01
86.87859272 28.43340663 -33.82406762 1.51912711e+01
87.00537158 28.31814208 -32.80418757 1.45523332e+01
87.08979413 28.34812855 -33.23426646 1.45469215e+01
87.49408577 28.28741595 -33.11833293 1.43294551e+01
87.57829354 28.31641581 -33.52080912 1.44888441e+01
87.33408302 28.33252383 -33.39175274 1.43959397e+01
87.36334167 28.19136382 -31.95651505 1.39990100e+01
86.95862651 28.25008960 -32.02776624 1.43535300e+01
86.94959084 28.14414255 -30.90960409 1.39867876e+01
87.24103948 28.19846861 -31.87482654 1.40145213e+01
87.32545776 28.22844693 -32.29558115 1.40973997e+01
86.26349722 28.26768237 -31.04901910 2.01667161e+01
86.33817187 28.18613818 -30.25471132 1.69575009e+01
86.22626152 28.30901395 -31.40622048 2.22266153e+01
86.21633891 28.19891326 -30.12990894 2.07115270e+01
86.34793348 28.29563656 -31.50201896 1.81103414e+01
86.27336964 28.37759106 -32.21429871 2.17861398e+01
85.78113400 28.34565429 -30.81667045 1.90495533e+00
85.63719179 28.53155794 -32.39599953 2.54101819e+01
85.50939271 28.45248300 -31.24283247 1.74426317e+01
85.49895326 28.34185485 -29.93509208 5.48878370e+00
85.54492415 28.40465174 -30.83901974 1.05996168e+01
85.55537816 28.51539672 -32.01763476 2.41594522e+01
85.39285850 28.48668010 -31.28390394 2.13980338e+01
85.40324543 28.59691670 -32.45667303 2.40082408e+01
85.62672900 28.42062304 -31.21599324 8.24287578e+00
85.51983724 28.56311468 -32.42059912 2.69803246e+01
85.91096323 28.43220575 -32.02020542 1.67390186e+01
85.98419800 28.34371756 -31.26304945 1.71276008e+01
85.87451079 28.47705904 -32.40441433 1.79274681e+01
85.86415543 28.36594599 -31.22289519 4.49669479e+00
85.66802008 28.59933581 -33.18009792 3.29431770e+01
85.67301192 28.48461528 -31.99817074 1.71423210e+01
85.16158999 28.56000317 -31.38718891 1.81832703e+01
85.20683391 28.62042920 -32.14535804 1.85338150e+01
85.04652591 28.59819973 -31.44135791 1.62210131e+01
85.05663550 28.70706774 -32.59841762 1.59672521e+01
84.94167051 28.74537086 -32.64559994 1.51011271e+01
84.97662457 28.69635876 -32.24555491 1.53056898e+01
84.86175517 28.73502644 -32.29190347 1.47754284e+01
84.62214302 28.70516944 -31.22938048 1.41677021e+01
84.93164902 28.63693433 -31.49342650 1.50895761e+01
84.85178553 28.62685840 -31.14311482 1.45801699e+01
85.31209781 28.47385966 -30.92606339 2.01203822e+01
85.32242975 28.58380176 -32.09543071 2.15112442e+01
85.26668439 28.41290660 -30.06058518 1.70150927e+01
85.19659565 28.51094889 -30.98068988 1.87004202e+01
84.81684569 28.67593844 -31.54154676 1.45922593e+01
84.80690119 28.56789996 -30.33937219 1.40908052e+01
84.70202729 28.71500775 -31.58421262 1.45435294e+01
84.69213524 28.60731806 -30.39668406 1.36060501e+01
84.24135128 28.86904229 -31.69184906 8.84060098e+00
84.17086258 28.96523340 -32.45310043 8.28141700e+00
84.16092523 28.85851333 -31.32165978 7.18849922e+00
84.05502990 29.00233659 -32.45713090 7.44327297e+00
84.11567977 28.79983792 -30.54838700 6.63216956e+00
83.92885701 28.93231318 -31.32238437 7.23973307e+00
83.64987509 28.94448555 -30.49837993 8.77298771e+00
83.56833679 28.93209556 -30.06856832 9.43323641e+00
83.42620552 29.12079362 -31.58025564 1.22842017e+01
83.53278233 28.97927442 -30.45828437 1.00603029e+01
83.43692937 29.22799705 -32.72192391 1.35465739e+01
83.77698268 29.01587427 -31.68153654 8.18185041e+00
83.47237726 29.18073148 -32.35624927 1.20295550e+01
83.70609219 29.11071859 -32.42269512 8.98060151e+00
83.69575220 29.00395237 -31.28863412 8.75275628e+00
83.58932900 29.14591640 -32.39374652 1.02468039e+01
84.00967722 28.94350490 -31.70290204 7.13066503e+00
83.93895515 29.03895202 -32.45347291 7.63743529e+00
84.04502240 28.89568261 -31.32614207 6.91669705e+00
84.01971117 29.05014994 -32.83382673 7.62834808e+00
84.47206394 28.79269577 -31.65153506 1.38371166e+01
84.40182910 28.88966029 -32.42440854 1.41132921e+01
84.50714757 28.74407517 -31.26308366 1.34754405e+01
84.51700185 28.85129453 -32.40014652 1.52449758e+01
84.85522578 28.84867474 -33.44586926 1.48320658e+01
84.82679449 28.78398122 -32.68862444 1.47685871e+01
84.68817113 28.94160992 -33.87887121 1.51652864e+01
84.71192289 28.82270186 -32.72715859 1.49083718e+01
84.16292224 29.07770835 -33.58553193 1.01519292e+01
84.25125287 28.97583596 -32.82392124 1.13010263e+01
84.10954735 29.13143057 -33.96463681 9.71055161e+00
84.13559767 29.01322102 -32.83236769 8.28939900e+00
83.87671876 29.20476673 -33.95668725 8.58165292e+00
83.90358495 29.08659458 -32.82783310 7.88451891e+00
83.64306297 29.27646458 -33.92004685 1.11788982e+01
83.78723067 29.12257595 -32.81459827 8.47078913e+00
83.58071226 29.25861407 -33.52667684 1.13954983e+01
83.67065468 29.15810217 -32.79231647 9.33748945e+00
83.52596636 29.31178946 -33.88999739 1.55995954e+01
83.55387892 29.19322217 -32.76187307 1.07986357e+01
83.69756558 29.22325447 -33.55381303 9.47767161e+00
83.55274484 29.37716295 -34.63663197 2.08239330e+01
83.75998917 29.24081077 -33.94236951 9.31685168e+00
83.63436158 29.38912612 -35.01599813 1.96524637e+01
84.02040772 29.23293529 -34.69890163 1.06129256e+01
83.99324267 29.16831572 -33.96395152 8.60893586e+00
84.27871261 29.04024079 -33.57653372 1.39405645e+01
84.13683949 29.19594331 -34.69848300 1.26963853e+01
84.33374466 29.16908468 -35.04437026 1.90075722e+01
84.34151964 29.05643246 -33.94718170 1.64681643e+01
84.74011341 28.88723007 -33.48240417 1.49212504e+01
84.48498146 29.08281795 -34.66509601 1.72647191e+01
84.57275126 28.98008798 -33.90691885 1.60332182e+01
84.44966273 29.13121148 -35.03087269 1.78621331e+01
85.02808107 28.94062144 -34.90215609 1.54275246e+01
85.96939839 28.68463546 -34.76733210 4.05838868e+01
85.43329399 28.66347516 -33.23080287 2.39135270e+01
85.14396786 28.90329499 -34.86759700 1.61257548e+01
85.20111856 28.73492143 -33.31555081 1.74805016e+01
85.06331249 28.89182392 -34.51833738 1.56095198e+01
85.03431207 28.82650716 -33.76750398 1.55047394e+01
84.83195330 28.96785214 -34.58869458 1.49554189e+01
84.97037051 28.81029496 -33.40497577 1.51801039e+01
85.17179666 28.66932867 -32.54994076 1.75872713e+01
85.08563143 28.77228805 -33.36099086 1.59988526e+01
85.14991876 28.78887687 -33.72411980 1.65000301e+01
84.80352433 28.90307798 -33.84585022 1.48675375e+01
84.71635469 29.00620946 -34.61838072 1.51617611e+01
85.78661314 28.57117242 -33.17852336 3.42023581e+01
85.75540741 28.50274395 -32.39039542 2.04135616e+01
85.97435418 28.57079758 -33.60816999 3.89499706e+01
86.14715586 28.50539355 -33.29550834 3.11150534e+01
85.73503674 28.62082597 -33.57039707 3.67942518e+01
85.52947487 28.74957727 -34.37687805 2.43707854e+01
85.84932312 28.70866475 -34.74515860 3.88581035e+01
86.09512442 28.55046721 -33.65778903 3.49830867e+01
85.61663754 28.65033014 -33.58015869 3.14304194e+01
85.29550083 28.81820634 -34.44149012 1.80066189e+01
85.49903953 28.68234222 -33.60470942 2.56605282e+01
85.26013362 28.86675251 -34.83218233 1.72796269e+01
85.88580962 28.66328939 -34.36386597 4.14896516e+01
86.12718459 28.62032075 -34.44135298 3.28929824e+01
85.38214407 28.71640375 -33.63922380 2.10361405e+01
85.17924641 28.85457078 -34.47989254 1.65130553e+01
85.73002643 28.73563295 -34.73999642 3.31242882e+01
85.77667635 28.80040041 -35.46698331 2.97266088e+01
85.61153591 28.76533713 -34.74892381 2.65080957e+01
85.65793235 28.82910163 -35.47004377 2.46071798e+01
85.37669771 28.83131485 -34.79887755 1.90974360e+01
85.53993077 28.86019610 -35.48525523 2.12048873e+01
86.00616402 28.64030388 -34.39416177 4.02035082e+01
85.89619345 28.77441920 -35.47719611 3.39065321e+01
86.09016265 28.66356101 -34.80605895 3.38913396e+01
85.97971177 28.79567466 -35.83093030 3.22109357e+01
85.85973926 28.81980915 -35.81158946 2.95927883e+01
85.77170430 28.91499894 -36.48483753 2.33696084e+01
85.74049828 28.84670227 -35.80599607 2.58820652e+01
85.51357742 29.09418406 -37.52807877 1.79173379e+01
85.27041146 28.97636199 -35.88371664 1.68004056e+01
85.36559354 29.06061885 -36.87609809 1.71021562e+01
85.15414730 29.01243744 -35.91379617 1.59725558e+01
85.24853137 29.09560039 -36.90259713 1.63117407e+01
85.18945744 28.96386738 -35.56742944 1.62337037e+01
85.38706669 28.94138449 -35.85507448 1.80366493e+01
85.41219390 28.78305832 -34.40636076 2.04117829e+01
85.30580936 28.92797121 -35.53617400 1.72800587e+01
85.49378731 28.79736099 -34.77010847 2.19921356e+01
85.42258819 28.89327416 -35.50847025 1.88515886e+01
84.91236503 28.97845861 -34.93506053 1.50738947e+01
85.03816579 29.04931368 -35.94304642 1.54640954e+01
84.84190710 29.07586947 -35.65471959 1.51418057e+01
84.92236646 29.08673274 -35.97120517 1.52294084e+01
84.56543923 29.09310692 -35.01306217 1.62711434e+01
84.61058301 29.15194830 -35.69979758 1.60558841e+01
84.26297440 29.26536450 -35.73935418 2.03581864e+01
84.49483997 29.18995029 -35.71677291 1.75203165e+01
83.98490789 29.28073233 -35.05549591 1.19032350e+01
84.10138059 29.24388115 -35.05696470 1.33535302e+01
84.02218266 29.45206141 -36.73632138 2.19702105e+01
84.22757618 29.31341796 -36.07215553 2.11008081e+01
83.78693894 29.30574634 -34.68150700 1.13506106e+01
83.99497211 29.38739579 -36.07442675 1.72629078e+01
83.56329609 29.48419966 -35.69485036 2.90924222e+01
83.86823981 29.31720856 -35.04848936 1.24397809e+01
83.68031308 29.44846615 -35.71572959 2.49081543e+01
83.91390452 29.37620635 -35.74034532 1.61184913e+01
83.67168991 29.56121511 -36.70835028 2.92913992e+01
83.76167834 29.46010370 -36.05778693 2.37572950e+01
83.73417846 29.57862133 -37.04776992 2.90620925e+01
83.79718973 29.41248529 -35.73095913 1.81738420e+01
84.08498330 29.46882058 -37.06757219 2.44199342e+01
84.37898044 29.22777988 -35.73022711 1.95487148e+01
84.25505926 29.37789682 -36.73257753 2.24967330e+01
84.45952300 29.23827518 -36.05308246 1.81284257e+01
84.37126433 29.34040986 -36.72490545 2.01710009e+01
84.57530255 29.20039812 -36.03773162 1.64287204e+01
84.55066362 29.31889786 -37.03785900 1.69710554e+01
84.69100101 29.16243224 -36.01870715 1.55987420e+01
84.48734182 29.30272252 -36.71334555 1.77615897e+01
84.80666975 29.12449836 -35.99622779 1.52579826e+01
84.60331640 29.26489437 -36.69855463 1.63529856e+01
84.78296005 29.24326268 -37.00225679 1.55784411e+01
84.46222923 29.42116258 -37.71124763 1.82815216e+01
84.66682351 29.28105652 -37.02176809 1.60381770e+01
84.31013647 29.50687348 -38.05356294 2.15650903e+01
84.43443059 29.35666918 -37.05068558 1.88771134e+01
84.31808865 29.39428533 -37.05997155 2.15872808e+01
84.34362384 29.27597187 -36.06471007 2.03642806e+01
84.07666594 29.58130283 -38.05907310 2.63580039e+01
84.20161162 29.43168273 -37.06564989 2.36606407e+01
83.78866432 29.52508017 -36.72273851 2.79118091e+01
83.87840753 29.42390075 -36.06868486 1.94142776e+01
83.64381167 29.67992960 -37.69836873 2.49215949e+01
83.90549979 29.48870597 -36.73173844 2.49564809e+01
83.55460066 29.59716861 -36.68898448 2.74651497e+01
83.49084513 29.76399433 -38.00636369 2.14551143e+01
83.77140436 29.75039376 -38.70662661 2.30678167e+01
83.76111415 29.64358830 -37.71250707 2.75518833e+01
83.85285926 29.76158902 -39.04354246 2.30151130e+01
83.87830484 29.60707665 -37.72188583 2.82896587e+01
83.84265756 29.65484888 -38.05039719 2.73884553e+01
83.96819746 29.50568119 -37.06529353 2.60694831e+01
84.34570364 29.45875975 -37.72044853 2.08965602e+01
84.11400391 29.75256383 -39.73086893 2.21565691e+01
84.42668755 29.46937383 -38.04594447 1.87459533e+01
84.08666833 29.68798540 -39.05065438 2.45010219e+01
84.58852717 29.49072020 -38.69480835 1.69619445e+01
85.12564027 29.24573086 -37.94180000 1.57872160e+01
84.57866248 29.38344967 -37.69905200 1.68328188e+01
84.83514776 29.18926705 -36.65861058 1.53820722e+01
85.40604841 29.23732654 -38.56446036 1.67007398e+01
85.48811964 29.25215908 -38.89186174 1.70072945e+01
85.18351357 29.07808317 -36.58055345 1.60316177e+01
85.16120109 29.19734884 -37.59762039 1.58657807e+01
85.41714326 29.00794482 -36.52658816 1.78074515e+01
85.39567283 29.12727922 -37.54842896 1.70121834e+01
84.69504939 29.34573033 -37.68372514 1.60726072e+01
84.95111565 29.15173093 -36.63444993 1.53592972e+01
84.92787431 29.27072389 -37.64496430 1.55309903e+01
85.01539209 29.16836261 -36.95575203 1.54869234e+01
84.71923657 29.22704020 -36.67985464 1.56734062e+01
84.65955035 29.39411616 -38.02170469 1.63156981e+01
85.06721154 29.11460431 -36.60794413 1.55746412e+01
85.13182978 29.13160294 -36.92943742 1.57827604e+01
85.62201418 28.87617707 -35.81314477 2.23472928e+01
85.48311760 29.02696576 -36.85301127 1.81952364e+01
86.10033668 28.77431341 -35.86357434 2.88785661e+01
85.75115276 29.03344157 -37.50564215 2.02957152e+01
85.63204713 29.06279592 -37.51161604 1.90382167e+01
85.53468914 28.97497992 -36.50412757 1.92476741e+01
85.71996586 28.96510108 -36.82529364 2.13408519e+01
85.65285090 28.94387547 -36.48955318 2.11173511e+01
86.07542826 29.00387123 -37.87740966 2.13670388e+01
86.08036825 28.89025850 -36.86774263 2.45752230e+01
85.95957561 28.91259973 -36.84036423 2.43987568e+01
85.89128707 28.88866972 -36.49215545 2.54676591e+01
86.31851700 28.96480445 -37.94533090 1.97537582e+01
86.20170707 28.87043820 -36.90436685 2.28912842e+01
86.11242656 28.95986086 -37.54937889 2.21281205e+01
85.84488332 29.16334470 -38.86720915 1.89830674e+01
86.00172234 29.09293007 -38.53998254 2.00593634e+01
86.24400537 29.05047792 -38.59115505 1.96648665e+01
86.47810711 28.90653058 -37.67316167 1.85493434e+01
86.23396749 28.94015778 -37.58452921 2.10994203e+01
86.48778077 29.01562284 -38.66523716 1.82032639e+01
86.60053318 28.89198640 -37.72170083 1.76361361e+01
86.61002289 29.00036647 -38.70629692 1.75473960e+01
86.84580149 28.86608811 -37.82081042 1.64777313e+01
86.81280103 28.79739811 -37.16366075 1.64561601e+01
86.68536243 28.91890147 -38.08093948 1.71385692e+01
87.17617919 28.87071353 -38.25847898 1.58155281e+01
87.33708227 28.82141629 -37.99468301 1.56037700e+01
87.59105016 28.90366153 -38.99261764 1.57851893e+01
87.58280296 28.80043054 -38.06177709 1.55717455e+01
87.10951334 28.73523489 -36.97090991 1.55974596e+01
87.18082819 28.76453654 -37.31447048 1.55798782e+01
87.29898634 28.85977188 -38.29642519 1.56986465e+01
87.45994466 28.81088603 -38.03011929 1.55601181e+01
86.95379530 28.67722430 -36.26639995 1.57344326e+01
87.35897273 28.60990210 -36.12751104 1.51060330e+01
86.72311387 28.87859402 -37.77148092 1.69652889e+01
86.98699052 28.74570031 -36.91952520 1.58402459e+01
86.74208253 28.76815122 -36.80892505 1.67079748e+01
86.70915330 28.69895109 -36.14490895 1.67061586e+01
86.56779985 28.82264644 -37.05401631 1.78500952e+01
86.49755359 28.79398231 -36.69416747 1.85276041e+01
86.32345507 28.85276693 -36.94923941 2.07124981e+01
86.25381085 28.82537605 -36.58872432 2.27230421e+01
86.44551516 28.83695229 -37.00029051 1.90274780e+01
86.50237080 28.68343567 -35.71053614 1.84437758e+01
86.86918422 28.64863578 -35.90494108 1.59232196e+01
86.69024372 28.80954411 -37.10919075 1.70303893e+01
86.74681898 28.65935432 -35.84108798 1.64472404e+01
86.61975006 28.78051575 -36.75096479 1.74474949e+01
86.62453246 28.67085123 -35.77609970 1.72371030e+01
86.49276358 28.57459520 -34.65331277 1.82188838e+01
86.33321804 28.62924656 -34.92173352 2.12522568e+01
86.25866477 28.71310367 -35.59019149 2.39994645e+01
86.69982579 28.59132355 -35.14099609 1.64424258e+01
86.61509363 28.56273400 -34.73465797 1.69491498e+01
86.37060793 28.58787236 -34.57509984 2.03496796e+01
86.38038754 28.69739264 -35.64797793 2.03722528e+01
87.43496712 28.53450631 -35.52822506 1.49297878e+01
87.19859711 28.65738462 -36.37625033 1.52976348e+01
87.31242543 28.54352836 -35.47522927 1.49550145e+01
87.07618759 28.66716676 -36.32313731 1.54712103e+01
87.60385489 28.59106597 -36.21229066 1.51355154e+01
87.48142235 28.60051478 -36.17213273 1.50892668e+01
87.18987179 28.55253496 -35.41677144 1.50373074e+01
87.10522483 28.52351238 -35.04443537 1.50615505e+01
87.06732009 28.56167269 -35.35356921 1.52058319e+01
86.98263287 28.53257727 -34.97213243 1.52821499e+01
87.23205610 28.72506349 -37.01881780 1.54393646e+01
87.23651268 28.61929455 -36.07802521 1.51825510e+01
86.86450520 28.75660630 -36.86501999 1.61964995e+01
86.93543244 28.78595543 -37.21662300 1.60492525e+01
87.30355530 28.75425553 -37.35824626 1.54636658e+01
87.32101375 28.64778295 -36.42524077 1.52009977e+01
87.81055333 28.60922884 -36.57516870 1.54569868e+01
87.59968204 28.69518718 -37.13838672 1.53570373e+01
88.33816347 28.53386208 -36.35218570 1.68270159e+01
88.08968031 28.65529207 -37.23838110 1.48598956e+01
87.72626527 28.58150636 -36.24713946 1.52547285e+01
87.54900393 28.73397294 -37.43394775 1.54171622e+01
87.80246603 28.50679111 -35.65261132 1.52710691e+01
87.68819638 28.61897616 -36.54497703 1.52868594e+01
87.67999131 28.51617514 -35.61792868 1.50780452e+01
87.59555861 28.48798899 -35.27932735 1.49129008e+01
87.96308083 28.46011175 -35.38447201 1.38452333e+01
87.93289514 28.59944504 -36.60121043 1.45602058e+01
87.92491985 28.49730646 -35.68188745 1.42034305e+01
87.84059594 28.46952426 -35.35573890 1.37475181e+01
88.41471433 28.46029057 -35.75065293 1.84256881e+01
88.17756530 28.58008000 -36.64005549 1.53940612e+01
88.65977990 28.44434238 -35.75999180 2.53973792e+01
88.57557189 28.41549303 -35.45500933 2.27590118e+01
88.29224204 28.46912739 -35.74034446 1.65926113e+01
88.20802274 28.44133702 -35.42648080 1.56411720e+01
88.82081313 28.40137184 -35.45646284 2.98899188e+01
88.82814742 28.50310688 -36.36585512 2.88144979e+01
88.40791073 28.66502476 -37.57262242 1.72766770e+01
88.42230448 28.56186928 -36.66164078 1.78499485e+01
88.89938120 28.63576721 -37.57732795 2.53287853e+01
88.91230468 28.53303367 -36.66723240 2.99302960e+01
88.65354432 28.64884895 -37.57911018 2.05700169e+01
88.78973529 28.53912948 -36.66959075 2.67561120e+01
88.57988332 28.61934595 -37.27477009 1.96511371e+01
88.66720925 28.54597042 -36.66952277 2.26622713e+01
88.93505053 28.70224149 -38.18285430 2.35260262e+01
88.94801799 28.59947725 -37.27267871 2.76059041e+01
88.56580432 28.72236176 -38.18494751 1.85928076e+01
88.70254792 28.61195259 -37.27608138 2.19089364e+01
88.28516651 28.67409692 -37.56433707 1.61949366e+01
88.29991924 28.57075460 -36.65281889 1.64349864e+01
87.95132579 28.76926182 -38.13443875 1.59870110e+01
88.03977002 28.69351438 -37.53648699 1.46817293e+01
87.82849084 28.77959397 -38.11406266 1.57745344e+01
87.91708964 28.70356587 -37.51678905 1.58320487e+01
87.79022973 28.81724539 -38.41441549 1.57953399e+01
87.79440612 28.71369973 -37.49341826 1.56163106e+01
87.70565163 28.78999938 -38.08984245 1.56405187e+01
87.67171241 28.72384983 -37.46589782 1.54828290e+01
87.71377349 28.89280361 -39.01632603 1.58427944e+01
87.66742794 28.82779042 -38.39016069 1.56848140e+01
88.44282723 28.73065101 -38.18173238 1.73526380e+01
88.53070123 28.65657027 -37.57729673 1.87024362e+01
88.69620049 28.81648782 -39.09539858 1.91912216e+01
88.77643976 28.64191951 -37.57925898 2.29162496e+01
88.81192153 28.70816118 -38.18513551 2.18848513e+01
88.65766576 28.85275282 -39.39891925 1.86957362e+01
88.68883672 28.71485457 -38.18562730 2.01039236e+01
88.77332825 28.74419638 -38.48847503 2.09008356e+01
88.89641922 28.73805502 -38.48702016 2.23747241e+01
88.81921218 28.80987107 -39.09436080 2.03335300e+01
89.01954754 28.73263137 -38.48345665 2.35056505e+01
89.02235897 28.63031561 -37.57359353 2.74403578e+01
88.57324316 28.82394842 -39.09523744 1.81074847e+01
88.52729690 28.75890572 -38.48772629 1.80898408e+01
88.41190070 28.86903418 -39.39542558 1.69052337e+01
88.20096011 28.95355245 -40.02824830 1.58001208e+01
88.28910438 28.87829720 -39.38966224 1.61866626e+01
88.28148336 28.77663760 -38.47649375 1.61404926e+01
88.16635503 28.88814253 -39.38104466 1.55789191e+01
88.08195203 28.86098240 -39.06812687 1.51351987e+01
88.04363984 28.89842478 -39.36961269 1.55724189e+01
88.03582818 28.79644657 -38.45196266 1.53238774e+01
87.95921758 28.87140240 -39.05390190 1.61367394e+01
87.91302738 28.80677529 -38.43489218 1.59762304e+01
87.70955212 28.99676073 -39.97349467 1.60356331e+01
87.92094545 28.90900985 -39.35536633 1.61350411e+01
87.67558083 28.93073174 -39.31807557 1.58893258e+01
87.79826162 28.91980134 -39.33830175 1.59822898e+01
88.43216796 29.03776884 -41.07447666 1.69151467e+01
88.44687018 28.93457217 -40.03959057 1.70161410e+01
87.46390719 29.01955482 -39.92974651 1.59946041e+01
87.65884306 29.03601668 -40.30617692 1.60889258e+01
88.53475318 28.86048570 -39.39833841 1.77444466e+01
88.27409104 28.98173531 -40.37217878 1.61773916e+01
88.32388795 28.94373267 -40.03525210 1.63652073e+01
88.89049821 28.94248741 -40.37781358 1.95346972e+01
89.02671104 28.83449833 -39.39286440 2.13134314e+01
88.76709926 28.94860701 -40.37998651 1.88632100e+01
88.78063583 28.84587761 -39.39797367 1.97083806e+01
88.64375280 28.95559389 -40.38087937 1.81352077e+01
88.67906164 29.02154631 -41.07670730 1.81055300e+01
89.01393698 28.93713109 -40.37459414 2.00341277e+01
87.90065705 29.11682220 -41.39924150 1.64518914e+01
88.52046839 28.96348446 -40.38020909 1.74194743e+01
88.39724901 28.97223240 -40.37746293 1.67619716e+01
88.92619674 29.00894702 -41.07336671 1.92360297e+01
88.80260416 29.01481637 -41.07568602 1.87121351e+01
89.06264312 28.90115178 -40.03403092 2.05286423e+01
88.02381576 29.10555224 -41.41051316 1.65926383e+01
88.76384112 29.05084367 -41.43295949 1.84490664e+01
88.88739544 29.04472587 -41.43130143 1.89513536e+01
89.13461488 29.03470298 -41.42542257 1.96080246e+01
88.18553485 29.05724141 -41.06392958 1.63305390e+01
88.31636302 29.14881358 -42.14238085 1.65358035e+01
87.93909229 29.07894495 -41.04352331 1.64213624e+01
87.94692408 29.18117867 -42.12259128 1.65983195e+01
88.30882159 29.04715590 -41.07035651 1.63812253e+01
88.03156631 29.20760870 -42.48750432 1.67446159e+01
87.57779729 29.21719071 -42.08735190 1.64171087e+01
87.81591289 29.09032754 -41.02967371 1.63065849e+01
87.53953664 29.25586660 -42.44705968 1.64839448e+01
87.65440559 29.14024767 -41.37078051 1.62970168e+01
87.95521887 28.97460146 -40.00625855 1.62745140e+01
87.77752290 29.12840994 -41.38600928 1.63533140e+01
88.06229612 29.06788297 -41.05505154 1.65863882e+01
88.07807496 28.96388900 -40.01862668 1.57064377e+01
87.78185658 29.02461803 -40.32465560 1.61585131e+01
87.69275003 29.10196026 -41.01367342 1.62412373e+01
88.14700829 29.09468698 -41.41945518 1.66028825e+01
88.15098540 28.99186047 -40.36434451 1.57623084e+01
86.85018320 29.08149721 -39.77777765 1.67328110e+01
86.46338768 29.24012285 -40.74759433 1.76972340e+01
87.32334177 29.13817645 -40.95101331 1.62634940e+01
87.55289862 28.94176201 -39.29489510 1.58482036e+01
86.79344150 29.23252200 -41.20807640 1.69403012e+01
86.55783578 29.37369784 -42.30667574 1.72744159e+01
87.20889386 29.25590914 -42.03669330 1.65273262e+01
87.40821725 29.16462623 -41.33335755 1.62932390e+01
86.95421620 29.17750913 -40.86934378 1.66521522e+01
86.80266614 29.33994694 -42.34567443 1.69593841e+01
86.70851361 29.20686990 -40.80828689 1.71221206e+01
86.47313759 29.34946715 -41.90710775 1.74532314e+01
87.45479838 29.22975607 -42.07200664 1.64224264e+01
87.56959848 29.11379785 -40.99517757 1.62066788e+01
85.95017609 29.48089320 -42.23934454 1.73230808e+01
85.84031340 29.61834917 -43.42214027 1.69147829e+01
86.54821766 29.26481051 -41.15213696 1.74276812e+01
86.31381342 29.41206370 -42.26930778 1.75042986e+01
86.67075107 29.24815416 -41.18013788 1.71756912e+01
86.43569965 29.39221951 -42.28698916 1.74125450e+01
86.36090083 29.14418343 -39.63909600 1.83670699e+01
86.35109639 29.36863921 -41.88580708 1.75894568e+01
86.23914985 29.16323539 -39.60976095 1.87299640e+01
86.30380356 29.30189720 -41.10031146 1.78550018e+01
86.43082405 29.17095824 -40.00569286 1.79687270e+01
86.21921492 29.27875909 -40.69518490 1.81063953e+01
86.60520153 29.11059197 -39.70695795 1.74591766e+01
86.58585923 29.22292504 -40.77760394 1.74032028e+01
86.36575015 29.03222989 -38.62564629 1.89562337e+01
86.11775880 29.18407788 -39.58592636 1.88876930e+01
86.55315570 29.15399748 -40.03920925 1.75749595e+01
86.45032096 29.05742447 -38.98304511 1.82537951e+01
86.48294151 29.12672254 -39.67184078 1.79114110e+01
86.57243821 29.04151978 -39.02178153 1.76531254e+01
86.72762916 29.09558225 -39.74226658 1.70616364e+01
86.73242444 28.98623912 -38.74790313 1.70202458e+01
87.28515607 29.17723687 -41.31157104 1.63482721e+01
87.28985366 29.07130357 -40.23464297 1.61450062e+01
87.44646027 29.12585420 -40.97411282 1.62162113e+01
87.53130209 29.15230815 -41.35305415 1.62758981e+01
86.97282909 29.06815424 -39.81206551 1.64733544e+01
87.04398006 29.09631342 -40.17494412 1.64048958e+01
87.46832367 28.91460396 -38.96587115 1.57802644e+01
87.53583509 29.04757393 -40.28492883 1.60617609e+01
87.34109745 29.03122398 -39.90392830 1.60388405e+01
87.41283664 29.05932081 -40.26105392 1.60833606e+01
86.93966893 29.00005509 -39.13748715 1.64266167e+01
86.93064747 28.89362439 -38.17369295 1.62656277e+01
87.34559958 28.92567866 -38.93592851 1.58259073e+01
87.43021722 28.95291104 -39.26882900 1.58570236e+01
86.85493923 28.97299809 -38.78942777 1.66125296e+01
86.80796195 28.90588698 -38.12836489 1.66372791e+01
86.79834504 29.12348592 -40.10820165 1.68779878e+01
86.81715308 29.01304281 -39.09950745 1.67406064e+01
86.67567650 29.13823110 -40.07350165 1.72044350e+01
86.69473010 29.02679417 -39.06023826 1.71454741e+01
86.20686542 29.09378949 -38.91678362 1.94052014e+01
86.19676722 28.98330368 -37.90815455 2.07807788e+01
85.95462013 29.02681650 -37.85519268 2.11976306e+01
85.76164327 29.14450973 -38.52594971 1.88719123e+01
85.83441844 29.05220353 -37.84598228 2.04536232e+01
85.64253883 29.17362738 -38.53289585 1.80722596e+01
85.88137953 29.11757888 -38.52842631 1.95963484e+01
85.63733241 29.28837399 -39.56874037 1.74161722e+01
86.08568412 29.11475047 -38.89179928 1.96277798e+01
85.99682671 29.20697511 -39.56959570 1.87807611e+01
85.96500221 29.13791922 -38.87442090 1.94650725e+01
85.82438625 29.28139779 -39.91316578 1.79762876e+01
85.72537118 29.19098664 -38.86751475 1.83249252e+01
85.40041772 29.35182227 -39.59810001 1.64837734e+01
85.60646769 29.22068855 -38.87788625 1.76364206e+01
85.34843777 29.40418925 -39.95950649 1.62992856e+01
85.26036712 29.50467046 -40.71636525 1.61205060e+01
84.75451346 29.69593315 -41.16336222 1.64046547e+01
85.17138483 29.30646103 -38.60720421 1.58912427e+01
84.99578760 29.50946211 -40.01350906 1.58992681e+01
85.13579274 29.35469029 -38.95068962 1.58509035e+01
84.41107377 29.69463285 -40.07220662 1.83991688e+01
85.28853616 29.27136986 -38.58618884 1.62197687e+01
85.23058509 29.43839211 -39.97767423 1.60524372e+01
84.43655165 29.57636138 -39.03962238 1.84160362e+01
84.29411827 29.73195282 -40.07731527 1.96207466e+01
85.00892195 29.28219510 -37.96474000 1.56082515e+01
85.05452947 29.34240806 -38.62860047 1.57189905e+01
84.89237857 29.31919097 -37.98621128 1.56169992e+01
85.01898243 29.39071331 -38.97088794 1.57469882e+01
84.77594465 29.35655441 -38.00479525 1.58355930e+01
84.93787930 29.37896737 -38.64827445 1.57102186e+01
84.55301009 29.53895627 -39.03051324 1.72288194e+01
84.70494018 29.45327508 -38.68196792 1.62774927e+01
84.35558206 29.56563774 -38.71317893 2.00978440e+01
84.23089075 29.71544127 -39.72942835 2.10253656e+01
84.23898207 29.60294814 -38.71816266 2.30936473e+01
84.19346660 29.54419321 -38.05795846 2.44938636e+01
83.88846969 29.71379036 -38.71468759 2.52226103e+01
83.96981849 29.72486759 -39.04872222 2.44398600e+01
83.65425043 29.78688515 -38.69518881 2.15612572e+01
83.60818889 29.72768750 -38.02537497 2.28400100e+01
84.20340160 29.65092629 -39.04979436 2.29852755e+01
84.12226544 29.64008296 -38.72011366 2.51071033e+01
83.61867918 29.83470808 -39.02303296 2.06360433e+01
83.53703651 29.82333415 -38.67936331 2.06125493e+01
84.46439617 29.64086679 -39.71913145 1.79864168e+01
84.09725491 29.97759444 -41.95321159 1.84736126e+01
84.47208992 29.52821122 -38.70550234 1.81000885e+01
84.34768184 29.67819364 -39.72549714 1.93035911e+01
84.69771050 29.56625251 -39.69945592 1.64580444e+01
84.32174872 29.79647379 -40.80736223 1.87236996e+01
84.52797473 29.65728717 -40.06489292 1.74365751e+01
84.66943074 29.50156491 -39.01902297 1.64853044e+01
84.58105969 29.60352274 -39.71039475 1.70707819e+01
84.78586576 29.46431151 -39.00518004 1.60332676e+01
84.76174171 29.58282650 -40.04346387 1.62918856e+01
84.82137124 29.41597665 -38.66598692 1.58844230e+01
84.93116849 29.49240173 -39.67084233 1.58803163e+01
84.90236043 29.42730559 -38.98849518 1.58005466e+01
85.02489843 29.57494809 -40.74848863 1.59785153e+01
84.33163957 29.90331177 -41.95088273 1.79633244e+01
84.63737169 29.73289064 -41.17277003 1.67838185e+01
84.43889725 29.75918288 -40.80253625 1.79106113e+01
84.64484731 29.61997835 -40.05512280 1.67495010e+01
84.40314560 29.80726074 -41.18587373 1.79385308e+01
84.08725133 29.87089145 -40.81058555 1.97115199e+01
84.17708041 29.76918041 -40.07996219 2.07281176e+01
83.96988539 29.90797676 -40.80869982 1.96290839e+01
83.87993054 29.82640078 -39.72559842 2.11865039e+01
84.05148291 29.91883041 -41.19113950 1.92044948e+01
84.05995188 29.80629527 -40.08012454 2.09703722e+01
83.58178689 30.06711367 -41.16750379 1.82401733e+01
83.59064015 29.95388019 -40.05282774 1.91534689e+01
83.82542233 29.88018324 -40.07235569 2.01603636e+01
83.74529692 30.08889546 -41.94356137 1.87263916e+01
83.76276320 29.86316018 -39.71860069 2.04554908e+01
83.51061386 30.16351485 -41.92731053 1.76268002e+01
83.86265224 30.05177608 -41.94875082 2.02512838e+01
83.73495771 29.98199205 -40.79755188 1.89740619e+01
84.79026646 29.64775963 -40.77568026 1.62977927e+01
84.55600836 29.72190756 -40.79557829 1.72052993e+01
84.87870115 29.54593664 -40.02939707 1.60144097e+01
84.81439666 29.52917123 -39.68624304 1.60828756e+01
84.53012639 29.87714456 -42.32632067 1.70634244e+01
84.90750734 29.61111572 -40.76325449 1.60737442e+01
84.44876428 29.86616652 -41.94750540 1.74962625e+01
84.52026294 29.77003331 -41.18014646 1.73028079e+01
85.11677230 29.69621628 -42.28777026 1.61167108e+01
85.22445049 29.55256406 -41.11089532 1.60976844e+01
85.93973414 29.36975718 -41.05667462 1.77191298e+01
85.47147177 29.59597654 -42.25649054 1.64513689e+01
84.88170199 29.76724539 -42.30659313 1.62422373e+01
84.98909456 29.62306290 -41.13967932 1.60354328e+01
84.99913254 29.73141348 -42.29808921 1.61390045e+01
85.14249659 29.53940601 -40.73300261 1.59981268e+01
85.37857326 29.47092852 -40.69965526 1.63328220e+01
85.46667460 29.37112926 -39.94169025 1.66375657e+01
85.61624188 29.40727276 -40.67160826 1.69683258e+01
85.51862205 29.31931864 -39.58144223 1.69097504e+01
85.11306129 29.47355724 -39.99628970 1.59128258e+01
85.04809169 29.45610775 -39.65377540 1.58430008e+01
85.85589961 29.35009720 -40.66100320 1.76912701e+01
85.75658480 29.25918978 -39.56112197 1.79524477e+01
86.06561208 29.23131784 -39.92928441 1.85557629e+01
85.73580538 29.37777543 -40.66394140 1.73412960e+01
85.94473336 29.25531970 -39.91720996 1.83460191e+01
85.87642208 29.23202517 -39.56081800 1.84385600e+01
85.57998874 29.45432965 -41.06874469 1.67989361e+01
85.70460785 29.30952037 -39.91735720 1.75267184e+01
85.49717564 29.43838186 -40.68483734 1.66225786e+01
85.58538494 29.33951039 -39.92745289 1.70578970e+01
85.82980558 29.50724388 -42.23874410 1.71233006e+01
86.09764429 29.30058829 -40.67731739 1.81214862e+01
85.98693131 29.43546172 -41.84632474 1.74943844e+01
86.18203564 29.32270000 -41.08022594 1.79408435e+01
86.06065769 29.34527813 -41.06564788 1.78948735e+01
85.97652325 29.32435638 -40.66522916 1.79687698e+01
85.70990645 29.53529401 -42.24108277 1.68932112e+01
85.81930444 29.39614021 -41.05554360 1.74474775e+01
85.62673287 29.51797376 -41.85210772 1.67735694e+01
85.69939560 29.42438742 -41.05947995 1.71241178e+01
85.59046517 29.56490904 -42.24840880 1.66613439e+01
85.50760882 29.54869312 -41.86160428 1.65279324e+01
85.99734804 29.54656890 -43.02928761 1.71816812e+01
86.07099183 29.45626155 -42.24499484 1.74638163e+01
85.69936804 29.76444746 -44.60656560 1.66464809e+01
85.63185782 29.74316084 -44.21362654 1.65939562e+01
86.19222176 29.43335142 -42.25606022 1.75260191e+01
86.10792958 29.41147863 -41.85576344 1.76222702e+01
85.60094590 29.67548988 -43.42805023 1.65891481e+01
84.98552981 29.95795598 -44.61441931 1.63148244e+01
84.89167073 29.87521384 -43.46141295 1.62974018e+01
85.81960568 29.73633883 -44.60547029 1.67511874e+01
85.15265244 29.64833331 -41.89625308 1.60936214e+01
85.12690200 29.80499588 -43.45114916 1.62102660e+01
85.03496296 29.68343630 -41.90817575 1.60919527e+01
85.04503161 29.79192670 -43.06828775 1.61870858e+01
84.91749375 29.71920386 -41.91865515 1.61781474e+01
84.65712611 29.94758224 -43.46937966 1.66016254e+01
84.80019214 29.75549456 -41.92793680 1.63611866e+01
84.87173678 29.65927955 -41.15231686 1.61597077e+01
84.67311620 29.68472975 -40.78681270 1.66687364e+01
84.57573940 29.93627486 -43.08925285 1.68327894e+01
84.76442406 29.80356237 -42.31465465 1.64318041e+01
84.68300093 29.79216182 -41.93603741 1.66470834e+01
84.41301786 29.91419162 -42.33029563 1.74578877e+01
83.95436785 30.16937215 -43.47564096 2.01669062e+01
84.28598913 29.84449971 -41.18958100 1.85877404e+01
84.20453832 29.83372180 -40.81006788 1.94256125e+01
84.18867804 30.09515711 -43.47680829 1.73441950e+01
84.17872660 29.98842422 -42.33412616 1.80607049e+01
83.93412350 29.95589859 -41.18877833 1.94271466e+01
83.85244796 29.94499535 -40.80450905 1.93347602e+01
83.69925047 30.02998018 -41.17692234 1.85373315e+01
83.61743967 30.01902708 -40.78802718 1.86176235e+01
83.59234118 30.17427492 -42.31713345 1.75615452e+01
83.52128903 30.27085120 -43.07941662 1.98493944e+01
83.62966675 30.34650982 -44.23406113 1.97814315e+01
83.87284959 30.15856478 -43.09292972 2.04073359e+01
83.62793808 30.12611159 -41.93670038 1.78492709e+01
83.63842827 30.23320539 -43.08544212 1.88356174e+01
83.80955222 30.32549554 -44.61831991 1.95479522e+01
83.99006508 30.12141356 -43.09502952 2.01706267e+01
83.98154350 30.23404123 -44.23801419 1.97425797e+01
84.07153629 30.13224380 -43.47663916 1.77711593e+01
84.04455941 30.25067511 -44.61918413 1.94670134e+01
84.10725391 30.08430402 -43.09584799 1.78278077e+01
84.09886521 30.19683214 -44.23842054 1.71988452e+01
84.22440789 30.04721656 -43.09574905 1.75531124e+01
84.29589201 29.95130261 -42.33283813 1.78190514e+01
84.21447470 29.94046623 -41.95290415 1.83178638e+01
84.64724804 29.84023465 -42.32099842 1.67091810e+01
84.56587341 29.82908921 -41.94229922 1.70339585e+01
84.63215386 30.06566660 -44.61763195 1.64822687e+01
84.80293058 29.97613665 -44.23252466 1.63849735e+01
84.45076419 30.08568212 -44.23713429 1.67603240e+01
84.77433741 29.91119465 -43.46592364 1.64238407e+01
84.86757861 29.99335485 -44.61581401 1.63463712e+01
84.27957167 30.17629094 -44.61917892 1.67000362e+01
84.33347061 30.12264076 -44.23797925 1.68736863e+01
84.21617377 30.15969754 -44.23841533 1.69419866e+01
84.30579264 30.05811095 -43.47615643 1.72273030e+01
84.16206849 30.21343693 -44.61923641 1.67157787e+01
83.74691891 30.30882063 -44.23593905 1.97836481e+01
83.92704659 30.28801054 -44.61883006 1.95178292e+01
83.86421903 30.27134940 -44.23714997 1.97738733e+01
83.69209972 30.36318491 -44.61761914 1.95659910e+01
84.51459050 30.10234809 -44.61833396 1.65689752e+01
84.56808468 30.04889431 -44.23596591 1.66248629e+01
84.74980114 30.02929676 -44.61671065 1.64042433e+01
84.68545581 30.01233545 -44.23434261 1.64932479e+01
85.10371082 29.92325213 -44.61344018 1.63111593e+01
85.34092262 29.85641979 -44.61023510 1.63849393e+01
85.46002687 29.82454051 -44.60866177 1.64564579e+01
85.03835587 29.90524731 -44.22785950 1.62744798e+01
85.39341984 29.80475553 -44.21889688 1.63832519e+01
85.57950182 29.79384806 -44.60706094 1.65456244e+01
85.51243791 29.77331110 -44.21572271 1.64791003e+01
85.22215790 29.88935302 -44.61159378 1.63351246e+01
85.15640930 29.87083600 -44.22503397 1.62763963e+01
85.28087924 29.72345732 -43.05342225 1.62381959e+01
85.27474650 29.83728324 -44.22182889 1.63139458e+01
85.87185809 29.68683281 -44.21135668 1.68441666e+01
85.87687610 29.57236754 -43.02794527 1.70278469e+01
85.94022808 29.70962650 -44.60588639 1.68510638e+01
85.96062627 29.59203102 -43.42337906 1.70613348e+01
86.11338099 29.63616385 -44.21345992 1.70445378e+01
86.08133526 29.56724704 -43.42525486 1.71733027e+01
86.20241708 29.54400531 -43.43189678 1.72388878e+01
86.11822426 29.52237105 -43.03398189 1.72890622e+01
86.06120114 29.68426103 -44.60621738 1.69375611e+01
85.99244304 29.66080185 -44.21210377 1.69562478e+01
85.75165975 29.71429785 -44.21203589 1.67195648e+01
86.23467027 29.61299260 -44.21695238 1.71008328e+01
86.35624972 29.59112292 -44.22127142 1.71232028e+01
86.79301722 29.55879622 -44.62016022 1.70125569e+01
86.91568342 29.54158156 -44.62313174 1.69866184e+01
87.09008110 29.48287705 -44.25391388 1.68978423e+01
87.33567664 29.45312989 -44.26351948 1.68494878e+01
87.58150913 29.42537664 -44.27157962 1.68591544e+01
87.70449090 29.41212213 -44.27507242 1.68870620e+01
87.53049191 29.46583581 -44.63484153 1.69584494e+01
87.65364096 29.45222812 -44.63673809 1.69846244e+01
87.70885525 29.30785431 -43.18806060 1.66534488e+01
87.46310838 29.33366582 -43.16995038 1.66252332e+01
87.45856839 29.43903097 -44.26778360 1.68467070e+01
87.40739186 29.47988984 -44.63294207 1.69438080e+01
87.16136838 29.50948307 -44.62831626 1.69475588e+01
87.41659461 29.26871339 -42.43333114 1.64945439e+01
87.03847292 29.52516778 -44.62559763 1.69644261e+01
87.30218884 29.38658598 -43.52452075 1.67182091e+01
86.84485091 29.51526969 -44.24329196 1.69856163e+01
86.72242359 29.53268219 -44.23770755 1.70359287e+01
86.47809377 29.57052133 -44.22626999 1.71140958e+01
86.56745471 29.48259021 -43.46117521 1.71546625e+01
86.44552160 29.50178903 -43.44928811 1.72206717e+01
86.81188210 29.44737886 -43.48331457 1.69786022e+01
86.72721865 29.42270705 -43.09480238 1.70561542e+01
86.36104756 29.47861738 -43.05313197 1.73254114e+01
86.71786888 29.31478541 -41.95155679 1.70881558e+01
86.48289099 29.45881560 -43.06664600 1.72631420e+01
86.84047635 29.29896775 -41.97404504 1.69102523e+01
86.68958526 29.46448819 -43.47232710 1.70692379e+01
87.17082149 29.29553762 -42.40152118 1.66015944e+01
86.68017008 29.35631814 -42.32627789 1.71162442e+01
86.59541086 29.33157232 -41.92939199 1.72761796e+01
86.42588249 29.28265401 -41.12528138 1.76685063e+01
86.34115202 29.25866430 -40.71966718 1.79548881e+01
87.07720451 29.16390360 -40.89835432 1.64772302e+01
86.92529102 29.32444354 -42.36514984 1.68172910e+01
87.08601236 29.26965188 -42.01694810 1.66267942e+01
86.96740729 29.49867839 -44.24872937 1.69380029e+01
87.29368490 29.28190719 -42.41801874 1.65338929e+01
87.21751347 29.36100201 -43.14785093 1.66910098e+01
86.96319818 29.28395809 -41.99582465 1.67545628e+01
86.84963091 29.40615146 -43.10890772 1.69447654e+01
87.09480103 29.37540818 -43.13559176 1.67585464e+01
87.04801610 29.30967424 -42.38370369 1.66975811e+01
87.34028792 29.34711962 -43.15951645 1.66466036e+01
87.42494454 29.37280884 -43.53335671 1.66975719e+01
87.66250613 29.24333660 -42.45955424 1.65025494e+01
87.58596637 29.32059103 -43.17954916 1.66273907e+01
87.05685721 29.41566318 -43.50491713 1.68193169e+01
86.97216519 29.39041467 -43.12235425 1.68434759e+01
87.91634269 29.32149962 -43.55976640 1.68276974e+01
87.77683103 29.43902232 -44.63833433 1.70228301e+01
88.15465969 29.19652972 -42.49393558 1.65304924e+01
87.82751030 29.39925227 -44.27800764 1.69310094e+01
87.90851545 29.21915804 -42.47948648 1.66310224e+01
87.83177288 29.29544649 -43.19530812 1.67044592e+01
88.77109922 29.15250027 -42.50335851 1.82486786e+01
88.32010880 29.35300662 -44.28601951 1.70415815e+01
88.40102127 29.17629330 -42.50163737 1.68935692e+01
88.28533918 29.28774076 -43.57109937 1.67949198e+01
88.39354408 29.07468605 -41.43044355 1.67856425e+01
88.27780746 29.18604421 -42.49855214 1.64710690e+01
88.19316491 29.15902644 -42.13770799 1.61932078e+01
88.27024690 29.08435028 -41.42601109 1.62978953e+01
88.55558096 29.02920370 -41.07646281 1.74995243e+01
88.56296499 29.13078342 -42.14676456 1.74710131e+01
88.64034187 29.05786283 -41.43354918 1.78840077e+01
88.52430828 29.16740214 -42.50329432 1.73421610e+01
89.01099100 29.03939495 -41.42853576 1.93589858e+01
88.80984698 29.11649986 -42.14623017 1.84346054e+01
88.51690819 29.06582424 -41.43285800 1.73250199e+01
88.43962784 29.13936010 -42.14535466 1.69887828e+01
88.69366208 29.22477401 -43.21716166 1.79100278e+01
90.01312306 29.21000345 -43.56471807 2.03453053e+01
89.18051669 29.10123429 -42.13960746 1.94014572e+01
88.81706729 29.21818193 -43.21677153 1.82975390e+01
88.64766949 29.15946065 -42.50374990 1.78005164e+01
88.51718854 29.37196925 -44.64351411 1.75021271e+01
88.94052435 29.21249129 -43.21584610 1.86472345e+01
88.76460508 29.35680252 -44.64353187 1.81285329e+01
88.90175375 29.24820603 -43.57322212 1.85116530e+01
88.56685063 29.33459004 -44.28709298 1.75761043e+01
88.77833423 29.25415561 -43.57375450 1.81686621e+01
88.57032351 29.23236328 -43.21707696 1.75059153e+01
88.65497253 29.26105799 -43.57395897 1.77983645e+01
88.39360516 29.38114655 -44.64325015 1.71883749e+01
88.53168229 29.26898049 -43.57374284 1.74152103e+01
88.44706075 29.24095249 -43.21624291 1.71029253e+01
88.07771902 29.27184033 -43.20719659 1.68852475e+01
88.02334971 29.41397222 -44.64090923 1.71364087e+01
88.03928612 29.30966995 -43.56448488 1.69164791e+01
87.95472485 29.28341766 -43.20168781 1.67814657e+01
87.90006469 29.42624671 -44.63967330 1.70734500e+01
87.95057335 29.38682114 -44.28058253 1.69917875e+01
88.14669410 29.40228059 -44.64198094 1.72120060e+01
88.07368738 29.37489898 -44.28289016 1.70690716e+01
88.27010895 29.39129181 -44.64276936 1.72188093e+01
88.40847095 29.27790206 -43.57284319 1.70380579e+01
88.32387613 29.25047345 -43.21440895 1.67152999e+01
88.88841485 29.35077324 -44.64344106 1.84253317e+01
88.93753107 29.31463730 -44.28667322 1.85480661e+01
89.01226921 29.34560250 -44.64323216 1.87019906e+01
89.30856610 29.30156293 -44.28452295 1.92605008e+01
89.38396261 29.33339670 -44.64213757 1.93782978e+01
89.43460024 29.19549372 -43.20959117 1.94452396e+01
89.26005404 29.33710833 -44.64238539 1.91755198e+01
89.18487075 29.30544445 -44.28514613 1.90576179e+01
89.02521486 29.24306644 -43.57205794 1.88078680e+01
89.39572006 29.23076371 -43.56813002 1.93818481e+01
89.14870355 29.23856845 -43.57048422 1.90489647e+01
89.64273128 29.22325752 -43.56614376 1.96236745e+01
89.63176878 29.32602873 -44.64158132 1.97576601e+01
89.55813073 29.19175444 -43.20837576 1.95422245e+01
89.50786976 29.32976007 -44.64179817 1.95701233e+01
89.92863518 29.17917902 -43.20619664 1.99477557e+01
90.25092958 29.30197843 -44.64111183 2.15150111e+01
90.50654997 29.18619091 -43.56502836 2.21113418e+01
90.37466406 29.29579051 -44.64114615 2.19279698e+01
90.29770470 29.26548887 -44.28225797 2.15263391e+01
90.00335421 29.31296616 -44.64114280 2.05703450e+01
89.87951723 29.31773432 -44.64128257 2.01565534e+01
89.92695717 29.28177855 -44.28242537 2.01392538e+01
89.75565342 29.32206025 -44.64136672 1.99516385e+01
90.79161632 29.23883772 -44.28302069 2.33614935e+01
91.11679725 29.25724804 -44.64191748 2.44871032e+01
90.99306114 29.26260995 -44.64169416 2.41013293e+01
91.28573688 29.21805629 -44.28440311 2.49589309e+01
91.53303651 29.21771921 -44.28520022 2.58261287e+01
91.73574880 29.26042150 -44.64273864 2.66676800e+01
91.61211550 29.25397178 -44.64267061 2.61899343e+01
91.65602259 29.11995732 -43.21223882 2.61358410e+01
91.24058853 29.25317022 -44.64206956 2.48847017e+01
91.73999821 29.15898268 -43.57053984 2.65604853e+01
91.65659896 29.22187440 -44.28540924 2.63008306e+01
91.24644199 29.15078652 -43.56823876 2.47114602e+01
91.03858191 29.22639307 -44.28361164 2.41854755e+01
90.99968809 29.15988948 -43.56686394 2.40137212e+01
90.86936989 29.26882745 -44.64158725 2.36970306e+01
90.91508180 29.23229001 -44.28328141 2.37991336e+01
90.66816135 29.24565224 -44.28275543 2.28853416e+01
90.79216524 29.13628553 -43.20745067 2.33124642e+01
90.42121755 29.25915524 -44.28237222 2.19600937e+01
90.54556688 29.14986566 -43.20644953 2.22135091e+01
90.49836509 29.28922170 -44.64122608 2.23599500e+01
90.54469991 29.25249280 -44.28254807 2.24131050e+01
90.62983326 29.17941418 -43.56540268 2.26400748e+01
90.75310563 29.17260112 -43.56583201 2.31614642e+01
90.90945427 29.02760395 -42.13257856 2.38587038e+01
91.03881577 29.12396795 -43.20870033 2.41291388e+01
91.11713710 29.05248834 -42.49253307 2.43398331e+01
91.28565458 29.11580774 -43.21033297 2.47825039e+01
91.16212949 29.22145564 -44.28398704 2.45634313e+01
91.48829984 29.25096476 -44.64252961 2.57325984e+01
91.53262981 29.11567709 -43.21181258 2.56440689e+01
91.36443544 29.25091102 -44.64233355 2.52985525e+01
91.36989811 29.14873781 -43.56902694 2.51154790e+01
91.16220609 29.11912398 -43.20943575 2.44311382e+01
91.24061261 29.04858651 -42.49360004 2.45583435e+01
91.61116380 29.04999598 -42.49611504 2.58347214e+01
91.49336722 29.14902310 -43.56968353 2.55582327e+01
91.52697071 29.01341908 -42.13770879 2.54362993e+01
91.40914481 29.11443516 -43.21117670 2.51893608e+01
91.35839063 28.94429922 -41.42013375 2.47589323e+01
91.02692775 28.91957907 -41.05833586 2.42955528e+01
90.66886888 29.14305729 -43.20689200 2.27711049e+01
90.90343891 28.92540571 -41.05715683 2.38080277e+01
90.50028731 29.08394987 -42.48887878 2.19327986e+01
90.74698858 29.07038955 -42.49005241 2.31577926e+01
90.66270351 29.04083631 -42.13097265 2.27040611e+01
90.87033930 29.06378750 -42.49082085 2.37061535e+01
90.25349667 29.09667778 -42.48827283 2.08709365e+01
90.38324307 29.19274740 -43.56475125 2.16222338e+01
89.67490841 29.08564499 -42.13196641 1.95774597e+01
90.12356594 29.00016430 -41.41199895 2.01755638e+01
89.80515452 29.18371751 -43.20674829 1.97574420e+01
90.29889364 29.16283605 -43.20585005 2.12098348e+01
90.37690776 29.09049165 -42.48847117 2.13713250e+01
90.17415678 29.27139673 -44.28225960 2.11241934e+01
90.29250870 29.06057177 -42.12955981 2.09344645e+01
90.13653111 29.20471531 -43.56463442 2.07688098e+01
90.13005162 29.10244032 -42.48830137 2.04484853e+01
90.05208811 29.17420503 -43.20595009 2.04149781e+01
90.25990428 29.19894528 -43.56458285 2.11767246e+01
90.17550813 29.16875033 -43.20581153 2.07907466e+01
89.88968391 29.21482702 -43.56505172 1.99137866e+01
89.80331266 29.28627983 -44.28264929 1.99437096e+01
89.51922987 29.22705963 -43.56697822 1.95046050e+01
89.43226509 29.29787935 -44.28393574 1.94383626e+01
89.51239906 29.12489486 -42.49221721 1.95147941e+01
89.31106591 29.19924682 -43.21102263 1.93263620e+01
89.92203414 29.07690815 -42.13012006 1.98025985e+01
89.76621803 29.21921785 -43.56548866 1.97558805e+01
89.42771854 29.09336902 -42.13524762 1.95603120e+01
89.27220844 29.23453226 -43.56921374 1.92358950e+01
89.14166854 29.13663688 -42.49795249 1.92347534e+01
89.06401805 29.20755360 -43.21416386 1.89383603e+01
89.30411541 29.09719589 -42.13741346 1.95154742e+01
89.18753536 29.20319802 -43.21241426 1.91632399e+01
89.75952616 29.11697146 -42.48978414 1.96164090e+01
89.68165084 29.18787125 -43.20740181 1.96397700e+01
89.55131839 29.08957111 -42.13342710 1.95630517e+01
89.75282334 29.01472338 -41.41408439 1.95234974e+01
89.38882058 29.12866271 -42.49401914 1.94710545e+01
89.38190548 29.02655944 -41.41990404 1.97001805e+01
89.26524088 29.13251004 -42.49587811 1.93876503e+01
89.29714833 28.99514267 -41.06379318 1.98941327e+01
89.79848251 29.08146241 -42.13091421 1.96235532e+01
90.00169899 28.90283745 -40.35530645 1.96365524e+01
89.79180013 28.97920571 -41.05507796 1.95014965e+01
89.92553485 28.87170954 -40.01630337 1.94614766e+01
90.04555857 29.07192857 -42.12969961 2.01195219e+01
90.16258754 28.96420269 -41.05321020 2.02206354e+01
90.16905065 29.06647701 -42.12949548 2.04809305e+01
90.24708444 28.99440939 -41.41199370 2.06161899e+01
90.41593304 29.05425777 -42.12984339 2.14647792e+01
90.61836113 28.87234275 -40.35663251 2.19306333e+01
90.65653877 28.93861457 -41.05507893 2.24726114e+01
90.74901518 28.76265871 -39.37410896 2.16183996e+01
89.91542432 28.97463589 -41.05405354 1.95897383e+01
90.00001364 29.00545189 -41.41234322 1.98182434e+01
89.66815403 28.98341689 -41.05653520 1.95787627e+01
89.75482320 28.91217254 -40.35739737 1.95270839e+01
89.62919555 29.01882945 -41.41554729 1.95543821e+01
89.63135294 28.91632040 -40.35918009 1.96745215e+01
89.04982605 29.00381505 -41.07014803 1.96307445e+01
89.26088694 28.92813207 -40.36747294 2.03212657e+01
89.50555417 29.02272796 -41.41747635 1.96339975e+01
89.50786927 28.92026782 -40.36146109 1.99107768e+01
89.17347994 28.99926825 -41.06681085 1.98423440e+01
89.25825617 29.03048546 -41.42253109 1.97141993e+01
89.80229825 28.87633048 -40.01742611 1.95152080e+01
89.92054005 28.66682535 -38.15533564 1.91829762e+01
89.31159804 28.79009657 -39.08073030 2.19206088e+01
89.18591216 28.89660758 -40.03037309 2.07165649e+01
89.39599803 28.82145542 -39.38194072 2.09787922e+01
89.30919474 28.89246186 -40.02697011 2.06177381e+01
89.80407820 28.77375535 -39.06970526 1.95233399e+01
89.88170580 28.70251164 -38.46015990 1.92873949e+01
89.64220047 28.81351536 -39.37635665 1.99197074e+01
89.63540613 28.71128724 -38.46461028 2.04395064e+01
89.26587434 28.72342743 -38.47518506 2.35992179e+01
89.14979347 28.82976614 -39.38900347 2.15914462e+01
89.14270247 28.72780341 -38.47925557 2.39399893e+01
89.06535874 28.79889904 -39.08843695 2.20325947e+01
89.76528427 28.80930883 -39.37437478 1.96084877e+01
90.00482143 28.69759179 -38.45874074 1.92362707e+01
89.92715962 28.76910298 -39.06820643 1.94242163e+01
90.01138713 28.79987194 -39.37189280 1.95466710e+01
90.13439641 28.79452510 -39.37135507 1.97925467e+01
90.28984477 28.65036355 -38.15272093 1.87758586e+01
90.17323871 28.75855077 -39.06671205 1.97275871e+01
90.37398550 28.68029775 -38.45741274 1.91621310e+01
90.17192330 28.86119574 -40.01534974 2.00935599e+01
90.29623050 28.75262884 -39.06658598 1.98695980e+01
90.29506893 28.85527802 -40.01537984 2.04670529e+01
90.38031798 28.78255394 -39.37140125 2.02735166e+01
90.37178594 28.88558808 -40.35519217 2.08979738e+01
90.50323369 28.77604805 -39.37200661 2.05257132e+01
89.87827369 28.90770396 -40.35615569 1.94269831e+01
89.88834826 28.80478585 -39.37290428 1.93665267e+01
90.66433549 28.83562652 -40.01742839 2.18333804e+01
90.61995317 28.66712927 -38.45887559 1.96890651e+01
90.66504078 28.73303410 -39.06860715 2.07348894e+01
90.74162740 28.86558786 -40.35766607 2.25094672e+01
90.91047579 28.82256287 -40.01992256 2.33726144e+01
91.40301406 28.70561087 -39.08203023 2.44198958e+01
90.41818215 28.84897030 -40.01581527 2.08709786e+01
90.49508476 28.87906985 -40.35581873 2.13600979e+01
90.86589106 28.65399289 -38.46212569 2.14489117e+01
90.99483172 28.75028024 -39.37730627 2.34440241e+01
90.54212428 28.73974700 -39.06758128 2.02920198e+01
90.62612862 28.76935565 -39.37288841 2.09577712e+01
90.78795390 28.72638729 -39.07000729 2.15323348e+01
90.87190976 28.75619611 -39.37554732 2.25541684e+01
91.77180839 28.71994797 -39.09192845 2.60918063e+01
91.76636892 28.61757655 -38.18935973 2.59063406e+01
91.11779803 28.74527862 -39.37926183 2.39834953e+01
91.73276011 28.75085948 -39.39183288 2.59656336e+01
91.15674538 28.81214942 -40.02316309 2.43273433e+01
91.60524261 28.84561622 -40.36765780 2.55253411e+01
91.03358673 28.81684817 -40.02140750 2.41493149e+01
91.11154088 28.84785795 -40.36177074 2.43212364e+01
91.64908341 28.71165717 -39.08839369 2.54779786e+01
91.52645630 28.80916434 -40.02815299 2.51298920e+01
91.48695398 28.74037522 -39.38664345 2.48379173e+01
91.60995736 28.74387931 -39.38879513 2.53758844e+01
91.27995995 28.80897876 -40.02476283 2.43910156e+01
91.40321259 28.80777057 -40.02676127 2.46868064e+01
91.97353220 28.87821030 -40.36835593 2.73379106e+01
91.27405699 28.91139225 -41.06106309 2.45279360e+01
92.01668054 28.85090865 -40.03198605 2.75198713e+01
91.60556203 28.94770960 -41.42207253 2.56608265e+01
91.48184246 28.84235449 -40.36643715 2.50285831e+01
91.23479107 28.94638434 -41.41893507 2.44898812e+01
91.35838384 28.84202090 -40.36495392 2.46131796e+01
91.15046379 28.91473325 -41.05976742 2.44412228e+01
91.23493758 28.84403035 -40.36328779 2.43844586e+01
91.11124273 28.95029321 -41.41756971 2.43803210e+01
90.78739901 28.82893880 -40.01862789 2.24992194e+01
90.49402316 28.98170811 -41.41276703 2.17620887e+01
90.54126783 28.84237005 -40.01651785 2.12918618e+01
90.40961857 28.95200578 -41.05364954 2.12647417e+01
90.53308850 28.94539275 -41.05431311 2.18434790e+01
90.61745365 28.97496205 -41.41345865 2.23802090e+01
90.86489972 28.85903689 -40.35890145 2.33618505e+01
90.74087316 28.96817716 -41.41429804 2.30452194e+01
90.86429804 28.96158652 -41.41530650 2.36830228e+01
90.77998319 28.93186933 -41.05608930 2.31328777e+01
91.39769190 28.90998167 -41.06254955 2.48359357e+01
91.15633153 29.01692953 -42.13460314 2.44283449e+01
91.52132313 28.91115751 -41.06351603 2.52671324e+01
91.27985159 29.01360115 -42.13573425 2.46340928e+01
91.64486484 28.91536052 -41.06449846 2.57724318e+01
91.48768025 29.04677936 -42.49557724 2.53518402e+01
91.48200426 28.94453224 -41.42143578 2.51754473e+01
91.40341338 29.01220989 -42.13688843 2.49852088e+01
91.72893368 28.95432712 -41.42313909 2.62064111e+01
91.65043717 29.01766106 -42.13839853 2.59373421e+01
92.09490027 28.89805692 -40.36899678 2.80415771e+01
91.76815987 28.92332215 -41.06535540 2.63318284e+01
91.89644470 29.03771742 -42.13486292 2.70860073e+01
92.56851603 29.12554004 -41.40861250 3.29580807e+01
92.37517808 28.92955531 -40.02965291 3.17100372e+01
91.97434904 28.97999980 -41.42055483 2.74432850e+01
93.67122249 29.65107080 -41.04459860 3.76278809e+01
92.68164587 28.96551103 -39.39923835 3.40367707e+01
92.13966778 29.07572197 -42.13509063 2.83623513e+01
92.90515896 29.26192367 -41.40418636 3.49384163e+01
92.57337034 29.22823812 -42.48117588 3.28277572e+01
92.72320809 29.25091904 -42.12297891 3.37488293e+01
92.83474982 29.29761569 -42.11763480 3.43593990e+01
93.15955068 29.45440066 -42.11750826 3.58656347e+01
92.79274878 29.11160544 -40.36297352 3.45666573e+01
93.73429616 29.52369962 -39.40047219 3.80572074e+01
92.68072579 29.06595551 -40.36394673 3.38485165e+01
92.79466562 29.21321686 -41.40878837 3.43296423e+01
92.83016831 29.19486389 -41.05216719 3.46013410e+01
92.68251026 29.16753765 -41.40938198 3.36710660e+01
92.45130084 28.98579049 -40.36366780 3.22734677e+01
92.60513147 29.10485586 -41.05232302 3.32182977e+01
92.33531880 29.05357853 -41.41210053 2.97309291e+01
92.45278462 29.08737514 -41.40990762 3.22103753e+01
92.13443579 28.97320267 -41.06155915 2.82927022e+01
92.21514464 28.92260501 -40.36902523 2.87768917e+01
91.89494248 28.83405726 -40.03121587 2.68409783e+01
91.89103240 28.93531639 -41.06231140 2.69457873e+01
91.85129349 28.86310433 -40.36894954 2.66744794e+01
91.89408883 28.73229811 -39.09484080 2.67094157e+01
92.25567715 28.79708013 -39.09975370 2.89422117e+01
92.60647320 29.00440840 -40.03040326 3.33651381e+01
92.13748323 28.87236592 -40.03268007 2.82436288e+01
92.33615482 28.85141149 -39.39720195 3.04276897e+01
92.25703682 28.89867615 -40.03239529 2.89952233e+01
92.33400034 28.95195645 -40.36618945 3.04357691e+01
92.09792514 28.79723582 -39.39653852 2.79703780e+01
92.09272301 28.69471059 -38.50161556 2.78324365e+01
91.85518232 28.76186028 -39.39365319 2.65691822e+01
91.84979489 28.65945440 -38.49374221 2.64157149e+01
92.44814707 28.78263451 -38.50822847 3.23411174e+01
92.37365209 28.82799184 -39.09895747 3.11604870e+01
92.90328931 29.05972395 -39.39860669 3.55133663e+01
93.00733424 29.00836048 -38.52010254 3.64802551e+01
92.93810988 29.04233126 -39.10352381 3.58033531e+01
93.04173857 28.99178566 -38.22792287 3.67814721e+01
92.60464715 28.90283498 -39.10458536 3.34783590e+01
92.67699129 28.86276115 -38.51694199 3.41797911e+01
92.56820190 28.92351077 -39.40114066 3.32049153e+01
92.71749934 28.94612467 -39.10525069 3.43229859e+01
92.94031475 29.14402073 -40.02555055 3.55049939e+01
93.56560634 29.38501859 -39.10935263 3.80020327e+01
92.71945700 29.04773263 -40.02933713 3.41442113e+01
92.79329203 29.01111312 -39.40128210 3.48149354e+01
92.49166089 28.96497268 -40.02967891 3.25497097e+01
92.56688345 29.02395225 -40.36360188 3.30808043e+01
92.90311057 29.16028532 -40.36046087 3.52146819e+01
92.83073375 29.09437108 -40.02890617 3.48603860e+01
93.32810602 29.27858634 -39.39954187 3.73870059e+01
93.83625467 29.68962013 -40.35489601 3.80157204e+01
93.56839192 29.48709020 -40.02414672 3.76795669e+01
93.76930381 29.61295462 -40.02249590 3.79850531e+01
93.01180291 29.21179832 -40.35834339 3.57882674e+01
93.53477615 29.50009493 -40.35793671 3.74999653e+01
93.53307145 29.39870111 -39.40097590 3.78192683e+01
93.46393874 29.32381842 -39.10898391 3.78480483e+01
93.04599188 29.09456262 -39.10684435 3.64185318e+01
93.11430929 29.06215156 -38.52136831 3.70405261e+01
93.36125872 29.26396095 -39.10727853 3.76155546e+01
93.42727699 29.23523053 -38.52455827 3.80462930e+01
93.32414806 29.17585829 -38.52443618 3.78208230e+01
93.25342257 29.10290716 -38.23296630 3.77633381e+01
93.73079000 29.42110245 -38.53080120 3.83348998e+01
93.83373989 29.58766699 -39.39923430 3.81508791e+01
93.96425105 29.64001453 -39.11116240 3.83287137e+01
94.03077465 29.71787930 -39.40018276 3.82487120e+01
93.63409823 29.46067310 -39.39979527 3.79505197e+01
93.76636076 29.51073264 -39.10987557 3.81924344e+01
94.06236483 29.70567388 -39.11195031 3.81839495e+01
93.86862700 29.67729924 -40.02223103 3.81286044e+01
93.93253153 29.65243754 -39.39959638 3.82392298e+01
93.96733602 29.74239757 -40.02093683 3.82690772e+01
93.66638690 29.44736573 -39.10983002 3.81112035e+01
93.63608057 29.56224607 -40.35563936 3.76861275e+01
93.73654856 29.62545901 -40.35496965 3.78491758e+01
93.33578357 29.58420405 -42.47634159 3.63870008e+01
93.32922977 29.37964773 -40.35867482 3.70083076e+01
93.36498013 29.46694067 -41.04851167 3.68857960e+01
93.25744525 29.20565293 -39.10645282 3.73197992e+01
93.15531064 29.35165448 -41.04668175 3.61849552e+01
93.25996441 29.30751722 -40.02690723 3.69240996e+01
93.22715065 29.42352200 -41.40186248 3.63390443e+01
93.22394426 29.22082672 -39.40036719 3.70638322e+01
93.15483063 29.25088358 -40.02593977 3.65457532e+01
93.22476188 29.32173880 -40.35918346 3.66798177e+01
93.01397026 29.31348037 -41.39932508 3.54750573e+01
93.11899453 29.26569720 -40.35867343 3.62780120e+01
93.04830726 29.19630640 -40.02700307 3.60673597e+01
93.36387250 29.36588996 -40.02522382 3.72331482e+01
93.26489183 29.51115022 -42.11582550 3.62548825e+01
93.43908180 29.64374454 -42.47867219 3.67019357e+01
93.43512699 29.54105813 -41.40279543 3.69697104e+01
93.04845282 29.29696368 -41.04603139 3.57304602e+01
93.05280533 29.39972077 -42.11191108 3.54279827e+01
93.77154359 29.71470067 -41.04507705 3.78303119e+01
93.53745064 29.60206952 -41.40284610 3.72348589e+01
93.46664042 29.42581761 -40.02619912 3.74818190e+01
93.46804461 29.52702809 -41.04647723 3.71631353e+01
93.66925334 29.54951106 -40.02291119 3.78416278e+01
93.47195028 29.62970716 -42.11767522 3.68963892e+01
93.97009557 29.84453676 -41.04363026 3.82463465e+01
94.06551566 29.80814108 -40.02126062 3.81833480e+01
94.06852615 29.91048520 -41.04597350 3.82953086e+01
93.73939109 29.72757699 -41.40197783 3.76981507e+01
93.84268726 29.89436736 -42.47833029 3.78572582e+01
93.74301504 29.83016595 -42.47659923 3.75769896e+01
93.77511757 29.81727857 -42.11899886 3.77138452e+01
93.63884112 29.66429094 -41.40201818 3.74722506e+01
93.57008243 29.58847150 -41.04684893 3.74074211e+01
93.64257517 29.76691531 -42.47604057 3.72954464e+01
93.57770912 29.79376386 -43.19541679 3.69869122e+01
93.78182701 30.02206129 -44.27725362 3.75789138e+01
94.07503781 30.11541671 -43.20240017 3.84273920e+01
93.57387734 29.69111977 -42.11705814 3.71837796e+01
93.54517470 29.80738051 -43.55579544 3.68083895e+01
93.87459187 29.88177995 -42.11855995 3.79791598e+01
93.87809400 29.98431887 -43.19736804 3.79476559e+01
92.91413861 29.56793292 -44.63499068 3.40032236e+01
93.34112675 29.78793401 -44.63923534 3.58223177e+01
93.23132698 29.52625527 -42.47545365 3.60309008e+01
93.02280247 29.51898542 -43.55246139 3.48726102e+01
93.12556300 29.47017665 -42.47342627 3.56289953e+01
92.94907812 29.45008997 -43.18972684 3.46427144e+01
93.36899715 29.56964646 -42.11993919 3.65916259e+01
93.16382295 29.55714034 -43.19215392 3.55620743e+01
93.33171853 29.48149144 -41.40465846 3.66737230e+01
93.26076404 29.40842099 -41.04709785 3.65676737e+01
93.47589170 29.73238140 -43.19694468 3.66586255e+01
93.54129441 29.70472722 -42.47556906 3.70101884e+01
93.01837107 29.41623644 -42.47083129 3.51756621e+01
92.91421880 29.46742465 -43.54676137 3.43981768e+01
92.71851263 29.14818275 -41.05420431 3.39326536e+01
92.60994095 29.20756549 -42.12200808 3.30807362e+01
92.90967424 29.36467788 -42.47271150 3.46680056e+01
92.83935971 29.40035989 -43.18875890 3.41031714e+01
92.79929402 29.31596278 -42.47664767 3.40996273e+01
92.57701645 29.43130984 -44.63827286 3.23897289e+01
92.48990561 29.06545589 -41.05388026 3.24543078e+01
92.49482530 29.16813207 -42.12380767 3.23765316e+01
91.97970945 29.08243704 -42.49134060 2.75628137e+01
92.46273796 29.29268334 -43.55562583 3.20433745e+01
92.01852202 29.05440387 -42.13577388 2.77122510e+01
92.10115327 29.10228388 -42.49411718 2.81861433e+01
92.37299989 29.03011262 -41.05623170 3.08353906e+01
92.25955720 29.10193147 -42.12682134 2.90233234e+01
91.98508724 29.18486810 -43.56692685 2.76724449e+01
91.85902115 29.27095134 -44.64295969 2.71640287e+01
91.85738428 29.06738389 -42.49519549 2.69466900e+01
91.90187331 29.14011274 -43.21045867 2.72297706e+01
91.77916233 29.12801740 -43.21287194 2.66778516e+01
91.86284509 29.16976135 -43.57044976 2.71027770e+01
92.10644171 29.20477612 -43.56782687 2.82572226e+01
92.34038979 29.15619033 -42.48055938 2.94767434e+01
92.34548289 29.25879457 -43.55735542 2.94375182e+01
92.37802885 29.13274227 -42.12205578 2.96858141e+01
92.68725333 29.27026249 -42.47931552 3.34863367e+01
92.57824974 29.33092833 -43.55672650 3.26824997e+01
92.49976910 29.27080043 -43.19651203 3.22761452e+01
92.45774947 29.19003315 -42.48008701 3.21337613e+01
92.26471071 29.20450262 -43.20142923 2.90216149e+01
92.69119275 29.47336529 -44.63855979 3.29520652e+01
92.61477602 29.31026725 -43.19766970 3.29189056e+01
92.61670148 29.41179346 -44.27683264 3.27008576e+01
92.80395036 29.41870100 -43.55441267 3.38574596e+01
92.72793054 29.35364754 -43.19863805 3.35392174e+01
92.38308044 29.23536425 -43.19770440 2.96301991e+01
92.34340752 29.35927696 -44.63799633 2.95154424e+01
92.02496256 29.25851073 -44.28395824 2.78579413e+01
92.14491927 29.17823437 -43.20936942 2.84215982e+01
92.26615599 29.30605076 -44.28065045 2.89555719e+01
92.10349053 29.30553645 -44.64153892 2.81947114e+01
92.22666857 29.22936170 -43.56373192 2.88389615e+01
92.22415740 29.32995837 -44.64265412 2.87225674e+01
92.14619719 29.27980912 -44.28419304 2.84037964e+01
91.98169708 29.28582356 -44.64241933 2.76754981e+01
92.38469672 29.33687806 -44.27700399 3.05623409e+01
92.72999184 29.45521107 -44.27860837 3.32730578e+01
92.80350095 29.51913808 -44.64004858 3.34915572e+01
93.02307165 29.61959701 -44.63737588 3.44963528e+01
93.16636680 29.65890584 -44.27489296 3.52388442e+01
93.84890731 30.09885557 -44.63911402 3.78322867e+01
93.94806770 30.16403631 -44.63932852 3.82445178e+01
93.47873132 29.83435540 -44.27537523 3.64540333e+01
93.44307202 29.74642592 -43.55528091 3.64652490e+01
93.23553638 29.62898236 -43.55608167 3.57242118e+01
93.23646802 29.72985198 -44.63776360 3.54045151e+01
93.26905307 29.61387348 -43.19529940 3.59513805e+01
93.33988286 29.68691103 -43.55274047 3.61233832e+01
93.27169974 29.71570614 -44.27699893 3.56817155e+01
93.13048959 29.67365070 -44.63712936 3.49578781e+01
93.12988265 29.57291874 -43.55020055 3.53346446e+01
93.67863014 29.85629496 -43.19450350 3.73119559e+01
93.58063766 29.89581376 -44.27760786 3.68416820e+01
93.74667769 29.93275186 -43.55514476 3.74856450e+01
93.64846862 29.97108377 -44.63875644 3.70342521e+01
93.98008351 30.15191872 -44.27984674 3.83346410e+01
94.04666250 30.22990059 -44.64051822 3.86619152e+01
94.07835686 30.21788150 -44.28119848 3.86665617e+01
93.74907625 30.03449095 -44.63813960 3.74285357e+01
93.68164477 29.95842217 -44.27689604 3.72015141e+01
93.88126800 30.08660991 -44.27844254 3.79555632e+01
