79.91946870 29.56706119 -6.67080037 0.00000000e+00
88.45512951 28.01507665 -31.24877558 1.21961740e+00
78.42940013 31.19752830 -29.19359099 0.00000000e+00
77.04231493 31.80961019 -24.49948174 0.00000000e+00
75.14248996 33.89192345 -27.68513184 0.00000000e+00
84.92054474 29.94039002 -44.23023332 0.00000000e+00
87.43917449 28.11746557 -31.27967549 0.00000000e+00
84.45710667 27.76558301 -8.95686268 0.00000000e+00
78.08037156 32.41277009 -39.32270292 0.00000000e+00
75.33453199 34.61978808 -38.15580198 0.00000000e+00
85.86638425 29.46123153 -41.84423482 0.00000000e+00
81.89139061 28.48214915 -5.54653256 0.00000000e+00
75.00765832 33.31576715 -13.13651991 4.76878000e-01
78.96086298 29.72467226 -2.96901954 0.00000000e+00
74.67307171 32.93856981 -3.42980636 0.00000000e+00
81.03052842 28.48499222 -2.22194742 0.00000000e+00
85.46834063 27.51654715 -10.21083282 0.00000000e+00
74.45616147 33.20516829 -3.36797426 0.00000000e+00
77.13815423 33.44092999 -43.32730274 0.00000000e+00
86.24584052 27.53119369 -15.25021941 7.87751370e-01
87.15282747 27.36314302 -14.88658446 2.02633940e-01
85.76887420 27.47932393 -11.04925090 1.92421370e-04
89.05170365 26.99262572 -8.63714285 5.72080300e-02
89.80939835 28.46601909 -36.33185964 1.64984340e-01
90.04974099 27.63582302 -26.86982047 2.00758280e-01
75.05324999 33.39179144 -14.40221943 1.15906810e-01
91.88093875 27.50890413 -25.29043515 5.45137090e-01
86.70465630 28.48260255 -34.07026842 0.00000000e+00
85.51804602 29.65900591 -43.03817942 0.00000000e+00
90.42224501 29.15650901 -43.20608540 1.02238120e-02
90.66319548 28.01525149 -32.27736310 1.14873530e-01
89.07080576 28.59426268 -37.26852673 9.50246910e-01
89.80102180 27.95369183 -31.20042428 1.77063860e-01
75.93165564 34.22967256 -40.67213153 0.00000000e+00
78.01238101 32.61358134 -40.87690905 0.00000000e+00
77.66289691 33.03738041 -42.92546452 0.00000000e+00
81.75025163 31.12788904 -44.57229678 0.00000000e+00
76.82698855 33.30737727 -39.59150173 0.00000000e+00
76.87410894 32.98580719 -36.94623817 7.13535460e+00
74.88201072 35.49285984 -41.52440441 0.00000000e+00
74.82528219 35.68940455 -42.83071653 0.00000000e+00
74.65693667 35.93278420 -43.27024699 0.00000000e+00
81.47678379 31.22612010 -44.14347145 0.00000000e+00
77.64718458 32.92714945 -41.68702817 0.00000000e+00
87.83649411 28.88203416 -39.03670944 0.00000000e+00
77.23145400 33.09051884 -40.43360104 1.06964130e+01
78.34163893 32.30408014 -39.72834516 0.00000000e+00
79.53532824 31.74489457 -39.57717098 0.00000000e+00
84.60071452 29.04457141 -34.64408623 1.04804940e-01
80.18136786 30.64824451 -31.91581216 0.00000000e+00
74.99221465 34.06796471 -27.48651039 0.00000000e+00
76.50674993 33.52508816 -39.13707125 0.00000000e+00
83.12141101 30.10332067 -39.97192223 0.00000000e+00
76.13885546 33.77176146 -38.25794702 0.00000000e+00
76.86389187 33.15661391 -38.45129252 2.47125700e+00
76.49124372 33.45543155 -38.35439378 0.00000000e+00
79.34803372 31.47908726 -36.44444235 0.00000000e+00
74.92598878 35.22518307 -39.39021903 0.00000000e+00
75.01331626 35.38083024 -41.95284484 0.00000000e+00
75.22824975 34.87118877 -39.37973548 0.00000000e+00
76.19171656 33.84801268 -39.46859046 0.00000000e+00
76.56369955 32.73594008 -32.16155625 5.61944920e+00
75.41171154 33.50011901 -27.00215999 0.00000000e+00
82.95640097 29.25661587 -31.29401422 2.19245410e+00
76.59351645 31.77172068 -13.33142289 0.00000000e+00
74.65918928 34.38069500 -26.18282021 2.61259420e-01
75.39931997 34.28787179 -35.72538361 0.00000000e+00
74.87789181 33.42632559 -12.69830843 5.35100300e-01
74.56421667 35.91482833 -41.97668169 4.69948230e-02
75.25385486 32.98899666 -12.75074801 4.58265190e-03
80.63336711 29.27648418 -8.35492865 0.00000000e+00
77.76023972 30.85005660 -11.72464453 5.40242130e-01
74.38445019 34.67284607 -25.51727476 5.49701670e-01
76.86581345 31.44989452 -11.83597756 0.00000000e+00
74.64409721 33.10356034 -4.76532561 5.65991550e-03
77.65746705 30.15421906 -0.68077210 2.48670370e-01
74.86008564 33.31798645 -11.44364708 4.04324190e-01
75.97755472 31.65936805 -4.39913120 0.00000000e+00
77.53535550 30.71218436 -6.86720076 2.74663920e-02
77.65842605 30.91368795 -11.73673805 2.44024080e-01
76.02998793 32.11255662 -11.89832451 0.00000000e+00
77.47206119 31.15469274 -13.28087435 1.69897880e-01
80.10356464 29.92378372 -13.09418253 1.23437780e-03
75.70842258 32.54540488 -13.25199412 1.33723740e+00
82.77308930 28.63344253 -15.49746356 0.00000000e+00
75.37013017 33.28860567 -21.88913668 0.00000000e+00
78.03531333 31.04607771 -20.96813688 1.59402980e-01
75.23041152 34.04916152 -30.78378503 0.00000000e+00
82.93038243 29.60144553 -34.74078890 1.04264710e-01
76.65861297 33.19387410 -37.25406744 0.00000000e+00
76.78346545 32.72831454 -33.86013611 8.01287460e-03
81.67146855 29.93128439 -32.48253090 4.06224130e-03
82.82172277 29.52162831 -33.50908704 1.75825630e-01
79.82395262 30.86571495 -32.44040438 0.00000000e+00
82.03726796 29.66160963 -31.54046766 4.65126950e-03
82.25373266 29.46855206 -30.50205362 3.13833540e-03
87.07193388 28.45528937 -34.32793833 0.00000000e+00
79.85697855 30.81270394 -32.05079966 0.00000000e+00
84.57725679 28.64657950 -30.44454949 3.69763740e-01
83.08895973 28.77336306 -25.71561519 4.83962510e-01
87.75266429 27.54931818 -23.28020765 1.43872630e+00
80.62531088 29.03580860 -5.01878730 0.00000000e+00
92.35578245 28.01268075 -31.28675756 0.00000000e+00
83.06133735 27.89418304 -4.00231309 0.00000000e+00
89.90448507 27.16328490 -13.36270445 8.74635330e-02
87.39952291 27.25366055 -12.30068225 4.86389230e-01
91.15330958 26.76452162 -4.41295000 9.25254450e-01
80.71937331 28.75230096 -3.22398087 0.00000000e+00
85.25482926 27.24467656 -4.28856505 3.05575860e-05
92.35073866 27.30136338 -16.37572072 6.56122730e-01
87.98746628 27.43341523 -21.09647850 6.19957340e-02
88.68872834 27.01279256 -8.60756679 5.33174220e-02
93.42823692 27.89420785 -20.58698216 3.89711520e+00
90.86703498 26.91141936 -9.15330820 6.89045920e-01
88.54817737 27.73673597 -27.61336602 1.09560040e-02
88.56447568 27.53148111 -24.11855827 3.31026390e-02
87.20319047 28.23568160 -32.21352806 0.00000000e+00
91.51333958 27.88960891 -31.23519520 9.91087280e-02
88.15864231 28.78635546 -38.46585910 0.00000000e+00
77.44685110 32.49803302 -36.31601803 5.59598680e+00
86.46490640 28.72426432 -36.01976223 1.58092330e-03
81.17799318 30.39567139 -34.58707218 0.00000000e+00
86.47945941 28.39307016 -32.75779117 2.23294710e-03
82.84820685 29.58892734 -34.30337592 7.00809070e-02
85.35993740 29.17528821 -37.89405931 0.00000000e+00
83.99701632 29.78954853 -39.72965194 9.12981340e-02
78.28932216 32.05541544 -37.16222199 0.00000000e+00
77.17077771 33.01224073 -39.25900016 2.58523780e+00
80.34791473 31.01805259 -36.35735737 0.00000000e+00
81.78279076 29.88258456 -32.55371769 3.80518080e-03
79.89500955 31.17349409 -35.80663122 0.00000000e+00
81.23659195 30.27862807 -33.72536261 0.00000000e+00
83.01949948 30.47583481 -43.42767522 0.00000000e+00
77.36236900 33.24117204 -42.91784961 9.36843580e-03
81.53275820 31.23838666 -44.57124250 0.00000000e+00
76.90824100 33.73518515 -44.57814259 0.00000000e+00
78.81913665 32.26792846 -41.77774908 0.00000000e+00
80.99385227 31.16089093 -40.82498006 0.00000000e+00
81.00042331 31.03490925 -39.61217899 0.00000000e+00
83.72547146 29.69133447 -38.03988162 4.43567160e-01
85.63722841 29.62867630 -43.03316586 0.00000000e+00
82.46473434 30.52689742 -41.74028316 0.00000000e+00
89.51910298 28.81751925 -39.37887274 1.04203060e-02
93.41906621 27.38455146 -3.11190221 3.90917440e+00
93.90427196 28.62897193 -29.54540000 1.00310150e-01
93.54177202 28.46585016 -30.39529948 0.00000000e+00
75.54898206 34.76614611 -41.93884260 0.00000000e+00
76.10177759 34.44107903 -44.56252186 0.00000000e+00
74.56600339 35.39758622 -36.98962893 1.10076430e-01
76.81363365 33.80933226 -44.57783870 0.00000000e+00
75.84975574 34.31397231 -40.66391716 0.00000000e+00
74.67056435 35.48679792 -39.00521592 0.00000000e+00
75.22238037 35.00742060 -40.64276284 0.00000000e+00
74.52861449 35.52853223 -37.75875919 4.68192320e-01
75.15223016 34.95937417 -39.38118167 0.00000000e+00
75.12563786 34.81777721 -37.75120160 0.00000000e+00
75.27163412 34.77804460 -38.97170080 0.00000000e+00
75.69501848 34.34920527 -39.39651411 0.00000000e+00
75.68872941 34.48450631 -40.65220496 0.00000000e+00
76.06882254 33.92340175 -39.04125725 0.00000000e+00
78.45036140 32.24700634 -39.74643651 0.00000000e+00
76.70083038 33.24236290 -38.02797871 0.00000000e+00
79.95453801 31.37244343 -37.86833693 0.00000000e+00
77.25266512 32.87355343 -38.51424350 2.37092300e+00
77.36847385 32.87380383 -39.27717614 9.54311090e+00
76.74839774 33.45074870 -40.37783460 0.00000000e+00
75.72733139 34.52873674 -41.51306292 0.00000000e+00
78.11687706 32.55063150 -40.88228934 0.00000000e+00
75.88559137 34.53275190 -43.25108997 0.00000000e+00
79.40605929 32.13937635 -43.02961965 0.00000000e+00
78.68852516 32.48317422 -43.37318373 0.00000000e+00
78.13224537 32.66118927 -42.10969707 0.00000000e+00
75.74536292 34.63795238 -42.81351248 0.00000000e+00
78.83357725 32.37797352 -42.98297251 0.00000000e+00
79.27775388 32.07736742 -41.83491949 0.00000000e+00
78.53761171 32.67477932 -44.58956647 0.00000000e+00
79.97292144 31.89368929 -43.04610430 0.00000000e+00
80.58383994 31.50946784 -42.18736087 0.00000000e+00
81.02389411 31.10307417 -40.39547028 0.00000000e+00
85.36321455 29.73804345 -43.43924786 0.00000000e+00
84.81012088 29.86323245 -43.08039263 0.00000000e+00
82.36488363 30.68509966 -42.94140970 0.00000000e+00
86.44058451 28.94810376 -37.98819107 9.19331000e-04
80.84311277 31.08591657 -39.31402444 0.00000000e+00
80.91863689 31.16331604 -40.43507724 0.00000000e+00
92.94458128 29.34733907 -42.11588424 0.00000000e+00
81.23746779 30.77579073 -38.40110622 0.00000000e+00
77.51348979 32.81530428 -39.66226200 1.72166000e-01
77.33597044 32.69459326 -37.40767041 6.51357060e+00
80.21824400 31.31820205 -38.50855798 0.00000000e+00
80.05971966 31.62547624 -40.68875026 0.00000000e+00
80.52819144 31.26663832 -39.46055650 0.00000000e+00
81.05797638 30.83793875 -38.09581410 0.00000000e+00
78.89910502 32.04008368 -39.83153083 0.00000000e+00
79.57535712 31.87963767 -41.07690495 0.00000000e+00
79.98658488 31.54668820 -39.59157256 0.00000000e+00
78.04196387 32.55559507 -40.47030795 0.00000000e+00
79.47468927 31.80763087 -39.92520349 0.00000000e+00
78.73980864 31.52713551 -34.42921523 0.00000000e+00
79.69255010 31.11265665 -34.36132943 0.00000000e+00
79.70455651 31.22071256 -35.46646093 0.00000000e+00
80.41996271 30.78263132 -34.48319168 0.00000000e+00
89.93048773 28.56389482 -37.24221391 1.79754860e-01
84.94757966 28.92966147 -34.55487104 3.94110160e-03
78.47669184 31.48816498 -32.66024085 0.00000000e+00
79.19992359 31.34627249 -34.63622184 0.00000000e+00
81.58728641 30.05253220 -33.28851856 2.05883000e-02
82.58752885 29.59378198 -33.31004733 7.84314600e-03
82.52641904 29.57470080 -32.85527120 1.23190520e-02
82.61397661 29.66186545 -34.12389044 7.81772520e-04
81.68181280 30.17250006 -34.97943489 1.80608900e-02
81.71327954 30.11708512 -34.59017767 1.82292880e-02
87.92828655 28.08631025 -31.51041196 1.23787830e-03
81.28086337 29.83791216 -27.68278979 1.24462000e-01
83.94535858 28.70755529 -28.74105186 4.16674090e-02
79.48573750 31.00885885 -32.40770776 0.00000000e+00
80.96132662 30.19793298 -31.40334321 5.05025730e-02
81.47966204 29.89882113 -31.14393771 7.56049080e-03
82.49991198 29.50613023 -32.03570895 2.07826620e-02
81.56155150 29.98243330 -32.43453916 2.02190320e-02
81.04644643 30.01945204 -29.16615233 4.08784340e-01
80.88973729 30.20325357 -31.06927863 8.83774140e-02
80.03129887 30.65171607 -31.22340824 0.00000000e+00
81.79509592 29.63422512 -29.68143610 5.68169180e-03
78.78199962 31.16262861 -30.88364876 0.00000000e+00
80.87492056 30.08971988 -28.49674403 8.71529260e-01
75.49002677 33.41411123 -27.10791833 0.00000000e+00
78.48999601 31.36471884 -31.46444859 0.00000000e+00
80.54455267 30.11134736 -23.53909608 2.36619260e+00
78.04326033 31.47826667 -29.90094190 0.00000000e+00
78.23975162 31.52801896 -31.71318604 0.00000000e+00
78.76847519 31.05252726 -29.52288087 0.00000000e+00
77.63233991 31.73190392 -29.82341758 1.20990720e-01
78.36528460 31.30651747 -30.11348857 0.00000000e+00
78.27079975 31.47222209 -31.32330289 0.00000000e+00
79.39303373 30.89396769 -30.83667056 0.00000000e+00
78.02256159 31.96850973 -34.89341227 0.00000000e+00
78.78703355 31.58474956 -35.20931520 0.00000000e+00
78.56910233 31.36789412 -31.92127431 0.00000000e+00
77.98955153 31.78865885 -32.85562142 0.00000000e+00
77.54711940 32.43071504 -36.32752558 2.82667410e-01
76.29529437 33.50163362 -37.12951979 0.00000000e+00
76.21587272 33.44814984 -35.94207248 0.00000000e+00
78.31015702 31.84653560 -35.35780977 0.00000000e+00
76.61145792 32.98519646 -34.96306347 4.16893800e-01
79.21440455 31.22686761 -33.47693908 0.00000000e+00
77.80115171 31.98457439 -33.65085197 0.00000000e+00
81.08543946 30.20234631 -32.12338893 2.88794260e-03
76.66739291 32.53149706 -31.03942224 0.00000000e+00
74.51059920 35.42147599 -36.47096404 6.74718230e-01
75.37180180 33.63044690 -28.00404845 0.00000000e+00
75.51041603 33.34912903 -26.58863766 0.00000000e+00
74.95535843 34.02522005 -26.46323660 0.00000000e+00
74.49344660 34.79766410 -28.24915951 8.14414920e-01
75.41787921 33.36452841 -25.06256497 0.00000000e+00
74.54878448 34.60112976 -26.99129266 8.54738880e-01
74.51240580 34.55935853 -26.05520896 8.42885370e-01
76.36044739 32.20159208 -19.27493940 0.00000000e+00
75.30666046 33.44553795 -24.00128899 0.00000000e+00
77.45087753 31.36940128 -18.19172840 3.69973820e-01
75.57570206 33.19351385 -25.30493106 0.00000000e+00
80.89117705 29.70682221 -16.74976649 9.29794150e-01
77.66689300 31.34872669 -23.54420298 1.41022570e+00
79.30980484 30.47218076 -20.13573522 4.67285850e+00
77.68981423 31.61458891 -28.78094460 5.83395170e-02
76.65123248 32.42139739 -29.65930290 0.00000000e+00
82.59143246 29.24903571 -29.62686767 1.67906890e+00
80.98442412 29.76834740 -20.09391128 1.42810940e+00
78.15598982 31.09877467 -25.17877046 0.00000000e+00
80.98936032 29.64036156 -16.48802351 1.11560610e+00
77.62330935 31.29657988 -20.30357732 4.43036390e+00
80.20349353 30.17325780 -20.59908444 4.83829670e+00
77.18747062 31.18523282 -11.29612966 0.00000000e+00
75.40886425 32.81715418 -12.77096014 5.85455020e-02
77.40065542 31.16189827 -12.78131298 1.68344880e-02
75.80559457 32.53343053 -14.21208194 1.46895030e+00
76.58848203 31.53121623 -10.25665489 0.00000000e+00
75.00887734 33.14166645 -11.45170927 7.62892010e-01
75.37244214 33.11433793 -16.36659510 0.00000000e+00
74.42157851 33.85223975 -11.40393241 6.45319050e-01
75.03593319 33.80056723 -24.56497206 0.00000000e+00
75.62073318 33.10324676 -24.58025630 0.00000000e+00
76.53111496 31.45246916 -8.22329148 0.00000000e+00
76.26782879 31.74214286 -9.72954369 0.00000000e+00
76.21703036 31.82564724 -10.33978034 0.00000000e+00
74.37900608 33.77555957 -10.05055004 3.32577200e-01
77.13853880 30.97730831 -7.15410507 0.00000000e+00
74.22332994 33.71074086 -5.96494151 2.25505990e-02
74.71143244 33.15131008 -6.65419502 1.05305580e-01
74.37241644 34.60162105 -23.93192056 5.38464840e-01
75.83838014 31.66081692 -3.19376687 0.00000000e+00
74.36603895 34.73837935 -25.94786751 5.51527040e-01
75.17616624 32.21687121 -1.61496393 8.92209910e-02
74.89404897 32.49974752 -0.85991088 0.00000000e+00
74.43841807 33.09753402 -1.57802401 0.00000000e+00
78.78647962 30.01164785 -5.40732053 0.00000000e+00
75.31835152 32.31651495 -4.58609832 1.88403210e-01
76.08077766 31.65191993 -5.42528719 0.00000000e+00
76.11595197 31.49767169 -4.01515242 0.00000000e+00
76.91521001 31.17259069 -8.08457486 0.00000000e+00
74.93425918 33.22967945 -11.44799686 4.85373580e-01
76.12722472 31.90209861 -10.36139393 0.00000000e+00
74.33708553 33.87061742 -10.51654247 3.32756460e-01
77.17111676 31.11594464 -10.13461056 0.00000000e+00
80.33268009 29.42315195 -8.00794970 0.00000000e+00
76.81816305 31.24143719 -8.11997820 0.00000000e+00
75.42164226 32.54656659 -9.99369003 1.39957730e+00
75.74498413 32.21294184 -9.90470505 6.86322440e-03
75.40770261 32.47610020 -8.71984565 1.23138670e+00
81.11748406 28.80765261 -5.29461859 0.00000000e+00
80.92807949 28.67882871 -3.59887975 0.00000000e+00
79.37696682 29.92015198 -8.00376484 0.00000000e+00
75.81983258 31.88806083 -5.52236169 0.00000000e+00
80.19626169 29.12550281 -2.93319973 0.00000000e+00
79.71742742 29.55444404 -4.89629213 0.00000000e+00
80.38387069 28.98482578 -2.94253896 0.00000000e+00
78.67111307 30.05286297 -5.30006279 0.00000000e+00
79.34201119 29.55686498 -2.89145713 0.00000000e+00
77.96963302 30.21061931 -3.69815924 0.00000000e+00
78.27581035 29.97982368 -2.84158897 0.00000000e+00
78.60155779 29.73332166 -1.22683335 0.00000000e+00
80.64033759 28.64987335 -0.83511570 0.00000000e+00
80.47473855 28.91162748 -2.95775742 0.00000000e+00
80.65430262 28.76333202 -2.98849179 0.00000000e+00
81.51992566 28.16409617 -1.19153203 0.00000000e+00
87.25235963 26.97909920 -5.00401915 1.51739800e-03
86.14422938 27.09587017 -4.63204057 1.02789840e-03
81.61276552 28.49304531 -4.47739090 0.00000000e+00
82.23366224 28.08302568 -3.52467912 0.00000000e+00
81.07327240 28.75105657 -4.52741481 0.00000000e+00
81.42068540 28.52831417 -4.16662310 0.00000000e+00
80.63907522 29.14868540 -6.55436173 0.00000000e+00
81.07780902 28.62267876 -3.72919592 0.00000000e+00
81.07351958 29.46067182 -14.07433660 2.16079660e-01
87.50952936 27.56071892 -22.97020092 1.31106960e-01
88.55114620 27.63443076 -26.00863409 1.95057070e-02
83.24402476 28.50994337 -17.57819786 1.37271950e-02
79.63292292 30.27069869 -16.21899830 1.20125910e+00
83.04433777 28.52613304 -15.42098024 0.00000000e+00
79.73376820 29.84929669 -9.50755407 0.00000000e+00
78.81836319 30.19117520 -9.10569221 0.00000000e+00
77.53420204 31.23417324 -15.40213139 2.41063900e-01
81.86903751 28.84553715 -11.54200686 1.05588150e-02
80.29356060 30.00105075 -16.08050701 7.11375820e-01
77.25179387 31.50342621 -18.13524980 0.00000000e+00
78.66043319 30.36397826 -11.16951346 0.00000000e+00
78.52736355 30.33897091 -9.78864818 0.00000000e+00
79.50509798 30.43559292 -21.36731453 4.72647090e+00
78.18697638 31.04291473 -24.29187680 0.00000000e+00
80.30545300 30.11072623 -19.93197565 4.09512050e+00
78.28221001 31.11215459 -26.80662043 0.00000000e+00
80.57325357 29.97151267 -19.53483425 1.59246020e+00
81.06094714 29.63551066 -17.55484468 1.56710280e+00
80.49562426 30.10455004 -22.62149268 2.33370290e+00
81.70137606 29.30746265 -19.21887887 3.36716080e+00
80.78831319 29.90196170 -20.82470566 1.16780360e+00
85.99887694 28.00345885 -26.46552621 1.98457120e-01
80.83789271 29.90877640 -21.79760583 1.27957000e+00
88.35038702 27.81807025 -28.68390562 3.59027850e-01
79.23089612 30.87929792 -29.82973103 0.00000000e+00
83.12697279 28.94811706 -28.38673694 8.24715080e-01
82.27721941 29.11116179 -24.24385963 2.50192120e+00
90.17811043 27.73254769 -28.54088519 1.60638410e-01
86.14680374 27.83547402 -23.92973490 1.96574120e+00
83.13571364 28.83460158 -26.92609288 6.91819690e-01
86.26840233 27.82401553 -24.21454434 5.97990880e-01
83.20671900 28.74117991 -26.02207479 6.16209910e-01
86.35284768 27.85418873 -25.10905424 1.07839720e-01
85.67723559 28.02867623 -25.70329278 5.67144230e-03
83.36194169 28.88191433 -28.58037819 6.06282510e-01
90.74833987 27.73732022 -29.12262362 2.65812950e-01
87.98520345 27.84318386 -28.60122720 5.35410890e-01
86.39990557 27.92406207 -26.48701971 4.11171240e-02
83.18916687 28.96771341 -28.93507872 8.57365230e-01
89.04292369 27.81160124 -29.14019428 5.48723550e-03
88.22867503 27.82651498 -28.67205254 1.18966030e+00
87.37583450 27.87789082 -28.11800596 0.00000000e+00
90.98633234 27.52106024 -25.82260279 4.82243150e-01
88.96660711 27.47431829 -23.08992162 4.96621410e-03
88.58624374 27.70025371 -27.07248419 1.07452600e-02
87.85522310 27.74892531 -26.99366689 3.86221060e-01
82.33636283 28.70887937 -12.85785160 6.85913390e-04
90.86585245 27.21892327 -18.09318485 5.14514910e-01
87.38396812 27.66949343 -24.83717441 4.85326220e-03
84.37932798 28.49272476 -27.54808143 2.16106720e-01
83.09780343 28.66002571 -22.54856544 2.00283200e-01
84.74707984 28.21728654 -24.54766295 7.33941560e-01
85.44347898 28.09265744 -25.83579939 1.07968230e-02
84.60818018 28.41428821 -27.37856036 2.80405520e-01
83.24226384 28.69451991 -25.56420400 5.76039710e-01
81.74729946 29.00760949 -13.15809450 7.09407850e-02
79.13565333 30.30809147 -12.99455211 0.00000000e+00
85.58434947 27.48401011 -10.16716245 0.00000000e+00
82.71649541 28.27337449 -7.29914533 0.00000000e+00
85.58916828 27.36913068 -7.78094107 0.00000000e+00
83.15273621 28.20266854 -8.61480377 0.00000000e+00
87.39078166 27.15020800 -9.69106705 2.30974120e-02
83.42244918 28.09407259 -8.36967209 0.00000000e+00
88.23966233 27.11074540 -10.61633566 0.00000000e+00
82.94126106 28.10786955 -5.94594908 0.00000000e+00
84.97528883 27.49860583 -7.12585852 0.00000000e+00
83.41271877 27.80389415 -4.23438446 0.00000000e+00
87.48556079 26.87255078 -2.22175893 0.00000000e+00
87.84850947 26.86072390 -2.05297067 6.39618570e-04
88.61067197 26.77937243 -1.03927167 1.03342060e-01
90.67053642 26.78436965 -4.33352841 8.31923120e-01
86.55421783 26.83312749 -0.97548007 4.15433230e-02
83.08813008 27.96132191 -4.78513129 0.00000000e+00
86.39596619 26.86866540 -1.63787445 2.54561940e-03
84.21766534 27.55533360 -4.37340927 0.00000000e+00
89.46170584 26.94115154 -7.43057278 1.78061690e-01
82.47044730 28.02961793 -3.63615128 0.00000000e+00
84.34381652 27.80572659 -8.96534227 0.00000000e+00
89.94137312 27.23014341 -15.91981884 1.94249960e-01
87.74430816 27.44694929 -20.97813215 9.74997740e-01
78.47527979 30.32152883 -8.99257928 0.00000000e+00
90.06258393 27.22490546 -15.96450632 2.15879770e-01
88.07449221 27.35985281 -18.34063312 2.54410110e-02
92.23163195 26.96448920 -6.78244392 2.63249850e-01
88.72396007 27.07877438 -10.51845573 8.68553970e-02
93.82559055 28.04050883 -17.05083813 6.05327230e+00
89.94263444 27.12750693 -12.72887249 1.12690710e-01
90.78389513 26.98370785 -11.11496022 4.97641420e-01
90.14127868 26.94775709 -8.93394825 5.36583560e-01
85.45267113 27.10375377 -3.08934269 6.36262360e-05
85.81494919 27.20735164 -5.51632036 2.73485340e-05
89.42547142 26.87421657 -5.14097657 5.87937590e-01
88.37712559 26.89730637 -3.96222993 5.08782160e-03
88.61834171 26.88105318 -4.13610933 5.24151090e-03
90.90617703 26.67048705 -1.11609907 1.09187030e+00
89.53599982 26.97249528 -8.69210646 1.04480580e-01
91.39490809 26.76266703 -4.45030025 9.28547940e-01
92.22624117 26.75931923 -1.07550445 4.61344470e-01
90.67003124 26.88692072 -7.74297392 7.75521400e-01
92.64687117 27.13251621 -7.03439147 9.25882690e-01
91.95752136 26.84070724 -5.23754823 4.75909930e-01
93.89152819 28.11711694 -18.43332310 6.20641790e+00
90.86658968 27.01393060 -11.73844938 4.80995930e-01
91.87323782 26.99847107 -10.79710624 8.85728980e-01
92.42186595 27.05245696 -7.52491125 3.07918270e-01
91.03239800 26.87048391 -7.81339654 7.58033240e-01
90.42851192 26.89943773 -7.66938939 7.74571550e-01
93.72877569 28.07900179 -20.60924140 5.41254710e+00
93.88448834 27.81008004 -6.73653002 3.24977130e+00
93.20613356 28.50695218 -32.87017889 0.00000000e+00
93.22324714 27.77731505 -20.58713604 2.71150340e+00
90.86538907 27.32144050 -21.58476225 7.17008610e-01
93.49674848 27.96865046 -21.42439186 3.93098160e+00
90.74231605 27.63510306 -27.47858501 3.43762980e-01
93.50128474 28.17285268 -25.89607478 5.62588210e-01
89.92779781 27.64101784 -26.86097876 2.04702230e-01
89.93730610 27.53804669 -25.10393797 2.31502500e-01
88.95191355 27.67953843 -26.96261870 1.56486000e-03
89.77889762 27.47598883 -23.72447449 2.39282040e-01
87.69540653 27.79254470 -27.39800853 9.72177250e-03
93.60025503 28.13259944 -23.87053804 2.85430670e+00
88.66999218 27.72908695 -27.58864029 8.41979240e-03
89.20747451 27.56580729 -25.15150357 1.86387700e-03
87.58189225 27.90203734 -28.85208360 0.00000000e+00
91.22976623 27.82074294 -30.47362868 1.95385190e-01
91.59637950 27.82454687 -30.48539086 3.15366790e-01
90.61916812 27.84668205 -30.45638722 1.69983600e-01
91.35200220 27.81942881 -30.47702130 1.90262310e-01
92.07886393 27.67615153 -27.53482362 5.41109940e-02
90.62452882 28.05151238 -32.63267380 1.12890310e-01
92.11690765 27.64979512 -26.98914491 4.52500040e-02
91.87707413 27.61037098 -26.98197839 4.75461580e-01
93.19394978 27.99658586 -25.87223385 5.16058980e-03
91.15721898 28.50500719 -37.25367681 1.23184100e-01
92.69726286 27.92824050 -28.67440297 0.00000000e+00
93.93866192 28.71872934 -30.49574501 1.78008290e-02
93.78197869 27.54170486 -1.65133775 2.24520210e+00
90.78366478 28.31649633 -35.41541752 6.93621850e-02
81.94964887 29.77457404 -32.27901501 3.80455050e-03
87.12756676 28.31050352 -32.89316876 0.00000000e+00
90.50864016 28.16030058 -33.69930018 5.85477400e-02
90.62230740 28.35931296 -35.71703462 4.42989630e-02
91.84708771 28.25183474 -34.84168636 6.96847790e-02
92.02386439 29.15685874 -43.20814135 0.00000000e+00
92.44671649 28.68100638 -37.61820067 0.00000000e+00
89.39141188 28.61688656 -37.56019094 4.59151150e-01
92.48531450 28.55854295 -36.44326244 0.00000000e+00
90.54476107 28.43188292 -36.32552969 3.65388650e-02
90.75091263 28.45493994 -36.63294688 7.37116140e-02
92.45303111 28.88531946 -39.39741954 0.00000000e+00
94.00469703 28.79613206 -30.86859146 2.12179600e-02
88.20470916 28.85088602 -39.07938527 0.00000000e+00
87.10019275 28.94850818 -38.86748391 0.00000000e+00
84.22906405 29.49618884 -37.72615833 7.93054810e-01
88.45727092 28.62749155 -37.27096556 1.02283070e-03
88.19701832 28.74914914 -38.16492174 0.00000000e+00
91.27998920 28.50206528 -37.25864594 5.84073620e-02
88.31990165 28.73962474 -38.17511635 0.00000000e+00
93.42479135 29.13330323 -37.65171120 0.00000000e+00
88.95075452 28.49721567 -36.36290727 1.58431250e+00
88.21218076 28.64560807 -37.25310374 0.00000000e+00
88.70558070 28.50972056 -36.36667384 4.46735370e-01
90.54395603 28.53449999 -37.23952859 7.75817180e-02
89.40235339 28.10456400 -32.64467356 4.61403900e-01
92.01018011 28.13846521 -33.43987781 4.68458660e-02
88.92055590 28.22611058 -33.74543869 8.79745170e-01
89.16491802 28.21558955 -33.73252281 7.04223700e-01
85.66255544 28.37360671 -30.81778426 3.12070350e-01
86.59193629 28.27437270 -31.71264645 2.38760880e-03
86.83144384 28.68776693 -36.20646332 0.00000000e+00
88.33470662 28.63629119 -37.26393084 0.00000000e+00
89.08105290 28.18487319 -33.37893917 5.00672240e-01
84.36668484 28.93802074 -32.80897578 6.03770160e-01
84.03501107 28.78903451 -30.15276258 2.30799320e-02
84.35681788 28.83107751 -31.67523710 4.61771020e-01
82.56321726 29.94719273 -36.62768509 0.00000000e+00
85.60122022 28.99502583 -36.83469099 4.95218910e-03
83.66992295 29.34160704 -34.66273357 4.80035150e-01
84.79673472 29.01660002 -34.96475803 5.53285280e-03
83.29154656 29.78869731 -37.62718086 1.62932170e-02
85.50422734 28.90785291 -35.83110022 1.63485470e-02
84.81143319 29.30810690 -37.66524033 1.82830500e-04
86.96856558 28.85428764 -37.86814629 0.00000000e+00
84.00542841 29.67703186 -38.71898027 7.37539310e-01
85.24261515 29.21001183 -37.91833780 0.00000000e+00
86.56288783 28.93289639 -38.03472315 0.00000000e+00
87.05811674 28.77507123 -37.26714409 0.00000000e+00
87.35460511 28.71506092 -37.06289436 0.00000000e+00
85.37028478 29.28518343 -38.91045060 0.00000000e+00
87.05339463 28.88195948 -38.21744691 0.00000000e+00
87.47714912 28.70512158 -37.10275779 0.00000000e+00
87.54461792 28.83837352 -38.36248451 0.00000000e+00
86.32843838 29.07475756 -38.94784511 9.66459670e-04
88.07416438 28.75907611 -38.15135427 0.00000000e+00
86.97753768 28.96048024 -38.82930680 0.00000000e+00
83.46435433 30.10442617 -41.15494226 0.00000000e+00
85.23467265 29.66179979 -42.27778515 0.00000000e+00
87.09554436 29.05542198 -39.84485608 0.00000000e+00
81.12932373 31.04313986 -40.36181986 0.00000000e+00
86.91625341 29.21775137 -41.23586968 0.00000000e+00
83.82695031 30.09975065 -42.32882434 0.00000000e+00
85.04444084 29.23374708 -37.62142493 0.00000000e+00
81.36801339 30.78645601 -39.12900227 0.00000000e+00
83.47510276 30.21185075 -42.30817782 0.00000000e+00
81.88617300 30.93815072 -43.29973416 0.00000000e+00
83.50151539 29.87124417 -39.00679042 0.00000000e+00
81.10531611 30.97453340 -39.57291771 0.00000000e+00
83.38246853 30.09356725 -40.75959752 0.00000000e+00
83.24097154 30.28812017 -42.28245454 0.00000000e+00
85.24489894 29.77103722 -43.44466505 0.00000000e+00
83.72001623 30.24390931 -43.47096516 0.00000000e+00
83.17069660 30.38631534 -43.05100277 0.00000000e+00
83.48584310 30.31928545 -43.46192400 0.00000000e+00
83.10704848 30.55823312 -44.60884961 0.00000000e+00
89.06118889 29.30974263 -44.28599291 0.00000000e+00
84.39707174 30.13924378 -44.61880034 0.00000000e+00
90.53932816 29.04762957 -42.13037083 6.64969210e-02
86.32383096 29.52223335 -43.43982368 0.00000000e+00
91.73445887 29.05665729 -42.49685440 0.00000000e+00
86.42602943 29.61624368 -44.61156159 0.00000000e+00
89.55596016 29.29420683 -44.28337949 0.00000000e+00
89.67964463 29.29038117 -44.28294804 0.00000000e+00
91.40938827 29.21656873 -44.28486316 0.00000000e+00
89.13615294 29.34110948 -44.64276075 0.00000000e+00
91.77990830 29.22984835 -44.28569833 0.00000000e+00
91.90279844 29.24182730 -44.28537902 0.00000000e+00
90.41919072 28.74632856 -39.06689347 1.82313720e-01
88.81618580 28.91206040 -40.04004879 3.93862990e-03
91.12303777 29.15468181 -43.56751758 2.18998970e-04
87.21830488 29.04314261 -39.87553559 0.00000000e+00
92.25442473 28.99935300 -41.05868821 0.00000000e+00
89.55785673 28.78213638 -39.07418138 2.89103480e-02
89.43248164 28.88852300 -40.02384991 3.51738130e-03
93.97344484 29.94704015 -42.11946306 0.00000000e+00
94.04014634 30.02507093 -42.48131580 0.00000000e+00
93.67490733 29.75368464 -42.11699777 0.00000000e+00
87.17948925 29.40085022 -43.51516592 0.00000000e+00
93.05962178 29.60417724 -44.27450524 0.00000000e+00
93.87994214 27.60532095 -1.63592952 2.28450270e+00
92.46108946 29.39309214 -44.63900766 0.00000000e+00
92.69202296 29.37297945 -43.55782442 0.00000000e+00
93.37579534 29.77424710 -44.27575914 0.00000000e+00
93.94513748 30.06189368 -43.55860814 0.00000000e+00
92.84155536 29.50195872 -44.27503926 0.00000000e+00
93.94169618 29.95937984 -42.47862856 0.00000000e+00
93.77873057 29.91985365 -43.19628328 0.00000000e+00
92.50153757 29.37232613 -44.27728052 0.00000000e+00
74.81895692 35.82600216 -44.13198424 0.00000000e+00
75.05058900 35.42330851 -42.82191034 0.00000000e+00
74.62545326 36.09902429 -44.56771961 0.00000000e+00
75.34881129 35.20716822 -44.12262674 0.00000000e+00
75.64562280 34.78873989 -43.24371722 0.00000000e+00
75.38202618 35.21239855 -44.56052964 0.00000000e+00
75.61535940 34.95081014 -44.55937123 0.00000000e+00
75.58716978 34.80992695 -42.80737559 0.00000000e+00
75.56904534 34.70094418 -41.50663735 0.00000000e+00
76.32857125 34.05691106 -42.84132021 0.00000000e+00
76.01838289 34.52440274 -44.56199455 0.00000000e+00
75.48928695 34.96186345 -43.24137844 0.00000000e+00
75.19607823 35.38303240 -44.12713674 0.00000000e+00
75.41200407 35.04901503 -43.24245191 0.00000000e+00
75.35467493 35.07109859 -42.80678880 0.00000000e+00
75.39380120 34.94033370 -41.93609314 0.00000000e+00
75.03152860 35.48878936 -43.25820055 0.00000000e+00
74.88127290 35.66605003 -43.26261792 0.00000000e+00
75.10793935 35.22677956 -41.51360457 0.00000000e+00
74.78823237 35.64737756 -41.96462580 0.00000000e+00
75.04430336 35.04247015 -38.97544018 0.00000000e+00
74.73234473 35.67095403 -41.53369969 0.00000000e+00
75.00113610 35.13639391 -39.38575215 0.00000000e+00
74.65766297 35.76013634 -41.53838605 0.00000000e+00
74.91991779 35.36172782 -40.65832115 0.00000000e+00
75.18377387 35.13845447 -41.50676131 0.00000000e+00
75.08975153 35.11861526 -40.21952605 0.00000000e+00
74.74498541 35.39768175 -38.99793842 0.00000000e+00
74.71422413 35.56356562 -40.24312862 0.00000000e+00
74.77635967 35.40323802 -39.40199365 0.00000000e+00
74.86331172 35.04094748 -36.95175565 0.00000000e+00
75.30465769 34.78326515 -39.37949133 0.00000000e+00
75.11974834 34.95410169 -38.97324380 0.00000000e+00
76.31908428 33.43868565 -36.75163737 0.00000000e+00
75.27749694 34.64191821 -37.74726636 0.00000000e+00
75.76880779 34.39893924 -40.65775331 0.00000000e+00
76.24012721 33.76099671 -39.08098813 0.00000000e+00
75.47110792 34.85305094 -41.93739691 0.00000000e+00
75.53086658 34.65719830 -40.64524628 0.00000000e+00
77.14914804 33.27072980 -41.66658305 6.92324380e+00
76.67166889 33.63571314 -41.61434414 0.00000000e+00
75.78677676 34.50823437 -41.94965390 0.00000000e+00
76.03658023 34.08189194 -40.26265733 0.00000000e+00
75.03238182 35.31529803 -41.51800639 0.00000000e+00
75.14633398 35.09569844 -40.64539511 0.00000000e+00
76.37559287 33.93064323 -41.99663031 0.00000000e+00
76.72265052 33.51228754 -40.78921442 0.00000000e+00
77.05168035 33.34178007 -41.65715641 5.39560370e-02
76.63913416 33.45630313 -39.55739700 0.00000000e+00
75.97103650 34.27474479 -41.52967269 0.00000000e+00
76.27047874 33.90067340 -40.72050125 0.00000000e+00
76.20681718 33.91788844 -40.28913567 0.00000000e+00
76.60774014 33.31720798 -37.99967333 0.00000000e+00
76.07629092 33.78950007 -37.84053793 0.00000000e+00
75.66021189 34.34382916 -38.98583893 0.00000000e+00
76.94365987 32.97452015 -37.33947015 2.95341630e+00
76.31246243 33.61149392 -38.30606990 0.00000000e+00
76.16163102 33.70817671 -37.86669941 0.00000000e+00
75.64600971 34.27345332 -38.17515288 0.00000000e+00
76.79504760 33.16857066 -38.05611047 1.76146490e-01
77.23686340 32.76344817 -37.39322068 2.95514790e-01
79.66309840 31.57800441 -38.55126551 0.00000000e+00
77.37958480 32.74524408 -38.15644284 9.23111030e+00
78.23438706 32.36320513 -39.71261778 0.00000000e+00
77.61421463 32.74795706 -39.66828402 1.33373770e-02
77.71553731 32.68132231 -39.67176978 0.00000000e+00
77.30274508 33.08081999 -40.84919619 1.05351280e+01
77.12195552 33.33097463 -42.07862403 1.58980110e+00
79.11504708 32.06664468 -41.02289867 0.00000000e+00
77.71996869 32.91944453 -42.10116413 0.00000000e+00
79.23035251 32.02014919 -41.03861834 0.00000000e+00
77.20389920 33.15050380 -40.84387307 1.03114380e+01
77.02480557 33.40230392 -42.07023626 0.00000000e+00
77.82182510 32.85339974 -42.10127978 0.00000000e+00
76.73934269 33.62219745 -42.04057296 0.00000000e+00
77.46194075 33.17254588 -42.92016417 0.00000000e+00
78.49934927 32.53703061 -42.94989669 0.00000000e+00
76.97147749 33.52365132 -42.89950627 0.00000000e+00
77.61874196 32.98624408 -42.09733995 0.00000000e+00
76.46458854 33.85188018 -42.00712494 0.00000000e+00
76.18633404 34.35860257 -44.56344037 0.00000000e+00
76.28788104 34.01044399 -41.98609158 0.00000000e+00
76.47177243 33.67938175 -40.33267195 0.00000000e+00
76.68848713 33.74559900 -42.87641218 0.00000000e+00
76.67907319 33.87695763 -44.14550814 0.00000000e+00
76.03231618 34.25568113 -41.96483131 0.00000000e+00
76.13394029 34.28264417 -43.25878916 0.00000000e+00
76.30532332 34.12019763 -43.26815706 0.00000000e+00
76.15627836 34.21875902 -42.83061696 0.00000000e+00
76.75607954 33.73208756 -43.30330827 0.00000000e+00
76.77198834 33.80150671 -44.15120199 0.00000000e+00
77.10075357 33.59006067 -44.58218083 0.00000000e+00
77.63449375 33.09644270 -43.33750288 0.00000000e+00
77.90195380 33.04279280 -44.58482257 0.00000000e+00
77.69773841 33.17511181 -44.58488118 0.00000000e+00
77.79951964 33.10855977 -44.58480037 0.00000000e+00
78.42851114 32.73191078 -44.58792472 0.00000000e+00
77.95789291 32.96745353 -44.17059390 0.00000000e+00
78.80074575 32.43146703 -43.38444745 0.00000000e+00
78.37868285 32.71939175 -44.17453413 0.00000000e+00
78.72090811 32.42899327 -42.97232177 0.00000000e+00
78.04333608 32.83457499 -43.34578974 0.00000000e+00
78.87301748 32.51559171 -44.59789405 0.00000000e+00
79.86091204 31.94487837 -43.04933708 0.00000000e+00
78.45292255 32.48218991 -42.13286332 0.00000000e+00
78.39069479 32.59419352 -42.94183289 0.00000000e+00
79.25746466 32.23831563 -43.41473565 0.00000000e+00
79.50760915 31.98359861 -41.85779685 0.00000000e+00
79.29123652 32.18634572 -43.02157533 0.00000000e+00
79.62190767 31.93576136 -41.86554140 0.00000000e+00
79.48682244 32.14400477 -43.42779389 0.00000000e+00
79.96064993 31.78587308 -41.87198863 0.00000000e+00
80.36830062 31.62365860 -42.22842511 0.00000000e+00
80.07188294 31.73341101 -41.86733445 0.00000000e+00
79.33149052 32.32252392 -44.60498322 0.00000000e+00
80.16189792 31.84177822 -43.43260044 0.00000000e+00
79.93978873 31.94681412 -43.43856037 0.00000000e+00
79.90136888 32.07795506 -44.61076238 0.00000000e+00
80.05124273 31.89486370 -43.43594557 0.00000000e+00
79.67502544 32.17817630 -44.60931767 0.00000000e+00
80.51049809 31.74262661 -44.20198299 0.00000000e+00
80.12489423 31.97363215 -44.60855334 0.00000000e+00
80.47642207 31.56700634 -42.20991090 0.00000000e+00
80.29241570 31.85368676 -44.21240649 0.00000000e+00
80.99487889 31.52449123 -44.58384425 0.00000000e+00
81.91757425 30.88233240 -42.87881472 0.00000000e+00
83.35796006 30.24975533 -42.29610410 0.00000000e+00
82.20466086 30.67269381 -42.08775570 0.00000000e+00
82.56610534 30.37133327 -40.55975655 0.00000000e+00
82.35072293 30.57225402 -41.71072958 0.00000000e+00
82.31762751 30.62534732 -42.11138621 0.00000000e+00
80.72638223 31.62882270 -44.18802941 0.00000000e+00
81.11500916 31.21508664 -42.05317624 0.00000000e+00
81.05460362 31.33009103 -42.90764040 0.00000000e+00
82.12472129 30.66694940 -41.65576113 0.00000000e+00
82.41744181 30.46695681 -40.91524437 0.00000000e+00
81.55916741 31.10050297 -43.28592921 0.00000000e+00
80.84198620 31.44731188 -42.94663647 0.00000000e+00
80.90309911 31.33332593 -42.10583433 0.00000000e+00
80.73539415 31.50567107 -42.96695445 0.00000000e+00
79.35891989 32.08253730 -42.23793591 0.00000000e+00
80.38764030 31.45957848 -40.63203682 0.00000000e+00
81.03922235 31.21658839 -41.65071860 0.00000000e+00
81.31143546 30.98311416 -40.74139751 0.00000000e+00
80.73861049 31.14668254 -39.36544223 0.00000000e+00
81.02846332 30.89623760 -38.48419633 0.00000000e+00
81.23514414 30.98380362 -40.33448408 0.00000000e+00
82.36478183 30.33018812 -39.35973908 0.00000000e+00
82.22277140 30.50537900 -40.44289114 0.00000000e+00
83.23855749 30.06542455 -39.99756213 0.00000000e+00
83.11269154 30.21847768 -41.09866856 0.00000000e+00
82.77570743 30.44857951 -42.21027248 0.00000000e+00
81.14510174 31.15739065 -41.62332575 0.00000000e+00
81.96525813 30.65647605 -40.78335185 0.00000000e+00
87.16213206 29.19023350 -41.28793139 0.00000000e+00
83.29382134 30.01058029 -39.65693625 0.00000000e+00
83.37347210 29.80033345 -37.98173186 3.93416650e-03
83.38434809 29.90787590 -38.98736719 1.72349070e-03
83.35585322 30.02798366 -40.02000357 0.00000000e+00
82.02461340 30.46826482 -39.22596848 0.00000000e+00
82.65534158 30.26161741 -39.83277463 0.00000000e+00
81.47496499 30.72947030 -39.12008724 0.00000000e+00
82.68404932 30.13616924 -38.77517412 0.00000000e+00
81.31657114 30.85595763 -39.51630271 0.00000000e+00
81.42328796 30.79826642 -39.50222918 0.00000000e+00
81.57157151 30.43150491 -36.85543741 0.00000000e+00
82.60253533 30.12613906 -38.39124290 0.00000000e+00
80.43246193 31.20329637 -38.43275884 0.00000000e+00
81.74908389 30.63383311 -39.52223842 0.00000000e+00
82.19645279 30.43646186 -39.65726456 0.00000000e+00
80.31364298 31.15259584 -37.42851645 0.00000000e+00
79.81620899 31.66262550 -39.95073552 0.00000000e+00
79.84302146 31.42383500 -37.87496337 0.00000000e+00
78.12850114 32.42415474 -39.69949944 0.00000000e+00
80.95418873 30.89922327 -38.14996267 0.00000000e+00
80.25886495 31.45018436 -39.90686168 0.00000000e+00
80.31463203 31.38276059 -39.53513921 0.00000000e+00
80.29422972 31.31678829 -38.83541001 0.00000000e+00
79.58922304 31.76039190 -39.93748612 0.00000000e+00
80.20635672 31.43888142 -39.56102105 0.00000000e+00
79.24387411 32.12924501 -42.22672506 0.00000000e+00
79.87512267 31.59831559 -39.59607596 0.00000000e+00
80.14961922 31.73374683 -42.25460723 0.00000000e+00
80.60174325 31.34308291 -40.56255719 0.00000000e+00
79.34565218 31.97374242 -41.05356563 0.00000000e+00
78.89970467 32.27163586 -42.18765561 0.00000000e+00
78.54779511 32.31603787 -40.93366168 0.00000000e+00
78.48434195 32.42654962 -41.73191205 0.00000000e+00
79.24436192 31.90015787 -39.89347872 0.00000000e+00
78.88545808 32.16172044 -40.98900789 0.00000000e+00
78.43790863 32.37166668 -40.91805265 0.00000000e+00
78.67223213 32.13946324 -39.78724289 0.00000000e+00
79.96653410 31.48036927 -38.89699816 0.00000000e+00
77.88461205 32.41268160 -38.19813824 0.00000000e+00
79.51530645 31.67731052 -38.87684652 0.00000000e+00
78.52228998 32.05399660 -38.30138348 0.00000000e+00
79.17047531 31.81494016 -38.81955389 0.00000000e+00
79.15708708 31.70568645 -37.77697223 0.00000000e+00
78.60113479 32.05543174 -38.68050509 0.00000000e+00
78.69888828 31.89389347 -37.63667150 0.00000000e+00
78.61910239 31.89094233 -37.25643497 0.00000000e+00
81.12231835 30.59393219 -36.18206563 0.00000000e+00
78.15210772 32.17164119 -37.49871701 0.00000000e+00
78.27067317 31.98628493 -36.43760581 0.00000000e+00
77.97256473 32.23822503 -37.10264551 0.00000000e+00
78.11549057 32.03351956 -36.03949913 0.00000000e+00
79.92796636 31.12024265 -35.45528082 0.00000000e+00
78.58662120 31.94501167 -37.60091036 0.00000000e+00
78.56141106 31.68324521 -35.09778782 0.00000000e+00
78.43774185 31.85996916 -36.13220271 0.00000000e+00
77.10077277 32.45527063 -33.56810262 0.00000000e+00
78.45060125 31.73583587 -35.04505911 0.00000000e+00
78.86775084 31.59023002 -35.59780166 0.00000000e+00
79.00294762 31.38341680 -34.16465563 0.00000000e+00
79.43050971 31.25738644 -34.70143037 0.00000000e+00
79.91620156 31.01224438 -34.35111976 0.00000000e+00
80.00524342 31.12106516 -35.78808881 0.00000000e+00
79.09761825 31.49975852 -35.68444720 0.00000000e+00
79.67091343 31.27278071 -35.80893490 0.00000000e+00
78.71239172 31.77141017 -36.58714846 0.00000000e+00
80.03775261 31.06709927 -35.43361230 0.00000000e+00
79.23279269 31.52386829 -36.41621128 0.00000000e+00
80.70304986 30.96855233 -37.56886625 0.00000000e+00
81.04598003 30.51602937 -35.07441079 0.00000000e+00
80.53802522 31.14388496 -38.38451027 0.00000000e+00
81.22645820 30.53334993 -36.13518814 0.00000000e+00
79.05536406 31.86070980 -38.79598962 0.00000000e+00
78.96042515 31.74529238 -37.37616238 0.00000000e+00
81.13266756 30.83558753 -38.43811063 0.00000000e+00
82.27173707 30.01114575 -36.09132857 5.99497020e-03
80.59909771 31.03000232 -37.63406959 0.00000000e+00
81.25099425 30.60246361 -36.88462091 0.00000000e+00
81.14634349 30.66262894 -36.92572671 0.00000000e+00
84.11228654 29.53339127 -37.72854960 1.04147490e+00
81.28221988 30.33578160 -34.54301241 0.00000000e+00
83.26495556 29.72282119 -36.95077520 2.39382010e-02
81.68089980 30.37830036 -36.87761128 0.00000000e+00
82.32442563 30.14881586 -37.54618126 7.42787990e-04
83.15017911 29.98184995 -38.93433596 4.72592590e-04
83.30257674 29.89646666 -38.63588677 3.52709920e-03
81.90299320 30.27767983 -36.96084521 3.92579090e-03
83.25610486 29.83679100 -37.95341821 8.54142010e-03
82.38686838 29.96965722 -36.16508152 1.36837640e-03
83.09447588 29.62627277 -35.54426486 8.96186240e-02
82.27900100 29.89058720 -34.99653032 1.11224540e-02
83.85125790 29.54227099 -37.05896430 1.35713260e+00
84.13870095 29.41512029 -36.73647261 1.02297390e+00
82.33180787 30.02846258 -36.48400334 1.79409830e-03
82.15723452 30.05402608 -36.01486371 1.08761050e-02
83.32020821 29.66885313 -36.63260556 4.01188340e-02
81.77682683 30.00718337 -33.80500677 9.79784980e-03
81.35786983 30.33546482 -34.93529016 0.00000000e+00
81.17279009 30.52292272 -35.77986631 0.00000000e+00
81.27721297 30.46306196 -35.74016854 0.00000000e+00
80.94390910 30.57877924 -35.15308631 0.00000000e+00
81.06939111 30.58418253 -35.83500371 0.00000000e+00
80.45293525 30.95829872 -36.29350277 0.00000000e+00
80.76980053 30.64700898 -34.92169082 0.00000000e+00
81.16397599 30.07192372 -31.21656683 2.68254800e-02
81.03587844 30.27437782 -32.58978592 0.00000000e+00
81.37153773 30.16198324 -33.26135611 1.29134110e-02
81.25271120 30.39400770 -34.96231272 0.00000000e+00
81.66586316 30.05678700 -33.74337095 1.86015430e-02
81.38779897 30.27778705 -34.52102261 0.00000000e+00
83.31983256 29.26249170 -32.67130920 1.13652910e+00
83.57883710 29.03900262 -31.25702876 1.33918430e-01
82.40998221 29.61206469 -32.74144463 1.37618050e-02
82.46284756 29.74939017 -34.39071403 6.61036480e-03
83.46369561 29.29365914 -33.49086826 6.18015510e-01
83.20053810 29.48274082 -34.51015716 5.67003410e-01
82.64319071 29.53824453 -32.96762101 1.91312500e-02
83.00330726 29.31771680 -32.09961047 1.80496650e+00
83.07395785 29.22278757 -31.38305653 2.38368030e+00
82.85081564 29.39984733 -32.36391078 8.55526360e-01
82.75646951 29.27681347 -30.72837759 1.61464720e+00
82.73366359 29.43470694 -32.26345272 4.21662520e-01
82.76019901 29.50247398 -33.06984937 1.74184090e-01
83.81242855 28.96839393 -31.30978366 3.63544090e-02
82.28794452 29.41850705 -30.11334975 7.45389470e-03
82.65147756 29.42145374 -31.79568450 3.54501570e-01
81.61972010 29.79093355 -30.77411574 1.03101380e-02
81.24148909 30.15104661 -32.44676289 7.47961410e-03
80.86014954 29.97617084 -24.36236670 1.81994100e+00
80.97436617 30.02417606 -28.06535806 8.77853960e-01
81.06202620 30.13412768 -31.29851045 1.16266640e-02
80.98414193 30.26566201 -32.21942255 5.76610190e-03
79.46146495 30.79199699 -29.91004167 0.00000000e+00
80.54939115 30.34756474 -30.69725078 0.00000000e+00
81.05928783 29.84513038 -23.70959332 1.73358020e+00
80.13828688 30.59515141 -31.16319611 0.00000000e+00
79.29032337 31.04645588 -31.95612745 0.00000000e+00
79.74577531 30.86298007 -32.05854438 0.00000000e+00
78.86819544 31.35929301 -33.30491130 0.00000000e+00
80.56241771 30.45848453 -31.92471898 0.00000000e+00
80.46287285 30.83539162 -35.20670489 0.00000000e+00
81.03050898 30.40178030 -33.86114052 0.00000000e+00
79.27586549 31.16565615 -33.11305454 0.00000000e+00
80.42981191 30.65940476 -33.28094210 0.00000000e+00
79.16046026 31.20921440 -33.06426478 0.00000000e+00
80.13434376 30.90358162 -34.28359929 0.00000000e+00
79.13165942 31.44852483 -35.35001597 0.00000000e+00
79.23414720 31.29525558 -34.25934937 0.00000000e+00
79.08436260 31.39035328 -34.59390409 0.00000000e+00
79.11850800 31.33921139 -34.21543030 0.00000000e+00
78.65954787 31.52262853 -33.98219066 0.00000000e+00
79.57901931 31.16011236 -34.34856504 0.00000000e+00
76.92746829 32.37729266 -31.53340625 0.00000000e+00
77.08440062 32.38600862 -32.76550801 0.00000000e+00
78.70108274 31.38861352 -32.80706234 0.00000000e+00
78.15141406 31.65533653 -32.49238845 0.00000000e+00
78.20035923 31.66805159 -32.92086926 0.00000000e+00
78.09426010 31.72743101 -32.88372400 0.00000000e+00
78.68178985 31.31928577 -31.99759403 0.00000000e+00
79.25610613 31.09723104 -32.32893452 0.00000000e+00
79.73406448 30.75491094 -30.90312786 0.00000000e+00
79.51972978 30.95759834 -32.03073292 0.00000000e+00
76.27558642 32.89427573 -31.16335387 0.00000000e+00
77.51659356 31.68737925 -28.19946710 3.17034980e+00
76.76216119 32.45910807 -31.08205790 0.00000000e+00
78.05799939 31.58908058 -31.23296791 0.00000000e+00
76.48106645 32.67937405 -30.93113548 5.14232430e+00
76.79395858 32.59809214 -32.67519601 0.00000000e+00
75.84733465 33.29583882 -30.70063199 0.00000000e+00
77.28870389 31.88083577 -28.77634602 5.09273040e-01
76.18730771 32.97249377 -31.08199613 0.00000000e+00
76.54811499 32.66627848 -31.36587687 3.99211780e+00
75.31262243 33.82610724 -29.44023922 0.00000000e+00
76.35655144 32.53492584 -27.70875377 3.59399600e+00
76.12350493 32.98861270 -30.62641030 0.00000000e+00
76.47144808 32.81086391 -32.10501356 1.09867650e+00
75.73416147 33.53886092 -31.85496474 0.00000000e+00
75.77979937 33.44921003 -31.47333445 0.00000000e+00
74.59136697 34.85080015 -30.27628709 4.67434070e-01
76.25637760 33.11929836 -33.15183090 0.00000000e+00
76.34551528 33.04122560 -33.21215434 0.00000000e+00
77.48476903 32.35177109 -35.20167172 3.00395120e+00
77.04074850 32.37662775 -32.35691869 0.00000000e+00
76.69892917 32.67061631 -32.63287867 2.76902090e-02
77.19916207 32.38606678 -33.58820555 2.97025940e-03
76.79964672 32.83836601 -35.04075594 1.20142870e+00
77.23705378 32.23868071 -32.38860084 1.04998780e-02
76.97591935 32.58539000 -33.93225009 0.00000000e+00
77.13860307 32.30731782 -32.37521089 0.00000000e+00
77.00304336 32.52520360 -33.54247216 0.00000000e+00
77.90384655 31.92054063 -33.66533003 0.00000000e+00
77.21478484 32.49625020 -34.77576109 1.16335260e-02
77.39762620 32.24959646 -33.61564596 6.79499380e+00
77.40185488 32.48828696 -35.94195648 8.18041390e+00
77.17150970 32.44578194 -33.98300612 0.00000000e+00
77.14935991 32.70385777 -36.26451938 0.00000000e+00
77.60219028 32.35399633 -35.96607400 5.38604720e-02
77.97787444 31.91546011 -34.09110205 0.00000000e+00
77.05146045 32.77387992 -36.24403292 0.00000000e+00
76.23101378 33.51801385 -36.71607437 0.00000000e+00
77.73810249 32.42585435 -37.44817248 0.00000000e+00
77.70321613 32.28788440 -35.97617211 0.00000000e+00
77.18171474 32.88312837 -38.13420120 7.23256660e-02
77.36392529 32.63506438 -37.04205372 7.78627730e+00
76.57541159 33.13766830 -36.09454841 0.00000000e+00
76.12143585 33.66200744 -37.06590071 0.00000000e+00
76.30381614 33.36889385 -35.98003355 0.00000000e+00
75.89156926 33.84531355 -36.60706203 0.00000000e+00
76.26486548 33.36197874 -35.58391408 0.00000000e+00
75.78844369 33.99391353 -36.97606255 0.00000000e+00
76.20770762 33.58130086 -37.09579058 0.00000000e+00
76.53463141 33.12988231 -35.70064781 0.00000000e+00
76.35350603 33.28352261 -35.62275577 0.00000000e+00
75.52104500 34.10938929 -35.33787960 0.00000000e+00
76.70501929 32.91126942 -35.00416058 6.73393070e+00
76.48358219 33.21361558 -36.05664266 0.00000000e+00
76.09152760 33.52207576 -35.51012839 0.00000000e+00
75.60600992 33.88818296 -33.97778778 0.00000000e+00
76.32129129 33.10377987 -33.59981521 0.00000000e+00
76.33821820 33.21372310 -34.82764137 0.00000000e+00
74.64646587 35.17161098 -35.74639972 0.00000000e+00
75.50705491 34.03891835 -34.43804714 0.00000000e+00
74.71441322 35.21906418 -36.96863690 0.00000000e+00
75.75956999 33.85343749 -35.39619234 0.00000000e+00
76.01428683 33.46970823 -34.22853827 0.00000000e+00
75.55527945 34.11474774 -35.74374848 0.00000000e+00
75.97459541 33.42383665 -33.34945599 0.00000000e+00
75.72864626 34.01395938 -36.56690023 0.00000000e+00
74.79485971 34.99334524 -35.72531226 0.00000000e+00
75.31644489 34.51108662 -36.93519388 0.00000000e+00
74.90027211 35.08322229 -37.76177889 0.00000000e+00
75.62807602 34.16424427 -36.95553270 0.00000000e+00
75.50892391 34.38055706 -37.75646065 0.00000000e+00
74.76954276 34.85126078 -33.57103876 0.00000000e+00
75.14125012 34.06595730 -29.65742910 0.00000000e+00
75.25940625 34.53330755 -36.52991771 0.00000000e+00
75.28915527 34.36983018 -35.30277308 0.00000000e+00
74.65888442 35.24273968 -36.56967478 0.00000000e+00
74.91811846 34.67378403 -33.62893569 0.00000000e+00
74.72059734 35.08242510 -35.73383589 0.00000000e+00
74.52196210 35.66526360 -39.01960350 5.24032120e-01
74.57243493 35.26088561 -35.76086739 2.11158100e-01
74.69557388 34.94022777 -33.53081445 0.00000000e+00
74.68940552 35.07686335 -35.31936714 0.00000000e+00
75.44912485 34.06007103 -33.91707062 0.00000000e+00
74.82497500 34.82796154 -34.23077192 0.00000000e+00
75.29501674 34.23382202 -33.82824413 0.00000000e+00
75.54584295 33.56772706 -29.80964977 0.00000000e+00
75.07931923 34.22453003 -30.54148526 0.00000000e+00
74.60315265 35.09478780 -34.22188450 5.97548810e-02
75.86189089 33.36602284 -31.56163364 0.00000000e+00
75.20080823 34.21264539 -32.21324372 0.00000000e+00
75.57404223 33.70853812 -31.67076992 0.00000000e+00
75.42924616 34.12523826 -34.40587095 0.00000000e+00
75.82639349 33.69918389 -34.56821367 0.00000000e+00
75.06606992 34.15373673 -29.53317285 0.00000000e+00
75.73032436 33.15979351 -27.44569097 0.00000000e+00
75.48915907 33.92980903 -32.94964295 0.00000000e+00
76.33021044 32.97143963 -32.40163546 0.00000000e+00
75.83432865 33.01232655 -27.02628171 0.00000000e+00
75.50775542 33.52337186 -28.74807200 0.00000000e+00
75.70544965 33.39830059 -30.06438781 0.00000000e+00
75.62518126 33.48268950 -29.93632692 0.00000000e+00
75.60751950 33.37328077 -28.37093570 0.00000000e+00
75.16042345 34.00055314 -29.19985914 0.00000000e+00
74.93561178 34.26453975 -28.85367727 0.00000000e+00
75.29474777 33.71719612 -27.89063740 0.00000000e+00
74.86135131 34.35299310 -28.74288774 0.00000000e+00
75.12458165 33.78328810 -26.13341619 0.00000000e+00
74.53086248 34.49376463 -25.61461078 9.24538510e-01
74.84338180 34.24497631 -27.30839165 0.00000000e+00
74.76875726 34.50715867 -29.06085747 0.00000000e+00
74.89884556 34.22192186 -27.85197596 0.00000000e+00
74.42025170 34.88690920 -28.36014196 6.49384260e-01
74.60366762 34.57745052 -27.49821852 5.84459500e-01
74.58573133 34.46997405 -26.11623135 7.24743630e-01
74.45709181 34.75597442 -27.34254621 7.13580900e-01
75.25730118 33.67362995 -26.80039940 0.00000000e+00
74.91764396 34.15636545 -27.39277028 0.00000000e+00
74.56093009 34.32777998 -23.04574293 8.58618700e-01
74.84207743 33.90111296 -21.05077739 2.09175280e-02
74.97427636 33.95963161 -25.98557125 0.00000000e+00
75.79074154 32.80175871 -21.37709528 0.00000000e+00
74.64003296 34.10195715 -19.52544268 9.38142510e-01
74.84138345 33.38357625 -11.85963582 4.16052980e-01
74.41495029 34.50643235 -22.87230051 5.32352570e-01
74.42118212 34.36969738 -19.29759081 6.00199430e-01
74.97267351 33.61607306 -17.37301272 1.04534980e-02
74.40288372 34.43520997 -20.50708884 5.96220450e-01
75.29296274 33.37495564 -21.74585876 0.00000000e+00
76.12334765 32.61267027 -25.65835923 2.01658050e-01
75.54743379 33.05275453 -20.88097674 0.00000000e+00
75.54091433 33.18792331 -24.42095192 0.00000000e+00
75.38395597 33.35913052 -24.13332753 0.00000000e+00
75.49635658 33.27872242 -25.17953293 0.00000000e+00
75.18106374 33.76102955 -26.70961859 0.00000000e+00
75.33415938 33.58664246 -26.89865832 0.00000000e+00
75.58988821 33.26386112 -26.69202745 0.00000000e+00
75.91808231 32.93015014 -27.14296007 0.00000000e+00
75.21833492 33.80437179 -27.78504959 0.00000000e+00
75.27690003 33.60827751 -26.30089769 0.00000000e+00
75.03016801 33.93687328 -26.54436100 0.00000000e+00
75.12330180 33.95737842 -28.15743159 0.00000000e+00
75.56917926 33.32867667 -27.21715304 0.00000000e+00
75.66684197 33.35336941 -29.01462373 0.00000000e+00
75.81247790 33.07648550 -27.56485088 0.00000000e+00
77.23900624 31.67316539 -24.57939246 7.15250890e-04
75.74783113 33.26938385 -29.15163642 0.00000000e+00
76.74614942 32.34899110 -29.71674708 0.00000000e+00
76.70371669 32.29959976 -28.61582620 0.00000000e+00
76.90696090 32.02740822 -26.94268720 0.00000000e+00
76.79937594 32.22783009 -28.66931538 0.00000000e+00
76.91167271 32.26714453 -30.25982530 0.00000000e+00
77.18968380 31.94892332 -28.77491956 0.00000000e+00
77.23287184 31.99969750 -29.83325390 9.70056180e-03
77.99851617 31.42465088 -28.85942141 0.00000000e+00
77.34730094 32.04219730 -31.18240646 2.21168510e+00
77.31674162 31.82147901 -28.19591627 7.17769020e-01
77.70136987 31.48694657 -27.07624917 9.80042580e-02
76.89592159 32.15697730 -28.71250436 0.00000000e+00
77.10244004 31.88859893 -27.00538949 0.00000000e+00
77.21752397 31.88938941 -28.19008066 3.81294910e-03
77.11880149 31.95788616 -28.17839486 0.00000000e+00
76.82619988 32.16739905 -28.08658089 0.00000000e+00
77.15679712 31.81040024 -26.43655804 0.00000000e+00
76.15339547 32.75258509 -28.05030851 1.25805960e-02
76.16207270 32.61977261 -26.29581852 2.27558130e-01
75.81976509 32.94216050 -25.72387297 0.00000000e+00
76.86384947 32.01810014 -26.33292430 0.00000000e+00
76.06618753 32.83200646 -27.92976511 0.00000000e+00
76.03639658 32.69197080 -25.50993773 1.68298670e-02
75.64925093 33.24388087 -27.32951284 0.00000000e+00
75.65599851 33.10897023 -25.43784747 0.00000000e+00
75.61000777 32.85877776 -16.55493116 0.00000000e+00
76.10837527 32.54267475 -23.53136290 1.27862490e+00
75.87498689 32.38196762 -13.27449468 1.45398610e-01
75.72280547 32.61567510 -14.16860956 6.93319230e-01
78.30363925 30.67040447 -13.38188360 5.95229760e-02
77.02692722 31.69932453 -19.97622268 0.00000000e+00
77.69021097 31.09364824 -14.61961356 1.72008140e+00
75.94168821 32.52881905 -16.99976831 1.91885690e+00
77.73948683 31.34269735 -24.77443882 2.03766530e-01
77.97496737 31.15997501 -23.91583765 3.08571280e-02
77.75380723 31.17367868 -18.41707247 4.28335940e+00
77.55116606 31.30331055 -18.23530100 1.31627390e+00
80.71556975 29.46101661 -11.44575937 0.00000000e+00
78.86965112 30.43991312 -13.55604570 0.00000000e+00
77.27334420 31.28770176 -13.29728084 0.00000000e+00
77.55749574 30.97842382 -11.74913044 1.62048310e-01
76.97851662 31.49120734 -13.32024152 0.00000000e+00
77.45726802 31.04403077 -11.76227543 1.08910090e-01
76.88121855 31.56019258 -13.32594911 0.00000000e+00
77.08890544 31.25296686 -11.30997299 0.00000000e+00
76.52535593 31.78312172 -12.84390370 0.00000000e+00
76.97468405 31.25183125 -10.17843283 0.00000000e+00
76.43189308 31.85617643 -12.84446574 0.00000000e+00
76.57768214 31.66150006 -11.86368981 0.00000000e+00
76.33960948 31.93035994 -12.84386994 0.00000000e+00
76.50943051 31.67290818 -11.38101129 0.00000000e+00
76.32337035 31.82019329 -11.40214184 0.00000000e+00
76.49395699 31.60320803 -10.27698193 0.00000000e+00
75.73010346 32.48131941 -12.80679160 1.43545390e+00
76.11810277 32.03453538 -11.89536117 0.00000000e+00
75.46712416 32.79686095 -13.21442252 7.14313220e-02
75.85796669 32.27206042 -11.90458832 1.08033690e-02
75.81320932 32.39940762 -12.81430141 4.44366490e-01
76.24858328 32.00570810 -12.84181737 0.00000000e+00
75.51577262 32.87293322 -14.52841665 2.31211300e-02
75.98325909 32.23855739 -12.82708422 0.00000000e+00
75.66979985 32.83937294 -18.17361273 0.00000000e+00
75.64118180 32.69878303 -14.12557356 2.03846660e-01
76.06164173 32.29264488 -14.34431057 0.00000000e+00
75.06660323 33.46250269 -16.14989612 0.00000000e+00
75.43673703 32.95808656 -14.50599306 0.00000000e+00
75.21820486 33.28754291 -16.25234870 0.00000000e+00
75.43041450 33.09349365 -17.86926045 0.00000000e+00
75.31268796 33.30976317 -20.45226456 0.00000000e+00
74.31232489 34.41764367 -16.74625395 8.72979350e-01
74.75042727 33.88177122 -17.17294023 8.27764280e-01
74.54906682 34.08357104 -15.85879205 6.06160370e-01
74.45780846 34.23858867 -16.94768400 5.91255650e-01
74.90397325 33.56800878 -14.36664571 6.65660030e-01
74.46385795 34.10187244 -14.26769250 9.09123030e-01
74.82992459 33.65651035 -14.34905636 6.88130960e-01
74.56628778 33.84673877 -13.06141918 8.66742110e-01
74.73064816 33.60334197 -12.67613931 5.10404900e-01
74.53664921 34.01250033 -14.28277814 6.65439400e-01
74.80410789 33.51472464 -12.68723835 4.43431240e-01
74.78553273 33.58028267 -13.09896131 4.79391880e-01
74.43336731 34.09629927 -13.85417345 9.53182120e-01
74.36686868 33.70439800 -8.85756395 1.59587180e-01
74.27689954 34.03140614 -11.38727977 3.75003820e-01
74.66890178 33.41905284 -10.06497893 8.48790420e-01
74.33101852 34.00735429 -11.80122270 4.94808700e-01
74.92109380 33.15890315 -10.54442119 3.99083770e-01
74.95020630 32.99489191 -8.83506381 3.84534010e-01
74.58404310 33.26349033 -5.93830376 2.16618610e-02
75.08402500 33.05400191 -11.45522797 6.84217400e-01
74.88919849 33.15363192 -10.06401882 3.21255770e-01
75.38866360 32.88207209 -13.20127521 1.82147800e-02
75.96641751 32.12855281 -11.43568371 0.00000000e+00
75.77395112 32.35339001 -11.90581137 2.73608870e-01
75.14623338 32.89611436 -10.53498430 8.99892060e-01
75.25225082 32.64704147 -8.76910101 1.28625110e+00
77.49225415 30.66002124 -5.48586675 2.63943000e-03
75.41075853 32.30187894 -5.68354221 2.35354000e-03
76.32824034 31.48761402 -6.01734931 0.00000000e+00
74.87613654 33.08280641 -8.84495202 6.22444820e-01
75.33220261 32.38700650 -5.71086026 2.23215340e-03
74.86402367 32.83801413 -4.73380360 2.29549250e-02
75.15812696 32.62429252 -6.52800719 1.34343040e-01
74.72990950 33.08569219 -5.91312679 3.80774840e-02
74.87713423 32.90880176 -5.87598914 3.79437660e-01
74.16970427 33.56259193 -3.30925106 1.12632250e-02
74.26493091 33.96019535 -10.50902832 2.98108070e-01
74.89486100 33.01730154 -8.10023595 7.67219310e-01
75.09993012 32.82010554 -8.80661679 8.51831800e-01
74.28313091 33.54992366 -4.78003779 1.63097990e-02
75.69231308 31.75822758 -2.72930534 0.00000000e+00
74.47422646 33.13957150 -2.87295889 0.00000000e+00
75.36243028 32.22573117 -4.19618273 3.05351610e-01
74.38435045 33.29437144 -3.34858111 1.16848220e-03
74.52857478 32.94262161 -0.80831373 0.00000000e+00
74.33065077 33.31812756 -2.81925687 6.84558270e-04
74.60047880 33.02724158 -3.41099050 0.00000000e+00
74.54633800 33.05051919 -2.90375924 0.00000000e+00
74.25907532 33.40756725 -2.79922440 3.57914270e-03
74.16988505 33.39010977 -0.75232926 0.00000000e+00
74.96720795 32.58638176 -3.47777772 5.64699820e-03
74.61873359 32.96165757 -2.93388108 0.00000000e+00
75.19587881 32.15168788 -0.80096551 0.00000000e+00
75.68467201 31.89230205 -4.10508830 0.00000000e+00
75.94798862 31.51912981 -2.67888896 0.00000000e+00
74.91177832 32.60851699 -3.05079319 0.00000000e+00
74.71705286 33.01480958 -4.75663984 3.77576330e-03
75.04202707 32.49918028 -3.44687253 4.94579270e-01
74.90612144 32.74476241 -4.32953348 1.86791810e-02
75.06125059 32.43388936 -2.96946760 1.51761370e-01
74.95139247 32.82078331 -5.85160799 7.93265770e-01
75.27069978 32.24038901 -3.36100489 1.54273610e+00
75.24081742 32.40221391 -4.60783700 1.36180460e+00
75.08812478 32.57522276 -4.66300208 1.18420650e+00
75.08227692 32.71120391 -6.55544438 7.64513430e-01
75.76818306 31.81114827 -4.08198150 0.00000000e+00
76.12553053 31.36567529 -2.66899836 0.00000000e+00
75.77616923 31.67742909 -2.70761756 0.00000000e+00
76.01206081 31.50417509 -3.17128475 0.00000000e+00
75.75369792 31.74090391 -3.21360913 0.00000000e+00
76.08471410 31.31739709 -1.45095216 0.00000000e+00
75.44810714 32.00621344 -2.80589274 1.81235090e+00
75.99562412 31.39396952 -1.45344780 0.00000000e+00
76.01972347 31.33153253 -0.72618378 0.00000000e+00
75.84468406 31.48751553 -0.72830724 4.54165530e+00
76.96231477 30.61549983 -0.74192334 4.95723400e-01
76.74029448 30.81194114 -1.47494939 0.00000000e+00
76.45341109 31.02258240 -1.45835709 0.00000000e+00
76.64390432 30.88132871 -1.46920147 0.00000000e+00
76.59037046 31.00169813 -2.67113063 0.00000000e+00
77.62839547 30.21240381 -1.37733354 1.30259340e-02
77.14544273 30.65078896 -3.13801125 0.00000000e+00
77.29316535 30.79197869 -5.62915790 0.00000000e+00
76.03609637 31.44181948 -2.67415082 0.00000000e+00
76.19123656 31.35229124 -3.15684320 0.00000000e+00
77.67020689 30.78616406 -9.97884538 9.40657250e-02
77.26994013 31.04874846 -10.10994317 0.00000000e+00
76.65262756 31.32097381 -7.36394184 0.00000000e+00
77.82605408 30.41153733 -4.76778611 1.13346210e-03
77.32131041 30.73292278 -5.04718202 0.00000000e+00
76.24638813 31.43048215 -4.34751294 0.00000000e+00
76.46309127 31.46371394 -7.43992945 0.00000000e+00
76.99771633 30.99391080 -5.77950994 0.00000000e+00
75.75261307 32.07889382 -7.78718353 0.00000000e+00
76.90003604 31.06220734 -5.81780400 0.00000000e+00
76.65928349 30.99179778 -3.14882715 0.00000000e+00
76.39062192 31.27480802 -3.97982218 0.00000000e+00
75.72114184 31.89876661 -4.46699515 0.00000000e+00
75.42815382 32.41135842 -7.94514345 4.65445770e-01
75.82874942 32.13171809 -9.87785080 6.11869480e-04
75.78158523 32.21935101 -10.44236144 6.40982890e-03
76.45255815 31.59440535 -9.67301393 0.00000000e+00
76.68393275 31.46017782 -10.23654958 0.00000000e+00
76.34430172 31.59783766 -8.29597548 0.00000000e+00
75.89912922 31.98136120 -8.50118851 0.00000000e+00
76.68857638 31.70032494 -13.33119142 0.00000000e+00
77.02887057 31.17373684 -9.51739767 0.00000000e+00
76.87716023 31.32059758 -10.19788712 0.00000000e+00
77.20914538 30.96936511 -7.95881387 0.00000000e+00
77.00599295 31.43157680 -12.81938172 0.00000000e+00
77.25838236 31.17719463 -11.78946830 0.00000000e+00
77.12699094 31.10595130 -9.48839765 0.00000000e+00
77.23708189 30.91019860 -7.09751816 0.00000000e+00
77.68739539 30.85538272 -11.21676303 2.07004760e-01
77.52366475 30.84002020 -9.33268290 9.53372500e-02
78.08738258 30.77993055 -13.32077081 1.13864530e+00
79.78342494 30.09100350 -13.41269735 1.96900430e-02
79.23932366 30.15822260 -11.22952366 0.00000000e+00
79.71451353 29.78236517 -8.27721075 0.00000000e+00
78.78844653 30.43121138 -12.95048827 0.00000000e+00
80.67489493 29.40928498 -10.49498356 0.00000000e+00
79.51023274 29.94446220 -9.42540002 0.00000000e+00
79.62281907 29.89828584 -9.47407784 0.00000000e+00
79.21683923 30.31714590 -13.58683497 0.00000000e+00
81.88383185 28.60292999 -7.44329661 0.00000000e+00
80.68882163 29.52211808 -12.01044490 1.58271740e-04
82.06125339 28.59040699 -8.49218017 0.00000000e+00
80.41893002 29.56014483 -10.56097033 0.00000000e+00
81.76824000 28.63978170 -7.23107311 0.00000000e+00
80.39104443 29.62003626 -11.11480762 0.00000000e+00
80.32236988 29.62851196 -10.73556134 0.00000000e+00
80.53386144 29.10887380 -5.24478804 0.00000000e+00
79.95088177 29.51164536 -6.12668174 0.00000000e+00
78.79915645 30.12159901 -7.52772194 0.00000000e+00
78.43338401 30.45574472 -11.15753883 6.65425140e-05
78.68401702 30.16307413 -7.43545807 0.00000000e+00
78.07318668 30.66896897 -11.70955100 2.03184580e-01
78.14418921 30.47392391 -9.02789014 1.62792150e-03
77.93191241 30.58865069 -9.11583503 9.61947350e-02
77.91428215 30.51932613 -7.44369491 3.10377440e-02
77.62422409 30.77526881 -9.28044799 7.80684210e-02
78.60334572 30.15489550 -6.52490472 0.00000000e+00
78.41463479 30.38604901 -9.78610479 0.00000000e+00
78.91779408 29.85272151 -4.12425329 0.00000000e+00
78.25287392 30.18566201 -4.65822763 0.00000000e+00
79.16931145 29.84342495 -5.21881704 0.00000000e+00
79.42183049 29.56483966 -3.44046633 0.00000000e+00
78.29421375 30.04959358 -3.64337319 0.00000000e+00
77.35924148 30.58712965 -3.87140042 0.00000000e+00
79.36543716 29.81157736 -6.01636404 0.00000000e+00
79.26565803 29.73471163 -4.37157935 0.00000000e+00
78.53380795 29.83526437 -2.33254441 0.00000000e+00
79.18096906 29.53815721 -1.47743026 0.00000000e+00
77.32818636 30.40700244 -1.45453388 6.38850390e-02
79.11148786 29.63682758 -2.58292403 0.00000000e+00
79.21580037 29.48882242 -0.76666175 5.79389720e-01
79.19249218 29.64704804 -3.14560873 0.00000000e+00
79.77775421 29.26104949 -0.91972635 0.00000000e+00
80.93240651 28.55005184 -2.32399225 0.00000000e+00
79.99784949 29.25444551 -3.02597039 0.00000000e+00
80.52593504 28.78733089 -1.82194000 0.00000000e+00
80.26377514 29.11648660 -3.40297175 0.00000000e+00
79.98610170 29.37675165 -4.61974416 0.00000000e+00
80.35728948 29.04590051 -3.43224643 0.00000000e+00
80.13607343 29.32274506 -5.05917978 0.00000000e+00
80.59938852 29.09774285 -5.57408865 0.00000000e+00
80.90440798 28.82177556 -4.43702590 0.00000000e+00
79.74743117 29.72939485 -7.69159662 0.00000000e+00
80.02378496 29.50833348 -6.68899872 0.00000000e+00
79.59235310 29.72268081 -6.28465316 0.00000000e+00
79.75562744 29.42270370 -3.74743487 0.00000000e+00
82.11208472 28.30477415 -4.69241343 0.00000000e+00
83.29463895 28.01862465 -6.51425124 0.00000000e+00
82.34869210 28.24704186 -5.03132525 0.00000000e+00
82.79625966 28.06819353 -4.73907715 0.00000000e+00
80.87764005 28.88295144 -4.77753589 0.00000000e+00
81.50649478 28.41178563 -3.68797181 0.00000000e+00
81.76092378 28.40313101 -4.32074584 0.00000000e+00
82.11554904 28.11082781 -3.34613454 0.00000000e+00
81.10299239 28.48256375 -2.68427193 0.00000000e+00
82.22049744 27.97115445 -2.02459839 0.00000000e+00
81.63409713 28.12490323 -1.25968120 0.00000000e+00
81.20667502 28.42484767 -2.65961527 0.00000000e+00
82.37444118 27.89938665 -1.01980653 0.00000000e+00
82.35200211 28.05608861 -3.60737488 0.00000000e+00
82.15045801 28.06402734 -3.13775786 0.00000000e+00
81.67502871 28.31147582 -3.53200092 0.00000000e+00
82.38724790 28.01028673 -3.35333644 0.00000000e+00
82.23025382 28.27542712 -4.86520553 0.00000000e+00
85.46277759 27.29056154 -5.59704814 2.91236540e-05
82.94355264 27.92240176 -3.85269813 0.00000000e+00
82.97033291 27.99000735 -4.62426499 0.00000000e+00
82.43196046 28.26537755 -5.60409633 0.00000000e+00
84.89718057 27.49060450 -6.55315284 0.00000000e+00
82.82295990 28.13620616 -5.71880201 0.00000000e+00
82.78742921 28.18184713 -6.24410718 0.00000000e+00
82.47985019 28.32977842 -6.78954936 0.00000000e+00
82.09095418 28.46535726 -6.53401525 0.00000000e+00
82.23517501 28.50490896 -8.20144628 0.00000000e+00
81.95985388 28.38398258 -4.73357082 0.00000000e+00
82.00818791 28.44886996 -5.71091492 0.00000000e+00
81.21573082 28.87612095 -6.94109138 0.00000000e+00
84.53570716 27.77422800 -9.57725219 0.00000000e+00
80.82456463 29.00566674 -5.88981397 0.00000000e+00
80.89276170 28.99765332 -6.30767282 0.00000000e+00
81.08892844 28.86672432 -5.88659632 0.00000000e+00
80.70146660 29.34792382 -9.89136155 0.00000000e+00
81.01258337 28.99879977 -7.27569495 0.00000000e+00
81.11272305 28.93558314 -7.07994786 0.00000000e+00
80.98817303 29.14073340 -9.23325807 0.00000000e+00
81.94430951 28.62417577 -8.24807777 0.00000000e+00
81.26520294 29.01572623 -9.56198232 0.00000000e+00
81.37208234 28.96140666 -9.55820364 8.48410050e-05
81.07519274 29.25137004 -11.41344437 1.18900080e-03
83.06190156 28.29980485 -9.82992919 0.00000000e+00
81.85453920 28.73114570 -9.45897608 3.59370680e-04
82.40634243 28.61399518 -11.49485457 0.00000000e+00
82.30152607 28.75668758 -13.51062963 1.66612630e-03
83.26856946 28.35618520 -12.63378127 0.00000000e+00
84.23012374 27.84505490 -8.94755202 0.00000000e+00
82.00034122 28.56849421 -7.68313582 0.00000000e+00
82.29669265 28.52750334 -8.99364133 0.00000000e+00
82.99743860 28.46422888 -13.01347396 0.00000000e+00
82.92646713 28.55671575 -15.00586584 0.00000000e+00
85.44818154 27.63665903 -12.62177081 1.21611010e-04
81.93666650 28.74476307 -10.32358762 1.53789520e-03
81.98490202 28.80873312 -11.82915056 5.38752860e-03
81.82087359 28.78192524 -10.07450037 3.06012660e-03
81.38782386 29.07740749 -11.39073782 2.66036590e-03
83.12448936 28.72671624 -25.26893109 4.80838220e-01
80.56011484 29.86000760 -16.10329004 1.10928860e+00
83.21554657 28.62820818 -23.00920306 3.12953790e-01
82.97105301 28.80522809 -25.27224483 4.39197310e-01
83.15330428 28.60818155 -20.74670821 7.74103360e-02
82.73498745 28.86854032 -23.88297020 4.10100910e-01
82.74709895 28.97807914 -26.82244377 1.23871390e+00
83.71090913 28.55998778 -25.73120622 1.68105970e-01
82.49900409 28.93249634 -22.93194388 6.52126950e-01
80.66277847 29.66406114 -13.58377719 2.70196900e-02
81.29542844 29.45536572 -16.46026954 1.90471810e+00
81.71874934 29.13897267 -15.24511050 1.04092420e+00
80.96157223 29.70049712 -17.75040373 1.18453950e+00
82.18110424 28.98443051 -17.76570533 6.56229480e-02
81.46375199 29.28773447 -15.16091256 1.41757690e+00
79.53916708 30.38438284 -19.38246835 5.12137060e+00
81.60604175 29.18396714 -14.85768198 9.88410100e-01
81.38610978 29.28401715 -14.30537400 6.42838690e-01
81.86180668 28.96723370 -13.47498233 4.68831630e-02
81.80661548 29.02625777 -13.93609379 1.11158730e-01
81.17681842 29.18977082 -11.35205587 4.49856510e-04
81.14637200 29.45736112 -14.61741694 4.56077840e-01
81.72116343 28.93688178 -11.85201854 3.01533900e-02
81.63411481 29.05084863 -12.89622430 1.26329150e-01
79.59414852 30.13628560 -12.94595947 4.52142230e-03
80.20570087 29.86197236 -12.95119924 0.00000000e+00
80.19418741 29.75260036 -11.43469354 0.00000000e+00
79.32025806 30.16679327 -11.82090795 0.00000000e+00
77.70198210 30.96623492 -12.76060962 8.15948080e-01
78.40060533 30.50891237 -11.72499929 6.26235730e-04
77.85651025 31.11059142 -18.55657307 3.00169640e+00
77.98173603 30.83832085 -13.29784360 1.90979460e+00
77.72471616 31.23192822 -20.41812988 2.91040500e+00
77.83896030 31.04141383 -15.57770238 4.05785890e+00
77.57220961 31.08916719 -13.27533832 1.76169320e-01
77.87532604 30.66114252 -9.90121574 1.40465530e-01
77.77478447 30.96094571 -13.27509428 1.55719440e+00
77.63494117 31.16886577 -15.43237347 1.18339020e+00
79.12062541 30.42697393 -15.66508330 4.51046540e-04
77.96043407 31.04907379 -18.74638309 1.34532600e+00
78.14165254 30.98788410 -21.23578214 1.39597810e-01
77.85926262 31.34837359 -26.55432238 5.76439710e-03
79.15959836 30.56444948 -22.46043064 5.04409150e+00
78.29541099 30.98788523 -24.50037572 0.00000000e+00
80.05673942 30.18023449 -18.60016474 5.36909830e+00
80.06881402 30.05876870 -15.02930710 3.37613030e-01
80.19189737 30.06411947 -16.51469080 1.33176660e+00
79.80271297 30.15758285 -14.88510333 4.62626950e-01
80.50392915 29.97942648 -18.67757496 2.32419090e+00
80.97396926 29.52565690 -14.15932645 2.27749660e-01
80.58785346 29.79985679 -15.08651458 4.03520810e-01
79.91153289 30.10457506 -14.68812012 2.38180490e-01
80.84888288 29.65345459 -15.01496526 4.02457070e-01
81.04531410 29.52042954 -14.65011667 4.34175250e-01
80.47550097 30.03870734 -20.15153398 2.15391840e+00
80.19243187 30.29564632 -24.89548366 8.64442750e-01
78.17415623 31.16797629 -26.72226686 0.00000000e+00
80.13844697 30.36494955 -26.51809979 2.34715290e-01
79.98203963 30.18207379 -17.51036522 3.89229880e+00
79.74213451 30.44939436 -24.80957103 1.85640240e+00
79.12985891 30.80271980 -28.03326985 8.37807080e-02
80.74792285 30.21575756 -30.05797441 2.79982590e-01
78.22352182 31.18138041 -27.31908240 0.00000000e+00
78.24191069 31.25062758 -28.45576505 0.00000000e+00
77.90640110 31.35970326 -27.13342511 0.00000000e+00
78.11629328 31.23873431 -27.24100682 0.00000000e+00
77.82091599 31.49180818 -28.23401181 5.93357900e-03
77.96282316 31.28637342 -26.59614489 0.00000000e+00
78.02858036 31.36742932 -28.31006769 0.00000000e+00
77.93891605 31.53963168 -29.86188859 0.00000000e+00
78.13445204 31.30792374 -28.37375581 0.00000000e+00
78.21072215 31.30641101 -28.99169851 0.00000000e+00
78.31923481 31.25070665 -29.08529015 0.00000000e+00
78.66797826 31.20898145 -30.79617667 0.00000000e+00
78.88355356 31.00804974 -29.61247846 0.00000000e+00
78.55508201 31.25740446 -30.69945317 0.00000000e+00
78.91766400 30.95692840 -29.07803400 8.66156000e-04
78.70131805 31.15658430 -30.42813774 0.00000000e+00
79.34645543 30.83613518 -29.87895814 0.00000000e+00
79.92260060 30.70588048 -31.26410230 0.00000000e+00
79.62141886 30.80302358 -30.89460957 0.00000000e+00
79.47356935 30.90043781 -31.24827640 0.00000000e+00
82.02270312 29.54759288 -30.12641666 3.15426980e-03
82.07086549 29.25398004 -25.61155805 1.09087150e+00
81.16109180 29.78239411 -23.65980699 1.41351790e+00
80.46563955 30.24344135 -27.09994197 5.98253380e-01
82.18704397 29.21663381 -26.27953228 1.44797520e+00
81.44755077 29.66692926 -25.66781407 1.82398630e-01
81.47838910 29.61054274 -24.57212150 3.40674980e-01
81.23534506 29.78049225 -25.02716908 9.39053340e-01
80.88587583 29.83456820 -20.40328941 1.21780130e+00
80.15800652 30.43075340 -28.62718116 6.81215140e-03
81.03090927 29.90476512 -25.13595765 1.53343000e+00
80.93620439 29.84198305 -21.43098769 1.47415280e+00
81.08923362 29.57592723 -16.34540579 1.33944110e+00
81.27946068 29.33944256 -14.14226043 3.05446980e-01
82.42912006 29.02845185 -24.87989994 2.42854860e+00
82.61695117 28.90034011 -23.41977152 4.63761230e-01
82.59993253 29.13259725 -28.08125473 2.22933530e+00
83.89166693 28.76093855 -29.24777905 4.07645480e-02
81.45281113 29.54027106 -21.85466955 1.13452310e+00
81.78630171 29.39536137 -24.15666473 5.27573330e-01
82.71773831 29.09930360 -28.30876448 2.46024630e+00
82.74429832 29.16715057 -29.34628048 2.31523190e+00
82.47395870 29.28372812 -29.43372700 1.02382930e+00
84.46221105 28.68555733 -30.48386569 3.73813090e-01
82.82688810 29.18129749 -29.92945691 2.38680140e+00
87.49382888 27.97591829 -29.72161700 0.00000000e+00
82.86221069 29.13378290 -29.50409373 2.46311520e+00
82.37012644 29.43119452 -30.67426347 1.67943780e-02
81.89346730 29.47519230 -27.82092659 1.55482370e-02
82.00817437 29.43357080 -28.22179165 2.29531590e-02
83.21585304 29.03403982 -29.86486832 8.78352540e-01
86.87407031 28.21958606 -31.58597896 0.00000000e+00
85.62121302 28.19447260 -28.19806690 3.62087710e-02
84.73700125 28.66604865 -31.18912053 2.38306040e-01
85.29314470 28.17776908 -26.60194379 1.95323820e-01
83.06255322 29.11453391 -30.16901753 1.75054700e+00
83.95348839 28.59517108 -27.21187467 5.52958280e-02
83.72121355 28.66668402 -27.23242636 1.17034320e-01
84.63307305 28.25758795 -24.78335587 5.36417550e-01
83.45033734 28.56290843 -23.46300678 4.84142510e-01
85.52891547 27.65101796 -13.39846701 1.54874370e-04
83.85406245 28.40671276 -22.31846886 3.68957510e-01
84.98487758 28.24509300 -26.38738537 8.31271000e-01
85.16828141 28.10634210 -24.66402443 1.39808060e-01
86.41436351 27.59462920 -19.05698657 1.93918800e-01
84.97481326 28.13635440 -24.11146647 4.94058160e-01
86.04560881 27.73548959 -21.33834295 3.50189220e-02
85.90507051 27.86834941 -23.49868417 1.04308940e-02
86.17150202 27.61083332 -17.28846408 1.50145380e-01
85.63101625 27.96441357 -24.21396380 6.24228740e-03
86.96308758 27.82478057 -26.43843235 0.00000000e+00
86.24095839 27.97404574 -26.79469983 6.31475420e-01
85.75958685 28.04750684 -26.32220817 1.29679740e-02
85.18636234 28.40147291 -29.62035184 1.08946810e+00
85.04240898 28.37488379 -28.66938289 8.02983210e-01
84.15098551 28.75179886 -30.14553584 4.25516170e-02
87.36717551 27.77415329 -26.53447354 0.00000000e+00
86.27819670 27.93371488 -26.26275385 3.57553580e-01
86.39509138 28.03425527 -28.24318730 2.30284170e-02
87.82555053 27.88771317 -29.03331457 9.25886510e-03
87.24966596 27.98834855 -29.48784524 0.00000000e+00
86.62952089 28.23540044 -31.36813465 1.72249970e-03
87.19879839 28.02577827 -29.90605130 0.00000000e+00
88.46908537 27.91206167 -30.12258793 3.63205030e-01
87.32108904 28.01967689 -30.01904821 0.00000000e+00
88.59384174 27.80187309 -28.67198326 1.18639030e-02
87.93202117 27.98346919 -30.39958347 3.20130650e-03
88.05408922 27.97507309 -30.44140956 2.07432930e-01
88.29479295 28.06025168 -31.59177811 1.69524220e+00
89.93304255 27.84593158 -30.04192742 1.35208820e-01
88.54224283 27.94125215 -30.50939125 2.51385020e-01
89.89603057 27.77905950 -29.08489534 1.86517260e-01
87.48925179 27.76869611 -26.68334694 1.02470120e-03
87.49779304 27.87194944 -28.25199604 0.00000000e+00
88.43409806 27.84638760 -29.21112914 1.94973070e-01
88.42638861 27.74481457 -27.63134393 6.91440320e-02
87.97711965 27.74126236 -27.05268192 1.65004140e+00
87.81732782 27.78545968 -27.48512751 1.17161460e-01
88.23835169 27.51935525 -23.45219739 1.63110620e-01
87.24506717 27.77912969 -26.36552363 0.00000000e+00
87.20729986 27.81552009 -26.83853386 0.00000000e+00
86.84097198 27.82937453 -26.21210385 1.68973070e-04
86.84553617 27.72254005 -24.38614076 2.08064010e-03
86.60620810 27.94763014 -27.44731993 2.29842440e-03
86.72815788 27.94140513 -27.67552063 1.87522100e-03
87.45999834 27.90845143 -28.73342419 0.00000000e+00
86.47960630 27.73692765 -23.34812914 4.23686380e-02
86.47476606 27.84625340 -25.38250541 2.22318710e-02
85.57469018 27.71426930 -15.95872000 2.19991950e-03
87.70656216 27.48309739 -21.71006821 1.50320470e+00
87.71494756 27.58557378 -24.00472076 5.93061050e-01
86.89674552 27.68545466 -23.79114752 1.96271510e-03
87.74906681 27.65236531 -25.33536568 3.90303050e-01
87.87415669 27.54260107 -23.37844390 1.06887110e+00
88.11373883 27.62995069 -25.54161576 4.12231110e-01
89.08808077 27.46858554 -23.03780602 4.23958480e-03
88.44316265 27.53949024 -24.18305769 1.23649600e-01
88.72112616 27.58982661 -25.37969571 5.28046650e-03
90.01522744 27.36376810 -21.40004353 3.28666710e-01
90.02179451 27.46606264 -23.75383230 2.70640950e-01
88.31401325 27.44614103 -21.84723816 1.43464490e-01
88.68581203 27.52386973 -24.04458918 1.40749690e-02
88.07116239 27.46229346 -21.88964872 8.10131760e-02
88.32185912 27.54772140 -24.22624119 2.00514380e-01
87.51715318 27.35365448 -16.07921349 9.33573440e-01
89.04271539 27.40245093 -21.42662446 1.64837110e-02
87.38789654 27.56538105 -22.76426248 4.74402230e-02
87.58870109 27.38537976 -18.11754753 1.06915450e+00
87.46712732 27.38985137 -17.83065879 7.51658520e-01
87.34152191 27.49762473 -20.89828692 9.17127740e-02
84.28714609 28.19306188 -18.98735971 3.94890330e-01
84.40127608 28.15397234 -18.89396787 3.25057350e-01
87.03134643 27.36513137 -14.34314725 2.48494450e-01
87.46324248 27.49350002 -21.27074787 2.34469370e-01
86.89197506 27.47308012 -17.25731865 1.31395840e-01
87.26623087 27.56942636 -22.52766683 2.17091720e-02
84.95810269 27.84275486 -13.87997325 1.37836020e-03
84.90719672 27.59924209 -8.62192712 0.00000000e+00
84.66309814 28.02454316 -16.77084186 3.86466450e-02
84.20756686 28.18313045 -17.21939592 1.43284110e-01
85.22935889 27.82144778 -16.11821491 1.30704940e-03
85.18461055 27.76142742 -13.63721252 1.28069690e-03
85.64581969 27.62022128 -13.41234492 5.54587850e-04
85.56427192 27.60332642 -12.58857015 1.58714100e-04
84.88941631 27.94259890 -16.54083641 1.98265700e-03
84.99242139 27.79271393 -13.05283937 1.00585580e-03
85.81050771 27.65988234 -16.26155651 4.95453770e-03
85.28810389 27.95262277 -21.63241355 7.13447370e-03
85.69199225 27.68493244 -16.08040294 4.97862400e-03
85.51397676 27.99613578 -24.24962599 6.20848140e-03
83.74635934 28.32986810 -17.01139258 7.03940370e-02
83.33307125 28.59586946 -23.25070958 4.32641460e-01
84.22269240 27.95778506 -10.98559264 0.00000000e+00
83.71109389 28.37705893 -18.84592324 1.07384010e-01
83.85208281 28.18783177 -13.40067946 1.79257160e-02
83.27949041 28.46352993 -16.12712128 5.32073660e-03
83.97771309 28.25815121 -17.22670009 9.91652630e-02
83.80034040 28.45978956 -23.75179340 1.94428870e-01
83.82508957 28.12302378 -11.57736781 5.78621300e-04
83.16202718 28.49511205 -15.79150243 5.84295680e-04
84.17043556 28.01209354 -11.79858073 0.00000000e+00
83.73610000 28.22323044 -13.28323574 1.55373440e-02
83.94061390 28.08695620 -11.66874462 4.86361900e-04
83.70079299 28.27039559 -14.15455593 2.83083300e-02
84.73199374 27.92534807 -14.09952750 1.60445240e-03
84.85118739 27.76974328 -11.62067791 1.27509290e-04
83.70917012 28.15818118 -11.47382396 1.91692880e-03
85.23970150 27.59082596 -10.42008796 0.00000000e+00
84.05572729 28.04996572 -11.74457435 1.26887330e-04
85.32392107 27.48643398 -8.79474717 0.00000000e+00
84.39865453 27.93383910 -11.84328990 1.22461510e-04
85.65066386 27.50526642 -10.97996797 1.33590940e-04
84.68262742 27.68324762 -8.85291602 0.00000000e+00
85.20023602 27.41559405 -6.73369447 0.00000000e+00
84.78885087 27.75550038 -10.88527649 0.00000000e+00
86.75536548 27.29761953 -11.34185167 1.00412300e-01
85.43827822 27.44980666 -8.67095736 0.00000000e+00
88.12661818 27.22025605 -12.87790538 4.31328680e-04
85.12657041 27.63093146 -10.54846901 0.00000000e+00
86.54539670 27.37261887 -12.29244927 5.32069240e-02
84.41985249 27.59435944 -5.85559108 0.00000000e+00
84.86314382 27.54095889 -7.30014570 0.00000000e+00
85.54820071 27.19018606 -4.38371687 2.81564310e-05
84.63855119 27.62530531 -7.57577934 0.00000000e+00
85.48275826 27.17061112 -4.01869321 2.85914110e-05
84.47087324 27.53887240 -5.19272912 0.00000000e+00
85.20534048 27.30014791 -4.79215854 3.11085690e-05
84.33397408 27.69870656 -7.12495024 0.00000000e+00
84.69528048 27.45523030 -4.95619742 0.00000000e+00
83.99145774 27.81440369 -7.10778858 0.00000000e+00
84.30667175 27.63466555 -5.93224936 0.00000000e+00
83.14161669 28.09505948 -6.86622046 0.00000000e+00
83.50172445 27.88908313 -5.69133153 0.00000000e+00
83.05933802 28.07890871 -6.15470669 0.00000000e+00
84.13122246 27.65834049 -5.40913484 0.00000000e+00
83.67190396 27.80359005 -5.29870746 0.00000000e+00
83.38499245 27.92124602 -5.57406260 0.00000000e+00
83.20563046 27.93179150 -4.91541357 0.00000000e+00
83.61805845 27.85589903 -5.78892774 0.00000000e+00
84.55567395 27.43348334 -3.87917576 0.00000000e+00
83.21425708 27.81941911 -3.75240782 0.00000000e+00
83.90030660 27.51435832 -1.22186382 3.38197470e-03
83.64499277 27.73837131 -4.37328113 0.00000000e+00
83.86538779 27.56191260 -2.44172363 0.00000000e+00
83.76046376 27.70393437 -4.41843743 0.00000000e+00
83.63463965 27.63178886 -2.40591075 0.00000000e+00
84.65769044 27.28349310 -1.77516995 7.68530960e-03
83.98002516 27.52523423 -2.43729600 0.00000000e+00
85.24934728 27.01886410 -0.75203163 2.59208960e-02
86.51703398 26.86877517 -1.83772798 1.62959050e-01
84.76921191 27.24042853 -1.89362931 8.75785730e-03
84.32096203 27.40865331 -2.14879781 3.45585040e-03
83.79546469 27.65669175 -4.04055513 0.00000000e+00
85.21535006 27.06924571 -1.61700739 1.67313960e-03
84.44343565 27.47495604 -4.07280571 0.00000000e+00
85.92284726 27.00373039 -2.93885731 2.67823600e-05
84.58971655 27.38360602 -3.24353136 0.00000000e+00
88.44689041 27.02871037 -8.57019047 2.18713250e-04
86.64749574 26.97705808 -3.98656027 4.65745840e-01
85.31850117 27.26060031 -4.60656445 3.01242080e-05
87.97762323 26.95649857 -4.99910204 0.00000000e+00
86.02336814 27.10514366 -4.45445061 0.00000000e+00
88.46013534 26.92570828 -5.02092382 3.37952510e-03
85.09290257 27.34141126 -5.00462615 0.00000000e+00
85.60346914 27.02426939 -2.40737936 3.02779120e-04
85.95465612 27.07480154 -3.95116101 2.67769830e-05
85.54342170 27.30546414 -6.27364410 2.85589980e-05
85.91276203 26.89288346 -1.22919266 3.41625930e-04
85.83971705 26.97747888 -2.36154276 2.69932890e-05
86.88943731 26.97876168 -4.38967756 6.08148700e-01
86.52652365 26.97672450 -3.74019912 5.63817160e-01
85.59298172 26.91280872 -0.61501641 1.80788130e-02
85.56810752 27.07116554 -2.97847409 0.00000000e+00
86.07999166 26.95214260 -2.50632075 2.62589370e-05
88.73897338 26.87337403 -4.18996639 7.26576130e-03
86.76846641 26.97786582 -4.18901353 7.40186030e-01
87.16872035 26.94473463 -4.16825883 1.64896570e-03
86.67531126 26.83465850 -1.03040843 5.41809930e-02
88.01203270 27.02278212 -7.20546829 0.00000000e+00
88.58070932 26.91759804 -5.12893517 4.41365740e-03
87.77352090 26.93223648 -3.94798977 0.00000000e+00
87.11447499 27.08433534 -7.35986989 4.51267570e-01
88.37436977 26.99959286 -7.26334069 3.74990980e-04
88.70129959 26.90979141 -5.22305108 1.53245500e-02
88.20995165 27.24889307 -13.59623467 2.65914900e-03
89.65545387 27.07051461 -11.33079512 9.24747070e-02
87.13138605 26.97959978 -4.90427263 7.03914200e-03
86.38660452 27.08652114 -5.21522390 2.44628170e-01
86.90494900 27.15505772 -8.42634671 8.98570980e-02
86.06040100 27.39890943 -10.73542883 5.52903440e-03
86.66200839 27.15567498 -7.59357764 6.56531020e-02
86.02841532 27.32795156 -8.99787127 1.96485000e-03
86.16375040 26.98411379 -3.15434305 1.58607640e-04
85.78349515 27.13727040 -4.31580772 2.73542580e-05
86.68033315 27.04859230 -5.29755196 2.67714120e-01
86.07512398 27.06354299 -4.05816088 0.00000000e+00
85.83487151 27.09087785 -3.89081780 2.71469980e-05
85.66514664 27.16117558 -4.32602604 2.77295820e-05
86.01842272 27.21739109 -6.52271786 3.74613210e-04
85.67070225 27.38710366 -8.56604824 0.00000000e+00
86.13929613 27.20704326 -6.76665904 2.93658370e-03
85.53376070 27.53567208 -10.98156805 0.00000000e+00
86.73719635 27.40475444 -13.81605419 2.14622380e-01
86.67135847 27.26282766 -10.19922417 5.57627950e-02
87.10222020 27.39902395 -16.01829229 2.63658700e-01
86.87670559 27.29645296 -11.75233071 1.13440410e-01
87.34551658 27.39355862 -17.33255507 1.99183590e-01
87.03547453 27.25976635 -11.40523250 4.83576220e-02
87.52082632 27.25017645 -12.50505173 4.69204790e-02
87.48327887 27.28581242 -13.26239185 2.47402850e-01
89.17787578 27.19165713 -13.24450257 1.96957720e-02
88.24762185 27.21233795 -12.84946323 9.75940850e-04
88.92832475 27.10122156 -11.19538679 4.94761460e-02
90.01898963 27.05584737 -11.47629927 2.26364310e-01
89.09472352 27.16123631 -12.57141232 2.17885500e-02
90.05719595 27.01996818 -10.85728343 3.30198210e-01
89.29183739 27.08447596 -11.20052811 8.05096820e-02
89.89921967 26.95835323 -8.82216420 4.71489540e-01
89.09903528 26.95624398 -7.49396879 5.58337990e-02
89.58260829 26.93655733 -7.42915960 4.06588720e-01
89.93600987 27.02520630 -10.79893090 2.63936180e-01
90.74607791 26.91724272 -9.13079033 6.79683860e-01
90.75148122 27.12201445 -13.55243706 3.69194270e-01
92.11144925 27.03864810 -10.47625469 1.12201220e+00
92.31254936 27.22290252 -13.74778678 3.45192120e+00
93.11342717 27.41559142 -8.61381939 2.93203140e+00
91.10884249 27.00453143 -11.75391312 4.34813670e-01
90.78982550 27.08592766 -12.94748994 4.09083630e-01
91.87708608 26.89691487 -7.52083613 4.62635740e-01
91.51567566 26.76538260 -4.43506065 8.13030210e-01
90.98802308 26.90625791 -9.16548930 6.54632900e-01
91.35644830 26.79649053 -5.46332155 8.31221420e-01
91.03255973 26.76809394 -4.39678271 9.74308230e-01
90.79118457 26.77836244 -4.35191069 9.37267130e-01
90.26227251 26.94199020 -8.96951389 6.51237300e-01
89.82439056 26.92720559 -7.47239132 4.14589620e-01
90.02026057 26.95321035 -8.89331619 4.57659160e-01
90.06610756 26.91698616 -7.58557734 4.81178030e-01
88.94257974 26.89579937 -5.28501023 4.07948380e-02
89.54622245 26.86958533 -5.13283135 4.24762100e-01
89.90843116 26.85539052 -5.26376035 4.50338960e-01
89.58416807 26.83396654 -4.14038292 4.32326810e-01
88.97296934 26.75771617 -1.01254030 9.70343590e-01
90.06719428 26.81434579 -4.34276812 2.24296410e-01
89.70350513 26.93194753 -7.43502149 4.99706400e-01
89.93993292 26.71732447 -1.13521990 1.03005710e-02
89.70494628 26.82933686 -4.20221509 4.18168980e-01
89.46338449 26.83858511 -4.10618199 6.77293460e-01
89.66015518 26.76268583 -2.15879552 8.38335100e-03
89.45642575 26.73630430 -1.03704344 2.02766870e-03
88.82192181 26.90249782 -5.27739468 2.43804820e-02
89.90182407 26.75309673 -2.25660736 1.26586070e-02
90.02263228 26.74794596 -2.25731452 1.25364120e-02
91.47194676 26.69589703 -2.29219889 1.25215180e+00
91.71320070 26.70911002 -2.28222669 1.20174940e+00
90.06077106 26.71208226 -1.12209462 1.69419930e-02
90.14341842 26.74249666 -2.23318521 1.43068440e-02
90.18158603 26.70652849 -1.11109059 2.09728670e-02
91.63124893 26.66892299 -1.14200068 1.60676110e+00
91.38965528 26.66025678 -1.14754779 1.58885570e+00
90.91157738 26.87527229 -7.79733290 8.09981310e-01
91.23567609 26.79710592 -5.44908350 8.58725990e-01
92.46021054 26.92968882 -3.69231181 1.94462490e-01
92.64414938 26.92860729 -2.01736547 3.77888030e+00
93.21710501 27.37033842 -5.11873763 4.26168900e+00
92.42381730 26.95165455 -4.32041768 3.08003070e-01
92.53678048 26.98987172 -4.19740389 4.45388660e-01
93.38642656 27.39903782 -3.62998830 4.10403190e+00
92.30928707 26.91738914 -4.51942674 4.90174490e-01
92.45618455 26.82622106 -1.03306111 2.34951310e+00
91.87161975 26.69207337 -1.13864713 9.00302120e-01
93.17858570 27.18084938 -1.80774064 3.51557250e+00
93.71546888 27.46545791 -0.82979889 1.75533020e+00
93.51667706 27.34180301 -0.85084649 1.70747180e+00
93.31763839 27.32570636 -3.15697305 4.12238900e+00
93.74158574 28.59054868 -30.44480702 0.00000000e+00
93.81868941 27.73359784 -5.14808148 3.93973090e+00
93.81384644 27.52861571 -0.82153886 1.78539950e+00
93.48420060 27.35591917 -1.71477053 2.45140250e+00
92.86541980 27.22587547 -6.60610436 1.70398140e+00
94.01374683 27.86190055 -6.99553882 3.28815790e+00
93.07452446 27.12569500 -1.84250197 4.20564420e+00
92.75693253 27.17771647 -6.81045044 1.21098820e+00
93.62139202 27.60817297 -4.80949940 4.18662080e+00
93.11157006 27.21264669 -3.25801077 4.59669040e+00
93.07970904 27.43167813 -10.07615868 3.01933760e+00
93.88673808 27.91238975 -10.29791758 4.32681060e+00
92.68374840 27.21476405 -9.37567215 7.67522940e-01
93.42112846 27.48665924 -4.94252856 4.28305740e+00
92.64822407 27.23432575 -10.62456131 1.03551490e+00
93.31963683 27.42776049 -5.02231634 4.22361290e+00
92.42298951 27.15428877 -10.91793499 5.56057320e-01
93.28528684 27.44191210 -5.94529285 4.25715110e+00
93.21517498 27.26833449 -3.20598282 4.36411210e+00
92.53519267 27.09062826 -7.27677770 3.90013490e-01
92.34614450 26.89409855 -3.79023114 3.04484490e-01
91.71406262 26.91338442 -8.93890696 7.49549420e-01
91.87826114 27.10100796 -12.94119469 8.97015910e-01
93.21738895 27.47143754 -8.47106319 3.58393510e+00
93.01191363 27.46458651 -12.76606969 3.81313980e+00
93.28717460 27.54389061 -9.89593056 4.08943410e+00
92.65122298 27.43789542 -18.15285885 6.42792910e-01
93.49029168 27.66235600 -9.74505055 4.29788500e+00
92.53920774 27.39599994 -18.14942620 3.23215000e-01
92.79342664 27.26099387 -9.17768356 1.48092800e+00
92.68946113 27.41942797 -16.50925571 2.32159270e+00
93.69278523 27.88821666 -14.20470895 5.62434150e+00
93.98687356 28.07930518 -14.51158846 5.13636060e+00
93.78861524 27.84860148 -9.62587705 4.06751660e+00
93.98206311 27.87444074 -7.85001292 3.29181650e+00
93.68989267 27.78558158 -9.65154175 4.15225700e+00
93.11702831 27.51844220 -12.74655437 3.65000980e+00
93.88937798 28.01492878 -14.24488700 5.11376800e+00
90.90391847 27.28549211 -20.82124510 6.86148150e-01
93.92105633 28.00215018 -13.05476034 4.99632080e+00
93.62938378 28.01636826 -20.59952758 4.98887200e+00
93.18985607 27.79271767 -21.42575291 2.05163530e+00
92.80408338 27.77106757 -25.27277378 0.00000000e+00
92.87602295 27.73604934 -23.88139734 2.22986390e-02
93.93090691 28.41164819 -25.31426335 4.85427940e+00
93.89665061 28.32195770 -23.88418034 5.41604770e+00
92.46781923 27.54046678 -23.11382354 7.08117730e-03
92.98491780 27.98960614 -27.58713898 0.00000000e+00
93.52923485 27.95472234 -20.59168462 4.60082410e+00
93.99166626 28.28404956 -21.46621552 5.96502830e+00
90.30293609 27.41871748 -23.03887359 2.50637660e-01
91.39590879 27.47859548 -25.27397778 5.79976160e-01
92.79823475 27.56642069 -20.62681917 2.78948710e-01
91.96187585 27.45248408 -23.93807591 5.25839340e-01
92.57820115 27.37635892 -16.45925477 1.97105350e+00
92.57662682 27.47707555 -20.67246788 1.73107050e-01
92.31025449 27.32373538 -18.14901836 4.72573320e-01
93.32563225 27.73381178 -16.87974655 4.81400400e+00
91.83612679 27.23166887 -18.13951093 6.77684990e-01
92.19348419 27.29395857 -18.15301117 6.84033000e-01
92.42552678 27.35785244 -18.14289103 2.94220220e-01
92.54051007 27.49778419 -21.49675649 1.29077110e-01
92.23356413 27.16823919 -12.89040915 2.94709140e+00
92.23467003 27.27004077 -16.34728318 7.93094010e-01
91.23561153 27.10404450 -13.61186249 3.15066290e-01
91.15294633 27.17396954 -16.16493393 3.72383130e-01
91.35151674 27.30797481 -21.60910100 6.17183390e-01
91.95619668 27.24793467 -18.14628076 7.00700590e-01
90.87245650 27.11614936 -13.56981494 3.91326730e-01
90.78941588 27.18844335 -16.12733724 3.74325790e-01
88.68095769 27.31983172 -18.07143028 4.22599680e-02
89.20957794 27.46336487 -22.99904348 6.55510420e-03
91.51181180 27.27641875 -20.83480792 5.81371870e-01
89.33109049 27.45853565 -22.97070559 1.20793630e-02
90.63052109 27.12823046 -13.53100806 3.13760550e-01
90.54783833 27.09836842 -12.90076938 3.04507090e-01
89.41444629 27.48952494 -23.72869982 1.30214220e-02
89.44560447 27.35173916 -20.39373164 2.98287500e-02
89.81041952 27.33802324 -20.48163837 3.00356570e-01
89.17147981 27.49907140 -23.78762970 2.18589730e-03
89.68882436 27.34269703 -20.43621267 1.18794070e-01
90.29659055 27.31644935 -20.71964952 2.61994750e-01
89.45261031 27.45395473 -22.95589134 2.79557280e-02
92.11897665 27.44692609 -23.14775870 2.32611800e-01
90.06009037 27.43018620 -22.99793006 3.10865310e-01
91.14660085 27.58381903 -26.95710386 5.37429220e-01
90.42432123 27.41253157 -23.05894950 2.73443340e-01
90.25617855 27.55781616 -25.74051385 2.80673750e-01
90.54568717 27.40615812 -23.07807452 3.36688510e-01
90.17165788 27.63026644 -26.87923199 2.11694770e-01
91.51720551 27.37875778 -23.15849004 4.98607770e-01
90.54500349 27.50875780 -25.19049411 3.11302230e-01
92.00007078 27.42468395 -23.15606038 5.24104840e-01
91.03102309 27.48512721 -25.24796243 6.05754900e-01
91.22980228 27.61605036 -27.50623263 5.74350100e-01
91.72254490 27.73047278 -29.15932503 5.39560550e-01
90.78092156 27.59894805 -26.93338044 3.81430890e-01
92.58098914 27.78231144 -26.99937252 0.00000000e+00
90.17698894 27.83518319 -30.04683350 1.16065520e-01
90.98597590 27.62356459 -27.49408971 3.53424250e-01
90.90947968 27.49020633 -25.23581608 4.97794110e-01
90.30199818 27.52135191 -25.15432456 2.68837290e-01
89.56185041 27.65492947 -26.85632857 1.91463800e-01
90.13966538 27.76853833 -29.09316489 1.48977470e-01
89.31784441 27.66386802 -26.87975570 1.35101510e-02
89.81569305 27.54293620 -25.09318830 2.30798860e-01
89.43984724 27.65934300 -26.86488957 5.27059730e-02
88.71285792 27.89669438 -30.11772031 1.18805570e-02
89.40854164 27.79707330 -29.09640781 1.10674120e-01
90.05628513 27.73811374 -28.53475667 1.58025180e-01
89.16478163 27.80637271 -29.12330249 2.30746410e-02
89.76420627 27.88672851 -30.44225217 2.23641290e-01
89.88641841 27.88199752 -30.44176152 1.48567490e-01
89.81103191 27.85077153 -30.04135714 2.03797160e-01
90.26144188 27.76272863 -29.09823192 1.63931060e-01
90.00860866 27.87694719 -30.44237343 1.07388880e-01
90.66517039 27.70749195 -28.57005355 2.74871690e-01
89.92339309 27.94887556 -31.19927095 1.09134970e-01
91.03027710 27.79252054 -30.07377615 2.39147480e-01
91.15231940 27.68604637 -28.59352589 3.75129530e-01
91.14617686 27.89103497 -31.22213780 1.97069980e-01
91.71830575 27.83210068 -30.49192554 3.20804970e-01
93.40888160 28.52066086 -31.81494147 0.00000000e+00
92.24117629 27.88081224 -30.13289572 0.00000000e+00
92.08078731 27.87975540 -30.51167451 2.73412820e-02
92.58542907 27.88512437 -28.66623517 0.00000000e+00
91.76185142 27.80172956 -30.09944441 3.33824870e-01
92.23997491 27.77908529 -28.63869231 0.00000000e+00
92.58703463 27.98682187 -30.17353770 0.00000000e+00
93.80294475 28.46225127 -27.74737791 7.99600900e-01
92.31954407 27.83360198 -29.19767310 0.00000000e+00
92.54477685 27.80301791 -27.55264202 0.00000000e+00
92.76647821 27.78848655 -25.85923361 0.00000000e+00
92.65727019 27.84491605 -27.55327203 0.00000000e+00
91.71725348 27.62805881 -27.52495043 5.95921430e-01
92.46732469 27.74291428 -27.00017051 0.00000000e+00
93.12493333 28.02700036 -27.03415931 0.00000000e+00
92.80326713 27.87175539 -27.00836465 0.00000000e+00
93.09111104 28.04299143 -27.60293619 0.00000000e+00
94.03367291 28.68133549 -29.01236625 1.33014260e+00
92.88138607 28.04141622 -29.27895334 0.00000000e+00
93.01916574 27.97287780 -27.02692067 0.00000000e+00
92.91602810 28.02387709 -28.71369598 0.00000000e+00
93.33264284 28.14097847 -27.06629126 5.05279410e-03
93.73595294 28.38568554 -27.13432373 8.91604250e-01
93.40203422 28.21464172 -27.65369976 0.00000000e+00
93.23305804 28.18592489 -28.78267880 0.00000000e+00
92.69898384 28.02996389 -30.19044228 0.00000000e+00
94.03641135 28.78380736 -30.52177692 7.81066120e-02
93.80594338 28.56482921 -29.51665657 1.69271250e-02
92.69786651 28.13057575 -31.33267728 0.00000000e+00
93.44171004 28.50642710 -31.45832968 0.00000000e+00
93.84041583 28.65427208 -30.46991115 1.73629430e-03
93.23578884 28.38887424 -31.41517029 0.00000000e+00
93.64368842 28.62931839 -31.49848408 0.00000000e+00
93.02905842 28.38115873 -32.46972996 0.00000000e+00
93.03311435 28.48397318 -33.57427300 0.00000000e+00
93.09521036 28.24671298 -30.64982488 0.00000000e+00
92.98882959 28.19323674 -30.62724488 0.00000000e+00
91.15193386 27.99325531 -32.29325385 1.67864520e-01
91.02969166 27.99746617 -32.28766058 1.83002670e-01
91.83983728 27.84358356 -30.49704743 1.74107870e-01
91.59667234 27.92672123 -31.59890394 6.34559190e-02
91.22965494 27.92313388 -31.58209620 1.48124050e-01
91.39632599 27.78541202 -30.08531663 2.33039960e-01
93.45883116 29.11988873 -37.36548214 0.00000000e+00
92.70226699 28.23338918 -32.42706322 0.00000000e+00
92.36534760 28.21810371 -33.47949598 0.00000000e+00
93.10115418 28.45134328 -32.84810583 0.00000000e+00
92.59462196 28.29301353 -33.51390808 0.00000000e+00
93.76290530 29.40814720 -38.24048951 0.00000000e+00
93.13498401 28.43539919 -32.49018326 0.00000000e+00
92.70669420 28.33619567 -33.53244000 0.00000000e+00
93.65819510 29.14100472 -36.50859043 0.00000000e+00
93.91781590 29.14066590 -35.04122001 0.00000000e+00
93.84560277 28.85880406 -32.61243221 0.00000000e+00
92.99890434 28.50065551 -33.93793088 0.00000000e+00
92.88278053 28.24386550 -31.72192372 0.00000000e+00
92.81279779 28.27981952 -32.44135124 0.00000000e+00
94.04759511 29.19357160 -34.72000155 0.00000000e+00
94.05035874 29.29592110 -35.65448802 0.00000000e+00
92.44229500 28.37609596 -34.91946383 0.00000000e+00
93.81688890 28.97418475 -34.03164303 0.00000000e+00
93.85148598 29.06367762 -34.71431053 0.00000000e+00
94.02467284 29.51303893 -37.66920724 0.00000000e+00
93.51907370 28.88792987 -35.02405511 0.00000000e+00
93.71786720 28.91065903 -34.02297563 0.00000000e+00
94.05334327 29.39839041 -36.51809749 0.00000000e+00
93.34907332 28.75436123 -34.68022096 0.00000000e+00
93.41733979 28.82739311 -35.01690743 0.00000000e+00
92.44847458 28.58047699 -36.73460585 0.00000000e+00
93.31456443 28.76826471 -35.01126479 0.00000000e+00
92.32591699 28.34213196 -34.90633473 0.00000000e+00
93.24571758 28.69634626 -34.67110840 0.00000000e+00
92.20800459 28.31259593 -34.89084550 0.00000000e+00
92.99893825 28.60140063 -34.98278373 0.00000000e+00
90.79088000 28.21358223 -34.41121741 6.85625560e-02
92.81903978 28.48434877 -34.62430026 0.00000000e+00
91.48045182 28.22939909 -34.80236067 3.15733970e-02
93.34665410 28.65238874 -33.61939087 0.00000000e+00
91.40213606 28.09223750 -33.38044330 3.58116450e-02
92.55840618 28.31369503 -33.87659540 0.00000000e+00
92.81710108 28.38263764 -33.53969676 0.00000000e+00
92.24957213 28.28867247 -34.54931858 0.00000000e+00
93.10513938 28.55414643 -33.95157470 0.00000000e+00
92.78128406 28.50167799 -34.96310382 0.00000000e+00
90.54649348 28.22664788 -34.40629818 4.51764770e-02
90.74663969 28.04501764 -32.63554977 1.02848150e-01
90.75269286 28.14723268 -33.70416396 8.55311760e-02
91.48546006 28.12735799 -33.74595571 2.28340580e-02
90.42428710 28.23315519 -34.40532023 3.42672780e-02
90.66868662 28.22005756 -34.40826580 5.77748330e-02
89.69049155 28.26532134 -34.41697623 1.73954170e-01
89.06621132 28.39003114 -35.44856246 1.77262010e+00
91.24096605 28.43462799 -36.65002708 7.87088380e-02
91.15763170 28.19783936 -34.42763091 1.31631790e-01
90.50072553 28.26329857 -34.75614531 3.78557970e-02
91.03533732 28.20211272 -34.42059906 1.75973700e-01
90.74550686 28.25014504 -34.75999023 5.86979970e-02
91.39694692 28.29669758 -35.44689295 3.12785890e-02
89.19605311 28.48723020 -36.35337514 1.41336870e+00
89.44572925 28.27375360 -34.42686887 5.91934790e-01
89.52069773 28.30534637 -34.77423236 4.29310880e-01
89.15753703 28.52274850 -36.65839878 1.31357590e+00
89.39811280 28.30951849 -34.77971951 7.48525960e-01
88.54473231 28.55356932 -36.66700006 7.88893940e-02
89.39586406 28.41199743 -35.73787357 8.67404710e-01
89.64131721 28.40368864 -35.72849611 2.48155620e-01
89.03039077 28.32334862 -34.79731631 1.53363560e+00
89.57000607 28.16705343 -33.35431336 3.47465470e-01
88.67632495 28.23916521 -33.75203233 1.75572920e+00
89.40934410 28.20672932 -33.71950499 6.09421410e-01
89.81445922 28.15825459 -33.34675606 1.07182360e-01
89.27552806 28.31380154 -34.78558333 1.06512980e+00
89.76922682 28.09160052 -32.63229623 1.50744360e-01
87.73829564 28.27094094 -33.23045094 0.00000000e+00
90.05228907 28.04599842 -32.27066593 6.24346040e-02
89.93665855 28.15345317 -33.34369762 6.75398880e-02
90.05751176 28.25091593 -34.40732679 5.12978680e-02
90.02030073 28.18414667 -33.69958926 5.33824180e-02
90.13341091 28.28170590 -34.75718347 4.82136790e-02
90.29672493 28.03452324 -32.27153000 6.55786720e-02
90.50241398 28.05805965 -32.63034667 7.94405630e-02
90.18097915 28.14272665 -33.34122032 4.20069960e-02
90.54725137 28.12403653 -33.34356597 7.19264740e-02
90.63066842 28.15373915 -33.70127239 6.77869440e-02
92.08669668 28.08419146 -32.72252845 2.45553050e-02
90.66930545 28.11747435 -33.34594337 8.44602350e-02
91.27422431 27.99058528 -32.29827067 9.35843720e-02
90.17452154 28.04044818 -32.27060138 5.48899290e-02
90.86876240 28.03881690 -32.63909415 1.24538690e-01
89.89148979 28.08689747 -32.62960535 9.37721320e-02
90.61839120 27.94928472 -31.56407450 1.39989820e-01
90.25172582 27.96835818 -31.55785305 8.11921260e-02
90.12945413 27.97415232 -31.55669942 7.11113340e-02
90.49709984 27.85319808 -30.45287637 1.45819820e-01
89.44490939 27.86405634 -30.05117289 2.50251120e-01
89.64011166 27.99378121 -31.56122894 3.21367410e-01
89.56312236 28.06482258 -32.27993469 3.85488570e-01
86.76102745 28.33429241 -32.61084111 0.00000000e+00
89.07383961 28.08291760 -32.30451017 1.57118720e-01
89.51773349 27.99809355 -31.56498548 4.11868590e-01
89.67863176 27.95823364 -31.20242654 2.86902190e-01
89.44079651 28.06908316 -32.28471508 3.96728350e-01
87.73006713 28.16837920 -32.15133845 0.00000000e+00
88.90860266 27.92013594 -30.49097798 7.83966970e-03
87.07200495 28.13757103 -31.01371260 0.00000000e+00
86.63892149 28.34326089 -32.50926793 6.68301280e-04
88.34066378 28.12509407 -32.30994363 1.53271740e+00
88.90590913 28.02246186 -31.59822532 2.80007310e-02
87.59948589 28.07342936 -31.01156937 0.00000000e+00
86.99639211 28.21242249 -31.68868441 0.00000000e+00
87.73438251 28.37441098 -34.30396087 0.00000000e+00
88.59244488 28.21025451 -33.39438209 1.85849960e+00
87.92882596 28.39428729 -34.71792433 0.00000000e+00
89.04272455 28.22057260 -33.73939408 7.28079140e-01
87.82237983 28.29931951 -33.61995241 0.00000000e+00
89.19614746 28.07797559 -32.29732885 2.71287070e-01
87.31686086 28.43841839 -34.47460687 0.00000000e+00
87.37193364 28.29525995 -33.05061676 0.00000000e+00
86.39502734 28.36451110 -32.30774996 9.67244710e-03
86.88318530 28.32599735 -32.70977162 0.00000000e+00
87.24975795 28.30292381 -32.97541864 0.00000000e+00
87.44770183 28.22101934 -32.36985495 0.00000000e+00
88.42461926 28.15328432 -32.67384694 1.71444650e+00
87.85223570 28.16005309 -32.19917799 0.00000000e+00
87.08090991 28.24284995 -32.12400804 0.00000000e+00
87.31680663 28.12437014 -31.19938834 0.00000000e+00
86.75177235 28.22716255 -31.47854022 0.00000000e+00
86.71411677 28.26560403 -31.82018215 0.00000000e+00
84.95653352 28.47921196 -29.79439295 3.43595460e-01
86.50735145 28.24462587 -31.25770983 2.52859930e-03
84.86464418 28.39907392 -28.25911924 4.28815180e-01
84.52161394 28.51796249 -28.54190832 2.94760040e-01
86.01081415 28.18930073 -29.44988938 1.09674300e+00
85.41774760 28.32788082 -29.45299274 8.89128470e-01
85.85380806 28.25483394 -29.89751034 1.20149240e-01
84.39196894 28.78265754 -31.28987990 4.45909700e-01
84.69897777 28.49381728 -28.96946347 3.13672040e-01
84.17672137 28.63346464 -28.70167929 5.60698970e-02
83.30890654 29.15499923 -31.52524978 6.26291440e-01
84.34695093 28.72413939 -30.51419933 3.21896280e-01
83.71280108 28.77908854 -28.72456050 1.04921800e-01
83.65848476 28.83203057 -29.20731191 1.35099710e-01
83.42425287 28.90081054 -29.10641255 4.44551910e-01
83.24454115 28.91519489 -28.49425301 8.04927820e-01
83.93067980 29.15135160 -33.58397003 1.70312920e-02
85.79154397 28.45678242 -31.99881204 9.45394500e-01
84.12564016 28.90652662 -31.70110367 4.08262400e-02
84.58711793 28.75396834 -31.62115663 3.59433220e-01
84.63201399 28.81265621 -32.36978754 2.67957490e-01
84.28645634 28.92765820 -32.44211376 4.31104640e-01
85.31696053 28.69852312 -33.27088180 2.12805950e-01
86.38531707 28.25523274 -31.14960839 1.39382650e-02
85.55027731 28.63026594 -33.19902466 1.44825550e+00
86.03117862 28.41098333 -32.06642724 2.62027910e+00
85.90606147 28.54609794 -33.19687305 2.76563990e+00
86.23619065 28.41911395 -32.57427771 4.34066630e-01
85.85429100 28.59425419 -33.57939870 3.07017600e+00
86.15203902 28.39292441 -32.13184339 1.48378730e+00
85.74497406 28.39163767 -31.20837838 2.78425280e-01
85.42815120 28.43825258 -30.87754674 1.59835160e+00
85.26582168 28.75206543 -33.68063133 8.29130240e-02
84.36910989 29.12084120 -34.68132539 6.90471160e-01
84.50970111 28.96420700 -33.54059704 4.03663560e-01
84.74691104 28.77385232 -32.33335981 1.47419760e-01
84.45721573 29.01839768 -33.92979826 4.97188760e-01
84.59698162 28.86136178 -32.76032602 2.91575450e-01
84.22563769 29.09412947 -33.95887715 5.63618870e-01
84.48191819 28.89983904 -32.78766280 4.94118530e-01
84.04691344 29.11475268 -33.58816840 6.30137040e-02
83.28253585 29.49523785 -34.91455965 6.69174450e-01
84.39429742 29.00238627 -33.56143125 6.32084980e-01
83.90377162 29.26953174 -34.69326301 1.98416420e-01
83.34654194 29.32845401 -33.44526562 1.48258910e+00
83.82263761 29.07506985 -32.44237249 1.02141110e-02
83.51719231 29.42466217 -34.98995226 1.50486430e+00
83.20297676 29.70476268 -36.59575212 4.22444160e-02
83.75138597 29.35332861 -35.03563723 4.55021730e-01
83.32896103 29.55521911 -35.63321540 3.52287880e-01
84.25306996 29.15856843 -34.69257000 7.60364090e-01
83.44616866 29.51975888 -35.66764797 1.03657050e+00
84.62495684 28.92578336 -33.51416411 1.85109860e-01
84.21765639 29.20665622 -35.05307097 7.51693230e-01
84.14679916 29.30264756 -35.74435402 7.43686460e-01
85.64745264 28.71817008 -34.35788921 1.08102000e+00
84.68111262 29.05486257 -34.99084100 2.59268670e-02
85.76621980 28.68928701 -34.35256505 2.22690870e+00
84.89912555 29.20564038 -36.98034714 1.49229680e-04
84.11136208 29.35056797 -36.07559873 7.58676970e-01
85.07342648 29.00066248 -35.59778243 7.42961800e-04
84.95760586 29.03806973 -35.62760956 6.30784820e-04
86.34305727 28.73897941 -35.96096834 3.61196530e-03
87.71809016 28.47883450 -35.32144480 0.00000000e+00
86.33816653 28.51785423 -33.80282361 1.86243480e-02
86.94947510 28.46394110 -34.24613734 0.00000000e+00
86.45524151 28.61518986 -34.99211815 2.90579350e-03
87.56172857 28.42132078 -34.59551019 0.00000000e+00
85.09160938 28.65805977 -32.19593651 1.32527860e-01
85.43855967 28.54862828 -32.05215403 1.45141080e+00
84.91887800 28.86464802 -33.80852413 1.23128990e-02
85.28728616 28.63248373 -32.50121856 3.81988880e-01
87.48995903 28.39171265 -34.20112616 0.00000000e+00
87.45620168 28.32457344 -33.46002864 0.00000000e+00
87.36770538 28.40005976 -34.13841243 0.00000000e+00
88.04735937 28.48778917 -35.70631209 0.00000000e+00
87.97869063 28.35630608 -34.37744303 0.00000000e+00
87.55749121 28.52541000 -35.57585175 0.00000000e+00
87.85654906 28.36543522 -34.34391199 0.00000000e+00
87.47300023 28.49697223 -35.22928241 0.00000000e+00
88.66289601 28.34204940 -34.80576944 1.61028820e+00
88.21577030 28.54302840 -36.34017686 0.00000000e+00
87.44342293 28.63821802 -36.46970050 0.00000000e+00
88.33050722 28.43225755 -35.44025055 8.21745870e-03
88.09339732 28.55251307 -36.32385688 0.00000000e+00
88.71164473 28.30515873 -34.45752386 1.94872440e+00
88.46059028 28.52516758 -36.36020192 2.62463670e-02
88.94349652 28.39538484 -35.45329571 1.93125880e+00
88.58306108 28.51708638 -36.36478154 1.32207370e-01
88.16245755 28.68364377 -37.55231102 0.00000000e+00
87.56581928 28.62863665 -36.50962899 0.00000000e+00
87.09137916 28.84300228 -37.91354251 0.00000000e+00
87.97102987 28.56216411 -36.30284586 0.00000000e+00
87.72219834 28.68520547 -37.16982646 0.00000000e+00
88.05522885 28.58969332 -36.62297521 0.00000000e+00
87.96719062 28.66519265 -37.21944567 0.00000000e+00
87.21422325 28.83208819 -37.95564112 0.00000000e+00
87.84469927 28.67518891 -37.19659807 0.00000000e+00
88.32750268 28.84125506 -39.08770808 0.00000000e+00
88.65028508 28.75113954 -38.48893799 7.54138910e-03
87.16689658 29.08359902 -40.20592300 0.00000000e+00
87.30754271 28.96422975 -39.23972040 0.00000000e+00
87.83238059 28.98558274 -39.99121221 0.00000000e+00
87.42180204 28.84901599 -38.33122848 0.00000000e+00
86.83131147 29.19179104 -40.83922624 0.00000000e+00
83.94272866 29.84328711 -40.07767327 8.19498390e-03
88.02791920 29.00246218 -40.35380811 0.00000000e+00
87.90487946 29.01341116 -40.34051213 0.00000000e+00
86.18697923 29.20940327 -39.94891829 0.00000000e+00
86.92112111 29.10955593 -40.14227633 0.00000000e+00
87.06225393 28.98769221 -39.17379713 0.00000000e+00
87.18488347 28.97578577 -39.20815546 0.00000000e+00
85.99138132 28.98188247 -37.52260521 1.79450030e-03
86.12262949 29.07062549 -38.56181389 0.00000000e+00
86.37554680 28.80881668 -36.63887568 1.69032070e-03
86.13243963 28.84398585 -36.54635593 1.76768000e-01
87.22288534 28.93694832 -38.90305494 0.00000000e+00
87.42628273 28.74408774 -37.39822192 0.00000000e+00
86.22150083 28.75555447 -35.90758375 2.81720630e-01
85.87093955 29.00643013 -37.50718702 9.76215920e-04
86.13730346 28.73093974 -35.54044469 6.04332790e-01
86.01155555 28.86499019 -36.51353243 2.53485590e-01
86.01643099 28.75126608 -35.50235892 1.45394190e+00
85.83942081 28.93756206 -36.82639077 2.40019620e-02
84.32002520 29.61370800 -39.04597852 1.68338260e-01
85.27825309 29.16178697 -37.57219852 0.00000000e+00
85.30012789 29.04244510 -36.55212705 2.43435170e-04
83.49968406 29.65080414 -37.01062320 2.08213850e-01
84.54314872 29.43176389 -38.03510060 5.49922520e-03
84.72625530 29.11388202 -35.67872651 5.18626540e-03
83.61697662 29.61477328 -37.03157454 8.83800790e-01
83.52642621 29.71617064 -37.68021950 3.61117760e-02
83.99536731 29.57035581 -37.72706784 1.13265510e+00
83.73580619 29.79818651 -39.03492757 7.91565710e-03
83.52827546 29.93662138 -39.69492824 0.00000000e+00
83.95972698 29.61818235 -38.05643429 1.01737960e+00
85.16522430 29.42044084 -39.63549140 0.00000000e+00
85.25286638 29.31943714 -38.93087564 0.00000000e+00
83.41102693 29.97349719 -39.67797219 0.00000000e+00
85.34257043 29.51862713 -41.09538367 0.00000000e+00
85.28264412 29.38561343 -39.61654389 0.00000000e+00
86.35589187 28.92247989 -37.62568362 1.75023350e-03
85.59598431 29.10996443 -37.85612012 0.00000000e+00
85.52402704 29.20466102 -38.54701827 0.00000000e+00
85.46106298 29.48581019 -41.08139586 0.00000000e+00
86.30874300 29.18935414 -39.97538327 0.00000000e+00
85.47769079 29.14181964 -37.87398654 0.00000000e+00
85.71487316 29.07998214 -37.84682673 0.00000000e+00
85.72042254 29.64620211 -43.42421246 0.00000000e+00
86.22934166 29.38926252 -41.86885321 0.00000000e+00
85.74631650 29.48876441 -41.84559142 0.00000000e+00
84.92748389 29.82729454 -43.07433132 0.00000000e+00
86.60496175 29.44022477 -43.08108636 0.00000000e+00
87.03915718 29.20369350 -41.26254315 0.00000000e+00
85.48188450 29.70614436 -43.43241750 0.00000000e+00
85.38892348 29.58079210 -41.87201053 0.00000000e+00
85.10664677 29.58743860 -41.12546788 0.00000000e+00
84.42288927 30.02112729 -43.47462430 0.00000000e+00
84.53999035 29.98425996 -43.47254975 0.00000000e+00
85.27062114 29.61406303 -41.88489266 0.00000000e+00
84.16877149 29.88169747 -41.19143563 1.07121830e-04
84.06151211 30.02553368 -42.33387419 0.00000000e+00
83.57472837 30.40116885 -44.61644199 0.00000000e+00
83.75562837 30.19580754 -43.08981890 0.00000000e+00
83.97997816 30.01469151 -41.95188061 0.00000000e+00
83.94424879 30.06263159 -42.33224477 0.00000000e+00
84.45863094 29.97315475 -43.09240780 0.00000000e+00
83.83718727 30.20657684 -43.47362286 0.00000000e+00
84.69288777 29.89959735 -43.08514669 0.00000000e+00
84.34152863 30.01015500 -43.09446752 0.00000000e+00
85.00917453 29.83976629 -43.45659187 0.00000000e+00
85.39927765 29.69065729 -43.04570755 0.00000000e+00
85.16281248 29.75726255 -43.06054514 0.00000000e+00
85.35289051 29.62833452 -42.26698945 0.00000000e+00
86.30413999 29.63764982 -44.60970983 0.00000000e+00
86.67050136 29.57691597 -44.61754733 0.00000000e+00
86.54816427 29.59604513 -44.61470840 0.00000000e+00
86.18251383 29.66027963 -44.60724254 0.00000000e+00
85.75683330 29.59975497 -43.02843045 0.00000000e+00
86.23947722 29.49976851 -43.04320650 0.00000000e+00
87.33182775 29.24264397 -42.05523977 0.00000000e+00
86.93431521 29.43114342 -43.49448275 0.00000000e+00
86.60016470 29.55108303 -44.23225573 0.00000000e+00
87.70081800 29.20490385 -42.10085942 0.00000000e+00
87.58672754 29.00808410 -39.95303527 0.00000000e+00
89.63596968 29.12104445 -42.49084371 0.00000000e+00
87.20025143 29.15082444 -40.92558810 0.00000000e+00
87.54774189 29.35943293 -43.54111536 0.00000000e+00
87.78549801 29.23109046 -42.47021532 0.00000000e+00
88.16228116 29.29837619 -43.56837123 0.00000000e+00
87.82385845 29.19288395 -42.11247227 0.00000000e+00
89.88306229 29.11256045 -42.48902328 7.03762490e-05
88.07002279 29.16985949 -42.13114439 0.00000000e+00
87.79344200 29.33377760 -43.55445858 0.00000000e+00
87.21284075 29.46770700 -44.25889367 0.00000000e+00
88.20076545 29.26081475 -43.21147016 0.00000000e+00
87.67057616 29.34643285 -43.54834774 0.00000000e+00
87.28434488 29.49440692 -44.63057741 0.00000000e+00
88.19686196 29.36358344 -44.28475030 0.00000000e+00
88.44343725 29.34330538 -44.28676426 0.00000000e+00
88.64085792 29.36384512 -44.64357887 0.00000000e+00
88.81391110 29.32031186 -44.28697293 0.00000000e+00
90.12715974 29.30772199 -44.64114778 0.00000000e+00
90.05057382 29.27683583 -44.28229058 0.00000000e+00
90.62204068 29.28240850 -44.64132199 5.50605250e-04
91.61677814 29.15227832 -43.57006791 0.00000000e+00
90.74570351 29.27553478 -44.64143344 4.43590220e-03
90.98819829 28.85300695 -40.36017033 2.41247320e-01
89.42082178 28.99124211 -41.06092288 0.00000000e+00
92.09588380 28.99978490 -41.42052552 0.00000000e+00
90.37056940 28.98823514 -41.41221796 6.47910240e-02
89.05693184 29.10568541 -42.14215533 0.00000000e+00
89.87643130 29.01029243 -41.41300456 1.99593830e-03
89.01811300 29.14123176 -42.50029675 0.00000000e+00
90.00657224 29.10772829 -42.48852544 1.95590450e-03
88.93337107 29.11072009 -42.14461189 0.00000000e+00
89.54449255 28.98738575 -41.05847384 1.68174250e-04
88.68637387 29.12316053 -42.14692971 0.00000000e+00
89.13740334 28.93239757 -40.37097310 2.63957610e-03
88.89458540 29.14646684 -42.50226717 0.00000000e+00
88.69034539 29.32692641 -44.28711075 0.00000000e+00
88.45034467 28.83223358 -39.09291497 0.00000000e+00
88.56991409 28.92619474 -40.04146754 0.00000000e+00
88.90365474 28.83982505 -39.39605108 2.33353620e-02
88.69302111 28.91868542 -40.04143206 1.05165450e-03
88.94226872 28.80404414 -39.09204996 2.79156090e-02
88.93939724 28.90625485 -40.03742874 9.94428670e-03
89.18847170 28.79430295 -39.08443361 3.77306700e-02
88.40436479 28.76744165 -38.48382008 0.00000000e+00
89.43472886 28.78609773 -39.07724521 2.93273930e-02
89.05821318 28.69699888 -38.17884512 2.72555270e-01
89.68097528 28.77806598 -39.07165400 2.91766530e-02
89.38905406 28.71933054 -38.47126612 1.48930070e-01
89.03490846 28.52760996 -36.66328678 1.43082940e+00
88.82526205 28.60534254 -37.27561727 3.58363600e-01
90.00642456 28.59497527 -37.54548027 1.78803560e-01
89.67420243 28.67582601 -38.15973884 1.42447410e-01
90.98889081 28.64808123 -38.46456456 2.17664320e-01
89.79738172 28.67149044 -38.15726554 1.42115140e-01
90.42131926 28.54105363 -37.23885136 8.96485690e-02
93.15240931 29.14908312 -39.10869005 0.00000000e+00
89.55576544 28.88461830 -40.02117942 3.43997460e-03
92.01565882 28.74921175 -39.09690278 0.00000000e+00
90.12509441 28.89752839 -40.35494698 5.17350940e-02
94.03685926 29.92259280 -41.40306129 0.00000000e+00
89.27289217 28.82547776 -39.38530041 1.56685190e-02
89.38437837 28.92415177 -40.36430919 4.31175190e-04
90.03902182 28.96965094 -41.05344844 1.40003780e-02
89.67903969 28.88059693 -40.01904868 4.89067040e-03
90.04874480 28.86667952 -40.01559374 5.25914220e-02
90.24845670 28.89176435 -40.35489890 9.79565410e-02
91.77248962 28.82181655 -40.03129128 5.57916790e-03
91.52610128 28.70709341 -39.08504458 2.93314860e-02
91.27991496 28.70671300 -39.07890756 6.36947820e-02
91.97699259 28.77719564 -39.39603360 0.00000000e+00
91.64960075 28.81361050 -40.02989881 2.11626100e-02
90.28611971 28.95830665 -41.05327963 6.14224220e-02
91.24081730 28.74162538 -39.38161385 8.35825690e-02
91.36388220 28.73981862 -39.38386389 4.25277110e-02
91.73108794 28.44496221 -36.68342285 4.89428680e-02
90.98930907 28.54558461 -37.55189794 2.04213330e-01
91.97090150 28.57290204 -37.60191785 5.62726230e-03
90.91088127 28.72006955 -39.07169387 2.28615410e-01
91.48132155 28.63811228 -38.47904476 3.36862360e-02
90.90488999 28.61786819 -38.15853439 2.01677140e-01
93.82514126 29.28093906 -36.79912441 0.00000000e+00
93.52934025 29.29603152 -38.52853106 0.00000000e+00
93.01163677 29.11113709 -39.39912735 0.00000000e+00
92.82864661 28.99272952 -39.10589294 0.00000000e+00
94.03379620 29.82023641 -40.35358072 0.00000000e+00
93.66095174 29.24316360 -37.37360032 0.00000000e+00
93.11849583 29.16491915 -39.40198640 0.00000000e+00
93.86561141 29.57499775 -39.10956141 0.00000000e+00
93.93530241 29.75459020 -40.35389859 0.00000000e+00
92.94011414 29.24458085 -41.04654740 0.00000000e+00
91.72845172 28.85234785 -40.36895577 8.51462490e-03
93.43112187 29.33793070 -39.40041714 0.00000000e+00
94.07176095 30.01295127 -42.12297092 0.00000000e+00
93.93829565 29.85686438 -41.40168715 0.00000000e+00
93.87112980 29.77923893 -41.04462045 0.00000000e+00
92.22147453 29.12681338 -42.48804017 0.00000000e+00
93.12127518 29.36742789 -41.40269939 0.00000000e+00
92.21630106 29.02425782 -41.41490542 0.00000000e+00
91.77365376 29.02567225 -42.13916904 0.00000000e+00
92.01319755 28.95194268 -41.06433302 0.00000000e+00
90.78607312 29.03407787 -42.13175753 1.20661420e-01
91.85193922 28.96500096 -41.42105277 0.00000000e+00
90.62364341 29.07718848 -42.48943091 6.87881800e-02
91.36413967 29.04651987 -42.49461695 1.62066820e-03
90.91547337 29.12980108 -43.20799858 4.69183150e-02
91.03286912 29.02177420 -42.13350724 9.59122070e-02
90.98774826 28.95550134 -41.41634346 1.62943980e-01
93.05718883 29.50247092 -43.19039309 0.00000000e+00
93.83917456 29.79181473 -41.40232775 0.00000000e+00
92.95139598 29.55173890 -44.27236656 0.00000000e+00
93.54701232 29.90874464 -44.63885142 0.00000000e+00
90.87638376 29.16598746 -43.56633351 2.62912900e-02
90.99371580 29.05769606 -42.49159267 7.10865660e-02
93.37304878 29.67234682 -43.19341081 0.00000000e+00
93.44461864 29.84761296 -44.63652381 0.00000000e+00
93.64634685 29.86953593 -43.55536880 0.00000000e+00
93.84623972 29.99691765 -43.55772066 0.00000000e+00
93.97683517 30.04954216 -43.19963900 0.00000000e+00
94.04347519 30.12754817 -43.56155786 0.00000000e+00
74.59439408 36.09315805 -44.13607425 0.00000000e+00
74.70040844 36.00980869 -44.56739995 0.00000000e+00
74.77542838 35.92066358 -44.56643969 0.00000000e+00
74.96916367 35.64834800 -44.12929288 0.00000000e+00
74.85053562 35.83160161 -44.56554455 0.00000000e+00
74.67578115 35.86736684 -42.83642731 0.00000000e+00
74.60114226 35.95646108 -42.83955631 0.00000000e+00
74.97527327 35.51185270 -42.82436408 0.00000000e+00
74.89398832 35.73711757 -44.13039670 0.00000000e+00
74.58230633 36.02184628 -43.27278352 0.00000000e+00
75.20199025 35.24676252 -42.81570973 0.00000000e+00
75.07675971 35.56512913 -44.56451859 0.00000000e+00
75.27226948 35.29498078 -44.12481789 0.00000000e+00
75.25880115 35.22423172 -43.24996307 0.00000000e+00
75.45927403 35.12484880 -44.55934676 0.00000000e+00
75.30520771 35.30023701 -44.56209709 0.00000000e+00
75.22875844 35.38832626 -44.56272080 0.00000000e+00
75.15262484 35.47663319 -44.56441594 0.00000000e+00
75.04454899 35.55973107 -44.12895933 0.00000000e+00
75.00114102 35.65380003 -44.56444074 0.00000000e+00
74.92575577 35.74263726 -44.56485214 0.00000000e+00
75.42576176 35.11963112 -44.11987640 0.00000000e+00
75.56712921 34.87508461 -43.24198721 0.00000000e+00
75.69436941 34.86443655 -44.55980667 0.00000000e+00
75.65979712 34.85914602 -44.11917790 0.00000000e+00
75.85462337 34.69320534 -44.56087118 0.00000000e+00
76.06492359 34.43527498 -44.12451641 0.00000000e+00
75.93602406 34.60846748 -44.56143788 0.00000000e+00
76.53705608 34.03830538 -44.57201503 0.00000000e+00
76.27212187 34.27704594 -44.56460514 0.00000000e+00
76.14891065 34.35260268 -44.12596223 0.00000000e+00
76.50594912 33.89908745 -42.85989340 0.00000000e+00
76.32056353 34.19000655 -44.13214569 0.00000000e+00
76.05008300 34.36523891 -43.25609560 0.00000000e+00
75.98204280 34.51874907 -44.12343243 0.00000000e+00
75.82561946 34.55275497 -42.81696745 0.00000000e+00
75.53701717 35.03763028 -44.55915094 0.00000000e+00
75.50910409 34.89660626 -42.80549671 0.00000000e+00
75.50318483 35.03241045 -44.11849771 0.00000000e+00
75.58116476 34.94556090 -44.11852218 0.00000000e+00
75.77409931 34.77854966 -44.56031853 0.00000000e+00
75.80764912 34.44343346 -41.51771775 0.00000000e+00
75.73912856 34.77320201 -44.12012520 0.00000000e+00
75.81922566 34.68777915 -44.12118971 0.00000000e+00
75.72481758 34.70286735 -43.24600379 0.00000000e+00
75.80478017 34.61751738 -43.24850507 0.00000000e+00
75.98885223 34.38425321 -42.82379212 0.00000000e+00
75.90016982 34.60293961 -44.12230906 0.00000000e+00
76.11627315 34.17301245 -41.97081115 0.00000000e+00
75.96733274 34.44863658 -43.25365081 0.00000000e+00
76.20145023 34.09124995 -41.97801514 0.00000000e+00
76.07198665 34.30108342 -42.82692798 0.00000000e+00
76.39290402 34.04043944 -43.27699383 0.00000000e+00
76.57957672 33.71189054 -41.60251771 0.00000000e+00
76.23411548 34.27083175 -44.12804551 0.00000000e+00
76.24179637 34.13735195 -42.83496617 0.00000000e+00
76.21901011 34.20094779 -43.26239517 0.00000000e+00
76.22428716 34.02762841 -41.55597739 0.00000000e+00
75.94947606 34.33916151 -41.95946588 0.00000000e+00
76.09864409 34.06336523 -40.69273346 0.00000000e+00
75.86765588 34.42336861 -41.95437850 0.00000000e+00
75.90675555 34.46816635 -42.82043717 0.00000000e+00
75.87099403 34.24931445 -40.24257597 0.00000000e+00
75.88885703 34.35874703 -41.52326591 0.00000000e+00
75.70933355 34.41950963 -40.22883150 0.00000000e+00
75.70675674 34.59369243 -41.94538388 0.00000000e+00
75.49094539 34.78774839 -41.50535442 0.00000000e+00
75.60943868 34.57061014 -40.64798519 0.00000000e+00
75.62751444 34.67968015 -41.94167770 0.00000000e+00
75.66590425 34.72369495 -42.81022457 0.00000000e+00
75.33647103 34.96250563 -41.50276681 0.00000000e+00
75.39529728 34.76622085 -40.21567952 0.00000000e+00
75.31697958 35.02794055 -41.93581356 0.00000000e+00
75.33519712 35.13648501 -43.24631039 0.00000000e+00
75.18275739 35.31221829 -43.25498049 0.00000000e+00
75.16453217 35.20396056 -41.94434698 0.00000000e+00
75.41345310 34.87495676 -41.50456877 0.00000000e+00
75.43163893 34.98368502 -42.80480300 0.00000000e+00
75.24057677 35.11582885 -41.93908691 0.00000000e+00
75.27814599 35.15880412 -42.81092593 0.00000000e+00
75.12615347 35.33494015 -42.82041021 0.00000000e+00
75.08879349 35.29230339 -41.95039704 0.00000000e+00
75.12018624 35.47129149 -44.12893453 0.00000000e+00
75.10701452 35.40041307 -43.25708506 0.00000000e+00
74.75048690 35.77834374 -42.83329038 0.00000000e+00
74.66918292 36.00403541 -44.13511956 0.00000000e+00
74.80639677 35.75487300 -43.26493500 0.00000000e+00
74.74402997 35.91497940 -44.13383964 0.00000000e+00
74.58305006 35.84939075 -41.54316343 0.00000000e+00
74.73162623 35.84378904 -43.26773957 0.00000000e+00
74.71348467 35.73645175 -41.96814579 0.00000000e+00
74.90019323 35.60056413 -42.82775550 0.00000000e+00
74.95707673 35.40399439 -41.52073838 0.00000000e+00
74.86385168 35.38515485 -40.23159082 0.00000000e+00
74.86308841 35.55839783 -41.96058156 0.00000000e+00
74.54614646 35.80781399 -40.68485725 3.56062260e-01
74.95629467 35.57734283 -43.25997501 0.00000000e+00
74.93809412 35.46953602 -41.95596742 0.00000000e+00
74.77009029 35.53988274 -40.66798504 0.00000000e+00
74.80711829 35.58185674 -41.52935326 0.00000000e+00
74.63882012 35.82560613 -41.97221837 0.00000000e+00
74.62072397 35.71843068 -40.67925373 0.00000000e+00
74.85108411 35.31414310 -39.39605995 0.00000000e+00
74.99512906 35.27286874 -40.65518032 0.00000000e+00
74.93890459 35.29613437 -40.22760154 0.00000000e+00
75.07654157 35.04778566 -39.38318049 0.00000000e+00
75.16558470 35.03014173 -40.21698743 0.00000000e+00
75.45890578 34.60837381 -39.38061593 0.00000000e+00
75.01419998 35.20728484 -40.22411625 0.00000000e+00
75.07059857 35.18419031 -40.65014984 0.00000000e+00
75.25993258 35.05035167 -41.50349613 0.00000000e+00
75.29879095 34.91938972 -40.64257703 0.00000000e+00
75.24174733 34.94189353 -40.21489050 0.00000000e+00
75.45295964 34.74423009 -40.64432785 0.00000000e+00
75.19550732 34.86594873 -38.97180207 0.00000000e+00
75.18212900 34.79518135 -38.15646298 0.00000000e+00
75.05023817 34.90606605 -37.75400978 0.00000000e+00
74.96912778 35.13102684 -38.97943371 0.00000000e+00
74.78897691 35.47430923 -40.23725399 0.00000000e+00
74.84492719 35.45074524 -40.66244504 0.00000000e+00
74.62725323 35.58171980 -39.41531599 0.00000000e+00
74.75123986 35.26104037 -37.77766025 0.00000000e+00
74.56497753 35.74232372 -40.25477987 7.37400940e-02
74.70175887 35.49243564 -39.40834234 0.00000000e+00
74.63956542 35.65290815 -40.24888451 0.00000000e+00
74.69536447 35.62911608 -40.67357072 0.00000000e+00
74.55281945 35.67107735 -39.42188056 2.87105180e-01
74.58404003 35.50475232 -38.20381688 2.27085220e-02
74.50992520 35.59396240 -38.16545115 5.62648810e-01
74.65822078 35.41561191 -38.19491898 0.00000000e+00
74.59623073 35.57599608 -39.01278590 0.00000000e+00
74.73316440 35.15349738 -36.55983059 0.00000000e+00
74.60274131 35.43928983 -37.79605004 0.00000000e+00
74.78878100 35.12994355 -36.95926443 0.00000000e+00
74.67694196 35.35012147 -37.78645874 0.00000000e+00
74.49191157 35.48695949 -36.83232745 7.10827650e-01
74.80757373 35.06436046 -36.55133574 0.00000000e+00
74.73248999 35.32655384 -38.18635176 0.00000000e+00
75.39339270 34.42373501 -36.93892050 0.00000000e+00
75.25811364 34.70733966 -38.15579948 0.00000000e+00
75.33601290 34.44567797 -36.53277633 0.00000000e+00
75.20137147 34.72971591 -37.74849507 0.00000000e+00
74.82566405 35.17206307 -37.76931758 0.00000000e+00
75.01309512 34.86346352 -36.94231537 0.00000000e+00
74.95701731 34.88653814 -36.53853021 0.00000000e+00
75.03121375 34.97158008 -38.16091045 0.00000000e+00
74.88141716 35.14875480 -38.17141213 0.00000000e+00
74.97512500 34.99455328 -37.75677791 0.00000000e+00
75.10651365 34.88327262 -38.15860282 0.00000000e+00
75.13727646 34.54526356 -35.28971776 0.00000000e+00
74.81952028 35.30866253 -38.99165383 0.00000000e+00
74.80687408 35.23759310 -38.17890709 0.00000000e+00
74.95618518 35.06007670 -38.16498920 0.00000000e+00
74.89421257 35.21976507 -38.98540776 0.00000000e+00
75.77526696 34.26386539 -39.40162292 0.00000000e+00
75.80960965 33.92928417 -36.58583409 0.00000000e+00
75.82071284 34.17357594 -38.99854180 0.00000000e+00
75.99218774 33.87175531 -37.81797028 0.00000000e+00
75.74002635 34.25840143 -38.99199353 0.00000000e+00
75.72569189 34.18809419 -38.17538816 0.00000000e+00
75.66650169 34.20852142 -37.76922270 0.00000000e+00
75.87003508 33.90973236 -36.99444092 0.00000000e+00
75.58733897 34.29428628 -37.76577060 0.00000000e+00
75.54913609 34.25026247 -36.95547944 0.00000000e+00
75.35408252 34.55442738 -37.74757142 0.00000000e+00
75.47092826 34.33677437 -36.94576152 0.00000000e+00
75.43119530 34.46728740 -37.75050099 0.00000000e+00
75.49092150 34.27154620 -36.54482499 0.00000000e+00
76.05880970 33.67978649 -36.65580014 0.00000000e+00
75.88775779 34.01925269 -38.19747465 0.00000000e+00
76.47436446 33.34550769 -37.19470727 0.00000000e+00
76.24825827 33.62784983 -37.89335766 0.00000000e+00
75.95267089 33.82629904 -37.01544931 0.00000000e+00
75.82737614 34.03874603 -37.78314168 0.00000000e+00
75.74648679 34.12331972 -37.77034671 0.00000000e+00
75.80624731 34.10333832 -38.18387095 0.00000000e+00
75.98502648 34.00600124 -39.02445935 0.00000000e+00
76.05396932 33.85337894 -38.23417006 0.00000000e+00
76.22500788 33.69111447 -38.28231841 0.00000000e+00
76.15384157 33.84171418 -39.06116836 0.00000000e+00
75.90235334 34.08941968 -39.01030513 0.00000000e+00
75.90925090 33.95486828 -37.79900235 0.00000000e+00
75.93855135 34.09513153 -39.42214776 0.00000000e+00
75.97030178 33.93590586 -38.21414442 0.00000000e+00
75.95325721 34.16522225 -40.25204119 0.00000000e+00
76.02174584 34.01187443 -39.43537240 0.00000000e+00
76.01458652 34.14610862 -40.68163772 0.00000000e+00
76.10611040 33.92947657 -39.45084645 0.00000000e+00
75.78971338 34.33409957 -40.23506531 0.00000000e+00
75.85641742 34.17915149 -39.41064300 0.00000000e+00
75.58118817 34.42979599 -38.97849279 0.00000000e+00
75.56711996 34.35935277 -38.16581528 0.00000000e+00
75.42525096 34.60314739 -38.97248771 0.00000000e+00
75.48895385 34.44573999 -38.15963190 0.00000000e+00
75.34819263 34.69042949 -38.97212562 0.00000000e+00
75.41145307 34.53257116 -38.15673437 0.00000000e+00
75.37562815 34.83164502 -40.64387795 0.00000000e+00
75.50288654 34.51624952 -38.97399349 0.00000000e+00
75.31829621 34.85390600 -40.21521254 0.00000000e+00
75.38152083 34.69564564 -39.37964840 0.00000000e+00
75.47281761 34.67888187 -40.21642496 0.00000000e+00
75.53690480 34.52151050 -39.38349975 0.00000000e+00
75.55095276 34.59195182 -40.21894351 0.00000000e+00
75.61558943 34.43510607 -39.38913416 0.00000000e+00
75.62977185 34.50547954 -40.22318280 0.00000000e+00
75.64782167 34.61459252 -41.50932831 0.00000000e+00
76.05426477 34.19149515 -41.53688667 0.00000000e+00
76.12107778 33.99942340 -40.27503773 0.00000000e+00
76.13865893 34.10909907 -41.54563832 0.00000000e+00
76.18392938 33.98153586 -40.70590484 0.00000000e+00
76.31118502 33.94713625 -41.56738461 0.00000000e+00
76.38216006 33.75783368 -40.31733270 0.00000000e+00
76.44745900 33.74203338 -40.74444138 0.00000000e+00
76.87993941 33.22597899 -39.21579025 4.05756510e-01
76.73250259 33.38131851 -39.57635557 0.00000000e+00
77.13305417 33.16073683 -40.42410282 9.79236690e+00
76.78491909 33.29915310 -39.20030158 0.00000000e+00
76.81686418 33.43793696 -40.80114935 0.00000000e+00
76.84301849 33.37673219 -40.39087046 0.00000000e+00
76.76502614 33.56066968 -41.62610548 0.00000000e+00
77.07299143 33.08261570 -39.24867708 8.04193730e+00
76.91216752 33.36462379 -40.81384373 0.00000000e+00
77.00853167 33.29234923 -40.82508297 4.05523870e-01
76.95508504 33.41372297 -41.64796132 0.00000000e+00
77.21482340 33.02141343 -39.64109027 4.04450820e+00
77.10580587 33.22099764 -40.83435260 8.94464350e+00
76.69097500 33.37335381 -39.18111370 0.00000000e+00
76.65489454 33.52580787 -40.36401869 0.00000000e+00
77.01914143 33.16258733 -39.62100676 8.64954610e+00
77.13838377 32.83300552 -37.37823207 2.29487430e-03
77.11658310 33.09157770 -39.63174068 9.37981210e+00
77.03546488 33.23181155 -40.41432014 6.11673380e+00
76.56265677 33.60200550 -40.34813703 0.00000000e+00
76.62959611 33.58770583 -40.77468094 0.00000000e+00
76.42542093 33.47034267 -37.95054970 0.00000000e+00
76.54704062 33.53243501 -39.53797912 0.00000000e+00
76.36680104 33.68810837 -39.50301359 0.00000000e+00
76.35832256 33.82082940 -40.73280058 0.00000000e+00
76.27860783 33.76754241 -39.48547102 0.00000000e+00
76.29383891 33.83734430 -40.30443894 0.00000000e+00
76.32771260 33.68130320 -39.09951355 0.00000000e+00
76.45628540 33.60973384 -39.52084887 0.00000000e+00
76.51591921 33.39319745 -37.97506131 0.00000000e+00
76.41659305 33.60266121 -39.11829919 0.00000000e+00
76.67519617 33.30383967 -38.40363037 0.00000000e+00
76.59819963 33.44863173 -39.15790134 0.00000000e+00
76.49910372 33.28325989 -36.82049749 0.00000000e+00
76.40121481 33.53292780 -38.33067749 0.00000000e+00
76.58256440 33.37905199 -38.37766100 0.00000000e+00
76.56583394 33.26910579 -37.22286387 0.00000000e+00
76.38418839 33.42303162 -37.16393804 0.00000000e+00
76.33619259 33.54856457 -37.92194825 0.00000000e+00
76.76900570 33.22971295 -38.42940805 4.16795870e-03
76.84760029 33.04661856 -37.31459055 7.33317120e+00
77.05665253 33.01338150 -38.49012678 1.78635200e+00
77.06780822 32.84312062 -36.99202155 2.23246700e-03
77.08377871 32.95317310 -38.11961478 2.93424180e-01
77.15429248 32.94307186 -38.50542456 1.81826550e-01
76.98662772 33.02405048 -38.10004460 5.29483310e+00
77.04062522 32.90334479 -37.36218091 2.73770670e-02
77.56427194 32.49972638 -37.06561045 1.07507050e-01
77.43566136 32.62640890 -37.42053859 6.15736710e+00
76.92256142 33.23448264 -39.60536049 9.01691990e-01
76.89033916 33.09581495 -38.07845091 7.00350300e+00
77.31375970 32.95200899 -39.64867963 1.05146610e+01
77.28033856 32.81383580 -38.14308641 4.02690310e+00
77.35167628 32.80474688 -38.52489638 9.74726340e+00
77.26930817 32.94266802 -39.26755697 8.18459060e+00
76.97601007 33.15383519 -39.23308483 7.73170610e+00
76.95981543 33.08453402 -38.47067298 8.61442150e+00
77.56858377 32.73812115 -39.29120848 3.73622650e-02
77.86930282 32.30214438 -37.09202347 0.00000000e+00
77.75351818 32.53628526 -38.55630784 0.00000000e+00
77.94312017 32.29626545 -37.46540829 0.00000000e+00
77.57977751 32.61003813 -38.17565780 5.21685250e-02
77.53590041 32.55886891 -37.43167034 3.85248760e-01
77.45128295 32.73662133 -38.53621010 3.58787010e+00
77.63669890 32.49199693 -37.43989458 2.53286890e-02
77.55144711 32.66914868 -38.54365617 9.63143470e-02
77.68072827 32.54345217 -38.18171462 0.00000000e+00
77.66528863 32.43306443 -37.07307759 2.16224830e-03
77.74939698 32.29817478 -36.34741551 0.00000000e+00
77.78230285 32.47761988 -38.18958269 0.00000000e+00
77.85554527 32.47105401 -38.56543050 0.00000000e+00
78.30424786 32.16607006 -38.25534296 0.00000000e+00
78.36636037 32.05398891 -37.54165781 0.00000000e+00
78.19745700 32.22526269 -38.23558672 0.00000000e+00
78.25850689 32.11181660 -37.51884025 0.00000000e+00
77.98780191 32.34882638 -38.20488940 0.00000000e+00
78.04703496 32.23321416 -37.47910416 0.00000000e+00
78.09202653 32.28626840 -38.21767608 0.00000000e+00
78.18240766 32.11459549 -37.14072398 0.00000000e+00
78.38121355 32.16460627 -38.63405354 0.00000000e+00
78.50767631 31.94348316 -37.22035194 0.00000000e+00
78.50948102 32.17795360 -39.39004849 0.00000000e+00
78.82644063 31.95484949 -38.73540208 0.00000000e+00
78.29208683 32.29145641 -39.35130850 0.00000000e+00
78.41251137 32.10892607 -38.27698665 0.00000000e+00
78.40003438 32.23362818 -39.36984365 0.00000000e+00
78.49043253 32.10889774 -38.65638875 0.00000000e+00
78.18557418 32.35125101 -39.33540915 0.00000000e+00
78.27349741 32.22247064 -38.61409641 0.00000000e+00
78.02383305 32.48667457 -39.68935670 0.00000000e+00
78.16721448 32.28229665 -38.59559017 0.00000000e+00
77.97631818 32.47575457 -39.31430760 0.00000000e+00
78.06223769 32.34384033 -38.58069853 0.00000000e+00
77.87324996 32.53996505 -39.30801847 0.00000000e+00
77.95840200 32.40683828 -38.57184469 0.00000000e+00
77.46825048 32.80563639 -39.28499725 1.98815030e+00
77.65217824 32.60235089 -38.55141796 1.11591470e-03
77.47940480 32.67731497 -38.16592253 2.01958550e+00
77.41333056 32.88331781 -39.65750975 7.10212830e+00
77.40223852 33.01185729 -40.85320137 4.24468990e+00
77.66949779 32.67129550 -39.29649187 0.00000000e+00
77.60304593 32.87602143 -40.86210362 0.00000000e+00
77.77102666 32.60520888 -39.30128909 0.00000000e+00
77.63152833 32.81689437 -40.45314387 0.00000000e+00
77.81749710 32.61545652 -39.67715190 0.00000000e+00
77.73304122 32.75023870 -40.45592355 0.00000000e+00
77.92021404 32.55051099 -39.68318912 0.00000000e+00
77.80625056 32.74302687 -40.86851818 0.00000000e+00
77.93812714 32.61941919 -40.46483932 0.00000000e+00
78.36045354 32.37308525 -40.50360939 0.00000000e+00
78.37554106 32.48365272 -41.71875258 0.00000000e+00
78.16217411 32.60367473 -41.70083518 0.00000000e+00
78.05736580 32.66613217 -41.69775233 0.00000000e+00
78.56058289 32.19212988 -39.76607989 0.00000000e+00
78.46940209 32.31604197 -40.51938129 0.00000000e+00
78.32950482 32.42943120 -40.90335804 0.00000000e+00
78.26818440 32.54276579 -41.70772346 0.00000000e+00
78.25297155 32.43217697 -40.48940311 0.00000000e+00
78.23780464 32.59974314 -42.11357427 0.00000000e+00
78.57983723 32.26118084 -40.53674830 0.00000000e+00
78.56264674 32.42647326 -42.14514731 0.00000000e+00
78.22253334 32.48916368 -40.89082965 0.00000000e+00
78.14685696 32.49309764 -40.47813461 0.00000000e+00
78.34465835 32.54000078 -42.12169145 0.00000000e+00
78.25314049 32.71029602 -43.34602892 0.00000000e+00
77.92439603 32.78821987 -42.10529344 0.00000000e+00
77.96913136 32.84034677 -42.93067328 0.00000000e+00
78.59460703 32.37158602 -41.74556831 0.00000000e+00
78.46800367 32.59268635 -43.35592739 0.00000000e+00
77.73565997 33.02971709 -43.34119860 0.00000000e+00
77.95359901 32.72989575 -41.69554969 0.00000000e+00
77.74863649 32.86056955 -41.68860121 0.00000000e+00
77.53394323 33.16389307 -43.33716731 0.00000000e+00
77.76428930 32.97087579 -42.92720998 0.00000000e+00
78.02782771 32.72409110 -42.10848830 0.00000000e+00
77.86632651 32.90514647 -42.92714823 0.00000000e+00
77.93996927 32.89863948 -43.34202699 0.00000000e+00
77.85073276 32.79476575 -41.69077870 0.00000000e+00
77.54634215 32.99445345 -41.68204745 0.00000000e+00
77.70433462 32.80914746 -40.86550550 0.00000000e+00
77.53061889 32.88426893 -40.44829729 5.54783870e-02
77.90888294 32.67777478 -40.87274398 0.00000000e+00
77.83519800 32.68435992 -40.46022721 0.00000000e+00
77.50235757 32.94360637 -40.85792933 8.40943580e-02
77.51812323 33.05376148 -42.09478604 5.29225040e-03
77.43028904 32.95232476 -40.44440654 3.60425220e+00
77.44608827 33.06244688 -41.67946276 2.28445090e-01
77.33054626 33.02105706 -40.43780808 1.01519880e+01
77.24743823 33.20054540 -41.67292344 1.01760660e+01
76.93873960 33.30377381 -40.40404524 4.45942640e-02
76.85950175 33.48666582 -41.63775758 0.00000000e+00
76.39937046 33.86766533 -41.57810859 0.00000000e+00
76.53787304 33.66430547 -40.75905224 0.00000000e+00
76.92857332 33.47456036 -42.06159628 0.00000000e+00
77.21993516 33.26051067 -42.08538364 7.85893370e+00
76.66331347 33.80747093 -43.29645076 0.00000000e+00
76.64643296 33.69759804 -42.03126570 0.00000000e+00
76.83341068 33.54785982 -42.05133390 0.00000000e+00
76.87603089 33.59657908 -42.89183769 0.00000000e+00
76.41662188 33.97747921 -42.85101089 0.00000000e+00
76.48883981 33.78924379 -41.58892560 0.00000000e+00
76.78169942 33.67057077 -42.88439061 0.00000000e+00
76.85000284 33.65776239 -43.31042692 0.00000000e+00
76.59653954 33.82175665 -42.86940822 0.00000000e+00
76.55485668 33.77417738 -42.02062164 0.00000000e+00
77.06794397 33.45172733 -42.90680259 0.00000000e+00
77.31867948 33.19086638 -42.08837244 8.95365160e+00
77.16529121 33.38070106 -42.91220403 3.87068270e-02
77.34643170 33.13112588 -41.67491721 7.30522960e+00
77.23602141 33.37049544 -43.33238433 0.00000000e+00
77.41808246 33.12195260 -42.08979048 1.44233890e-01
77.26347306 33.31054979 -42.91760493 7.73346750e-02
77.33466548 33.30089023 -43.33462190 0.00000000e+00
77.15464443 33.51006191 -44.16415848 0.00000000e+00
77.56212005 33.10461434 -42.92211691 0.00000000e+00
77.04112737 33.51223745 -43.32243764 0.00000000e+00
77.05746681 33.58143727 -44.16096014 0.00000000e+00
77.19840589 33.51890159 -44.58197765 0.00000000e+00
76.94502587 33.58447618 -43.31617136 0.00000000e+00
77.00398147 33.66211636 -44.57877930 0.00000000e+00
76.86604847 33.72710331 -44.15598129 0.00000000e+00
76.96121054 33.65373986 -44.15692189 0.00000000e+00
76.57188300 33.88403048 -43.29048063 0.00000000e+00
76.40827416 34.11016921 -44.13922554 0.00000000e+00
76.48175983 33.96170873 -43.28525763 0.00000000e+00
76.35916149 34.19645091 -44.56754056 0.00000000e+00
76.44747066 34.11685910 -44.57168498 0.00000000e+00
76.49725860 34.03135764 -44.14370001 0.00000000e+00
76.58751135 33.95359824 -44.14415989 0.00000000e+00
76.72013542 33.88450622 -44.57336329 0.00000000e+00
76.62790739 33.96081242 -44.57214486 0.00000000e+00
77.25266585 33.43956240 -44.16530220 0.00000000e+00
77.29691007 33.44863343 -44.58332456 0.00000000e+00
77.39613702 33.37914681 -44.58409910 0.00000000e+00
77.49605315 33.31042541 -44.58411670 0.00000000e+00
77.43397933 33.23202487 -43.33476807 0.00000000e+00
77.59659133 33.24241357 -44.58355541 0.00000000e+00
77.55109988 33.23281273 -44.16767211 0.00000000e+00
77.65182784 33.16532037 -44.16843659 0.00000000e+00
78.07282973 32.77664333 -42.93334850 0.00000000e+00
77.85518115 33.03257778 -44.16962294 0.00000000e+00
77.83745833 32.96374761 -43.34051550 0.00000000e+00
77.75318672 33.09856887 -44.16968155 0.00000000e+00
77.35147789 33.36990520 -44.16742366 0.00000000e+00
77.45095466 33.30098291 -44.16821581 0.00000000e+00
78.00517566 32.97797863 -44.58577133 0.00000000e+00
78.17755470 32.71422550 -42.93274960 0.00000000e+00
78.32082796 32.79101073 -44.58660941 0.00000000e+00
78.28346210 32.65332804 -42.93571547 0.00000000e+00
78.16603513 32.84054204 -44.17233498 0.00000000e+00
78.14767681 32.77172077 -43.34566507 0.00000000e+00
78.35987781 32.65054360 -43.35000610 0.00000000e+00
78.27172060 32.77912813 -44.17239483 0.00000000e+00
78.48703439 32.66155294 -44.17749119 0.00000000e+00
78.57756668 32.53688194 -43.36296459 0.00000000e+00
78.59681790 32.60576145 -44.18107057 0.00000000e+00
78.21447392 32.85188123 -44.58578543 0.00000000e+00
78.06147589 32.90339062 -44.17232088 0.00000000e+00
78.64813636 32.61972297 -44.59150410 0.00000000e+00
78.10930870 32.91428249 -44.58654955 0.00000000e+00
78.75999619 32.56671631 -44.59591127 0.00000000e+00
79.17632848 32.23326362 -43.01260696 0.00000000e+00
79.16270644 32.35386707 -44.20411846 0.00000000e+00
79.21647013 32.36996238 -44.60308452 0.00000000e+00
79.63465525 32.04390733 -43.04283626 0.00000000e+00
79.78853709 32.12857153 -44.60969982 0.00000000e+00
80.01349676 32.02631296 -44.60908592 0.00000000e+00
79.73479461 32.11432844 -44.21901749 0.00000000e+00
79.44637939 32.27495603 -44.60654608 0.00000000e+00
79.37225582 32.19130709 -43.42145350 0.00000000e+00
79.56094282 32.22692574 -44.60809844 0.00000000e+00
79.27757958 32.30654510 -44.20806774 0.00000000e+00
79.39241327 32.25925285 -44.21152929 0.00000000e+00
78.70798454 32.55205030 -44.18741537 0.00000000e+00
79.04803344 32.40163270 -44.20045234 0.00000000e+00
79.14266096 32.28540073 -43.40697300 0.00000000e+00
79.10153989 32.41765526 -44.60103394 0.00000000e+00
78.94722300 32.32862254 -42.99252962 0.00000000e+00
78.98696004 32.46604426 -44.59941840 0.00000000e+00
78.82039402 32.50031122 -44.19380532 0.00000000e+00
78.93383274 32.45029654 -44.19731244 0.00000000e+00
79.02808854 32.33298502 -43.39912723 0.00000000e+00
79.04758714 32.17097798 -41.80836378 0.00000000e+00
79.12881924 32.17603539 -42.21479420 0.00000000e+00
79.06156858 32.28053832 -43.00256337 0.00000000e+00
78.91402129 32.38152539 -43.39174877 0.00000000e+00
79.01400386 32.22334379 -42.20176692 0.00000000e+00
78.67378799 32.37289667 -42.15872551 0.00000000e+00
78.60944532 32.48196469 -42.95916648 0.00000000e+00
78.80476582 32.15785746 -40.57611813 0.00000000e+00
78.78621052 32.32136336 -42.17384683 0.00000000e+00
78.99998915 32.11367697 -41.00650891 0.00000000e+00
78.93300577 32.21880377 -41.79345676 0.00000000e+00
79.73559499 31.88697704 -41.87372724 0.00000000e+00
80.14974932 31.50549156 -39.92824807 0.00000000e+00
79.46072035 31.92702144 -41.06605248 0.00000000e+00
79.47373760 32.03552563 -42.24859786 0.00000000e+00
79.82756395 31.99764130 -43.44032483 0.00000000e+00
79.81511318 31.88978459 -42.26670323 0.00000000e+00
79.74813745 31.99492946 -43.04701941 0.00000000e+00
79.70196773 31.93935879 -42.26305566 0.00000000e+00
79.52058969 32.09199407 -43.03730944 0.00000000e+00
79.58813557 31.98787900 -42.25586696 0.00000000e+00
79.71459739 32.04736020 -43.43647446 0.00000000e+00
79.62117124 32.16339299 -44.21741611 0.00000000e+00
79.84778298 32.06431216 -44.22046221 0.00000000e+00
79.96004270 32.01321697 -44.21984830 0.00000000e+00
79.60098121 32.09609524 -43.43347774 0.00000000e+00
79.50700304 32.21163572 -44.21464452 0.00000000e+00
80.72154679 31.39463916 -41.74458400 0.00000000e+00
80.41285790 31.67750532 -43.01760388 0.00000000e+00
80.40021192 31.56855390 -41.82478890 0.00000000e+00
80.27177276 31.78761584 -43.42629456 0.00000000e+00
80.30406481 31.73316804 -43.02940307 0.00000000e+00
80.61504914 31.45335631 -41.77485131 0.00000000e+00
80.25938879 31.67928038 -42.24462086 0.00000000e+00
80.08411712 31.84132016 -43.04359171 0.00000000e+00
80.29165003 31.62469411 -41.84443096 0.00000000e+00
80.19449741 31.78780096 -43.03793517 0.00000000e+00
80.52095169 31.62094264 -43.00222961 0.00000000e+00
80.62842618 31.56360915 -42.98615880 0.00000000e+00
80.03898069 31.78700691 -42.26165365 0.00000000e+00
80.17001161 31.57152200 -40.67661910 0.00000000e+00
80.81333291 31.22358068 -40.47838304 0.00000000e+00
80.69066120 31.45120511 -42.16111306 0.00000000e+00
80.88843276 31.22090071 -40.86354684 0.00000000e+00
80.82762821 31.33545424 -41.71326217 0.00000000e+00
80.93345952 31.27602421 -41.68116107 0.00000000e+00
81.09935677 31.10107572 -40.79135833 0.00000000e+00
81.13071242 31.32908713 -43.31699356 0.00000000e+00
81.76017844 30.87551422 -42.01224230 0.00000000e+00
80.94833977 31.38871879 -42.92690982 0.00000000e+00
81.00903379 31.27413705 -42.07843001 0.00000000e+00
80.79703010 31.39242200 -42.13383464 0.00000000e+00
80.70436854 31.56196355 -43.37949064 0.00000000e+00
81.69828290 30.98857086 -42.85966381 0.00000000e+00
81.90166808 30.76710185 -41.60677092 0.00000000e+00
81.31699559 31.35171807 -44.57420650 0.00000000e+00
81.16092939 31.27163133 -42.89024082 0.00000000e+00
80.94083795 31.51340281 -44.17157825 0.00000000e+00
81.02427008 31.38737110 -43.33144695 0.00000000e+00
80.88748437 31.58222574 -44.58773401 0.00000000e+00
80.91782509 31.44573700 -43.34713950 0.00000000e+00
80.83373493 31.57123957 -44.17988601 0.00000000e+00
80.81123601 31.50399500 -43.36322723 0.00000000e+00
80.56371485 31.75377368 -44.59910605 0.00000000e+00
80.59709718 31.61946926 -43.39380363 0.00000000e+00
80.45492459 31.80992401 -44.60287694 0.00000000e+00
80.48929911 31.67633681 -43.40628638 0.00000000e+00
80.40176580 31.79855408 -44.20796838 0.00000000e+00
80.38088366 31.73242835 -43.41839194 0.00000000e+00
80.07157985 31.96108152 -44.21763925 0.00000000e+00
80.18235330 31.90786937 -44.21586838 0.00000000e+00
80.34557518 31.86536779 -44.60509144 0.00000000e+00
80.23558069 31.91996609 -44.60731505 0.00000000e+00
80.61867554 31.68600727 -44.19498347 0.00000000e+00
80.77989300 31.63977819 -44.59215200 0.00000000e+00
80.67200427 31.69700962 -44.59587741 0.00000000e+00
81.04780982 31.45547416 -44.16394261 0.00000000e+00
81.10218715 31.46672570 -44.58009836 0.00000000e+00
81.20951780 31.40907733 -44.57685750 0.00000000e+00
81.64124336 31.18271241 -44.57173924 0.00000000e+00
81.99655331 30.88632723 -43.30927060 0.00000000e+00
81.42471807 31.29478539 -44.57222896 0.00000000e+00
81.58483429 31.17013060 -44.14298173 0.00000000e+00
82.02832884 30.83108928 -42.89088565 0.00000000e+00
81.23729692 31.27108089 -43.30440963 0.00000000e+00
81.15476958 31.39761509 -44.15695586 0.00000000e+00
81.69342550 31.11501008 -44.14403602 0.00000000e+00
82.81453548 30.62576703 -44.20330628 0.00000000e+00
81.48174039 31.09926946 -42.85912611 0.00000000e+00
81.36915231 31.28279079 -44.14643546 0.00000000e+00
81.80258267 31.06081428 -44.14591141 0.00000000e+00
82.21945789 30.78644589 -43.33512993 0.00000000e+00
81.96997016 31.02107207 -44.57712178 0.00000000e+00
82.25199470 30.73244908 -42.92520034 0.00000000e+00
81.91234544 31.00762561 -44.15073641 0.00000000e+00
82.69957729 30.66918826 -44.19735544 0.00000000e+00
82.08081806 30.96933959 -44.57945363 0.00000000e+00
82.13392319 30.90474651 -44.16164825 0.00000000e+00
81.85980150 31.07396240 -44.57361463 0.00000000e+00
82.19232708 30.91876802 -44.58219462 0.00000000e+00
82.30450627 30.86940814 -44.58643784 0.00000000e+00
82.99086038 30.59935293 -44.60647590 0.00000000e+00
82.87510617 30.64147879 -44.60296008 0.00000000e+00
82.75982379 30.68466220 -44.60034620 0.00000000e+00
83.25218770 30.39627268 -43.44692290 0.00000000e+00
83.36892312 30.35751684 -43.45469852 0.00000000e+00
83.51251383 30.38453490 -44.23174624 0.00000000e+00
83.45748687 30.43955769 -44.61530425 0.00000000e+00
83.13569723 30.43568110 -43.43709520 0.00000000e+00
83.22358134 30.51795344 -44.61076187 0.00000000e+00
82.92997020 30.58340349 -44.20943597 0.00000000e+00
83.04585195 30.54206610 -44.21532550 0.00000000e+00
82.59258004 30.59420210 -42.97847152 0.00000000e+00
82.70730304 30.55057682 -42.99420248 0.00000000e+00
82.64507069 30.72898387 -44.59700924 0.00000000e+00
82.58518288 30.71380545 -44.18995368 0.00000000e+00
82.55893501 30.64623741 -43.37766914 0.00000000e+00
82.41738914 30.82135503 -44.58991429 0.00000000e+00
82.33195515 30.73842435 -43.34861716 0.00000000e+00
82.24572215 30.85509777 -44.16863245 0.00000000e+00
82.53092440 30.77455820 -44.59294444 0.00000000e+00
82.35821501 30.80672751 -44.17635213 0.00000000e+00
82.47139220 30.75965873 -44.18285873 0.00000000e+00
82.47843077 30.63903794 -42.95989028 0.00000000e+00
83.00768154 30.36671315 -42.24941174 0.00000000e+00
82.54553447 30.53456630 -42.16242159 0.00000000e+00
82.93821670 30.46658722 -43.02636155 0.00000000e+00
83.12419623 30.32707416 -42.26792478 0.00000000e+00
83.16211097 30.50163225 -44.21961148 0.00000000e+00
83.34041222 30.47843111 -44.61340385 0.00000000e+00
83.27867017 30.46195552 -44.22416572 0.00000000e+00
83.39549784 30.42297974 -44.22870810 0.00000000e+00
83.28736635 30.34728126 -43.06215145 0.00000000e+00
83.70963732 30.13694027 -42.32386279 0.00000000e+00
83.40425254 30.30884122 -43.07147243 0.00000000e+00
83.60288721 30.28144575 -43.46685800 0.00000000e+00
83.15929264 30.27787040 -41.88414799 0.00000000e+00
83.05429390 30.42604658 -43.03868305 0.00000000e+00
82.78825766 30.55889539 -43.40341574 0.00000000e+00
82.89149913 30.40717945 -42.23054446 0.00000000e+00
82.82253726 30.50807275 -43.01060547 0.00000000e+00
82.90366720 30.51687316 -43.41697190 0.00000000e+00
82.67332230 30.60197860 -43.39110226 0.00000000e+00
82.66036029 30.49099998 -42.18566377 0.00000000e+00
82.64741142 30.38002662 -40.98538635 0.00000000e+00
82.57933425 30.48276592 -41.76651361 0.00000000e+00
82.44513413 30.69171055 -43.36208911 0.00000000e+00
82.43127539 30.57933379 -42.13855423 0.00000000e+00
82.23736551 30.61891668 -41.68114903 0.00000000e+00
82.30333114 30.51226699 -40.88008229 0.00000000e+00
81.98088272 30.77140700 -42.04232324 0.00000000e+00
82.10967320 30.55276420 -40.40595146 0.00000000e+00
81.46516601 30.98358516 -41.57483228 0.00000000e+00
81.91277645 30.51725902 -39.18993023 0.00000000e+00
81.79134294 30.81926713 -41.59045611 0.00000000e+00
81.88580971 30.65185987 -40.34638023 0.00000000e+00
81.80756936 30.93485471 -42.86758307 0.00000000e+00
82.01280865 30.71633750 -41.62989850 0.00000000e+00
82.13980978 30.78112663 -42.90742892 0.00000000e+00
82.09240671 30.72138547 -42.06550475 0.00000000e+00
81.77651008 30.99118545 -43.29088210 0.00000000e+00
81.87013480 30.82278937 -42.02487744 0.00000000e+00
82.10765752 30.83576100 -43.32038507 0.00000000e+00
82.02278960 30.95558803 -44.15657541 0.00000000e+00
81.37437904 31.15605114 -42.86524419 0.00000000e+00
81.26184146 31.33999521 -44.15106400 0.00000000e+00
81.54256070 30.98470537 -42.00006073 0.00000000e+00
81.45141975 31.15663442 -43.28840759 0.00000000e+00
81.32777601 31.09833471 -42.01584637 0.00000000e+00
81.34416416 31.21354608 -43.29451456 0.00000000e+00
81.68182593 30.87277644 -41.57866091 0.00000000e+00
81.66751640 31.04532469 -43.28643235 0.00000000e+00
81.65098938 30.92950243 -42.00278338 0.00000000e+00
81.58968043 31.04339545 -42.85708304 0.00000000e+00
81.22120111 31.15640978 -42.03161193 0.00000000e+00
81.26747613 31.21355524 -42.87563123 0.00000000e+00
81.43485849 31.04104184 -42.00505150 0.00000000e+00
81.52600302 30.86889735 -40.72281647 0.00000000e+00
81.25128624 31.09868409 -41.60109744 0.00000000e+00
81.34153839 30.92532012 -40.31401432 0.00000000e+00
81.35793499 31.04069027 -41.58493516 0.00000000e+00
81.41834523 30.92543967 -40.72733276 0.00000000e+00
81.57310341 30.92756607 -41.57252961 0.00000000e+00
81.66541885 30.75697047 -40.30828145 0.00000000e+00
81.53090219 30.74192000 -39.49918254 0.00000000e+00
81.74389669 30.75983109 -40.73827262 0.00000000e+00
81.20515374 31.04172922 -40.76327280 0.00000000e+00
81.21062880 30.91478641 -39.54035912 0.00000000e+00
81.44863981 30.86789102 -40.30284807 0.00000000e+00
81.63950473 30.68709589 -39.50585512 0.00000000e+00
81.55657564 30.81172596 -40.30129289 0.00000000e+00
81.63451226 30.81366882 -40.72688355 0.00000000e+00
81.58291192 30.67399190 -39.12234687 0.00000000e+00
82.03069260 30.34461931 -38.12265833 0.00000000e+00
82.42473955 30.34655984 -39.74602218 0.00000000e+00
82.18990086 30.55893544 -40.84330125 0.00000000e+00
82.31026538 30.39083129 -39.70197395 0.00000000e+00
82.07719795 30.60700109 -40.81180466 0.00000000e+00
82.47949438 30.28687817 -39.40528685 0.00000000e+00
82.33659137 30.45940611 -40.48286815 0.00000000e+00
82.25067384 30.37477894 -39.31356151 0.00000000e+00
81.99733319 30.60157563 -40.37500164 0.00000000e+00
82.88774198 30.18085726 -39.90813842 0.00000000e+00
82.53215293 30.42289790 -40.94976409 0.00000000e+00
82.53978067 30.30350740 -39.78989041 0.00000000e+00
82.45106089 30.41475764 -40.52063327 0.00000000e+00
81.77516604 30.70366765 -40.32329760 0.00000000e+00
81.85414522 30.70741626 -40.75737456 0.00000000e+00
82.79770881 30.28787928 -40.63064978 0.00000000e+00
82.69448531 30.43982529 -41.79454404 0.00000000e+00
82.91412446 30.24760906 -40.66306834 0.00000000e+00
82.81012000 30.39797213 -41.82082183 0.00000000e+00
82.99586291 30.25760137 -41.07459309 0.00000000e+00
82.92616974 30.35709358 -41.84258683 0.00000000e+00
83.03087351 30.20817633 -40.69229254 0.00000000e+00
83.04258464 30.31710647 -41.86474589 0.00000000e+00
83.22974948 30.17997829 -41.11987797 0.00000000e+00
83.27623591 30.23926986 -41.89963328 0.00000000e+00
83.34698966 30.14200428 -41.13910485 0.00000000e+00
83.39336438 30.20119912 -41.91531687 0.00000000e+00
83.14788409 30.16943587 -40.71721980 0.00000000e+00
83.64553347 29.89987284 -39.70835957 0.00000000e+00
83.26509896 30.13126892 -40.74013677 0.00000000e+00
83.81670612 29.99293273 -41.18411739 0.00000000e+00
83.47322973 29.99083897 -40.03819247 0.00000000e+00
83.41980172 29.85983640 -38.65944963 2.32039950e-03
83.49993046 30.05618833 -40.77556858 0.00000000e+00
83.70805122 29.91702765 -40.06418854 0.00000000e+00
83.17672322 30.04802269 -39.63200576 4.72682000e-04
82.59473714 30.24474247 -39.45088413 0.00000000e+00
83.00444950 30.14174883 -39.94286638 0.00000000e+00
82.87933423 30.29749461 -41.04639623 0.00000000e+00
82.94304439 30.12442604 -39.57023701 0.00000000e+00
82.76316501 30.33827095 -41.01711775 0.00000000e+00
82.77135814 30.22078839 -39.87179506 0.00000000e+00
82.68167875 30.32907964 -40.59741071 0.00000000e+00
82.71046484 30.20372178 -39.49362696 0.00000000e+00
82.71852603 30.08605698 -38.44157551 0.00000000e+00
82.08337127 30.48353282 -39.61552113 0.00000000e+00
82.56833422 30.17682073 -38.72780522 0.00000000e+00
82.83486659 30.04685098 -38.48912483 0.00000000e+00
82.80016031 30.09648107 -38.82084487 0.00000000e+00
82.82266524 29.93711487 -37.45199388 0.00000000e+00
82.90461173 29.94825392 -37.83177028 0.00000000e+00
82.82658891 30.16365588 -39.53261159 0.00000000e+00
82.95150476 30.00842332 -38.53445674 0.00000000e+00
83.13881106 29.87353139 -37.91891765 3.94291190e-03
83.03328480 30.01944491 -38.90278206 0.00000000e+00
83.26721259 29.94468866 -38.96342446 2.87859570e-03
83.18541594 29.93335610 -38.60638053 9.86372130e-04
83.06838062 29.97064982 -38.57308966 4.99961370e-04
83.05978256 30.08593895 -39.60394483 0.00000000e+00
82.70596036 29.97568819 -37.39793572 0.00000000e+00
82.48699192 30.16728474 -38.33899277 0.00000000e+00
82.91658573 30.05759863 -38.86299014 0.00000000e+00
83.05682186 29.86201866 -37.55245310 1.02426120e-03
82.55523801 30.06554569 -37.66734471 0.00000000e+00
82.45309620 30.21858131 -38.67746811 0.00000000e+00
82.24324763 30.13997015 -37.14220959 6.31812030e-03
82.37195423 30.20958520 -38.28319932 0.00000000e+00
82.20988371 30.19236473 -37.48187930 1.61086130e-03
82.43957699 30.10659694 -37.60781475 0.00000000e+00
82.25749001 30.25313957 -38.22738661 0.00000000e+00
82.33838221 30.26151438 -38.62473496 0.00000000e+00
81.54084725 30.48830046 -37.22849797 0.00000000e+00
81.75975177 30.38242738 -37.27450465 0.00000000e+00
82.09605824 30.23740354 -37.42278840 7.18380130e-03
82.11090175 30.35146920 -38.52429430 0.00000000e+00
81.98302253 30.28401177 -37.36722972 1.54239910e-03
82.22428546 30.30576499 -38.57397829 0.00000000e+00
81.88653070 30.44748213 -38.43529712 0.00000000e+00
81.99828770 30.39867693 -38.47605573 0.00000000e+00
81.91850486 30.39269812 -38.07504993 0.00000000e+00
81.97106338 30.53206689 -39.57959579 0.00000000e+00
82.14371136 30.29812229 -38.17473130 0.00000000e+00
82.13726755 30.42079081 -39.26724434 0.00000000e+00
81.80726019 30.44248603 -38.03715211 0.00000000e+00
81.85961066 30.58214777 -39.54836446 0.00000000e+00
81.77573350 30.49799249 -38.40172037 0.00000000e+00
81.80185120 30.56787338 -39.15829961 0.00000000e+00
81.69704333 30.49405029 -38.00687698 0.00000000e+00
81.69188761 30.62012567 -39.13478711 0.00000000e+00
81.26194010 30.84473780 -39.14956094 0.00000000e+00
81.47989361 30.60251359 -37.98280445 0.00000000e+00
81.15661794 30.90410877 -39.18024569 0.00000000e+00
81.26717127 30.71769435 -38.01471651 0.00000000e+00
81.34307300 30.71714350 -38.37587080 0.00000000e+00
81.32674721 30.60163647 -37.24269517 0.00000000e+00
81.43320411 30.54408604 -37.22715711 0.00000000e+00
81.55723229 30.60418762 -38.36287779 0.00000000e+00
81.16221888 30.77731448 -38.04976934 0.00000000e+00
81.22136356 30.66073002 -37.27296016 0.00000000e+00
81.37301855 30.65935185 -37.99218870 0.00000000e+00
81.44962308 30.65987202 -38.36317823 0.00000000e+00
81.58790222 30.54738972 -37.98760385 0.00000000e+00
81.66595176 30.55022767 -38.37600492 0.00000000e+00
81.01903369 30.65568130 -36.24210998 0.00000000e+00
79.99944067 31.42691296 -38.55096649 0.00000000e+00
80.85057782 30.96081076 -38.20902432 0.00000000e+00
80.90977320 30.84441946 -37.43366012 0.00000000e+00
80.64275132 31.08346775 -38.32874083 0.00000000e+00
80.83612329 30.84836454 -37.11248104 0.00000000e+00
80.40122991 31.25924500 -38.79750831 0.00000000e+00
80.32590472 31.26146592 -38.47552867 0.00000000e+00
79.69076352 31.33985428 -36.49781218 0.00000000e+00
79.73044427 31.47359631 -37.87097536 0.00000000e+00
80.28202000 31.20808377 -37.79125518 0.00000000e+00
80.20617671 31.20976055 -37.46922301 0.00000000e+00
79.85510682 31.53174243 -38.89964806 0.00000000e+00
80.06491170 31.31936097 -37.84971051 0.00000000e+00
80.49440455 31.09059260 -37.69488797 0.00000000e+00
80.38876012 31.15002919 -37.74804047 0.00000000e+00
79.92839000 31.61171708 -39.94884740 0.00000000e+00
79.88833901 31.47882212 -38.55784511 0.00000000e+00
80.09700438 31.49353745 -39.58079028 0.00000000e+00
80.07689127 31.42742083 -38.88368565 0.00000000e+00
80.63370725 31.20701659 -39.41535327 0.00000000e+00
80.61235956 31.14056218 -38.70454600 0.00000000e+00
80.82080804 31.01873927 -38.59278704 0.00000000e+00
80.74685542 31.02233911 -38.26902663 0.00000000e+00
81.11690206 30.72111718 -37.31614619 0.00000000e+00
80.92460123 30.95740441 -38.53687325 0.00000000e+00
81.04250719 30.72392222 -36.97959138 0.00000000e+00
81.01313270 30.78247088 -37.37091800 0.00000000e+00
80.94744646 31.02501709 -39.26412102 0.00000000e+00
81.05186539 30.96430747 -39.21916488 0.00000000e+00
80.68588679 31.21671120 -39.75571247 0.00000000e+00
80.71680962 31.07989664 -38.64927786 0.00000000e+00
80.58032137 31.27654653 -39.80161157 0.00000000e+00
80.67702303 31.34042783 -40.94232712 0.00000000e+00
80.89571500 31.09560406 -39.65750949 0.00000000e+00
80.78288889 31.28083251 -40.90342511 0.00000000e+00
80.79094811 31.15630554 -39.70642840 0.00000000e+00
80.70776684 31.28358895 -40.52174070 0.00000000e+00
80.47405630 31.33554477 -39.84266215 0.00000000e+00
80.57065518 31.39944540 -40.97855232 0.00000000e+00
80.49508397 31.40181833 -40.59971234 0.00000000e+00
80.50798107 31.51139173 -41.80268699 0.00000000e+00
80.18221821 31.67967421 -41.85818442 0.00000000e+00
80.24707864 31.57091985 -41.05934756 0.00000000e+00
79.91521112 31.73118385 -41.08883952 0.00000000e+00
79.92746546 31.83901174 -42.26408542 0.00000000e+00
80.36693931 31.39348246 -39.87886715 0.00000000e+00
80.46361933 31.45765304 -41.01133745 0.00000000e+00
80.27930916 31.51619519 -40.65681716 0.00000000e+00
80.35579221 31.51486460 -41.03826436 0.00000000e+00
80.03958940 31.55935138 -39.94264551 0.00000000e+00
80.13741280 31.62568991 -41.07526605 0.00000000e+00
79.94844770 31.67803141 -40.69556593 0.00000000e+00
80.02678918 31.67912454 -41.08439584 0.00000000e+00
80.42187610 31.32528630 -39.50111759 0.00000000e+00
80.50722967 31.20043422 -38.75426248 0.00000000e+00
80.18612379 31.37287431 -38.86244655 0.00000000e+00
80.10941799 31.37336494 -38.53256894 0.00000000e+00
79.35966894 31.85410348 -39.91022675 0.00000000e+00
79.62936021 31.63003762 -38.88961373 0.00000000e+00
79.49469591 31.87517829 -40.67548612 0.00000000e+00
79.72311976 31.77899956 -40.69506572 0.00000000e+00
79.42069408 31.79158676 -39.56297604 0.00000000e+00
79.26433986 31.96836417 -40.64780182 0.00000000e+00
79.70311329 31.71213156 -39.94637881 0.00000000e+00
79.80273020 31.78190257 -41.08975188 0.00000000e+00
79.60922711 31.82759045 -40.68693746 0.00000000e+00
79.68940528 31.83133221 -41.08624549 0.00000000e+00
79.83622294 31.72918229 -40.69678054 0.00000000e+00
79.84853351 31.83704297 -41.87390765 0.00000000e+00
79.37967004 31.92199359 -40.66302055 0.00000000e+00
79.39283072 32.03069741 -41.84739857 0.00000000e+00
79.14892681 32.01468477 -40.63124996 0.00000000e+00
79.16259300 32.12398674 -41.82207262 0.00000000e+00
78.65912001 32.26259263 -40.95165493 0.00000000e+00
78.70625943 32.31876013 -41.76172551 0.00000000e+00
79.01381706 31.99268355 -39.85452506 0.00000000e+00
78.77174506 32.21123348 -40.97066047 0.00000000e+00
78.78514970 32.08887407 -39.80906532 0.00000000e+00
78.69168005 32.20850074 -40.55668765 0.00000000e+00
79.07523722 31.92945517 -39.50715647 0.00000000e+00
78.91885846 32.10895942 -40.59546317 0.00000000e+00
79.19042328 31.88346222 -39.52779336 0.00000000e+00
79.31967526 31.71792569 -38.50252533 0.00000000e+00
79.12899460 31.94620131 -39.87474809 0.00000000e+00
79.03367546 32.06139232 -40.61376538 0.00000000e+00
78.73266176 32.07321510 -39.43416290 0.00000000e+00
78.85972866 31.90215678 -38.39110229 0.00000000e+00
78.84606919 32.02386391 -39.45802274 0.00000000e+00
78.94059093 31.90718542 -38.76552837 0.00000000e+00
78.62039858 32.12450658 -39.41154175 0.00000000e+00
78.74608167 31.95079201 -38.35910357 0.00000000e+00
78.96035798 31.97609513 -39.48333625 0.00000000e+00
79.08919221 31.80893103 -38.45534176 0.00000000e+00
79.30565432 31.83764883 -39.54644873 0.00000000e+00
79.43466766 31.67211491 -38.52253526 0.00000000e+00
79.74267782 31.58158730 -38.89840017 0.00000000e+00
79.64937701 31.69726854 -39.58810725 0.00000000e+00
79.77619456 31.52915612 -38.55768784 0.00000000e+00
79.76269250 31.64848066 -39.59501995 0.00000000e+00
79.40067674 31.72365772 -38.86063227 0.00000000e+00
79.50265782 31.56892216 -37.84720706 0.00000000e+00
79.28565999 31.76940295 -38.84109107 0.00000000e+00
79.38778766 31.61499779 -37.82746718 0.00000000e+00
79.54920151 31.62557405 -38.53866814 0.00000000e+00
79.61693422 31.52187933 -37.86307955 0.00000000e+00
79.20443801 31.76338707 -38.47988159 0.00000000e+00
79.27252197 31.66044882 -37.80405001 0.00000000e+00
78.97419588 31.85502565 -38.42555032 0.00000000e+00
79.04173000 31.75116623 -37.74772936 0.00000000e+00
78.71320291 32.00415018 -38.70682180 0.00000000e+00
78.92671897 31.79737303 -37.71333548 0.00000000e+00
78.63352891 32.00132083 -38.32886513 0.00000000e+00
78.81234089 31.84479703 -37.67381322 0.00000000e+00
78.73185995 31.84059109 -37.29568094 0.00000000e+00
78.47573859 31.99835737 -37.56918510 0.00000000e+00
78.54820843 31.80658530 -36.17243755 0.00000000e+00
78.22142411 31.97360552 -36.06591291 0.00000000e+00
78.84572659 31.79217300 -37.33602445 0.00000000e+00
78.77324467 31.70652998 -36.26164029 0.00000000e+00
79.07566222 31.69947478 -37.40903213 0.00000000e+00
79.55734848 31.31997675 -35.79641961 0.00000000e+00
79.19115568 31.65422554 -37.43970640 0.00000000e+00
79.51679508 31.44984834 -36.82173821 0.00000000e+00
79.30664323 31.60906386 -37.46708888 0.00000000e+00
79.57721856 31.38742043 -36.48733414 0.00000000e+00
79.42188244 31.56354166 -37.49031736 0.00000000e+00
79.63092190 31.40285340 -36.83598479 0.00000000e+00
79.53665195 31.51726083 -37.50996668 0.00000000e+00
79.80335390 31.29074501 -36.50325613 0.00000000e+00
79.65076291 31.46990262 -37.52350173 0.00000000e+00
79.85648512 31.30451567 -36.84542587 0.00000000e+00
79.47705809 31.31458597 -35.43895775 0.00000000e+00
79.40201380 31.49576113 -36.80002370 0.00000000e+00
79.21293264 31.45537955 -35.72050288 0.00000000e+00
79.28677646 31.54093109 -36.77435771 0.00000000e+00
79.01634248 31.49302100 -35.30809028 0.00000000e+00
79.17131199 31.58577504 -36.74459883 0.00000000e+00
78.94070758 31.67635678 -36.67353764 0.00000000e+00
78.82611776 31.72308438 -36.63238400 0.00000000e+00
78.59980670 31.82172573 -36.54431978 0.00000000e+00
78.52910045 31.73735029 -35.44618306 0.00000000e+00
78.66010530 31.75549835 -36.21602383 0.00000000e+00
78.64079839 31.68625539 -35.49574636 0.00000000e+00
78.88737337 31.65935138 -36.30707029 0.00000000e+00
79.05586703 31.63075336 -36.71048913 0.00000000e+00
79.00219809 31.61351185 -36.34656163 0.00000000e+00
79.11742918 31.56851722 -36.38332166 0.00000000e+00
78.67362323 31.63295379 -35.15307082 0.00000000e+00
78.77317458 31.47463228 -34.04587275 0.00000000e+00
78.90137168 31.53826179 -35.26074462 0.00000000e+00
78.98246574 31.54454094 -35.64303724 0.00000000e+00
78.75376384 31.63731918 -35.54784012 0.00000000e+00
78.85401992 31.48027816 -34.48891568 0.00000000e+00
78.81502978 31.34196294 -32.87788891 0.00000000e+00
78.62663163 31.57587731 -34.36752133 0.00000000e+00
79.09880608 31.27053862 -33.42588352 0.00000000e+00
78.96896857 31.43485080 -34.54441059 0.00000000e+00
79.34960592 31.25105192 -34.29662610 0.00000000e+00
79.73210345 30.98234125 -33.21436723 0.00000000e+00
80.22114687 30.78016189 -33.45513321 0.00000000e+00
79.93418286 30.81399085 -32.42074321 0.00000000e+00
79.31538880 31.30210733 -34.67202548 0.00000000e+00
79.36226430 31.35977205 -35.41469100 0.00000000e+00
79.24705136 31.40426918 -35.38518254 0.00000000e+00
79.32815066 31.41091688 -35.75097558 0.00000000e+00
79.65882500 31.16468529 -34.73817424 0.00000000e+00
79.59121834 31.26833337 -35.45619298 0.00000000e+00
79.81685205 31.17140035 -35.46774547 0.00000000e+00
79.80499646 31.06342634 -34.36254522 0.00000000e+00
79.46291413 31.43373193 -36.46868493 0.00000000e+00
79.44303011 31.36591603 -35.77681900 0.00000000e+00
79.74421611 31.35450010 -36.84440760 0.00000000e+00
79.78352832 31.22403381 -35.81418674 0.00000000e+00
80.14615373 31.01197851 -35.39807627 0.00000000e+00
80.24114098 30.84610844 -34.22517180 0.00000000e+00
80.18609916 31.14384293 -36.77799031 0.00000000e+00
80.35864810 30.89595748 -35.28505461 0.00000000e+00
80.34641769 30.78666620 -34.14916967 0.00000000e+00
80.22160946 31.01035171 -35.71707169 0.00000000e+00
80.31553227 30.84306871 -34.56544060 0.00000000e+00
80.66249410 30.39363908 -31.79217566 0.00000000e+00
79.99347772 31.01299609 -34.71615862 0.00000000e+00
80.00622474 30.89278537 -33.56089684 0.00000000e+00
80.11447868 30.83755508 -33.51773278 0.00000000e+00
80.20968102 30.90172028 -34.63299409 0.00000000e+00
80.73395815 30.46787705 -32.93059277 0.00000000e+00
80.69111497 30.33454791 -31.34112517 0.00000000e+00
80.95765183 30.40606702 -33.50848421 0.00000000e+00
80.93476717 30.33824687 -32.69220691 0.00000000e+00
80.53209936 30.59657048 -33.17171988 0.00000000e+00
80.76203234 30.32824516 -31.65667222 2.20196800e-03
80.74062169 30.70554632 -35.33278512 0.00000000e+00
80.85657934 30.47027923 -33.61517797 0.00000000e+00
80.66816604 30.71054586 -35.02125834 0.00000000e+00
80.72670073 30.59362655 -34.17243773 0.00000000e+00
80.56595903 30.77346944 -35.11786304 0.00000000e+00
80.55292572 30.66285060 -33.95551914 0.00000000e+00
80.63865483 30.76865660 -35.42504370 0.00000000e+00
80.62526881 30.65753666 -34.28226518 0.00000000e+00
80.50418250 30.96755394 -36.61703931 0.00000000e+00
80.84224990 30.64210564 -35.24076977 0.00000000e+00
80.65990228 30.83511221 -36.14357536 0.00000000e+00
80.91629907 30.71819178 -36.31251842 0.00000000e+00
80.39935392 31.02782877 -36.68174977 0.00000000e+00
80.53602541 30.83103802 -35.51280489 0.00000000e+00
80.55685679 30.89721381 -36.22193341 0.00000000e+00
80.41990683 31.09387481 -37.37992182 0.00000000e+00
80.43244411 30.89231508 -35.59229688 0.00000000e+00
80.24164950 31.07623560 -36.40751143 0.00000000e+00
80.32768685 30.95216777 -35.66186810 0.00000000e+00
80.25311056 30.95489107 -35.35007638 0.00000000e+00
79.76403851 31.42119572 -37.53005384 0.00000000e+00
79.96762108 31.25279395 -36.83116396 0.00000000e+00
79.91483261 31.23989545 -36.49524223 0.00000000e+00
80.11411884 31.06666584 -35.75862161 0.00000000e+00
79.87631342 31.37091284 -37.53148687 0.00000000e+00
80.02509012 31.18721235 -36.47536095 0.00000000e+00
79.98748183 31.31894755 -37.51819766 0.00000000e+00
80.13403830 31.13264360 -36.44809591 0.00000000e+00
80.17407617 31.26455626 -37.82664446 0.00000000e+00
80.29336487 31.08666257 -36.73600539 0.00000000e+00
80.07750422 31.19922698 -36.81035873 0.00000000e+00
80.09744920 31.26522476 -37.49767459 0.00000000e+00
80.60802527 30.90610379 -36.54552323 0.00000000e+00
80.52508498 31.03380448 -37.32025246 0.00000000e+00
80.73293997 30.91071649 -37.18453700 0.00000000e+00
80.62935022 30.97264448 -37.25444624 0.00000000e+00
80.76235107 30.77235612 -36.06116424 0.00000000e+00
80.80651548 30.90657475 -37.50093466 0.00000000e+00
80.81378121 30.78104531 -36.38907849 0.00000000e+00
80.71113049 30.84381430 -36.46816913 0.00000000e+00
81.33167676 30.47426483 -36.10494350 0.00000000e+00
81.35666263 30.54372890 -36.85803737 0.00000000e+00
81.87088001 30.33230866 -37.31526803 0.00000000e+00
81.64971758 30.43441696 -37.24541536 0.00000000e+00
81.65498873 30.30832109 -36.12182372 0.00000000e+00
81.46348827 30.48667062 -36.84812458 0.00000000e+00
80.96674172 30.64645885 -35.90295734 0.00000000e+00
80.93920414 30.78596582 -37.04299769 0.00000000e+00
81.48978776 30.34865548 -35.71755764 0.00000000e+00
81.43812000 30.41693540 -36.09342676 0.00000000e+00
81.93676192 30.02095891 -34.72593703 1.41781390e-02
81.54589277 30.36159169 -36.09919490 0.00000000e+00
80.97280223 30.51984519 -34.73164604 0.00000000e+00
80.86451346 30.70932904 -35.97977831 0.00000000e+00
81.82445533 30.06798315 -34.65210013 1.62067450e-02
81.79139789 30.32703389 -36.91286776 0.00000000e+00
82.05004048 29.97582628 -34.81118383 1.24428040e-02
81.81859731 30.19255574 -35.81574566 1.61022150e-02
81.79248105 30.12256261 -35.03233777 1.70333640e-02
81.70775087 30.24251054 -35.76677155 3.67806170e-03
82.13086415 29.98460403 -35.25548189 1.20537030e-02
81.98931366 30.16053596 -36.27222822 1.09412840e-02
82.01557893 30.23014283 -37.01692278 7.80175790e-03
81.93055160 30.14459327 -35.87495832 1.50253390e-02
81.87680041 30.20786440 -36.21326838 8.83752660e-03
81.76532078 30.25709267 -36.16092222 3.47823500e-03
82.12902640 30.18427134 -37.07652807 6.85393280e-03
82.04347443 30.09847044 -35.94066225 1.29937900e-02
82.21691694 30.07095769 -36.41262558 6.31438850e-03
82.10272076 30.11494126 -36.33909649 6.84990280e-03
82.44727139 29.98725744 -36.55526447 6.51602090e-04
82.35815293 30.09712415 -37.20927203 7.16352260e-04
82.67135354 30.02557846 -37.72697615 0.00000000e+00
82.47362220 30.05553953 -37.27272901 0.00000000e+00
82.91320543 29.83246144 -36.81456933 5.35259630e-04
82.78783900 29.98653662 -37.78081503 0.00000000e+00
83.03034565 29.79554426 -36.86658933 7.66141140e-03
83.02162823 29.91064323 -37.87866969 5.07953200e-04
82.96870599 29.77736530 -36.50169961 2.86566690e-03
82.93963945 29.89926893 -37.50567563 5.35401820e-04
83.14761038 29.75903215 -36.91223258 2.84256060e-02
83.17413586 29.82518829 -37.59349302 1.20761540e-02
83.38233291 29.68679329 -36.98335238 3.30337920e-02
83.40899434 29.75240144 -37.65607302 4.95041870e-03
83.43743030 29.63302363 -36.66404675 2.12694450e-01
83.52779931 29.53177370 -36.01934905 1.22884800e+00
83.29355017 29.60292931 -35.95580838 1.38153960e-01
83.08579755 29.74090481 -36.55179344 3.37152860e-02
82.94219614 29.71048195 -35.81023839 1.98899940e-02
82.50251214 29.92936294 -36.24088868 6.13404010e-04
82.85176584 29.81429520 -36.44313896 5.54483250e-04
82.67958033 29.90815724 -36.69397093 0.00000000e+00
82.58957970 30.01509733 -37.33667657 0.00000000e+00
82.79626554 29.86995968 -36.75446887 0.00000000e+00
82.61859859 29.89014686 -36.31401988 0.00000000e+00
82.16415866 29.93242148 -34.90314277 1.17830420e-02
82.62669407 29.77253101 -35.27313267 0.00000000e+00
82.51036180 29.81080654 -35.18473713 8.97713440e-04
82.70858885 29.78423292 -35.67496155 0.00000000e+00
82.74334219 29.73509479 -35.35392273 5.81749130e-04
82.59215822 29.82214621 -35.59754531 0.00000000e+00
82.73098407 29.62508167 -34.21902564 2.80570080e-03
82.86023011 29.69833472 -35.42692565 3.27957720e-03
82.81315608 29.63745015 -34.66779582 1.10763110e-02
82.73504692 29.85185444 -36.37932524 0.00000000e+00
82.82528858 29.74705588 -35.74695651 9.19983820e-04
83.21171246 29.59067926 -35.59261688 1.37829210e-01
83.17638055 29.63854863 -35.91439098 7.17814740e-02
83.16512563 29.53047199 -34.86562141 2.92499960e-01
83.05924789 29.67436354 -35.86518686 6.58415920e-02
84.03044355 29.33959865 -35.74480369 5.78995200e-01
83.64480023 29.49604041 -36.04126153 1.48967870e+00
83.41070554 29.56737731 -35.99070694 5.37006560e-01
83.39990684 29.46000713 -34.95614575 1.32959180e+00
83.08304428 29.51790625 -34.45038648 3.05132470e-01
82.97729772 29.66211559 -35.48852153 6.87508910e-02
82.96558318 29.55325837 -34.38044521 2.03637800e-01
82.93907025 29.48633183 -33.59608660 4.19046020e-01
82.69611164 29.67400514 -34.58512169 5.89881790e-04
82.70452339 29.55740058 -33.41536807 3.12438630e-02
82.47608469 29.86098146 -35.51441530 9.36280060e-04
82.57931226 29.71125319 -34.49086260 5.33504100e-04
82.39443764 29.85011070 -35.09141906 6.73068920e-03
82.49726234 29.69945201 -34.02125214 6.49421340e-03
82.35451667 29.66918723 -33.08799800 1.36119750e-02
82.26508460 29.77780372 -33.80521884 1.21193300e-02
81.83660328 29.81960229 -32.17933653 5.20536990e-03
82.14982055 29.81893700 -33.69562836 8.48347270e-03
81.69743674 30.00146453 -33.33843768 1.72040600e-02
82.00895559 29.79185602 -32.74554499 3.85558800e-03
82.01715158 30.02878152 -35.17213142 1.29778790e-02
82.12344435 29.74938605 -32.85366948 4.82144800e-03
81.90430969 30.07470913 -35.09719797 1.50081670e-02
81.92160382 29.90621799 -33.49453415 8.17578770e-03
82.36044956 29.90089601 -35.42770948 5.45587990e-03
82.34680341 29.78858941 -34.28654597 1.05786280e-02
82.24533633 29.94203562 -35.34122758 1.13938340e-02
82.23127001 29.82901624 -34.17891276 1.08096080e-02
81.60337202 30.16838566 -34.54543622 1.82511180e-02
81.55626142 30.10871612 -33.70132661 1.95929210e-02
81.49484796 30.22194749 -34.52181518 9.11573590e-04
81.38283758 30.40489011 -35.71936543 0.00000000e+00
81.59811517 30.29452803 -35.73338527 0.00000000e+00
81.57242349 30.22460697 -34.94433443 1.58759990e-03
81.26605422 30.22026512 -33.28829441 0.00000000e+00
81.14881435 30.45430201 -35.00960616 0.00000000e+00
81.16205291 30.28060547 -33.34035540 0.00000000e+00
81.07494388 30.45715487 -34.65121256 0.00000000e+00
80.92890881 30.46525757 -33.95579149 0.00000000e+00
80.87121511 30.58328554 -34.82363884 0.00000000e+00
81.46442168 30.27893619 -34.92922876 0.00000000e+00
81.47861713 30.10603042 -33.26169812 1.96700270e-02
81.18797432 30.14063402 -32.04989604 5.91124850e-03
81.13296245 30.33942294 -33.78276466 0.00000000e+00
81.13801228 30.21182688 -32.50642036 0.00000000e+00
81.05934899 30.34267878 -33.41522660 0.00000000e+00
81.34161082 30.21974114 -33.69167666 0.00000000e+00
81.34651111 30.09238734 -32.41369325 1.59132940e-02
81.44815161 30.16304071 -33.68328847 1.40102130e-02
81.45319506 30.03612954 -32.40988190 2.48030470e-02
81.95627163 29.65182392 -31.04827217 4.09314500e-03
81.50509212 29.96871977 -31.99553099 1.87156690e-02
81.51037664 29.84240939 -30.72868832 9.74625460e-03
81.39769078 30.02354724 -31.98380940 2.76848570e-02
80.98966177 30.13842687 -30.94882811 7.00646240e-02
80.88370846 30.33008452 -32.33172532 0.00000000e+00
81.29200709 30.08092992 -32.00248229 1.93754220e-02
81.40275919 29.89665754 -30.71178208 1.70683540e-02
81.37267218 29.95397763 -31.13730286 2.89405960e-02
81.57248261 29.73055401 -29.30930062 1.26696520e-02
81.58838977 29.84639007 -31.17922721 8.11246720e-03
82.27434929 29.30611334 -28.39761562 3.40715650e-01
82.29396532 29.65051038 -32.62434030 1.18002770e-02
82.07062674 29.60981997 -31.16817240 4.24940030e-03
81.81041911 29.74938021 -31.32656820 6.10497650e-03
81.72470731 29.86684877 -32.09511791 6.68507270e-03
81.69870354 29.79662325 -31.24096031 9.23620020e-03
81.61414754 29.91651150 -32.03348477 4.35964100e-03
81.89534894 29.83618228 -32.64432056 4.61155260e-03
82.00224458 29.91442939 -33.97599140 6.78915250e-03
81.80892940 29.95274266 -33.40769976 9.56120660e-03
81.88900961 29.95979237 -33.88353219 7.32363220e-03
82.03528352 29.86167946 -33.59230780 7.16388210e-03
82.11637353 29.87089388 -34.07516111 6.39986860e-03
82.47082950 29.63097916 -33.19950385 1.19108740e-02
82.38093642 29.73804379 -33.91551911 1.05991500e-02
82.38348989 29.54310753 -31.91354567 1.35473840e-02
82.23867913 29.70857733 -32.97053428 9.13666830e-03
82.87737328 29.46722391 -33.16214142 4.70268140e-01
82.83885263 29.29056990 -31.19307562 1.66700050e+00
83.23801303 29.24946805 -32.24912827 1.59830870e+00
83.19147287 29.18895037 -31.45930647 1.54085150e+00
83.04772648 29.56583763 -34.80725584 1.77591470e-01
83.05649712 29.45134050 -33.67620723 6.42220320e-01
83.40872647 29.34685105 -33.85049931 1.37682560e+00
83.31801845 29.44764434 -34.56054898 1.18540840e+00
83.81422678 29.18751186 -33.57277610 1.37890540e-02
83.43543361 29.41248452 -34.60294873 1.59271870e+00
83.08535581 29.33104749 -32.54092884 1.83934590e+00
83.29137200 29.38172075 -33.80211827 1.59493960e+00
82.99465443 29.43234929 -33.24871799 7.93412090e-01
83.17394381 29.41650297 -33.74493894 1.08433160e+00
83.11197244 29.39767233 -33.32622394 1.24439120e+00
83.22928358 29.36308035 -33.39091072 1.62555700e+00
82.63897376 29.31115657 -30.60883734 1.17461630e+00
82.61666824 29.47006875 -32.15433410 9.83670040e-02
82.52165517 29.34606254 -30.48073335 4.80343310e-01
82.41784262 29.49344740 -31.55204264 1.40339120e-02
82.18577495 29.56959855 -31.29538027 4.97738390e-03
82.30156206 29.53089964 -31.42447036 5.78411760e-03
82.26749037 29.58118398 -31.78871161 5.76805940e-03
82.17847543 29.69024278 -32.50226932 4.85573990e-03
82.15203337 29.62059442 -31.66274400 4.93267710e-03
82.06365648 29.73152334 -32.38643942 3.93164940e-03
81.92334039 29.70445964 -31.42771395 4.52591950e-03
82.17175887 29.45649132 -29.88293238 3.96220440e-03
82.72138243 29.32483326 -31.08240524 1.16558720e+00
82.53451161 29.45703160 -31.67719816 5.91801910e-02
82.76864158 29.38648066 -31.90445975 8.14480630e-01
82.99172947 29.20914646 -30.93777885 2.50642760e+00
82.88593962 29.35195639 -32.00655431 1.27529380e+00
82.96806980 29.36535445 -32.45741633 1.31008740e+00
83.35526157 29.21522266 -32.30759853 6.08793090e-01
83.66026884 29.05129052 -31.65756691 7.64293000e-02
83.12067782 29.28358772 -32.18061027 2.20481720e+00
83.20262304 29.29679396 -32.61187715 1.95448260e+00
83.33353441 29.00045571 -29.94822011 5.98068000e-01
83.10936281 29.17547618 -31.02450160 2.03772230e+00
83.34440244 29.10783581 -31.16358152 4.95884610e-01
83.22693724 29.14175065 -31.09913863 1.01933880e+00
82.98014632 29.10058193 -29.64653646 1.90559840e+00
82.87407648 29.24286707 -30.83834140 2.12289580e+00
82.70910360 29.21496369 -29.79046693 2.02260450e+00
82.60404685 29.35955075 -30.96312364 6.26526310e-01
82.62647524 29.20086265 -29.16252490 2.01573640e+00
82.48692915 29.39492837 -30.83615827 1.45551560e-01
82.12374225 29.39390911 -28.59791448 3.53068370e-02
82.13787255 29.50725352 -30.31201778 2.00667670e-03
81.94145665 29.53738798 -29.36120772 6.15266270e-03
82.05620774 29.49602223 -29.63762577 4.71856140e-03
82.04182296 29.38221981 -27.61116577 9.42305630e-02
81.77981678 29.51906164 -27.30838173 2.69139800e-02
81.66745473 29.56548105 -26.73065480 3.80931790e-02
81.68305617 29.68105684 -29.50013578 1.00620260e-02
81.55662184 29.61470807 -26.15880736 1.02995570e-01
81.49435993 29.72648103 -28.13431133 3.09785080e-02
81.81253219 29.46584696 -26.64747388 7.72209560e-02
81.71508646 29.62668711 -28.72109716 1.15893260e-02
81.58814006 29.55939133 -25.23901156 1.46501160e-01
81.60390694 29.67516729 -28.42948922 2.16464680e-02
81.73061596 29.74213304 -30.84679175 7.98227470e-03
81.82767930 29.58084833 -29.03139468 9.19299180e-03
81.29696530 29.95364469 -30.72650182 3.82327040e-02
81.46358358 29.78288017 -29.14858756 2.78845820e-02
81.84286940 29.69584184 -30.94025117 4.30658270e-03
81.90838349 29.58982947 -29.91076797 4.70031960e-03
81.26746730 30.01176053 -31.16179740 2.93944810e-02
81.38664082 29.78073990 -27.85579138 6.07344930e-02
81.09061280 30.07489454 -30.84821266 4.99823500e-02
81.14808253 29.95670031 -29.01205679 1.69983710e-01
80.94616786 30.08391799 -29.39773605 5.74129070e-01
80.86148213 30.26282340 -31.52487637 2.22403470e-02
81.19296331 30.01316338 -30.77274879 4.12874350e-02
81.35653033 29.83810584 -29.00373652 3.64274280e-02
81.07492924 29.96001786 -27.77381450 7.55068520e-01
81.13223130 29.84146681 -24.99003128 1.29158920e+00
81.25138473 29.89613123 -28.98003432 8.88014610e-02
81.37056708 29.66481244 -24.09106897 7.18773040e-01
80.93105335 29.96988961 -25.49736277 1.75999230e+00
80.67739412 30.22258381 -29.55973959 2.33123000e-01
81.17700647 29.89778369 -27.65463790 3.54237280e-01
81.34043273 29.72222426 -25.26477006 4.80171690e-01
80.83221495 30.03625936 -26.02936997 1.76568970e+00
80.57826552 30.28871077 -30.05722755 3.86633250e-02
80.64894000 30.28194717 -30.38850445 3.51517180e-02
80.37700877 30.41770554 -30.54554554 0.00000000e+00
80.76187656 30.04328052 -24.91538909 2.05965290e+00
80.73386391 30.10325028 -26.69404899 1.41484080e+00
80.43635709 30.30187910 -28.72698808 7.28247190e-02
79.60960810 30.69483056 -29.34173472 0.00000000e+00
79.95517292 30.65203027 -30.86650140 0.00000000e+00
80.01977578 30.54339884 -29.72493316 0.00000000e+00
79.81230120 30.75766938 -31.28442463 0.00000000e+00
79.80071376 30.64960074 -29.88975273 0.00000000e+00
79.94368431 30.54383972 -29.10237713 0.00000000e+00
79.84537941 30.70464139 -30.89376523 0.00000000e+00
80.06329965 30.59699070 -30.81763238 0.00000000e+00
79.96672605 30.76019567 -32.02470524 0.00000000e+00
80.16965475 30.53951300 -30.74890819 0.00000000e+00
80.04288703 30.76000706 -32.38445469 0.00000000e+00
80.24350083 30.53623192 -31.08111016 0.00000000e+00
80.07488690 30.70537796 -31.98075858 0.00000000e+00
80.34697361 30.47512200 -30.97871970 0.00000000e+00
80.14996928 30.70374540 -32.32759877 0.00000000e+00
80.63544031 30.17023226 -27.40145779 1.02689140e+00
80.53642266 30.23661915 -28.12319427 3.97124900e-01
80.59144449 30.39989236 -31.47957817 0.00000000e+00
80.77610675 30.15605867 -29.02505735 6.37818190e-01
80.79038594 30.26881815 -31.20228631 3.99710960e-02
80.84682504 30.14954953 -29.71377151 5.01430520e-01
80.47826545 30.35391100 -30.39026361 0.00000000e+00
80.46140936 30.52230763 -32.04811703 0.00000000e+00
80.25537483 30.64525057 -32.25325731 0.00000000e+00
80.48181651 30.58831882 -32.82571418 0.00000000e+00
80.58317086 30.52468780 -32.70828772 0.00000000e+00
80.68367398 30.46012401 -32.58338943 0.00000000e+00
80.63336564 30.53258339 -33.05436068 0.00000000e+00
80.78370738 30.39508645 -32.45492605 0.00000000e+00
80.65462445 30.59915473 -33.84453887 0.00000000e+00
80.83427561 30.40292359 -32.80738909 0.00000000e+00
80.75571365 30.53481088 -33.72946288 0.00000000e+00
80.82777877 30.52937325 -34.06158504 0.00000000e+00
80.45028331 30.72548098 -34.05876029 0.00000000e+00
80.52312745 30.72067256 -34.38733164 0.00000000e+00
80.02600778 30.95896337 -34.32477782 0.00000000e+00
80.10231811 30.95837895 -34.68168616 0.00000000e+00
79.88319999 31.06552478 -34.73576545 0.00000000e+00
79.89645083 30.94583147 -33.58829295 0.00000000e+00
80.06265477 30.82617708 -33.15193867 0.00000000e+00
80.32622296 30.72070228 -33.37685580 0.00000000e+00
79.84369451 30.93242278 -33.20919005 0.00000000e+00
79.95392816 30.88040788 -33.18945083 0.00000000e+00
80.28613935 30.58887669 -31.83284323 0.00000000e+00
80.16980713 30.76974984 -33.09708899 0.00000000e+00
80.35914092 30.58468116 -32.15887788 0.00000000e+00
80.27532928 30.71116087 -33.02308814 0.00000000e+00
80.49095118 30.46435327 -31.61055399 0.00000000e+00
80.37928293 30.65059379 -32.93305962 0.00000000e+00
80.38927519 30.52747825 -31.72916322 0.00000000e+00
80.44885263 30.41210723 -30.85842602 0.00000000e+00
79.50551741 31.07661196 -33.18429442 0.00000000e+00
79.63329298 30.91119585 -32.05186434 0.00000000e+00
79.67280293 31.04563675 -33.59627039 0.00000000e+00
79.71234713 30.91529729 -32.44290064 0.00000000e+00
79.32984377 31.18298603 -33.52006545 0.00000000e+00
79.37118626 31.05350206 -32.37354234 0.00000000e+00
79.46463756 31.20613610 -34.32680906 0.00000000e+00
79.44487309 31.13841723 -33.55529967 0.00000000e+00
78.92976804 31.29684926 -32.94506665 0.00000000e+00
78.88774033 31.42838708 -34.10752861 0.00000000e+00
79.54505620 31.21169207 -34.72410981 0.00000000e+00
79.55926278 31.09274840 -33.58025905 0.00000000e+00
79.77160589 31.11605022 -34.74317484 0.00000000e+00
79.78525803 30.99673455 -33.59879664 0.00000000e+00
78.75374839 31.40540867 -33.23746330 0.00000000e+00
78.54713399 31.57275276 -33.91683245 0.00000000e+00
78.64026716 31.45332777 -33.16844722 0.00000000e+00
78.51473765 31.62681922 -34.30442340 0.00000000e+00
78.52802460 31.50342231 -33.09905561 0.00000000e+00
78.43613967 31.62521889 -33.85384863 0.00000000e+00
78.45776447 31.41881822 -31.84036056 0.00000000e+00
78.37959702 31.41723075 -31.38524183 0.00000000e+00
78.79559022 31.27270942 -32.07343794 0.00000000e+00
78.71503501 31.26682482 -31.62354401 0.00000000e+00
78.60187307 31.31464324 -31.54425217 0.00000000e+00
78.58822265 31.43724839 -32.73600105 0.00000000e+00
78.98331103 31.31450680 -33.36792900 0.00000000e+00
78.91020874 31.22772266 -32.14618795 0.00000000e+00
78.58794261 31.20420348 -30.32542769 0.00000000e+00
78.44355034 31.30818471 -30.60444450 0.00000000e+00
79.02535313 31.18382829 -32.21437522 0.00000000e+00
78.82921551 31.22091027 -31.70158162 0.00000000e+00
79.04500514 31.25277311 -33.00763068 0.00000000e+00
79.05945429 31.13288186 -31.84434543 0.00000000e+00
79.39096491 31.12160438 -33.15336032 0.00000000e+00
79.40533165 31.00255906 -31.99889503 0.00000000e+00
79.24346868 30.98827402 -31.16174979 0.00000000e+00
79.17494504 31.08973053 -31.90453642 0.00000000e+00
79.58757547 30.85469162 -31.27447475 0.00000000e+00
79.50765583 30.84924538 -30.87202364 0.00000000e+00
79.61930396 31.03030417 -33.20480922 0.00000000e+00
79.59953427 30.96290994 -32.43186975 0.00000000e+00
79.70056514 30.80721035 -31.28764289 0.00000000e+00
79.68884674 30.69910174 -29.92793538 0.00000000e+00
79.27778835 30.93758954 -30.79058401 0.00000000e+00
79.35878872 30.94482826 -31.21031435 0.00000000e+00
79.16216708 30.98057015 -30.73423798 0.00000000e+00
79.14074208 31.14050515 -32.27598215 0.00000000e+00
79.14945431 30.87139088 -29.23146083 3.21388160e-03
78.93085818 31.06669031 -30.59678787 0.00000000e+00
79.12786083 31.03125141 -31.10421754 0.00000000e+00
78.94411842 31.17643271 -31.77579484 0.00000000e+00
79.04643315 31.02342466 -30.66966493 0.00000000e+00
78.81572278 31.11090439 -30.51666607 0.00000000e+00
79.01222958 31.07428044 -31.03834710 0.00000000e+00
79.11504510 30.92197854 -29.76480199 5.88114340e-04
78.89684803 31.11789614 -30.96420582 0.00000000e+00
78.99917203 30.96471318 -29.69366124 5.86224430e-04
78.10385651 31.36448730 -28.91567460 0.00000000e+00
78.01325222 31.53547225 -30.34804092 0.00000000e+00
77.79170485 31.55000805 -28.79396527 1.25221950e-02
77.12221702 32.23804751 -31.57243850 0.00000000e+00
78.25632446 31.36143673 -30.02610897 0.00000000e+00
78.33356216 31.36146433 -30.51837394 0.00000000e+00
77.89454026 31.48660370 -28.82104718 0.00000000e+00
77.83578610 31.60255343 -29.83782427 0.00000000e+00
78.02804699 31.64627003 -31.63164659 0.00000000e+00
77.38820650 31.81332645 -28.77903150 3.75570440e+00
78.14900904 31.41876462 -29.95467852 0.00000000e+00
78.11847656 31.47532262 -30.39059210 0.00000000e+00
77.95375689 31.65041152 -31.20354323 0.00000000e+00
77.90937271 31.59738167 -30.31871223 0.00000000e+00
77.14975237 32.17838009 -31.17408368 0.00000000e+00
77.30400472 31.99117667 -30.30515376 8.58269030e-01
77.50331691 31.85687569 -30.29861007 3.07844010e+00
77.43159358 31.86456934 -29.82906405 5.82020780e+00
77.44681501 31.97498721 -31.18134103 5.78876340e+00
77.58868869 31.68011193 -28.77738993 5.88001190e-01
77.51850449 31.96733628 -31.58853447 1.86528350e+00
77.70480517 31.72523023 -30.29722956 3.01566310e-02
77.71985016 31.83584840 -31.59044925 2.20547820e-02
77.73365051 31.66672011 -29.82701157 2.70367000e-02
77.53168818 31.79789599 -29.82478016 2.02227770e+00
77.60375213 31.79067447 -30.29567014 1.99456130e-01
77.33199674 31.93184882 -29.83308477 1.14510070e+00
77.40342143 31.92373497 -30.30268757 5.52875790e+00
76.63511374 32.31127986 -27.97126004 0.00000000e+00
76.57365488 32.60489308 -30.98836292 2.70138280e-01
76.92305144 32.09681436 -28.12888819 0.00000000e+00
77.20508113 32.05920662 -30.30370101 8.76158940e-04
76.81526373 32.33797298 -30.22825672 0.00000000e+00
77.02061118 32.02699802 -28.15815518 0.00000000e+00
76.42298061 32.52102967 -28.37646756 1.21335220e+00
76.53173851 32.55620925 -30.07076694 2.14666810e-01
76.24196209 32.67428380 -28.16593407 1.71754110e-01
76.46460207 32.56931380 -29.51589494 2.43884790e+00
76.51540259 32.44612266 -28.46679970 3.74676310e-04
76.43946963 32.63109333 -29.99874953 4.82686790e+00
76.44817748 32.45923654 -27.80444564 3.28658630e-02
76.37312996 32.64497769 -29.42660660 2.53506700e+00
76.19402765 32.79968113 -29.22236672 0.00000000e+00
76.25875537 32.78428777 -29.82821560 2.49950930e-02
76.21094273 32.90964781 -30.71116996 0.00000000e+00
75.93534093 33.03994769 -28.88239595 0.00000000e+00
76.64143828 32.59254022 -31.41822512 1.19734800e-02
76.71974913 32.40972290 -30.18358964 0.00000000e+00
76.34847560 32.70713147 -29.91665104 6.89409480e-01
76.28293594 32.72177654 -29.32752700 1.10261960e-01
76.84202684 32.27755580 -29.76210067 0.00000000e+00
76.85789745 32.38769383 -31.11654408 0.00000000e+00
76.93874370 32.20699701 -29.79296347 0.00000000e+00
77.00883676 32.19712214 -30.28179863 0.00000000e+00
77.10666613 32.12783232 -30.29757830 0.00000000e+00
76.94357817 32.44668676 -32.33143186 0.00000000e+00
77.13425354 32.06814324 -29.82911806 0.00000000e+00
77.05178997 32.24740865 -31.16216067 0.00000000e+00
77.41868641 32.03412172 -31.58899092 6.33516200e+00
77.24826762 32.10998482 -31.18052955 2.47587170e-02
77.02450466 32.30729951 -31.55634374 0.00000000e+00
76.95448062 32.31716046 -31.14284352 0.00000000e+00
76.62521318 32.48245189 -30.13248672 0.00000000e+00
76.55734242 32.49481111 -29.59369363 3.29214130e-03
76.38974734 32.75501297 -30.86519258 5.22613270e-01
76.42050243 32.89453173 -32.46491376 3.35726100e-02
76.38048185 32.88694583 -32.04145329 1.99437000e-02
76.45599827 32.74114004 -31.30753409 2.39925850e+00
75.82988975 33.18616866 -29.28980890 0.00000000e+00
76.17033317 32.86254718 -29.73332585 0.00000000e+00
76.20238174 33.04242427 -31.89671460 0.00000000e+00
76.29970482 32.83178159 -30.79135865 1.78094890e-02
76.29078673 32.96413893 -31.97138898 0.00000000e+00
76.36515689 32.81715199 -31.23921158 8.26979880e-02
76.51208112 32.81876062 -32.52429434 1.89097820e+00
76.41123610 33.02644634 -33.65757542 0.00000000e+00
76.60493464 32.74415054 -32.58058648 5.22302450e+00
76.45264686 33.07423487 -34.48377505 0.00000000e+00
76.73582404 32.51982783 -31.46470668 0.00000000e+00
76.65715315 32.66213494 -32.21476930 1.49192580e-01
76.84717093 32.51755670 -32.29972855 0.00000000e+00
76.71475156 32.74013041 -33.43296103 3.43811920e-01
76.83119498 32.44809722 -31.50350270 0.00000000e+00
76.75166505 32.58935116 -32.26161894 0.00000000e+00
76.98681498 32.45588417 -32.74144407 0.00000000e+00
76.87924214 32.65639099 -33.89795352 0.00000000e+00
77.36955051 32.30892881 -34.01596484 5.66554850e+00
77.64741488 31.84247802 -31.17865950 6.55536710e-02
77.63605054 31.97028353 -32.40766599 6.38205710e-02
77.54683438 31.90839035 -31.17942703 1.06888400e+00
77.38079895 32.18048316 -32.80439671 5.44592100e+00
77.85071208 31.71327523 -31.18860803 0.00000000e+00
77.33603464 32.17066031 -32.39661821 2.27951520e+00
77.31935440 32.10149637 -31.58733515 1.31049060e+00
77.18264697 32.31686333 -32.78300492 0.00000000e+00
77.22052613 32.16946925 -31.58245198 4.26644020e-03
77.61886823 31.90121425 -31.58858649 1.07699090e-01
77.92426226 31.70813603 -31.60823894 0.00000000e+00
77.43552299 32.10324205 -32.40169811 6.53302540e+00
77.53550901 32.03642559 -32.40446957 1.20684010e+00
77.74865287 31.77737110 -31.18127186 8.73552940e-03
77.80661978 31.66072260 -30.30302436 0.00000000e+00
78.22520629 31.41722699 -30.44717019 0.00000000e+00
78.16362627 31.52958166 -31.27296691 0.00000000e+00
77.82159026 31.77141370 -31.59663754 0.00000000e+00
77.94205344 31.77723533 -32.43370579 0.00000000e+00
77.73722151 31.90491064 -32.41212033 5.16609120e-03
77.83916572 31.84048695 -32.42039825 0.00000000e+00
78.36666876 31.54151147 -32.59143038 0.00000000e+00
78.34795215 31.47219845 -31.76910957 0.00000000e+00
78.13315672 31.58613423 -31.66824371 0.00000000e+00
78.04606894 31.71541606 -32.45825794 0.00000000e+00
77.69931570 32.04966668 -33.64059600 2.00538620e-02
77.88606029 31.85144969 -32.83783559 0.00000000e+00
78.25824597 31.59728440 -32.53694365 0.00000000e+00
78.11251097 31.79662062 -33.71264932 0.00000000e+00
78.41722199 31.55589289 -33.02744293 0.00000000e+00
78.21884634 31.73730213 -33.74970388 0.00000000e+00
78.30799184 31.61080282 -32.96938132 0.00000000e+00
78.18817044 31.79377474 -34.15014839 0.00000000e+00
78.32670004 31.68009811 -33.79763434 0.00000000e+00
77.91892508 32.03120355 -34.87241691 0.00000000e+00
77.67061064 32.10840008 -34.04683933 3.08870270e-02
77.78358126 31.91550843 -32.82670365 0.00000000e+00
77.59817846 32.11561344 -33.63242907 9.87254500e-02
77.68195008 31.98061131 -32.81941009 3.04716530e-02
77.49763424 32.18228126 -33.62469875 2.73336630e+00
77.48063744 32.11319850 -32.80998332 4.14286260e+00
77.56970043 32.17456959 -34.03717243 2.10417300e-01
77.58100266 32.04655065 -32.81444164 1.88834490e-01
77.77217613 32.04303030 -34.05745456 0.00000000e+00
77.61346841 32.22605568 -34.83233191 5.74206460e-02
77.46936601 32.24143662 -34.02766279 4.75009780e+00
77.41306460 32.35989275 -34.80861710 7.69198500e+00
77.87454087 31.97864211 -34.07204101 0.00000000e+00
77.71453789 32.16018713 -34.84325519 0.00000000e+00
77.78737106 32.15359326 -35.23614385 0.00000000e+00
78.00756788 31.85779449 -33.68552324 0.00000000e+00
77.88966397 32.08927539 -35.25035987 0.00000000e+00
78.08235453 31.85373945 -34.11708508 0.00000000e+00
77.99291758 32.02615181 -35.26801615 0.00000000e+00
78.12740236 31.90736285 -34.92149835 0.00000000e+00
78.40431323 31.68013064 -34.24608911 0.00000000e+00
78.23361540 31.84804012 -34.95533662 0.00000000e+00
78.29545976 31.73582820 -34.19403129 0.00000000e+00
78.20300326 31.90450959 -35.32225083 0.00000000e+00
78.32881288 31.91568218 -36.09641687 0.00000000e+00
78.34132603 31.79079609 -34.99694895 0.00000000e+00
77.90740691 32.15827156 -36.00040718 0.00000000e+00
78.09730245 31.96446768 -35.29224674 0.00000000e+00
78.01087726 32.09516785 -36.01659331 0.00000000e+00
78.16399251 32.04551287 -36.41241283 0.00000000e+00
78.37885097 31.92914279 -36.46823676 0.00000000e+00
78.41885371 31.79077142 -35.39952200 0.00000000e+00
78.39773076 31.99832114 -37.18886152 0.00000000e+00
78.48857818 31.87427108 -36.50399432 0.00000000e+00
78.05869067 32.10657978 -36.38924182 0.00000000e+00
78.07687405 32.17562074 -37.12014855 0.00000000e+00
77.84019432 32.36054874 -37.45779813 0.00000000e+00
77.95460904 32.16921779 -36.37104138 0.00000000e+00
77.76692740 32.36715552 -37.08368018 0.00000000e+00
77.85156392 32.23315589 -36.35862649 0.00000000e+00
77.46382672 32.56707334 -37.05428477 3.68716000e+00
77.64795158 32.36407353 -36.33734188 2.80101730e-02
77.68587353 32.21888663 -35.22400441 1.47540670e-02
77.30249086 32.55638442 -35.92704612 1.33940830e+00
77.81630445 32.09516976 -34.85658654 0.00000000e+00
77.80490625 32.22258127 -35.98813648 0.00000000e+00
77.50175309 32.42081883 -35.95531873 1.99378540e+00
77.20369601 32.62513732 -35.90902250 1.21993450e-02
77.38503343 32.41919611 -35.18820257 7.05564400e+00
76.99182864 32.69548375 -35.10563509 0.00000000e+00
77.58503095 32.28497805 -35.21323172 9.55151170e-02
77.51299488 32.29264727 -34.82103629 1.69478620e+00
77.31365108 32.42775316 -34.79339032 1.71996120e+00
76.91136703 32.83584312 -35.84048553 1.72889800e-02
77.00805120 32.76479933 -35.86610673 0.00000000e+00
76.62713808 33.05478567 -35.73904984 7.49819870e-02
76.92203841 32.70601798 -34.69750483 0.00000000e+00
76.72083187 32.98078823 -35.77417735 4.65712570e+00
76.81558938 32.90781163 -35.80865554 4.57913380e+00
76.77867577 33.05857904 -36.91719136 3.66262140e+00
77.16585917 32.77304289 -37.00840864 2.40768540e-03
77.24793834 32.63458122 -36.28594929 1.96679530e-01
76.95432488 32.84471671 -36.22403291 2.40878710e-03
76.97053139 32.91402279 -36.97211845 1.67659930e-01
77.26458692 32.70370838 -37.02625821 7.18096760e-01
77.34711373 32.56598123 -36.30173835 5.33421260e+00
76.59107281 33.20724854 -36.85290964 0.00000000e+00
76.66851719 33.06287636 -36.12859960 1.66669340e-01
76.39306218 33.29071240 -36.01784963 0.00000000e+00
76.40845667 33.36043060 -36.78742807 0.00000000e+00
76.75257012 33.11973230 -37.28586966 2.48271070e-01
76.85804240 32.91643497 -36.19533909 4.08316340e+00
76.68431104 33.13238567 -36.88525597 3.10634490e-02
76.76275121 32.98914311 -36.16215542 6.54259340e+00
76.44342869 33.20614622 -35.66127399 0.00000000e+00
76.36238004 33.15118534 -34.43323043 0.00000000e+00
76.27338747 33.22922228 -34.38326504 0.00000000e+00
76.09934474 33.38851827 -34.27958412 0.00000000e+00
76.89528347 32.76646138 -35.07442909 0.00000000e+00
76.82603593 32.77760626 -34.66138306 1.28462740e-02
76.18570246 33.30833904 -34.33126709 0.00000000e+00
76.24970485 33.29210771 -34.78225997 0.00000000e+00
76.54421025 32.99842480 -34.53519922 4.07838800e-02
76.42801456 33.13641974 -34.87176919 0.00000000e+00
76.90605705 32.59593379 -33.51058569 0.00000000e+00
76.73101577 32.85017738 -34.62423905 4.62281950e+00
77.10551710 32.69458106 -35.88635418 0.00000000e+00
77.01889487 32.63531289 -34.72774818 0.00000000e+00
77.08915453 32.62533107 -35.13054108 0.00000000e+00
77.07336851 32.51520790 -33.96054138 0.00000000e+00
77.18718358 32.55594346 -35.15342843 0.00000000e+00
77.11650434 32.56541241 -34.75311221 0.00000000e+00
77.28583051 32.48724882 -35.17245199 6.79630320e-01
77.29812604 32.31751839 -33.60405884 9.46585080e-01
77.27025764 32.37703942 -34.00189885 3.41552840e-01
77.28145654 32.24836175 -32.79596146 6.60426660e-01
76.88996381 32.52654873 -32.71079554 0.00000000e+00
76.80991694 32.66754257 -33.47363083 0.00000000e+00
76.62063028 32.81373621 -33.38342591 6.22342790e+00
76.63704429 32.92376710 -34.58259645 2.51060990e+00
76.68869085 32.80123361 -33.81769108 3.89269320e+00
76.51909035 33.06022920 -34.91728500 0.00000000e+00
76.59497996 32.87517778 -33.76840974 2.90955860e+00
76.52764625 32.88841370 -33.32830840 6.74910140e-01
76.50246264 32.95023150 -33.71463087 6.90010220e-02
76.43593225 32.96424723 -33.27051701 2.93368790e-03
76.24119744 33.04944247 -32.33392354 0.00000000e+00
76.23263539 33.18220316 -33.54086978 0.00000000e+00
76.15350189 33.12853731 -32.26069035 0.00000000e+00
76.14530534 33.26171178 -33.47834055 0.00000000e+00
75.98210922 33.28990768 -32.10155953 0.00000000e+00
76.16855588 33.19846117 -33.08693817 0.00000000e+00
75.89831501 33.37205025 -32.02004679 0.00000000e+00
75.99690174 33.35995863 -32.94684642 0.00000000e+00
75.80876461 33.58963385 -33.21928783 0.00000000e+00
75.67920305 33.93816314 -35.37217895 0.00000000e+00
75.72747680 33.67371044 -33.15330072 0.00000000e+00
75.89110964 33.50631662 -33.28461755 0.00000000e+00
75.66791934 33.69368441 -32.65765666 0.00000000e+00
75.66495045 33.86782168 -34.49190705 0.00000000e+00
75.64716789 33.75847668 -33.08181341 0.00000000e+00
75.58559966 33.95309487 -34.45436256 0.00000000e+00
75.27556594 34.29916995 -34.35020961 0.00000000e+00
75.33413376 34.10315698 -32.85015354 0.00000000e+00
75.56775571 33.84386426 -33.00746741 0.00000000e+00
75.52718706 33.97386942 -33.94676854 0.00000000e+00
75.35210999 34.21200730 -34.37498311 0.00000000e+00
75.41130664 34.01625604 -32.91842745 0.00000000e+00
75.09423970 34.63867704 -35.70609862 0.00000000e+00
75.47695212 34.20107697 -35.73464840 0.00000000e+00
75.84090439 33.76939228 -35.42113029 0.00000000e+00
75.84781944 33.63482753 -34.12829297 0.00000000e+00
75.74857086 33.60910549 -32.73381102 0.00000000e+00
75.76624473 33.71859504 -34.07869823 0.00000000e+00
75.91297793 33.44216482 -32.87592361 0.00000000e+00
75.93046897 33.55183651 -34.17812855 0.00000000e+00
76.05930777 33.34227832 -33.41406509 0.00000000e+00
76.07662995 33.45207030 -34.69144772 0.00000000e+00
76.17753671 33.44150510 -35.54525212 0.00000000e+00
76.16250731 33.37156633 -34.73610084 0.00000000e+00
75.95985474 33.69204997 -35.84820925 0.00000000e+00
75.99202852 33.53355642 -34.64851689 0.00000000e+00
75.92328455 33.68609660 -35.44824047 0.00000000e+00
75.90864562 33.61595600 -34.60750522 0.00000000e+00
76.00679499 33.60362842 -35.47786233 0.00000000e+00
76.03644015 33.74369450 -37.03918973 0.00000000e+00
75.97460186 33.76211696 -36.63030090 0.00000000e+00
76.04393128 33.60978658 -35.87656439 0.00000000e+00
76.12925207 33.52846344 -35.90741607 0.00000000e+00
76.14426228 33.59839607 -36.68395264 0.00000000e+00
75.87694967 33.77517733 -35.82194484 0.00000000e+00
75.70781807 34.07877339 -36.96045512 0.00000000e+00
75.21299297 34.45739826 -35.29495079 0.00000000e+00
75.10752804 34.70945808 -36.53012656 0.00000000e+00
75.44310315 34.19577263 -35.32361626 0.00000000e+00
75.41315567 34.35840485 -36.53735227 0.00000000e+00
75.79511819 33.85907956 -35.79764064 0.00000000e+00
75.56938124 34.18515227 -36.55117172 0.00000000e+00
75.64859760 34.09927061 -36.55180658 0.00000000e+00
75.59972169 34.02350158 -35.35151004 0.00000000e+00
75.71428370 33.94368725 -35.77522348 0.00000000e+00
75.63436488 34.02893183 -35.75520716 0.00000000e+00
75.32231041 34.37508082 -35.71806701 0.00000000e+00
75.08839435 34.77500477 -36.93851718 0.00000000e+00
75.37175853 34.14673881 -33.87037890 0.00000000e+00
75.36583435 34.28260532 -35.31224251 0.00000000e+00
75.74518781 33.78316214 -34.53016655 0.00000000e+00
75.68566855 33.80306970 -34.02892578 0.00000000e+00
75.19954121 34.38667729 -34.33223930 0.00000000e+00
75.01898036 34.72705712 -35.70777683 0.00000000e+00
75.14309561 34.40902599 -33.76708942 0.00000000e+00
74.91218737 34.81025760 -35.29509500 0.00000000e+00
75.12396400 34.47448280 -34.31197529 0.00000000e+00
74.88217139 34.97536249 -36.54428014 0.00000000e+00
75.06193834 34.63338359 -35.28804209 0.00000000e+00
74.93807158 34.95211389 -36.94609209 0.00000000e+00
75.03212713 34.79789762 -36.53422398 0.00000000e+00
75.18326803 34.62124910 -36.52864075 0.00000000e+00
75.24000878 34.59877849 -36.93375963 0.00000000e+00
75.24583944 34.46264778 -35.71220623 0.00000000e+00
75.16401398 34.68676511 -36.93484306 0.00000000e+00
75.16983953 34.55052820 -35.70754338 0.00000000e+00
74.54159329 35.25516111 -35.35321672 4.86318710e-01
74.49848075 35.35023554 -35.65452868 7.24012660e-01
74.58470392 35.33207035 -36.58084424 3.77125610e-02
74.64016301 35.30828351 -36.97880511 0.00000000e+00
74.46780319 35.34442321 -35.05827424 7.45186950e-01
74.94401349 34.81563882 -35.71337122 0.00000000e+00
74.86931234 34.90440523 -35.71844204 0.00000000e+00
74.52944219 35.18392328 -34.30095210 5.61891170e-01
74.98692342 34.72172402 -35.29070923 0.00000000e+00
75.06777590 34.49705594 -33.72569450 0.00000000e+00
74.61545309 35.16597018 -35.33555320 0.00000000e+00
74.67695670 35.00573674 -34.20149704 0.00000000e+00
74.45580234 35.27313023 -34.10065639 7.71565960e-01
74.65894216 34.89825279 -32.17985025 3.83845090e-04
74.47435115 35.20770462 -33.64464621 7.51418900e-01
74.67756124 34.83268987 -31.56513267 0.00000000e+00
74.54800545 35.11846524 -33.59493408 5.53306290e-01
74.73285379 34.80913987 -32.26504072 0.00000000e+00
74.62173841 35.02930179 -33.51486092 1.26333880e-02
74.80693719 34.72015575 -32.32891213 0.00000000e+00
74.75088190 34.91678577 -34.22209490 0.00000000e+00
75.12507034 34.30055145 -32.13148510 0.00000000e+00
75.04876654 34.56254370 -34.28538044 0.00000000e+00
75.18151643 34.27810678 -32.71050977 0.00000000e+00
74.76347808 34.98785624 -35.30724625 0.00000000e+00
74.83771706 34.89897523 -35.29989407 0.00000000e+00
75.21881850 34.32126607 -33.79693126 0.00000000e+00
75.25756104 34.19045679 -32.77769975 0.00000000e+00
74.58515434 34.98746716 -32.12294457 3.49435320e-01
75.18731025 34.14196769 -31.20385017 0.00000000e+00
74.90008153 34.56576769 -31.87059143 0.00000000e+00
74.99279940 34.58531843 -33.67555154 0.00000000e+00
75.10592676 34.36605947 -32.65275672 0.00000000e+00
74.97389360 34.65082563 -34.26114559 0.00000000e+00
75.04974187 34.38873129 -32.05435378 0.00000000e+00
74.89930130 34.73930156 -34.24022310 0.00000000e+00
75.03072259 34.45427098 -32.58240570 0.00000000e+00
74.84370528 34.76243517 -33.59444798 0.00000000e+00
74.51146221 35.07676699 -32.34266838 7.56424440e-01
74.78736575 34.44163555 -28.63213468 0.00000000e+00
74.45639033 35.10065957 -31.90675636 7.59277250e-01
74.51779754 34.94007418 -30.35322068 8.07074090e-01
74.53002535 35.01125493 -31.57770245 7.39036120e-01
74.66504213 34.76161701 -30.39214289 3.07267140e-02
74.75151796 34.74356120 -31.65923803 0.00000000e+00
74.92979445 34.40094902 -30.30438546 0.00000000e+00
74.43784253 35.16613915 -32.50271617 7.53816130e-01
74.44430963 35.02942536 -30.67025161 8.33843020e-01
74.60374093 34.92192714 -31.45861649 3.22519240e-01
74.73885514 34.67254306 -30.50890591 0.00000000e+00
74.48713132 34.93435205 -29.88168186 7.88110340e-01
74.56672482 34.70849676 -28.34389606 7.57379280e-01
74.63402727 34.75605306 -29.82453108 1.97884950e-01
74.84265383 34.41850752 -29.17374825 0.00000000e+00
74.56053048 34.84515950 -29.71613341 7.21938200e-01
74.62162292 34.68492819 -28.85562570 2.77023630e-01
74.99127931 34.24177705 -29.41047701 0.00000000e+00
74.95584782 34.54270637 -32.50082229 0.00000000e+00
74.91682189 34.33004303 -29.29235584 0.00000000e+00
74.82567270 34.65457627 -31.75886235 0.00000000e+00
75.08509304 34.08828555 -29.07948558 0.00000000e+00
75.00439086 34.31262698 -30.42236460 0.00000000e+00
74.97476167 34.47714666 -31.96736238 0.00000000e+00
75.11170812 34.22981534 -31.09048685 0.00000000e+00
75.03651701 34.31793761 -30.98408057 0.00000000e+00
74.88125794 34.63133817 -32.41311078 0.00000000e+00
74.96167546 34.40629603 -30.87759449 0.00000000e+00
74.85548583 34.48946882 -30.18275337 0.00000000e+00
74.88713523 34.49486070 -30.76392249 0.00000000e+00
74.81286796 34.58361368 -30.63517388 0.00000000e+00
75.26339813 34.05444219 -31.31969221 0.00000000e+00
75.27702958 34.12506019 -32.30421337 0.00000000e+00
75.34004073 33.96728451 -31.41811577 0.00000000e+00
75.35380325 34.03784138 -32.38700242 0.00000000e+00
75.46122130 33.78887947 -31.08282250 0.00000000e+00
75.43120878 33.95104290 -32.44227838 0.00000000e+00
75.65363754 33.62337589 -31.76660537 0.00000000e+00
75.50931754 33.86471569 -32.48691660 0.00000000e+00
75.69876612 33.53315797 -31.38340315 0.00000000e+00
75.58819568 33.77890986 -32.57447430 0.00000000e+00
76.11530905 33.12180136 -31.81671634 0.00000000e+00
76.08207343 33.27869897 -33.01765527 0.00000000e+00
75.81569520 33.45506240 -31.93788198 0.00000000e+00
75.83023159 33.52524232 -32.80498908 0.00000000e+00
76.10036652 33.05180818 -30.99715477 0.00000000e+00
76.06715060 33.20871159 -32.18227889 0.00000000e+00
75.94512054 33.28367187 -31.64829229 0.00000000e+00
76.02957297 33.20224077 -31.73340183 0.00000000e+00
75.76537003 33.37896192 -30.58938094 0.00000000e+00
75.61871310 33.61779701 -31.28705773 0.00000000e+00
75.68446421 33.46284647 -30.47677973 0.00000000e+00
75.53955841 33.70305886 -31.18694803 0.00000000e+00
75.60453927 33.54742280 -30.36340270 0.00000000e+00
75.49529332 33.79428147 -31.57010160 0.00000000e+00
75.52551347 33.63262265 -30.24948290 0.00000000e+00
75.41731496 33.88054704 -31.49227294 0.00000000e+00
75.36984621 33.80464578 -30.01756013 0.00000000e+00
75.30671983 33.96198258 -30.89674573 0.00000000e+00
75.23624333 33.91314496 -29.32248872 0.00000000e+00
75.15463597 34.13669336 -30.66011796 0.00000000e+00
75.38963532 33.73949105 -29.56257720 0.00000000e+00
75.35198898 33.69564818 -28.49652581 0.00000000e+00
75.46735292 33.65334726 -29.68491597 0.00000000e+00
75.44956779 33.54417514 -28.12290298 0.00000000e+00
75.44730631 33.71838207 -30.13510199 0.00000000e+00
75.38363047 33.87520380 -30.99953536 0.00000000e+00
75.93043778 33.21355260 -30.80989149 0.00000000e+00
75.76923116 33.20501553 -28.62850615 0.00000000e+00
75.78672905 33.31462951 -30.19292682 0.00000000e+00
76.02023769 32.95880539 -28.99919089 0.00000000e+00
75.86909547 33.23174616 -30.32064435 0.00000000e+00
76.03741536 33.06866135 -30.53649909 0.00000000e+00
76.10645254 32.87869507 -29.11204455 0.00000000e+00
76.01476072 33.13218458 -30.90718360 0.00000000e+00
76.08325908 32.94191479 -29.63430283 0.00000000e+00
75.95263370 33.14973139 -30.43694051 0.00000000e+00
76.08943622 32.76876236 -27.37898820 0.00000000e+00
75.99753217 33.02235661 -29.53064269 0.00000000e+00
75.98033854 32.91251430 -27.80796190 0.00000000e+00
75.91309692 33.10379937 -29.41800927 0.00000000e+00
75.89579003 32.99403245 -27.68594232 0.00000000e+00
75.85169545 33.12204295 -28.76012481 0.00000000e+00
75.52811471 33.45843309 -28.24574498 0.00000000e+00
75.58684412 33.43805507 -28.88024697 0.00000000e+00
75.42949467 33.60925503 -28.61991381 0.00000000e+00
75.43181133 33.43499379 -26.48950237 0.00000000e+00
75.75176556 33.09538907 -26.91171979 0.00000000e+00
75.68786456 33.28878496 -28.49832646 0.00000000e+00
74.97330723 34.13350031 -27.94787517 0.00000000e+00
75.06714237 33.97980422 -27.58434449 0.00000000e+00
74.67773196 34.31506336 -25.72862685 8.77064310e-02
74.75078387 34.39935511 -27.66672367 0.00000000e+00
75.29306610 33.89136385 -29.90084441 0.00000000e+00
75.27517026 33.78250051 -28.37936788 0.00000000e+00
75.21689064 33.97848350 -29.78248287 0.00000000e+00
75.19896425 33.86975968 -28.26756523 0.00000000e+00
75.04810689 34.04530724 -28.04882852 0.00000000e+00
75.01017639 34.17629399 -28.96388058 0.00000000e+00
74.69510190 34.59597801 -28.95795292 1.00912790e-02
74.82467741 34.31054429 -27.76062487 0.00000000e+00
74.70765030 34.66704902 -29.94171883 0.00000000e+00
74.78144832 34.57817523 -30.05489154 0.00000000e+00
74.41380645 35.02361754 -30.23607757 6.74752270e-01
74.47501793 34.86312047 -28.74110634 7.64460990e-01
74.40183987 34.95233302 -29.06654345 6.35569330e-01
74.38393119 34.84535416 -27.37761835 5.96556340e-01
74.54827115 34.77398112 -28.75264776 7.92109890e-01
74.62215781 34.51188871 -27.06375539 4.66974960e-01
74.64011066 34.61942094 -28.43947160 2.03926000e-01
74.67713566 34.48833638 -27.57816148 3.89279420e-02
74.71363674 34.53045526 -28.53110593 0.00000000e+00
74.76939808 34.33377825 -27.22607438 0.00000000e+00
74.53032940 34.66666874 -27.42081611 9.30073390e-01
74.47552095 34.69046343 -26.92295451 7.42730130e-01
74.45761278 34.58326556 -25.56356287 6.83779630e-01
74.40234263 34.77987576 -26.85196942 6.25796180e-01
74.73283119 34.29155085 -26.24765936 9.63867310e-04
74.69567433 34.42275933 -27.14250201 2.97758610e-02
74.34209318 34.59587856 -22.69353071 5.55729390e-01
74.43918299 34.64883148 -26.00178497 6.83423050e-01
74.44543585 34.51209149 -24.01943262 5.72331510e-01
74.60422415 34.40435739 -25.67095564 6.68134530e-01
74.59176361 34.33328611 -24.13753142 9.10641050e-01
74.80672255 34.20257941 -26.31183286 0.00000000e+00
74.66513141 34.24404420 -24.19739242 4.40725740e-01
74.75145130 34.22591997 -25.78565106 0.00000000e+00
74.78108602 34.06069991 -23.27520665 2.18483200e-02
74.89969873 34.04818829 -25.91494806 0.00000000e+00
74.92917611 33.88355495 -23.45688971 0.00000000e+00
74.96112772 33.88882601 -24.48524542 0.00000000e+00
74.88089165 34.11379810 -26.38311696 0.00000000e+00
74.91613701 33.81269603 -21.15292581 0.00000000e+00
75.23005945 33.53240980 -23.87646281 0.00000000e+00
74.86076297 33.83555709 -19.79142857 3.98659310e-02
74.85498094 33.97202521 -23.36431192 0.00000000e+00
74.88668542 33.97732854 -24.40892699 0.00000000e+00
74.82543403 34.13695759 -25.84576384 0.00000000e+00
74.76831947 33.98973497 -20.95235521 2.88211460e-01
74.81255721 34.06604423 -24.33297986 0.00000000e+00
74.70747072 34.14956551 -23.19258269 2.61628810e-01
74.73871237 34.15495365 -24.26180883 2.46640270e-02
74.51854327 34.42264179 -24.07754657 8.35936900e-01
74.60372828 34.05989899 -17.05473135 5.46621080e-01
74.48788791 34.41706162 -22.97401450 6.13233030e-01
74.47567928 34.34588995 -20.61738437 5.15181510e-01
74.33016951 34.52460573 -20.22200809 5.81882090e-01
74.54858026 34.25665931 -20.69786292 6.27353580e-01
74.47613734 34.17299256 -15.82427224 6.03048100e-01
74.49400603 34.28034934 -19.37303644 5.69069040e-01
74.62161685 34.16753528 -20.77774162 9.03080920e-01
74.34844793 34.45912584 -19.09518627 5.43451950e-01
74.40332471 34.26250977 -15.78943864 8.40320560e-01
74.31860338 34.28089025 -14.23732668 8.94798140e-01
74.53069928 34.14918985 -17.00099325 5.94968310e-01
74.56694465 34.19109593 -19.44923149 5.66043500e-01
74.62214890 33.99426568 -15.89443717 5.65856350e-01
74.72489170 33.73988169 -13.91220699 5.16489820e-01
74.87218559 33.56272862 -13.94450312 6.87115880e-01
74.84288321 33.72737848 -16.01666359 7.65672810e-01
74.97839325 33.47975539 -14.38410079 3.50377110e-01
74.89825557 33.70441289 -17.30519365 2.38411650e-01
75.02090562 33.38653090 -13.97610665 2.70025420e-01
74.91706447 33.63882512 -16.05972901 3.56048380e-01
74.99161603 33.55051946 -16.10362351 6.07783070e-02
74.93493501 33.74716169 -19.88824225 0.00000000e+00
74.76902284 33.81614863 -15.97391010 7.99956540e-01
74.71333727 34.01297099 -19.60742759 8.95440530e-01
75.04750142 33.52800595 -17.44330606 0.00000000e+00
74.99054279 33.72451196 -21.25723792 0.00000000e+00
74.82418858 33.79298836 -17.23821495 6.30674120e-01
74.78690750 33.92416680 -19.69659390 3.88356690e-01
74.63410695 34.23860465 -23.11816156 8.36123750e-01
74.69484162 34.07854799 -20.86105289 8.08713320e-01
75.35242627 33.17945364 -17.77477878 0.00000000e+00
75.23597685 33.39647368 -20.32411349 0.00000000e+00
75.69117432 32.77498710 -16.64681735 5.95363030e-02
75.46201580 33.27323973 -24.27187620 0.00000000e+00
75.45072411 33.02852290 -16.42710977 0.00000000e+00
75.39011920 33.22353593 -20.58763362 0.00000000e+00
75.50925130 33.00811533 -17.96666657 0.00000000e+00
75.44806228 33.20277263 -22.04113571 0.00000000e+00
75.12281560 33.44026010 -17.51820894 0.00000000e+00
75.00371638 33.79531704 -23.55027719 0.00000000e+00
75.27521051 33.26593615 -17.68432204 0.00000000e+00
75.32481044 33.03841459 -14.04680617 0.00000000e+00
75.14210832 33.37482745 -16.19940578 0.00000000e+00
75.17747830 33.07567868 -12.74037360 2.19124830e-02
76.00457409 32.51197395 -18.71258821 2.19137520e+00
76.49940956 31.84408266 -13.32939578 0.00000000e+00
75.83471215 32.67379239 -18.43919832 1.01309640e-01
75.68722169 32.94898913 -22.55584229 0.00000000e+00
75.75167254 32.75615073 -18.30594840 2.32089650e-02
75.60652620 33.03289682 -22.37414820 0.00000000e+00
76.09152760 32.43267349 -18.85536548 3.15068840e-01
75.86651593 32.85376068 -25.11678023 0.00000000e+00
75.77346074 32.69201315 -16.76344038 1.33262940e-01
75.62747776 32.96832908 -21.03811022 0.00000000e+00
75.78345701 32.93609309 -24.92838275 0.00000000e+00
75.70855501 32.88464010 -21.20364737 0.00000000e+00
75.90339099 32.86004375 -25.87620671 0.00000000e+00
75.85193181 32.78359032 -22.95038641 0.00000000e+00
76.02155610 32.62191842 -23.36804339 1.06407180e-01
75.95874216 32.63872355 -21.73746060 9.60957580e-02
75.93609614 32.70225039 -23.15976908 1.79176580e-02
75.87411438 32.71976145 -21.55499748 1.72226850e-02
75.70155469 33.01927971 -24.74947144 0.00000000e+00
75.76899833 32.86586236 -22.74799887 0.00000000e+00
75.52683380 33.11751453 -22.20310569 0.00000000e+00
75.46834180 33.13784598 -20.73094621 0.00000000e+00
75.14064238 33.54899947 -21.48410688 0.00000000e+00
75.10537848 33.84879416 -26.62641378 0.00000000e+00
75.15408155 33.61969518 -23.75964502 0.00000000e+00
75.08443950 33.57114571 -20.09190703 0.00000000e+00
75.06535299 33.63659727 -21.36668478 0.00000000e+00
75.00947244 33.65901107 -19.98747303 0.00000000e+00
75.21648988 33.46177012 -21.61058312 0.00000000e+00
75.15991673 33.48361708 -20.20381874 0.00000000e+00
75.20045255 33.69559205 -26.21369888 0.00000000e+00
75.07865998 33.70734799 -23.65114455 0.00000000e+00
75.26322467 33.53769613 -24.84542342 0.00000000e+00
75.18690588 33.62495290 -24.74523657 0.00000000e+00
75.04921601 33.87131815 -26.05873005 0.00000000e+00
75.11116596 33.71259253 -24.65190493 0.00000000e+00
75.34019211 33.45087083 -24.95188564 0.00000000e+00
75.35399608 33.52139438 -26.39378070 0.00000000e+00
75.67031084 33.17925763 -26.80000762 0.00000000e+00
75.73732745 33.02516208 -25.57766040 0.00000000e+00
76.00309513 32.84893494 -27.26079440 0.00000000e+00
75.95080792 32.77236158 -25.31458450 0.00000000e+00
76.07448459 32.69877300 -26.18578486 1.69919780e-02
75.98827508 32.77888791 -26.03417036 0.00000000e+00
76.17714958 32.68969884 -27.49456446 9.19497850e-02
76.25100520 32.54189485 -26.40169406 3.08422070e+00
76.33183298 32.59709447 -28.27603821 3.10845590e+00
76.43272442 32.38950320 -26.59935532 1.43840660e-03
76.26620500 32.61175538 -27.60448972 1.44365060e+00
76.34122887 32.46513190 -26.50254862 1.14762470e+00
76.28607058 32.38757302 -23.77834695 4.95105910e-02
76.21166605 32.53449787 -25.76439247 2.46731360e+00
76.22070629 32.40209307 -22.20464863 1.35132980e-01
76.04469113 32.55872427 -21.91689419 9.50248830e-01
76.31068446 32.32546134 -22.34587383 0.00000000e+00
76.30129121 32.45744086 -25.86703740 1.68672240e+00
76.37684228 32.31170154 -23.89718775 0.00000000e+00
76.39218556 32.38150329 -25.96517210 6.98011400e-03
76.65643743 32.09085466 -24.21707872 0.00000000e+00
76.54107072 32.38471172 -27.89418407 0.00000000e+00
77.14042205 31.74110557 -24.54344716 0.00000000e+00
76.81023767 32.09792688 -26.89320182 0.00000000e+00
76.46887556 32.23697902 -24.00933905 0.00000000e+00
76.48434879 32.30672031 -26.05695953 0.00000000e+00
76.57772514 32.23307640 -26.14162212 0.00000000e+00
76.60902960 32.37234578 -28.54789418 0.00000000e+00
76.71434731 32.16931915 -26.83578503 0.00000000e+00
76.73018031 32.23885585 -28.03455055 0.00000000e+00
77.00438551 31.95765147 -26.97841221 0.00000000e+00
76.99321435 32.08692517 -28.74311974 0.00000000e+00
76.61941005 32.24167944 -26.76973784 0.00000000e+00
76.52548942 32.31504176 -26.68943421 0.00000000e+00
77.09116180 32.01759701 -28.76214626 0.00000000e+00
77.03617772 32.13721318 -29.81557107 0.00000000e+00
77.30008712 31.75228830 -27.03663840 5.17870280e-01
77.20101778 31.82015227 -27.02472451 0.00000000e+00
77.49961949 31.61825638 -27.05274734 4.78123540e+00
77.48818066 31.74639281 -28.77460477 4.62311680e+00
77.75682609 31.41180359 -26.52264515 6.00058190e-02
77.61731787 31.62130697 -28.20513494 3.92737970e-01
77.80338809 31.42270145 -27.09954092 2.44383440e-02
77.71870251 31.55604592 -28.21309840 5.76378540e-02
77.92413268 31.42882831 -28.26567902 0.00000000e+00
78.01063709 31.29827517 -27.17904508 0.00000000e+00
78.33241760 31.12647409 -27.41137878 0.00000000e+00
78.35103511 31.19578095 -28.55336585 0.00000000e+00
78.04978604 31.15698098 -25.04807582 0.00000000e+00
78.06773628 31.22614552 -26.65190299 0.00000000e+00
77.53756543 31.47275597 -24.67886255 4.52520850e+00
77.65531473 31.47638568 -26.50281685 3.06681810e-01
77.63815892 31.40727375 -24.71897698 1.14990670e+00
77.60016934 31.55220154 -27.06385643 8.29172260e-01
77.43756041 31.53896276 -24.64151659 2.89731570e+00
77.39961333 31.68497846 -27.04665078 3.25625550e+00
77.45437887 31.60812026 -26.47613366 5.07983410e+00
77.41642246 31.75412958 -28.19840213 4.59937120e+00
77.36614805 31.54662201 -23.35598706 5.50198610e-01
77.35472413 31.67498601 -26.46800227 9.54796030e-01
77.16814337 31.68161231 -23.25929411 0.00000000e+00
77.05855552 31.87896445 -26.40939792 0.00000000e+00
77.33805889 31.60578860 -24.61195563 5.87717350e-01
77.25552432 31.74240927 -26.45171199 2.37893850e-02
77.56604954 31.41395881 -23.46948746 4.49375930e+00
77.55454764 31.54188512 -26.48939165 2.65508680e+00
77.42255850 31.42842981 -20.16351735 4.12610980e-01
77.06984326 31.74994863 -23.20236243 0.00000000e+00
77.93049673 31.10635641 -20.73969128 2.32131990e-01
77.84172855 31.27925940 -24.84862778 5.34015580e-02
77.94508530 31.21723976 -24.93676462 5.89175220e-03
77.87114743 31.22145354 -23.76835024 7.37589490e-02
78.50344729 30.77503033 -20.27938901 4.31091550e+00
78.08019515 31.10036610 -24.09368325 1.38020710e-03
79.87208862 30.46505102 -26.66249824 2.96791070e-01
79.04363873 30.60599862 -22.63636056 4.43616020e+00
78.37330150 30.98954497 -25.47375415 0.00000000e+00
78.84631907 30.63943015 -20.80970814 1.81878640e+00
78.26381229 31.04289267 -25.32291124 0.00000000e+00
78.24963039 30.93205218 -21.52865113 1.49930170e-01
77.82704262 31.16842396 -20.56430505 9.35912490e-01
77.76853297 31.28447924 -23.64564000 2.11889690e-01
77.52264014 31.36214249 -20.22643714 1.90550900e+00
77.46583713 31.47996814 -23.40760117 3.13602880e+00
77.05450867 31.63964144 -18.08638574 0.00000000e+00
77.37246987 31.22090819 -13.28859037 4.34983780e-04
77.32297389 31.49533012 -20.11592115 2.33143570e-02
77.26692238 31.61384553 -23.30827222 3.15740140e-03
77.22383141 31.56277505 -20.07163231 0.00000000e+00
76.87489337 31.88851200 -23.05719444 0.00000000e+00
77.12514590 31.63077230 -20.02837244 0.00000000e+00
76.75170989 32.01927718 -24.30318209 0.00000000e+00
76.45263606 32.12684515 -19.40838725 0.00000000e+00
77.17463516 31.35501210 -13.30600319 0.00000000e+00
76.83222655 31.83840136 -19.84076221 0.00000000e+00
76.67216054 32.16046370 -26.21553848 0.00000000e+00
76.76270397 31.84869277 -17.94807701 0.00000000e+00
76.58810509 32.10239090 -22.74587470 0.00000000e+00
76.94477192 31.87875930 -24.44612537 0.00000000e+00
76.92926158 31.76851153 -19.91501980 0.00000000e+00
76.76756131 32.08882233 -26.27717078 0.00000000e+00
76.68279216 32.03016381 -22.86333658 0.00000000e+00
76.97205702 31.81888153 -23.13744562 0.00000000e+00
76.96087886 31.94817366 -26.37717578 0.00000000e+00
76.84786972 31.94861954 -24.37848194 0.00000000e+00
76.77842578 31.95889993 -22.96477078 0.00000000e+00
76.57208496 31.99222406 -17.79696411 0.00000000e+00
76.40192743 32.24995915 -22.48375050 0.00000000e+00
76.13202201 32.47984320 -22.06046719 2.67486250e+00
76.17986602 32.35451915 -18.99855636 1.28231100e-03
76.66692488 31.91997869 -17.87727808 0.00000000e+00
76.56212385 32.16339800 -24.11621874 0.00000000e+00
76.47825918 32.06547386 -17.70001233 0.00000000e+00
76.49443439 32.17562101 -22.61641035 0.00000000e+00
76.19656830 32.46456485 -23.65603748 2.93558970e+00
76.29419829 32.21536501 -17.48133294 0.00000000e+00
76.38559746 32.13983596 -17.59250485 0.00000000e+00
76.51492021 31.91383093 -14.53166088 0.00000000e+00
76.64050606 31.98068147 -19.65140528 0.00000000e+00
76.65119222 31.85036997 -15.30809100 0.00000000e+00
76.26952025 32.27749201 -19.13883011 0.00000000e+00
76.37023350 32.07003558 -15.16327007 0.00000000e+00
76.73592664 31.90908386 -19.75079806 0.00000000e+00
76.74685729 31.77915826 -15.33994095 0.00000000e+00
76.11523385 32.36982107 -17.24484351 7.34047020e-03
76.23914672 32.13771052 -14.42946687 0.00000000e+00
76.54603850 32.05324273 -19.53769139 0.00000000e+00
76.55647611 31.92255162 -15.27011209 0.00000000e+00
76.20406635 32.29202963 -17.36521097 0.00000000e+00
76.27896076 32.14550556 -15.10198551 0.00000000e+00
76.40637806 31.91749748 -13.32587098 0.00000000e+00
76.46276904 31.99573358 -15.22083384 0.00000000e+00
76.32982664 32.06193309 -14.46635719 0.00000000e+00
76.42176269 31.98730537 -14.49997398 0.00000000e+00
76.18894958 32.22210680 -15.03519516 0.00000000e+00
76.31456793 31.99206626 -13.32106005 0.00000000e+00
77.07635133 31.42284128 -13.31340399 0.00000000e+00
76.84334799 31.70881826 -15.36344566 0.00000000e+00
76.78453338 31.62986454 -13.32936661 0.00000000e+00
76.70432806 31.76994166 -14.57347492 0.00000000e+00
77.03829856 31.57031316 -15.38378304 0.00000000e+00
77.30135440 31.22853457 -12.79150968 0.00000000e+00
76.90846142 31.50035605 -12.82721075 0.00000000e+00
76.80039883 31.69940756 -14.58880448 0.00000000e+00
77.19098934 31.42428752 -14.59440609 0.00000000e+00
76.99461564 31.56060642 -14.59869793 0.00000000e+00
76.89719815 31.62966130 -14.59627607 0.00000000e+00
76.85930984 31.77827861 -18.00726734 0.00000000e+00
76.94052117 31.63922507 -15.37599412 0.00000000e+00
76.95660362 31.70861605 -18.05091618 0.00000000e+00
77.35110774 31.43613250 -18.15736685 4.61945250e-03
77.43408381 31.30024732 -15.38828184 1.22644280e-01
77.65208662 31.23799943 -18.30630305 3.50077380e+00
77.73646553 31.10453085 -15.49248573 3.28696470e+00
78.06578473 30.98945544 -18.99712942 8.36404080e-01
78.15447207 30.86266675 -16.09765182 5.33324460e+00
78.17270851 30.93202877 -19.29509198 9.41396650e-01
78.21290721 30.79325437 -15.05745344 2.18396680e+00
78.28130576 30.87706326 -19.62254593 1.69493510e+00
77.79213301 31.03010011 -14.66084762 2.77098020e+00
78.59763505 30.65828508 -17.09412726 2.09125190e-01
78.37289798 30.75522815 -16.61524632 2.41872130e+00
78.35929474 30.87879648 -21.82778997 2.55181170e-01
78.55967140 30.51916303 -12.89738149 3.77834630e-04
78.26283718 30.80762561 -16.34878840 4.43006340e+00
78.33573603 30.61624940 -12.83758685 1.84598550e-02
78.10539455 30.84923300 -14.91824699 3.69789240e+00
78.22613041 30.66879271 -12.81199448 1.02115890e-01
78.04778123 30.92016457 -15.87703443 5.35634490e+00
78.19466123 30.72387829 -13.34859370 3.21843580e-01
77.67305808 31.02450839 -13.27349080 7.75835890e-01
77.58918174 31.15831036 -14.59647813 2.97411010e-01
77.60083415 31.03058114 -12.76511089 1.75212190e-01
77.48886412 31.22385262 -14.58982097 2.38529990e-01
77.20247988 31.29570107 -12.80166476 0.00000000e+00
77.33447486 31.36695118 -15.38390868 0.00000000e+00
77.09257664 31.49217729 -14.59934891 0.00000000e+00
77.23531078 31.43420535 -15.38444441 0.00000000e+00
77.13657769 31.50198695 -15.38541005 0.00000000e+00
77.15291793 31.57125488 -18.11183088 0.00000000e+00
77.94265995 30.97984467 -15.70074933 5.01119180e+00
77.87759794 30.89876618 -13.28234201 2.15713980e+00
77.80407304 30.90307252 -12.75910421 1.42176120e+00
77.89294786 30.73045817 -11.18588443 3.20992700e-01
77.89515472 30.96795133 -14.71518684 3.83640360e+00
77.99951773 30.90755942 -14.80240814 3.90890390e+00
77.90733963 30.84141910 -12.76333997 1.56616860e+00
77.96740527 30.72735341 -11.71082590 4.67569580e-01
78.01200586 30.78162162 -12.77499371 1.17414250e+00
78.10410524 30.61302710 -11.16511713 7.91917600e-02
78.11823258 30.72398620 -12.79131591 3.95476460e-01
78.28977130 30.55956829 -11.71549479 7.44851850e-03
78.32211867 30.73985917 -15.20981778 7.00199180e-01
78.63991810 30.52574469 -13.49595531 1.36069320e-03
78.18061967 30.61295896 -11.71028280 4.83963120e-02
78.32195033 30.50544394 -11.15566698 1.14646520e-03
78.21216448 30.55788939 -11.15807987 1.42282430e-02
77.99773664 30.67064492 -11.17483810 2.45238140e-01
78.08601656 30.54355425 -9.83260980 2.44082530e-02
77.97988334 30.60125624 -9.86451591 1.20134210e-01
77.82811631 30.64925662 -9.17097487 1.20655750e-01
77.77218123 30.72290173 -9.94018592 1.69291260e-01
77.50044503 31.09586864 -12.77204496 1.96568660e-01
77.58616384 30.91980402 -11.23363878 1.28748720e-01
77.48569437 30.98517194 -11.24958835 1.40791320e-01
77.56916822 30.85060212 -10.01526637 1.21484480e-01
77.38582444 31.05128322 -11.26590664 1.09566330e-03
77.46887694 30.91596886 -10.05151321 5.93284740e-02
77.28643808 31.11799661 -11.28135080 0.00000000e+00
77.32442722 30.97186045 -9.42063067 0.00000000e+00
76.73743885 31.38052998 -9.59519949 0.00000000e+00
76.96323815 31.38087150 -11.82543691 0.00000000e+00
77.35759554 31.11032666 -11.77611479 0.00000000e+00
77.36917231 30.98206391 -10.08183015 0.00000000e+00
76.89311400 31.39004047 -11.33506351 0.00000000e+00
77.07269058 31.18363308 -10.15733478 0.00000000e+00
77.10401676 31.36337421 -12.81106224 0.00000000e+00
77.15957823 31.24457209 -11.80255496 0.00000000e+00
76.79604069 31.45952193 -11.34689530 0.00000000e+00
76.81152194 31.56980533 -12.83368083 0.00000000e+00
77.28983933 31.35692924 -14.59165759 0.00000000e+00
77.38911347 31.29009588 -14.58661261 7.25753210e-03
76.71525928 31.63999739 -12.83821958 0.00000000e+00
76.60914526 31.84140128 -14.55536618 0.00000000e+00
76.61983094 31.71107158 -12.84186421 0.00000000e+00
76.67289290 31.59008326 -11.85488090 0.00000000e+00
76.20754694 31.95765816 -11.89104957 0.00000000e+00
76.22400865 32.06778078 -13.31459587 0.00000000e+00
76.14226136 31.97208135 -11.42138744 0.00000000e+00
76.13471770 32.14462051 -13.30544246 0.00000000e+00
76.30811023 31.75034440 -10.31832751 0.00000000e+00
76.39023116 31.80731885 -11.87889926 0.00000000e+00
76.23218578 31.89556971 -11.41212959 0.00000000e+00
76.29826344 31.88191346 -11.88570728 0.00000000e+00
76.60406142 31.60083920 -11.36967834 0.00000000e+00
76.78021109 31.39001812 -10.21789231 0.00000000e+00
76.69963713 31.52974126 -11.35820731 0.00000000e+00
76.76899188 31.51959626 -11.84586022 0.00000000e+00
76.03872936 31.97969231 -10.38158174 0.00000000e+00
75.94328747 32.19175257 -11.90187827 0.00000000e+00
75.95162376 32.05845587 -10.40169290 0.00000000e+00
75.88060493 32.20852501 -11.44320177 1.02971430e-03
75.71290490 32.37154650 -11.45445438 6.79314500e-01
75.64819034 32.56412291 -12.79865940 1.06207270e+00
75.69117908 32.43566657 -11.90622291 1.32192440e+00
75.62692345 32.62845642 -13.23990540 4.83636230e-01
75.52908928 32.60276542 -11.90416947 5.70250950e-01
75.73055076 32.14268715 -8.58370732 4.23987980e-04
75.44962026 32.68744245 -11.90174454 2.23419280e-01
75.53584261 32.46781227 -10.49107148 1.44060210e+00
75.39132379 32.70781352 -11.46302734 2.23319510e-01
75.45613780 32.55223908 -10.50356573 1.32148420e+00
75.33095920 32.90280333 -12.76094580 2.24317480e-02
75.34336275 32.63179446 -10.00998920 1.21991810e+00
75.56739767 32.64774428 -12.78991224 3.00345040e-01
75.47017922 32.62265070 -11.46269157 5.97644630e-01
75.08258350 33.22818032 -13.14884591 1.87259720e-01
75.29956426 32.72307262 -10.52272746 8.08747190e-01
75.60958278 32.51881605 -11.90567916 1.38820840e+00
75.55000763 32.53817060 -11.46118239 1.18457130e+00
75.79612152 32.28954874 -11.44929943 5.72007320e-02
75.79108731 32.46321708 -13.26351311 1.22648470e+00
76.14973455 32.21461199 -14.38796484 0.00000000e+00
76.15881396 32.08218473 -12.83780179 0.00000000e+00
76.05364638 32.04973395 -11.42884288 0.00000000e+00
76.07034831 32.15979368 -12.83248347 0.00000000e+00
75.97494419 32.37183325 -14.30024277 1.72691360e-02
76.04674926 32.22259485 -13.29504863 0.00000000e+00
75.84233074 32.53977926 -14.74434894 1.49835360e+00
75.89757404 32.31846155 -12.82129352 1.78726340e-02
75.88962016 32.45212513 -14.25597338 7.06752820e-01
75.96018369 32.30173111 -13.28511292 7.49258990e-03
75.91899111 32.59237465 -18.57349150 5.40199000e-01
76.01289281 32.37871032 -14.89147601 1.23742940e-02
75.85694306 32.60993228 -16.88000082 5.43661530e-01
75.92694864 32.45872192 -14.81790207 5.16874000e-01
76.02776405 32.44875456 -17.12195521 4.00091660e-01
76.10023834 32.29983599 -14.96426779 0.00000000e+00
75.75897452 32.62180371 -14.67197588 6.94588850e-01
75.58901887 32.92338499 -18.06723374 0.00000000e+00
75.67681251 32.70472033 -14.60094301 2.00816070e-01
75.52988492 32.94331342 -16.48896155 0.00000000e+00
75.59577058 32.78845408 -14.55276633 7.33862870e-02
75.48113278 32.86729925 -14.08500497 2.19952140e-02
75.19869635 33.35288804 -17.59854595 0.00000000e+00
75.28122470 33.13014891 -14.46278477 0.00000000e+00
75.29495987 33.20069628 -16.30833932 0.00000000e+00
75.35858076 33.04384587 -14.48417704 0.00000000e+00
75.48764944 32.73211175 -12.78064828 1.33293670e-01
75.40254684 32.95256567 -14.06572569 0.00000000e+00
75.24784716 33.12478657 -14.02811137 0.00000000e+00
75.31105300 32.96786610 -13.18802541 1.41003750e-03
75.56065029 32.78268160 -14.10452400 7.62989020e-02
75.54651667 32.71229896 -13.22733807 1.40120630e-01
75.20459605 33.21694035 -14.44169258 0.00000000e+00
75.23421557 33.05418325 -13.17485538 1.80075060e-04
75.12862618 33.30416988 -14.42136382 3.02498600e-03
75.06482688 33.11943279 -11.87882079 5.86554150e-01
75.09596059 33.29889158 -13.99249029 4.22853890e-02
75.17158591 33.21162824 -14.00984787 1.57317580e-04
74.85920088 33.49186140 -13.11203077 5.73136840e-01
74.79838464 33.65120093 -13.92830698 5.85176890e-01
74.94633956 33.47449288 -13.96040670 5.28119840e-01
74.95204907 33.33817563 -12.70864912 6.05163930e-01
74.29469822 34.13841110 -12.60977331 5.17398340e-01
74.39118443 34.19134054 -14.25250783 9.72197780e-01
74.69545120 33.90511523 -15.93279715 5.33443470e-01
74.75619787 33.74522918 -14.33160935 5.34244160e-01
74.67694920 33.97074685 -17.11152320 6.10885330e-01
74.68276114 33.83414503 -14.31436466 5.42803830e-01
74.33060368 34.35210831 -15.75556323 9.87906200e-01
74.38502510 34.32807787 -16.89499753 6.09238170e-01
74.27654961 34.20389508 -13.01270696 5.65273530e-01
74.42119524 34.02513247 -13.03747939 9.19954420e-01
74.36086278 34.18569050 -13.83983017 9.33974260e-01
74.60959432 33.92324489 -14.29806925 6.40008050e-01
74.47584236 33.82841923 -11.81921625 8.97672950e-01
74.50598105 34.00699902 -13.86839959 8.95238570e-01
74.49367092 33.93588109 -13.04966237 9.36516150e-01
74.34882962 34.11447509 -13.02506955 7.15405100e-01
74.28844308 34.27515885 -13.82549971 7.05320820e-01
74.57873511 33.91780753 -13.88234952 6.44608890e-01
74.65168381 33.82875595 -13.89672279 5.56090290e-01
74.36700041 34.04895831 -12.62105316 6.63882690e-01
74.54845404 33.73910818 -11.82753204 9.11240610e-01
74.25875002 34.09694616 -11.79181400 3.91050800e-01
74.43939671 33.95958765 -12.63226123 9.02355450e-01
74.65748021 33.69215703 -12.66494020 6.24843440e-01
74.56675540 33.67347060 -11.41793490 9.14609700e-01
74.51191248 33.87031356 -12.64311058 9.29536490e-01
74.93322307 33.40367717 -13.12454177 5.88940920e-01
74.91541996 33.29523427 -11.86642704 4.38163660e-01
75.02664507 33.25031610 -12.71898831 4.87822480e-01
75.14035889 33.03207787 -11.88465236 3.17121800e-01
75.10176302 33.16280031 -12.72965645 2.34237630e-01
75.15808048 33.14097030 -13.16178487 1.84076310e-02
74.84704928 33.24716021 -10.54481453 3.67300020e-01
74.78629032 33.40654542 -11.43802090 4.97195040e-01
74.98987499 33.20716979 -11.87268734 7.08627410e-01
75.04386201 32.84192575 -8.06865800 3.73749460e-01
74.77338390 33.33566967 -10.54335578 5.88563910e-01
74.69434106 33.56095106 -11.84392596 6.95890590e-01
74.76770566 33.47215802 -11.85190108 4.66851350e-01
74.71217379 33.66891293 -13.08608262 5.09318420e-01
74.71282343 33.49532513 -11.43141069 6.36430700e-01
74.63910048 33.75773687 -13.07342270 6.25511410e-01
74.62126523 33.64993952 -11.83575919 8.33103840e-01
74.58458417 33.78115693 -12.65383882 8.62545590e-01
74.55424459 33.60244875 -10.53322955 8.20342930e-01
74.40337439 33.91784063 -11.81042560 6.31912890e-01
74.52354572 33.59701669 -10.06054928 5.67875870e-01
74.49408756 33.76279570 -11.41121806 8.73493480e-01
74.23492868 33.95447787 -10.03614663 2.45012380e-01
74.34919104 33.94178143 -11.39581330 4.65304740e-01
74.22306374 33.88322341 -8.84605511 1.30946420e-01
74.48171079 33.69172605 -10.52894065 4.89449090e-01
74.80248797 33.17099967 -8.85259835 7.54942610e-01
74.40933694 33.78112278 -10.52332768 4.23876720e-01
74.43893060 33.61511783 -8.86081143 1.97060050e-01
74.30692288 33.86497936 -10.04370041 2.66812430e-01
74.38494781 33.63884646 -8.13481892 1.12195890e-01
74.45120304 33.68623257 -10.05633411 4.05536190e-01
74.51113907 33.52594905 -8.86232884 2.58852180e-01
74.31296753 33.72824776 -8.13250417 1.06114320e-01
74.65682558 33.17448988 -5.92731708 2.26493110e-02
74.74200363 33.33035753 -10.06618928 8.20116910e-01
74.81542076 33.24187441 -10.06613815 5.82389940e-01
75.07060463 32.98332701 -10.53926178 9.57155880e-01
75.11924014 32.75481572 -8.04966859 6.55310420e-01
74.99558383 33.07094050 -10.54277985 7.00742290e-01
75.02477586 32.90730637 -8.82216551 4.78133340e-01
74.62700826 33.51333105 -10.53678790 8.93000160e-01
74.67459355 33.28250462 -8.12782556 4.78504240e-01
74.70004792 33.42440028 -10.54036401 8.25668860e-01
74.63965174 33.58430450 -11.42468825 8.32116100e-01
74.96339655 33.06566776 -10.06018224 5.00747840e-01
75.03809360 32.97803219 -10.05392517 8.28202850e-01
74.59609043 33.50794426 -10.06315348 8.30514200e-01
74.65623022 33.34808090 -8.86055480 6.21347660e-01
75.21653707 32.94515123 -11.88982344 7.17920860e-02
75.32954687 32.56127574 -8.74607485 1.36193240e+00
75.15977845 32.96673695 -11.45820956 3.71168570e-01
75.29342462 32.85869938 -11.89444031 6.79219680e-02
75.17573534 32.73333583 -8.78913463 1.15811120e+00
75.22253149 32.80934670 -10.52960338 8.45554600e-01
75.23620072 32.87991666 -11.46059535 1.84028040e-01
75.37740616 32.63734887 -10.51409866 1.00081910e+00
75.31335782 32.79359003 -11.46227827 1.35867830e-01
75.37109296 32.77277615 -11.89846868 9.79953480e-02
75.69849306 32.30129552 -10.46028606 1.59443800e-01
75.63089079 32.45444507 -11.45844518 1.46764410e+00
75.86594284 32.13837982 -10.42340225 0.00000000e+00
75.81419169 32.06151619 -8.54367061 0.00000000e+00
75.91381272 32.05151105 -9.84808794 0.00000000e+00
76.09724659 31.76206094 -7.60785088 0.00000000e+00
75.57090236 32.13376979 -5.62266496 0.00000000e+00
75.56692375 32.30779239 -8.65767355 1.30318890e-01
75.61660231 32.38414027 -10.47662241 9.53370910e-01
75.64814986 32.22480331 -8.62198240 1.32121480e-02
75.58111041 32.37815339 -9.95374548 8.93437030e-01
75.66245990 32.29511129 -9.93023181 1.58187320e-01
75.50086394 32.46199591 -9.97493273 1.44281610e+00
75.48680073 32.39158211 -8.69035483 7.12100510e-01
75.34966953 32.49636332 -7.97633992 8.42268220e-01
75.26594275 32.71761235 -10.02389754 1.16355120e+00
75.17770649 32.55906043 -5.76346135 6.18860910e-01
75.19529030 32.66815227 -8.02833526 9.31310950e-01
75.11337418 32.89078066 -10.04546091 1.06442480e+00
75.18930361 32.80395900 -10.03560622 1.09966180e+00
74.72920093 33.25943396 -8.85807497 7.27510550e-01
74.93248778 32.88628952 -6.60353354 8.42112330e-01
74.96909513 32.92943855 -8.08590175 6.37216760e-01
75.02619086 32.73311969 -5.82420327 1.05767600e+00
75.23469431 32.53786138 -6.49870500 4.42604600e-02
75.27207538 32.58198260 -8.00401658 1.15868240e+00
75.50761163 32.32703695 -7.91042166 1.15323830e-01
75.39027358 32.36666389 -6.44107140 1.29464980e-02
75.58812450 32.24347075 -7.87230107 7.63023750e-03
75.49029780 32.21744253 -5.65405851 3.28881650e-04
75.66976856 32.16073228 -7.83103892 1.39593480e-03
75.65264850 32.05093383 -5.58970301 0.00000000e+00
75.88231507 31.87135066 -6.20899502 0.00000000e+00
75.83672060 31.99802743 -7.74232264 0.00000000e+00
75.96876409 31.79224333 -6.16880271 0.00000000e+00
75.92214387 31.91820297 -7.69534058 0.00000000e+00
75.89066494 31.73801812 -4.41995866 0.00000000e+00
75.90538410 31.80816561 -5.48881504 0.00000000e+00
75.73560506 31.96900712 -5.55562801 0.00000000e+00
75.71349430 32.03283281 -6.29162218 0.00000000e+00
75.55668427 32.06342866 -4.51626657 0.00000000e+00
75.54966050 32.19812953 -6.37142660 5.50438680e-04
75.60240775 31.97440869 -4.12829654 0.00000000e+00
75.39678508 32.23143743 -4.56341548 0.00000000e+00
75.05541245 32.56987152 -4.29177732 1.05240030e+00
75.00708591 32.79855177 -6.58046868 1.00841700e+00
75.01282956 32.66242852 -4.69211648 8.98961720e-01
74.93815604 32.75004366 -4.71979347 2.55754010e-01
74.75887092 32.92099559 -4.33349270 0.00000000e+00
74.61310625 33.09821607 -4.33652479 6.34040580e-04
74.32479576 33.45484419 -4.32032532 1.18422870e-02
74.42115162 33.50766411 -6.68405314 2.74522250e-02
74.57144394 33.19251425 -4.77224570 7.29113240e-03
74.45705218 33.54954362 -8.13519754 1.11321460e-01
74.60181702 33.37133892 -8.13113449 2.37547570e-01
74.78473126 33.06271339 -6.64024301 2.35010060e-01
74.74766812 33.19387118 -8.12170166 5.82034760e-01
74.80332898 32.99711894 -5.89628064 6.14492930e-02
74.63845385 33.24012166 -6.66457432 5.99325700e-02
74.36717733 33.53150798 -5.96159320 2.41062470e-02
74.85839623 32.97436046 -6.62352949 5.28424730e-01
74.82107408 33.10545975 -8.11220793 6.40731940e-01
74.58355067 33.43692418 -8.86192420 3.82180040e-01
74.51154201 33.35268042 -5.94807313 2.27994670e-02
74.52931845 33.46036095 -8.13377983 1.66510260e-01
74.56576956 33.32913133 -6.67213470 4.78964070e-02
74.20530664 33.77628802 -6.68537608 2.35776040e-02
74.29492133 33.79377123 -8.85264820 1.35136880e-01
74.34909507 33.59711612 -6.68674508 2.62971900e-02
74.24108562 33.81773283 -8.12788459 9.60385790e-02
74.27715510 33.68666218 -6.68730600 2.19428940e-02
74.35497161 33.46039459 -4.77942759 1.46120980e-02
74.29520353 33.62108209 -5.96429195 2.44083370e-02
74.43927730 33.44203338 -5.95633316 2.33709560e-02
74.42693929 33.37096530 -4.77754093 1.06538050e-02
74.49335722 33.41832479 -6.67892855 2.98149590e-02
74.52818259 33.11611238 -3.39038039 0.00000000e+00
74.18154235 33.63383683 -4.31236107 1.75904670e-02
74.39658716 33.36548257 -4.32309531 9.61570910e-03
74.49907280 33.28165808 -4.77532906 8.80575330e-03
74.21139120 33.63953764 -4.77937829 1.59943630e-02
74.46852952 33.27623432 -4.32739226 6.72501810e-03
74.54068094 33.18713290 -4.33333257 3.00458370e-03
74.68582755 33.00949799 -4.33571661 0.00000000e+00
74.74598762 32.85011409 -3.44960818 0.00000000e+00
74.79034497 32.92628364 -4.74601728 3.76124240e-03
74.76447109 32.78456753 -3.00287352 0.00000000e+00
75.11751011 32.41241815 -3.41765822 1.18986690e+00
74.98046898 32.65712114 -4.31656737 4.58383130e-01
75.11935455 32.23799049 -0.81399842 0.00000000e+00
74.89298566 32.67397535 -3.49932284 0.00000000e+00
75.04357509 32.32479442 -0.82796846 0.00000000e+00
74.83789716 32.69639243 -3.04433373 0.00000000e+00
74.96848972 32.41205935 -0.84313777 0.00000000e+00
74.60097399 32.85358376 -0.82311337 0.00000000e+00
74.83228214 32.83273767 -4.33108059 2.53764260e-03
74.81927222 32.76190322 -3.47182135 0.00000000e+00
74.25312252 33.54430038 -4.31748862 1.53605990e-02
74.31269117 33.38368824 -3.33466879 4.02558070e-03
74.69143323 32.87299977 -2.96684507 0.00000000e+00
74.58273433 32.91925690 -1.63142709 0.00000000e+00
74.24115082 33.47309984 -3.32233176 8.62085760e-03
74.31291332 33.21077845 -0.77056936 0.00000000e+00
74.18760237 33.49709232 -2.78111142 6.82058930e-03
74.22342475 33.36599901 -1.51324311 0.00000000e+00
74.40235478 33.22878815 -2.84360874 0.00000000e+00
74.36661087 33.18691401 -1.55337065 0.00000000e+00
74.38460920 33.12125668 -0.78280129 0.00000000e+00
74.15198715 33.45567047 -1.49709021 1.47330500e-03
74.24134737 33.30040115 -0.76091385 0.00000000e+00
74.29495752 33.27640870 -1.53148321 0.00000000e+00
74.45646943 33.03185560 -0.79522272 0.00000000e+00
74.51043318 33.00829989 -1.60353645 0.00000000e+00
74.94953208 32.47756189 -1.70304865 0.00000000e+00
74.65533470 32.83041440 -1.66260607 0.00000000e+00
74.80155747 32.65341073 -1.73589320 0.00000000e+00
74.74672113 32.67614285 -0.85750435 0.00000000e+00
74.82015702 32.58779518 -0.87838885 0.00000000e+00
74.87528929 32.56531856 -1.73829973 0.00000000e+00
74.98620213 32.52099764 -3.00842203 0.00000000e+00
75.02438318 32.39020425 -1.67110623 0.00000000e+00
74.72825962 32.74178890 -1.69699705 0.00000000e+00
74.67367769 32.76475006 -0.83949270 0.00000000e+00
75.42736590 32.07075244 -3.30758332 1.03302400e+00
75.36893451 32.09050048 -2.83499569 1.71894210e+00
75.43075800 31.89643668 -0.76700618 1.86891530e+00
75.13698227 32.34723489 -2.93329527 1.20835780e+00
75.33113996 32.04570481 -1.56629893 1.69087000e+00
75.67533646 31.64818053 -0.74076536 2.91444360e+00
75.27323053 32.06594905 -0.78880789 3.75857790e-04
75.35149502 31.98084146 -0.77749104 1.65952150e+00
75.41003064 31.96109824 -1.54449722 1.81874710e+00
75.09991454 32.30329634 -1.64196688 0.00000000e+00
75.90789113 31.47172325 -1.45557125 0.00000000e+00
75.75934954 31.56732156 -0.73394743 3.72367220e+00
75.82164963 31.55072618 -1.46225467 0.00000000e+00
75.73682181 31.63087707 -1.47471279 1.40307420e+00
75.48996922 31.87723872 -1.52437164 1.94776170e+00
75.57103485 31.79420034 -1.50596644 2.07797930e+00
75.65329881 31.71205635 -1.48936633 2.59862950e+00
75.67030962 31.82200793 -3.23577086 0.00000000e+00
75.59260608 31.73003247 -0.74860097 2.12916280e+00
75.60972433 31.84000445 -2.75319732 0.00000000e+00
75.93149131 31.40891842 -0.72726402 5.33903560e+00
75.86133304 31.59766939 -2.68916935 0.00000000e+00
75.92446470 31.58186546 -3.17853962 0.00000000e+00
76.10101189 31.42766082 -3.16493300 0.00000000e+00
75.51110259 31.81280880 -0.75736546 1.99842430e+00
75.52834497 31.92269036 -2.77878461 0.00000000e+00
75.58816762 31.90406466 -3.25900931 0.00000000e+00
75.52132795 32.05739742 -4.15100939 0.00000000e+00
75.29074530 32.17547895 -2.86598392 1.59195510e+00
75.20734070 32.39672892 -4.24055305 1.40628130e+00
75.21345556 32.26107896 -2.89879279 1.46324600e+00
75.25321351 32.13098566 -1.58977340 9.77094490e-01
75.19371146 32.32613687 -3.38915567 1.41715730e+00
75.13101780 32.48306002 -4.26628790 1.28151850e+00
75.16410039 32.48846912 -4.63332233 1.31908810e+00
75.10160886 32.64586421 -5.79458234 1.18069920e+00
75.25454603 32.47275536 -5.73584993 2.73892620e-02
75.31204967 32.45196424 -6.47142659 3.13491620e-02
75.34855671 32.15523810 -3.33371516 1.66929530e+00
75.28445115 32.31093157 -4.21865172 1.36412770e+00
75.46944955 32.28202843 -6.40768108 4.84457430e-03
75.47620203 32.14705115 -4.54003970 0.00000000e+00
75.50721006 31.98700363 -3.28281466 0.00000000e+00
75.44136161 32.14119591 -4.17353554 0.00000000e+00
75.63098490 32.11504009 -6.33259595 3.52065510e-04
75.63830812 31.98064311 -4.49180199 0.00000000e+00
75.85298960 31.73101249 -4.06091162 0.00000000e+00
75.93920605 31.65201801 -4.04218419 0.00000000e+00
75.79725256 31.95157951 -6.24984139 0.00000000e+00
75.80524501 31.81786960 -4.44313467 0.00000000e+00
76.44725351 31.35345369 -5.31443660 0.00000000e+00
76.48448995 31.20275627 -3.97099792 0.00000000e+00
76.02690453 31.57426014 -4.02788242 0.00000000e+00
76.15548826 31.50562202 -4.36440361 0.00000000e+00
76.20627325 31.42222637 -4.00202903 0.00000000e+00
76.30813850 31.21682574 -2.66346438 0.00000000e+00
76.61039895 31.27097648 -5.91709593 0.00000000e+00
76.77126083 30.99200637 -3.95002940 0.00000000e+00
76.68618508 30.93180783 -2.67728083 0.00000000e+00
76.57928232 31.13165360 -3.96279238 0.00000000e+00
76.75551170 30.92242534 -3.14991957 0.00000000e+00
76.83011371 31.07127130 -5.21834529 0.00000000e+00
76.97719543 30.72616871 -2.68524104 0.00000000e+00
76.86819561 30.92323958 -3.94258435 0.00000000e+00
77.04735905 30.71796351 -3.14585886 0.00000000e+00
76.96562717 30.85505449 -3.93384268 0.00000000e+00
77.17331060 30.59162439 -2.67478997 1.82659490e-03
76.92751227 31.00257981 -5.19190129 0.00000000e+00
76.85232872 30.85371997 -3.15056397 0.00000000e+00
76.51537026 31.34220087 -5.94967265 0.00000000e+00
76.67085828 30.82123016 -0.73598955 2.56675060e-01
76.49535268 31.07244227 -2.66799021 0.00000000e+00
76.54824503 30.95151677 -1.46359476 0.00000000e+00
76.46909551 31.13299452 -3.14735588 0.00000000e+00
76.29216456 31.10635124 -0.72607380 0.00000000e+00
76.28269341 31.27806603 -3.15141920 0.00000000e+00
76.29784297 31.34793831 -3.99039102 0.00000000e+00
76.37534913 31.20499002 -3.14865462 0.00000000e+00
76.26669087 31.16771097 -1.45063209 0.00000000e+00
76.21622093 31.29067397 -2.66335529 0.00000000e+00
76.35949510 31.09459486 -1.45404805 0.00000000e+00
76.40123235 31.14411874 -2.66379657 0.00000000e+00
76.56377302 31.06195495 -3.14755183 0.00000000e+00
76.57487755 30.89113724 -0.73321192 1.16567380e-01
76.38541695 31.03361069 -0.72797425 0.00000000e+00
76.20011017 31.18025620 -0.72455828 0.00000000e+00
76.10928452 31.25531798 -0.72476838 0.00000000e+00
76.17508503 31.24197904 -1.44932667 0.00000000e+00
76.47970625 30.96191365 -0.73038284 0.00000000e+00
76.76750027 30.75205842 -0.73895984 3.75106160e-01
77.22926201 30.47330811 -1.46945125 9.36512590e-02
77.15865904 30.48082904 -0.73798801 5.76666700e-01
76.83724571 30.74319428 -1.47955131 3.10272520e-02
77.03253279 30.60734682 -1.48238105 9.98002010e-02
77.06031829 30.54794986 -0.74045771 6.11712590e-01
76.94963772 30.78559148 -3.14907117 0.00000000e+00
77.13072952 30.54011205 -1.47844572 1.28195970e-01
77.07507628 30.65867359 -2.68359034 0.00000000e+00
76.86468119 30.68350905 -0.74059147 4.11399420e-01
76.78266735 30.86265717 -2.68080006 0.00000000e+00
76.93469451 30.67503178 -1.48251481 6.12991200e-02
76.87970147 30.79413978 -2.68530478 0.00000000e+00
77.35643482 30.34798761 -0.72307065 4.08443440e-01
77.96865940 29.97366053 -0.63667533 1.62626290e-01
77.47043492 30.39354667 -2.61340784 3.22447880e-03
78.07566277 29.91808817 -0.62448199 1.08873380e-01
77.83333381 30.08878637 -1.31624215 1.43316780e-02
77.54195049 30.38736605 -3.05955204 3.65008850e-04
77.55631203 30.21779057 -0.69656145 2.30194330e-01
77.25734714 30.41415377 -0.73146324 5.20073860e-01
77.52758018 30.27633643 -1.40987236 1.31855290e-02
77.45602994 30.28246029 -0.71331091 2.48043690e-01
77.75972209 30.09205616 -0.66536071 2.56427110e-01
78.52094469 29.72452306 -0.60999479 2.33588920e-02
77.73022428 30.14976042 -1.34613281 1.36766870e-02
77.86338488 30.03174884 -0.65088144 2.66659930e-01
78.15247911 29.91966898 -1.24020653 3.26020250e-03
77.57063725 30.32897501 -2.57908721 2.21574840e-03
78.18449168 29.86534573 -0.61572455 7.82843290e-02
78.04433597 29.97342636 -1.26115732 5.78827510e-03
78.19790618 29.97644199 -2.35460177 0.00000000e+00
77.77385726 30.20339503 -2.49442973 1.06545360e-03
77.98247872 30.08497053 -2.41668364 0.00000000e+00
78.26244409 29.86886412 -1.22454386 1.21650590e-03
78.05808068 30.08458696 -2.88620213 0.00000000e+00
78.63321272 29.91352383 -3.67863603 0.00000000e+00
78.40731026 29.76866516 -0.60683435 5.76235640e-02
78.12540973 30.16859039 -3.96235975 0.00000000e+00
78.08927588 30.02929463 -2.38155724 0.00000000e+00
77.93799671 30.02991256 -1.28755677 1.13752410e-02
77.84740311 30.20000995 -2.95200933 0.00000000e+00
77.80857930 30.34213837 -4.03850634 2.29590490e-05
77.87738235 30.14310538 -2.45459385 9.81365100e-05
77.27190526 30.52503414 -2.66158328 5.79558900e-03
77.42757119 30.34127954 -1.43638156 2.99366880e-02
77.34271470 30.51784239 -3.10891451 9.72025340e-04
77.37091081 30.45896503 -2.63985313 9.91313560e-03
77.24388324 30.58406741 -3.12646429 0.00000000e+00
77.22228414 30.79961469 -5.09203327 0.00000000e+00
77.50396409 30.53209236 -4.13544386 1.93871040e-03
77.64267693 30.32351481 -3.02471017 8.19965060e-04
77.45870902 30.52148871 -3.84667836 0.00000000e+00
77.44202282 30.45221735 -3.08541617 6.71661880e-04
77.65972649 30.39280731 -3.78959558 5.33462870e-03
77.67170361 30.26548938 -2.53626742 1.14902340e-03
77.76166344 30.33027370 -3.75748803 1.25418400e-04
77.74440778 30.26093936 -2.98800289 0.00000000e+00
77.86488717 30.26941730 -3.72660081 0.00000000e+00
77.95191485 30.14112599 -2.91836002 0.00000000e+00
78.07603724 30.15417940 -3.67288886 0.00000000e+00
78.16602902 30.03072964 -2.85927714 0.00000000e+00
77.79640269 30.46899890 -5.24026430 9.10301080e-03
78.18422449 30.10043105 -3.65339293 0.00000000e+00
78.03608107 30.29363786 -4.68278100 0.00000000e+00
78.34530568 30.06613593 -3.94996084 0.00000000e+00
77.72323823 30.47344548 -4.82413447 1.26632700e-02
77.91256677 30.28200779 -4.00898455 0.00000000e+00
77.94440858 30.46253019 -6.49736490 5.69048910e-03
78.23448670 30.11591528 -3.95050176 0.00000000e+00
78.01813547 30.22405811 -3.98316959 0.00000000e+00
77.90008757 30.40829769 -5.16605204 4.11403910e-04
77.63602435 30.64772997 -6.77703180 4.64795090e-02
78.11218390 30.29344340 -5.07084433 0.00000000e+00
77.84031022 30.52255502 -6.58486024 2.49252190e-02
78.22081295 30.23986193 -5.05946286 0.00000000e+00
78.01936432 30.46070948 -7.37171059 1.88416720e-03
78.33118665 30.18910821 -5.07841114 0.00000000e+00
77.69403183 30.53142038 -5.32329930 2.03973880e-02
77.60722008 30.70606112 -7.69327658 5.75327840e-02
77.59272068 30.59519191 -5.40783487 1.30667330e-02
77.40711810 30.83638485 -7.84447470 2.72439550e-04
77.52081529 30.60135987 -4.94274564 8.87157080e-03
77.26026366 30.65338535 -3.89286110 0.00000000e+00
77.40410615 30.59752501 -4.16360123 0.00000000e+00
77.16168582 30.72014766 -3.90927695 0.00000000e+00
77.62157062 30.53682868 -4.88495366 1.11918740e-02
77.55881104 30.45663896 -3.82032587 2.74813190e-03
77.30479471 30.66364065 -4.19046601 0.00000000e+00
77.02537752 30.93444137 -5.16352426 0.00000000e+00
77.70599125 30.40411779 -4.07063797 5.19348860e-03
77.60452981 30.46754191 -4.10474645 5.04777200e-03
76.91153941 30.93312350 -4.26209667 0.00000000e+00
76.70627099 31.20064327 -5.88564834 0.00000000e+00
77.20591621 30.73030229 -4.21245248 0.00000000e+00
77.06347216 30.78737098 -3.92350792 0.00000000e+00
76.81426482 31.00175886 -4.27293026 0.00000000e+00
76.67491276 31.06143785 -3.95692630 0.00000000e+00
76.71754479 31.07102994 -4.28548981 0.00000000e+00
76.62149022 31.14103781 -4.29447034 0.00000000e+00
76.42126492 31.41437261 -5.98308216 0.00000000e+00
76.52623751 31.21190358 -4.30687279 0.00000000e+00
76.26151544 31.50034757 -5.36704168 0.00000000e+00
76.33854181 31.35651684 -4.33360377 0.00000000e+00
76.35379286 31.42632786 -5.34103331 0.00000000e+00
76.43188058 31.28369936 -4.31860617 0.00000000e+00
76.06586116 31.58191610 -4.38096791 0.00000000e+00
75.98544276 31.90231634 -8.45761967 0.00000000e+00
76.43716841 31.52462086 -8.25930697 0.00000000e+00
76.63709952 31.21067047 -5.26592959 0.00000000e+00
76.17050147 31.57554971 -5.39451818 0.00000000e+00
76.27766984 31.61055720 -7.51917977 0.00000000e+00
76.62598960 31.38126612 -8.18857059 0.00000000e+00
76.73327482 31.14060360 -5.24275259 0.00000000e+00
76.74865814 31.25093408 -7.32709372 0.00000000e+00
76.80285856 31.13109152 -5.85270721 0.00000000e+00
77.10741442 30.79744095 -4.23250510 0.00000000e+00
77.00927977 30.86504033 -4.24766162 0.00000000e+00
76.84535980 31.18163428 -7.28848745 0.00000000e+00
77.12364376 30.86679386 -5.12959127 0.00000000e+00
77.11076150 31.03661065 -8.00561985 0.00000000e+00
77.19430132 30.85881183 -5.68594390 0.00000000e+00
76.72171510 31.31095867 -8.15422088 0.00000000e+00
76.64159002 31.45089777 -9.62019971 0.00000000e+00
76.93118110 31.24204121 -9.54415456 0.00000000e+00
76.83401111 31.31094884 -9.56979818 0.00000000e+00
76.54172588 31.28159466 -5.28971709 0.00000000e+00
76.55740557 31.39187492 -7.40168024 0.00000000e+00
76.40044280 31.67620788 -10.29696888 0.00000000e+00
76.54661006 31.52217783 -9.64663701 0.00000000e+00
76.25265168 31.67221344 -8.33488220 0.00000000e+00
76.23643275 31.56201879 -6.05167235 0.00000000e+00
76.00899418 31.83954158 -7.65126178 0.00000000e+00
76.14590061 31.63760257 -6.08958627 0.00000000e+00
76.05665999 31.71434177 -6.12996385 0.00000000e+00
75.99237481 31.72944646 -5.45689335 0.00000000e+00
76.07319126 31.82446404 -8.41723945 0.00000000e+00
76.00025821 31.97241870 -9.81707256 0.00000000e+00
76.16227739 31.74776443 -8.37603082 0.00000000e+00
76.08813009 31.89451169 -9.78810652 0.00000000e+00
76.18681398 31.68572776 -7.56244286 0.00000000e+00
76.17733581 31.81775367 -9.75870680 0.00000000e+00
76.36978978 31.53656558 -7.47877568 0.00000000e+00
76.35958418 31.66769458 -9.70046172 0.00000000e+00
76.41581054 31.74598406 -11.39159209 0.00000000e+00
76.48341857 31.73388082 -11.87166650 0.00000000e+00
77.01277030 31.10434124 -8.04679788 0.00000000e+00
76.94263125 31.11298394 -7.24825333 0.00000000e+00
76.99076847 31.32121971 -11.32253878 0.00000000e+00
77.06118857 31.31245796 -11.81414183 0.00000000e+00
77.50683825 30.77081166 -7.77178869 2.81383780e-02
77.42378038 30.90560969 -9.38012381 1.98709570e-02
77.72563774 30.71158533 -9.22682183 9.60504660e-02
77.70844144 30.64236052 -7.61217967 7.30128770e-02
77.81071283 30.57999542 -7.52675948 6.72608200e-02
77.73759926 30.58441406 -6.68132837 5.77557520e-02
77.22551214 31.03865950 -9.45654156 0.00000000e+00
77.30791767 30.90260634 -7.90593337 0.00000000e+00
77.39245126 30.72567684 -5.56000304 0.00000000e+00
77.33601843 30.84358355 -7.03148373 0.00000000e+00
77.42078233 30.66679131 -4.99548784 0.00000000e+00
77.43540601 30.77753402 -6.95496989 4.50157310e-04
77.04037927 31.04489560 -7.20395719 0.00000000e+00
77.09581765 30.92612384 -5.73645673 0.00000000e+00
78.15742477 30.34925696 -6.38629669 0.00000000e+00
78.44317644 30.14116795 -5.12669658 0.00000000e+00
78.14359312 30.23827631 -4.66070381 0.00000000e+00
78.03722688 30.53010913 -9.06672149 2.05373150e-02
78.00530430 30.34968040 -5.10794212 0.00000000e+00
77.93027488 30.35149073 -4.71915602 0.00000000e+00
78.25288215 30.42036171 -9.00265726 0.00000000e+00
78.23454684 30.35078148 -7.28917448 0.00000000e+00
78.12609028 30.40443769 -7.31947507 8.41157740e-05
78.05007328 30.40466646 -6.42918383 1.10849130e-04
78.37733072 30.24666493 -6.39102741 0.00000000e+00
78.26652651 30.29655333 -6.37248117 0.00000000e+00
77.78957695 30.79215582 -11.20009097 4.48011040e-01
77.86315157 30.78782481 -11.71554860 7.14092990e-01
78.30340312 30.43579947 -9.79271478 6.74939740e-05
78.19384062 30.48832542 -9.80819454 1.38008610e-03
78.89122921 30.27981165 -11.19129226 0.00000000e+00
78.58864195 30.27604345 -9.01118522 0.00000000e+00
79.00729468 30.23925747 -11.20381161 0.00000000e+00
78.74138955 30.37196373 -11.76547952 0.00000000e+00
78.64135921 30.29431929 -9.80343733 0.00000000e+00
78.71804429 30.11238558 -6.63791476 0.00000000e+00
78.93412390 30.15074676 -9.15188942 0.00000000e+00
78.91482950 30.08134938 -7.61713366 0.00000000e+00
78.34473082 30.29991032 -7.28386221 0.00000000e+00
78.47642713 30.08893000 -4.71634189 0.00000000e+00
78.45651692 30.25181075 -7.30425273 0.00000000e+00
78.36329066 30.36957414 -8.99061304 0.00000000e+00
78.98796162 30.17014472 -9.89180922 0.00000000e+00
79.14660468 30.00207430 -7.80889946 0.00000000e+00
80.30298471 29.56289406 -9.71975543 0.00000000e+00
80.03485154 29.61720758 -8.36041587 0.00000000e+00
79.33534445 30.04843592 -9.99986650 0.00000000e+00
79.49088050 29.87673816 -8.10362319 0.00000000e+00
79.16598660 30.07091466 -9.25313286 0.00000000e+00
79.29658844 29.91182061 -7.22541860 0.00000000e+00
79.39634795 29.98827059 -9.36910878 0.00000000e+00
79.44995690 30.00559974 -10.03811902 0.00000000e+00
79.28149937 30.03024043 -9.30940683 0.00000000e+00
79.63700360 29.77901143 -7.58965328 0.00000000e+00
79.54888908 30.07946893 -11.81918448 0.00000000e+00
79.78587837 29.86290336 -10.10217547 0.00000000e+00
79.21994873 30.08975873 -9.95971577 0.00000000e+00
79.05009731 30.11087411 -9.20172525 0.00000000e+00
80.09228086 29.81487894 -11.55181414 0.00000000e+00
79.94959527 29.74185641 -9.51325393 0.00000000e+00
80.00011720 29.75249312 -10.05209616 0.00000000e+00
80.13667401 29.55548382 -8.29247817 0.00000000e+00
79.88118410 29.93004299 -11.72210562 8.93531960e-04
80.15579329 29.62120918 -9.37862123 0.00000000e+00
80.42741644 29.35349696 -7.79173518 0.00000000e+00
80.25506837 29.55625324 -9.24943586 0.00000000e+00
80.54055562 29.34816129 -8.62612489 0.00000000e+00
80.39928731 29.49443675 -9.54097888 0.00000000e+00
80.76893845 29.33856829 -10.27740719 0.00000000e+00
80.51388780 29.49014236 -10.35728881 0.00000000e+00
80.72618970 29.20487927 -8.07037768 0.00000000e+00
80.68042427 29.28132400 -8.80705301 0.00000000e+00
80.70522526 29.13836427 -6.93059421 0.00000000e+00
80.58735835 29.35295733 -9.07345109 0.00000000e+00
80.61297241 29.21036311 -7.24202085 0.00000000e+00
80.49388147 29.42423767 -9.32475068 0.00000000e+00
80.54704496 29.22100525 -6.86577965 0.00000000e+00
80.44698855 29.41913749 -8.87316595 0.00000000e+00
80.52062686 29.28233268 -7.53136126 0.00000000e+00
80.35200468 29.48871250 -9.07901026 0.00000000e+00
80.23588992 29.49066344 -8.17856209 0.00000000e+00
80.12274965 29.75808731 -11.01011606 0.00000000e+00
80.05397089 29.68315520 -9.46677121 0.00000000e+00
80.16623247 29.49770397 -7.71057163 0.00000000e+00
79.84279013 29.79722225 -9.52109384 0.00000000e+00
79.82358350 29.73064762 -8.34085831 0.00000000e+00
79.93043850 29.67561650 -8.37811022 0.00000000e+00
79.85580467 29.67654242 -7.77385684 0.00000000e+00
79.70348305 29.67410092 -6.44471259 0.00000000e+00
79.41123963 29.86975462 -7.35099824 0.00000000e+00
79.96185377 29.62030332 -7.81059712 0.00000000e+00
80.05426715 29.45163816 -6.13551689 0.00000000e+00
80.06536884 29.56065400 -7.78293610 0.00000000e+00
80.12541024 29.44617841 -6.64754774 0.00000000e+00
80.22432303 29.38082333 -6.53677719 0.00000000e+00
80.32915939 29.18708747 -4.78018428 0.00000000e+00
80.25281863 29.32169147 -5.93601994 0.00000000e+00
80.26449258 29.43174150 -7.57782109 0.00000000e+00
80.32070976 29.31269080 -6.35760169 0.00000000e+00
80.36040112 29.36323342 -7.38848754 0.00000000e+00
80.44177021 29.18137015 -5.48300912 0.00000000e+00
80.45439082 29.29276622 -7.14855628 0.00000000e+00
80.71697311 28.96301227 -4.80977505 0.00000000e+00
80.69107037 29.02500514 -5.29143203 0.00000000e+00
80.50762089 29.17045850 -5.84881993 0.00000000e+00
80.62899152 28.82574886 -3.38436809 0.00000000e+00
80.41495857 29.24235034 -6.11716387 0.00000000e+00
80.53914146 28.89976205 -3.37312740 0.00000000e+00
80.34829239 29.25253867 -5.72945691 0.00000000e+00
80.42230911 29.11575686 -4.58573434 0.00000000e+00
80.15489747 29.38822010 -6.07449429 0.00000000e+00
80.23389433 29.25628672 -4.93769626 0.00000000e+00
79.81262064 29.62229438 -6.58448483 0.00000000e+00
80.03545385 29.38598034 -5.10051480 0.00000000e+00
79.73645047 29.62110604 -5.90460227 0.00000000e+00
79.88166607 29.43487069 -4.61939555 0.00000000e+00
79.49438884 29.64977510 -4.59572962 0.00000000e+00
79.47955192 29.76834769 -6.15003578 0.00000000e+00
79.13462618 29.89298774 -5.76493298 0.00000000e+00
79.15003406 29.77468504 -4.27896269 0.00000000e+00
79.28493408 29.80308744 -5.32909022 0.00000000e+00
79.26210783 29.96174621 -7.90030289 0.00000000e+00
79.25035871 29.85293314 -5.88537820 0.00000000e+00
79.18119245 29.95242168 -7.10637842 0.00000000e+00
79.62591407 29.67074096 -5.72532660 0.00000000e+00
79.60351077 29.83096216 -8.19823252 0.00000000e+00
78.94933454 30.03159872 -6.86567027 0.00000000e+00
79.06534305 29.99213700 -6.98943790 0.00000000e+00
79.51358188 29.71731469 -5.56950342 0.00000000e+00
79.52482953 29.82566484 -7.47376476 0.00000000e+00
78.82088941 29.96160655 -4.93061344 0.00000000e+00
78.83346888 30.07147047 -6.74904235 0.00000000e+00
78.56969927 30.20630901 -7.35192371 0.00000000e+00
78.70523630 30.00225374 -4.84814815 0.00000000e+00
79.01853409 29.93234913 -5.64345573 0.00000000e+00
79.03074665 30.04172794 -7.71034207 0.00000000e+00
79.05322924 29.88285259 -5.12147184 0.00000000e+00
78.90238354 29.97167850 -5.52087187 0.00000000e+00
78.48967667 30.19951614 -6.44106013 0.00000000e+00
78.55657319 30.09586480 -5.20368644 0.00000000e+00
78.36387332 30.13590568 -4.67727292 0.00000000e+00
78.45769441 30.01916634 -3.96116919 0.00000000e+00
78.59031375 30.04452074 -4.77638782 0.00000000e+00
78.68623298 29.93262964 -4.01933355 0.00000000e+00
78.93698666 29.92201990 -5.01956149 0.00000000e+00
79.09608070 29.75519918 -3.89957015 0.00000000e+00
78.40585787 30.00163647 -3.64421180 0.00000000e+00
78.76365360 29.75295070 -2.37959770 0.00000000e+00
78.80178163 29.89212239 -4.06681768 0.00000000e+00
78.83265578 29.65349164 -1.27162500 0.00000000e+00
78.74835006 29.87254175 -3.71471017 0.00000000e+00
79.07681263 29.68611587 -3.04593574 0.00000000e+00
78.99551853 29.67538612 -2.48870944 0.00000000e+00
79.03397920 29.81380160 -4.19596336 0.00000000e+00
79.21178750 29.71581979 -3.98801297 0.00000000e+00
79.60680129 29.60364983 -4.74969931 0.00000000e+00
79.38055178 29.69327166 -4.47689960 0.00000000e+00
79.39979975 29.76124398 -5.44526001 0.00000000e+00
79.67929857 29.42067361 -3.36541678 0.00000000e+00
79.44109395 29.63283821 -4.20790158 0.00000000e+00
79.45593567 29.51421441 -3.13223073 0.00000000e+00
79.32689574 29.67523163 -4.09049276 0.00000000e+00
79.30760249 29.60682591 -3.27248554 0.00000000e+00
79.41078851 29.45650060 -1.81655978 0.00000000e+00
79.22708614 29.59753174 -2.71116788 0.00000000e+00
79.29632679 29.49823582 -1.61937096 0.00000000e+00
78.86406479 29.83289819 -3.76176791 0.00000000e+00
78.98007320 29.79400204 -3.82263905 0.00000000e+00
78.42037881 29.87957808 -2.32741338 0.00000000e+00
79.09992164 29.52773903 -0.71076851 4.40006860e-01
78.57143517 29.97480360 -3.98377566 0.00000000e+00
78.61431682 29.84377784 -2.84899702 0.00000000e+00
78.51894354 29.95638602 -3.65590158 0.00000000e+00
78.50019370 29.88659498 -2.83430934 0.00000000e+00
78.30833645 29.92656888 -2.33601306 0.00000000e+00
78.38727356 29.93184139 -2.83204823 0.00000000e+00
78.71680296 29.69269544 -1.24458727 0.00000000e+00
78.84493934 29.76338296 -2.91412216 0.00000000e+00
78.64833467 29.79322724 -2.35012031 0.00000000e+00
78.72932924 29.80288760 -2.87513594 0.00000000e+00
78.48721213 29.77591523 -1.21682914 0.00000000e+00
78.63570213 29.68272674 -0.61683856 2.11252120e-02
78.37409049 29.82099752 -1.21565366 0.00000000e+00
78.29509362 29.81555592 -0.60881932 7.28121480e-02
78.86735317 29.60401098 -0.64387629 0.00000000e+00
79.33099811 29.44849697 -0.85270922 0.00000000e+00
78.75126832 29.64274522 -0.62774871 1.11942060e-02
79.44518519 29.40613803 -0.96385057 0.00000000e+00
80.46201100 28.79970221 -0.88784661 0.00000000e+00
78.98367018 29.56590251 -0.67105293 1.42753380e-01
79.06503484 29.57689294 -1.38182145 0.00000000e+00
79.52399863 29.41234286 -1.97468085 0.00000000e+00
79.53482562 29.52049277 -3.63918843 0.00000000e+00
78.94882931 29.61510728 -1.31492922 0.00000000e+00
78.87947637 29.71387414 -2.42298802 0.00000000e+00
80.16778441 29.18451424 -3.52567608 0.00000000e+00
79.64621135 29.47324661 -3.74148726 0.00000000e+00
79.56849090 29.46898413 -3.33434777 0.00000000e+00
79.89427971 29.31355188 -3.15079408 0.00000000e+00
79.63555306 29.36517542 -1.99442673 0.00000000e+00
79.85222107 29.26033390 -1.76800374 0.00000000e+00
79.55797247 29.36110754 -1.01083029 0.00000000e+00
80.06897915 29.24942151 -3.54029142 0.00000000e+00
81.19087430 28.30848299 -1.11304223 0.00000000e+00
80.55121931 28.72480194 -0.93409339 0.00000000e+00
80.61518199 28.71256799 -1.76920909 0.00000000e+00
80.34528344 28.93498894 -1.67495109 0.00000000e+00
80.27974819 28.94600607 -0.85932908 0.00000000e+00
80.09852631 29.19168520 -3.00477716 0.00000000e+00
80.29124028 29.05634762 -2.93478064 0.00000000e+00
80.18528023 29.01589611 -0.77012207 0.00000000e+00
80.25228683 29.00628971 -1.62945115 0.00000000e+00
80.08792691 29.08271450 -0.83555746 0.00000000e+00
80.44885076 28.97341564 -3.33749867 0.00000000e+00
80.69580395 28.89623398 -4.19558226 0.00000000e+00
80.43625983 28.86175040 -1.70346862 0.00000000e+00
80.37178436 28.87370191 -0.81562201 1.40858730e-02
80.08775975 29.31504780 -4.59723113 0.00000000e+00
80.18656223 29.24994572 -4.52313899 0.00000000e+00
80.15672100 29.07496981 -1.60567953 0.00000000e+00
79.96726597 29.31084524 -3.60213946 0.00000000e+00
80.05821042 29.14041797 -1.64217873 0.00000000e+00
79.98748964 29.14597912 -0.80662127 8.01973370e-04
79.95667690 29.20226984 -1.65489867 0.00000000e+00
79.88403362 29.20545211 -0.84827740 2.94641310e-02
79.74507494 29.31458971 -1.90332279 0.00000000e+00
79.66895161 29.31286082 -0.98359644 0.00000000e+00
79.55403083 29.58805252 -4.33525207 0.00000000e+00
79.78800411 29.36893485 -3.29617116 0.00000000e+00
79.66533135 29.54035020 -4.46077516 0.00000000e+00
79.86274318 29.36861211 -3.69536506 0.00000000e+00
79.77465040 29.48936824 -4.55902232 0.00000000e+00
79.93202566 29.44571904 -5.09242927 0.00000000e+00
79.82593658 29.50186021 -5.03178911 0.00000000e+00
79.84486853 29.56812675 -6.04894147 0.00000000e+00
80.28264068 29.18183696 -4.41000537 0.00000000e+00
80.51394755 29.04298375 -4.43556693 0.00000000e+00
80.37635330 29.11128790 -4.27061645 0.00000000e+00
80.56458650 28.83751370 -3.05293200 0.00000000e+00
80.46823525 29.03895718 -4.14232403 0.00000000e+00
80.60482209 28.96952833 -4.30003131 0.00000000e+00
80.55897563 28.96557455 -4.04611155 0.00000000e+00
80.64940253 28.89194863 -3.95848325 0.00000000e+00
80.83737944 28.61868253 -2.48366761 0.00000000e+00
80.74047333 28.81900065 -3.85695618 0.00000000e+00
80.90549824 28.61094817 -2.86176774 0.00000000e+00
80.83311496 28.74767026 -3.71664468 0.00000000e+00
81.45518066 28.27007711 -2.20594839 0.00000000e+00
80.97405086 28.81534714 -4.62438930 0.00000000e+00
81.34463443 28.31664852 -2.16566646 0.00000000e+00
81.90703001 28.24199768 -3.71157369 0.00000000e+00
81.53511605 28.27999821 -2.72688051 0.00000000e+00
81.85084006 28.29701644 -3.90498209 0.00000000e+00
81.56792516 28.22789946 -2.27435313 0.00000000e+00
81.44863947 28.39440299 -3.41984745 0.00000000e+00
81.76424410 28.20410476 -2.89822263 0.00000000e+00
81.49991286 28.53602975 -4.43552725 0.00000000e+00
81.88062210 28.17082693 -3.02285886 0.00000000e+00
81.79050625 28.27532803 -3.61575343 0.00000000e+00
81.66749201 28.07408893 -0.64954920 2.80710990e-03
81.68239344 28.18959700 -2.36885541 0.00000000e+00
81.64896017 28.24031512 -2.80212731 0.00000000e+00
81.56094106 28.35099853 -3.46410405 0.00000000e+00
81.40765625 28.20744950 -1.14328901 0.00000000e+00
81.42313709 28.32369855 -2.67504757 0.00000000e+00
81.23125460 28.49460296 -3.40451410 0.00000000e+00
81.33859167 28.44217051 -3.39836854 0.00000000e+00
81.13199065 28.42415513 -2.17568860 0.00000000e+00
80.97828591 28.68645896 -3.81285663 0.00000000e+00
80.82231171 28.50377281 -0.63904087 2.04501400e-02
80.81128203 28.68040614 -3.01420922 0.00000000e+00
80.70500996 28.63840891 -1.55130178 0.00000000e+00
80.74492513 28.69007226 -2.72088426 0.00000000e+00
81.01469739 28.36886137 -0.56293497 4.80045550e-03
81.00262211 28.54476593 -2.75329866 0.00000000e+00
81.08721328 28.36642424 -1.12269892 0.00000000e+00
80.91689155 28.43447843 -0.59066517 3.87389600e-02
80.89019385 28.49573580 -1.22970604 0.00000000e+00
80.79640501 28.56582369 -1.35522695 0.00000000e+00
80.98700967 28.42902133 -1.15360014 0.00000000e+00
80.73039272 28.57588359 -0.71618608 8.30179630e-04
81.43959346 28.15356695 -0.58140003 3.62929320e-02
81.55266550 28.11181778 -0.61013201 0.00000000e+00
81.74972666 28.08929666 -1.35923724 0.00000000e+00
81.23677127 28.36797624 -2.15990386 0.00000000e+00
81.11600203 28.30762294 -0.55976395 0.00000000e+00
81.32878835 28.19990516 -0.56188898 1.20221630e-01
81.31350387 28.37188989 -2.65063912 0.00000000e+00
81.29780865 28.25548320 -1.11516725 0.00000000e+00
81.22078258 28.25123078 -0.55327827 7.56851380e-02
81.78364794 28.03977942 -0.70968804 2.79860880e-02
81.79818339 28.15461851 -2.49873647 0.00000000e+00
82.33915031 27.94496868 -2.04225058 0.00000000e+00
82.49329182 27.87392381 -1.00848863 0.00000000e+00
82.13700320 27.95156351 -1.00215433 0.00000000e+00
82.25563900 27.92512787 -1.02244406 0.00000000e+00
82.57662659 27.89351260 -2.01013009 0.00000000e+00
82.69527534 27.86761338 -2.01443635 0.00000000e+00
81.86645018 28.05669021 -1.49922140 0.00000000e+00
81.98398477 28.02654173 -1.67645706 0.00000000e+00
83.55380864 27.61851752 -1.19575375 8.82997530e-05
83.20322290 27.71212921 -1.13364438 1.03333650e-02
82.81376937 27.84126244 -2.05129600 0.00000000e+00
83.05005876 27.78644296 -2.21806523 0.00000000e+00
82.93204657 27.81425340 -2.13567085 0.00000000e+00
83.16775607 27.75769516 -2.25453987 0.00000000e+00
83.08557100 27.74111077 -1.12089550 1.27940480e-02
82.86101039 27.90463237 -3.43416284 0.00000000e+00
82.84931128 27.79621274 -1.03850112 2.04173460e-02
82.82551662 27.94988245 -3.75056195 0.00000000e+00
82.96758579 27.76910155 -1.09716973 9.97072900e-03
82.97904663 27.87707256 -3.56700103 0.00000000e+00
82.73079887 27.82259326 -1.01279489 0.00000000e+00
82.74275181 27.93153270 -3.36933658 0.00000000e+00
82.61210304 27.84841805 -1.00164146 0.00000000e+00
82.50579937 27.98411188 -3.33355406 0.00000000e+00
83.28509410 27.72790617 -2.28433470 0.00000000e+00
83.09680994 27.84870537 -3.69187841 0.00000000e+00
82.26876301 28.03679713 -3.29844336 0.00000000e+00
82.45789090 27.91919864 -2.02829516 0.00000000e+00
82.10206433 27.99820787 -1.88907804 0.00000000e+00
82.03246961 28.09240722 -2.88698807 0.00000000e+00
82.01867087 27.97914280 -0.88692371 0.00000000e+00
81.99780578 28.13992582 -3.17373595 0.00000000e+00
81.90080328 28.00833472 -0.78953335 2.64616530e-02
81.91496838 28.12241572 -2.67289299 0.00000000e+00
82.14213625 28.18155744 -3.92835872 0.00000000e+00
82.58889950 28.00327327 -3.62494990 0.00000000e+00
82.37868430 28.12606693 -4.12454616 0.00000000e+00
82.62432565 27.95794885 -3.32133246 0.00000000e+00
82.44062985 28.14980044 -4.43047396 0.00000000e+00
82.70727878 27.97677357 -3.66774406 0.00000000e+00
82.08555775 28.23414530 -4.11242411 0.00000000e+00
82.32207478 28.17716363 -4.32043032 0.00000000e+00
82.61563390 28.07233046 -4.22842967 0.00000000e+00
82.73403132 28.04534639 -4.31983574 0.00000000e+00
82.85228341 28.01796655 -4.46821085 0.00000000e+00
83.03260873 28.01182091 -5.12138609 0.00000000e+00
83.32278799 27.90130426 -5.02486629 0.00000000e+00
83.29596633 27.83503548 -4.15890158 0.00000000e+00
83.15039901 27.98254255 -5.29753356 0.00000000e+00
83.17882352 27.86509705 -4.09257662 0.00000000e+00
83.02378873 28.12463488 -6.68015608 0.00000000e+00
83.26787538 27.95238617 -5.44120948 0.00000000e+00
82.91454626 28.04032597 -4.92337859 0.00000000e+00
82.90571045 28.15351890 -6.47050619 0.00000000e+00
82.70448620 28.16407477 -5.52145050 0.00000000e+00
82.58955953 28.41663945 -8.95453819 0.00000000e+00
82.79926116 28.29077987 -8.06742631 0.00000000e+00
84.18553988 27.78678291 -7.73684495 0.00000000e+00
83.17714488 28.04919616 -6.34530212 0.00000000e+00
83.99363182 28.03342384 -10.85178501 0.00000000e+00
82.82599196 28.35884411 -9.42154962 0.00000000e+00
83.25915106 28.06467976 -7.03622389 0.00000000e+00
82.88817717 28.38064797 -10.24746802 0.00000000e+00
83.07060646 28.18676260 -7.92030699 0.00000000e+00
82.66899908 28.20978660 -6.03820872 0.00000000e+00
82.56286638 28.34765708 -7.60661658 0.00000000e+00
82.31351408 28.29356627 -5.38079754 0.00000000e+00
82.55048535 28.23754977 -5.83000522 0.00000000e+00
82.46727578 28.21923668 -5.19912920 0.00000000e+00
82.26030443 28.15340991 -4.02949480 0.00000000e+00
82.58590110 28.19167249 -5.36223253 0.00000000e+00
82.49715940 28.09914936 -4.19611752 0.00000000e+00
82.02431978 28.21093033 -3.81694782 0.00000000e+00
82.07731654 28.35246261 -4.91555706 0.00000000e+00
82.20367454 28.20514515 -4.22479772 0.00000000e+00
82.19525564 28.32246445 -5.14875585 0.00000000e+00
82.67780081 28.09558279 -4.57690391 0.00000000e+00
82.55923380 28.12270445 -4.49700006 0.00000000e+00
81.96787703 28.26459491 -4.00481968 0.00000000e+00
81.99433363 28.33550213 -4.52343960 0.00000000e+00
81.73471071 28.33198484 -3.81625981 0.00000000e+00
81.61980532 28.37006430 -3.74145028 0.00000000e+00
81.39521161 28.45763725 -3.65819577 0.00000000e+00
81.32711261 28.69433486 -5.17269436 0.00000000e+00
81.17555587 28.69068527 -4.45821504 0.00000000e+00
81.28091174 28.63464452 -4.42033114 0.00000000e+00
80.88178320 28.75383004 -3.92321507 0.00000000e+00
80.78784810 28.82403873 -4.05629501 0.00000000e+00
81.10180330 28.69187313 -4.23986097 0.00000000e+00
81.02593122 28.61328945 -3.50505104 0.00000000e+00
81.20511672 28.63284373 -4.18386550 0.00000000e+00
81.12697541 28.55172352 -3.43976806 0.00000000e+00
80.78354281 28.95311471 -5.01822936 0.00000000e+00
80.73129802 29.07661814 -6.22296587 0.00000000e+00
80.80973869 28.89137663 -4.60337540 0.00000000e+00
80.79822244 29.06717755 -6.61289349 0.00000000e+00
81.00162262 28.75503425 -4.32455536 0.00000000e+00
81.01714577 28.87044067 -5.41922648 0.00000000e+00
81.19128178 28.80662426 -5.76188257 0.00000000e+00
81.53228230 28.48273878 -4.19522428 0.00000000e+00
81.28642605 28.50801571 -3.65253213 0.00000000e+00
81.18054114 28.56307361 -3.67608357 0.00000000e+00
81.22082361 28.74883986 -5.21303286 0.00000000e+00
81.64582976 28.44116139 -4.24748466 0.00000000e+00
81.74194057 28.56857866 -5.94819908 0.00000000e+00
81.72727903 28.45371552 -4.54252133 0.00000000e+00
81.54745217 28.59837378 -5.22516655 0.00000000e+00
81.87719420 28.36809784 -4.40835930 0.00000000e+00
81.84308648 28.41755196 -4.62361667 0.00000000e+00
81.97383186 28.49758250 -6.30861930 0.00000000e+00
81.43611424 28.64423555 -5.17915602 0.00000000e+00
81.54103616 28.72270755 -6.93325829 0.00000000e+00
81.77546084 28.51780620 -5.41512751 0.00000000e+00
81.85740907 28.53181901 -6.11626793 0.00000000e+00
81.40466300 28.69909772 -5.67725548 0.00000000e+00
81.32160222 28.82077116 -6.87221224 0.00000000e+00
81.38914753 28.58311867 -4.41483098 0.00000000e+00
81.31149651 28.57829009 -4.16056723 0.00000000e+00
81.29658427 28.75068913 -5.69104653 0.00000000e+00
81.16571580 28.94601152 -7.66717893 0.00000000e+00
80.91964158 28.93667574 -5.61024871 0.00000000e+00
80.77387845 29.21014414 -8.53423843 0.00000000e+00
80.98950387 28.93059384 -6.06457591 0.00000000e+00
80.91510414 29.06523139 -7.51345016 0.00000000e+00
81.27027822 28.88842213 -7.57340737 0.00000000e+00
81.08782591 29.07641501 -9.07666187 0.00000000e+00
81.51519038 28.65177542 -5.72058743 0.00000000e+00
81.43014879 28.76967209 -6.86968202 0.00000000e+00
81.62775049 28.60840947 -5.81297181 0.00000000e+00
81.48743276 28.78574580 -7.58425342 0.00000000e+00
81.66069534 28.55637171 -5.30549913 0.00000000e+00
81.65386054 28.67954904 -7.05695156 0.00000000e+00
81.71309150 28.69871820 -7.83235291 0.00000000e+00
81.40306512 28.90554829 -8.90533942 0.00000000e+00
81.97076168 28.69499100 -9.69442293 3.57459450e-04
82.41487438 28.49757341 -9.23407308 0.00000000e+00
82.17877298 28.55832446 -8.74442918 0.00000000e+00
82.47130853 28.44557804 -8.70096964 0.00000000e+00
82.05331529 28.70982710 -10.58793062 6.69738920e-04
82.08776217 28.66092844 -9.95062982 3.55548130e-04
82.28831818 28.64483984 -11.18466188 1.76256380e-04
82.65157917 28.43907684 -9.74949407 0.00000000e+00
82.35314497 28.47489363 -8.45667313 0.00000000e+00
82.11752339 28.53597863 -7.94076398 0.00000000e+00
82.44463665 28.37614310 -7.35225224 0.00000000e+00
82.36156889 28.35826667 -6.51627150 0.00000000e+00
82.20856171 28.43464016 -6.81255444 0.00000000e+00
82.12560339 28.41743032 -5.94878861 0.00000000e+00
82.24344598 28.38736274 -6.23566530 0.00000000e+00
82.32649888 28.40502580 -7.08758894 0.00000000e+00
82.70781020 28.38780105 -9.19473637 0.00000000e+00
83.27006458 28.17197196 -8.76556089 0.00000000e+00
82.94403987 28.32956464 -9.63837556 0.00000000e+00
83.30549029 28.12582346 -8.23653649 0.00000000e+00
82.68109836 28.31927988 -7.84520347 0.00000000e+00
82.59818613 28.30156933 -7.05203956 0.00000000e+00
83.03513025 28.23262308 -8.45643602 0.00000000e+00
82.95276164 28.21614479 -7.74084222 0.00000000e+00
82.91728976 28.26194926 -8.27417724 0.00000000e+00
82.83470765 28.24496440 -7.52914639 0.00000000e+00
83.29688890 28.23835207 -10.16854863 0.00000000e+00
83.38707578 28.14043864 -8.89869734 0.00000000e+00
83.18819686 28.15669168 -8.08616663 0.00000000e+00
83.17953237 28.26943865 -10.00545199 0.00000000e+00
82.53320300 28.46819970 -9.48618837 0.00000000e+00
82.76992637 28.40996385 -10.00280153 0.00000000e+00
83.35915881 28.25821550 -11.05540869 0.00000000e+00
83.15089502 28.38743840 -12.41743178 0.00000000e+00
83.24180680 28.28984578 -10.87980259 0.00000000e+00
83.11534984 28.43364269 -13.26544356 0.00000000e+00
83.12416311 28.32071838 -10.68444838 0.00000000e+00
83.03297673 28.41806756 -12.18106468 0.00000000e+00
83.00627196 28.35094585 -10.47853371 0.00000000e+00
82.79658823 28.47795056 -11.63851727 0.00000000e+00
82.55982741 28.53709020 -11.05003708 0.00000000e+00
82.64283911 28.55396174 -12.12360451 0.00000000e+00
82.44147868 28.56691145 -10.76484674 0.00000000e+00
82.52455003 28.58380268 -11.79559201 0.00000000e+00
82.17059519 28.67666360 -10.87502144 3.54422120e-04
82.06722590 28.82310797 -12.76011459 5.84701240e-03
82.32327287 28.59727073 -10.50104912 0.00000000e+00
82.10154440 28.77397394 -12.14805934 2.42081930e-03
82.67822175 28.50751254 -11.35471167 0.00000000e+00
82.57227682 28.64732779 -13.68252668 0.00000000e+00
82.76112699 28.52421955 -12.43566971 0.00000000e+00
82.69037388 28.61712375 -14.13146676 0.00000000e+00
82.87934803 28.49437334 -12.72983279 0.00000000e+00
82.80845965 28.58698758 -14.57055936 0.00000000e+00
82.91485926 28.44819439 -11.92003545 0.00000000e+00
82.89104016 28.60306094 -16.04943996 0.00000000e+00
83.35045879 28.37066553 -13.69208051 0.00000000e+00
83.23303826 28.40249423 -13.49241407 0.00000000e+00
83.39668294 28.43127228 -16.43353600 2.12378490e-02
83.47618218 28.22574409 -11.21088968 0.00000000e+00
82.65508906 28.66377727 -14.94483401 0.00000000e+00
82.79977700 28.70145941 -18.33807835 1.20583510e-02
82.41921576 28.72513301 -13.91250520 6.67168740e-04
82.68175870 28.73223609 -17.30586500 2.13764820e-03
83.36124602 28.47782757 -18.00994396 3.98896530e-02
83.27080410 28.57629503 -21.16382011 1.57527570e-01
83.12655346 28.54144101 -17.11462983 5.40315380e-03
83.03560362 28.63958907 -20.09908159 3.13849560e-02
83.00887774 28.57244089 -16.60357477 0.00000000e+00
82.91774592 28.67063789 -19.30210640 2.10904300e-02
82.74371938 28.75360344 -19.33311254 2.68466620e-02
82.41614592 28.91716780 -20.30363951 1.34755230e-01
82.97988747 28.69144484 -21.75403910 9.48472850e-02
82.86184153 28.72258540 -20.66384058 4.35050560e-02
82.62558743 28.78469466 -18.24317484 8.16478950e-03
82.29844409 28.95026113 -19.06147011 9.68469130e-02
82.44584675 28.79446139 -15.95407174 2.18925380e-03
82.06426809 29.02000192 -16.89077018 1.32276860e-01
82.26376274 28.99892225 -20.05773545 5.15387600e-01
81.83286863 29.09689707 -15.68724843 7.26695210e-01
82.32812904 28.82641462 -15.41348380 2.85504900e-03
82.27190855 28.88063598 -16.14855948 1.04400650e-02
82.18414973 28.78923156 -13.12796145 2.61879010e-03
82.38958421 28.84793879 -16.80227231 6.32854860e-03
82.50751244 28.81605438 -17.47430463 7.04020380e-03
82.45424074 28.67781794 -13.23312094 3.50268210e-04
82.20532286 28.62849181 -10.22023699 0.00000000e+00
82.21875391 28.74081984 -12.49222435 1.83848630e-03
82.56375684 28.76316335 -16.58966493 2.91216770e-03
82.53710378 28.69425930 -14.39004777 4.81464490e-04
81.83550240 28.89651639 -12.11409720 2.48637640e-02
81.49505834 29.23222990 -14.54439626 9.62162190e-01
81.49698340 29.02697463 -11.48598684 2.82073460e-02
81.41300503 29.14739921 -12.54916393 7.48003280e-02
81.64063249 28.92696433 -11.08034161 1.63703240e-02
81.52257193 29.09734003 -12.68346684 1.20014580e-01
81.92175223 28.98685456 -14.34803613 5.27654560e-02
81.95093809 28.85872777 -12.43204550 1.29082180e-02
81.69265770 29.06830795 -13.63630203 1.94853980e-01
81.58017509 29.11339940 -13.37068406 2.13786340e-01
81.46949418 29.16188601 -13.18181075 2.13483710e-01
81.17526894 29.39842661 -14.06771956 2.24960910e-01
82.03782098 28.94971642 -14.87507733 3.82475370e-02
81.97736180 28.92932391 -13.87718965 3.14661070e-02
81.36093892 29.21402251 -13.05621089 8.03425530e-02
81.09869018 29.31981674 -12.45927756 4.51430580e-03
81.20092870 29.25875825 -12.42759076 2.57737990e-03
81.15113525 29.32939087 -12.96911773 2.21160390e-02
81.04998241 29.39216042 -13.01479905 3.36584210e-02
80.75808788 29.59436041 -13.39850932 2.79661020e-02
81.25477180 29.26989652 -12.97792856 2.69148920e-02
81.28103863 29.13169234 -11.34623925 4.67389620e-04
80.90112576 29.45057651 -12.65067410 1.10200350e-02
80.90603254 29.32240689 -11.08950138 2.62030590e-04
80.99886198 29.38394464 -12.53369714 4.81351630e-03
81.00364691 29.25581115 -10.95195632 7.58562810e-05
81.30572191 29.20121200 -12.45935083 1.12575950e-02
81.31108723 29.07450748 -10.78467320 4.13995530e-04
81.05953168 29.13597418 -9.73477273 0.00000000e+00
80.97601242 29.31604528 -11.51668760 1.25991210e-03
81.16100512 29.07400972 -9.62686502 0.00000000e+00
81.10353946 29.19195336 -10.84774966 0.00000000e+00
81.19016976 29.01553448 -8.96113129 0.00000000e+00
81.20599060 29.13138589 -10.78928210 1.48449610e-04
81.52869728 28.97241815 -10.92331959 1.26026770e-02
81.41873751 29.02152514 -10.82590463 3.31616340e-03
81.59292712 28.86466977 -9.71283995 2.59368210e-03
81.60821231 28.98023661 -11.64633983 3.97653660e-02
82.09373431 28.89349115 -14.36089721 1.96280010e-02
82.21071420 28.85931666 -14.88144242 6.41418210e-03
81.70619211 28.82174831 -9.86437631 3.95650070e-03
81.75418849 28.88480882 -11.26913271 1.51377990e-02
81.62546247 28.81152650 -9.07976049 2.12060580e-04
81.48143320 28.91111064 -9.61037315 2.81858570e-04
81.37760357 28.83499493 -7.54628660 0.00000000e+00
81.29528538 28.95850737 -8.90034596 0.00000000e+00
81.59939478 28.74044930 -7.68181715 0.00000000e+00
81.51324376 28.85663425 -8.96589173 0.00000000e+00
81.82816975 28.66012413 -8.02503023 0.00000000e+00
81.73934277 28.76984382 -9.24183432 5.87117280e-04
81.06400846 29.00750866 -7.82369706 0.00000000e+00
80.96063440 29.20115411 -9.88474694 0.00000000e+00
80.86395457 29.26892952 -10.07228736 0.00000000e+00
80.87893168 29.38320500 -11.65474055 1.82001800e-03
80.86852277 29.14025599 -8.26708040 0.00000000e+00
80.81984869 29.13418588 -7.78438259 0.00000000e+00
80.96505257 29.07246279 -8.02714510 0.00000000e+00
80.89092233 29.20791052 -9.43226420 0.00000000e+00
80.20451878 29.62902135 -9.86758847 0.00000000e+00
80.10359544 29.69232923 -9.97543450 0.00000000e+00
80.48664893 29.55074809 -10.92569554 0.00000000e+00
80.30554236 29.79744787 -12.78807688 0.00000000e+00
80.03042704 29.92712640 -12.65671267 1.23274710e-03
79.69480332 29.98019206 -11.24122976 3.56357080e-04
80.60783330 29.41916049 -10.12919745 0.00000000e+00
80.62136118 29.53149288 -11.64488102 0.00000000e+00
80.43135702 29.67098735 -12.04148539 0.00000000e+00
80.58104780 29.48026698 -10.71440938 0.00000000e+00
80.29369278 29.68750428 -11.28663252 0.00000000e+00
80.22374554 29.69465676 -10.88897922 0.00000000e+00
80.79557456 29.27723556 -9.65695939 0.00000000e+00
80.81021779 29.39106009 -11.25797433 3.52543640e-05
80.17256292 29.99847085 -14.67790554 1.52666900e-01
80.13407815 29.86714534 -12.53416477 0.00000000e+00
79.66138679 30.03251398 -11.80032648 8.24754880e-04
79.48085600 30.18170885 -12.97239501 1.68735810e-03
79.77224648 29.98279261 -11.77023069 7.96544070e-04
79.70603043 30.08839481 -12.90155402 6.18022260e-03
79.98791959 29.87406983 -11.64733830 0.00000000e+00
79.89231275 30.03836678 -13.33052997 1.29497100e-02
79.80508928 29.92947875 -11.21946424 0.00000000e+00
79.81622366 30.03772356 -12.84047074 5.37433130e-03
80.01925914 29.81846115 -11.10245754 0.00000000e+00
79.92442954 29.98400044 -12.76293130 4.87822990e-03
79.89415469 29.80935928 -10.08923607 0.00000000e+00
79.91332257 29.87560709 -11.17295906 0.00000000e+00
79.46929656 30.07330135 -11.25104268 0.00000000e+00
79.56347459 29.96071501 -10.07138691 0.00000000e+00
79.58277434 30.02802264 -11.25224771 0.00000000e+00
79.67555176 29.91326904 -10.09584192 0.00000000e+00
78.97275296 30.28922237 -11.79341568 0.00000000e+00
79.10405801 30.13012601 -9.92505449 0.00000000e+00
78.90393170 30.38955239 -12.97109689 0.00000000e+00
79.08881330 30.24879246 -11.80543348 0.00000000e+00
78.87195174 30.21044646 -9.86176838 0.00000000e+00
78.70310645 30.23276116 -9.05472918 0.00000000e+00
78.62666248 30.41540924 -11.75118464 0.00000000e+00
78.75632197 30.25165118 -9.83515614 0.00000000e+00
78.67359360 30.47424237 -12.92512361 0.00000000e+00
78.77551250 30.32119698 -11.17983035 0.00000000e+00
78.54629157 30.40867986 -11.16257148 0.00000000e+00
78.44697329 30.56640959 -12.86672690 4.86728620e-03
78.41428232 30.61962247 -13.41948665 1.37156520e-02
78.51297542 30.46093145 -11.73793663 6.59409760e-05
78.75442087 30.48205910 -13.52846118 0.00000000e+00
78.85684978 30.33008393 -11.77989030 0.00000000e+00
78.52644728 30.57147368 -13.45871131 3.53187450e-03
78.65899820 30.59530440 -15.63449528 1.02206780e-02
79.20474421 30.20818409 -11.81464658 0.00000000e+00
79.12342257 30.19893399 -11.21676033 0.00000000e+00
79.01976193 30.34870874 -12.98587401 0.00000000e+00
79.67267817 30.14071983 -13.48025024 1.42584880e-02
79.43507097 30.12406114 -11.82372567 0.00000000e+00
79.36648116 30.22514588 -12.98840576 0.00000000e+00
79.35471041 30.11652735 -11.24155973 0.00000000e+00
79.25132058 30.26709709 -12.99560259 0.00000000e+00
79.56034167 30.18776547 -13.52648701 6.47222400e-03
79.57977146 30.25518833 -15.22169411 6.52389880e-02
79.44671906 30.23252747 -13.55772688 2.47429420e-03
79.51974854 30.31698159 -16.46057462 3.37211290e-01
79.33212353 30.27548806 -13.57797748 0.00000000e+00
79.46619791 30.30037483 -15.35069938 1.72328590e-02
79.17462466 30.44564028 -17.07439380 1.71393490e-02
79.35162883 30.34373696 -15.47498279 1.31141570e-02
78.77364631 30.55155747 -15.71127275 8.21117970e-03
79.10114376 30.35804279 -13.58538857 0.00000000e+00
78.98531999 30.39876646 -13.57495718 0.00000000e+00
79.00474619 30.46795210 -15.71789331 1.77286130e-03
78.43298361 30.68914432 -15.36921194 1.05779490e-01
78.48455813 30.70549371 -16.87465800 7.13700850e-01
78.88899195 30.50928789 -15.73634508 7.32706260e-03
78.94268039 30.52811530 -17.29433241 2.67666860e-02
78.54534966 30.64103366 -15.51691712 3.29111310e-02
78.39158717 30.82472977 -19.95946098 3.37124830e+00
78.71188040 30.61330287 -17.24647514 8.21252310e-02
78.82699422 30.57008698 -17.31359922 4.38084850e-02
79.23634652 30.38576102 -15.58698194 1.17123090e-03
79.07811620 30.55572481 -20.64630574 1.98194610e+00
79.42491278 30.42906410 -19.77310499 5.20967490e+00
79.40544865 30.36124469 -16.67838357 8.89874550e-02
79.65227691 30.33767291 -18.94916201 4.68703590e+00
79.69203825 30.20770757 -15.05808198 2.34292860e-01
79.19411476 30.51422156 -20.43194027 3.24452470e+00
79.29031602 30.40396367 -16.89275487 2.68890270e-02
79.84124927 30.29037282 -19.75211164 4.86718470e+00
79.85471766 30.17051362 -15.67046687 1.37608670e+00
79.87394858 30.23672990 -18.00747698 4.67133760e+00
79.96282608 30.11613120 -15.36208527 7.60901120e-01
80.26383738 30.05886289 -17.48596954 3.07100870e+00
80.40332594 29.73063520 -12.60260420 0.00000000e+00
80.12277458 29.98950357 -14.22521314 5.74880750e-02
80.23534064 29.80421939 -12.39342610 0.00000000e+00
80.32498527 29.86303260 -13.77717274 4.64722040e-04
80.33433575 29.73867669 -12.22699761 0.00000000e+00
80.01826620 30.04854080 -14.46472293 1.54801230e-01
79.99907627 29.98262072 -13.22315911 8.00927290e-03
80.22498798 29.92757567 -13.96390940 1.14214850e-02
80.49943921 29.66206335 -12.40731750 0.00000000e+00
80.27405894 29.93540978 -14.39523212 5.27992660e-02
80.52684515 29.60171568 -11.84536495 0.00000000e+00
80.42301377 29.79630029 -13.58036357 0.00000000e+00
80.59439767 29.59233580 -12.20742986 0.00000000e+00
80.70979283 29.58857582 -12.98196766 5.88655540e-03
80.78342073 29.45214742 -11.82270450 1.02312770e-03
80.51946537 29.72790452 -13.37746933 2.58091290e-04
80.61485430 29.65844373 -13.17480327 5.48348750e-03
80.46288376 29.92794502 -16.55259809 1.58648050e+00
80.47106013 29.80249603 -13.98939660 6.17595500e-03
80.77972085 29.66133093 -14.52930456 2.08862670e-01
80.80497825 29.51903074 -12.80393169 8.02757810e-03
80.87621953 29.59277351 -14.31537340 2.30933370e-01
80.85395860 29.52531779 -13.23513507 3.56944240e-02
80.49116181 29.86841189 -15.41159291 3.58216090e-01
80.56731730 29.73366727 -13.78289019 3.17429740e-02
80.39321144 29.93566006 -15.74389107 4.37716060e-01
80.37345525 29.86992888 -14.19385285 1.64561780e-02
80.37642045 30.10447984 -20.80917916 2.84081950e+00
80.36425579 29.99440241 -17.01248583 2.08224320e+00
80.08805909 30.12452226 -17.01646896 2.59172600e+00
79.49564537 30.74087259 -29.34177709 0.00000000e+00
80.69770680 29.84315321 -17.57978516 1.06696910e+00
80.68382932 29.73060492 -14.79133550 2.76770260e-01
80.16136805 30.12090334 -18.04916027 4.35049350e+00
80.09946357 30.23323512 -21.29173050 4.89929380e+00
80.27563910 30.16833695 -21.51062107 3.43303540e+00
79.70288724 30.57997283 -27.87532290 4.61293400e-02
80.17290942 30.22987701 -22.25795889 3.31807940e+00
79.09070529 30.66504316 -25.28959439 3.31738200e+00
79.36117782 30.71735549 -28.07166197 2.21790050e-02
79.94999260 30.23673142 -19.17341018 5.36955500e+00
79.59003527 30.62759612 -27.99727003 2.01659810e-02
80.06812308 30.28882190 -23.05753235 2.50918080e+00
79.99335117 30.29047925 -22.02901155 4.50284900e+00
79.85259353 30.39854672 -24.34440306 1.77593710e+00
79.30719452 30.69977930 -27.40492274 2.21495600e-01
79.77533100 30.39668645 -23.26337776 3.63168570e+00
79.76395323 30.28854060 -18.48178993 4.73398380e+00
79.66378504 30.44585197 -23.78902668 3.54247480e+00
79.88525603 30.34494826 -22.66959088 4.02344840e+00
79.96131466 30.34505283 -23.78055759 1.85209970e+00
79.73069820 30.34125546 -20.31824388 4.62610410e+00
79.74466370 30.22196436 -15.95179174 1.64989670e+00
79.27534360 30.52255687 -22.18750877 5.89447330e+00
79.39059959 30.47977092 -21.81268456 5.79697640e+00
79.05865176 30.48682805 -17.20850486 2.19309660e-02
78.92774501 30.64778087 -22.71312038 3.94380830e+00
78.94067335 30.75748212 -26.02787835 1.62906140e+00
78.96208988 30.59726749 -20.77499878 1.84887280e+00
78.82536178 30.80034130 -25.97240199 8.56623760e-01
78.81220021 30.69036749 -22.69324861 3.63697190e+00
78.59693025 30.89053784 -25.76123744 9.65132740e-03
78.73109070 30.68277203 -20.73234209 2.29779070e+00
78.61670084 30.72781823 -20.54743811 3.57013480e+00
78.69729300 30.73430448 -22.57367307 3.70180590e+00
78.48439450 30.93879387 -25.62236957 5.19991110e-04
78.58332321 30.78010129 -22.37495897 3.01513200e+00
78.40551058 30.93544493 -24.70727360 6.06364620e-03
78.47058041 30.82818051 -22.11815761 1.37570810e+00
78.39192924 31.05886968 -26.90104801 0.00000000e+00
79.05632917 30.71541018 -26.04225770 1.74640350e+00
78.85938192 30.74932127 -25.29739374 2.17884110e+00
78.97491778 30.70687906 -25.32714547 2.82312100e+00
78.89820329 30.88779432 -27.90384743 2.49336810e-02
79.17204899 30.67356575 -26.01078531 1.93079200e+00
79.07588837 30.78437745 -27.38229376 2.40030750e-01
79.32191922 30.58092623 -24.94992767 3.69115040e+00
79.19166143 30.74227251 -27.41442470 2.60690480e-01
79.40258326 30.58834153 -25.73493681 2.30353550e+00
79.20646446 30.62324596 -25.17167638 3.38838800e+00
79.28755676 30.63138728 -25.90560491 2.20406490e+00
79.61856095 30.38956121 -20.87375155 4.44467560e+00
79.42222124 30.65637614 -27.35735328 1.78456190e-01
78.96014984 30.82664904 -27.33515743 2.03244500e-01
78.68766687 31.04632290 -28.88589811 0.00000000e+00
79.24569705 30.76034737 -28.07463360 4.28499020e-02
79.55085024 30.49268553 -24.26696267 3.38660510e+00
78.74438274 30.79291992 -25.20958785 1.24381290e+00
78.84472531 30.86964488 -27.27157661 5.88700650e-02
78.71068147 30.84452566 -25.88177636 1.61111470e-01
78.46180062 31.14350073 -28.66264699 0.00000000e+00
78.72990157 30.91390487 -27.19240982 3.22274340e-03
78.65423242 31.09865581 -29.42417228 0.00000000e+00
78.63021462 30.83819319 -25.07338244 1.47412410e-01
78.61597528 30.95993437 -27.09936387 0.00000000e+00
78.51717260 30.88559598 -24.90158257 1.90834380e-02
78.44296580 31.07414691 -27.51209108 0.00000000e+00
78.54112668 31.14689267 -29.31150173 0.00000000e+00
78.47586623 31.25412104 -30.21647122 0.00000000e+00
78.57407728 31.09374201 -28.77828526 0.00000000e+00
78.50324093 31.00816884 -26.99989318 0.00000000e+00
78.66846077 30.97697137 -27.72214234 0.00000000e+00
78.55504506 31.02436986 -27.61723261 0.00000000e+00
78.78294751 30.93160521 -27.81939593 2.62529420e-03
78.80229614 31.00087840 -28.98611120 0.00000000e+00
79.01393508 30.84501583 -27.97446061 5.86200490e-02
79.03347773 30.91394837 -29.15877786 2.45326710e-03
79.26531788 30.82870427 -29.29174895 3.89124140e-04
79.72241717 30.64681981 -29.30521964 0.00000000e+00
79.38079974 30.78535708 -29.32858202 0.00000000e+00
79.98078194 30.41124115 -26.23974846 3.48990640e-01
79.57568017 30.74645273 -29.92389387 0.00000000e+00
80.34490940 30.24213019 -25.17348203 1.27186190e+00
79.91108289 30.59774548 -29.83816951 0.00000000e+00
80.29527476 30.23402557 -24.16190438 1.81955390e+00
79.83384425 30.59655533 -29.23175790 0.00000000e+00
79.76166912 30.51625563 -26.93968491 2.95870000e-01
79.64972710 30.56502297 -27.15357396 2.74365510e-01
79.47604138 30.67325069 -28.04600874 1.53697180e-02
79.53648599 30.61159904 -27.28366084 2.47142390e-01
79.63014406 30.49776597 -25.19739162 1.95342280e+00
79.92420420 30.47764341 -27.44687693 6.90476830e-02
79.81434587 30.53005457 -27.71158682 6.58541410e-02
79.51686795 30.54394807 -25.50953581 2.13870230e+00
79.43680197 30.53756248 -24.64946724 3.54419760e+00
80.40549948 30.04596843 -19.29515188 3.15066650e+00
80.39625319 30.17019269 -23.39940224 2.59306780e+00
80.36480478 30.30790421 -27.75645956 1.29758740e-01
80.59376510 30.03758825 -21.92639667 1.70625740e+00
80.26232536 30.37045531 -28.24986522 3.76572950e-02
80.44544391 30.17752652 -24.35533366 2.18941380e+00
80.08759704 30.35476455 -25.64637687 4.99839570e-01
80.12666973 30.48652981 -29.58514274 0.00000000e+00
80.56514306 30.17750406 -26.29618937 1.39943320e+00
80.64265316 30.04410788 -22.85071641 1.71134850e+00
80.03227880 30.42261272 -27.07704694 9.61368790e-02
80.05177735 30.48857668 -28.90673145 1.27163470e-03
80.24263917 30.30471821 -25.88789251 5.24657990e-01
80.23169161 30.42718476 -29.36653773 0.00000000e+00
80.33486975 30.36553422 -29.10685462 9.42289390e-03
80.27420030 30.47968040 -30.65670129 0.00000000e+00
80.95911391 29.90991260 -23.96030019 1.84544920e+00
81.03572329 29.77663953 -21.19685945 1.71533580e+00
80.66372603 30.11059761 -25.56868424 1.92169650e+00
80.74024296 29.97637480 -22.27548564 1.44349300e+00
81.26480460 29.72216995 -23.75709449 1.12875470e+00
81.13690591 29.71335045 -21.10268266 2.09110280e+00
81.34536325 29.59485062 -21.41149264 1.56084410e+00
81.29047526 29.58271576 -19.99466301 2.62201490e+00
81.61549933 29.42449493 -21.31678804 1.88170350e+00
81.56227499 29.48893091 -22.50904430 8.25253530e-01
81.67352446 29.44070295 -23.28408128 6.58013720e-01
81.69960233 29.51123219 -25.96798078 1.15924910e-01
81.95541727 29.29311920 -24.43573824 1.07766360e+00
81.92668087 29.42294566 -27.17030141 7.20484350e-02
82.16052322 29.14671577 -23.56153895 2.58060830e+00
82.01541500 29.31210573 -25.99644711 4.79597370e-01
82.04439666 29.18377147 -22.79617264 2.82870010e+00
81.90034473 29.35260434 -24.99896666 5.05895350e-01
81.81460815 29.26380992 -20.22283622 3.22649690e+00
81.84088779 29.33436912 -23.15878269 1.43760370e+00
81.72749572 29.37805046 -22.13367308 1.65316990e+00
81.92902559 29.22269210 -21.55460801 3.10781820e+00
81.24006250 29.65262015 -21.16656377 2.11112770e+00
81.47956728 29.40368911 -18.08834468 3.33490980e+00
81.18640575 29.64190175 -19.87951402 2.41005590e+00
81.37154523 29.45674143 -17.75882121 2.96781620e+00
80.69114584 29.96985728 -21.33617771 1.43649700e+00
80.86368915 29.76726072 -18.06557576 9.53331100e-01
81.08446972 29.70393511 -19.92017307 1.88233140e+00
81.16224423 29.57290637 -17.48756556 2.05305290e+00
80.75248757 29.72208779 -15.32032122 4.09425280e-01
80.79416178 29.77464977 -17.12179118 7.65098370e-01
81.26573982 29.51319210 -17.55540448 2.49718710e+00
81.35559323 29.34074958 -14.87284580 1.06462750e+00
81.19117771 29.51409758 -16.33535677 1.60058310e+00
81.24976251 29.39733710 -14.69052445 6.02968450e-01
80.65645254 29.79117472 -15.68598598 7.44828260e-01
80.76675788 29.83514548 -18.48660465 7.90732440e-01
80.60116087 29.91162704 -18.10155451 1.56515570e+00
80.67015398 29.90345470 -18.97857824 1.12480600e+00
80.94630155 29.58600584 -14.78779441 4.48723230e-01
80.95106509 29.45768079 -13.10244448 4.23133650e-02
81.68608570 29.19207756 -15.99203068 1.77900740e+00
81.62152019 29.29961066 -17.58035379 2.66152000e+00
81.79965708 29.14890987 -16.51805760 1.64264160e+00
81.73391563 29.25421043 -18.30592405 2.76298650e+00
81.40201270 29.40001945 -16.71966150 2.34943810e+00
81.57401505 29.23824825 -15.53305028 1.61896670e+00
81.91443965 29.10837538 -17.09640424 1.36520470e+00
81.84768662 29.21161408 -19.18188996 2.73899070e+00
81.94811906 29.05736066 -16.21830340 3.02468160e-01
81.96256763 29.17146607 -20.29993147 2.71284050e+00
82.03018882 29.07011173 -17.76314977 7.92119020e-01
82.07833889 29.13343175 -21.13749178 2.71635680e+00
81.39675713 29.52669903 -20.27078578 2.30905260e+00
81.51079089 29.34813622 -17.09706754 2.58647410e+00
81.50516664 29.47397939 -20.71138815 2.05088980e+00
81.58960155 29.35399434 -18.52785476 3.38384960e+00
82.42091300 29.14596923 -27.05964693 2.29135370e+00
82.51175373 29.04331829 -26.25566078 2.34146190e+00
82.53835158 29.11209470 -27.39920419 2.22749350e+00
83.21778943 28.84881975 -27.49489201 7.60647110e-01
82.53409525 28.88486424 -20.95080957 1.35157450e-01
82.39433477 29.07678559 -25.29533597 2.39119550e+00
82.65218629 28.85306549 -21.59677648 1.59786270e-01
82.54673117 28.99545988 -25.83182683 2.17537920e+00
82.14669446 29.03375711 -18.63997247 4.55693980e-01
82.15460429 28.91444621 -15.50232293 2.37966450e-02
82.78234978 28.93088343 -26.39353375 7.58207670e-01
82.62937260 29.01049832 -26.56579627 2.10045800e+00
82.31177275 29.06225973 -23.23946299 2.56707820e+00
82.38123924 28.96526489 -21.82776162 8.27050160e-01
83.35982456 28.66182385 -25.64474070 6.21497650e-01
83.59480002 28.41141807 -18.66419052 1.24853290e-01
83.33514624 28.81587890 -27.58598877 6.77140300e-01
83.68399568 28.49491344 -23.71739337 3.36013930e-01
83.25326498 28.80204497 -27.03755802 7.30838070e-01
83.32428593 28.70855726 -26.11285216 6.43433190e-01
82.88847821 28.79009215 -23.73781106 3.33362980e-01
82.86486460 28.94587280 -27.04573514 6.58300380e-01
83.00654588 28.75853220 -24.65020705 3.93522900e-01
82.89152044 29.01339295 -28.08679799 1.23181180e+00
82.85304333 28.83689956 -24.63555238 4.33555190e-01
82.77033681 28.82154076 -22.55661609 2.22647470e-01
83.10026029 28.88138435 -27.37711210 7.16450310e-01
83.07139652 29.00069705 -28.82121030 9.04374770e-01
83.01801334 28.86684177 -26.78867219 5.70257550e-01
83.00928595 28.98081334 -28.25570720 8.07932390e-01
83.47913560 28.84817594 -28.64589370 3.63010800e-01
83.37062215 28.76905128 -27.11915370 6.31117240e-01
82.98260404 28.91369476 -27.23279393 6.13667020e-01
82.90020869 28.89888855 -26.61410789 5.03237370e-01
82.66450145 28.96301069 -26.13487526 1.48537690e+00
82.65598835 29.07885526 -27.67168075 2.44781170e+00
82.19479986 29.09715088 -21.93639922 2.62844360e+00
82.15777122 29.34338121 -28.04250830 1.40478100e-01
82.30377432 29.18073250 -26.69943042 2.04863780e+00
82.40461351 29.38177413 -30.31688988 8.61350630e-02
82.23999940 29.35591846 -28.93882233 8.44187450e-02
82.36489323 29.20101810 -27.45934473 1.91600720e+00
82.50880917 29.23509547 -28.93414762 1.74514920e+00
82.35678128 29.31928155 -29.21476946 2.92256100e-01
82.39140060 29.27010137 -28.68703150 1.03390870e+00
82.48228368 29.16641593 -27.78775431 2.18855360e+00
82.24786266 29.23664364 -27.10996335 1.22063630e+00
82.13131545 29.27356238 -26.67087052 6.95408220e-01
82.83562697 29.06633953 -28.50260133 1.95172550e+00
82.77373205 29.04601109 -27.89044850 1.93312410e+00
82.94472763 29.14788303 -30.05674286 2.43585750e+00
82.95353495 29.03353127 -28.67808401 1.23856420e+00
83.09804053 29.06737091 -29.76606818 1.19857990e+00
83.18031461 29.08111339 -30.26138442 1.00766290e+00
83.29797172 29.04751358 -30.34095428 6.67467470e-01
83.30680141 28.93445951 -29.03130844 6.97359810e-01
83.54333493 29.08624487 -31.62358703 1.53767310e-01
83.41547273 29.01359708 -30.40631167 3.86637670e-01
83.80221300 28.86172438 -30.13478053 5.81992300e-02
83.46171295 29.07361283 -31.21571995 2.63070700e-01
83.77521655 28.79679209 -29.23352781 7.80205710e-02
83.88331710 28.87330544 -30.54421248 3.03403030e-02
83.68540461 28.89719270 -30.10797536 1.08503230e-01
83.76672779 28.90917910 -30.52647666 6.42527510e-02
83.99963894 28.83686585 -30.55107375 2.11400260e-02
83.89345386 28.97994688 -31.69625941 1.51881960e-02
84.23144828 28.76225403 -30.53649921 1.13321500e-01
84.40691316 28.55697628 -28.60598156 2.68097270e-01
84.27656842 28.82082211 -31.30953964 2.70888150e-01
84.38210928 28.67565983 -30.09663652 3.24309880e-01
84.97886321 28.35935997 -28.14630343 6.87635190e-01
84.61227498 28.59768724 -30.00694515 3.42992550e-01
84.23925869 28.64964334 -29.20548496 8.90025710e-02
84.95024291 28.29461936 -27.01310994 8.38278570e-01
84.58436549 28.53335368 -29.04689785 3.15495690e-01
84.49729508 28.63686059 -30.05710766 3.55013400e-01
84.46957054 28.57257343 -29.11451380 2.95534270e-01
84.26667958 28.71399134 -30.12651609 1.66633910e-01
84.12368896 28.68735371 -29.23174707 3.75818730e-02
84.41425381 28.44408647 -26.98759172 2.22764320e-01
84.06118981 28.67082411 -28.72645911 3.70270620e-02
83.82922377 28.74363506 -28.74107698 6.11940280e-02
84.00782735 28.72446207 -29.24462346 3.46957450e-02
83.91875365 28.82568047 -30.14966183 2.83399660e-02
83.45103977 28.96650099 -30.01543436 3.46843010e-01
83.59609566 28.81391537 -28.69434762 1.93571200e-01
83.80218148 28.67870296 -27.73856489 7.18493010e-02
83.45228985 28.78245605 -27.65302427 4.60525720e-01
83.54148786 28.86668364 -29.16519946 2.43841060e-01
83.60462073 28.70142362 -27.21488594 2.29360880e-01
83.91823048 28.64282225 -27.72967735 4.88132530e-02
83.83750604 28.63126953 -27.23389245 6.51813920e-02
83.68583064 28.71391646 -27.72597114 1.31880740e-01
83.79196506 28.57205374 -26.22747623 9.46661600e-02
83.59417118 28.59460783 -25.72407675 3.11231620e-01
83.56919209 28.74848440 -27.70051099 2.56406100e-01
83.44161990 28.67539059 -26.17651138 5.52398950e-01
83.48774876 28.73552886 -27.17849341 4.10555710e-01
84.26450931 28.53118601 -27.61453095 9.38292250e-02
83.94341601 28.48855144 -25.67820198 9.14715310e-02
84.71239768 28.26669568 -25.39204105 5.70869920e-01
84.03396968 28.60627002 -27.70508483 4.42901890e-02
84.75699539 28.32522305 -26.66369579 4.55188600e-01
84.82633034 28.22637363 -25.20107323 7.32301740e-01
84.28964724 28.37590894 -25.41994338 1.22254070e-01
84.13945469 28.46233227 -26.10482866 6.42995180e-02
84.35454496 28.61136220 -29.16134626 2.49214840e-01
84.49387389 28.45373086 -27.47288637 2.55259830e-01
84.29952127 28.48279537 -27.06009915 1.16449220e-01
84.29195649 28.59549751 -28.65787793 1.47703050e-01
84.64294430 28.36518874 -26.78900710 3.21385060e-01
84.63609958 28.47855607 -28.46073257 3.00310840e-01
84.14939334 28.56904678 -27.67118356 4.90528920e-02
84.06914986 28.55837792 -27.17987705 4.76628260e-02
85.09318692 28.31998132 -28.02738315 9.91684030e-01
85.06426778 28.25493503 -26.87857913 8.54975180e-01
84.83628882 28.33456090 -27.14368201 5.14690740e-01
84.81346492 28.45409678 -28.87741718 3.26303080e-01
85.40837278 28.14123411 -26.48273580 1.92883650e-02
85.21324391 28.16645325 -26.09139007 3.17426080e-01
84.72229742 28.37451673 -27.26914736 3.54513340e-01
84.75041971 28.43887360 -28.36743152 3.22016270e-01
85.17850880 28.21584194 -26.73587192 6.43600610e-01
85.31767202 28.01855711 -23.55142995 8.39698900e-03
84.87094158 28.28512061 -26.52543756 7.31261990e-01
84.86096058 28.17680292 -24.32092854 6.38440500e-01
85.08876303 28.09621956 -23.90921071 1.89490770e-01
84.94020646 28.18602356 -25.01956829 6.58441180e-01
85.55982817 28.05908804 -25.74771717 6.66381950e-03
85.54938433 27.94822325 -23.34386917 6.37427000e-03
85.98872639 27.89261664 -24.42012653 4.93802760e-02
85.78540636 27.89087311 -23.38263482 4.74168260e-03
86.22130095 28.08711414 -28.56804134 7.48293050e-01
85.87877754 28.02348791 -26.36714220 2.71944320e-02
85.85871844 28.14049016 -28.21163727 6.01496740e-02
85.64145416 28.07543848 -26.33128933 1.03508230e-02
85.73944943 28.16564022 -28.18111076 3.71442720e-02
85.52441807 28.10690033 -26.38843277 1.28907780e-02
85.91043512 28.09308210 -27.62179003 6.54864840e-02
86.03571790 27.96076050 -25.89665217 3.49797520e-01
85.79089814 28.11638355 -27.56736826 3.20337570e-02
85.91530954 27.97937081 -25.77725070 3.24573870e-02
85.55490009 28.17419769 -27.60612461 2.46613070e-02
85.77073129 28.23452777 -29.34501005 5.97557840e-02
85.43842364 28.20781645 -27.68338831 5.67951540e-02
85.73454758 28.28053334 -29.88158431 7.50957980e-02
85.32277970 28.24372378 -27.78458958 4.52707020e-01
85.38247639 28.37644751 -29.99163467 1.23839870e+00
85.50400329 28.22654131 -28.25414374 4.72494740e-02
85.15138826 28.45068192 -30.13344877 7.93351410e-01
85.38769782 28.26120761 -28.33772327 3.97080600e-01
85.20776962 28.28129764 -27.90257411 8.83653460e-01
85.07133460 28.44002956 -29.70921305 6.39448840e-01
85.27213157 28.29786765 -28.44073804 9.06333190e-01
84.92790917 28.41437810 -28.77406827 4.46979950e-01
84.84182041 28.51869469 -29.87345366 2.84925150e-01
85.03642128 28.48933596 -30.20645828 4.15463980e-01
85.15709458 28.33591446 -28.55411639 1.06979120e+00
84.92163230 28.52850204 -30.27548040 2.68136950e-01
84.72709531 28.55824940 -29.94536766 2.97390530e-01
84.96657659 28.58778321 -31.09171061 1.92019010e-01
85.30177071 28.36392180 -29.53251366 1.24900940e+00
85.08146948 28.54904251 -31.03719302 3.24711720e-01
85.53447542 28.29391017 -29.39057805 1.49131850e-01
85.27698286 28.52269307 -31.33307117 8.71906840e-01
85.61627199 28.30969098 -29.89629672 1.03078850e-01
85.67236585 28.14352141 -27.56394722 2.37753480e-02
85.65210509 28.26260073 -29.35180470 5.84582950e-02
85.90064673 28.32113096 -30.84030934 4.36881490e-01
85.89033851 28.21005684 -29.37788005 1.24253840e-01
86.02099210 28.30014208 -30.88935573 1.95914400e+00
85.97397033 28.23277861 -29.94698533 5.54346190e-01
86.70480789 28.15823028 -30.66570715 0.00000000e+00
86.62011434 28.12753894 -30.16631302 2.21995500e-03
86.14200478 28.28248213 -30.95928060 1.52459630e+00
86.13197830 28.17203926 -29.55444560 2.04795980e+00
86.49779754 28.13603956 -30.00205037 2.72969350e-03
86.25363046 28.15777279 -29.68801173 3.23266440e-01
86.58731546 28.05727622 -29.14146548 2.45683650e-03
86.46025056 28.17542556 -30.38814982 3.72495660e-03
86.46514540 28.06552480 -28.94679140 7.27168080e-03
86.37560927 28.14595335 -29.84067644 2.52199060e-02
86.09984108 28.10154874 -28.41134679 2.28901420e+00
86.09487921 28.21427669 -30.02661588 2.41768960e+00
86.15186345 28.05776816 -27.86683974 1.88777360e+00
85.97890722 28.11916699 -28.29093686 2.64442700e-01
86.70956524 28.05010472 -29.33871055 2.15346860e-04
86.82718582 28.15095033 -30.79953889 0.00000000e+00
87.00541316 27.99977288 -29.19732145 0.00000000e+00
86.86494069 28.11317391 -30.46224586 0.00000000e+00
87.44335245 28.01326715 -30.11746773 0.00000000e+00
87.35472330 28.08746763 -30.86240324 0.00000000e+00
86.88327703 28.00548164 -29.03439924 0.00000000e+00
86.74250686 28.12003174 -30.32690873 0.00000000e+00
87.37176270 27.98231447 -29.61212769 0.00000000e+00
87.10985008 28.10037363 -30.67762457 0.00000000e+00
87.11871928 28.20543884 -31.78540103 0.00000000e+00
86.98739419 28.10670219 -30.57323930 0.00000000e+00
87.23229663 28.09401310 -30.77423938 0.00000000e+00
87.19441357 28.13102845 -31.11061148 0.00000000e+00
87.72180974 28.06581810 -31.07221071 0.00000000e+00
87.48561779 28.18402361 -32.03000049 0.00000000e+00
87.80991642 27.99154609 -30.34674535 4.39208530e-04
87.56151045 28.11023834 -31.35098817 0.00000000e+00
87.80606654 28.09463969 -31.46636163 0.00000000e+00
87.60786118 28.17637567 -32.09491382 0.00000000e+00
87.84409282 28.05781412 -31.12336995 0.00000000e+00
87.69209538 28.20531432 -32.49363513 0.00000000e+00
88.41695511 28.05171354 -31.60334818 1.72045670e+00
88.09647799 28.14266329 -32.27005929 6.55845400e-03
88.42019170 27.94939408 -30.50531437 9.72297410e-01
88.57735264 28.00704923 -31.25179421 4.26795430e-01
88.66135666 28.03587753 -31.60836483 3.43966010e-01
88.94424352 27.98653050 -31.23789131 1.87507360e-02
88.66432497 27.93359692 -30.50725996 4.07507090e-02
88.69961080 27.99956549 -31.24998549 1.08877260e-01
88.34723900 27.92039240 -30.11373923 1.18027200e+00
88.33293145 28.02350739 -31.23960121 1.86340730e+00
88.59095500 27.90411533 -30.12323633 5.95190440e-02
88.53913915 28.04353782 -31.60845210 8.72493900e-01
88.29815948 27.95786527 -30.49345348 1.67651950e+00
88.21074383 28.03216604 -31.22306519 1.09491840e+00
88.22540118 27.92893048 -30.09505416 1.84680000e+00
88.08855090 28.04087603 -31.19847640 1.23442260e-01
87.96633787 28.04947215 -31.16535927 2.69580600e-03
88.05047364 28.07771666 -31.54581932 1.43195280e-02
87.56558164 28.00646971 -30.20639098 0.00000000e+00
87.47712201 28.08063145 -30.94166051 0.00000000e+00
87.68380857 28.10263154 -31.41319835 0.00000000e+00
87.68777044 27.99922913 -30.28247648 0.00000000e+00
87.09412704 27.92530195 -28.27664553 0.00000000e+00
87.07648927 28.03169342 -29.78360396 0.00000000e+00
87.74158765 27.85854726 -28.46318001 3.92130470e-03
87.61585746 27.96908677 -29.81828573 0.00000000e+00
87.86341740 27.85108533 -28.54116714 3.74870590e-02
87.73784350 27.96178649 -29.90000280 4.59809470e-04
87.94731376 27.87986430 -29.09925734 1.65500540e-01
87.85978632 27.95404301 -29.96801156 1.24757740e-03
88.06903821 27.87165874 -29.14867509 1.20574220e+00
87.98168835 27.94591447 -30.02297668 7.02484280e-02
88.10695209 27.83494384 -28.64457498 1.77214880e+00
88.17613053 27.96648337 -30.47248897 1.34822390e+00
88.83741507 27.78762272 -28.63104002 5.09707340e-03
88.67752600 27.83075246 -29.19757609 8.37341210e-03
88.79929015 27.82374645 -29.18172486 7.18628720e-03
88.71561021 27.79444853 -28.65511495 7.00895870e-03
88.55579757 27.83833709 -29.20810386 2.79529790e-02
88.47210426 27.80979615 -28.68279999 5.16505140e-02
88.31241540 27.85474635 -29.20378927 8.61800930e-01
88.46441764 27.70821835 -27.09803056 4.00665570e-02
88.19073402 27.86322999 -29.18360319 1.65617730e+00
88.10355589 27.93749399 -30.06513811 7.72189390e-01
87.73327961 27.75608499 -26.91210347 3.31919020e-02
87.70374375 27.89512139 -28.95113445 1.38404980e-03
87.45142681 27.80504374 -27.16023352 0.00000000e+00
87.33806792 27.91440903 -28.60085874 0.00000000e+00
87.32937813 27.81049836 -27.01081784 0.00000000e+00
87.25384402 27.88340700 -27.96668084 0.00000000e+00
87.08520005 27.82022678 -26.64571859 0.00000000e+00
87.00979903 27.89360855 -27.60671030 0.00000000e+00
87.00078622 27.78810246 -25.96089056 0.00000000e+00
86.88776322 27.89861874 -27.40370295 0.00000000e+00
86.87863121 27.79243546 -25.73230800 0.00000000e+00
86.76573403 27.90385535 -27.18439639 1.26326360e-03
87.13182925 27.88859831 -27.79319561 0.00000000e+00
86.95417176 28.03758021 -29.65086875 0.00000000e+00
87.21610814 27.91998817 -28.44674681 0.00000000e+00
87.12754616 27.99411742 -29.34840280 0.00000000e+00
86.97213402 27.93050764 -28.09218506 0.00000000e+00
86.83185802 28.04363092 -29.50941156 0.00000000e+00
86.85013939 27.93578961 -27.89236984 0.00000000e+00
86.76115269 28.01148443 -28.85850641 0.00000000e+00
86.58248285 28.16626766 -30.52709858 2.56857970e-03
86.63905845 28.01804465 -28.65266142 2.09864740e-03
86.48432069 27.95483212 -27.22510186 1.31461090e-02
86.34311121 28.07529372 -28.75097289 5.52699670e-02
86.64372875 27.90960664 -26.95038328 2.39256170e-03
86.51702284 28.02549428 -28.44699207 2.72578670e-03
86.11968039 27.98718190 -26.61118346 2.15103970e+00
86.03082656 28.07365643 -27.72456455 9.41358510e-01
86.36254461 27.96345905 -27.00530581 6.36633060e-02
86.27333540 28.04482399 -28.04503738 2.54678900e-01
86.23111184 27.86414479 -24.84995785 8.45055120e-01
86.15675028 27.94574525 -26.06204751 1.90679990e+00
86.75648057 27.79696521 -25.45927417 1.99573870e-03
86.52177184 27.91619523 -26.71423378 9.90034580e-03
86.59678826 27.83977348 -25.66224774 4.05655800e-03
86.51226197 27.80785512 -24.82745602 2.05263000e-02
86.10967985 27.87674375 -24.60987858 1.60575670e+00
85.63596539 27.84950788 -21.47265698 4.38851840e-03
86.28800081 27.71206572 -22.01007621 5.83971660e-01
86.02561929 27.85003635 -23.68248889 7.19643500e-02
86.16662102 27.72225380 -21.66321969 1.76379240e+00
85.80560328 27.77371558 -20.81675316 4.31852750e-03
86.35775523 27.74394331 -22.98818346 1.72964510e-01
86.39025731 27.81501689 -24.51540803 9.08733730e-02
86.11465757 27.76463251 -22.31475021 8.33971180e-01
86.13442924 27.65130902 -18.88175629 1.44436650e-01
86.53599867 27.58943181 -20.03212527 1.14957200e-01
86.40959933 27.70425645 -22.37595396 1.45302670e-01
85.92518199 27.75246063 -21.06874702 5.31530630e-03
86.01364893 27.66500211 -18.56009425 9.25492470e-03
86.86359807 27.61541170 -22.25142941 7.62553090e-03
86.53131952 27.69818827 -22.74836887 3.42078430e-02
87.35025153 27.60137765 -23.43786107 1.84628960e-02
87.01857290 27.68183345 -24.08725397 6.00439750e-04
87.50571083 27.66441592 -25.03211411 1.55326020e-02
87.26219232 27.67401699 -24.61558093 1.51491480e-03
87.33351788 27.70614772 -25.35677653 9.31878390e-04
87.12293458 27.78372975 -26.17112281 0.00000000e+00
86.77491827 27.68918183 -23.47451063 4.61530630e-03
86.71886650 27.83427517 -25.94289982 2.25197760e-03
87.21154713 27.71064995 -25.14798374 0.00000000e+00
87.14039117 27.67808155 -24.36364694 1.08314490e-03
86.60154580 27.73132993 -23.71133653 9.24084230e-03
86.63434988 27.80199177 -25.14588853 2.80706990e-03
87.57343844 27.79907511 -27.29043187 1.47000320e-03
87.61971242 27.86551066 -28.36740601 4.86215890e-04
87.87067157 27.64540589 -25.43869698 1.54613080e+00
87.61128841 27.76268331 -26.80898883 5.82122520e-03
88.06103456 27.76986081 -27.59813263 1.74642380e+00
87.93920255 27.77787050 -27.55167639 8.26135930e-01
88.09897470 27.73319711 -27.09170394 1.28046240e+00
88.06450403 27.66732061 -26.04931115 9.93504080e-01
88.22079933 27.72488100 -27.11161083 4.72879480e-01
88.18618212 27.65913944 -26.06902374 3.23375840e-01
88.30461269 27.75315475 -27.63718408 2.69992700e-01
88.18283331 27.76156513 -27.62659565 9.53576850e-01
88.34260812 27.71649050 -27.11295154 1.45284710e-01
88.23521848 27.62172771 -25.54937406 2.09802260e-01
88.47814273 27.60519713 -25.49933770 4.91425960e-02
88.30783752 27.65080145 -26.06772861 1.85644450e-01
88.70809837 27.69275526 -27.04091315 7.47846610e-03
89.05001934 27.50442434 -23.83513036 2.52279940e-03
88.35668074 27.61340968 -25.53594279 1.64626460e-01
88.42948658 27.64249900 -26.04785234 7.28195690e-02
87.99222703 27.63789722 -25.50725747 1.21713180e+00
88.07921295 27.56404718 -24.23818893 2.23037810e-01
87.94278960 27.67517160 -26.00419956 1.67097480e+00
87.95783995 27.57176467 -24.19981910 8.70575850e-01
87.69921974 27.68936443 -25.82683868 1.01248680e-01
87.62741241 27.65871355 -25.19978806 6.42844900e-02
87.57736165 27.69556889 -25.69603315 1.61323370e-02
87.63112077 27.55536963 -23.14477055 3.84541680e-01
87.45545866 27.70114747 -25.53798485 4.76887060e-03
87.47185806 27.59676926 -23.65770508 4.51733580e-02
87.82102922 27.68254774 -25.92916985 6.01892840e-01
87.83641925 27.57897172 -24.12037970 1.60587450e+00
87.59342586 27.59151418 -23.84836486 1.89803350e-01
87.58492529 27.48867141 -21.57504080 4.57535830e-01
87.99559744 27.53528077 -23.43844593 2.96118930e-01
88.23043182 27.41774268 -21.08005953 8.34145980e-02
88.47330134 27.40133518 -20.97850956 1.71320150e-01
88.35969096 27.51110016 -23.42187073 2.00909370e-01
88.59474261 27.39337309 -20.91332479 6.28731520e-02
88.48102734 27.50291921 -23.36704804 1.07930690e-01
88.72375333 27.48753868 -23.22653926 1.72969490e-02
88.96424159 27.57667403 -25.24914866 1.95666100e-03
88.59962048 27.59728213 -25.44386430 1.62614600e-02
88.67283011 27.62676998 -25.95998726 6.95099040e-03
88.67824335 27.42218367 -21.66330666 4.47423610e-02
88.60237714 27.49500847 -23.29957470 3.39643080e-02
88.60790308 27.29036514 -16.10991590 1.38342850e-01
88.19260216 27.45433567 -21.88064831 1.03426870e-01
88.11699213 27.52747798 -23.45976728 1.43459840e-01
88.20054811 27.55597350 -24.24354444 1.70253570e-01
87.37919627 27.46179407 -20.09227646 2.22627940e-01
87.22861445 27.60541545 -23.18578458 9.64490900e-03
87.39573904 27.35752272 -15.76250322 8.00541100e-01
87.25741802 27.46531845 -19.50061911 1.20422160e-01
87.22387810 27.39657905 -16.72504447 2.72649380e-01
87.13561679 27.46826894 -18.81253364 1.00159550e-01
87.21977227 27.50112346 -20.45640043 5.49082550e-02
87.14454038 27.57295012 -22.25577771 1.53222170e-02
86.61552548 27.40701848 -13.38472688 1.43862410e-01
86.85442630 27.50921969 -18.84684805 7.67750170e-02
87.01380022 27.47079148 -18.04252420 1.04763220e-01
86.65768610 27.58539018 -20.80364454 5.48638240e-02
87.09800158 27.50410649 -19.95379317 4.74053410e-02
86.90111581 27.57904526 -21.62050797 7.67898980e-03
86.97621746 27.50674086 -19.39509071 4.80184400e-02
86.77939671 27.58203864 -21.26649584 1.55851820e-02
87.02283284 27.57609310 -21.95181923 8.89855240e-03
86.72353071 27.72666386 -24.06784818 4.26584630e-03
87.08955427 27.71476696 -24.91377579 0.00000000e+00
87.10695461 27.60898734 -22.90123726 7.02519420e-03
86.96754790 27.71866791 -24.65977296 0.00000000e+00
86.98528011 27.61225793 -22.58770709 6.01168160e-03
86.74191787 27.61872759 -21.89458382 1.11687100e-02
86.65310363 27.69331606 -23.11692184 9.26136090e-03
85.99370294 27.77961973 -22.02593795 1.71403520e-02
86.05051547 27.62319586 -16.75503811 1.04064580e-02
86.23606643 27.75296201 -22.64279088 9.72935340e-01
86.29283374 27.60154392 -18.11911194 8.83965350e-01
86.49861637 27.62710963 -20.75343443 1.42612270e-01
86.48910175 27.51876834 -17.18280127 1.90046160e-01
86.62025080 27.62250086 -21.43264501 4.08051940e-02
86.61085522 27.51488224 -17.97589053 1.53799900e-01
86.37705063 27.63304094 -20.07974583 2.06908540e-01
86.36740896 27.52399858 -16.19269809 4.18438820e-01
85.93009372 27.63935141 -16.47289606 6.02498730e-03
86.18134508 27.38848704 -11.06870563 1.76516620e-02
86.25561874 27.64088616 -19.43721281 1.20399090e+00
86.28310329 27.49206002 -14.34656482 1.21323910e+00
85.89352303 27.68268420 -18.29395383 6.71170700e-03
85.91993087 27.52842628 -12.91067774 4.57587020e-03
85.77430980 27.70477260 -18.04924725 4.77545670e-03
85.76398482 27.59364806 -13.49851562 1.84384230e-03
85.41320887 27.68534293 -13.44266061 4.41054670e-04
85.45859175 27.74730826 -15.94492437 1.86285590e-03
85.30358114 27.60693039 -11.14057336 0.00000000e+00
85.41812514 27.56983904 -11.04113872 0.00000000e+00
85.19486072 27.87110158 -17.91252123 3.53824900e-03
85.42360779 27.79587214 -17.68188434 4.24682320e-03
85.11575601 27.86108799 -16.25999940 9.78427740e-04
85.07121512 27.80172903 -13.75779898 1.35826830e-03
84.74190351 28.03330929 -18.49877189 8.37659390e-02
84.84507794 27.88406812 -13.99564264 1.75090280e-03
84.77631817 27.98365623 -16.65586964 1.71349950e-02
84.59831774 28.30678731 -25.57487035 3.57707840e-01
84.85505322 27.99241253 -18.37819357 2.85951200e-02
84.65647139 28.13814060 -21.59481951 5.22313190e-01
84.96816114 27.95152032 -18.25040519 4.72494490e-03
84.76996727 28.09755923 -21.40825852 3.76402210e-01
85.00250880 27.90162492 -16.41441234 1.47190350e-03
84.88334563 28.05681556 -21.24015672 1.61515750e-01
85.30885885 27.83252625 -17.76819376 3.44604750e-03
85.22405022 27.93643778 -20.68019963 7.25266230e-03
85.33319413 27.67302364 -12.70106725 8.57963450e-05
85.34355352 27.78328692 -16.00645257 1.75200760e-03
85.65621814 27.73128926 -17.81688117 6.00109050e-03
85.45358544 27.86232855 -20.41718412 6.54257560e-03
85.53933829 27.76187599 -17.68428756 4.86041240e-03
85.43306344 27.98213002 -23.41163304 7.20957230e-03
85.74920262 27.93636570 -24.21763837 5.63112050e-03
85.56975502 27.82906739 -20.43885115 5.41985990e-03
85.87345065 27.79860614 -21.80385560 3.84867560e-03
85.66681226 27.91759469 -23.33868821 5.12834920e-03
85.75414388 27.82192268 -21.60728225 4.41161510e-03
85.68708555 27.79933218 -20.57625456 5.46625700e-03
85.51897756 27.88096023 -21.43478774 3.73075370e-03
85.28282295 28.06780747 -24.50182768 1.61736250e-02
85.40308644 27.91558223 -21.48827260 7.03391530e-03
85.33842238 27.89836109 -20.51471400 7.92807740e-03
85.79575892 28.00201488 -25.71182935 9.16527940e-03
85.86849356 27.91240548 -24.28693430 9.44644210e-03
85.32802031 28.12866648 -25.95442498 3.83514540e-02
85.39797505 28.03083966 -24.35709085 5.94182550e-03
85.09892270 28.20540853 -26.23861017 6.75849810e-01
85.20298518 28.05679878 -23.72198086 2.77617530e-02
85.05413920 28.14589739 -24.83931460 4.76909400e-01
84.26226186 28.31165779 -23.52749768 1.85421090e-01
85.17378820 27.99135987 -21.81936921 9.46563960e-03
84.99671468 28.01614740 -21.07326965 5.90231030e-02
85.11021882 27.97587481 -20.88117029 1.07593980e-02
84.94625449 28.07163279 -22.22566402 2.01511230e-01
84.83266652 28.11231296 -22.42731942 4.27763950e-01
83.82732727 28.52463768 -25.71349108 1.01614260e-01
84.71901899 28.15295852 -22.64845736 5.76162800e-01
83.96972132 28.37050759 -22.33998940 2.84011340e-01
85.05990512 28.03118762 -22.02896821 4.91231280e-02
85.08136826 27.91094301 -18.08947888 3.97270940e-03
84.49118691 28.23334941 -23.11278954 6.11326220e-01
84.62860639 28.07397891 -18.62669065 1.40244170e-01
84.40440330 28.33701150 -25.22434189 2.21135880e-01
84.54277397 28.17837224 -21.77811999 6.70559170e-01
84.48402595 28.34650100 -25.74280403 2.66759590e-01
84.60521596 28.19335728 -22.88533992 7.31212580e-01
84.17457289 28.41416236 -25.55522413 7.81751630e-02
84.32193955 28.14445371 -17.15609173 1.04642480e-01
84.36947182 28.38571643 -25.89194691 1.67808990e-01
84.42881685 28.21811930 -21.95007654 6.43083210e-01
84.51886505 28.29753745 -25.01152395 3.48805760e-01
84.52871439 28.40485038 -26.89570369 2.45238840e-01
84.18449233 28.52091015 -27.13164224 5.92436200e-02
84.25462269 28.42434952 -26.02760591 9.48671350e-02
83.62170497 28.47677164 -22.11283000 4.44711730e-01
83.67548240 28.60718456 -26.23148391 1.81561350e-01
84.05916405 28.45171918 -25.62725718 7.25744420e-02
84.14730739 28.34981605 -23.65731627 1.47822910e-01
83.47713492 28.62853696 -25.69757703 5.01326810e-01
83.55869264 28.64161436 -26.21393400 3.43384470e-01
84.02395842 28.49962812 -26.16276426 6.32053010e-02
84.08501944 28.33351053 -22.30608403 2.68553760e-01
83.90812637 28.53620222 -26.20210462 7.96260690e-02
83.91634891 28.42390632 -23.75626390 1.47851810e-01
83.86222266 28.29443124 -17.14824985 8.10270230e-02
83.73805454 28.44213508 -22.25196570 3.98278300e-01
84.03200375 28.38724002 -23.72642040 1.31850190e-01
84.05782536 28.26905529 -19.08001942 3.51115040e-01
83.38805803 28.54381153 -21.54791002 2.83608960e-01
83.63013979 28.36447987 -16.86271142 7.78437580e-02
83.47817819 28.44499898 -18.38301796 1.14431470e-01
83.50301629 28.29138407 -12.98924558 2.27801310e-03
83.50503082 28.51064727 -21.87452269 3.39187910e-01
83.56731766 28.52926542 -23.61923569 5.06278210e-01
84.19996260 28.29575576 -22.23725236 3.49646430e-01
84.54966764 28.06506341 -16.91149155 5.72429130e-02
84.31455526 28.25727164 -22.10550814 4.96366500e-01
84.37688110 28.27281417 -23.33034882 3.33778960e-01
84.51508260 28.11424378 -18.77240048 2.24219910e-01
84.08286919 28.11436732 -13.54442899 5.14043100e-03
84.65322178 27.91681484 -13.36335292 1.03355080e-03
84.43596298 28.10507026 -17.05096137 7.32843150e-02
84.42612153 27.99790985 -13.50531272 3.80362570e-03
84.50523888 28.00691395 -14.29547537 9.35049220e-03
84.39143084 28.04688573 -14.39988978 1.57259850e-02
84.45014905 27.87879351 -11.02993801 0.00000000e+00
84.17266819 28.23144194 -19.04729903 4.15226430e-01
84.31208094 28.03750384 -13.54855470 3.61838450e-03
84.09282768 28.22104322 -17.24129833 1.34765450e-01
84.28473900 27.97336433 -11.83359152 1.13959070e-04
83.94261572 28.30587781 -19.06633370 2.59490090e-01
83.93254640 28.19927350 -14.40508397 5.67581960e-02
83.82703256 28.34187128 -18.98411051 1.67731650e-01
83.81685669 28.23526281 -14.30421173 4.51014180e-02
83.58435510 28.30464472 -14.00436706 1.66725710e-02
83.51357007 28.39825968 -16.67909147 5.26632210e-02
83.76292361 28.10540932 -10.67148830 2.78078670e-04
83.61974257 28.25775138 -13.13074223 1.07283220e-02
83.38595499 28.32419338 -12.82496190 0.00000000e+00
83.46757129 28.33806075 -13.86249090 3.01360560e-03
84.10836826 27.99604815 -10.92510389 0.00000000e+00
84.16275280 28.12469482 -14.48615285 2.37266640e-02
83.96767372 28.15153860 -13.48877633 1.48577000e-02
84.04784297 28.16240414 -14.47167136 3.57730820e-02
83.64697151 28.14001204 -10.56373736 2.16134360e-04
84.11600988 27.88350321 -8.90828882 0.00000000e+00
83.59286120 28.19241330 -11.34933543 1.33248400e-03
83.88649109 27.95758907 -8.77708379 0.00000000e+00
83.87848363 28.06988684 -10.76174061 3.40030240e-04
84.19543213 27.89357277 -9.54143890 0.00000000e+00
83.41393023 28.20644671 -10.31458180 0.00000000e+00
83.53905042 28.06140147 -8.49004302 0.00000000e+00
84.51220595 27.89358990 -11.82808310 1.31970700e-04
84.75094417 27.58329008 -7.45488545 0.00000000e+00
84.73840047 27.81137852 -11.71638594 2.05622870e-04
84.87313363 27.64945705 -9.34868060 0.00000000e+00
84.67620895 27.79706527 -10.96341601 1.19038780e-04
84.79498124 27.64134508 -8.75207122 0.00000000e+00
84.53982030 27.95764318 -13.43159764 5.09985960e-03
84.56333152 27.83821586 -11.01241074 0.00000000e+00
84.61874095 27.96635684 -14.19176504 7.00916430e-03
84.62543497 27.85272358 -11.78751317 1.16221960e-04
84.90135805 27.71374078 -10.78663648 0.00000000e+00
84.76639038 27.87557359 -13.27665767 9.57450410e-04
84.19766902 28.07634229 -13.55977506 3.17725430e-03
84.27727675 28.08616966 -14.46175014 1.41114870e-02
84.96391373 27.72807253 -11.50959702 1.06892140e-04
84.87941669 27.83411946 -13.17077233 9.63933210e-04
85.10557176 27.75172214 -12.92931842 7.62369650e-04
85.35353227 27.55243318 -10.30153463 0.00000000e+00
85.21907954 27.71162278 -12.80863804 4.96746730e-04
85.29852211 27.72240399 -13.52789925 7.40828120e-04
85.68161555 27.57382683 -12.61814834 1.67708270e-04
86.00357762 27.55429231 -13.91318269 8.56384540e-03
86.00855356 27.44174326 -11.44116448 4.79886460e-03
86.12450582 27.54104797 -14.42661012 1.34310040e-02
85.80022003 27.54877759 -12.72335186 1.43645530e-03
85.88331241 27.57167937 -13.66533497 4.88045630e-03
86.49387409 27.41005463 -12.95305581 8.75977510e-02
86.04049606 27.51261995 -13.17804690 9.65082490e-03
85.93995055 27.41316702 -10.46998877 1.59863090e-03
85.78890196 27.36251339 -8.62305998 6.50875800e-05
86.54999310 27.26444190 -9.76576509 1.16614390e-01
86.14914716 27.31711210 -9.30421506 6.01373910e-03
85.88825447 27.45817379 -11.20436625 1.05972460e-03
86.06530210 27.28714749 -8.25011933 2.06487330e-03
85.70167978 27.45563767 -10.18623429 3.87831250e-05
85.82516684 27.31840617 -7.84049850 7.65047440e-05
85.55382251 27.41641263 -8.58832161 0.00000000e+00
85.47317984 27.40132998 -7.86285175 0.00000000e+00
85.21050747 27.52543803 -8.93730496 0.00000000e+00
85.18987917 27.64613454 -11.26132065 0.00000000e+00
85.13186884 27.51583359 -8.31470014 0.00000000e+00
85.07673936 27.68671096 -11.38789230 0.00000000e+00
84.98536745 27.60753692 -9.22341649 0.00000000e+00
85.01386755 27.67207993 -10.67313052 0.00000000e+00
84.64841755 27.73304883 -9.53059691 0.00000000e+00
84.76086159 27.69138958 -9.45462567 0.00000000e+00
85.09774647 27.56602226 -9.08463149 0.00000000e+00
85.43270030 27.22363295 -4.47463383 2.91398110e-05
85.24478375 27.47553936 -8.15100289 0.00000000e+00
85.34809116 27.32668192 -5.72719501 3.01085500e-05
85.35845966 27.43709534 -7.99447580 0.00000000e+00
85.42788049 27.33914577 -6.37887525 0.00000000e+00
85.70652553 27.34132199 -7.76720230 0.00000000e+00
85.57877988 27.25811393 -5.51625345 2.81401760e-05
85.77864172 27.25141665 -6.24581541 0.00000000e+00
85.69620115 27.23020071 -5.48587908 2.77234980e-05
85.82028236 27.43197701 -10.28492253 2.10168060e-04
85.90823381 27.34286737 -8.76798357 2.90970930e-04
85.93477625 27.18966904 -5.61348969 0.00000000e+00
85.94486073 27.30048138 -8.00160171 3.03447280e-04
85.89809993 27.23195547 -6.34462160 0.00000000e+00
85.90300953 27.11866891 -4.36019853 2.69820360e-05
86.75052956 27.08432237 -6.25016944 1.73108870e-01
86.05535989 27.17673696 -5.77271631 4.43258730e-04
85.66034853 27.27599918 -6.22470448 2.78844060e-05
85.71612583 27.11231391 -3.88544973 2.75205760e-05
85.23448539 27.36554821 -5.91765288 0.00000000e+00
85.31357118 27.37615510 -6.53468994 0.00000000e+00
85.01942285 27.55725501 -8.47434076 0.00000000e+00
85.12166150 27.40629538 -6.14012994 0.00000000e+00
85.00931406 27.44817580 -6.35628266 0.00000000e+00
85.08757028 27.45663640 -6.93483354 0.00000000e+00
84.35809919 27.57959729 -5.30096230 0.00000000e+00
84.53261867 27.55323310 -5.74959728 0.00000000e+00
84.30924991 27.85458563 -9.58101802 0.00000000e+00
84.41283297 27.70760802 -7.71660663 0.00000000e+00
84.10607823 27.77679864 -7.13562223 0.00000000e+00
83.96653509 27.96885971 -9.40416746 0.00000000e+00
84.56018341 27.61718621 -6.99499863 0.00000000e+00
84.57002696 27.72471563 -8.91953552 0.00000000e+00
83.76087021 27.88657218 -6.98425002 0.00000000e+00
83.73594764 28.04035998 -9.22987599 0.00000000e+00
84.33661318 27.91867910 -11.02290379 0.00000000e+00
84.42266622 27.81477814 -9.59387615 0.00000000e+00
84.08119436 27.93167380 -9.47896571 0.00000000e+00
84.00146538 27.92102353 -8.85081863 0.00000000e+00
83.53062913 28.17367047 -10.44460437 0.00000000e+00
83.65527161 28.02777963 -8.59825236 0.00000000e+00
83.62003953 28.07466362 -9.12977807 0.00000000e+00
83.84941993 27.78631183 -5.92462440 0.00000000e+00
83.50374060 28.10801088 -9.01927124 0.00000000e+00
83.60964381 27.96796204 -7.43145990 0.00000000e+00
83.85144861 28.00508758 -9.31769733 0.00000000e+00
83.95649881 27.86225556 -7.67475110 0.00000000e+00
83.77108777 27.99317142 -8.69171222 0.00000000e+00
83.87638793 27.85100483 -7.05961053 0.00000000e+00
83.52855034 27.95461483 -6.78954101 0.00000000e+00
83.37635189 28.03340219 -7.18553860 0.00000000e+00
84.07124010 27.82500097 -7.71317921 0.00000000e+00
84.19304919 27.67406805 -5.97073925 0.00000000e+00
83.41178191 27.98710928 -6.66169314 0.00000000e+00
83.49318932 28.00117017 -7.31659842 0.00000000e+00
83.73395748 27.82163055 -5.86540105 0.00000000e+00
83.84131080 27.89850204 -7.60859439 0.00000000e+00
83.64492172 27.92111402 -6.89812562 0.00000000e+00
83.72568995 27.93374293 -7.52675431 0.00000000e+00
83.96442443 27.74992611 -5.96234767 0.00000000e+00
83.87548047 27.66840904 -4.44657665 0.00000000e+00
83.78742035 27.76887112 -5.35475929 0.00000000e+00
83.91035727 27.62078724 -4.05790215 0.00000000e+00
83.90248805 27.73308866 -5.39432406 0.00000000e+00
84.02476801 27.58377582 -4.05348558 0.00000000e+00
84.22024759 27.73821707 -7.14164109 0.00000000e+00
84.29939830 27.74762992 -7.73667241 0.00000000e+00
84.44727551 27.65833271 -7.07853453 0.00000000e+00
84.52586920 27.66679526 -7.66107391 0.00000000e+00
84.07896815 27.71250163 -5.97881396 0.00000000e+00
84.33077695 27.51560429 -4.26059937 0.00000000e+00
84.24488890 27.61944347 -5.37306969 0.00000000e+00
84.36510043 27.46644650 -3.69530475 0.00000000e+00
84.58324772 27.49737018 -5.06814408 0.00000000e+00
85.25977998 27.12930342 -2.88804631 3.15254720e-04
84.01481699 27.47729620 -1.21543218 2.11307600e-02
83.99001927 27.63177445 -4.45423193 0.00000000e+00
83.52906666 27.77167450 -4.31090032 0.00000000e+00
83.43956340 27.86977899 -5.13075839 0.00000000e+00
83.56427902 27.72513193 -3.95034919 0.00000000e+00
83.55594437 27.83721912 -5.22405254 0.00000000e+00
84.01708753 27.69623002 -5.41093004 0.00000000e+00
84.10408216 27.59407391 -4.44050458 0.00000000e+00
83.32049913 27.68206435 -1.15069033 1.31372650e-02
83.33133618 27.78908858 -3.81172396 0.00000000e+00
83.40203466 27.69700241 -2.32550050 0.00000000e+00
83.44801187 27.75764989 -3.88180538 0.00000000e+00
83.75024628 27.59741156 -2.43001680 0.00000000e+00
83.68009890 27.69147133 -4.00365286 0.00000000e+00
83.51855452 27.66496049 -2.37056392 0.00000000e+00
83.66978575 27.58497182 -1.21015700 5.18275190e-04
83.43736463 27.65085569 -1.17481017 5.37411160e-05
83.78529222 27.55025433 -1.21985980 6.04102550e-04
84.35531616 27.35950365 -1.02109825 3.05238000e-02
84.54585817 27.32600021 -1.78396290 6.08865800e-03
84.09417154 27.48745174 -2.39356576 0.00000000e+00
84.12882321 27.43911112 -1.17813358 2.85915590e-02
84.57991042 27.27607357 -0.86955612 1.17879180e-01
84.43363409 27.36776703 -1.93550504 5.63833220e-03
84.20781412 27.44857271 -2.30583314 0.00000000e+00
84.13869353 27.54568796 -4.00244857 0.00000000e+00
84.24231843 27.39982484 -1.12769956 2.71428390e-02
84.25213393 27.50655908 -3.89222602 0.00000000e+00
84.46783453 27.31821831 -0.91440678 1.12043330e-01
84.47761489 27.42542633 -3.44070556 0.00000000e+00
85.10334328 27.11089754 -1.85876083 1.01848990e-03
84.89054699 27.30570947 -3.78029078 0.00000000e+00
85.44220517 26.99277382 -1.31441445 1.65770570e-03
85.48752189 27.05544041 -2.50052559 2.98391730e-04
85.32819150 27.02955472 -1.43252348 2.55419150e-03
85.33861632 27.14014764 -3.24581025 2.95904750e-05
85.36251559 26.97986127 -0.68049186 2.98230960e-02
85.02556015 27.10286500 -0.99378507 1.98439350e-02
85.13714507 27.06015440 -0.86497576 2.17795540e-02
84.77913178 27.34864653 -3.74697799 0.00000000e+00
85.67467385 26.93198447 -1.21746269 5.01091090e-04
85.94946731 26.85160188 -0.62492858 1.61256270e-03
85.72092505 26.99813376 -2.36464974 1.19049880e-04
85.55766097 26.95993170 -1.24893900 1.32422070e-03
85.47698392 26.94416084 -0.63392259 1.55656980e-02
85.82950102 26.86634353 -0.60426408 4.94325310e-03
85.80337833 27.02076330 -2.90446573 2.71528720e-05
85.79314239 26.90958534 -1.20671037 3.32944270e-04
85.71055397 26.88672010 -0.60244629 2.16332850e-02
86.04309018 26.99185127 -3.02496746 2.64159700e-05
85.95953502 26.96237649 -2.40895349 2.66240220e-05
85.59870776 27.13904970 -3.93231486 2.78967470e-05
85.68503960 27.04329612 -2.92064382 0.00000000e+00
85.03573915 27.21222075 -3.38721927 3.21207660e-05
84.98088488 27.38367279 -5.17936100 0.00000000e+00
84.91427074 27.14628383 -1.01942264 1.57921370e-02
84.64501744 27.51140679 -5.61806931 0.00000000e+00
84.99183965 27.15371778 -2.01320771 1.12308190e-03
84.70146737 27.34113373 -3.21667316 0.00000000e+00
84.88053753 27.19705120 -2.00743811 3.88298160e-03
84.80301618 27.18986599 -0.98801547 1.42216810e-02
84.69160791 27.23322380 -0.90561384 3.31991450e-02
84.66754593 27.39131994 -3.77062778 0.00000000e+00
84.80705564 27.41264000 -4.83799450 0.00000000e+00
84.81295872 27.29821068 -3.29349025 0.00000000e+00
84.75711845 27.46904114 -5.49325931 0.00000000e+00
84.67274818 27.57539231 -6.88030323 0.00000000e+00
84.86902513 27.42635990 -5.32745575 0.00000000e+00
84.78504362 27.53311885 -6.72971343 0.00000000e+00
84.91869680 27.36986163 -4.72323977 0.00000000e+00
84.92432150 27.25511253 -3.39985248 3.31026640e-05
85.03037493 27.32725266 -4.62240810 0.00000000e+00
85.00195411 27.26284818 -3.78584857 3.25366590e-05
85.14232506 27.28531300 -4.47269634 3.15404970e-05
85.11357512 27.22053066 -3.69184899 3.15550430e-05
85.22569026 27.17937487 -3.46006705 3.05729670e-05
85.14745902 27.17006010 -3.18281319 3.11384950e-05
85.37303135 27.09078026 -2.65526318 3.29434250e-04
85.36820624 27.20613896 -4.13583038 2.95743430e-05
86.44270185 26.94089770 -3.04072215 1.18565700e-01
86.31698489 27.05171062 -4.48200316 7.91150700e-03
86.19596376 27.05614536 -4.24686944 1.91467150e-03
86.28461099 26.97955495 -3.31898803 3.26178960e-03
86.92258970 27.04941611 -5.91447541 9.70176500e-01
86.54054201 27.15657292 -7.16892263 3.60279920e-01
87.04371918 27.04956821 -6.27950815 5.24281980e-01
86.74608470 27.19094158 -8.75100711 2.41058830e-02
87.16484771 27.04921628 -6.61758940 5.12790880e-02
86.78347853 27.15529468 -8.01720845 4.04268630e-02
87.59960558 27.07577881 -8.16454951 7.38473750e-04
87.02641830 27.15464729 -8.81491911 4.04703540e-01
87.72080644 27.07133467 -8.29010174 0.00000000e+00
87.11039458 27.18905730 -9.92511029 6.84807570e-01
87.04771253 26.94456943 -4.00733062 7.70955090e-03
86.99316025 27.08464086 -6.98442926 1.02237260e+00
87.28597017 27.04817715 -6.75257212 5.81301620e-03
87.23578505 27.08343307 -7.63012858 4.81331750e-02
86.91749442 26.83829940 -1.05335976 5.38242810e-02
86.68470584 26.94166083 -3.54186519 5.65799980e-01
86.87184472 27.08454927 -6.61250462 4.44802450e-01
87.01041065 26.97942285 -4.64028564 1.03172800e-01
86.80146117 27.04898898 -5.58632610 4.50442290e-01
86.92670730 26.94383699 -3.82040891 1.63743360e-01
86.40555474 26.97734527 -3.51320020 4.22991720e-02
86.32171191 26.94227207 -2.82166370 3.63354190e-03
86.56370431 26.94088863 -3.31283149 4.47608970e-01
86.55920533 27.04859145 -5.02353743 5.25417950e-01
86.20077704 26.94574623 -2.64537620 1.03048890e-04
86.03314064 26.88138644 -1.28604270 2.35771700e-04
86.27491287 26.87018919 -1.48693774 3.32470570e-04
86.19096642 26.83586726 -0.71131120 8.39349720e-04
86.15393089 26.87414152 -1.37242532 2.59460380e-05
86.31202043 26.83303004 -0.77562654 3.40935650e-02
86.07005409 26.84175278 -0.66111412 1.26321230e-03
86.43311784 26.83237870 -0.86224791 2.68144610e-02
86.63809824 26.86984373 -2.00588850 2.54896620e-01
87.00128491 26.87430502 -2.15009652 9.07588480e-04
87.03859507 26.83970691 -1.09673676 3.23017060e-02
87.12235729 26.87510615 -2.21795705 2.55664270e-04
87.15970340 26.84049258 -1.12122029 5.65838600e-03
86.80570579 26.94276756 -3.69039420 6.24278000e-01
86.75915833 26.87137736 -2.06776579 1.02175130e-01
87.28972576 26.94415035 -4.17222467 6.80948850e-04
87.24343294 26.87517219 -2.23972759 0.00000000e+00
87.37332398 26.97777028 -5.02972329 5.74428540e-04
87.28081494 26.84047938 -1.11850730 3.36591440e-04
86.88021895 26.87297795 -2.09071712 5.21390840e-03
86.79640132 26.83651243 -1.03735736 3.71516750e-02
87.49426880 26.97550817 -5.10974144 0.00000000e+00
87.36450447 26.87436856 -2.24709031 0.00000000e+00
87.76507606 26.83017489 -0.99960311 2.87701000e-03
87.40192071 26.83951235 -1.12858301 0.00000000e+00
87.89435540 26.92673110 -3.94217434 0.00000000e+00
88.12774786 26.81156430 -1.01486400 8.15116910e-03
87.72757579 26.86572929 -2.03293895 0.00000000e+00
87.52300900 26.83750597 -1.09317593 4.96682130e-05
87.64406532 26.83439767 -1.03333584 1.89078880e-03
87.88603061 26.82490346 -1.05336756 5.63222820e-03
88.49773235 26.88911186 -4.04904324 5.26405920e-03
87.96938172 26.85472966 -2.16148285 2.51319810e-03
88.09019008 26.84786803 -2.12297929 5.66356960e-03
88.45232583 26.82412071 -2.01694572 5.12246380e-03
88.24851937 26.80385499 -0.97340363 7.02471570e-03
88.36924999 26.79574520 -0.99389777 5.23554610e-03
88.13584078 26.91314564 -4.15500977 9.10649820e-04
88.33164679 26.83233445 -1.96730140 6.28745080e-03
88.09831818 26.94951089 -5.19667658 0.00000000e+00
88.21094127 26.84033571 -1.98826763 6.82171210e-03
88.57299950 26.81594851 -2.06231962 3.65229410e-03
88.48996063 26.78750220 -1.02304795 3.92809980e-02
88.21895915 26.94190717 -5.02377451 5.89116120e-04
88.32597779 27.03690665 -8.56148879 0.00000000e+00
88.00692085 26.81864536 -1.10811529 7.97398090e-03
88.01512809 26.92031761 -4.21801366 0.00000000e+00
87.85686745 26.96268923 -4.80385761 0.00000000e+00
87.65263015 26.93675223 -4.13102918 0.00000000e+00
87.41072029 26.94268133 -4.22580922 6.56316760e-05
87.60658945 26.86969587 -2.12651176 0.00000000e+00
87.47836077 27.07924801 -7.98689273 1.56921170e-03
87.73605150 26.96796117 -4.95290408 0.00000000e+00
87.40707839 27.04631219 -6.87856165 1.42901590e-03
87.53169266 26.94023387 -4.22419845 0.00000000e+00
87.64920861 27.03976560 -7.12823878 0.00000000e+00
87.15683860 27.25833646 -11.74586436 2.09590340e-01
87.77020773 27.03501957 -7.08387072 0.00000000e+00
87.51219654 27.14717315 -9.92782221 8.01733750e-03
87.61518199 26.97224538 -5.10013286 0.00000000e+00
87.52816187 27.04352904 -7.02198659 6.69475270e-04
87.84195420 27.06594515 -8.29511792 0.00000000e+00
87.59597400 27.17888833 -10.93308132 8.62461200e-03
88.20504359 27.04495065 -8.61038773 0.00000000e+00
87.60451954 27.28162290 -13.42037223 3.42739280e-02
88.25650168 26.90540099 -3.96514767 3.21595770e-03
88.13285604 27.01551089 -7.37384192 0.00000000e+00
88.33955869 26.93389218 -4.94521220 2.68700880e-03
88.25363004 27.00770854 -7.30198714 0.00000000e+00
88.61582448 26.98338256 -7.37756349 6.69746500e-03
88.85736284 26.96865126 -7.49222289 4.50224100e-02
88.36073878 27.10261406 -10.60966838 1.16167850e-04
88.68613042 27.11517182 -11.25349465 8.32971240e-02
88.56780130 27.02059968 -8.58750360 4.23781620e-03
88.56508057 27.12293296 -11.29185341 1.93937550e-02
88.49509486 26.99140803 -7.31075586 1.56613870e-03
88.48180174 27.09442793 -10.58624579 3.87980480e-03
88.44404807 27.13101440 -11.32757561 3.58495610e-03
87.88446759 27.23455288 -12.84038366 2.23397650e-03
88.57277213 27.22455979 -13.42214377 6.76124360e-02
88.80721050 27.10790753 -11.22062017 7.99268030e-02
88.60286988 27.08641044 -10.55254582 3.18516520e-02
88.36859699 27.20418163 -12.80340852 4.34430670e-03
88.32301595 27.13920722 -11.35611466 1.63296570e-04
88.00557033 27.22772380 -12.87723835 1.05151930e-03
87.75985201 27.34348775 -16.30844749 3.32928040e-02
88.33090039 27.24077717 -13.54327342 5.45722430e-03
88.08897000 27.25671577 -13.62904136 1.81475070e-03
87.63357439 27.14321676 -10.13471476 1.41767040e-03
88.20196491 27.14728059 -11.36981932 0.00000000e+00
88.11855309 27.11858333 -10.59157473 0.00000000e+00
88.08087671 27.15500365 -11.35288935 0.00000000e+00
87.71728323 27.17419026 -11.10079773 1.44811300e-03
87.87618057 27.13253834 -10.41301392 3.95794740e-05
87.89115091 27.02933574 -7.02001911 0.00000000e+00
87.99739578 27.12591151 -10.52209368 0.00000000e+00
88.08406935 27.05260484 -8.60154525 0.00000000e+00
87.95973779 27.16217191 -11.29530670 1.52957270e-04
87.96304212 27.05966487 -8.36470210 0.00000000e+00
87.35708347 27.08177417 -7.76961600 6.75538610e-03
87.14788392 27.15382193 -9.17498219 1.10483440e+00
87.47462013 27.18266733 -10.74094218 1.84707560e-02
87.23182071 27.18765708 -10.25214553 1.02814140e+00
86.86752318 27.19046575 -9.16720720 3.04463190e-02
86.79273079 27.26174178 -10.62432765 6.70933400e-02
86.62921471 27.08429400 -5.90716149 2.34590210e-01
86.42864963 27.26704216 -9.34617703 8.21828430e-01
86.43808260 27.04943442 -4.74374527 4.32838100e-01
86.26047730 27.20007115 -7.10259762 8.80758720e-03
86.50790246 27.08485801 -5.55460553 7.36182440e-01
86.30736314 27.27121627 -8.94338270 1.32664850e-01
86.26535498 27.08993774 -4.90091772 4.61733000e-03
86.17640125 27.16778111 -6.02227302 3.24061740e-03
86.62464754 27.19168331 -8.32427068 6.56908320e-02
86.41909121 27.15846288 -6.75314672 8.33472080e-01
86.50321783 27.19308704 -7.89598519 4.59019370e-01
86.18620486 27.27766186 -8.57075631 6.91942080e-03
86.38181340 27.19566720 -7.48542172 7.22246530e-01
86.29768787 27.16195660 -6.36641345 1.00446500e-02
86.91410400 27.26082382 -11.02900892 5.35467200e-02
86.98896063 27.18992703 -9.55880735 8.18461850e-02
87.27819061 27.25634850 -12.04470617 1.24107060e+00
87.26934091 27.15239119 -9.44957241 3.29244290e-01
87.64209047 27.24582899 -12.66152178 1.60945770e-02
87.75490492 27.13832513 -10.29249545 8.03021530e-04
87.76330630 27.24060741 -12.77187158 7.13127090e-03
87.83853967 27.16859952 -11.20416043 7.90301420e-04
87.35323222 27.18556522 -10.49346699 1.52879380e-01
87.24069813 27.29179249 -12.78829690 5.22191340e-01
87.27429423 27.36065379 -15.36299089 1.10066410e-01
87.36200181 27.28917791 -13.04934831 1.20056020e+00
86.98055014 27.40105738 -15.22611963 2.19533130e-01
87.11937648 27.29376577 -12.48209833 5.84399790e-02
86.90985730 27.36680612 -13.74086775 2.27002330e-01
86.99804393 27.29525511 -12.13457358 7.46865700e-02
86.42394885 27.37605882 -11.86606530 4.79165060e-01
86.63402816 27.29907214 -10.91365602 6.14622960e-02
86.37227026 27.41437669 -12.52559718 1.04324340e+00
86.51270251 27.30119274 -10.48368194 1.65571460e-01
86.30257228 27.38111899 -11.45125840 6.58753740e-01
86.39140956 27.30447674 -10.06795385 1.10301610e+00
86.12947616 27.42948464 -11.75216746 1.32066600e-02
86.27019522 27.30954493 -9.66715538 4.70917260e-02
86.40476514 27.48581549 -15.03982195 3.05020220e-01
86.66687515 27.37021837 -12.72385047 1.38756620e-01
86.25077043 27.42061517 -12.11934991 1.20155620e-01
86.16162996 27.50075046 -13.70646633 1.67193460e-02
86.52652311 27.48132942 -15.75556701 1.76623680e-01
86.73263574 27.51183014 -18.46532296 1.06677070e-01
86.78836492 27.36839590 -13.14848723 2.06721220e-01
86.64832600 27.47801113 -16.26565694 1.72693340e-01
87.50094321 27.45759709 -20.57918206 3.37486470e-01
87.88112339 27.33721725 -16.35865112 2.14697660e-02
86.85887362 27.40287547 -14.41950026 2.24104690e-01
86.77014750 27.47537762 -16.67659661 1.50425470e-01
87.62264967 27.45265481 -20.86485157 1.24624710e+00
87.86591426 27.44051558 -21.05611911 2.15044250e-01
87.94968067 27.46983333 -21.86685406 1.53754800e-01
88.00233835 27.33023024 -16.37137262 1.55867600e-02
87.82814799 27.47679940 -21.80633578 7.38634810e-01
87.95312548 27.36726496 -18.33944607 2.89072640e-02
88.19581373 27.35197440 -18.31288722 2.45718890e-02
88.10896873 27.42576940 -21.10187680 6.88777400e-02
88.12350104 27.32265438 -16.35223232 1.69783770e-02
88.45183434 27.23259214 -13.48214020 9.94160570e-03
87.83170473 27.37404607 -18.30494859 4.64480070e-02
87.96794129 27.26404356 -13.63116881 3.17305820e-03
87.71022889 27.38010341 -18.23141437 2.77542370e-01
87.84685621 27.27069561 -13.59979253 7.93536770e-03
87.63852689 27.34898025 -16.21604639 1.77063740e-01
87.72571425 27.27657453 -13.53422907 1.46856140e-02
88.24462225 27.31466913 -16.30802555 1.62481360e-02
88.48956258 27.19601805 -12.75275358 1.11115190e-02
88.31710351 27.34381963 -18.26436790 4.10872380e-02
88.61053650 27.18806115 -12.70257343 8.73701610e-02
88.55965854 27.32754288 -18.13590934 1.42079380e-01
88.69372960 27.21687751 -13.36693987 1.12390910e-01
88.48680521 27.29830802 -16.17752384 8.52777140e-02
88.73153433 27.18051066 -12.65716868 9.66829490e-02
88.85018156 27.27586346 -15.97702398 2.59263460e-02
88.55681756 27.42986688 -21.73154291 7.61556110e-02
88.43837899 27.33560310 -18.20190594 1.08797580e-01
88.43541250 27.43791489 -21.79503112 1.87163630e-01
88.83770651 27.37881879 -20.76772462 3.18952370e-02
88.71620812 27.38582341 -20.84740559 4.63363260e-02
88.36571745 27.30647914 -16.24638721 2.37618930e-02
88.35187012 27.40952678 -21.03640820 1.47272190e-01
89.16647276 27.29452167 -17.69131674 3.21026490e-02
89.08080183 27.36658093 -20.53608517 2.88296550e-02
89.04504940 27.29999612 -17.76915696 3.43964060e-02
88.79970034 27.41501505 -21.59686396 2.71496120e-02
88.97137126 27.26947960 -15.89098107 2.43047660e-02
88.92365273 27.30601910 -17.88391522 3.61615830e-02
89.57762918 27.24432354 -15.80485798 1.04558690e-01
89.16426521 27.39700905 -21.35868050 1.83792070e-02
88.80228792 27.31263126 -17.99486056 3.86425640e-02
89.04947102 27.09512255 -11.18290668 3.26971880e-02
88.72902566 27.28283916 -16.04802460 4.62431830e-02
88.81471827 27.20970804 -13.32041683 5.40764880e-02
89.21584207 27.15590801 -12.56806790 3.11557590e-02
89.09259102 27.26367383 -15.82837058 2.08364240e-02
89.70039991 27.13717035 -12.65486820 1.03289440e-01
89.33509422 27.25348883 -15.77903791 1.63755900e-02
89.45811898 27.14630074 -12.59636481 1.41403310e-01
89.28791522 27.28949567 -17.64936746 3.06081830e-02
89.66230429 27.17279639 -13.30117728 1.23466060e-01
89.40936825 27.28477808 -17.63909522 2.45660740e-02
89.82014062 27.23507713 -15.87588600 1.45086050e-01
89.65057403 27.37830544 -21.30314762 8.68512180e-02
89.45636134 27.24884800 -15.78403007 2.85251310e-02
89.32399272 27.35637534 -20.40771989 3.27394010e-02
89.65227731 27.27570936 -17.68912318 1.03722630e-01
89.56721728 27.34722714 -20.40421885 3.69020890e-02
89.53082456 27.28022986 -17.65301870 2.96468400e-02
89.40741320 27.38732645 -21.29202677 3.13797110e-02
89.93199757 27.33311244 -20.53743298 3.51437150e-01
90.18377024 27.21933690 -16.00962678 2.35639010e-01
90.13673548 27.35832301 -21.44026197 2.84764470e-01
90.42683971 27.10467138 -12.87282841 2.81529690e-01
90.05355381 27.32789379 -20.59733978 3.00093160e-01
90.01655443 27.26112971 -17.85801989 2.88183850e-01
90.41807159 27.31027885 -20.76347927 3.23176650e-01
90.66882926 27.09205352 -12.92580019 3.48158980e-01
90.62253182 27.33372906 -21.56038759 4.80821620e-01
90.74453858 27.22486242 -18.08215665 5.41078150e-01
90.98719725 27.21363132 -18.10296656 4.92466030e-01
90.78244217 27.29129311 -20.81152141 6.78833160e-01
91.63784339 27.18004148 -16.21554876 7.57759000e-01
90.91055244 27.18271349 -16.14060967 3.95918090e-01
91.39530180 27.06946536 -12.99441976 2.68606400e-01
91.63215936 26.97552777 -10.96959252 4.14258200e-01
91.26859555 27.27427709 -20.83686539 6.10738740e-01
91.51674304 27.17427011 -16.20410621 6.35135150e-01
91.23002281 27.20652303 -18.11819139 5.54653320e-01
91.75294512 26.98495998 -10.89888417 6.07911930e-01
91.14699127 27.27657978 -20.83344170 6.05024050e-01
91.39549635 27.17172734 -16.18956494 5.11322050e-01
90.38062801 27.24382115 -18.02926769 3.65317060e-01
90.66829945 27.19460783 -16.11246434 3.93412420e-01
90.50110973 27.34013776 -21.54448106 3.62302630e-01
90.54718819 27.20095829 -16.09566451 4.20786140e-01
90.17508520 27.32233767 -20.65931423 2.67765450e-01
90.30493111 27.21344653 -16.05076943 2.83093610e-01
89.77372005 27.27108319 -17.73702552 2.22731200e-01
89.89514736 27.26624896 -17.79652818 2.63455170e-01
90.42606861 27.20728797 -16.07743454 3.61723000e-01
90.50194008 27.23752545 -18.05299895 4.49930750e-01
90.50956166 27.13456425 -13.50966312 2.92232750e-01
90.74551608 27.01979292 -11.71841971 4.44302760e-01
90.13793762 27.25568139 -17.92287847 2.86950590e-01
90.25929524 27.24990025 -17.98402381 2.97669880e-01
91.03172606 27.17776747 -16.15275133 3.85020120e-01
91.03189493 27.07533321 -12.97629607 4.06395290e-01
91.10858681 27.20936661 -18.11059966 4.93254870e-01
91.15299443 27.07157349 -12.98683375 3.66122560e-01
90.90500990 26.97801665 -11.13211300 5.39345070e-01
91.11451401 27.10676596 -13.59856830 3.76687690e-01
91.27421132 27.17178799 -16.17685449 3.81523150e-01
91.35149103 27.20562269 -18.12252928 6.40158850e-01
91.59357726 27.00734325 -11.65144437 3.60913810e-01
91.59885511 27.10973091 -13.63979452 5.19528760e-01
91.27413872 27.06945860 -12.98929149 3.12124500e-01
91.35674004 27.10330918 -13.62131915 2.65797870e-01
91.23003717 27.00178777 -11.74647494 3.95193640e-01
90.99346285 27.11094014 -13.58481337 3.91663170e-01
90.98769382 27.00871651 -11.74938019 4.67696850e-01
90.91084175 27.08023732 -12.96423387 4.15820080e-01
90.50339882 27.03232106 -11.65758441 3.62344580e-01
91.10905541 26.90213096 -9.16885122 6.47786830e-01
90.38859092 27.14083068 -13.48326539 2.86975970e-01
90.66279980 26.98982605 -11.08781451 4.49087100e-01
90.30582389 27.11081266 -12.83927468 2.67052650e-01
90.38232904 27.03857260 -11.61847444 3.61048960e-01
90.02554761 27.15814417 -13.39247331 1.33087640e-01
90.17835832 27.01441128 -10.91164119 3.77668880e-01
90.26760073 27.14689812 -13.45494558 2.37857680e-01
90.26123987 27.04462474 -11.57376745 3.30451010e-01
89.57926237 27.14174605 -12.62382478 1.32202800e-01
89.69357963 27.03488199 -10.69031519 8.26119100e-02
90.18478535 27.11669432 -12.80503469 2.25344290e-01
90.14012707 27.05039540 -11.52723753 2.96996740e-01
89.82152565 27.13245472 -12.69269024 7.85802360e-02
89.77664896 27.06584800 -11.37791606 8.24142590e-02
89.69889094 27.23977344 -15.83661107 1.78039100e-01
89.78340242 27.16814445 -13.32916246 9.10744930e-02
90.14658665 27.15268223 -13.42646152 1.93126400e-01
90.06372194 27.12226251 -12.76768020 1.66390560e-01
89.21383478 27.25838423 -15.79185607 2.30683080e-02
89.33697651 27.15097479 -12.57835989 5.79611630e-02
89.42008389 27.18190521 -13.25724079 8.55226820e-02
89.45110533 27.04407201 -10.56176303 1.37521620e-01
89.54119601 27.17734045 -13.27499337 1.88977110e-01
89.53424923 27.07508599 -11.27512098 1.26196850e-01
89.29897474 27.18663163 -13.24509186 3.06175090e-02
89.41491225 26.97711982 -8.65350878 1.33376990e-01
88.85256495 27.17350229 -12.61890724 4.82829260e-02
88.93574108 27.20312171 -13.28258025 2.41925190e-02
88.97362909 27.16707992 -12.58820522 2.25581870e-02
89.05679531 27.19711897 -13.25581966 1.80968020e-02
88.84508245 27.07166853 -10.49147475 7.10898940e-02
89.17064446 27.08957409 -11.18393664 4.67554890e-02
89.17275633 26.98704926 -8.62788377 7.65623260e-02
88.96623861 27.06514680 -10.47449559 5.10529410e-02
89.21991186 26.95085790 -7.46690432 1.84605470e-01
89.08742579 27.05920940 -10.47186566 5.24809780e-02
89.22182887 26.84834909 -4.09364148 5.09216420e-01
88.97818356 26.96215476 -7.50887096 4.69977710e-02
89.34080465 26.94587168 -7.44520526 1.61595150e-01
89.20863809 27.05379885 -10.48312880 6.48877120e-02
89.29382870 26.98192639 -8.63650371 1.88779680e-01
89.30472405 26.87902162 -5.16547407 4.51487810e-01
89.32986726 27.04879800 -10.51488247 1.31110890e-01
89.41304142 27.07969238 -11.23183828 1.83998070e-01
89.65708428 26.96790700 -8.72497361 2.81492990e-01
89.57234508 27.03948058 -10.62840040 1.02954170e-01
89.81480297 27.03015544 -10.74576877 1.71031750e-01
89.89782911 27.06098419 -11.42671100 1.63130350e-01
89.94525943 26.92223932 -7.53556533 4.89172150e-01
89.82571329 26.82457968 -4.27262097 3.54680420e-01
90.02913498 26.85023071 -5.30661797 3.52472440e-01
89.94646399 26.81960315 -4.34255183 2.48027910e-01
89.66697000 26.86498220 -5.14675905 5.46094150e-01
89.81907466 26.72228908 -1.12138747 8.01924060e-03
89.77815936 26.96322701 -8.76821579 4.17632260e-01
89.78770801 26.86028385 -5.19465307 4.69428000e-01
89.18398742 26.88413397 -5.20377327 2.01297050e-01
88.93067864 26.99875949 -8.63518269 5.73488620e-02
89.10107183 26.85376777 -4.12232118 2.61095860e-01
88.80968594 27.00548230 -8.62762374 5.71841310e-02
88.85963933 26.86624721 -4.19649376 1.90929960e-02
88.73657675 26.97574276 -7.44588023 5.46556330e-02
89.06326988 26.88968979 -5.25153725 1.09012300e-01
88.73140439 26.77160564 -1.04070502 1.45019170e-01
88.85216969 26.76436933 -1.02908878 6.72397940e-01
88.69368787 26.80805975 -2.07997669 2.34939050e-03
89.17676567 26.78200162 -1.99964909 8.00926820e-01
88.98033988 26.85971274 -4.17085056 5.97650170e-02
89.09380180 26.75166502 -1.00000542 7.50011850e-01
88.93516174 26.79386060 -2.04162908 5.12930500e-01
88.81440728 26.80066936 -2.06979380 5.47520100e-02
89.21466125 26.74616482 -0.99964367 3.66743940e-01
89.05594928 26.78764633 -2.01254572 7.44504340e-01
89.57731544 26.73167025 -1.06399043 1.73786880e-03
89.53930466 26.76730563 -2.10103387 8.03957920e-03
89.33553849 26.74108714 -1.01269969 2.10982590e-01
89.69820036 26.72703779 -1.09480509 5.19815890e-03
89.78099683 26.75798464 -2.21619256 1.12649840e-02
89.29760263 26.77682224 -2.01234335 4.45834080e-01
90.14981631 26.84476653 -5.28996345 3.50997490e-01
90.30237729 26.70067557 -1.10349439 2.57055130e-02
89.34260231 26.84333153 -4.08418137 6.18469710e-01
89.41845120 26.77196500 -2.04974313 3.70459280e-01
90.63233483 26.82051276 -5.34717402 7.79301120e-01
90.75294532 26.81440801 -5.37401266 8.65517290e-01
90.50564269 26.72451542 -2.20012929 2.29543700e-01
90.30858526 26.80292270 -4.31023477 3.32690180e-01
90.54390095 26.68833363 -1.10001027 1.46924490e-01
91.23021286 26.69476248 -2.27495225 1.25645440e+00
90.86779954 26.70641599 -2.22450440 1.10002370e+00
90.78540259 26.67606657 -1.10840533 6.35485760e-01
90.66464843 26.68209424 -1.10301084 2.91421330e-01
90.74706912 26.71215263 -2.21141617 8.03143560e-01
90.26418061 26.73673730 -2.21458498 1.71906660e-02
90.42314716 26.69457904 -1.10011903 2.85927900e-02
91.14784511 26.66213284 -1.13349794 1.41610940e+00
91.02698886 26.66573191 -1.12443558 1.46851590e+00
91.51052643 26.66297419 -1.14465111 1.65653070e+00
91.11493188 26.79965479 -5.43570012 8.82763560e-01
91.26874186 26.66015259 -1.14145431 1.46037210e+00
91.27410037 26.76256187 -4.43552133 9.85816230e-01
91.35108859 26.69412860 -2.28900210 1.26659370e+00
90.99423032 26.80364037 -5.42084470 9.59243310e-01
91.10936563 26.69734804 -2.25793352 1.23370080e+00
90.91185369 26.77282002 -4.37300197 9.60264950e-01
90.98856035 26.70134471 -2.24053466 1.23257950e+00
91.38986176 26.96715992 -11.09230749 3.78071950e-01
91.15326347 26.86684580 -7.81521678 7.37735150e-01
90.79079402 26.88087054 -7.77547469 8.06329380e-01
90.87357207 26.80868045 -5.39739742 9.03169770e-01
90.54989505 26.79059063 -4.31678575 5.71299090e-01
90.62635493 26.71826571 -2.20302111 4.30390850e-01
90.51172673 26.82676151 -5.32055981 6.28842790e-01
90.18790152 26.80878113 -4.31560044 2.60689560e-01
90.42924787 26.79682587 -4.30739774 4.49237830e-01
90.38492074 26.73071859 -2.20361342 1.05206070e-01
90.30773294 26.90555163 -7.63084831 6.35674860e-01
90.39110919 26.83296823 -5.30292851 4.60690000e-01
90.18693226 26.91141949 -7.60218420 5.53126540e-01
90.27047391 26.83899833 -5.28915561 4.00102890e-01
90.38324315 26.93594825 -9.01838836 7.73142930e-01
90.29949614 27.00854397 -10.96340419 4.23887610e-01
90.50419492 26.92971339 -9.05781157 7.66545530e-01
90.42061142 27.00241809 -11.01212418 4.21184470e-01
90.62513587 26.92341654 -9.09653860 7.06128690e-01
90.62445721 27.02599990 -11.69024786 3.91794820e-01
90.54927482 26.89317683 -7.70451276 8.59604770e-01
90.54170952 26.99612946 -11.05227077 4.40315190e-01
91.02616128 26.97310711 -11.13873179 4.97821130e-01
91.23013284 26.89944940 -9.15264993 5.88518470e-01
91.14735853 26.96933147 -11.13612531 4.59416380e-01
91.27417145 26.86484024 -7.80926677 6.69362810e-01
91.35126319 27.00102012 -11.73255116 3.41179800e-01
91.51598185 26.86759275 -7.75957430 7.25338990e-01
91.26860048 26.96719295 -11.11663400 4.08899500e-01
91.35124042 26.89872156 -9.13300717 6.18623650e-01
91.47247283 27.00267591 -11.70617930 2.66180650e-01
91.63671614 26.87355122 -7.69240265 7.18395620e-01
91.51108376 26.96973019 -11.04172428 3.45187960e-01
91.83438648 26.92557239 -8.83302596 8.49636810e-01
91.95406882 26.94204259 -8.69769413 5.85887340e-01
91.83488775 27.02766731 -11.53351961 7.36035860e-01
92.07288034 26.96293946 -8.47478780 2.01567400e-01
91.59331850 26.90510140 -9.02397732 5.94406920e-01
92.22890154 27.06550849 -10.27094519 3.51260010e-01
91.99282380 27.01629661 -10.67186113 1.30971580e+00
92.34732400 26.99590818 -6.42698531 4.25718920e-01
92.30796516 27.12013796 -11.07083074 5.19423270e-01
92.75838868 27.27953715 -10.47502116 1.52759000e+00
92.90214919 27.20926838 -5.46382332 2.53884190e+00
92.19327618 26.88738985 -4.79899093 6.54987480e-01
91.99630510 26.91494097 -7.37201543 2.24056040e-01
92.68501538 27.11401326 -5.76650736 9.23099310e-01
92.64810854 27.03176881 -4.09820404 1.01617990e+00
92.79435665 27.16022123 -5.61436041 1.54786550e+00
92.68350614 27.01219311 -3.53988682 1.65074900e+00
92.11362515 26.83560349 -4.13927233 6.53815370e-01
92.07595772 26.86178623 -5.06119959 6.29218060e-01
91.75715179 26.88319486 -7.60946212 7.18910570e-01
91.63628906 26.77142116 -4.41049151 6.64797630e-01
91.47233156 26.90040419 -9.09546942 5.77523620e-01
91.59784820 26.80314656 -5.41135259 6.48478190e-01
91.39509673 26.86491350 -7.80062412 6.68749490e-01
91.47720297 26.79828092 -5.45170770 7.98859030e-01
91.83820627 26.82403973 -5.31365857 4.01546230e-01
91.71824216 26.81163850 -5.36209673 4.68994700e-01
91.75660114 26.78113874 -4.37848301 5.57929700e-01
91.87640936 26.79493168 -4.35604938 6.17991820e-01
92.07129901 26.75887454 -2.22283430 2.29508130e-01
91.59269528 26.70073451 -2.28665179 1.32320290e+00
91.75168077 26.67846283 -1.14022600 1.31047560e+00
91.83328316 26.72138363 -2.27887313 9.15326220e-01
91.95272498 26.73793044 -2.26168384 5.76150470e-01
92.34196035 26.79068842 -1.05355971 8.47102310e-01
92.41957702 26.84854138 -2.08662082 4.32398740e-01
92.53270684 26.88666690 -2.05009201 1.53644960e+00
92.67974838 26.90874488 -1.00033457 5.62526810e+00
92.89693906 27.00403136 -0.95160151 4.08838600e+00
92.10912854 26.73240973 -1.09979759 2.64833290e-01
92.18875305 26.78440108 -2.17530204 1.36325570e-01
91.99085624 26.70997150 -1.12303671 5.01657480e-01
91.99550156 26.81301617 -4.28340869 7.11257400e-01
92.23057570 26.86265227 -3.95805735 4.93848770e-01
92.30492009 26.81427975 -2.12906416 1.88729850e-01
92.56878918 26.86567979 -1.01703090 5.14202460e+00
92.57267018 26.96917030 -3.60874380 7.20229240e-01
93.10828579 27.10941082 -0.91238946 2.62392630e+00
92.97240478 27.27666634 -6.41283588 2.74733370e+00
92.96910234 27.07266871 -1.88171402 4.51170100e+00
92.97267641 27.17576413 -3.84884661 4.25349950e+00
92.86231434 27.02189604 -1.92688490 5.00087380e+00
92.90045397 27.10739198 -3.38719873 4.41639820e+00
92.75402029 26.97376594 -1.97561796 5.11664120e+00
92.75783406 27.07694345 -4.01210012 2.04950490e+00
93.00330886 27.05559567 -0.93011251 3.32504250e+00
92.78913038 26.95494192 -0.97528339 4.95343100e+00
93.21198476 27.16519651 -0.89535118 2.10383620e+00
93.41608544 27.28157664 -0.86392404 1.77793960e+00
93.28150444 27.23771331 -1.77496292 3.00544750e+00
93.58418898 27.41688454 -1.69038931 2.39360970e+00
93.68342500 27.47884959 -1.66934172 2.27089200e+00
93.78460666 27.64433611 -3.49943525 3.62244050e+00
93.97741700 27.66956405 -1.85061061 2.36260660e+00
93.81640556 27.63125408 -2.98270951 3.08211770e+00
94.00903930 27.65694068 -1.03621995 1.95313540e+00
94.01137025 27.75942609 -3.92284964 3.30947350e+00
93.38333010 27.29615011 -1.74353578 2.75335800e+00
93.31455671 27.22264357 -0.87961174 1.96930930e+00
93.91167295 27.59248293 -0.81439066 1.76541630e+00
93.88245170 27.70788604 -3.96826539 3.54461660e+00
93.91645227 27.79745012 -6.07343966 3.52339820e+00
93.61921236 27.50595166 -3.03710393 3.42870510e+00
93.61643645 27.40315050 -0.83954283 1.70023120e+00
93.48717441 27.45875245 -3.58906131 4.15049130e+00
93.51955365 27.44469377 -3.07154137 3.64022430e+00
93.38726773 27.50041433 -5.81622616 4.16290260e+00
93.18222778 27.38495754 -6.08667111 4.27108650e+00
93.28470773 27.34067450 -3.67560350 4.42940400e+00
93.11342742 27.31460333 -5.21861574 4.12548500e+00
93.18192037 27.28384745 -3.72614045 4.57385600e+00
92.86599904 27.12505060 -3.92484141 3.65722140e+00
92.79274987 27.05837889 -3.46486216 3.26543530e+00
93.07795223 27.22878419 -3.78255259 4.36977750e+00
93.00670051 27.15890574 -3.31864530 4.53603770e+00
93.58705333 27.51964462 -3.55433195 3.86655260e+00
93.52167602 27.54685759 -4.86872305 4.19308040e+00
93.38922558 27.60244045 -9.81319913 4.19704620e+00
93.48826828 27.56027850 -5.70410421 4.31301710e+00
93.68617073 27.58154659 -3.52452204 3.76181320e+00
93.58839274 27.62132766 -5.60637056 4.07193010e+00
93.71813604 27.56817866 -3.00760632 3.27906360e+00
93.68774880 27.68339370 -5.52502494 4.03261350e+00
93.91847173 27.89962722 -9.44512582 4.04232360e+00
93.98436110 27.97681506 -11.11019432 4.36476390e+00
93.97980460 27.77206610 -4.70198447 3.45929700e+00
93.91412063 27.69504213 -3.45128429 3.22576720e+00
94.01598844 27.96425861 -10.17817178 4.10909520e+00
93.59047823 27.72345894 -9.68784429 4.26470770e+00
93.72036947 27.67045997 -4.75727560 3.94924120e+00
93.72192911 27.77229058 -7.95238609 3.69987850e+00
93.78641676 27.74635400 -5.88900611 3.77307270e+00
93.52274994 27.64836822 -8.10854425 3.92501410e+00
93.49343514 27.76508138 -14.15727372 4.72358030e+00
93.62271240 27.70983981 -8.02105176 3.79917950e+00
93.52583979 27.75108033 -12.74992182 5.45086950e+00
94.01844478 28.06673265 -13.41981420 4.95068100e+00
93.82048172 27.83559895 -8.33024640 3.64631710e+00
93.82319336 27.93817096 -12.78367489 4.91627840e+00
93.52806530 27.85323085 -16.96385304 5.79357260e+00
92.87037722 27.53137868 -18.18632379 2.35465450e+00
93.29123585 27.74790299 -18.30327604 3.82828550e+00
92.79910744 27.46568976 -16.56485059 2.64111100e+00
93.08336377 27.53453479 -14.01680035 4.26579190e+00
93.18404071 27.48689244 -9.97546352 3.51294450e+00
93.42194823 27.58802200 -8.21430810 3.91804080e+00
93.42516458 27.69077563 -12.75129347 4.89467050e+00
93.32019386 27.52898513 -8.33809370 3.88451360e+00
93.32353782 27.63177582 -12.75091376 4.21641650e+00
92.87089362 27.43059306 -13.93020706 2.72609910e+00
92.97405070 27.37853130 -10.20070203 2.71855150e+00
92.90154237 27.31009020 -8.97478195 1.86591650e+00
93.00847964 27.26081978 -5.33550186 3.82789340e+00
93.00818195 27.36171569 -8.78103701 2.37608730e+00
93.07797659 27.32978136 -6.24136369 3.82839180e+00
92.46150552 27.03149240 -6.14753922 5.11016630e-01
92.34497025 27.09680649 -10.04614777 3.02630590e-01
92.57407790 27.07097193 -5.95474824 7.01547060e-01
92.57245961 27.17173567 -9.60531010 1.57143630e-01
92.30696451 27.01827231 -7.84906892 2.39888100e-01
92.07363101 27.06490191 -11.34764931 1.59396880e+00
92.19057607 26.98839227 -8.17963723 1.78175570e-01
92.11455686 26.93747387 -7.11811150 2.73484010e-01
92.19145327 27.09029704 -11.21088635 1.33479700e+00
91.99857291 27.22079220 -16.28457893 8.44047260e-01
91.95469449 27.04406581 -11.45908341 1.11068980e+00
91.71541983 27.21970807 -18.13433182 6.89171770e-01
91.47785122 27.10501176 -13.63784076 3.79382760e-01
91.71444176 27.01555132 -11.59799506 5.09113290e-01
91.63739793 27.07793735 -12.96584994 4.99371140e-01
91.71961592 27.11800021 -13.64014214 7.08406790e-01
91.51642444 27.07208235 -12.98984396 3.74708030e-01
91.47294605 27.20714425 -18.12893101 7.51099040e-01
91.95964783 27.14664686 -13.67213705 1.14189680e+00
91.71581904 27.32184751 -21.60429021 5.26632370e-01
92.19616499 27.19300711 -13.71660791 2.18838660e+00
92.11721260 27.24315290 -16.31390344 8.81887480e-01
92.45952369 27.13230496 -9.81878208 1.96861730e-01
92.34950317 27.19958989 -12.86814953 3.40579090e+00
92.53643221 27.19244628 -10.76994244 6.68542920e-01
92.42744248 27.25709936 -13.77124347 3.66690010e+00
92.79742477 27.36387682 -12.78962688 2.88228380e+00
92.86697520 27.32771209 -10.35027112 2.10109000e+00
92.76159549 27.48314791 -18.16935465 1.77980460e+00
92.68788075 27.31763891 -12.80249724 2.01167030e+00
92.97783627 27.48140494 -13.97806738 3.56409420e+00
92.90540660 27.41297179 -12.78818890 3.52331020e+00
92.76244058 27.38241672 -13.86821381 2.15851030e+00
92.57672678 27.27459076 -12.82573148 1.77709560e+00
92.65241015 27.33719316 -13.83903508 1.79467720e+00
92.46528057 27.33689952 -16.41805104 7.22998870e-01
92.54075258 27.29529033 -13.80234804 2.57871780e+00
92.46392466 27.23512980 -12.84571190 2.28384190e+00
92.11623699 27.14131876 -12.90847973 1.84863390e+00
92.07539938 27.26865248 -18.15273718 6.93125230e-01
92.07846637 27.16754855 -13.70004728 1.52315980e+00
91.99773225 27.11890085 -12.92643913 1.19809220e+00
91.83995426 27.13017895 -13.66270329 9.15025700e-01
91.75807865 27.08742950 -12.95413911 6.86744670e-01
91.87896890 27.20295825 -16.25534748 8.61048420e-01
91.75865361 27.18945811 -16.23286977 8.01083960e-01
91.87511392 27.30447051 -20.81560075 5.72317280e-01
91.99509383 27.32210018 -20.80646949 6.35407740e-01
92.11411642 27.34427706 -20.79062869 5.91929900e-01
92.23195976 27.37100918 -20.76218235 3.48246600e-01
92.31130677 27.42556530 -21.54068793 1.05223640e-01
92.46333516 27.43766305 -20.69855481 1.81168720e-01
92.76312449 27.58493792 -21.46109622 1.70441870e-01
92.68824510 27.52013396 -20.64723484 1.85944330e-01
92.90663888 27.61560367 -20.61315523 7.39962000e-01
92.90718208 27.51482086 -16.63026719 2.47167910e+00
93.11904867 27.72133179 -20.59285018 2.24388130e+00
92.97763316 27.58227126 -18.21803959 2.67723730e+00
93.32627488 27.83501056 -20.58710437 3.24794680e+00
92.97936098 27.68410945 -21.43803466 5.59735070e-01
93.01354858 27.66733604 -20.59897561 1.59579200e+00
93.01377699 27.56647568 -16.70785794 2.68699060e+00
93.39548250 27.90856755 -21.42298368 3.26812630e+00
93.39342697 27.80655890 -18.32757336 4.56471500e+00
93.18795312 27.69080492 -18.27517343 3.29022680e+00
93.08346221 27.63549934 -18.25036695 2.90156180e+00
93.39249585 27.70520539 -14.13117123 4.55268450e+00
93.18756619 27.58972428 -14.05520964 4.47678720e+00
93.11897402 27.62037606 -16.77130706 3.08631590e+00
93.22086077 27.57426140 -12.74645808 3.84834840e+00
93.22288290 27.67624501 -16.82932199 3.91913090e+00
93.29057197 27.64669157 -14.09704095 4.37668440e+00
93.59493535 27.92780712 -18.37363392 5.64820500e+00
93.59349625 27.82614029 -14.18129489 5.40476840e+00
93.72711077 27.97718357 -17.02728910 5.93951710e+00
93.62567658 27.81250679 -12.75572365 5.34484790e+00
93.79138172 27.95118907 -14.22596176 5.26762280e+00
93.72476729 27.87491068 -12.76731958 4.81927530e+00
93.92350453 28.10455485 -17.06965884 6.20616970e+00
93.79330089 28.05319758 -18.41477609 6.04181870e+00
93.62796289 27.91471721 -16.99842768 5.57992660e+00
93.98925002 28.18167756 -18.44994831 6.20787060e+00
93.82749276 28.14250103 -20.62012583 5.57728830e+00
94.02094103 28.16920641 -17.08200458 5.74884910e+00
93.92563840 28.20672659 -20.63286469 5.91999140e+00
93.49462383 27.86658788 -18.35182679 5.05660700e+00
93.42732641 27.79286769 -16.92512523 5.13655930e+00
94.02330143 28.27156272 -20.64696339 6.19045170e+00
93.89389296 28.21942172 -21.45572945 5.56257530e+00
93.83032069 28.24506894 -23.08036129 5.38434960e+00
93.69972607 28.19485759 -23.87577513 3.83121300e+00
93.79849326 28.25802048 -23.88017420 4.83960290e+00
93.69671997 28.09222878 -21.43812615 5.14370410e+00
93.69446776 27.99005093 -18.39543658 5.63797060e+00
93.39885961 28.01132156 -23.86825789 1.44069240e+00
93.59712565 28.02992592 -21.42960452 4.62296110e+00
93.08528057 27.73737184 -21.43127720 1.33873230e+00
93.29321738 27.84986185 -21.42511293 2.47425690e+00
93.01737798 27.77019086 -23.07380725 1.14500390e-01
93.08903476 27.84021334 -23.87130105 7.94342010e-02
93.12275012 27.82416790 -23.06783004 3.92807600e-01
92.91245370 27.82028857 -25.27333528 5.48068540e-03
93.19348356 27.89553570 -23.87047411 2.30886260e-01
93.12478414 27.92607810 -25.27066342 7.15441190e-03
93.22682171 27.88012568 -23.06682400 8.65537450e-01
93.29671918 27.95265048 -23.86813316 7.40416230e-01
93.50000104 28.07136648 -23.86783070 1.96914750e+00
93.63245999 28.11902795 -23.06883691 3.90738290e+00
93.70151355 28.29667848 -25.91568426 1.70014590e+00
93.99429847 28.38653830 -23.88876188 5.92464100e+00
93.79561110 28.15543756 -21.44644365 5.54583360e+00
93.73172807 28.18161618 -23.07514131 4.88182410e+00
93.73418222 28.28388024 -25.30039760 2.60454320e+00
94.02587807 28.37403596 -23.09197583 6.25454890e+00
93.83283196 28.34740059 -25.30676049 3.62116310e+00
93.92834132 28.30924709 -23.08586632 5.81668500e+00
93.80052212 28.36001917 -25.92635007 2.61728400e+00
93.63637525 28.32286163 -27.11646538 3.81630010e-01
93.99679376 28.48890821 -25.95385876 4.75953190e+00
93.90139571 28.52643923 -27.77576754 1.43505270e+00
93.83484471 28.44938347 -27.15469091 1.49729790e+00
93.89891513 28.42413969 -25.93703059 3.63873260e+00
94.02849494 28.47650886 -25.32667130 5.69393610e+00
93.93597808 28.61633206 -28.97351239 6.71149840e-01
93.63485346 28.22122699 -25.29276292 1.80083240e+00
93.60408977 28.33635520 -27.70207911 3.33192430e-02
93.60179417 28.23424941 -25.90390476 1.00365690e+00
93.53602896 28.26103392 -27.10009560 4.04777660e-02
93.22938035 28.08312811 -27.05111982 0.00000000e+00
93.22893603 27.98208816 -25.27551555 3.80443410e-02
93.43382254 28.09902682 -25.28245450 6.25441880e-01
93.29746772 28.05383479 -25.87965928 2.31063400e-02
93.08920688 27.94114414 -25.86598713 5.28802630e-03
93.01932540 27.87205422 -25.27133548 5.34605260e-03
92.98324345 27.78696653 -23.87851797 3.72528880e-02
92.00094684 27.52654063 -25.29504123 3.72072790e-01
93.43156080 27.99695113 -23.06421118 2.16421290e+00
93.39988074 28.11265123 -25.88702941 7.21125450e-02
93.53243449 28.05742564 -23.06401290 3.00087740e+00
93.53476354 28.15956230 -25.28549768 1.07678600e+00
93.32972404 27.93778942 -23.06503896 1.62574610e+00
93.33191467 28.03980647 -25.27592700 1.16909870e-01
92.91059826 27.71846787 -23.07873669 8.67585830e-02
92.19919396 27.49851439 -23.92856686 4.89745860e-02
92.65578094 27.74317444 -25.86374382 0.00000000e+00
92.43060008 27.76489695 -27.54927517 0.00000000e+00
92.91197346 27.92103105 -27.01117505 0.00000000e+00
92.98310830 27.88779573 -25.86349214 5.41977770e-03
92.69295170 27.82540572 -27.00259861 0.00000000e+00
92.87556867 27.83679436 -25.86079989 0.00000000e+00
92.54341254 27.70126865 -25.86669265 0.00000000e+00
92.35201875 27.70750374 -26.99625426 0.00000000e+00
92.31370054 27.62908899 -25.86857448 0.00000000e+00
92.31480328 27.73088189 -27.54507995 0.00000000e+00
92.80744998 27.97460048 -28.69442603 0.00000000e+00
92.87727903 27.93857180 -27.57227999 0.00000000e+00
91.75598092 27.59732455 -26.98155900 5.71551030e-01
92.08384060 27.77875503 -29.17725229 2.65046660e-02
91.95842342 27.55372277 -25.86548259 4.23431650e-01
91.95911321 27.65567623 -27.52764964 2.52717850e-01
91.83794580 27.53767370 -25.86398817 5.60517920e-01
91.35174802 27.51254764 -25.84720602 6.32873980e-01
92.19653040 27.59941323 -25.86711164 2.78966290e-02
92.23516061 27.67639895 -26.99215308 9.34677670e-04
92.11999470 27.54872269 -25.29156445 1.03278320e-01
91.99746737 27.62779938 -26.98470686 2.00269490e-01
91.76022239 27.49563736 -25.28984066 4.83254320e-01
92.08109557 27.47320609 -23.93600337 2.65918790e-01
92.42936172 27.66313899 -25.86590432 0.00000000e+00
92.31596950 27.52830811 -23.91635135 9.21143360e-03
92.07803663 27.57425907 -25.86858678 1.32205220e-01
92.23669848 27.47371817 -23.13380477 4.96708080e-02
92.35302639 27.50497249 -23.12201829 1.89557740e-02
92.23785276 27.57548310 -25.29235872 1.42812310e-02
92.54491571 27.60060753 -23.90177645 1.13089460e-03
92.35431681 27.60670853 -25.28732919 0.00000000e+00
92.58098046 27.57991002 -23.10177266 1.66509840e-02
92.46923518 27.64220140 -25.28569596 0.00000000e+00
92.69246689 27.62298921 -23.09444566 2.63900100e-02
92.58252077 27.68164348 -25.28173737 0.00000000e+00
92.65691900 27.64251882 -23.89525726 5.12381570e-03
92.65264436 27.53967160 -21.47667244 1.51652370e-01
92.76726775 27.68779859 -23.88999608 1.13633540e-02
92.69411785 27.72474603 -25.27726750 0.00000000e+00
92.34841362 27.40221098 -20.73325193 1.80529950e-01
91.88020189 27.40698792 -23.15793403 5.08734830e-01
92.43124329 27.56243687 -23.91278777 2.77824920e-03
92.42670822 27.45964798 -21.51561806 1.10629750e-01
92.19440729 27.39582638 -21.56096614 2.47654120e-01
91.83665425 27.33373477 -21.59989322 5.44049990e-01
92.87201027 27.63318625 -21.44914654 2.26569380e-01
92.80232523 27.66928512 -23.08608424 3.01450120e-02
92.07618917 27.37058055 -21.58265916 5.45936220e-01
91.72105246 27.42427930 -23.93727160 5.01349780e-01
91.95685531 27.34992363 -21.59162603 5.74546460e-01
91.63855789 27.38437850 -23.15884541 5.01354370e-01
91.75443117 27.29118490 -20.82526545 5.49176720e-01
91.39571035 27.37635168 -23.15424456 5.30524200e-01
91.75962532 27.39363725 -23.16083587 5.00873990e-01
91.84178394 27.43622793 -23.93985191 4.96012370e-01
91.63326249 27.28198466 -20.82967148 5.45929870e-01
91.59430051 27.21165360 -18.13186366 7.17406470e-01
91.59457320 27.31387376 -21.60779095 5.16244860e-01
91.23554537 27.41118331 -23.91849510 6.60961040e-01
91.39022090 27.27405749 -20.83610178 6.40929040e-01
90.99266249 27.41832876 -23.89850595 7.09124690e-01
91.47852467 27.41175764 -23.93072104 5.23471160e-01
91.47309460 27.30943467 -21.60901436 5.58866400e-01
91.22992652 27.30893463 -21.60644998 6.07122330e-01
91.03120385 27.38268182 -23.13386110 7.21745420e-01
91.59532339 27.51813626 -25.85796003 5.39612710e-01
91.59990647 27.41624679 -23.93533806 4.90450990e-01
91.15261408 27.48120016 -25.25791857 7.22592040e-01
91.27417962 27.37653439 -23.15033387 6.36749960e-01
90.78797296 27.49604957 -25.22233415 4.28739780e-01
90.78840432 27.39350910 -23.10962786 5.67635120e-01
90.98685609 27.31611189 -21.59440911 6.98233550e-01
90.74994863 27.42963310 -23.87099404 4.50444510e-01
90.74395306 27.32741466 -21.57371725 5.91287190e-01
90.66704352 27.39974657 -23.09535582 4.00860850e-01
91.02543148 27.28046318 -20.82870575 6.29267140e-01
90.90978555 27.38770714 -23.12257111 6.93644570e-01
91.15266943 27.37881394 -23.14250207 6.60585620e-01
91.10836796 27.31181028 -21.60133257 6.02162780e-01
90.66098572 27.29752112 -20.80011520 5.47329510e-01
90.50729604 27.44238016 -23.83541551 3.08332420e-01
90.53953350 27.30392016 -20.78583389 4.26447350e-01
90.62323946 27.23114252 -18.06822705 5.22400820e-01
90.37967428 27.34645064 -21.52060672 2.85068650e-01
90.26459477 27.45481227 -23.79434343 2.76066790e-01
89.90035653 27.47117455 -23.73678891 2.51831700e-01
89.93862906 27.43540983 -22.97991643 2.69410960e-01
89.81714545 27.44031737 -22.96495116 2.46760290e-01
89.89369516 27.36887772 -21.36140365 3.26628860e-01
89.69564420 27.44497803 -22.95477168 2.12870890e-01
89.77214243 27.37369816 -21.32831340 2.71048180e-01
89.29295827 27.49415244 -23.75217680 5.31640700e-03
89.52899545 27.38280328 -21.28986664 3.66310260e-02
88.95923896 27.37240888 -20.65263041 2.78347820e-02
88.84516324 27.48062908 -23.15462151 8.15709920e-03
88.80718083 27.51679250 -23.96839574 6.64411750e-03
88.92119194 27.40843748 -21.51860322 1.89993360e-02
89.28583398 27.39201436 -21.31359023 2.84842340e-02
89.20238912 27.36127530 -20.45469846 2.57827200e-02
89.15989684 27.60188347 -25.76162564 1.93861250e-03
89.57413044 27.44948244 -22.95144724 7.38091400e-02
88.84266662 27.58294576 -25.31143843 2.82285880e-03
89.08584632 27.57098293 -25.19507613 1.56914570e-03
89.28172674 27.59697436 -25.73018614 2.52309670e-03
89.69406217 27.54757332 -25.08753077 2.64614230e-01
89.89088581 27.57413997 -25.70081403 2.08655360e-01
90.14320779 27.46060854 -23.77307018 2.92567520e-01
90.18152642 27.42461967 -23.01810584 2.91657770e-01
90.25821757 27.35253953 -21.48168825 2.38618770e-01
90.38595610 27.44870823 -23.81517764 2.76527510e-01
90.18046068 27.52726249 -25.13549707 2.81352080e-01
90.62125449 27.53890231 -25.78640493 3.39201190e-01
90.62862267 27.43595805 -23.85439558 3.51277780e-01
90.05889625 27.53282999 -25.11884356 2.35519470e-01
90.13444067 27.56361045 -25.72536822 2.42990170e-01
89.65742248 27.48057890 -23.71742350 2.03726560e-01
89.76907452 27.57892298 -25.69359276 2.48835990e-01
89.53593656 27.48504662 -23.71917680 6.28190800e-02
89.57241843 27.55204617 -25.08901821 1.31479580e-01
89.64724702 27.58347964 -25.69139591 2.53165720e-01
89.40152158 27.69488973 -27.42575271 4.24799290e-02
89.45076810 27.55648214 -25.09887744 2.21779470e-02
89.52540883 27.58791477 -25.69591037 8.62549570e-02
89.03808554 27.60724072 -25.80221548 1.57951480e-03
88.82998829 27.68583706 -27.00076985 3.59608780e-03
88.92858441 27.51031368 -23.89680056 3.18382220e-03
88.79454734 27.61965241 -25.90468848 3.02956090e-03
89.32911783 27.56102264 -25.11944560 3.89663080e-03
89.19584893 27.66864681 -26.90223058 3.14431780e-03
88.91630039 27.61314623 -25.85001230 2.43826050e-03
88.79184115 27.72199317 -27.55670297 4.58099710e-03
89.07386922 27.67382973 -26.93074210 2.02817450e-03
88.91372642 27.71551928 -27.52012620 2.37937980e-03
89.40356654 27.59236639 -25.70815202 1.47068030e-02
89.27954973 27.69946107 -27.44167806 1.34222200e-02
90.01267589 27.56905235 -25.71207676 2.20483950e-01
89.68384731 27.65048568 -26.85337150 2.79842220e-01
89.76742449 27.68153178 -27.41153531 2.49710200e-01
89.28665720 27.80158080 -29.10819147 4.03691760e-02
90.25505112 27.66045629 -27.43951268 2.09694330e-01
90.42351065 27.51515116 -25.17270118 2.73151100e-01
90.62051435 27.64149869 -27.46939226 3.05623810e-01
90.66648637 27.50232187 -25.20764740 3.63421540e-01
90.86413093 27.62902273 -27.48654338 3.59368820e-01
90.90277537 27.59303732 -26.94231971 3.81312580e-01
90.74292779 27.53252952 -25.79994775 3.90381110e-01
90.65908656 27.60526746 -26.92390986 3.42600090e-01
90.53725406 27.61173323 -26.91294486 3.00169810e-01
90.49957931 27.54535492 -25.77155165 2.99041340e-01
90.29354724 27.62435675 -26.89066569 2.45455750e-01
90.37789001 27.55170289 -25.75637825 2.70847370e-01
90.86461483 27.52648027 -25.81154317 4.37420400e-01
90.87128978 27.42365425 -23.88524088 5.99732560e-01
91.10809442 27.51664609 -25.83190892 6.08322420e-01
91.11408038 27.41403687 -23.90932723 7.06078660e-01
91.27425049 27.47885250 -25.26728232 6.73044810e-01
91.35704164 27.41025386 -23.92589285 5.80909130e-01
91.35177341 27.61488673 -27.51159803 6.43313130e-01
91.47358266 27.51386282 -25.85194536 5.70770980e-01
91.26858317 27.58132833 -26.96299975 6.83787910e-01
91.22990447 27.51364891 -25.83988063 7.10845540e-01
91.39058938 27.58090454 -26.96840262 6.50491260e-01
91.51753380 27.48092476 -25.28033690 5.23730450e-01
91.63441077 27.58836446 -26.97742786 5.62839430e-01
91.63901932 27.48645578 -25.28519218 5.03482610e-01
91.71683652 27.52594784 -25.86126859 4.84353820e-01
91.47373663 27.61613326 -27.51571959 6.20063020e-01
91.02466457 27.58786378 -26.95009988 3.86721830e-01
91.11361647 27.72132234 -29.13728705 3.31299250e-01
91.51256645 27.58304573 -26.97249057 5.59370810e-01
91.83849736 27.63970951 -27.52812129 4.99179860e-01
91.39612655 27.68318703 -28.60255102 5.26306100e-01
91.47921680 27.71844284 -29.14947460 5.21215660e-01
90.87006348 27.73123403 -29.12767843 2.75262870e-01
91.10786501 27.61910144 -27.50065446 4.26422280e-01
90.99181773 27.72577738 -29.13288098 2.61396720e-01
91.35734466 27.71715542 -29.14553120 3.72244480e-01
91.03047375 27.69007811 -28.58840545 3.03656880e-01
90.98541615 27.82850814 -30.46642553 1.98649440e-01
91.23546375 27.71829072 -29.14155375 3.27074390e-01
91.15225359 27.78842366 -30.07796507 2.50977420e-01
90.90867566 27.69524920 -28.58278890 2.98490940e-01
90.90834837 27.79774722 -30.07041988 2.21791710e-01
91.27421125 27.68357699 -28.59781109 4.15814420e-01
91.27427731 27.78588345 -30.08097852 2.26969790e-01
90.25290809 27.86572527 -30.44670198 1.19163060e-01
90.42167920 27.72039884 -28.55564491 2.08031500e-01
90.78691336 27.70116252 -28.57663748 2.97077650e-01
90.74123292 27.84022440 -30.45969353 1.89486100e-01
90.42082495 27.82302273 -30.05430473 1.54160020e-01
90.29990782 27.72662459 -28.54807845 1.79073410e-01
90.62662979 27.74372683 -29.11677925 2.36666040e-01
90.54343011 27.71397061 -28.56285425 2.43213920e-01
90.41541083 27.61814635 -26.90196501 2.53696470e-01
90.01786116 27.77398476 -29.08799837 1.52830740e-01
90.50491769 27.75021227 -29.11071986 1.98902900e-01
90.49871044 27.64797028 -27.45968115 2.70829780e-01
90.38319116 27.75659064 -29.10481322 1.67854600e-01
90.37689208 27.65433325 -27.45006315 2.43152370e-01
90.13318325 27.66625380 -27.43045103 2.02002740e-01
89.93443309 27.74331203 -28.52949133 1.89444020e-01
90.01128804 27.67169232 -27.42184641 1.90159290e-01
89.56695959 27.85972380 -30.04562502 3.79912360e-01
89.80583146 27.64587843 -26.85562172 2.44354080e-01
89.56875594 27.75717427 -28.52944161 2.96573790e-01
89.64546550 27.68606383 -27.41141200 2.93218040e-01
89.53042756 27.79270215 -29.08884514 2.93645710e-01
89.52349568 27.69047032 -27.41603320 1.61942190e-01
89.44684165 27.76154491 -28.53629987 1.23428860e-01
89.20301877 27.77071590 -28.56406362 1.97085210e-02
89.15758762 27.70433203 -27.46420769 4.34310690e-03
88.95925532 27.78142299 -28.60499733 2.33467870e-03
89.03564405 27.70965195 -27.49028169 1.94788490e-03
88.92109094 27.81737037 -29.15997802 3.79001820e-03
89.27524633 27.90437329 -30.46094446 9.02357120e-02
88.78644470 27.92654089 -30.50084140 1.21111510e-02
88.95677586 27.88373320 -30.09433375 5.68888610e-03
89.08112544 27.77581100 -28.58298615 5.44375430e-03
89.03079388 27.91435981 -30.48041784 1.79634410e-02
89.32492695 27.76601115 -28.54778302 3.41775270e-02
89.27296794 28.00683339 -31.57590038 2.12498370e-01
89.68900259 27.85533995 -30.04254730 2.93623590e-01
89.65230855 27.78832875 -29.08452849 3.34038510e-01
89.77417810 27.78381658 -29.08332729 2.40311550e-01
89.69066333 27.75275916 -28.52620352 3.02173420e-01
89.88936696 27.67676654 -27.41538198 2.13267630e-01
89.81255737 27.74816736 -28.52669959 2.27151700e-01
90.16806063 27.93816860 -31.20017120 8.10563350e-02
90.54270856 27.81657661 -30.05845981 1.75990430e-01
90.13077242 27.87152162 -30.44427530 1.04715420e-01
90.05502931 27.84074477 -30.04384839 1.19546990e-01
89.64197692 27.89121038 -30.44424030 3.49225260e-01
89.55622806 27.96259021 -31.20526250 4.09416930e-01
89.32285841 27.86847700 -30.05908684 9.47320960e-02
89.43381726 27.96689689 -31.20983838 3.19149980e-01
89.51973616 27.89555293 -30.44784483 3.71199750e-01
89.18900051 27.97592857 -31.22228627 9.67157100e-02
89.39749048 27.89989379 -30.45344346 1.98993560e-01
89.15301113 27.90914269 -30.47003640 5.04706920e-02
89.07878318 27.87817169 -30.08125907 2.50627250e-02
89.06661009 27.98096105 -31.22999601 5.12321060e-02
88.83479878 27.88989325 -30.10730709 7.06820120e-03
88.78361333 28.02883697 -31.60445075 6.80826220e-02
89.20081356 27.87313045 -30.06928795 5.02576120e-02
89.15059443 28.01155551 -31.58308711 1.14699760e-01
88.95155483 28.08838896 -32.31176545 1.18407070e-01
89.02823867 28.01672566 -31.59082525 5.52095520e-02
89.15776392 28.11357311 -32.65792266 3.27122710e-01
89.31140574 27.97129361 -31.21530701 1.95866790e-01
89.31846923 28.07341781 -32.29039616 3.91155670e-01
89.39535011 28.00239721 -31.56984431 3.24223930e-01
89.76247818 27.98932345 -31.55890566 1.93598800e-01
89.68544048 28.06049761 -32.27629393 2.46392260e-01
89.88482720 27.98460987 -31.55703868 1.15313320e-01
89.80774434 28.05597393 -32.27371035 1.39331490e-01
90.00715399 27.97957011 -31.55639198 8.19605660e-02
89.93002893 28.05116503 -32.27141505 8.69457780e-02
90.25812728 28.07062952 -32.62775010 5.40214350e-02
90.41261632 27.92602205 -31.20368810 1.10347410e-01
90.41890076 28.02827433 -32.27284658 8.62274390e-02
90.53485846 27.91956314 -31.20609950 1.43842160e-01
90.54105438 28.02180028 -32.27478352 1.00758660e-01
90.86280020 27.93660800 -31.57009144 1.55523040e-01
90.49618834 27.95581782 -31.56149782 1.28993720e-01
90.66458085 27.81007118 -30.06257228 1.96004020e-01
90.37501585 27.85958934 -30.44971814 1.38127030e-01
90.37396923 27.96221920 -31.55947371 9.76725070e-02
90.65708802 27.91302772 -31.20877879 1.49852860e-01
90.78645518 27.80370562 -30.06647057 1.99687810e-01
90.29892025 27.82925841 -30.05038009 1.31670450e-01
90.29035212 27.93225611 -31.20182562 1.05253940e-01
90.74058994 27.94280164 -31.56689078 1.45130830e-01
90.86330977 27.83406376 -30.46322589 1.97111220e-01
90.98503951 27.93101042 -31.57345356 1.84764030e-01
91.10756644 27.82392515 -30.46997865 2.38726140e-01
91.26855401 27.88834554 -31.22560066 1.36730570e-01
91.47423401 27.82051980 -30.48144890 1.97386300e-01
90.90749714 28.00279001 -32.28408273 1.46433670e-01
90.90156580 27.90058127 -31.21491981 1.75255710e-01
91.10732243 27.92637614 -31.57727506 1.94847030e-01
91.02384771 27.89525620 -31.21776528 1.94291520e-01
91.47439058 27.92276955 -31.59277483 7.69990350e-02
91.63559676 27.89466440 -31.24196147 1.39131660e-01
90.77931817 27.90661172 -31.21162047 1.47921880e-01
90.78533735 28.00882477 -32.28037317 1.16767880e-01
91.39095845 27.88769926 -31.23073321 1.11388530e-01
91.35202428 27.92175438 -31.58666240 8.76802850e-02
91.88432666 28.01864473 -32.33761514 3.56567150e-02
91.75758761 27.90337584 -31.24853220 1.06758230e-01
92.00505045 28.03593053 -32.35092278 3.94970840e-02
91.84041080 27.94558819 -31.61309729 4.92233830e-02
91.87911250 27.91616889 -31.25409365 7.26204560e-02
91.99993916 27.93339044 -31.26191647 3.52356670e-02
92.43936057 28.17277431 -32.75452240 0.00000000e+00
92.66054324 28.04834961 -30.57208334 0.00000000e+00
93.02503296 28.27833804 -31.37448611 0.00000000e+00
92.77757844 28.29827463 -32.80193422 0.00000000e+00
92.43466228 28.07003169 -31.65940554 0.00000000e+00
92.47336665 27.94739421 -30.15703540 0.00000000e+00
93.20021789 28.30229779 -30.67360042 0.00000000e+00
92.91754526 28.22636917 -31.35945016 0.00000000e+00
92.88099319 28.14211928 -30.60673194 0.00000000e+00
92.80852252 28.17699459 -31.34705189 0.00000000e+00
92.77157924 28.09372898 -30.59013005 0.00000000e+00
92.58554444 28.08743955 -31.31263492 0.00000000e+00
92.47148958 28.04805479 -31.30091019 0.00000000e+00
92.54923019 28.10814365 -31.67310536 0.00000000e+00
92.20072150 28.00654203 -31.64064829 1.71231980e-03
92.31729921 27.93432918 -30.53034574 0.00000000e+00
92.08165050 27.98161095 -31.63055703 2.79952770e-02
92.12289868 27.85417929 -30.12338929 1.45192450e-02
92.11981844 27.95519828 -31.27189694 1.55842100e-02
92.19971068 27.90475220 -30.52318314 2.14264770e-03
91.96146271 27.96131979 -31.62105118 4.49706920e-02
92.00342166 27.83218254 -30.11224207 4.48633080e-02
91.96420001 27.75821517 -29.17001205 9.99056270e-02
91.96074362 27.85940311 -30.50382394 5.41945410e-02
91.88222571 27.71286804 -28.62049711 2.78213360e-01
91.88298973 27.81474897 -30.10591244 1.35117750e-01
91.60099472 27.72269172 -29.15362593 5.87146630e-01
91.51834695 27.78751655 -30.08858704 3.22201000e-01
91.63976163 27.69074191 -28.61136631 6.51390220e-01
91.64023658 27.79279138 -30.09406577 4.29686650e-01
92.00251193 27.73036177 -28.62330749 9.67360520e-02
92.19749804 27.70124274 -27.53716402 8.55970050e-03
91.76123448 27.69975898 -28.61583123 5.36686900e-01
91.84368911 27.74218340 -29.16481563 3.07968680e-01
91.59560745 27.62033393 -27.52034995 6.00738760e-01
91.51801166 27.68537109 -28.60583858 6.43764300e-01
92.43521691 27.86766319 -29.21051752 0.00000000e+00
92.66163327 27.94774218 -29.23409660 0.00000000e+00
92.12183965 27.75242158 -28.63171121 1.62488860e-02
92.20235906 27.80390773 -29.18756079 4.77274330e-03
92.77231416 27.99308571 -29.25290225 0.00000000e+00
92.76807956 27.89024476 -27.56525334 0.00000000e+00
92.54926752 27.90581963 -29.22403519 0.00000000e+00
92.54780469 28.00643066 -30.55556709 0.00000000e+00
92.80928320 28.07635131 -30.21228365 0.00000000e+00
92.98889735 28.09244594 -29.29839406 0.00000000e+00
92.91796324 28.12566836 -30.23187784 0.00000000e+00
93.02309306 28.07571592 -28.73294200 0.00000000e+00
92.47189156 27.84569597 -28.65954670 0.00000000e+00
92.43336794 27.96831267 -30.54190806 0.00000000e+00
92.35671096 27.81024241 -28.64907167 0.00000000e+00
92.35805527 27.91193965 -30.14399159 0.00000000e+00
93.02512440 28.17755249 -30.25901845 0.00000000e+00
93.09496495 28.14581710 -29.32777871 0.00000000e+00
93.33619765 28.24374493 -28.81169769 0.00000000e+00
93.13085769 28.23170678 -30.28403721 0.00000000e+00
93.44061777 28.40513463 -30.37238618 0.00000000e+00
93.33848471 28.34574234 -30.34414584 0.00000000e+00
93.43482387 28.20034355 -27.07817020 9.25851260e-03
93.30314982 28.25854895 -29.38674125 0.00000000e+00
93.29954318 28.15577323 -27.64103350 0.00000000e+00
93.19967262 28.20127919 -29.35417158 0.00000000e+00
93.50351100 28.27489972 -27.67761610 3.32119500e-03
93.40551867 28.31738428 -29.41506775 0.00000000e+00
93.19594278 28.09847560 -27.61772156 0.00000000e+00
93.12873537 28.12982113 -28.75799122 0.00000000e+00
94.03097503 28.57886323 -27.20969423 3.64171540e+00
94.00208202 28.69376484 -29.57704285 6.54126090e-01
93.70387467 28.39884583 -27.72396300 3.26527780e-01
93.83778974 28.55194699 -28.94034216 2.28246580e-01
93.70699506 28.50146801 -29.49171869 0.00000000e+00
93.73902025 28.48829388 -28.91333159 2.30092820e-02
93.99932913 28.59127767 -27.81076504 2.23323770e+00
93.93315596 28.51381426 -27.17769680 2.31422680e+00
93.60733115 28.43902047 -29.46554338 0.00000000e+00
93.61137208 28.64274518 -31.85127485 0.00000000e+00
93.53933897 28.36372795 -28.85717916 0.00000000e+00
93.50825218 28.47907106 -30.74858442 0.00000000e+00
93.63956415 28.42551365 -28.88796383 1.57216150e-03
93.60897068 28.54065295 -30.77110786 0.00000000e+00
94.03901206 28.88615960 -31.58372313 0.00000000e+00
93.94102696 28.82088943 -31.56413055 0.00000000e+00
94.00735245 28.89849877 -31.93106548 0.00000000e+00
93.74346279 28.69234054 -31.52064993 0.00000000e+00
93.90665158 28.73114742 -30.84394175 1.78832450e-03
93.80808257 28.66681766 -30.81967451 0.00000000e+00
93.54313355 28.56730118 -31.47718357 0.00000000e+00
93.70888798 28.60327497 -30.79552693 0.00000000e+00
93.64206535 28.52770081 -30.42001814 0.00000000e+00
93.50687324 28.37760590 -29.43584555 0.00000000e+00
93.43825580 28.30307597 -28.83181205 0.00000000e+00
93.20230099 28.40416367 -31.77380360 0.00000000e+00
93.13108107 28.33259443 -31.39802141 0.00000000e+00
93.40662988 28.41868924 -30.72642071 0.00000000e+00
93.23526464 28.28786543 -30.31352229 0.00000000e+00
93.33929837 28.44688662 -31.43832076 0.00000000e+00
93.30398296 28.35970519 -30.69943411 0.00000000e+00
93.71135864 28.70543138 -31.87251736 0.00000000e+00
93.24338402 28.59443349 -33.60580781 0.00000000e+00
93.23957004 28.49165656 -32.51023402 0.00000000e+00
93.30615249 28.46162243 -31.79397881 0.00000000e+00
93.81061833 28.76904148 -31.89270262 0.00000000e+00
93.51756116 28.78648973 -34.00232365 0.00000000e+00
93.84253981 28.75624522 -31.54244711 0.00000000e+00
93.64699071 28.73196234 -32.57874750 0.00000000e+00
93.91224454 28.93597060 -32.97835166 0.00000000e+00
93.90924879 28.83344144 -31.91287255 0.00000000e+00
93.71459406 28.80804655 -32.94930531 0.00000000e+00
93.94396919 28.92340431 -32.62904751 0.00000000e+00
93.55001160 28.77266608 -33.64486834 0.00000000e+00
93.74986682 28.89754196 -33.66905029 0.00000000e+00
93.41247393 28.62339144 -32.90332557 0.00000000e+00
93.81373426 28.87161414 -32.96372810 0.00000000e+00
93.74664580 28.79494248 -32.59586594 0.00000000e+00
94.01022697 29.00098418 -32.99000346 0.00000000e+00
93.94695137 29.02591805 -33.68946194 0.00000000e+00
94.01314209 29.10346890 -34.04517188 0.00000000e+00
93.84870472 28.96136110 -33.67976021 0.00000000e+00
93.65297750 28.93677510 -34.70338684 0.00000000e+00
94.04183216 28.98863072 -32.64076343 0.00000000e+00
94.04469313 29.09110139 -33.69501755 0.00000000e+00
93.13891858 28.53819810 -33.58849088 0.00000000e+00
92.92792101 28.53377107 -34.63560203 0.00000000e+00
93.20999855 28.60973514 -33.96619724 0.00000000e+00
93.14116290 28.64005273 -34.66025350 0.00000000e+00
93.41610088 28.72611750 -33.99089512 0.00000000e+00
93.34295930 28.54964011 -32.52795678 0.00000000e+00
93.31360991 28.66714180 -33.97967513 0.00000000e+00
93.30986443 28.56438465 -32.88557868 0.00000000e+00
93.44525058 28.60914815 -32.54596831 0.00000000e+00
93.51058045 28.58110194 -31.83289430 0.00000000e+00
93.44882606 28.71186488 -33.63245173 0.00000000e+00
93.51405297 28.68379781 -32.91763915 0.00000000e+00
93.61472615 28.74540178 -32.93293885 0.00000000e+00
93.54655458 28.66998550 -32.56117693 0.00000000e+00
93.09720025 28.34853414 -31.75445621 0.00000000e+00
92.99479742 28.39784012 -32.83281331 0.00000000e+00
92.99072058 28.29501836 -31.73183730 0.00000000e+00
92.92169530 28.32919627 -32.45739420 0.00000000e+00
92.77325248 28.19545424 -31.70795806 0.00000000e+00
92.66655120 28.25285954 -32.78834145 0.00000000e+00
92.66209974 28.15005540 -31.69119946 0.00000000e+00
92.59007049 28.19023003 -32.41294813 0.00000000e+00
92.48081239 28.25356530 -33.49855712 0.00000000e+00
91.60211219 28.02906315 -32.67785294 2.68830880e-02
92.12482151 28.05780118 -32.36129742 1.44339210e-02
92.23850024 27.98167382 -31.28021972 0.00000000e+00
92.36055370 28.11539558 -32.38000192 0.00000000e+00
92.31845124 28.03608372 -31.64634411 0.00000000e+00
91.88955775 28.12111572 -33.42485037 6.39809310e-02
92.20565628 28.10918300 -32.73039653 5.66337200e-03
91.72408629 28.03657756 -32.68926682 1.02213510e-02
91.96661486 28.06383629 -32.70848309 4.96289740e-02
92.12984440 28.16039813 -33.45642283 9.11683620e-03
92.24338955 28.08433652 -32.36840750 0.00000000e+00
92.24830010 28.18699285 -33.46580127 0.00000000e+00
92.32326964 28.13878012 -32.74163673 0.00000000e+00
92.44408246 28.27551005 -33.86189589 0.00000000e+00
92.13096648 28.26210733 -34.53191250 8.87723700e-03
92.55380570 28.21092283 -32.77485999 0.00000000e+00
92.47613896 28.15081349 -32.39351258 0.00000000e+00
92.92587460 28.43201681 -33.55499255 0.00000000e+00
92.88698205 28.34669044 -32.81591556 0.00000000e+00
92.89121243 28.44950869 -33.91819076 0.00000000e+00
92.70851435 28.43787719 -34.61138265 0.00000000e+00
92.78193200 28.40108814 -33.90892431 0.00000000e+00
92.67001835 28.45620632 -34.94818246 0.00000000e+00
92.67102896 28.35565668 -33.89609477 0.00000000e+00
92.59632079 28.39466603 -34.59558190 0.00000000e+00
92.70747767 28.53843162 -35.58721723 0.00000000e+00
92.89281003 28.65186868 -35.89289871 0.00000000e+00
92.32811022 28.24146990 -33.84167149 0.00000000e+00
92.08873879 28.28770209 -34.87382288 1.53977700e-02
92.21061184 28.21181770 -33.83059653 6.10471890e-04
92.01114373 28.24024122 -34.51484645 4.44298320e-02
92.09176219 28.18676618 -33.81621188 1.54598540e-02
91.96834697 28.26747301 -34.85807484 5.05214390e-02
91.97178490 28.16634752 -33.79660200 5.57771020e-02
91.72520578 28.24054616 -34.82855686 5.03947760e-02
91.96911495 28.36934350 -35.80464414 5.13259140e-02
92.67167108 28.55786715 -35.87509961 0.00000000e+00
92.20908165 28.41433600 -35.83155667 0.00000000e+00
92.36677104 28.31975252 -34.56348291 0.00000000e+00
92.32714283 28.44383842 -35.84229915 0.00000000e+00
92.48237311 28.35521811 -34.58005231 0.00000000e+00
92.24693859 28.38946772 -35.53894373 0.00000000e+00
92.01287645 28.44389748 -36.40712085 3.62861810e-02
92.36455147 28.42042786 -35.55121708 0.00000000e+00
92.44367151 28.47776615 -35.85187554 0.00000000e+00
92.55852798 28.51591328 -35.86404553 0.00000000e+00
92.21411032 28.51694538 -36.72329508 0.00000000e+00
92.55701385 28.41424578 -34.93570005 0.00000000e+00
92.48055881 28.45581537 -35.56297411 0.00000000e+00
92.89713515 28.75466641 -36.76565106 0.00000000e+00
93.55408269 28.97619648 -35.64310636 0.00000000e+00
93.21065885 28.71071628 -35.00208083 0.00000000e+00
93.41972635 28.92934091 -35.92454204 0.00000000e+00
93.03526220 28.58577600 -34.64831080 0.00000000e+00
93.21286664 28.81255208 -35.91459225 0.00000000e+00
92.89091436 28.55016169 -34.97248396 0.00000000e+00
93.10549319 28.65500082 -34.99333171 0.00000000e+00
93.03527369 28.68651632 -35.61467693 0.00000000e+00
93.10760230 28.75678906 -35.90698869 0.00000000e+00
93.52154151 28.98994031 -35.92798709 0.00000000e+00
93.45254619 28.91516560 -35.63797740 0.00000000e+00
92.78305926 28.60336185 -35.88736814 0.00000000e+00
93.00094319 28.70314601 -35.89914297 0.00000000e+00
93.61811693 28.84805505 -34.01288926 0.00000000e+00
93.45132495 28.81390187 -34.68786586 0.00000000e+00
93.65033002 28.83460318 -33.65742199 0.00000000e+00
93.55258627 28.87476986 -34.69695629 0.00000000e+00
93.61989598 28.94966666 -35.02999856 0.00000000e+00
93.75258311 28.99978482 -34.70944294 0.00000000e+00
93.91527995 29.03849840 -34.03957460 0.00000000e+00
93.81917898 29.07616084 -35.03818510 0.00000000e+00
93.94979463 29.12831018 -34.71836690 0.00000000e+00
93.72591427 29.21719684 -36.79855181 0.00000000e+00
93.71990543 29.01244933 -35.03438689 0.00000000e+00
93.62244166 29.05174173 -35.93280538 0.00000000e+00
94.01591872 29.20583260 -35.04308391 0.00000000e+00
93.92057090 29.24295282 -35.93895438 0.00000000e+00
93.42346196 29.03205429 -36.78645641 0.00000000e+00
93.85376215 29.16563912 -35.65125677 0.00000000e+00
93.75794459 29.20415333 -36.51050142 0.00000000e+00
93.95231730 29.23046304 -35.65279219 0.00000000e+00
93.82186817 29.17837413 -35.93686099 0.00000000e+00
93.75460678 29.10156070 -35.64873327 0.00000000e+00
93.72252503 29.11459183 -35.93453106 0.00000000e+00
93.65474140 29.03837248 -35.64679639 0.00000000e+00
93.31686362 28.87015522 -35.92191357 0.00000000e+00
93.21757398 29.01626629 -37.65209974 0.00000000e+00
93.24635807 28.79731816 -35.62963490 0.00000000e+00
93.04165980 28.89108620 -37.34935266 0.00000000e+00
93.35000971 28.85547268 -35.63451590 0.00000000e+00
93.21683494 28.91531912 -36.78014424 0.00000000e+00
93.14149603 28.74089930 -35.62011640 0.00000000e+00
93.03942815 28.78931239 -36.47915899 0.00000000e+00
93.52676934 29.19403868 -37.65969806 0.00000000e+00
93.35381135 28.95820760 -36.49656699 0.00000000e+00
93.62594609 29.15438579 -36.79572370 0.00000000e+00
93.55765163 29.07886676 -36.50481937 0.00000000e+00
93.52516087 29.09262130 -36.79209677 0.00000000e+00
93.45623109 29.01787030 -36.50182913 0.00000000e+00
93.92638002 29.44763701 -37.66534417 0.00000000e+00
93.95542085 29.33297356 -36.51362816 0.00000000e+00
94.02177425 29.41067842 -36.80422026 0.00000000e+00
94.01873618 29.30819570 -35.94134319 0.00000000e+00
94.05636915 29.50085920 -37.38212910 0.00000000e+00
93.92372704 29.34547676 -36.80035132 0.00000000e+00
93.85988121 29.37050029 -37.37551657 0.00000000e+00
93.85698322 29.26819111 -36.51128176 0.00000000e+00
93.76077388 29.30638596 -37.37498780 0.00000000e+00
93.96102515 29.53750746 -38.24439361 0.00000000e+00
93.92925369 29.54991771 -38.53188273 0.00000000e+00
94.05925570 29.60320611 -38.24757708 0.00000000e+00
93.95838448 29.43536128 -37.37802156 0.00000000e+00
93.86227032 29.47245110 -38.24064629 0.00000000e+00
93.66281803 29.34474249 -38.24115359 0.00000000e+00
93.82754333 29.38290391 -37.66332958 0.00000000e+00
93.72805929 29.31897197 -37.66290304 0.00000000e+00
93.56192479 29.28235909 -38.23872948 0.00000000e+00
93.83034746 29.48510805 -38.52989099 0.00000000e+00
94.02761260 29.61539879 -38.53544084 0.00000000e+00
93.63047939 29.35803867 -38.52958580 0.00000000e+00
93.43254188 29.43915206 -40.35874247 0.00000000e+00
93.46014380 29.22112628 -38.23572870 0.00000000e+00
93.35734969 29.16124031 -38.23314916 0.00000000e+00
93.35632769 29.06015873 -37.35941984 0.00000000e+00
93.21987220 29.11807624 -38.52271961 0.00000000e+00
91.89262391 28.52856153 -37.29723242 2.97602730e-02
92.82415801 28.88995475 -38.21736202 0.00000000e+00
93.25270244 29.00196878 -37.36244869 0.00000000e+00
92.71289337 28.84336407 -38.22357796 0.00000000e+00
93.62782657 29.25597842 -37.66153919 0.00000000e+00
93.56033148 29.18095475 -37.37093998 0.00000000e+00
93.25027617 28.90007983 -36.49360531 0.00000000e+00
93.14553201 28.84368132 -36.48800347 0.00000000e+00
93.32175422 29.07399077 -37.65202823 0.00000000e+00
93.32071507 28.97289812 -36.78330137 0.00000000e+00
92.93399986 28.83894515 -37.34780812 0.00000000e+00
92.59992365 28.80009976 -38.21681753 0.00000000e+00
92.89689709 28.85527432 -37.63590406 0.00000000e+00
92.13112401 28.66819604 -38.20450425 0.00000000e+00
93.14827152 29.04631867 -38.22931223 0.00000000e+00
93.14786480 28.94550933 -37.35749955 0.00000000e+00
92.93373895 28.93955147 -38.22053633 0.00000000e+00
93.00524805 28.90664623 -37.64026072 0.00000000e+00
92.48693257 28.66015642 -37.32561140 0.00000000e+00
92.01039852 28.64672507 -38.20015383 0.00000000e+00
92.48998629 28.86339993 -39.10207990 0.00000000e+00
92.21263121 28.71936242 -38.50313078 0.00000000e+00
92.89886924 28.95694757 -38.51167459 0.00000000e+00
92.78875538 28.90834380 -38.51649749 0.00000000e+00
92.21773250 28.82194542 -39.39841051 0.00000000e+00
92.56185841 28.71915871 -37.62693213 0.00000000e+00
92.13628687 28.77074227 -39.09889889 0.00000000e+00
92.36870121 28.72533499 -38.21119709 0.00000000e+00
92.21151382 28.61766524 -37.61306132 0.00000000e+00
91.64356090 28.60933713 -38.18365281 3.15038400e-02
92.37089922 28.62471773 -37.32244134 0.00000000e+00
92.67527243 28.76113901 -37.63137966 0.00000000e+00
92.25061823 28.69447466 -38.20820802 0.00000000e+00
92.33116031 28.74877266 -38.50658646 0.00000000e+00
92.09177031 28.59294126 -37.60640667 0.00000000e+00
91.52049883 28.60481571 -38.17781012 3.48995290e-02
92.48514853 28.76069755 -38.21317710 0.00000000e+00
92.56343213 28.82078702 -38.51047323 0.00000000e+00
92.56321315 28.61866173 -36.74219415 0.00000000e+00
92.25324001 28.59373767 -37.32062906 0.00000000e+00
92.33206056 28.54650323 -36.72954724 0.00000000e+00
92.01386998 28.54563462 -37.30528200 0.00000000e+00
92.32988761 28.64710767 -37.62038639 0.00000000e+00
92.36942402 28.52311086 -36.43430102 0.00000000e+00
92.78690916 28.80669555 -37.63345978 0.00000000e+00
92.67623724 28.66064112 -36.75356011 0.00000000e+00
92.82477645 28.78941258 -37.34314008 0.00000000e+00
93.00514776 28.80594239 -36.76534473 0.00000000e+00
93.11211441 28.96039161 -37.64495874 0.00000000e+00
93.11168799 28.85957478 -36.77570773 0.00000000e+00
92.60130294 28.69959661 -37.33485829 0.00000000e+00
92.71199424 28.64121561 -36.46464359 0.00000000e+00
92.71388338 28.74286098 -37.34039695 0.00000000e+00
92.78750431 28.70615369 -36.76116074 0.00000000e+00
92.59490269 28.49522315 -35.57618298 0.00000000e+00
92.59954020 28.59798298 -36.45187867 0.00000000e+00
92.81836750 28.58493878 -35.60005454 0.00000000e+00
92.82276337 28.68773564 -36.47176766 0.00000000e+00
92.92759914 28.63442216 -35.60413170 0.00000000e+00
92.93187414 28.73722272 -36.47409572 0.00000000e+00
92.08965906 28.38951136 -35.81804391 1.04807690e-02
92.13417090 28.56730002 -37.30988650 0.00000000e+00
92.00768107 28.34138631 -35.50972637 4.09558570e-02
91.97434927 28.47183107 -36.70435499 3.86078000e-02
92.25192355 28.49209913 -36.43015831 0.00000000e+00
92.09479322 28.49206184 -36.71152769 2.33240970e-03
92.12791778 28.36306075 -35.52536882 8.60265470e-03
92.13301096 28.46563286 -36.41736853 4.82018510e-03
91.27992932 28.39978652 -36.34837206 5.96682940e-02
91.48062369 28.33162245 -35.75633171 2.88918070e-02
91.36358814 28.43306741 -36.65672369 3.48284470e-02
91.89036756 28.22295253 -34.49796946 6.78842840e-02
91.35791910 28.33082303 -35.74692094 3.29474650e-02
91.11838462 28.43805058 -36.64413964 1.48421110e-01
90.99585487 28.44285699 -36.63948145 1.92619990e-01
90.86645498 28.55144536 -37.54888603 1.58426500e-01
90.66723732 28.42524700 -36.32694300 5.31745610e-02
90.62081056 28.56451578 -37.54493195 9.27742970e-02
90.53854737 28.32964667 -35.41145882 3.83220510e-02
90.05324135 28.55879758 -37.24048828 1.55318290e-01
90.41597337 28.33616677 -35.41086789 3.16426470e-02
90.01595819 28.49201139 -36.63217249 1.24408530e-01
91.40279221 28.50113343 -37.26507967 2.98043640e-02
91.40258529 28.39895272 -36.35640834 3.08364240e-02
90.62846613 28.46153944 -36.63105450 5.32752070e-02
90.29865731 28.54734536 -37.23881924 1.09351300e-01
90.87336935 28.44860860 -36.63572028 1.38229500e-01
90.66657730 28.52783471 -37.24083499 8.83890870e-02
91.52557919 28.50279067 -37.27164436 3.12482460e-02
91.48621107 28.43390061 -36.66466702 2.77516230e-02
91.60408470 28.53945529 -37.57795714 3.78359680e-02
91.60875533 28.43768025 -36.67329463 3.75413990e-02
91.64825379 28.50754740 -37.27965604 4.04890790e-02
91.64774207 28.40556294 -36.37501198 4.24145400e-02
91.85302969 28.45622811 -36.69384955 5.18630440e-02
91.76999703 28.41412379 -36.38551328 5.46315260e-02
91.72681368 28.54649575 -37.58597787 3.91263480e-02
91.39733333 28.60336894 -38.17324352 3.94708610e-02
91.48115327 28.53591132 -37.57174166 2.93730830e-02
91.02792936 28.61221686 -38.16118563 2.19845400e-01
91.77066557 28.51602547 -37.28802733 3.92846530e-02
91.97169482 28.67473273 -38.49780143 0.00000000e+00
91.60440369 28.64157487 -38.48340850 2.99406910e-02
91.84916437 28.55752276 -37.59350063 2.94601790e-02
91.35815245 28.53529239 -37.56534689 3.58755520e-02
91.15101622 28.60759958 -38.16473623 1.41590040e-01
91.72728775 28.64850809 -38.48873358 2.73035580e-02
91.88873600 28.62987280 -38.19583366 1.02634480e-02
91.15685169 28.70980355 -39.07623755 1.41252340e-01
91.35817233 28.63758590 -38.47463012 4.08180790e-02
91.03384254 28.71441656 -39.07376826 2.33111780e-01
91.27415678 28.60449417 -38.16845866 6.89369080e-02
91.03450139 28.50948482 -37.24893927 1.95973100e-01
90.78188399 28.62417768 -38.15625394 1.48957530e-01
91.23503065 28.63941366 -38.47090244 8.85834820e-02
91.23515765 28.53704792 -37.56037111 8.34938370e-02
90.91183179 28.51502859 -37.24562850 1.79523400e-01
90.74291823 28.66044556 -38.46028208 1.48174290e-01
91.11193443 28.64307720 -38.46736505 1.65503970e-01
91.11220698 28.54063709 -37.55559815 1.57665930e-01
90.74362857 28.55786058 -37.54652708 1.19349180e-01
90.65889192 28.63081213 -38.15465219 1.19801790e-01
90.78971242 28.41870711 -36.32917422 7.73825110e-02
90.78919670 28.52125548 -37.24275047 1.12593930e-01
90.50601363 28.46816523 -36.62990682 5.06675850e-02
90.38354273 28.47463447 -36.62945615 6.03844100e-02
90.12936082 28.58961360 -37.54422803 1.54457750e-01
90.49798492 28.57117495 -37.54388165 1.02467020e-01
89.75856561 28.70705128 -38.46211305 1.01023080e-01
90.04367242 28.66176648 -38.15394400 1.74999930e-01
90.12790800 28.69224740 -38.45781161 1.71518210e-01
90.17596499 28.55327563 -37.23938803 1.27359070e-01
90.25096263 28.68646926 -38.45738639 1.76524090e-01
90.49697968 28.67380675 -38.45793286 1.52824630e-01
90.16677455 28.65627519 -38.15308763 1.71331770e-01
90.25226574 28.58382860 -37.54358217 1.33544180e-01
90.05021455 28.76404705 -39.06725137 1.29090530e-01
90.41288378 28.64407698 -38.15287745 1.41060960e-01
90.25737327 28.78873813 -39.37118767 1.63446790e-01
90.53589636 28.63751056 -38.15350842 1.30457900e-01
89.18139934 28.69230904 -38.17457712 2.90604980e-01
89.14536279 28.62544821 -37.56909988 6.92347120e-01
89.63746158 28.60875817 -37.55259501 2.24506090e-01
89.42780498 28.68395068 -38.16636090 2.16783600e-01
89.30459957 28.68801907 -38.17041639 3.47988910e-01
89.31643907 28.58528049 -37.25923931 7.14423200e-01
89.43926677 28.58118554 -37.25481116 5.03117870e-01
89.51223354 28.71533502 -38.46764862 1.19889500e-01
89.51444012 28.61284662 -37.55611267 3.31622670e-01
89.40283323 28.51414298 -36.64876145 7.35277270e-01
89.19361582 28.58958071 -37.26385096 9.03420110e-01
89.28018161 28.51831661 -36.65350710 1.05610490e+00
89.68490764 28.57298347 -37.24735877 2.15815510e-01
89.55100807 28.67993524 -38.16278017 1.68652110e-01
89.56209171 28.57713399 -37.25079895 3.23516370e-01
89.64812833 28.50592939 -36.64034473 2.66983920e-01
89.26838348 28.62102983 -37.56455953 6.93218700e-01
89.31872659 28.48287663 -36.34840901 1.02383320e+00
89.76047009 28.60448730 -37.54965509 1.82913840e-01
89.77075915 28.50160997 -36.63702949 2.01530640e-01
89.80770819 28.56860281 -37.24448635 1.90379790e-01
89.89337074 28.49699342 -36.63425787 1.53673020e-01
89.88345942 28.59991655 -37.54727255 1.82062590e-01
90.13851702 28.48661719 -36.63060240 1.01848110e-01
90.37513933 28.57765671 -37.54342272 1.13856680e-01
90.42227018 28.43841813 -36.32486467 4.11911840e-02
90.26104512 28.48081236 -36.62974668 8.38690910e-02
90.17721003 28.45063415 -36.32572398 7.92920070e-02
89.88672000 28.39471314 -35.72147885 1.05496800e-01
89.93202919 28.46128453 -36.32920843 1.35823590e-01
90.05463430 28.45616589 -36.32712662 1.00707690e-01
89.68674690 28.47043710 -36.33518419 2.39577120e-01
90.13202880 28.38433771 -35.71709365 6.40873350e-02
90.04808980 28.35388236 -35.41384428 6.89895540e-02
89.92540301 28.35900161 -35.41631512 8.70243780e-02
89.56408019 28.47462961 -36.33904233 3.94272350e-01
89.80269103 28.36374619 -35.41936770 1.25007150e-01
89.55721224 28.37241331 -35.42751577 3.71684140e-01
89.51859383 28.40786201 -35.73290145 4.90856020e-01
89.52548428 28.51006287 -36.64426031 4.50112300e-01
89.31170046 28.38077595 -35.43785721 1.09660290e+00
89.07339273 28.49195968 -36.35840775 1.55569930e+00
89.18894896 28.38520972 -35.44328959 1.45242140e+00
89.02770744 28.42571430 -35.75353545 1.84471940e+00
89.43445730 28.37656317 -35.43246868 7.18566330e-01
89.44140468 28.47872951 -36.34352432 7.00572700e-01
89.93519520 28.25606708 -34.40986494 6.33509960e-02
89.76402795 28.39934325 -35.72469905 1.61675230e-01
89.88839016 28.29211163 -34.76198788 7.97790940e-02
89.67995898 28.36818567 -35.42318082 1.98830240e-01
89.27313441 28.41624171 -35.74315552 1.24437900e+00
89.32334149 28.27798160 -34.43285052 8.50387220e-01
89.15041255 28.42075827 -35.74841112 1.59890910e+00
89.20095832 28.28241604 -34.43910234 1.04393440e+00
89.56811466 28.26957944 -34.42156500 3.20803700e-01
89.64694579 28.09603565 -32.63527671 2.69060720e-01
89.81285346 28.26084661 -34.41307650 1.02151720e-01
89.89814561 28.18918369 -33.70226245 7.46743780e-02
90.30205765 28.23942793 -34.40518881 3.61875010e-02
90.38028288 28.06447629 -32.62887544 7.08022970e-02
90.42518481 28.13052566 -33.34210974 5.55417010e-02
90.17979966 28.24536482 -34.40590646 4.06626640e-02
90.37831446 28.26974313 -34.75565925 3.33968910e-02
90.49977227 28.36592421 -35.71584239 3.20423690e-02
90.25587755 28.27590637 -34.75601626 3.53621470e-02
90.37721880 28.37237840 -35.71551304 3.29667370e-02
90.17074770 28.34835718 -35.41214368 4.96451040e-02
90.25463886 28.37854285 -35.71598227 4.49728180e-02
90.00938845 28.38972750 -35.71899882 8.30303970e-02
90.01091449 28.28710892 -34.75903763 6.01208100e-02
90.29337518 28.34243599 -35.41113185 3.60817330e-02
90.29975491 28.44470160 -36.32495493 6.08267320e-02
90.86737537 28.34640310 -35.72228732 1.16027730e-01
90.91220405 28.41253413 -36.33253189 1.68278830e-01
90.90623897 28.31032964 -35.41919370 1.47147810e-01
91.40234839 28.19443851 -34.44570495 3.41723490e-02
90.98994264 28.34065376 -35.72655998 1.91251620e-01
91.03473007 28.40705002 -36.33660316 1.85518400e-01
91.15150284 28.30043998 -35.43022442 1.31074160e-01
91.15730416 28.40265142 -36.34221509 1.23362770e-01
91.52522244 28.40069563 -36.36461839 2.66074250e-02
91.64227066 28.30322418 -35.46925429 3.75731060e-02
91.60293519 28.23321359 -34.81403598 2.75870350e-02
91.72566959 28.34259043 -35.77918031 5.36490780e-02
91.88649875 28.32431427 -35.49670951 6.56989700e-02
91.89179119 28.42676288 -36.39760797 5.00251990e-02
91.76461312 28.31173190 -35.48234781 5.77745970e-02
91.84770088 28.35380017 -35.79243920 6.40213090e-02
91.51966658 28.29840241 -35.45717237 3.33096020e-02
91.60325112 28.33535845 -35.76717640 3.41187240e-02
91.23532686 28.23002995 -34.78241776 8.63760530e-02
91.27420934 28.29755808 -35.43768178 6.92325600e-02
91.11280416 28.23339822 -34.77430182 1.52008400e-01
91.23521608 28.33240703 -35.73881754 8.50579220e-02
91.24106867 28.12759556 -33.72672152 9.14011050e-02
90.86790536 28.24385756 -34.76355108 1.08172650e-01
91.02884707 28.30484582 -35.42384832 1.79271360e-01
91.11255370 28.33584302 -35.73196695 1.47616230e-01
90.87472948 28.14102473 -33.70805551 1.20840190e-01
90.62311889 28.25670504 -34.75755738 4.86211840e-02
90.66110672 28.32302466 -35.41298031 4.65123200e-02
90.74483642 28.35272590 -35.71911603 5.96400380e-02
91.27997589 28.19511435 -34.43584185 6.99347800e-02
91.35788921 28.22851488 -34.79107788 3.86184390e-02
91.47991927 28.02506519 -32.66919413 3.17541100e-02
91.52434253 28.09422822 -33.38981928 2.05788700e-02
91.64642070 28.09938152 -33.40203741 1.85768810e-02
91.52469824 28.19634654 -34.45714639 2.59209630e-02
91.76289935 28.00579160 -32.33145122 1.98399620e-02
91.60756557 28.13140165 -33.75714502 2.31310370e-02
91.76822655 28.10820316 -33.41321291 1.94422900e-02
91.64692431 28.20139604 -34.47017104 2.65723750e-02
91.84566352 28.04804197 -32.69725823 3.17310830e-02
91.72944942 28.13896891 -33.77013167 2.43546890e-02
91.85093267 28.15049110 -33.78298944 6.24543090e-02
91.76888013 28.21013680 -34.48362510 5.87122130e-02
91.71873813 27.93418216 -31.60724304 6.77843820e-02
91.64100172 27.99702477 -32.32200112 2.43623250e-02
91.39654168 27.98996963 -32.30556276 4.53731710e-02
91.51883476 27.99192007 -32.31233540 3.62631790e-02
91.35764016 28.02401233 -32.66067549 5.60988360e-02
91.36326668 28.12626794 -33.73497824 4.01171420e-02
91.23535720 28.02536567 -32.65429108 1.08683880e-01
91.27990431 28.09282301 -33.37123084 8.49155170e-02
91.11311096 28.02859122 -32.64795110 1.77674430e-01
91.15769912 28.09547401 -33.36447900 1.41489570e-01
90.99091467 28.03321910 -32.64311813 1.70629630e-01
91.11890725 28.13080477 -33.71881249 1.55036440e-01
90.79136047 28.11103683 -33.34908106 9.36669850e-02
91.03554244 28.09967480 -33.35774214 1.78843940e-01
90.04574046 27.94371065 -31.19932856 8.01370860e-02
90.01373001 28.08185902 -32.62792127 6.19855280e-02
90.13594307 28.07643482 -32.62750446 5.12143080e-02
90.26452637 28.17289982 -33.69783560 3.83031410e-02
90.05883292 28.14828497 -33.34200321 4.98522000e-02
90.14242818 28.17871618 -33.69846373 4.41463010e-02
90.30309591 28.13678935 -33.34126847 4.32815700e-02
90.38659560 28.16673243 -33.69828266 4.07601040e-02
90.91309111 28.20749323 -34.41547208 1.44458590e-01
90.91343387 28.10499762 -33.35324520 1.50364060e-01
90.99033280 28.23815497 -34.76840304 1.84865580e-01
90.99679616 28.13542651 -33.71285780 1.76109670e-01
89.76584257 28.29676658 -34.76529258 1.27036040e-01
89.77596724 28.19387613 -33.70544717 1.27089800e-01
89.64327640 28.30114025 -34.76953312 2.14653370e-01
89.69224006 28.16276010 -33.34997012 1.90835240e-01
89.32551929 28.17554063 -33.36546432 5.89094840e-01
89.15295102 28.31835516 -34.79151028 1.24853010e+00
89.20327956 28.18002141 -33.37211250 5.81606030e-01
89.07858824 28.28722453 -34.44538566 1.15486600e+00
89.52465253 28.10031188 -32.63965836 4.07567520e-01
89.65377023 28.19828858 -33.70928310 2.16183680e-01
89.03548999 28.11864959 -32.66511636 1.96265870e-01
88.95884855 28.19024663 -33.38563305 5.89404450e-01
88.91324158 28.12428664 -32.67182723 2.37817080e-01
88.83667470 28.19623729 -33.39093766 7.35844570e-01
89.44776375 28.17126796 -33.35934185 5.16957940e-01
89.53156042 28.20252869 -33.71403837 3.76599490e-01
89.28712755 28.21103145 -33.72595921 6.84030080e-01
89.28005474 28.10893310 -32.65102379 4.17056880e-01
88.82190838 27.99271831 -31.24484630 2.43135570e-02
88.82930102 28.09447814 -32.31789154 1.89212150e-01
88.46277215 28.11664806 -32.31942839 1.86321700e+00
88.70708496 28.10123570 -32.32213487 5.36559870e-01
88.54671691 28.14512527 -32.67950949 1.65856050e+00
88.79842037 28.23229219 -33.74993013 1.29517440e+00
88.30254791 28.16185535 -32.66211215 5.57523130e-01
88.34837152 28.22668132 -33.38027897 4.67274530e-01
88.21857082 28.13382286 -32.29366262 2.49630780e-01
88.10437799 28.24445143 -33.34156463 3.75969940e-04
87.81423763 28.19697914 -32.54316717 0.00000000e+00
88.06635121 28.28140737 -33.68984481 0.00000000e+00
88.18048857 28.17066957 -32.64359783 7.50298110e-02
88.17263756 28.06897595 -31.57278117 3.09404150e-01
87.56991624 28.21332680 -32.43591116 0.00000000e+00
87.93634598 28.18837026 -32.58445954 0.00000000e+00
87.61620786 28.27932240 -33.17824180 0.00000000e+00
87.97437041 28.15145300 -32.23868519 4.06745260e-04
87.86034991 28.26229285 -33.27496532 0.00000000e+00
88.05842620 28.17956153 -32.61787247 1.14537130e-03
87.94437703 28.29043126 -33.65844359 0.00000000e+00
87.98237491 28.25343473 -33.31192700 0.00000000e+00
88.58490963 28.10865188 -32.32310579 1.13361330e+00
88.47039162 28.21821977 -33.39007651 1.53679900e+00
88.79102661 28.13056489 -32.67719633 4.43542430e-01
88.71453877 28.20290555 -33.39427188 1.39657970e+00
88.66885125 28.13752151 -32.68021794 1.00873360e+00
88.55427235 28.24671279 -33.75053057 1.72134560e+00
88.83392321 28.29851153 -34.45543757 1.75514590e+00
88.95624043 28.29255705 -34.45113037 1.41328440e+00
88.41811038 28.35792971 -34.79604654 1.80406230e-01
88.43225967 28.25485551 -33.74434002 9.07578110e-01
88.46721864 28.32051172 -34.45130009 5.40926980e-01
88.58940999 28.31251045 -34.45642639 1.47699180e+00
88.54048188 28.34967738 -34.80293241 7.41521740e-01
88.90785595 28.32890674 -34.80213677 1.72337050e+00
88.78535517 28.33512208 -34.80527085 1.98356610e+00
88.90502770 28.43123598 -35.75778850 1.84091090e+00
88.45301978 28.42359311 -35.44961967 1.13972560e-01
88.53722433 28.45198723 -35.75695015 1.90297820e-01
88.69816976 28.40806916 -35.45725793 1.35749360e+00
88.78238248 28.43742480 -35.76020434 1.48722950e+00
88.34506403 28.32904812 -34.44124615 1.02850510e-01
88.16979516 28.47834554 -35.72568002 0.00000000e+00
88.10081469 28.34710481 -34.40461084 0.00000000e+00
88.08555222 28.45067322 -35.40801385 0.00000000e+00
88.05114533 28.38501086 -34.74569247 0.00000000e+00
87.84865513 28.57185424 -36.27712444 0.00000000e+00
88.17345594 28.37575496 -34.76773302 0.00000000e+00
88.18831314 28.27236407 -33.71436066 6.68417950e-03
87.70035325 28.30799787 -33.57406028 0.00000000e+00
87.80648721 28.40347370 -34.68431111 0.00000000e+00
88.22293418 28.33796633 -34.42576302 6.20117170e-03
88.22637190 28.23548044 -33.36420704 5.99904680e-02
87.61218626 28.38317741 -34.25688886 0.00000000e+00
87.68412276 28.41250109 -34.64422213 0.00000000e+00
88.29577275 28.36667492 -34.78441690 8.72643750e-03
88.31027773 28.26345971 -33.73243865 1.23617090e-01
87.24543195 28.40828916 -34.06898087 0.00000000e+00
87.21194375 28.34033463 -33.31645233 0.00000000e+00
87.12314660 28.41649022 -33.99293018 0.00000000e+00
87.43930589 28.42993916 -34.53837397 0.00000000e+00
87.11405140 28.62878534 -36.02413040 0.00000000e+00
87.22782543 28.51464965 -35.11170524 0.00000000e+00
87.00086282 28.42481757 -33.91107708 0.00000000e+00
87.19439955 28.44682388 -34.40436102 0.00000000e+00
86.94478056 28.57104602 -35.28580254 0.00000000e+00
86.99160390 28.63852285 -35.96624623 0.00000000e+00
87.35042026 28.50583583 -35.17351106 0.00000000e+00
86.58695929 28.71102734 -36.08188985 7.83811580e-04
86.75635962 28.44249900 -33.73309824 0.00000000e+00
86.86006346 28.54198405 -34.89554278 0.00000000e+00
86.21644831 28.53297257 -33.72360473 4.97114520e-01
86.24871223 28.60297838 -34.50287890 2.05781060e-01
86.02628401 28.52420521 -33.23650322 3.01263870e+00
86.21148878 28.64524881 -34.85834645 4.71254950e-01
86.57746585 28.60266496 -35.06594061 1.10026120e-03
86.82704208 28.47297674 -34.15980295 0.00000000e+00
86.73754218 28.55197274 -34.81595795 0.00000000e+00
86.82227572 28.58087238 -35.21452760 0.00000000e+00
86.11505030 28.43546260 -32.49965241 2.25015250e+00
86.46016423 28.50469943 -33.88891865 3.14476370e-03
86.26850380 28.48922674 -33.37018313 1.97096680e-01
86.72341670 28.37297703 -32.95541509 0.00000000e+00
86.51690383 28.35321111 -32.40758529 2.88276900e-03
86.63418587 28.45229230 -33.64010043 6.96755460e-04
86.10496066 28.32486983 -31.32492450 2.30415210e+00
85.99443425 28.45465671 -32.44099736 2.70235030e+00
86.46985505 28.28424829 -31.60513352 2.17295150e-03
86.35769873 28.40513411 -32.66282832 1.55329610e-02
86.39019177 28.47528009 -33.45544781 3.23249830e-03
86.60138526 28.38247691 -32.85678309 1.01554740e-03
86.51211239 28.46310813 -33.54634037 2.99515740e-03
86.58234850 28.49306881 -33.97945184 1.39150080e-03
86.84551252 28.36424854 -33.05278894 0.00000000e+00
86.83635582 28.25759975 -31.92618186 0.00000000e+00
86.96764491 28.35603615 -33.14599004 0.00000000e+00
86.87859272 28.43340663 -33.82406762 0.00000000e+00
87.00537158 28.31814208 -32.80418757 0.00000000e+00
87.08979413 28.34812855 -33.23426646 0.00000000e+00
87.49408577 28.28741595 -33.11833293 0.00000000e+00
87.57829354 28.31641581 -33.52080912 0.00000000e+00
87.33408302 28.33252383 -33.39175274 0.00000000e+00
87.36334167 28.19136382 -31.95651505 0.00000000e+00
86.95862651 28.25008960 -32.02776624 0.00000000e+00
86.94959084 28.14414255 -30.90960409 0.00000000e+00
87.24103948 28.19846861 -31.87482654 0.00000000e+00
87.32545776 28.22844693 -32.29558115 0.00000000e+00
86.26349722 28.26768237 -31.04901910 2.18612960e-01
86.33817187 28.18613818 -30.25471132 3.84519430e-02
86.22626152 28.30901395 -31.40622048 5.81051640e-01
86.21633891 28.19891326 -30.12990894 7.61302470e-01
86.34793348 28.29563656 -31.50201896 2.30128490e-02
86.27336964 28.37759106 -32.21429871 2.37313220e-01
85.78113400 28.34565429 -30.81667045 1.43985730e-01
85.63719179 28.53155794 -32.39599953 2.26494240e+00
85.50939271 28.45248300 -31.24283247 1.64242350e+00
85.49895326 28.34185485 -29.93509208 6.36428740e-01
85.54492415 28.40465174 -30.83901974 1.14590400e+00
85.55537816 28.51539672 -32.01763476 2.03478990e+00
85.39285850 28.48668010 -31.28390394 1.48275220e+00
85.40324543 28.59691670 -32.45667303 9.89117450e-01
85.62672900 28.42062304 -31.21599324 8.33130020e-01
85.51983724 28.56311468 -32.42059912 1.75817160e+00
85.91096323 28.43220575 -32.02020542 1.58015110e+00
85.98419800 28.34371756 -31.26304945 1.71934420e+00
85.87451079 28.47705904 -32.40441433 1.47491880e+00
85.86415543 28.36594599 -31.22289519 3.68435460e-01
85.66802008 28.59933581 -33.18009792 2.46000180e+00
85.67301192 28.48461528 -31.99817074 1.62728640e+00
85.16158999 28.56000317 -31.38718891 4.22105140e-01
85.20683391 28.62042920 -32.14535804 3.07554470e-01
85.04652591 28.59819973 -31.44135791 2.05735200e-01
85.05663550 28.70706774 -32.59841762 7.51246230e-02
84.94167051 28.74537086 -32.64559994 5.95504390e-02
84.97662457 28.69635876 -32.24555491 8.30097030e-02
84.86175517 28.73502644 -32.29190347 8.54371440e-02
84.62214302 28.70516944 -31.22938048 3.27946950e-01
84.93164902 28.63693433 -31.49342650 1.45382770e-01
84.85178553 28.62685840 -31.14311482 1.88842170e-01
85.31209781 28.47385966 -30.92606339 1.24614880e+00
85.32242975 28.58380176 -32.09543071 6.93933950e-01
85.26668439 28.41290660 -30.06058518 1.24802090e+00
85.19659565 28.51094889 -30.98068988 6.72142200e-01
84.81684569 28.67593844 -31.54154676 1.59216320e-01
84.80690119 28.56789996 -30.33937219 2.52323730e-01
84.70202729 28.71500775 -31.58421262 2.43988700e-01
84.69213524 28.60731806 -30.39668406 3.01170690e-01
84.24135128 28.86904229 -31.69184906 2.07823350e-01
84.17086258 28.96523340 -32.45310043 1.24247330e-01
84.16092523 28.85851333 -31.32165978 6.09840980e-02
84.05502990 29.00233659 -32.45713090 2.10515550e-02
84.11567977 28.79983792 -30.54838700 3.17683880e-02
83.92885701 28.93231318 -31.32238437 1.43074420e-02
83.64987509 28.94448555 -30.49837993 1.20986120e-01
83.56833679 28.93209556 -30.06856832 1.91792100e-01
83.42620552 29.12079362 -31.58025564 2.94189180e-01
83.53278233 28.97927442 -30.45828437 2.09900430e-01
83.43692937 29.22799705 -32.72192391 3.27831680e-01
83.77698268 29.01587427 -31.68153654 2.92738070e-02
83.47237726 29.18073148 -32.35624927 2.16065590e-01
83.70609219 29.11071859 -32.42269512 2.76492910e-02
83.69575220 29.00395237 -31.28863412 7.49340330e-02
83.58932900 29.14591640 -32.39374652 9.58947920e-02
84.00967722 28.94350490 -31.70290204 8.38628590e-03
83.93895515 29.03895202 -32.45347291 4.45346810e-03
84.04502240 28.89568261 -31.32614207 1.22634010e-02
84.01971117 29.05014994 -32.83382673 1.48060950e-02
84.47206394 28.79269577 -31.65153506 4.77641650e-01
84.40182910 28.88966029 -32.42440854 5.44895480e-01
84.50714757 28.74407517 -31.26308366 4.40037850e-01
84.51700185 28.85129453 -32.40014652 4.49811290e-01
84.85522578 28.84867474 -33.44586926 2.52090760e-02
84.82679449 28.78398122 -32.68862444 7.55952890e-02
84.68817113 28.94160992 -33.87887121 7.06057800e-02
84.71192289 28.82270186 -32.72715859 1.47167230e-01
84.16292224 29.07770835 -33.58553193 2.65143050e-01
84.25125287 28.97583596 -32.82392124 4.00655220e-01
84.10954735 29.13143057 -33.96463681 1.80874910e-01
84.13559767 29.01322102 -32.83236769 9.56980600e-02
83.87671876 29.20476673 -33.95668725 3.34230300e-02
83.90358495 29.08659458 -32.82783310 3.83715860e-03
83.64306297 29.27646458 -33.92004685 1.75248330e-01
83.78723067 29.12257595 -32.81459827 1.14226050e-02
83.58071226 29.25861407 -33.52667684 1.68296380e-01
83.67065468 29.15810217 -32.79231647 3.50523600e-02
83.52596636 29.31178946 -33.88999739 5.20109560e-01
83.55387892 29.19322217 -32.76187307 1.17612290e-01
83.69756558 29.22325447 -33.55381303 4.73341270e-02
83.55274484 29.37716295 -34.63663197 1.04136400e+00
83.75998917 29.24081077 -33.94236951 5.75617030e-02
83.63436158 29.38912612 -35.01599813 9.64905240e-01
84.02040772 29.23293529 -34.69890163 2.19073710e-01
83.99324267 29.16831572 -33.96395152 6.85678790e-02
84.27871261 29.04024079 -33.57653372 6.08454830e-01
84.13683949 29.19594331 -34.69848300 4.34074960e-01
84.33374466 29.16908468 -35.04437026 7.85276700e-01
84.34151964 29.05643246 -33.94718170 7.15841370e-01
84.74011341 28.88723007 -33.48240417 6.57866430e-02
84.48498146 29.08281795 -34.66509601 3.47976780e-01
84.57275126 28.98008798 -33.90691885 2.41141090e-01
84.44966273 29.13121148 -35.03087269 4.17308090e-01
85.02808107 28.94062144 -34.90215609 2.13734010e-03
85.96939839 28.68463546 -34.76733210 2.72596020e+00
85.43329399 28.66347516 -33.23080287 6.21156490e-01
85.14396786 28.90329499 -34.86759700 3.29081670e-03
85.20111856 28.73492143 -33.31555081 8.17635860e-02
85.06331249 28.89182392 -34.51833738 5.53844700e-03
85.03431207 28.82650716 -33.76750398 1.23646920e-02
84.83195330 28.96785214 -34.58869458 7.39288510e-03
84.97037051 28.81029496 -33.40497577 1.76880830e-02
85.17179666 28.66932867 -32.54994076 1.56974460e-01
85.08563143 28.77228805 -33.36099086 3.16337450e-02
85.14991876 28.78887687 -33.72411980 2.41238590e-02
84.80352433 28.90307798 -33.84585022 2.53298440e-02
84.71635469 29.00620946 -34.61838072 2.47494310e-02
85.78661314 28.57117242 -33.17852336 2.89300120e+00
85.75540741 28.50274395 -32.39039542 1.92347640e+00
85.97435418 28.57079758 -33.60816999 3.08873310e+00
86.14715586 28.50539355 -33.29550834 1.54370560e+00
85.73503674 28.62082597 -33.57039707 2.72865630e+00
85.52947487 28.74957727 -34.37687805 3.83987310e-01
85.84932312 28.70866475 -34.74515860 2.27472740e+00
86.09512442 28.55046721 -33.65778903 2.25496180e+00
85.61663754 28.65033014 -33.58015869 1.64690780e+00
85.29550083 28.81820634 -34.44149012 2.91598660e-02
85.49903953 28.68234222 -33.60470942 7.56734140e-01
85.26013362 28.86675251 -34.83218233 1.00717530e-02
85.88580962 28.66328939 -34.36386597 2.97466450e+00
86.12718459 28.62032075 -34.44135298 1.35712150e+00
85.38214407 28.71640375 -33.63922380 2.38983620e-01
85.17924641 28.85457078 -34.47989254 8.32865140e-03
85.73002643 28.73563295 -34.73999642 1.34614570e+00
85.77667635 28.80040041 -35.46698331 7.38229910e-01
85.61153591 28.76533713 -34.74892381 4.53892500e-01
85.65793235 28.82910163 -35.47004377 1.74680890e-01
85.37669771 28.83131485 -34.79887755 3.60466550e-02
85.53993077 28.86019610 -35.48525523 5.67387480e-02
86.00616402 28.64030388 -34.39416177 2.68821020e+00
85.89619345 28.77441920 -35.47719611 1.24945750e+00
86.09016265 28.66356101 -34.80605895 1.37188930e+00
85.97971177 28.79567466 -35.83093030 1.06528850e+00
85.85973926 28.81980915 -35.81158946 5.11428730e-01
85.77170430 28.91499894 -36.48483753 3.47796040e-02
85.74049828 28.84670227 -35.80599607 1.98783250e-01
85.51357742 29.09418406 -37.52807877 0.00000000e+00
85.27041146 28.97636199 -35.88371664 1.23096850e-03
85.36559354 29.06061885 -36.87609809 2.53428860e-04
85.15414730 29.01243744 -35.91379617 7.92572600e-04
85.24853137 29.09560039 -36.90259713 0.00000000e+00
85.18945744 28.96386738 -35.56742944 9.58772250e-04
85.38706669 28.94138449 -35.85507448 4.41298600e-03
85.41219390 28.78305832 -34.40636076 1.07649250e-01
85.30580936 28.92797121 -35.53617400 2.76531940e-03
85.49378731 28.79736099 -34.77010847 1.36104660e-01
85.42258819 28.89327416 -35.50847025 1.33730340e-02
84.91236503 28.97845861 -34.93506053 2.63780720e-03
85.03816579 29.04931368 -35.94304642 3.92797830e-04
84.84190710 29.07586947 -35.65471959 7.33636870e-04
84.92236646 29.08673274 -35.97120517 6.74322190e-04
84.56543923 29.09310692 -35.01306217 1.30070510e-01
84.61058301 29.15194830 -35.69979758 3.71779110e-02
84.26297440 29.26536450 -35.73935418 9.29477960e-01
84.49483997 29.18995029 -35.71677291 2.02370000e-01
83.98490789 29.28073233 -35.05549591 3.21472520e-01
84.10138059 29.24388115 -35.05696470 4.45837380e-01
84.02218266 29.45206141 -36.73632138 1.01047420e+00
84.22757618 29.31341796 -36.07215553 9.60512960e-01
83.78693894 29.30574634 -34.68150700 2.55635460e-01
83.99497211 29.38739579 -36.07442675 6.76164640e-01
83.56329609 29.48419966 -35.69485036 1.50989700e+00
83.86823981 29.31720856 -35.04848936 3.72155200e-01
83.68031308 29.44846615 -35.71572959 1.34042140e+00
83.91390452 29.37620635 -35.74034532 6.28016250e-01
83.67168991 29.56121511 -36.70835028 1.33782950e+00
83.76167834 29.46010370 -36.05778693 1.22094720e+00
83.73417846 29.57862133 -37.04776992 1.29558530e+00
83.79718973 29.41248529 -35.73095913 7.84038790e-01
84.08498330 29.46882058 -37.06757219 1.14199990e+00
84.37898044 29.22777988 -35.73022711 5.66268460e-01
84.25505926 29.37789682 -36.73257753 9.01756140e-01
84.45952300 29.23827518 -36.05308246 2.50254980e-01
84.37126433 29.34040986 -36.72490545 4.35052350e-01
84.57530255 29.20039812 -36.03773162 4.55295450e-02
84.55066362 29.31889786 -37.03785900 1.98189200e-02
84.69100101 29.16243224 -36.01870715 5.60823470e-03
84.48734182 29.30272252 -36.71334555 1.12520990e-01
84.80666975 29.12449836 -35.99622779 7.77118780e-04
84.60331640 29.26489437 -36.69855463 1.18514430e-02
84.78296005 29.24326268 -37.00225679 6.81605740e-04
84.46222923 29.42116258 -37.71124763 6.74966790e-02
84.66682351 29.28105652 -37.02176809 1.27070670e-03
84.31013647 29.50687348 -38.05356294 4.30615850e-01
84.43443059 29.35666918 -37.05068558 2.07146540e-01
84.31808865 29.39428533 -37.05997155 5.88794490e-01
84.34362384 29.27597187 -36.06471007 6.54979580e-01
84.07666594 29.58130283 -38.05907310 9.91541520e-01
84.20161162 29.43168273 -37.06564989 9.90673190e-01
83.78866432 29.52508017 -36.72273851 1.40347120e+00
83.87840753 29.42390075 -36.06868486 8.71236530e-01
83.64381167 29.67992960 -37.69836873 3.40070950e-01
83.90549979 29.48870597 -36.73173844 1.26355040e+00
83.55460066 29.59716861 -36.68898448 7.88733960e-01
83.49084513 29.76399433 -38.00636369 5.09790800e-03
83.77140436 29.75039376 -38.70662661 1.19571810e-01
83.76111415 29.64358830 -37.71250707 9.16441060e-01
83.85285926 29.76158902 -39.04354246 1.48060910e-01
83.87830484 29.60707665 -37.72188583 1.17456970e+00
83.84265756 29.65484888 -38.05039719 9.33707630e-01
83.96819746 29.50568119 -37.06529353 1.26603600e+00
84.34570364 29.45875975 -37.72044853 3.53407420e-01
84.11400391 29.75256383 -39.73086893 2.32740020e-01
84.42668755 29.46937383 -38.04594447 8.08571470e-02
84.08666833 29.68798540 -39.05065438 6.21722930e-01
84.58852717 29.49072020 -38.69480835 0.00000000e+00
85.12564027 29.24573086 -37.94180000 0.00000000e+00
84.57866248 29.38344967 -37.69905200 3.34655550e-03
84.83514776 29.18926705 -36.65861058 6.32227680e-04
85.40604841 29.23732654 -38.56446036 0.00000000e+00
85.48811964 29.25215908 -38.89186174 0.00000000e+00
85.18351357 29.07808317 -36.58055345 6.22869820e-05
85.16120109 29.19734884 -37.59762039 0.00000000e+00
85.41714326 29.00794482 -36.52658816 9.52345220e-04
85.39567283 29.12727922 -37.54842896 0.00000000e+00
84.69504939 29.34573033 -37.68372514 4.67534360e-04
84.95111565 29.15173093 -36.63444993 1.30031580e-04
84.92787431 29.27072389 -37.64496430 1.48885990e-04
85.01539209 29.16836261 -36.95575203 1.15311630e-04
84.71923657 29.22704020 -36.67985464 8.78985830e-04
84.65955035 29.39411616 -38.02170469 4.02323800e-04
85.06721154 29.11460431 -36.60794413 9.61581880e-05
85.13182978 29.13160294 -36.92943742 8.13950760e-05
85.62201418 28.87617707 -35.81314477 5.49937540e-02
85.48311760 29.02696576 -36.85301127 7.59620220e-04
86.10033668 28.77431341 -35.86357434 4.99562960e-01
85.75115276 29.03344157 -37.50564215 3.11840360e-04
85.63204713 29.06279592 -37.51161604 3.27862760e-04
85.53468914 28.97497992 -36.50412757 5.02505200e-03
85.71996586 28.96510108 -36.82529364 7.97506710e-03
85.65285090 28.94387547 -36.48955318 1.35372290e-02
86.07542826 29.00387123 -37.87740966 2.94155300e-03
86.08036825 28.89025850 -36.86774263 1.33495460e-01
85.95957561 28.91259973 -36.84036423 2.72557280e-02
85.89128707 28.88866972 -36.49215545 7.25058040e-02
86.31851700 28.96480445 -37.94533090 1.79854680e-03
86.20170707 28.87043820 -36.90436685 8.27620890e-02
86.11242656 28.95986086 -37.54937889 1.61071630e-02
85.84488332 29.16334470 -38.86720915 0.00000000e+00
86.00172234 29.09293007 -38.53998254 0.00000000e+00
86.24400537 29.05047792 -38.59115505 9.16560810e-04
86.47810711 28.90653058 -37.67316167 8.89166490e-04
86.23396749 28.94015778 -37.58452921 9.10756150e-03
86.48778077 29.01562284 -38.66523716 0.00000000e+00
86.60053318 28.89198640 -37.72170083 0.00000000e+00
86.61002289 29.00036647 -38.70629692 0.00000000e+00
86.84580149 28.86608811 -37.82081042 0.00000000e+00
86.81280103 28.79739811 -37.16366075 0.00000000e+00
86.68536243 28.91890147 -38.08093948 0.00000000e+00
87.17617919 28.87071353 -38.25847898 0.00000000e+00
87.33708227 28.82141629 -37.99468301 0.00000000e+00
87.59105016 28.90366153 -38.99261764 0.00000000e+00
87.58280296 28.80043054 -38.06177709 0.00000000e+00
87.10951334 28.73523489 -36.97090991 0.00000000e+00
87.18082819 28.76453654 -37.31447048 0.00000000e+00
87.29898634 28.85977188 -38.29642519 0.00000000e+00
87.45994466 28.81088603 -38.03011929 0.00000000e+00
86.95379530 28.67722430 -36.26639995 0.00000000e+00
87.35897273 28.60990210 -36.12751104 0.00000000e+00
86.72311387 28.87859402 -37.77148092 0.00000000e+00
86.98699052 28.74570031 -36.91952520 0.00000000e+00
86.74208253 28.76815122 -36.80892505 0.00000000e+00
86.70915330 28.69895109 -36.14490895 0.00000000e+00
86.56779985 28.82264644 -37.05401631 3.12549520e-04
86.49755359 28.79398231 -36.69416747 8.51972690e-04
86.32345507 28.85276693 -36.94923941 1.75203430e-03
86.25381085 28.82537605 -36.58872432 1.22310330e-01
86.44551516 28.83695229 -37.00029051 1.64032650e-03
86.50237080 28.68343567 -35.71053614 1.53299280e-03
86.86918422 28.64863578 -35.90494108 0.00000000e+00
86.69024372 28.80954411 -37.10919075 0.00000000e+00
86.74681898 28.65935432 -35.84108798 0.00000000e+00
86.61975006 28.78051575 -36.75096479 0.00000000e+00
86.62453246 28.67085123 -35.77609970 0.00000000e+00
86.49276358 28.57459520 -34.65331277 2.47103500e-03
86.33321804 28.62924656 -34.92173352 9.85578500e-03
86.25866477 28.71310367 -35.59019149 1.39653540e-01
86.69982579 28.59132355 -35.14099609 0.00000000e+00
86.61509363 28.56273400 -34.73465797 7.33346490e-04
86.37060793 28.58787236 -34.57509984 3.74977660e-03
86.38038754 28.69739264 -35.64797793 3.49382530e-03
87.43496712 28.53450631 -35.52822506 0.00000000e+00
87.19859711 28.65738462 -36.37625033 0.00000000e+00
87.31242543 28.54352836 -35.47522927 0.00000000e+00
87.07618759 28.66716676 -36.32313731 0.00000000e+00
87.60385489 28.59106597 -36.21229066 0.00000000e+00
87.48142235 28.60051478 -36.17213273 0.00000000e+00
87.18987179 28.55253496 -35.41677144 0.00000000e+00
87.10522483 28.52351238 -35.04443537 0.00000000e+00
87.06732009 28.56167269 -35.35356921 0.00000000e+00
86.98263287 28.53257727 -34.97213243 0.00000000e+00
87.23205610 28.72506349 -37.01881780 0.00000000e+00
87.23651268 28.61929455 -36.07802521 0.00000000e+00
86.86450520 28.75660630 -36.86501999 0.00000000e+00
86.93543244 28.78595543 -37.21662300 0.00000000e+00
87.30355530 28.75425553 -37.35824626 0.00000000e+00
87.32101375 28.64778295 -36.42524077 0.00000000e+00
87.81055333 28.60922884 -36.57516870 0.00000000e+00
87.59968204 28.69518718 -37.13838672 0.00000000e+00
88.33816347 28.53386208 -36.35218570 9.66872770e-04
88.08968031 28.65529207 -37.23838110 0.00000000e+00
87.72626527 28.58150636 -36.24713946 0.00000000e+00
87.54900393 28.73397294 -37.43394775 0.00000000e+00
87.80246603 28.50679111 -35.65261132 0.00000000e+00
87.68819638 28.61897616 -36.54497703 0.00000000e+00
87.67999131 28.51617514 -35.61792868 0.00000000e+00
87.59555861 28.48798899 -35.27932735 0.00000000e+00
87.96308083 28.46011175 -35.38447201 0.00000000e+00
87.93289514 28.59944504 -36.60121043 0.00000000e+00
87.92491985 28.49730646 -35.68188745 0.00000000e+00
87.84059594 28.46952426 -35.35573890 0.00000000e+00
88.41471433 28.46029057 -35.75065293 3.02409360e-02
88.17756530 28.58008000 -36.64005549 0.00000000e+00
88.65977990 28.44434238 -35.75999180 7.21830600e-01
88.57557189 28.41549303 -35.45500933 4.16716620e-01
88.29224204 28.46912739 -35.74034446 9.54819920e-04
88.20802274 28.44133702 -35.42648080 0.00000000e+00
88.82081313 28.40137184 -35.45646284 1.82660130e+00
88.82814742 28.50310688 -36.36585512 1.11997150e+00
88.40791073 28.66502476 -37.57262242 0.00000000e+00
88.42230448 28.56186928 -36.66164078 3.17754780e-03
88.89938120 28.63576721 -37.57732795 3.14819990e-01
88.91230468 28.53303367 -36.66723240 1.14002470e+00
88.65354432 28.64884895 -37.57911018 4.92485150e-02
88.78973529 28.53912948 -36.66959075 7.13962530e-01
88.57988332 28.61934595 -37.27477009 4.31902620e-02
88.66720925 28.54597042 -36.66952277 1.69593460e-01
88.93505053 28.70224149 -38.18285430 1.25103380e-01
88.94801799 28.59947725 -37.27267871 6.50705610e-01
88.56580432 28.72236176 -38.18494751 7.27088560e-03
88.70254792 28.61195259 -37.27608138 1.07384550e-01
88.28516651 28.67409692 -37.56433707 0.00000000e+00
88.29991924 28.57075460 -36.65281889 0.00000000e+00
87.95132579 28.76926182 -38.13443875 0.00000000e+00
88.03977002 28.69351438 -37.53648699 0.00000000e+00
87.82849084 28.77959397 -38.11406266 0.00000000e+00
87.91708964 28.70356587 -37.51678905 0.00000000e+00
87.79022973 28.81724539 -38.41441549 0.00000000e+00
87.79440612 28.71369973 -37.49341826 0.00000000e+00
87.70565163 28.78999938 -38.08984245 0.00000000e+00
87.67171241 28.72384983 -37.46589782 0.00000000e+00
87.71377349 28.89280361 -39.01632603 0.00000000e+00
87.66742794 28.82779042 -38.39016069 0.00000000e+00
88.44282723 28.73065101 -38.18173238 0.00000000e+00
88.53070123 28.65657027 -37.57729673 7.24434110e-03
88.69620049 28.81648782 -39.09539858 6.91885020e-03
88.77643976 28.64191951 -37.57925898 1.37569560e-01
88.81192153 28.70816118 -38.18513551 7.26163790e-02
88.65766576 28.85275282 -39.39891925 1.05594530e-03
88.68883672 28.71485457 -38.18562730 2.09631530e-02
88.77332825 28.74419638 -38.48847503 3.40221230e-02
88.89641922 28.73805502 -38.48702016 7.08370110e-02
88.81921218 28.80987107 -39.09436080 1.34274460e-02
89.01954754 28.73263137 -38.48345665 9.85475630e-02
89.02235897 28.63031561 -37.57359353 6.29777530e-01
88.57324316 28.82394842 -39.09523744 0.00000000e+00
88.52729690 28.75890572 -38.48772629 0.00000000e+00
88.41190070 28.86903418 -39.39542558 0.00000000e+00
88.20096011 28.95355245 -40.02824830 0.00000000e+00
88.28910438 28.87829720 -39.38966224 0.00000000e+00
88.28148336 28.77663760 -38.47649375 0.00000000e+00
88.16635503 28.88814253 -39.38104466 0.00000000e+00
88.08195203 28.86098240 -39.06812687 0.00000000e+00
88.04363984 28.89842478 -39.36961269 0.00000000e+00
88.03582818 28.79644657 -38.45196266 0.00000000e+00
87.95921758 28.87140240 -39.05390190 0.00000000e+00
87.91302738 28.80677529 -38.43489218 0.00000000e+00
87.70955212 28.99676073 -39.97349467 0.00000000e+00
87.92094545 28.90900985 -39.35536633 0.00000000e+00
87.67558083 28.93073174 -39.31807557 0.00000000e+00
87.79826162 28.91980134 -39.33830175 0.00000000e+00
88.43216796 29.03776884 -41.07447666 0.00000000e+00
88.44687018 28.93457217 -40.03959057 0.00000000e+00
87.46390719 29.01955482 -39.92974651 0.00000000e+00
87.65884306 29.03601668 -40.30617692 0.00000000e+00
88.53475318 28.86048570 -39.39833841 0.00000000e+00
88.27409104 28.98173531 -40.37217878 0.00000000e+00
88.32388795 28.94373267 -40.03525210 0.00000000e+00
88.89049821 28.94248741 -40.37781358 3.35110070e-03
89.02671104 28.83449833 -39.39286440 1.81347090e-02
88.76709926 28.94860701 -40.37998651 9.98603600e-04
88.78063583 28.84587761 -39.39797367 7.73188260e-03
88.64375280 28.95559389 -40.38087937 0.00000000e+00
88.67906164 29.02154631 -41.07670730 0.00000000e+00
89.01393698 28.93713109 -40.37459414 3.88921820e-03
87.90065705 29.11682220 -41.39924150 0.00000000e+00
88.52046839 28.96348446 -40.38020909 0.00000000e+00
88.39724901 28.97223240 -40.37746293 0.00000000e+00
88.92619674 29.00894702 -41.07336671 0.00000000e+00
88.80260416 29.01481637 -41.07568602 0.00000000e+00
89.06264312 28.90115178 -40.03403092 5.48260950e-03
88.02381576 29.10555224 -41.41051316 0.00000000e+00
88.76384112 29.05084367 -41.43295949 0.00000000e+00
88.88739544 29.04472587 -41.43130143 0.00000000e+00
89.13461488 29.03470298 -41.42542257 0.00000000e+00
88.18553485 29.05724141 -41.06392958 0.00000000e+00
88.31636302 29.14881358 -42.14238085 0.00000000e+00
87.93909229 29.07894495 -41.04352331 0.00000000e+00
87.94692408 29.18117867 -42.12259128 0.00000000e+00
88.30882159 29.04715590 -41.07035651 0.00000000e+00
88.03156631 29.20760870 -42.48750432 0.00000000e+00
87.57779729 29.21719071 -42.08735190 0.00000000e+00
87.81591289 29.09032754 -41.02967371 0.00000000e+00
87.53953664 29.25586660 -42.44705968 0.00000000e+00
87.65440559 29.14024767 -41.37078051 0.00000000e+00
87.95521887 28.97460146 -40.00625855 0.00000000e+00
87.77752290 29.12840994 -41.38600928 0.00000000e+00
88.06229612 29.06788297 -41.05505154 0.00000000e+00
88.07807496 28.96388900 -40.01862668 0.00000000e+00
87.78185658 29.02461803 -40.32465560 0.00000000e+00
87.69275003 29.10196026 -41.01367342 0.00000000e+00
88.14700829 29.09468698 -41.41945518 0.00000000e+00
88.15098540 28.99186047 -40.36434451 0.00000000e+00
86.85018320 29.08149721 -39.77777765 0.00000000e+00
86.46338768 29.24012285 -40.74759433 0.00000000e+00
87.32334177 29.13817645 -40.95101331 0.00000000e+00
87.55289862 28.94176201 -39.29489510 0.00000000e+00
86.79344150 29.23252200 -41.20807640 0.00000000e+00
86.55783578 29.37369784 -42.30667574 0.00000000e+00
87.20889386 29.25590914 -42.03669330 0.00000000e+00
87.40821725 29.16462623 -41.33335755 0.00000000e+00
86.95421620 29.17750913 -40.86934378 0.00000000e+00
86.80266614 29.33994694 -42.34567443 0.00000000e+00
86.70851361 29.20686990 -40.80828689 0.00000000e+00
86.47313759 29.34946715 -41.90710775 0.00000000e+00
87.45479838 29.22975607 -42.07200664 0.00000000e+00
87.56959848 29.11379785 -40.99517757 0.00000000e+00
85.95017609 29.48089320 -42.23934454 0.00000000e+00
85.84031340 29.61834917 -43.42214027 0.00000000e+00
86.54821766 29.26481051 -41.15213696 0.00000000e+00
86.31381342 29.41206370 -42.26930778 0.00000000e+00
86.67075107 29.24815416 -41.18013788 0.00000000e+00
86.43569965 29.39221951 -42.28698916 0.00000000e+00
86.36090083 29.14418343 -39.63909600 0.00000000e+00
86.35109639 29.36863921 -41.88580708 0.00000000e+00
86.23914985 29.16323539 -39.60976095 0.00000000e+00
86.30380356 29.30189720 -41.10031146 0.00000000e+00
86.43082405 29.17095824 -40.00569286 0.00000000e+00
86.21921492 29.27875909 -40.69518490 0.00000000e+00
86.60520153 29.11059197 -39.70695795 0.00000000e+00
86.58585923 29.22292504 -40.77760394 0.00000000e+00
86.36575015 29.03222989 -38.62564629 9.79737410e-04
86.11775880 29.18407788 -39.58592636 0.00000000e+00
86.55315570 29.15399748 -40.03920925 0.00000000e+00
86.45032096 29.05742447 -38.98304511 0.00000000e+00
86.48294151 29.12672254 -39.67184078 0.00000000e+00
86.57243821 29.04151978 -39.02178153 0.00000000e+00
86.72762916 29.09558225 -39.74226658 0.00000000e+00
86.73242444 28.98623912 -38.74790313 0.00000000e+00
87.28515607 29.17723687 -41.31157104 0.00000000e+00
87.28985366 29.07130357 -40.23464297 0.00000000e+00
87.44646027 29.12585420 -40.97411282 0.00000000e+00
87.53130209 29.15230815 -41.35305415 0.00000000e+00
86.97282909 29.06815424 -39.81206551 0.00000000e+00
87.04398006 29.09631342 -40.17494412 0.00000000e+00
87.46832367 28.91460396 -38.96587115 0.00000000e+00
87.53583509 29.04757393 -40.28492883 0.00000000e+00
87.34109745 29.03122398 -39.90392830 0.00000000e+00
87.41283664 29.05932081 -40.26105392 0.00000000e+00
86.93966893 29.00005509 -39.13748715 0.00000000e+00
86.93064747 28.89362439 -38.17369295 0.00000000e+00
87.34559958 28.92567866 -38.93592851 0.00000000e+00
87.43021722 28.95291104 -39.26882900 0.00000000e+00
86.85493923 28.97299809 -38.78942777 0.00000000e+00
86.80796195 28.90588698 -38.12836489 0.00000000e+00
86.79834504 29.12348592 -40.10820165 0.00000000e+00
86.81715308 29.01304281 -39.09950745 0.00000000e+00
86.67567650 29.13823110 -40.07350165 0.00000000e+00
86.69473010 29.02679417 -39.06023826 0.00000000e+00
86.20686542 29.09378949 -38.91678362 0.00000000e+00
86.19676722 28.98330368 -37.90815455 2.01304880e-03
85.95462013 29.02681650 -37.85519268 0.00000000e+00
85.76164327 29.14450973 -38.52594971 0.00000000e+00
85.83441844 29.05220353 -37.84598228 0.00000000e+00
85.64253883 29.17362738 -38.53289585 0.00000000e+00
85.88137953 29.11757888 -38.52842631 0.00000000e+00
85.63733241 29.28837399 -39.56874037 0.00000000e+00
86.08568412 29.11475047 -38.89179928 0.00000000e+00
85.99682671 29.20697511 -39.56959570 0.00000000e+00
85.96500221 29.13791922 -38.87442090 0.00000000e+00
85.82438625 29.28139779 -39.91316578 0.00000000e+00
85.72537118 29.19098664 -38.86751475 0.00000000e+00
85.40041772 29.35182227 -39.59810001 0.00000000e+00
85.60646769 29.22068855 -38.87788625 0.00000000e+00
85.34843777 29.40418925 -39.95950649 0.00000000e+00
85.26036712 29.50467046 -40.71636525 0.00000000e+00
84.75451346 29.69593315 -41.16336222 0.00000000e+00
85.17138483 29.30646103 -38.60720421 0.00000000e+00
84.99578760 29.50946211 -40.01350906 0.00000000e+00
85.13579274 29.35469029 -38.95068962 0.00000000e+00
84.41107377 29.69463285 -40.07220662 5.82395100e-05
85.28853616 29.27136986 -38.58618884 0.00000000e+00
85.23058509 29.43839211 -39.97767423 0.00000000e+00
84.43655165 29.57636138 -39.03962238 1.19990080e-02
84.29411827 29.73195282 -40.07731527 2.46623050e-02
85.00892195 29.28219510 -37.96474000 0.00000000e+00
85.05452947 29.34240806 -38.62860047 0.00000000e+00
84.89237857 29.31919097 -37.98621128 0.00000000e+00
85.01898243 29.39071331 -38.97088794 0.00000000e+00
84.77594465 29.35655441 -38.00479525 1.97170670e-04
84.93787930 29.37896737 -38.64827445 0.00000000e+00
84.55301009 29.53895627 -39.03051324 9.84993840e-05
84.70494018 29.45327508 -38.68196792 0.00000000e+00
84.35558206 29.56563774 -38.71317893 1.28347500e-01
84.23089075 29.71544127 -39.72942835 1.50875350e-01
84.23898207 29.60294814 -38.71816266 5.36446100e-01
84.19346660 29.54419321 -38.05795846 8.12168920e-01
83.88846969 29.71379036 -38.71468759 5.81125100e-01
83.96981849 29.72486759 -39.04872222 4.99185230e-01
83.65425043 29.78688515 -38.69518881 3.83876030e-03
83.60818889 29.72768750 -38.02537497 4.92143330e-02
84.20340160 29.65092629 -39.04979436 4.73353660e-01
84.12226544 29.64008296 -38.72011366 7.28558810e-01
83.61867918 29.83470808 -39.02303296 0.00000000e+00
83.53703651 29.82333415 -38.67936331 0.00000000e+00
84.46439617 29.64086679 -39.71913145 7.29724310e-05
84.09725491 29.97759444 -41.95321159 0.00000000e+00
84.47208992 29.52821122 -38.70550234 1.21188870e-02
84.34768184 29.67819364 -39.72549714 1.99859000e-02
84.69771050 29.56625251 -39.69945592 0.00000000e+00
84.32174872 29.79647379 -40.80736223 3.26259420e-05
84.52797473 29.65728717 -40.06489292 0.00000000e+00
84.66943074 29.50156491 -39.01902297 0.00000000e+00
84.58105969 29.60352274 -39.71039475 0.00000000e+00
84.78586576 29.46431151 -39.00518004 0.00000000e+00
84.76174171 29.58282650 -40.04346387 0.00000000e+00
84.82137124 29.41597665 -38.66598692 0.00000000e+00
84.93116849 29.49240173 -39.67084233 0.00000000e+00
84.90236043 29.42730559 -38.98849518 0.00000000e+00
85.02489843 29.57494809 -40.74848863 0.00000000e+00
84.33163957 29.90331177 -41.95088273 0.00000000e+00
84.63737169 29.73289064 -41.17277003 0.00000000e+00
84.43889725 29.75918288 -40.80253625 5.84034220e-05
84.64484731 29.61997835 -40.05512280 0.00000000e+00
84.40314560 29.80726074 -41.18587373 4.75569680e-05
84.08725133 29.87089145 -40.81058555 5.11840470e-04
84.17708041 29.76918041 -40.07996219 7.16813590e-02
83.96988539 29.90797676 -40.80869982 0.00000000e+00
83.87993054 29.82640078 -39.72559842 8.85480810e-03
84.05148291 29.91883041 -41.19113950 0.00000000e+00
84.05995188 29.80629527 -40.08012454 2.83652390e-02
83.58178689 30.06711367 -41.16750379 0.00000000e+00
83.59064015 29.95388019 -40.05282774 0.00000000e+00
83.82542233 29.88018324 -40.07235569 0.00000000e+00
83.74529692 30.08889546 -41.94356137 0.00000000e+00
83.76276320 29.86316018 -39.71860069 0.00000000e+00
83.51061386 30.16351485 -41.92731053 0.00000000e+00
83.86265224 30.05177608 -41.94875082 0.00000000e+00
83.73495771 29.98199205 -40.79755188 0.00000000e+00
84.79026646 29.64775963 -40.77568026 0.00000000e+00
84.55600836 29.72190756 -40.79557829 0.00000000e+00
84.87870115 29.54593664 -40.02939707 0.00000000e+00
84.81439666 29.52917123 -39.68624304 0.00000000e+00
84.53012639 29.87714456 -42.32632067 0.00000000e+00
84.90750734 29.61111572 -40.76325449 0.00000000e+00
84.44876428 29.86616652 -41.94750540 0.00000000e+00
84.52026294 29.77003331 -41.18014646 0.00000000e+00
85.11677230 29.69621628 -42.28777026 0.00000000e+00
85.22445049 29.55256406 -41.11089532 0.00000000e+00
85.93973414 29.36975718 -41.05667462 0.00000000e+00
85.47147177 29.59597654 -42.25649054 0.00000000e+00
84.88170199 29.76724539 -42.30659313 0.00000000e+00
84.98909456 29.62306290 -41.13967932 0.00000000e+00
84.99913254 29.73141348 -42.29808921 0.00000000e+00
85.14249659 29.53940601 -40.73300261 0.00000000e+00
85.37857326 29.47092852 -40.69965526 0.00000000e+00
85.46667460 29.37112926 -39.94169025 0.00000000e+00
85.61624188 29.40727276 -40.67160826 0.00000000e+00
85.51862205 29.31931864 -39.58144223 0.00000000e+00
85.11306129 29.47355724 -39.99628970 0.00000000e+00
85.04809169 29.45610775 -39.65377540 0.00000000e+00
85.85589961 29.35009720 -40.66100320 0.00000000e+00
85.75658480 29.25918978 -39.56112197 0.00000000e+00
86.06561208 29.23131784 -39.92928441 0.00000000e+00
85.73580538 29.37777543 -40.66394140 0.00000000e+00
85.94473336 29.25531970 -39.91720996 0.00000000e+00
85.87642208 29.23202517 -39.56081800 0.00000000e+00
85.57998874 29.45432965 -41.06874469 0.00000000e+00
85.70460785 29.30952037 -39.91735720 0.00000000e+00
85.49717564 29.43838186 -40.68483734 0.00000000e+00
85.58538494 29.33951039 -39.92745289 0.00000000e+00
85.82980558 29.50724388 -42.23874410 0.00000000e+00
86.09764429 29.30058829 -40.67731739 0.00000000e+00
85.98693131 29.43546172 -41.84632474 0.00000000e+00
86.18203564 29.32270000 -41.08022594 0.00000000e+00
86.06065769 29.34527813 -41.06564788 0.00000000e+00
85.97652325 29.32435638 -40.66522916 0.00000000e+00
85.70990645 29.53529401 -42.24108277 0.00000000e+00
85.81930444 29.39614021 -41.05554360 0.00000000e+00
85.62673287 29.51797376 -41.85210772 0.00000000e+00
85.69939560 29.42438742 -41.05947995 0.00000000e+00
85.59046517 29.56490904 -42.24840880 0.00000000e+00
85.50760882 29.54869312 -41.86160428 0.00000000e+00
85.99734804 29.54656890 -43.02928761 0.00000000e+00
86.07099183 29.45626155 -42.24499484 0.00000000e+00
85.69936804 29.76444746 -44.60656560 0.00000000e+00
85.63185782 29.74316084 -44.21362654 0.00000000e+00
86.19222176 29.43335142 -42.25606022 0.00000000e+00
86.10792958 29.41147863 -41.85576344 0.00000000e+00
85.60094590 29.67548988 -43.42805023 0.00000000e+00
84.98552981 29.95795598 -44.61441931 0.00000000e+00
84.89167073 29.87521384 -43.46141295 0.00000000e+00
85.81960568 29.73633883 -44.60547029 0.00000000e+00
85.15265244 29.64833331 -41.89625308 0.00000000e+00
85.12690200 29.80499588 -43.45114916 0.00000000e+00
85.03496296 29.68343630 -41.90817575 0.00000000e+00
85.04503161 29.79192670 -43.06828775 0.00000000e+00
84.91749375 29.71920386 -41.91865515 0.00000000e+00
84.65712611 29.94758224 -43.46937966 0.00000000e+00
84.80019214 29.75549456 -41.92793680 0.00000000e+00
84.87173678 29.65927955 -41.15231686 0.00000000e+00
84.67311620 29.68472975 -40.78681270 0.00000000e+00
84.57573940 29.93627486 -43.08925285 0.00000000e+00
84.76442406 29.80356237 -42.31465465 0.00000000e+00
84.68300093 29.79216182 -41.93603741 0.00000000e+00
84.41301786 29.91419162 -42.33029563 0.00000000e+00
83.95436785 30.16937215 -43.47564096 0.00000000e+00
84.28598913 29.84449971 -41.18958100 4.85264980e-05
84.20453832 29.83372180 -40.81006788 2.33652390e-03
84.18867804 30.09515711 -43.47680829 0.00000000e+00
84.17872660 29.98842422 -42.33412616 0.00000000e+00
83.93412350 29.95589859 -41.18877833 0.00000000e+00
83.85244796 29.94499535 -40.80450905 0.00000000e+00
83.69925047 30.02998018 -41.17692234 0.00000000e+00
83.61743967 30.01902708 -40.78802718 0.00000000e+00
83.59234118 30.17427492 -42.31713345 0.00000000e+00
83.52128903 30.27085120 -43.07941662 0.00000000e+00
83.62966675 30.34650982 -44.23406113 0.00000000e+00
83.87284959 30.15856478 -43.09292972 0.00000000e+00
83.62793808 30.12611159 -41.93670038 0.00000000e+00
83.63842827 30.23320539 -43.08544212 0.00000000e+00
83.80955222 30.32549554 -44.61831991 0.00000000e+00
83.99006508 30.12141356 -43.09502952 0.00000000e+00
83.98154350 30.23404123 -44.23801419 0.00000000e+00
84.07153629 30.13224380 -43.47663916 0.00000000e+00
84.04455941 30.25067511 -44.61918413 0.00000000e+00
84.10725391 30.08430402 -43.09584799 0.00000000e+00
84.09886521 30.19683214 -44.23842054 0.00000000e+00
84.22440789 30.04721656 -43.09574905 0.00000000e+00
84.29589201 29.95130261 -42.33283813 0.00000000e+00
84.21447470 29.94046623 -41.95290415 0.00000000e+00
84.64724804 29.84023465 -42.32099842 0.00000000e+00
84.56587341 29.82908921 -41.94229922 0.00000000e+00
84.63215386 30.06566660 -44.61763195 0.00000000e+00
84.80293058 29.97613665 -44.23252466 0.00000000e+00
84.45076419 30.08568212 -44.23713429 0.00000000e+00
84.77433741 29.91119465 -43.46592364 0.00000000e+00
84.86757861 29.99335485 -44.61581401 0.00000000e+00
84.27957167 30.17629094 -44.61917892 0.00000000e+00
84.33347061 30.12264076 -44.23797925 0.00000000e+00
84.21617377 30.15969754 -44.23841533 0.00000000e+00
84.30579264 30.05811095 -43.47615643 0.00000000e+00
84.16206849 30.21343693 -44.61923641 0.00000000e+00
83.74691891 30.30882063 -44.23593905 0.00000000e+00
83.92704659 30.28801054 -44.61883006 0.00000000e+00
83.86421903 30.27134940 -44.23714997 0.00000000e+00
83.69209972 30.36318491 -44.61761914 0.00000000e+00
84.51459050 30.10234809 -44.61833396 0.00000000e+00
84.56808468 30.04889431 -44.23596591 0.00000000e+00
84.74980114 30.02929676 -44.61671065 0.00000000e+00
84.68545581 30.01233545 -44.23434261 0.00000000e+00
85.10371082 29.92325213 -44.61344018 0.00000000e+00
85.34092262 29.85641979 -44.61023510 0.00000000e+00
85.46002687 29.82454051 -44.60866177 0.00000000e+00
85.03835587 29.90524731 -44.22785950 0.00000000e+00
85.39341984 29.80475553 -44.21889688 0.00000000e+00
85.57950182 29.79384806 -44.60706094 0.00000000e+00
85.51243791 29.77331110 -44.21572271 0.00000000e+00
85.22215790 29.88935302 -44.61159378 0.00000000e+00
85.15640930 29.87083600 -44.22503397 0.00000000e+00
85.28087924 29.72345732 -43.05342225 0.00000000e+00
85.27474650 29.83728324 -44.22182889 0.00000000e+00
85.87185809 29.68683281 -44.21135668 0.00000000e+00
85.87687610 29.57236754 -43.02794527 0.00000000e+00
85.94022808 29.70962650 -44.60588639 0.00000000e+00
85.96062627 29.59203102 -43.42337906 0.00000000e+00
86.11338099 29.63616385 -44.21345992 0.00000000e+00
86.08133526 29.56724704 -43.42525486 0.00000000e+00
86.20241708 29.54400531 -43.43189678 0.00000000e+00
86.11822426 29.52237105 -43.03398189 0.00000000e+00
86.06120114 29.68426103 -44.60621738 0.00000000e+00
85.99244304 29.66080185 -44.21210377 0.00000000e+00
85.75165975 29.71429785 -44.21203589 0.00000000e+00
86.23467027 29.61299260 -44.21695238 0.00000000e+00
86.35624972 29.59112292 -44.22127142 0.00000000e+00
86.79301722 29.55879622 -44.62016022 0.00000000e+00
86.91568342 29.54158156 -44.62313174 0.00000000e+00
87.09008110 29.48287705 -44.25391388 0.00000000e+00
87.33567664 29.45312989 -44.26351948 0.00000000e+00
87.58150913 29.42537664 -44.27157962 0.00000000e+00
87.70449090 29.41212213 -44.27507242 0.00000000e+00
87.53049191 29.46583581 -44.63484153 0.00000000e+00
87.65364096 29.45222812 -44.63673809 0.00000000e+00
87.70885525 29.30785431 -43.18806060 0.00000000e+00
87.46310838 29.33366582 -43.16995038 0.00000000e+00
87.45856839 29.43903097 -44.26778360 0.00000000e+00
87.40739186 29.47988984 -44.63294207 0.00000000e+00
87.16136838 29.50948307 -44.62831626 0.00000000e+00
87.41659461 29.26871339 -42.43333114 0.00000000e+00
87.03847292 29.52516778 -44.62559763 0.00000000e+00
87.30218884 29.38658598 -43.52452075 0.00000000e+00
86.84485091 29.51526969 -44.24329196 0.00000000e+00
86.72242359 29.53268219 -44.23770755 0.00000000e+00
86.47809377 29.57052133 -44.22626999 0.00000000e+00
86.56745471 29.48259021 -43.46117521 0.00000000e+00
86.44552160 29.50178903 -43.44928811 0.00000000e+00
86.81188210 29.44737886 -43.48331457 0.00000000e+00
86.72721865 29.42270705 -43.09480238 0.00000000e+00
86.36104756 29.47861738 -43.05313197 0.00000000e+00
86.71786888 29.31478541 -41.95155679 0.00000000e+00
86.48289099 29.45881560 -43.06664600 0.00000000e+00
86.84047635 29.29896775 -41.97404504 0.00000000e+00
86.68958526 29.46448819 -43.47232710 0.00000000e+00
87.17082149 29.29553762 -42.40152118 0.00000000e+00
86.68017008 29.35631814 -42.32627789 0.00000000e+00
86.59541086 29.33157232 -41.92939199 0.00000000e+00
86.42588249 29.28265401 -41.12528138 0.00000000e+00
86.34115202 29.25866430 -40.71966718 0.00000000e+00
87.07720451 29.16390360 -40.89835432 0.00000000e+00
86.92529102 29.32444354 -42.36514984 0.00000000e+00
87.08601236 29.26965188 -42.01694810 0.00000000e+00
86.96740729 29.49867839 -44.24872937 0.00000000e+00
87.29368490 29.28190719 -42.41801874 0.00000000e+00
87.21751347 29.36100201 -43.14785093 0.00000000e+00
86.96319818 29.28395809 -41.99582465 0.00000000e+00
86.84963091 29.40615146 -43.10890772 0.00000000e+00
87.09480103 29.37540818 -43.13559176 0.00000000e+00
87.04801610 29.30967424 -42.38370369 0.00000000e+00
87.34028792 29.34711962 -43.15951645 0.00000000e+00
87.42494454 29.37280884 -43.53335671 0.00000000e+00
87.66250613 29.24333660 -42.45955424 0.00000000e+00
87.58596637 29.32059103 -43.17954916 0.00000000e+00
87.05685721 29.41566318 -43.50491713 0.00000000e+00
86.97216519 29.39041467 -43.12235425 0.00000000e+00
87.91634269 29.32149962 -43.55976640 0.00000000e+00
87.77683103 29.43902232 -44.63833433 0.00000000e+00
88.15465969 29.19652972 -42.49393558 0.00000000e+00
87.82751030 29.39925227 -44.27800764 0.00000000e+00
87.90851545 29.21915804 -42.47948648 0.00000000e+00
87.83177288 29.29544649 -43.19530812 0.00000000e+00
88.77109922 29.15250027 -42.50335851 0.00000000e+00
88.32010880 29.35300662 -44.28601951 0.00000000e+00
88.40102127 29.17629330 -42.50163737 0.00000000e+00
88.28533918 29.28774076 -43.57109937 0.00000000e+00
88.39354408 29.07468605 -41.43044355 0.00000000e+00
88.27780746 29.18604421 -42.49855214 0.00000000e+00
88.19316491 29.15902644 -42.13770799 0.00000000e+00
88.27024690 29.08435028 -41.42601109 0.00000000e+00
88.55558096 29.02920370 -41.07646281 0.00000000e+00
88.56296499 29.13078342 -42.14676456 0.00000000e+00
88.64034187 29.05786283 -41.43354918 0.00000000e+00
88.52430828 29.16740214 -42.50329432 0.00000000e+00
89.01099100 29.03939495 -41.42853576 1.19174560e-03
88.80984698 29.11649986 -42.14623017 0.00000000e+00
88.51690819 29.06582424 -41.43285800 0.00000000e+00
88.43962784 29.13936010 -42.14535466 0.00000000e+00
88.69366208 29.22477401 -43.21716166 0.00000000e+00
90.01312306 29.21000345 -43.56471807 0.00000000e+00
89.18051669 29.10123429 -42.13960746 0.00000000e+00
88.81706729 29.21818193 -43.21677153 0.00000000e+00
88.64766949 29.15946065 -42.50374990 0.00000000e+00
88.51718854 29.37196925 -44.64351411 0.00000000e+00
88.94052435 29.21249129 -43.21584610 0.00000000e+00
88.76460508 29.35680252 -44.64353187 0.00000000e+00
88.90175375 29.24820603 -43.57322212 0.00000000e+00
88.56685063 29.33459004 -44.28709298 0.00000000e+00
88.77833423 29.25415561 -43.57375450 0.00000000e+00
88.57032351 29.23236328 -43.21707696 0.00000000e+00
88.65497253 29.26105799 -43.57395897 0.00000000e+00
88.39360516 29.38114655 -44.64325015 0.00000000e+00
88.53168229 29.26898049 -43.57374284 0.00000000e+00
88.44706075 29.24095249 -43.21624291 0.00000000e+00
88.07771902 29.27184033 -43.20719659 0.00000000e+00
88.02334971 29.41397222 -44.64090923 0.00000000e+00
88.03928612 29.30966995 -43.56448488 0.00000000e+00
87.95472485 29.28341766 -43.20168781 0.00000000e+00
87.90006469 29.42624671 -44.63967330 0.00000000e+00
87.95057335 29.38682114 -44.28058253 0.00000000e+00
88.14669410 29.40228059 -44.64198094 0.00000000e+00
88.07368738 29.37489898 -44.28289016 0.00000000e+00
88.27010895 29.39129181 -44.64276936 0.00000000e+00
88.40847095 29.27790206 -43.57284319 0.00000000e+00
88.32387613 29.25047345 -43.21440895 0.00000000e+00
88.88841485 29.35077324 -44.64344106 0.00000000e+00
88.93753107 29.31463730 -44.28667322 0.00000000e+00
89.01226921 29.34560250 -44.64323216 0.00000000e+00
89.30856610 29.30156293 -44.28452295 0.00000000e+00
89.38396261 29.33339670 -44.64213757 0.00000000e+00
89.43460024 29.19549372 -43.20959117 0.00000000e+00
89.26005404 29.33710833 -44.64238539 0.00000000e+00
89.18487075 29.30544445 -44.28514613 0.00000000e+00
89.02521486 29.24306644 -43.57205794 0.00000000e+00
89.39572006 29.23076371 -43.56813002 0.00000000e+00
89.14870355 29.23856845 -43.57048422 0.00000000e+00
89.64273128 29.22325752 -43.56614376 0.00000000e+00
89.63176878 29.32602873 -44.64158132 0.00000000e+00
89.55813073 29.19175444 -43.20837576 0.00000000e+00
89.50786976 29.32976007 -44.64179817 0.00000000e+00
89.92863518 29.17917902 -43.20619664 0.00000000e+00
90.25092958 29.30197843 -44.64111183 0.00000000e+00
90.50654997 29.18619091 -43.56502836 7.71759250e-03
90.37466406 29.29579051 -44.64114615 0.00000000e+00
90.29770470 29.26548887 -44.28225797 0.00000000e+00
90.00335421 29.31296616 -44.64114280 0.00000000e+00
89.87951723 29.31773432 -44.64128257 0.00000000e+00
89.92695717 29.28177855 -44.28242537 0.00000000e+00
89.75565342 29.32206025 -44.64136672 0.00000000e+00
90.79161632 29.23883772 -44.28302069 8.16797810e-03
91.11679725 29.25724804 -44.64191748 0.00000000e+00
90.99306114 29.26260995 -44.64169416 4.31799260e-03
91.28573688 29.21805629 -44.28440311 0.00000000e+00
91.53303651 29.21771921 -44.28520022 0.00000000e+00
91.73574880 29.26042150 -44.64273864 0.00000000e+00
91.61211550 29.25397178 -44.64267061 0.00000000e+00
91.65602259 29.11995732 -43.21223882 0.00000000e+00
91.24058853 29.25317022 -44.64206956 0.00000000e+00
91.73999821 29.15898268 -43.57053984 0.00000000e+00
91.65659896 29.22187440 -44.28540924 0.00000000e+00
91.24644199 29.15078652 -43.56823876 0.00000000e+00
91.03858191 29.22639307 -44.28361164 1.81469850e-03
90.99968809 29.15988948 -43.56686394 1.34989760e-02
90.86936989 29.26882745 -44.64158725 5.50907300e-03
90.91508180 29.23229001 -44.28328141 7.66025570e-03
90.66816135 29.24565224 -44.28275543 3.32125910e-03
90.79216524 29.13628553 -43.20745067 4.38332390e-02
90.42121755 29.25915524 -44.28237222 2.07428390e-03
90.54556688 29.14986566 -43.20644953 2.21003890e-02
90.49836509 29.28922170 -44.64122608 9.76648990e-04
90.54469991 29.25249280 -44.28254807 2.14931970e-03
90.62983326 29.17941418 -43.56540268 1.83173590e-02
90.75310563 29.17260112 -43.56583201 2.46792310e-02
90.90945427 29.02760395 -42.13257856 1.13828540e-01
91.03881577 29.12396795 -43.20870033 2.04848010e-02
91.11713710 29.05248834 -42.49253307 4.51704290e-02
91.28565458 29.11580774 -43.21033297 0.00000000e+00
91.16212949 29.22145564 -44.28398704 0.00000000e+00
91.48829984 29.25096476 -44.64252961 0.00000000e+00
91.53262981 29.11567709 -43.21181258 0.00000000e+00
91.36443544 29.25091102 -44.64233355 0.00000000e+00
91.36989811 29.14873781 -43.56902694 0.00000000e+00
91.16220609 29.11912398 -43.20943575 0.00000000e+00
91.24061261 29.04858651 -42.49360004 3.29302390e-03
91.61116380 29.04999598 -42.49611504 0.00000000e+00
91.49336722 29.14902310 -43.56968353 0.00000000e+00
91.52697071 29.01341908 -42.13770879 7.40997670e-04
91.40914481 29.11443516 -43.21117670 0.00000000e+00
91.35839063 28.94429922 -41.42013375 1.04574960e-02
91.02692775 28.91957907 -41.05833586 1.73001930e-01
90.66886888 29.14305729 -43.20689200 3.48929340e-02
90.90343891 28.92540571 -41.05715683 1.98855230e-01
90.50028731 29.08394987 -42.48887878 3.90618440e-02
90.74698858 29.07038955 -42.49005241 8.80287240e-02
90.66270351 29.04083631 -42.13097265 9.68714560e-02
90.87033930 29.06378750 -42.49082085 9.87109020e-02
90.25349667 29.09667778 -42.48827283 8.48685540e-03
90.38324307 29.19274740 -43.56475125 4.16807490e-03
89.67490841 29.08564499 -42.13196641 0.00000000e+00
90.12356594 29.00016430 -41.41199895 1.75080000e-02
89.80515452 29.18371751 -43.20674829 0.00000000e+00
90.29889364 29.16283605 -43.20585005 4.31321900e-03
90.37690776 29.09049165 -42.48847117 2.41238880e-02
90.17415678 29.27139673 -44.28225960 0.00000000e+00
90.29250870 29.06057177 -42.12955981 1.83282240e-02
90.13653111 29.20471531 -43.56463442 3.98691860e-04
90.13005162 29.10244032 -42.48830137 4.66814260e-03
90.05208811 29.17420503 -43.20595009 0.00000000e+00
90.25990428 29.19894528 -43.56458285 4.04491720e-03
90.17550813 29.16875033 -43.20581153 4.41540780e-03
89.88968391 29.21482702 -43.56505172 0.00000000e+00
89.80331266 29.28627983 -44.28264929 0.00000000e+00
89.51922987 29.22705963 -43.56697822 0.00000000e+00
89.43226509 29.29787935 -44.28393574 0.00000000e+00
89.51239906 29.12489486 -42.49221721 0.00000000e+00
89.31106591 29.19924682 -43.21102263 0.00000000e+00
89.92203414 29.07690815 -42.13012006 1.64566830e-03
89.76621803 29.21921785 -43.56548866 0.00000000e+00
89.42771854 29.09336902 -42.13524762 0.00000000e+00
89.27220844 29.23453226 -43.56921374 0.00000000e+00
89.14166854 29.13663688 -42.49795249 0.00000000e+00
89.06401805 29.20755360 -43.21416386 0.00000000e+00
89.30411541 29.09719589 -42.13741346 0.00000000e+00
89.18753536 29.20319802 -43.21241426 0.00000000e+00
89.75952616 29.11697146 -42.48978414 0.00000000e+00
89.68165084 29.18787125 -43.20740181 0.00000000e+00
89.55131839 29.08957111 -42.13342710 0.00000000e+00
89.75282334 29.01472338 -41.41408439 9.96466520e-05
89.38882058 29.12866271 -42.49401914 0.00000000e+00
89.38190548 29.02655944 -41.41990404 0.00000000e+00
89.26524088 29.13251004 -42.49587811 0.00000000e+00
89.29714833 28.99514267 -41.06379318 0.00000000e+00
89.79848251 29.08146241 -42.13091421 9.47931830e-05
90.00169899 28.90283745 -40.35530645 2.53961610e-02
89.79180013 28.97920571 -41.05507796 2.02991060e-03
89.92553485 28.87170954 -40.01630337 2.35752000e-02
90.04555857 29.07192857 -42.12969961 4.80591000e-03
90.16258754 28.96420269 -41.05321020 2.93108170e-02
90.16905065 29.06647701 -42.12949548 8.72079490e-03
90.24708444 28.99440939 -41.41199370 3.58277350e-02
90.41593304 29.05425777 -42.12984339 4.08345990e-02
90.61836113 28.87234275 -40.35663251 1.92456770e-01
90.65653877 28.93861457 -41.05507893 1.71682840e-01
90.74901518 28.76265871 -39.37410896 2.06123250e-01
89.91542432 28.97463589 -41.05405354 7.09439860e-03
90.00001364 29.00545189 -41.41234322 7.77407840e-03
89.66815403 28.98341689 -41.05653520 3.11325130e-04
89.75482320 28.91217254 -40.35739737 4.58045750e-03
89.62919555 29.01882945 -41.41554729 1.43685230e-04
89.63135294 28.91632040 -40.35918009 1.56996010e-03
89.04982605 29.00381505 -41.07014803 2.12136880e-03
89.26088694 28.92813207 -40.36747294 1.51650830e-03
89.50555417 29.02272796 -41.41747635 0.00000000e+00
89.50786927 28.92026782 -40.36146109 9.32636800e-04
89.17347994 28.99926825 -41.06681085 1.12596920e-03
89.25825617 29.03048546 -41.42253109 0.00000000e+00
89.80229825 28.87633048 -40.01742611 1.47437680e-02
89.92054005 28.66682535 -38.15533564 1.67288720e-01
89.31159804 28.79009657 -39.08073030 4.41991160e-02
89.18591216 28.89660758 -40.03037309 4.23059560e-03
89.39599803 28.82145542 -39.38194072 1.47953530e-02
89.30919474 28.89246186 -40.02697011 2.00540310e-03
89.80407820 28.77375535 -39.06970526 5.36268870e-02
89.88170580 28.70251164 -38.46015990 1.37907360e-01
89.64220047 28.81351536 -39.37635665 1.31225020e-02
89.63540613 28.71128724 -38.46461028 9.57271900e-02
89.26587434 28.72342743 -38.47518506 1.82709420e-01
89.14979347 28.82976614 -39.38900347 2.09538030e-02
89.14270247 28.72780341 -38.47925557 1.63806300e-01
89.06535874 28.79889904 -39.08843695 3.04096830e-02
89.76528427 28.80930883 -39.37437478 2.40745000e-02
90.00482143 28.69759179 -38.45874074 1.64795640e-01
89.92715962 28.76910298 -39.06820643 9.88560550e-02
90.01138713 28.79987194 -39.37189280 9.64826800e-02
90.13439641 28.79452510 -39.37135507 1.37694150e-01
90.28984477 28.65036355 -38.15272093 1.59156430e-01
90.17323871 28.75855077 -39.06671205 1.66578530e-01
90.37398550 28.68029775 -38.45741274 1.62567200e-01
90.17192330 28.86119574 -40.01534974 9.84431790e-02
90.29623050 28.75262884 -39.06658598 1.76577730e-01
90.29506893 28.85527802 -40.01537984 1.37072090e-01
90.38031798 28.78255394 -39.37140125 1.80237000e-01
90.37178594 28.88558808 -40.35519217 1.39846140e-01
90.50323369 28.77604805 -39.37200661 1.85938950e-01
89.87827369 28.90770396 -40.35615569 1.38630250e-02
89.88834826 28.80478585 -39.37290428 5.59861730e-02
90.66433549 28.83562652 -40.01742839 2.07686880e-01
90.61995317 28.66712927 -38.45887559 1.38492710e-01
90.66504078 28.73303410 -39.06860715 1.85444850e-01
90.74162740 28.86558786 -40.35766607 2.07868330e-01
90.91047579 28.82256287 -40.01992256 2.43262690e-01
91.40301406 28.70561087 -39.08203023 3.58849880e-02
90.41818215 28.84897030 -40.01581527 1.64333710e-01
90.49508476 28.87906985 -40.35581873 1.65438990e-01
90.86589106 28.65399289 -38.46212569 1.89366960e-01
90.99483172 28.75028024 -39.37730627 2.42509090e-01
90.54212428 28.73974700 -39.06758128 1.83057790e-01
90.62612862 28.76935565 -39.37288841 1.95983660e-01
90.78795390 28.72638729 -39.07000729 2.05577350e-01
90.87190976 28.75619611 -39.37554732 2.35397050e-01
91.77180839 28.71994797 -39.09192845 1.97774350e-02
91.76636892 28.61757655 -38.18935973 2.90492220e-02
91.11779803 28.74527862 -39.37926183 1.63415500e-01
91.73276011 28.75085948 -39.39183288 2.05123310e-02
91.15674538 28.81214942 -40.02316309 1.37895080e-01
91.60524261 28.84561622 -40.36765780 1.62224040e-02
91.03358673 28.81684817 -40.02140750 2.30005900e-01
91.11154088 28.84785795 -40.36177074 1.43943420e-01
91.64908341 28.71165717 -39.08839369 2.45092010e-02
91.52645630 28.80916434 -40.02815299 2.36503650e-02
91.48695398 28.74037522 -39.38664345 2.96376360e-02
91.60995736 28.74387931 -39.38879513 2.58442060e-02
91.27995995 28.80897876 -40.02476283 4.99201740e-02
91.40321259 28.80777057 -40.02676127 3.04518860e-02
91.97353220 28.87821030 -40.36835593 0.00000000e+00
91.27405699 28.91139225 -41.06106309 2.35152910e-02
92.01668054 28.85090865 -40.03198605 0.00000000e+00
91.60556203 28.94770960 -41.42207253 3.13175430e-03
91.48184246 28.84235449 -40.36643715 2.27569010e-02
91.23479107 28.94638434 -41.41893507 3.46497090e-02
91.35838384 28.84202090 -40.36495392 2.73237220e-02
91.15046379 28.91473325 -41.05976742 9.44099050e-02
91.23493758 28.84403035 -40.36328779 6.44410650e-02
91.11124273 28.95029321 -41.41756971 1.00514440e-01
90.78739901 28.82893880 -40.01862789 2.17407100e-01
90.49402316 28.98170811 -41.41276703 1.06937120e-01
90.54126783 28.84237005 -40.01651785 1.86859320e-01
90.40961857 28.95200578 -41.05364954 1.05219660e-01
90.53308850 28.94539275 -41.05431311 1.42201030e-01
90.61745365 28.97496205 -41.41345865 1.37728710e-01
90.86489972 28.85903689 -40.35890145 2.31502760e-01
90.74087316 28.96817716 -41.41429804 1.67328030e-01
90.86429804 28.96158652 -41.41530650 1.81223210e-01
90.77998319 28.93186933 -41.05608930 2.02117480e-01
91.39769190 28.90998167 -41.06254955 1.43559920e-02
91.15633153 29.01692953 -42.13460314 4.87660970e-02
91.52132313 28.91115751 -41.06351603 1.00517980e-02
91.27985159 29.01360115 -42.13573425 9.20005870e-03
91.64486484 28.91536052 -41.06449846 4.58240170e-03
91.48768025 29.04677936 -42.49557724 3.70336250e-04
91.48200426 28.94453224 -41.42143578 8.02673320e-03
91.40341338 29.01220989 -42.13688843 4.00531870e-03
91.72893368 28.95432712 -41.42313909 3.38480340e-04
91.65043717 29.01766106 -42.13839853 0.00000000e+00
92.09490027 28.89805692 -40.36899678 0.00000000e+00
91.76815987 28.92332215 -41.06535540 0.00000000e+00
91.89644470 29.03771742 -42.13486292 0.00000000e+00
92.56851603 29.12554004 -41.40861250 0.00000000e+00
92.37517808 28.92955531 -40.02965291 0.00000000e+00
91.97434904 28.97999980 -41.42055483 0.00000000e+00
93.67122249 29.65107080 -41.04459860 0.00000000e+00
92.68164587 28.96551103 -39.39923835 0.00000000e+00
92.13966778 29.07572197 -42.13509063 0.00000000e+00
92.90515896 29.26192367 -41.40418636 0.00000000e+00
92.57337034 29.22823812 -42.48117588 0.00000000e+00
92.72320809 29.25091904 -42.12297891 0.00000000e+00
92.83474982 29.29761569 -42.11763480 0.00000000e+00
93.15955068 29.45440066 -42.11750826 0.00000000e+00
92.79274878 29.11160544 -40.36297352 0.00000000e+00
93.73429616 29.52369962 -39.40047219 0.00000000e+00
92.68072579 29.06595551 -40.36394673 0.00000000e+00
92.79466562 29.21321686 -41.40878837 0.00000000e+00
92.83016831 29.19486389 -41.05216719 0.00000000e+00
92.68251026 29.16753765 -41.40938198 0.00000000e+00
92.45130084 28.98579049 -40.36366780 0.00000000e+00
92.60513147 29.10485586 -41.05232302 0.00000000e+00
92.33531880 29.05357853 -41.41210053 0.00000000e+00
92.45278462 29.08737514 -41.40990762 0.00000000e+00
92.13443579 28.97320267 -41.06155915 0.00000000e+00
92.21514464 28.92260501 -40.36902523 0.00000000e+00
91.89494248 28.83405726 -40.03121587 4.97864310e-04
91.89103240 28.93531639 -41.06231140 0.00000000e+00
91.85129349 28.86310433 -40.36894954 0.00000000e+00
91.89408883 28.73229811 -39.09484080 3.57700590e-03
92.25567715 28.79708013 -39.09975370 0.00000000e+00
92.60647320 29.00440840 -40.03040326 0.00000000e+00
92.13748323 28.87236592 -40.03268007 0.00000000e+00
92.33615482 28.85141149 -39.39720195 0.00000000e+00
92.25703682 28.89867615 -40.03239529 0.00000000e+00
92.33400034 28.95195645 -40.36618945 0.00000000e+00
92.09792514 28.79723582 -39.39653852 0.00000000e+00
92.09272301 28.69471059 -38.50161556 0.00000000e+00
91.85518232 28.76186028 -39.39365319 6.26738370e-03
91.84979489 28.65945440 -38.49374221 1.65959550e-02
92.44814707 28.78263451 -38.50822847 0.00000000e+00
92.37365209 28.82799184 -39.09895747 0.00000000e+00
92.90328931 29.05972395 -39.39860669 0.00000000e+00
93.00733424 29.00836048 -38.52010254 0.00000000e+00
92.93810988 29.04233126 -39.10352381 0.00000000e+00
93.04173857 28.99178566 -38.22792287 0.00000000e+00
92.60464715 28.90283498 -39.10458536 0.00000000e+00
92.67699129 28.86276115 -38.51694199 0.00000000e+00
92.56820190 28.92351077 -39.40114066 0.00000000e+00
92.71749934 28.94612467 -39.10525069 0.00000000e+00
92.94031475 29.14402073 -40.02555055 0.00000000e+00
93.56560634 29.38501859 -39.10935263 0.00000000e+00
92.71945700 29.04773263 -40.02933713 0.00000000e+00
92.79329203 29.01111312 -39.40128210 0.00000000e+00
92.49166089 28.96497268 -40.02967891 0.00000000e+00
92.56688345 29.02395225 -40.36360188 0.00000000e+00
92.90311057 29.16028532 -40.36046087 0.00000000e+00
92.83073375 29.09437108 -40.02890617 0.00000000e+00
93.32810602 29.27858634 -39.39954187 0.00000000e+00
93.83625467 29.68962013 -40.35489601 0.00000000e+00
93.56839192 29.48709020 -40.02414672 0.00000000e+00
93.76930381 29.61295462 -40.02249590 0.00000000e+00
93.01180291 29.21179832 -40.35834339 0.00000000e+00
93.53477615 29.50009493 -40.35793671 0.00000000e+00
93.53307145 29.39870111 -39.40097590 0.00000000e+00
93.46393874 29.32381842 -39.10898391 0.00000000e+00
93.04599188 29.09456262 -39.10684435 0.00000000e+00
93.11430929 29.06215156 -38.52136831 0.00000000e+00
93.36125872 29.26396095 -39.10727853 0.00000000e+00
93.42727699 29.23523053 -38.52455827 0.00000000e+00
93.32414806 29.17585829 -38.52443618 0.00000000e+00
93.25342257 29.10290716 -38.23296630 0.00000000e+00
93.73079000 29.42110245 -38.53080120 0.00000000e+00
93.83373989 29.58766699 -39.39923430 0.00000000e+00
93.96425105 29.64001453 -39.11116240 0.00000000e+00
94.03077465 29.71787930 -39.40018276 0.00000000e+00
93.63409823 29.46067310 -39.39979527 0.00000000e+00
93.76636076 29.51073264 -39.10987557 0.00000000e+00
94.06236483 29.70567388 -39.11195031 0.00000000e+00
93.86862700 29.67729924 -40.02223103 0.00000000e+00
93.93253153 29.65243754 -39.39959638 0.00000000e+00
93.96733602 29.74239757 -40.02093683 0.00000000e+00
93.66638690 29.44736573 -39.10983002 0.00000000e+00
93.63608057 29.56224607 -40.35563936 0.00000000e+00
93.73654856 29.62545901 -40.35496965 0.00000000e+00
93.33578357 29.58420405 -42.47634159 0.00000000e+00
93.32922977 29.37964773 -40.35867482 0.00000000e+00
93.36498013 29.46694067 -41.04851167 0.00000000e+00
93.25744525 29.20565293 -39.10645282 0.00000000e+00
93.15531064 29.35165448 -41.04668175 0.00000000e+00
93.25996441 29.30751722 -40.02690723 0.00000000e+00
93.22715065 29.42352200 -41.40186248 0.00000000e+00
93.22394426 29.22082672 -39.40036719 0.00000000e+00
93.15483063 29.25088358 -40.02593977 0.00000000e+00
93.22476188 29.32173880 -40.35918346 0.00000000e+00
93.01397026 29.31348037 -41.39932508 0.00000000e+00
93.11899453 29.26569720 -40.35867343 0.00000000e+00
93.04830726 29.19630640 -40.02700307 0.00000000e+00
93.36387250 29.36588996 -40.02522382 0.00000000e+00
93.26489183 29.51115022 -42.11582550 0.00000000e+00
93.43908180 29.64374454 -42.47867219 0.00000000e+00
93.43512699 29.54105813 -41.40279543 0.00000000e+00
93.04845282 29.29696368 -41.04603139 0.00000000e+00
93.05280533 29.39972077 -42.11191108 0.00000000e+00
93.77154359 29.71470067 -41.04507705 0.00000000e+00
93.53745064 29.60206952 -41.40284610 0.00000000e+00
93.46664042 29.42581761 -40.02619912 0.00000000e+00
93.46804461 29.52702809 -41.04647723 0.00000000e+00
93.66925334 29.54951106 -40.02291119 0.00000000e+00
93.47195028 29.62970716 -42.11767522 0.00000000e+00
93.97009557 29.84453676 -41.04363026 0.00000000e+00
94.06551566 29.80814108 -40.02126062 0.00000000e+00
94.06852615 29.91048520 -41.04597350 0.00000000e+00
93.73939109 29.72757699 -41.40197783 0.00000000e+00
93.84268726 29.89436736 -42.47833029 0.00000000e+00
93.74301504 29.83016595 -42.47659923 0.00000000e+00
93.77511757 29.81727857 -42.11899886 0.00000000e+00
93.63884112 29.66429094 -41.40201818 0.00000000e+00
93.57008243 29.58847150 -41.04684893 0.00000000e+00
93.64257517 29.76691531 -42.47604057 0.00000000e+00
93.57770912 29.79376386 -43.19541679 0.00000000e+00
93.78182701 30.02206129 -44.27725362 0.00000000e+00
94.07503781 30.11541671 -43.20240017 0.00000000e+00
93.57387734 29.69111977 -42.11705814 0.00000000e+00
93.54517470 29.80738051 -43.55579544 0.00000000e+00
93.87459187 29.88177995 -42.11855995 0.00000000e+00
93.87809400 29.98431887 -43.19736804 0.00000000e+00
92.91413861 29.56793292 -44.63499068 0.00000000e+00
93.34112675 29.78793401 -44.63923534 0.00000000e+00
93.23132698 29.52625527 -42.47545365 0.00000000e+00
93.02280247 29.51898542 -43.55246139 0.00000000e+00
93.12556300 29.47017665 -42.47342627 0.00000000e+00
92.94907812 29.45008997 -43.18972684 0.00000000e+00
93.36899715 29.56964646 -42.11993919 0.00000000e+00
93.16382295 29.55714034 -43.19215392 0.00000000e+00
93.33171853 29.48149144 -41.40465846 0.00000000e+00
93.26076404 29.40842099 -41.04709785 0.00000000e+00
93.47589170 29.73238140 -43.19694468 0.00000000e+00
93.54129441 29.70472722 -42.47556906 0.00000000e+00
93.01837107 29.41623644 -42.47083129 0.00000000e+00
92.91421880 29.46742465 -43.54676137 0.00000000e+00
92.71851263 29.14818275 -41.05420431 0.00000000e+00
92.60994095 29.20756549 -42.12200808 0.00000000e+00
92.90967424 29.36467788 -42.47271150 0.00000000e+00
92.83935971 29.40035989 -43.18875890 0.00000000e+00
92.79929402 29.31596278 -42.47664767 0.00000000e+00
92.57701645 29.43130984 -44.63827286 0.00000000e+00
92.48990561 29.06545589 -41.05388026 0.00000000e+00
92.49482530 29.16813207 -42.12380767 0.00000000e+00
91.97970945 29.08243704 -42.49134060 0.00000000e+00
92.46273796 29.29268334 -43.55562583 0.00000000e+00
92.01852202 29.05440387 -42.13577388 0.00000000e+00
92.10115327 29.10228388 -42.49411718 0.00000000e+00
92.37299989 29.03011262 -41.05623170 0.00000000e+00
92.25955720 29.10193147 -42.12682134 0.00000000e+00
91.98508724 29.18486810 -43.56692685 0.00000000e+00
91.85902115 29.27095134 -44.64295969 0.00000000e+00
91.85738428 29.06738389 -42.49519549 0.00000000e+00
91.90187331 29.14011274 -43.21045867 0.00000000e+00
91.77916233 29.12801740 -43.21287194 0.00000000e+00
91.86284509 29.16976135 -43.57044976 0.00000000e+00
92.10644171 29.20477612 -43.56782687 0.00000000e+00
92.34038979 29.15619033 -42.48055938 0.00000000e+00
92.34548289 29.25879457 -43.55735542 0.00000000e+00
92.37802885 29.13274227 -42.12205578 0.00000000e+00
92.68725333 29.27026249 -42.47931552 0.00000000e+00
92.57824974 29.33092833 -43.55672650 0.00000000e+00
92.49976910 29.27080043 -43.19651203 0.00000000e+00
92.45774947 29.19003315 -42.48008701 0.00000000e+00
92.26471071 29.20450262 -43.20142923 0.00000000e+00
92.69119275 29.47336529 -44.63855979 0.00000000e+00
92.61477602 29.31026725 -43.19766970 0.00000000e+00
92.61670148 29.41179346 -44.27683264 0.00000000e+00
92.80395036 29.41870100 -43.55441267 0.00000000e+00
92.72793054 29.35364754 -43.19863805 0.00000000e+00
92.38308044 29.23536425 -43.19770440 0.00000000e+00
92.34340752 29.35927696 -44.63799633 0.00000000e+00
92.02496256 29.25851073 -44.28395824 0.00000000e+00
92.14491927 29.17823437 -43.20936942 0.00000000e+00
92.26615599 29.30605076 -44.28065045 0.00000000e+00
92.10349053 29.30553645 -44.64153892 0.00000000e+00
92.22666857 29.22936170 -43.56373192 0.00000000e+00
92.22415740 29.32995837 -44.64265412 0.00000000e+00
92.14619719 29.27980912 -44.28419304 0.00000000e+00
91.98169708 29.28582356 -44.64241933 0.00000000e+00
92.38469672 29.33687806 -44.27700399 0.00000000e+00
92.72999184 29.45521107 -44.27860837 0.00000000e+00
92.80350095 29.51913808 -44.64004858 0.00000000e+00
93.02307165 29.61959701 -44.63737588 0.00000000e+00
93.16636680 29.65890584 -44.27489296 0.00000000e+00
93.84890731 30.09885557 -44.63911402 0.00000000e+00
93.94806770 30.16403631 -44.63932852 0.00000000e+00
93.47873132 29.83435540 -44.27537523 0.00000000e+00
93.44307202 29.74642592 -43.55528091 0.00000000e+00
93.23553638 29.62898236 -43.55608167 0.00000000e+00
93.23646802 29.72985198 -44.63776360 0.00000000e+00
93.26905307 29.61387348 -43.19529940 0.00000000e+00
93.33988286 29.68691103 -43.55274047 0.00000000e+00
93.27169974 29.71570614 -44.27699893 0.00000000e+00
93.13048959 29.67365070 -44.63712936 0.00000000e+00
93.12988265 29.57291874 -43.55020055 0.00000000e+00
93.67863014 29.85629496 -43.19450350 0.00000000e+00
93.58063766 29.89581376 -44.27760786 0.00000000e+00
93.74667769 29.93275186 -43.55514476 0.00000000e+00
93.64846862 29.97108377 -44.63875644 0.00000000e+00
93.98008351 30.15191872 -44.27984674 0.00000000e+00
94.04666250 30.22990059 -44.64051822 0.00000000e+00
94.07835686 30.21788150 -44.28119848 0.00000000e+00
93.74907625 30.03449095 -44.63813960 0.00000000e+00
93.68164477 29.95842217 -44.27689604 0.00000000e+00
93.88126800 30.08660991 -44.27844254 0.00000000e+00
