79.91946870 29.56706119 -6.67080037 0.00000000e+00
88.45512951 28.01507665 -31.24877558 1.35921023e+01
78.42940013 31.19752830 -29.19359099 2.35842456e+01
77.04231493 31.80961019 -24.49948174 1.21787200e+01
75.14248996 33.89192345 -27.68513184 1.38485898e+01
84.92054474 29.94039002 -44.23023332 1.77368656e+01
87.43917449 28.11746557 -31.27967549 1.23483963e+01
84.45710667 27.76558301 -8.95686268 4.64014522e-03
78.08037156 32.41277009 -39.32270292 6.70380905e+01
75.33453199 34.61978808 -38.15580198 1.45082116e+01
85.86638425 29.46123153 -41.84423482 1.84946349e+01
81.89139061 28.48214915 -5.54653256 0.00000000e+00
75.00765832 33.31576715 -13.13651991 1.21749727e+01
78.96086298 29.72467226 -2.96901954 0.00000000e+00
74.67307171 32.93856981 -3.42980636 1.35058473e+01
81.03052842 28.48499222 -2.22194742 0.00000000e+00
85.46834063 27.51654715 -10.21083282 2.30461661e-03
74.45616147 33.20516829 -3.36797426 1.48554919e+01
77.13815423 33.44092999 -43.32730274 1.86317413e+01
86.24584052 27.53119369 -15.25021941 6.04713014e+00
87.15282747 27.36314302 -14.88658446 1.17281098e+01
85.76887420 27.47932393 -11.04925090 4.15277633e-02
89.05170365 26.99262572 -8.63714285 3.01532676e+00
89.80939835 28.46601909 -36.33185964 2.05638777e+01
90.04974099 27.63582302 -26.86982047 1.60951887e+01
75.05324999 33.39179144 -14.40221943 1.22513151e+01
91.88093875 27.50890413 -25.29043515 2.40399035e+01
86.70465630 28.48260255 -34.07026842 1.72894244e+01
85.51804602 29.65900591 -43.03817942 1.80813704e+01
90.42224501 29.15650901 -43.20608540 2.43835489e+01
90.66319548 28.01525149 -32.27736310 1.95655027e+01
89.07080576 28.59426268 -37.26852673 2.76410741e+01
89.80102180 27.95369183 -31.20042428 1.75414507e+01
75.93165564 34.22967256 -40.67213153 1.58994216e+01
78.01238101 32.61358134 -40.87690905 3.95313632e+01
77.66289691 33.03738041 -42.92546452 2.27239063e+01
81.75025163 31.12788904 -44.57229678 1.72010599e+01
76.82698855 33.30737727 -39.59150173 1.85569890e+01
76.87410894 32.98580719 -36.94623817 1.95877618e+01
74.88201072 35.49285984 -41.52440441 1.42261757e+01
74.82528219 35.68940455 -42.83071653 1.40491088e+01
74.65693667 35.93278420 -43.27024699 1.36273726e+01
81.47678379 31.22612010 -44.14347145 1.65644398e+01
77.64718458 32.92714945 -41.68702817 2.46407187e+01
87.83649411 28.88203416 -39.03670944 1.60798728e+01
77.23145400 33.09051884 -40.43360104 2.06635909e+01
78.34163893 32.30408014 -39.72834516 5.31039444e+01
79.53532824 31.74489457 -39.57717098 2.17917192e+01
84.60071452 29.04457141 -34.64408623 1.57676861e+01
80.18136786 30.64824451 -31.91581216 1.62038590e+01
74.99221465 34.06796471 -27.48651039 1.38113377e+01
76.50674993 33.52508816 -39.13707125 1.85301755e+01
83.12141101 30.10332067 -39.97192223 1.97563635e+01
76.13885546 33.77176146 -38.25794702 1.81018678e+01
76.86389187 33.15661391 -38.45129252 1.89740756e+01
76.49124372 33.45543155 -38.35439378 1.88805942e+01
79.34803372 31.47908726 -36.44444235 2.11919086e+01
74.92598878 35.22518307 -39.39021903 1.43270188e+01
75.01331626 35.38083024 -41.95284484 1.42955417e+01
75.22824975 34.87118877 -39.37973548 1.44436684e+01
76.19171656 33.84801268 -39.46859046 1.78312648e+01
76.56369955 32.73594008 -32.16155625 1.85378647e+01
75.41171154 33.50011901 -27.00215999 1.26720206e+01
82.95640097 29.25661587 -31.29401422 2.61609021e+01
76.59351645 31.77172068 -13.33142289 6.27913481e-02
74.65918928 34.38069500 -26.18282021 1.39709465e+01
75.39931997 34.28787179 -35.72538361 1.45907963e+01
74.87789181 33.42632559 -12.69830843 1.12205965e+01
74.56421667 35.91482833 -41.97668169 1.36867640e+01
75.25385486 32.98899666 -12.75074801 1.26059665e+01
80.63336711 29.27648418 -8.35492865 0.00000000e+00
77.76023972 30.85005660 -11.72464453 0.00000000e+00
74.38445019 34.67284607 -25.51727476 1.17010507e+01
76.86581345 31.44989452 -11.83597756 0.00000000e+00
74.64409721 33.10356034 -4.76532561 1.35174258e+01
77.65746705 30.15421906 -0.68077210 2.51167966e+00
74.86008564 33.31798645 -11.44364708 1.00788393e+01
75.97755472 31.65936805 -4.39913120 1.29061726e+01
77.53535550 30.71218436 -6.86720076 0.00000000e+00
77.65842605 30.91368795 -11.73673805 0.00000000e+00
76.02998793 32.11255662 -11.89832451 1.25764202e+01
77.47206119 31.15469274 -13.28087435 0.00000000e+00
80.10356464 29.92378372 -13.09418253 0.00000000e+00
75.70842258 32.54540488 -13.25199412 1.27334576e+01
82.77308930 28.63344253 -15.49746356 4.68275890e-01
75.37013017 33.28860567 -21.88913668 1.24670487e+01
78.03531333 31.04607771 -20.96813688 0.00000000e+00
75.23041152 34.04916152 -30.78378503 1.44261992e+01
82.93038243 29.60144553 -34.74078890 2.07435187e+01
76.65861297 33.19387410 -37.25406744 1.89007739e+01
76.78346545 32.72831454 -33.86013611 2.07486665e+01
81.67146855 29.93128439 -32.48253090 1.50593376e+01
82.82172277 29.52162831 -33.50908704 2.12076214e+01
79.82395262 30.86571495 -32.44040438 1.37665354e+01
82.03726796 29.66160963 -31.54046766 1.60336498e+01
82.25373266 29.46855206 -30.50205362 1.88702361e+01
87.07193388 28.45528937 -34.32793833 1.26455780e+01
79.85697855 30.81270394 -32.05079966 1.43137452e+01
84.57725679 28.64657950 -30.44454949 1.30235983e+01
83.08895973 28.77336306 -25.71561519 6.49157008e+00
87.75266429 27.54931818 -23.28020765 1.27623361e+01
80.62531088 29.03580860 -5.01878730 0.00000000e+00
92.35578245 28.01268075 -31.28675756 2.64808674e+01
83.06133735 27.89418304 -4.00231309 0.00000000e+00
89.90448507 27.16328490 -13.36270445 2.27283315e+00
87.39952291 27.25366055 -12.30068225 3.16335810e+00
91.15330958 26.76452162 -4.41295000 9.63551658e+00
80.71937331 28.75230096 -3.22398087 0.00000000e+00
85.25482926 27.24467656 -4.28856505 2.13137209e-03
92.35073866 27.30136338 -16.37572072 2.20035235e+01
87.98746628 27.43341523 -21.09647850 2.19641586e+00
88.68872834 27.01279256 -8.60756679 1.79614686e+00
93.42823692 27.89420785 -20.58698216 4.69854675e+01
90.86703498 26.91141936 -9.15330820 5.19356676e+00
88.54817737 27.73673597 -27.61336602 3.45362770e+00
88.56447568 27.53148111 -24.11855827 3.04482237e+00
87.20319047 28.23568160 -32.21352806 1.22101374e+01
91.51333958 27.88960891 -31.23519520 2.24121322e+01
88.15864231 28.78635546 -38.46585910 1.70081021e+01
77.44685110 32.49803302 -36.31601803 3.31664038e+01
86.46490640 28.72426432 -36.01976223 1.84447502e+01
81.17799318 30.39567139 -34.58707218 1.56972130e+01
86.47945941 28.39307016 -32.75779117 1.72854291e+01
82.84820685 29.58892734 -34.30337592 2.05638099e+01
85.35993740 29.17528821 -37.89405931 1.68213578e+01
83.99701632 29.78954853 -39.72965194 1.92481217e+01
78.28932216 32.05541544 -37.16222199 6.30064822e+01
77.17077771 33.01224073 -39.25900016 2.08685489e+01
80.34791473 31.01805259 -36.35735737 1.43189089e+01
81.78279076 29.88258456 -32.55371769 1.51190674e+01
79.89500955 31.17349409 -35.80663122 1.30274881e+01
81.23659195 30.27862807 -33.72536261 1.59934741e+01
83.01949948 30.47583481 -43.42767522 1.96182652e+01
77.36236900 33.24117204 -42.91784961 1.99895823e+01
81.53275820 31.23838666 -44.57124250 1.67217607e+01
76.90824100 33.73518515 -44.57814259 1.76920386e+01
78.81913665 32.26792846 -41.77774908 2.70506363e+01
80.99385227 31.16089093 -40.82498006 1.54154995e+01
81.00042331 31.03490925 -39.61217899 1.53730795e+01
83.72547146 29.69133447 -38.03988162 1.90928335e+01
85.63722841 29.62867630 -43.03316586 1.82839839e+01
82.46473434 30.52689742 -41.74028316 1.91116262e+01
89.51910298 28.81751925 -39.37887274 2.23079771e+01
93.41906621 27.38455146 -3.11190221 7.32365103e+01
93.90427196 28.62897193 -29.54540000 4.18944669e+01
93.54177202 28.46585016 -30.39529948 3.90748565e+01
75.54898206 34.76614611 -41.93884260 1.48912751e+01
76.10177759 34.44107903 -44.56252186 1.59819756e+01
74.56600339 35.39758622 -36.98962893 1.53322395e+01
76.81363365 33.80933226 -44.57783870 1.75129260e+01
75.84975574 34.31397231 -40.66391716 1.55976212e+01
74.67056435 35.48679792 -39.00521592 1.45127456e+01
75.22238037 35.00742060 -40.64276284 1.44729843e+01
74.52861449 35.52853223 -37.75875919 1.64533575e+01
75.15223016 34.95937417 -39.38118167 1.43903848e+01
75.12563786 34.81777721 -37.75120160 1.43176223e+01
75.27163412 34.77804460 -38.97170080 1.44627453e+01
75.69501848 34.34920527 -39.39651411 1.52108213e+01
75.68872941 34.48450631 -40.65220496 1.51550475e+01
76.06882254 33.92340175 -39.04125725 1.73292783e+01
78.45036140 32.24700634 -39.74643651 4.16563809e+01
76.70083038 33.24236290 -38.02797871 1.86819631e+01
79.95453801 31.37244343 -37.86833693 1.31256811e+01
77.25266512 32.87355343 -38.51424350 2.25465403e+01
77.36847385 32.87380383 -39.27717614 2.36029306e+01
76.74839774 33.45074870 -40.37783460 1.82292676e+01
75.72733139 34.52873674 -41.51306292 1.52171825e+01
78.11687706 32.55063150 -40.88228934 4.65062554e+01
75.88559137 34.53275190 -43.25108997 1.55356969e+01
79.40605929 32.13937635 -43.02961965 2.23139369e+01
78.68852516 32.48317422 -43.37318373 2.75542516e+01
78.13224537 32.66118927 -42.10969707 3.58155377e+01
75.74536292 34.63795238 -42.81351248 1.52434522e+01
78.83357725 32.37797352 -42.98297251 2.61216784e+01
79.27775388 32.07736742 -41.83491949 2.26919957e+01
78.53761171 32.67477932 -44.58956647 2.56943072e+01
79.97292144 31.89368929 -43.04610430 1.35257863e+01
80.58383994 31.50946784 -42.18736087 1.46707267e+01
81.02389411 31.10307417 -40.39547028 1.54506986e+01
85.36321455 29.73804345 -43.43924786 1.79550025e+01
84.81012088 29.86323245 -43.08039263 1.74286081e+01
82.36488363 30.68509966 -42.94140970 1.89442095e+01
86.44058451 28.94810376 -37.98819107 1.87116182e+01
80.84311277 31.08591657 -39.31402444 1.50820311e+01
80.91863689 31.16331604 -40.43507724 1.52602907e+01
92.94458128 29.34733907 -42.11588424 3.19198727e+01
81.23746779 30.77579073 -38.40110622 1.57927812e+01
77.51348979 32.81530428 -39.66226200 2.57640205e+01
77.33597044 32.69459326 -37.40767041 2.60605007e+01
80.21824400 31.31820205 -38.50855798 1.38025445e+01
80.05971966 31.62547624 -40.68875026 1.34950674e+01
80.52819144 31.26663832 -39.46055650 1.44927556e+01
81.05797638 30.83793875 -38.09581410 1.54197534e+01
78.89910502 32.04008368 -39.83153083 2.56901297e+01
79.57535712 31.87963767 -41.07690495 2.19667438e+01
79.98658488 31.54668820 -39.59157256 1.32681604e+01
78.04196387 32.55559507 -40.47030795 4.58803034e+01
79.47468927 31.80763087 -39.92520349 2.19248246e+01
78.73980864 31.52713551 -34.42921523 2.32570434e+01
79.69255010 31.11265665 -34.36132943 1.23810333e+01
79.70455651 31.22071256 -35.46646093 1.23550463e+01
80.41996271 30.78263132 -34.48319168 1.49004926e+01
89.93048773 28.56389482 -37.24221391 2.07618431e+01
84.94757966 28.92966147 -34.55487104 1.50887846e+01
78.47669184 31.48816498 -32.66024085 2.70909988e+01
79.19992359 31.34627249 -34.63622184 2.06758023e+01
81.58728641 30.05253220 -33.28851856 1.68398929e+01
82.58752885 29.59378198 -33.31004733 1.95853407e+01
82.52641904 29.57470080 -32.85527120 1.95543099e+01
82.61397661 29.66186545 -34.12389044 1.93052898e+01
81.68181280 30.17250006 -34.97943489 1.78109721e+01
81.71327954 30.11708512 -34.59017767 1.70750139e+01
87.92828655 28.08631025 -31.51041196 1.39096627e+01
81.28086337 29.83791216 -27.68278979 1.73293775e+01
83.94535858 28.70755529 -28.74105186 5.50301015e+00
79.48573750 31.00885885 -32.40770776 2.04045088e+01
80.96132662 30.19793298 -31.40334321 1.57580006e+01
81.47966204 29.89882113 -31.14393771 1.59299090e+01
82.49991198 29.50613023 -32.03570895 2.00430531e+01
81.56155150 29.98243330 -32.43453916 1.62610175e+01
81.04644643 30.01945204 -29.16615233 1.74829100e+01
80.88973729 30.20325357 -31.06927863 1.58376468e+01
80.03129887 30.65171607 -31.22340824 1.65787691e+01
81.79509592 29.63422512 -29.68143610 1.62238107e+01
78.78199962 31.16262861 -30.88364876 1.91751851e+01
80.87492056 30.08971988 -28.49674403 1.75222868e+01
75.49002677 33.41411123 -27.10791833 1.25828123e+01
78.48999601 31.36471884 -31.46444859 2.45541953e+01
80.54455267 30.11134736 -23.53909608 2.08043099e+01
78.04326033 31.47826667 -29.90094190 7.99062442e+00
78.23975162 31.52801896 -31.71318604 2.98374051e+01
78.76847519 31.05252726 -29.52288087 1.82587450e+01
77.63233991 31.73190392 -29.82341758 6.39055796e-01
78.36528460 31.30651747 -30.11348857 3.09910398e+01
78.27079975 31.47222209 -31.32330289 3.18845604e+01
79.39303373 30.89396769 -30.83667056 2.09242862e+01
78.02256159 31.96850973 -34.89341227 3.48837151e+01
78.78703355 31.58474956 -35.20931520 2.35112051e+01
78.56910233 31.36789412 -31.92127431 2.30785143e+01
77.98955153 31.78865885 -32.85562142 1.63476494e+01
77.54711940 32.43071504 -36.32752558 3.92572560e+01
76.29529437 33.50163362 -37.12951979 1.95740517e+01
76.21587272 33.44814984 -35.94207248 1.93014335e+01
78.31015702 31.84653560 -35.35780977 5.09067016e+01
76.61145792 32.98519646 -34.96306347 2.00337513e+01
79.21440455 31.22686761 -33.47693908 2.02974742e+01
77.80115171 31.98457439 -33.65085197 1.94698869e+01
81.08543946 30.20234631 -32.12338893 1.57918046e+01
76.66739291 32.53149706 -31.03942224 2.00541328e+01
74.51059920 35.42147599 -36.47096404 1.71798007e+01
75.37180180 33.63044690 -28.00404845 1.31748558e+01
75.51041603 33.34912903 -26.58863766 1.21997194e+01
74.95535843 34.02522005 -26.46323660 1.37908717e+01
74.49344660 34.79766410 -28.24915951 1.47804162e+01
75.41787921 33.36452841 -25.06256497 1.25554178e+01
74.54878448 34.60112976 -26.99129266 1.56698655e+01
74.51240580 34.55935853 -26.05520896 1.45598068e+01
76.36044739 32.20159208 -19.27493940 4.48305703e+00
75.30666046 33.44553795 -24.00128899 1.30920940e+01
77.45087753 31.36940128 -18.19172840 0.00000000e+00
75.57570206 33.19351385 -25.30493106 1.20628048e+01
80.89117705 29.70682221 -16.74976649 1.36628659e+01
77.66689300 31.34872669 -23.54420298 0.00000000e+00
79.30980484 30.47218076 -20.13573522 3.17567686e+01
77.68981423 31.61458891 -28.78094460 3.28761552e-01
76.65123248 32.42139739 -29.65930290 1.73530824e+01
82.59143246 29.24903571 -29.62686767 2.50716557e+01
80.98442412 29.76834740 -20.09391128 1.79150103e+01
78.15598982 31.09877467 -25.17877046 4.47383970e+00
80.98936032 29.64036156 -16.48802351 1.52190205e+01
77.62330935 31.29657988 -20.30357732 0.00000000e+00
80.20349353 30.17325780 -20.59908444 2.03424279e+01
77.18747062 31.18523282 -11.29612966 0.00000000e+00
75.40886425 32.81715418 -12.77096014 1.44335219e+01
77.40065542 31.16189827 -12.78131298 0.00000000e+00
75.80559457 32.53343053 -14.21208194 1.23728048e+01
76.58848203 31.53121623 -10.25665489 2.86931586e-01
75.00887734 33.14166645 -11.45170927 1.09320836e+01
75.37244214 33.11433793 -16.36659510 1.04742836e+01
74.42157851 33.85223975 -11.40393241 1.88956909e+01
75.03593319 33.80056723 -24.56497206 1.28722154e+01
75.62073318 33.10324676 -24.58025630 1.13123179e+01
76.53111496 31.45246916 -8.22329148 3.16845987e+00
76.26782879 31.74214286 -9.72954369 1.25086844e+01
76.21703036 31.82564724 -10.33978034 1.31376957e+01
74.37900608 33.77555957 -10.05055004 1.71068054e+01
77.13853880 30.97730831 -7.15410507 0.00000000e+00
74.22332994 33.71074086 -5.96494151 1.43848665e+01
74.71143244 33.15131008 -6.65419502 1.27265327e+01
74.37241644 34.60162105 -23.93192056 1.06972314e+01
75.83838014 31.66081692 -3.19376687 1.31091629e+01
74.36603895 34.73837935 -25.94786751 1.16847355e+01
75.17616624 32.21687121 -1.61496393 1.38110509e+01
74.89404897 32.49974752 -0.85991088 1.40312007e+01
74.43841807 33.09753402 -1.57802401 1.51453295e+01
78.78647962 30.01164785 -5.40732053 0.00000000e+00
75.31835152 32.31651495 -4.58609832 1.33938585e+01
76.08077766 31.65191993 -5.42528719 1.26411040e+01
76.11595197 31.49767169 -4.01515242 1.23947852e+01
76.91521001 31.17259069 -8.08457486 1.29932243e-01
74.93425918 33.22967945 -11.44799686 1.06135754e+01
76.12722472 31.90209861 -10.36139393 1.29761462e+01
74.33708553 33.87061742 -10.51654247 1.72674871e+01
77.17111676 31.11594464 -10.13461056 0.00000000e+00
80.33268009 29.42315195 -8.00794970 0.00000000e+00
76.81816305 31.24143719 -8.11997820 2.90632936e-01
75.42164226 32.54656659 -9.99369003 1.38516142e+01
75.74498413 32.21294184 -9.90470505 1.30869070e+01
75.40770261 32.47610020 -8.71984565 1.39812414e+01
81.11748406 28.80765261 -5.29461859 0.00000000e+00
80.92807949 28.67882871 -3.59887975 0.00000000e+00
79.37696682 29.92015198 -8.00376484 0.00000000e+00
75.81983258 31.88806083 -5.52236169 1.30872975e+01
80.19626169 29.12550281 -2.93319973 0.00000000e+00
79.71742742 29.55444404 -4.89629213 0.00000000e+00
80.38387069 28.98482578 -2.94253896 0.00000000e+00
78.67111307 30.05286297 -5.30006279 0.00000000e+00
79.34201119 29.55686498 -2.89145713 0.00000000e+00
77.96963302 30.21061931 -3.69815924 0.00000000e+00
78.27581035 29.97982368 -2.84158897 0.00000000e+00
78.60155779 29.73332166 -1.22683335 0.00000000e+00
80.64033759 28.64987335 -0.83511570 0.00000000e+00
80.47473855 28.91162748 -2.95775742 0.00000000e+00
80.65430262 28.76333202 -2.98849179 0.00000000e+00
81.51992566 28.16409617 -1.19153203 0.00000000e+00
87.25235963 26.97909920 -5.00401915 4.90155601e-01
86.14422938 27.09587017 -4.63204057 6.72327885e-02
81.61276552 28.49304531 -4.47739090 0.00000000e+00
82.23366224 28.08302568 -3.52467912 0.00000000e+00
81.07327240 28.75105657 -4.52741481 0.00000000e+00
81.42068540 28.52831417 -4.16662310 0.00000000e+00
80.63907522 29.14868540 -6.55436173 0.00000000e+00
81.07780902 28.62267876 -3.72919592 0.00000000e+00
81.07351958 29.46067182 -14.07433660 4.72878978e+00
87.50952936 27.56071892 -22.97020092 1.11853152e+01
88.55114620 27.63443076 -26.00863409 3.24487745e+00
83.24402476 28.50994337 -17.57819786 1.85138006e-01
79.63292292 30.27069869 -16.21899830 3.98707391e-01
83.04433777 28.52613304 -15.42098024 1.08177892e-01
79.73376820 29.84929669 -9.50755407 0.00000000e+00
78.81836319 30.19117520 -9.10569221 3.72864718e-03
77.53420204 31.23417324 -15.40213139 0.00000000e+00
81.86903751 28.84553715 -11.54200686 7.58631968e-02
80.29356060 30.00105075 -16.08050701 3.84443188e-01
77.25179387 31.50342621 -18.13524980 0.00000000e+00
78.66043319 30.36397826 -11.16951346 9.91126592e-01
78.52736355 30.33897091 -9.78864818 1.83256399e-02
79.50509798 30.43559292 -21.36731453 2.98437288e+01
78.18697638 31.04291473 -24.29187680 4.11700094e+00
80.30545300 30.11072623 -19.93197565 1.89799458e+01
78.28221001 31.11215459 -26.80662043 1.88298941e+01
80.57325357 29.97151267 -19.53483425 1.58272082e+01
81.06094714 29.63551066 -17.55484468 1.85327427e+01
80.49562426 30.10455004 -22.62149268 2.04694645e+01
81.70137606 29.30746265 -19.21887887 1.71362170e+01
80.78831319 29.90196170 -20.82470566 1.55864536e+01
85.99887694 28.00345885 -26.46552621 5.81034822e+00
80.83789271 29.90877640 -21.79760583 1.68400254e+01
88.35038702 27.81807025 -28.68390562 5.83735028e+00
79.23089612 30.87929792 -29.82973103 2.01491706e+01
83.12697279 28.94811706 -28.38673694 1.23038284e+01
82.27721941 29.11116179 -24.24385963 1.70273903e+01
90.17811043 27.73254769 -28.54088519 1.68291480e+01
86.14680374 27.83547402 -23.92973490 1.32640405e+01
83.13571364 28.83460158 -26.92609288 8.43007968e+00
86.26840233 27.82401553 -24.21454434 1.53219621e+01
83.20671900 28.74117991 -26.02207479 6.06650962e+00
86.35284768 27.85418873 -25.10905424 1.46360283e+01
85.67723559 28.02867623 -25.70329278 1.94147456e+00
83.36194169 28.88191433 -28.58037819 1.03098032e+01
90.74833987 27.73732022 -29.12262362 1.94922597e+01
87.98520345 27.84318386 -28.60122720 1.48492207e+01
86.39990557 27.92406207 -26.48701971 1.47969576e+01
83.18916687 28.96771341 -28.93507872 1.25637604e+01
89.04292369 27.81160124 -29.14019428 3.92077052e+00
88.22867503 27.82651498 -28.67205254 1.06639492e+01
87.37583450 27.87789082 -28.11800596 1.14387354e+01
90.98633234 27.52106024 -25.82260279 1.61200659e+01
88.96660711 27.47431829 -23.08992162 3.32240242e+00
88.58624374 27.70025371 -27.07248419 3.38327856e+00
87.85522310 27.74892531 -26.99366689 1.34629655e+01
82.33636283 28.70887937 -12.85785160 4.93228160e-02
90.86585245 27.21892327 -18.09318485 8.72659124e+00
87.38396812 27.66949343 -24.83717441 1.08718001e+01
84.37932798 28.49272476 -27.54808143 7.86333332e+00
83.09780343 28.66002571 -22.54856544 2.27748518e+00
84.74707984 28.21728654 -24.54766295 6.85999754e+00
85.44347898 28.09265744 -25.83579939 1.93119941e+00
84.60818018 28.41428821 -27.37856036 1.01844046e+01
83.24226384 28.69451991 -25.56420400 4.91342571e+00
81.74729946 29.00760949 -13.15809450 1.98759932e-01
79.13565333 30.30809147 -12.99455211 1.73426945e+00
85.58434947 27.48401011 -10.16716245 4.57472532e-03
82.71649541 28.27337449 -7.29914533 0.00000000e+00
85.58916828 27.36913068 -7.78094107 0.00000000e+00
83.15273621 28.20266854 -8.61480377 0.00000000e+00
87.39078166 27.15020800 -9.69106705 1.11737476e+00
83.42244918 28.09407259 -8.36967209 0.00000000e+00
88.23966233 27.11074540 -10.61633566 3.13891826e-02
82.94126106 28.10786955 -5.94594908 0.00000000e+00
84.97528883 27.49860583 -7.12585852 0.00000000e+00
83.41271877 27.80389415 -4.23438446 0.00000000e+00
87.48556079 26.87255078 -2.22175893 8.52290134e-03
87.84850947 26.86072390 -2.05297067 2.23358720e-01
88.61067197 26.77937243 -1.03927167 1.79852246e+00
90.67053642 26.78436965 -4.33352841 1.85301060e+01
86.55421783 26.83312749 -0.97548007 1.44413172e+00
83.08813008 27.96132191 -4.78513129 0.00000000e+00
86.39596619 26.86866540 -1.63787445 2.07355766e-01
84.21766534 27.55533360 -4.37340927 5.35348237e-04
89.46170584 26.94115154 -7.43057278 3.14075567e+00
82.47044730 28.02961793 -3.63615128 0.00000000e+00
84.34381652 27.80572659 -8.96534227 5.67284121e-04
89.94137312 27.23014341 -15.91981884 4.29940954e+00
87.74430816 27.44694929 -20.97813215 7.07388396e+00
78.47527979 30.32152883 -8.99257928 2.82019190e-03
90.06258393 27.22490546 -15.96450632 5.75621217e+00
88.07449221 27.35985281 -18.34063312 1.40828065e+00
92.23163195 26.96448920 -6.78244392 8.85627843e-01
88.72396007 27.07877438 -10.51845573 8.82173626e-01
93.82559055 28.04050883 -17.05083813 2.61611579e+01
89.94263444 27.12750693 -12.72887249 2.44107621e+00
90.78389513 26.98370785 -11.11496022 4.12037341e+00
90.14127868 26.94775709 -8.93394825 6.34824472e+00
85.45267113 27.10375377 -3.08934269 1.31567795e-02
85.81494919 27.20735164 -5.51632036 0.00000000e+00
89.42547142 26.87421657 -5.14097657 5.42991782e+00
88.37712559 26.89730637 -3.96222993 1.86928442e+00
88.61834171 26.88105318 -4.13610933 1.69169299e+00
90.90617703 26.67048705 -1.11609907 2.79060384e+01
89.53599982 26.97249528 -8.69210646 2.74938200e+00
91.39490809 26.76266703 -4.45030025 6.51304194e+00
92.22624117 26.75931923 -1.07550445 5.33841056e+00
90.67003124 26.88692072 -7.74297392 8.33183590e+00
92.64687117 27.13251621 -7.03439147 4.15926549e+00
91.95752136 26.84070724 -5.23754823 2.15291249e+00
93.89152819 28.11711694 -18.43332310 2.77443927e+01
90.86658968 27.01393060 -11.73844938 3.73697644e+00
91.87323782 26.99847107 -10.79710624 3.03706834e+00
92.42186595 27.05245696 -7.52491125 1.32784987e+00
91.03239800 26.87048391 -7.81339654 4.40150683e+00
90.42851192 26.89943773 -7.66938939 1.05067234e+01
93.72877569 28.07900179 -20.60924140 3.74913668e+01
93.88448834 27.81008004 -6.73653002 4.62082381e+01
93.20613356 28.50695218 -32.87017889 3.47413173e+01
93.22324714 27.77731505 -20.58713604 4.35866254e+01
90.86538907 27.32144050 -21.58476225 1.10644194e+01
93.49674848 27.96865046 -21.42439186 4.88470793e+01
90.74231605 27.63510306 -27.47858501 1.91365199e+01
93.50128474 28.17285268 -25.89607478 4.51844863e+01
89.92779781 27.64101784 -26.86097876 1.58440405e+01
89.93730610 27.53804669 -25.10393797 1.46233985e+01
88.95191355 27.67953843 -26.96261870 3.49968282e+00
89.77889762 27.47598883 -23.72447449 1.14592545e+01
87.69540653 27.79254470 -27.39800853 1.19323934e+01
93.60025503 28.13259944 -23.87053804 5.21717724e+01
88.66999218 27.72908695 -27.58864029 3.43914674e+00
89.20747451 27.56580729 -25.15150357 3.34104101e+00
87.58189225 27.90203734 -28.85208360 1.19382927e+01
91.22976623 27.82074294 -30.47362868 1.96208616e+01
91.59637950 27.82454687 -30.48539086 2.41874259e+01
90.61916812 27.84668205 -30.45638722 1.92658321e+01
91.35200220 27.81942881 -30.47702130 2.08460489e+01
92.07886393 27.67615153 -27.53482362 2.51811398e+01
90.62452882 28.05151238 -32.63267380 2.01312836e+01
92.11690765 27.64979512 -26.98914491 2.52260834e+01
91.87707413 27.61037098 -26.98197839 2.49110067e+01
93.19394978 27.99658586 -25.87223385 3.95324805e+01
91.15721898 28.50500719 -37.25367681 2.11362848e+01
92.69726286 27.92824050 -28.67440297 2.97409356e+01
93.93866192 28.71872934 -30.49574501 4.00331972e+01
93.78197869 27.54170486 -1.65133775 7.50964535e+01
90.78366478 28.31649633 -35.41541752 1.82293047e+01
81.94964887 29.77457404 -32.27901501 1.55500231e+01
87.12756676 28.31050352 -32.89316876 1.22940661e+01
90.50864016 28.16030058 -33.69930018 2.00705174e+01
90.62230740 28.35931296 -35.71703462 2.11862047e+01
91.84708771 28.25183474 -34.84168636 2.50819817e+01
92.02386439 29.15685874 -43.20814135 2.76861989e+01
92.44671649 28.68100638 -37.61820067 2.87304151e+01
89.39141188 28.61688656 -37.56019094 2.47320603e+01
92.48531450 28.55854295 -36.44326244 2.87155289e+01
90.54476107 28.43188292 -36.32552969 2.14316270e+01
90.75091263 28.45493994 -36.63294688 1.88021683e+01
92.45303111 28.88531946 -39.39741954 2.90948154e+01
94.00469703 28.79613206 -30.86859146 4.06207860e+01
88.20470916 28.85088602 -39.07938527 1.73685749e+01
87.10019275 28.94850818 -38.86748391 1.42992413e+01
84.22906405 29.49618884 -37.72615833 2.23144250e+01
88.45727092 28.62749155 -37.27096556 1.85407345e+01
88.19701832 28.74914914 -38.16492174 1.70686628e+01
91.27998920 28.50206528 -37.25864594 2.18121703e+01
88.31990165 28.73962474 -38.17511635 1.76886365e+01
93.42479135 29.13330323 -37.65171120 3.42630353e+01
88.95075452 28.49721567 -36.36290727 2.88311963e+01
88.21218076 28.64560807 -37.25310374 1.68979747e+01
88.70558070 28.50972056 -36.36667384 2.29046876e+01
90.54395603 28.53449999 -37.23952859 2.16188410e+01
89.40235339 28.10456400 -32.64467356 1.66180159e+01
92.01018011 28.13846521 -33.43987781 2.53826926e+01
88.92055590 28.22611058 -33.74543869 1.42858937e+01
89.16491802 28.21558955 -33.73252281 1.58253327e+01
85.66255544 28.37360671 -30.81778426 8.78972381e+00
86.59193629 28.27437270 -31.71264645 1.65131641e+01
86.83144384 28.68776693 -36.20646332 1.35469189e+01
88.33470662 28.63629119 -37.26393084 1.76261263e+01
89.08105290 28.18487319 -33.37893917 1.12775662e+01
84.36668484 28.93802074 -32.80897578 1.32216850e+01
84.03501107 28.78903451 -30.15276258 6.74674875e+00
84.35681788 28.83107751 -31.67523710 1.15201730e+01
82.56321726 29.94719273 -36.62768509 1.87277387e+01
85.60122022 28.99502583 -36.83469099 1.82348957e+01
83.66992295 29.34160704 -34.66273357 1.59450402e+01
84.79673472 29.01660002 -34.96475803 1.51105209e+01
83.29154656 29.78869731 -37.62718086 1.98046402e+01
85.50422734 28.90785291 -35.83110022 1.81081184e+01
84.81143319 29.30810690 -37.66524033 1.60277267e+01
86.96856558 28.85428764 -37.86814629 1.37126101e+01
84.00542841 29.67703186 -38.71898027 2.19338593e+01
85.24261515 29.21001183 -37.91833780 1.64630762e+01
86.56288783 28.93289639 -38.03472315 1.85349059e+01
87.05811674 28.77507123 -37.26714409 1.36341121e+01
87.35460511 28.71506092 -37.06289436 1.41151767e+01
85.37028478 29.28518343 -38.91045060 1.69597329e+01
87.05339463 28.88195948 -38.21744691 1.39689524e+01
87.47714912 28.70512158 -37.10275779 1.43959271e+01
87.54461792 28.83837352 -38.36248451 1.50428259e+01
86.32843838 29.07475756 -38.94784511 1.88812034e+01
88.07416438 28.75907611 -38.15135427 1.65447927e+01
86.97753768 28.96048024 -38.82930680 1.40742129e+01
83.46435433 30.10442617 -41.15494226 1.67659492e+01
85.23467265 29.66179979 -42.27778515 1.74665476e+01
87.09554436 29.05542198 -39.84485608 1.46519680e+01
81.12932373 31.04313986 -40.36181986 1.56486753e+01
86.91625341 29.21775137 -41.23586968 1.48167981e+01
83.82695031 30.09975065 -42.32882434 1.68042557e+01
85.04444084 29.23374708 -37.62142493 1.60018861e+01
81.36801339 30.78645601 -39.12900227 1.61289251e+01
83.47510276 30.21185075 -42.30817782 1.72748070e+01
81.88617300 30.93815072 -43.29973416 1.75672074e+01
83.50151539 29.87124417 -39.00679042 1.63890623e+01
81.10531611 30.97453340 -39.57291771 1.55684829e+01
83.38246853 30.09356725 -40.75959752 2.04456001e+01
83.24097154 30.28812017 -42.28245454 2.00231197e+01
85.24489894 29.77103722 -43.44466505 1.78007204e+01
83.72001623 30.24390931 -43.47096516 1.64517566e+01
83.17069660 30.38631534 -43.05100277 1.98885989e+01
83.48584310 30.31928545 -43.46192400 1.69995450e+01
83.10704848 30.55823312 -44.60884961 1.98847371e+01
89.06118889 29.30974263 -44.28599291 2.18371028e+01
84.39707174 30.13924378 -44.61880034 1.75025203e+01
90.53932816 29.04762957 -42.13037083 2.14978868e+01
86.32383096 29.52223335 -43.43982368 1.94103407e+01
91.73445887 29.05665729 -42.49685440 2.61346092e+01
86.42602943 29.61624368 -44.61156159 1.98974411e+01
89.55596016 29.29420683 -44.28337949 2.30051417e+01
89.67964463 29.29038117 -44.28294804 2.32613294e+01
91.40938827 29.21656873 -44.28486316 2.55554653e+01
89.13615294 29.34110948 -44.64276075 2.21821943e+01
91.77990830 29.22984835 -44.28569833 2.70143618e+01
91.90279844 29.24182730 -44.28537902 2.75142189e+01
90.41919072 28.74632856 -39.06689347 2.24028978e+01
88.81618580 28.91206040 -40.04004879 2.06623299e+01
91.12303777 29.15468181 -43.56751758 2.40735315e+01
87.21830488 29.04314261 -39.87553559 1.49093136e+01
92.25442473 28.99935300 -41.05868821 2.82817371e+01
89.55785673 28.78213638 -39.07418138 2.23394836e+01
89.43248164 28.88852300 -40.02384991 2.23418349e+01
93.97344484 29.94704015 -42.11946306 3.77302270e+01
94.04014634 30.02507093 -42.48131580 3.78424015e+01
93.67490733 29.75368464 -42.11699777 3.69804282e+01
87.17948925 29.40085022 -43.51516592 1.62482687e+01
93.05962178 29.60417724 -44.27450524 3.24413610e+01
93.87994214 27.60532095 -1.63592952 6.44484984e+01
92.46108946 29.39309214 -44.63900766 2.99595649e+01
92.69202296 29.37297945 -43.55782442 3.08677298e+01
93.37579534 29.77424710 -44.27575914 3.51562302e+01
93.94513748 30.06189368 -43.55860814 3.76833211e+01
92.84155536 29.50195872 -44.27503926 3.15467514e+01
93.94169618 29.95937984 -42.47862856 3.76482964e+01
93.77873057 29.91985365 -43.19628328 3.72222596e+01
92.50153757 29.37232613 -44.27728052 3.00849431e+01
74.81895692 35.82600216 -44.13198424 1.38515014e+01
75.05058900 35.42330851 -42.82191034 1.42906466e+01
74.62545326 36.09902429 -44.56771961 1.33486500e+01
75.34881129 35.20716822 -44.12262674 1.46137494e+01
75.64562280 34.78873989 -43.24371722 1.50668574e+01
75.38202618 35.21239855 -44.56052964 1.46559870e+01
75.61535940 34.95081014 -44.55937123 1.50272732e+01
75.58716978 34.80992695 -42.80737559 1.49603693e+01
75.56904534 34.70094418 -41.50663735 1.49142294e+01
76.32857125 34.05691106 -42.84132021 1.69695501e+01
76.01838289 34.52440274 -44.56199455 1.57959944e+01
75.48928695 34.96186345 -43.24137844 1.48191396e+01
75.19607823 35.38303240 -44.12713674 1.43977792e+01
75.41200407 35.04901503 -43.24245191 1.47095815e+01
75.35467493 35.07109859 -42.80678880 1.46278125e+01
75.39380120 34.94033370 -41.93609314 1.46723331e+01
75.03152860 35.48878936 -43.25820055 1.42444557e+01
74.88127290 35.66605003 -43.26261792 1.40631722e+01
75.10793935 35.22677956 -41.51360457 1.43814669e+01
74.78823237 35.64737756 -41.96462580 1.41115901e+01
75.04430336 35.04247015 -38.97544018 1.43339631e+01
74.73234473 35.67095403 -41.53369969 1.41334307e+01
75.00113610 35.13639391 -39.38575215 1.43350749e+01
74.65766297 35.76013634 -41.53838605 1.40668913e+01
74.91991779 35.36172782 -40.65832115 1.42903579e+01
75.18377387 35.13845447 -41.50676131 1.44430058e+01
75.08975153 35.11861526 -40.21952605 1.43724945e+01
74.74498541 35.39768175 -38.99793842 1.43880754e+01
74.71422413 35.56356562 -40.24312862 1.43136240e+01
74.77635967 35.40323802 -39.40199365 1.43583206e+01
74.86331172 35.04094748 -36.95175565 1.43256403e+01
75.30465769 34.78326515 -39.37949133 1.45109087e+01
75.11974834 34.95410169 -38.97324380 1.43591890e+01
76.31908428 33.43868565 -36.75163737 1.97625778e+01
75.27749694 34.64191821 -37.74726636 1.44230873e+01
75.76880779 34.39893924 -40.65775331 1.53552531e+01
76.24012721 33.76099671 -39.08098813 1.82935873e+01
75.47110792 34.85305094 -41.93739691 1.47750802e+01
75.53086658 34.65719830 -40.64524628 1.48461348e+01
77.14914804 33.27072980 -41.66658305 1.93452956e+01
76.67166889 33.63571314 -41.61434414 1.78694436e+01
75.78677676 34.50823437 -41.94965390 1.53445656e+01
76.03658023 34.08189194 -40.26265733 1.65872594e+01
75.03238182 35.31529803 -41.51800639 1.43265625e+01
75.14633398 35.09569844 -40.64539511 1.44144384e+01
76.37559287 33.93064323 -41.99663031 1.74220391e+01
76.72265052 33.51228754 -40.78921442 1.80996487e+01
77.05168035 33.34178007 -41.65715641 1.88538345e+01
76.63913416 33.45630313 -39.55739700 1.83070166e+01
75.97103650 34.27474479 -41.52967269 1.59056429e+01
76.27047874 33.90067340 -40.72050125 1.77049563e+01
76.20681718 33.91788844 -40.28913567 1.76271789e+01
76.60774014 33.31720798 -37.99967333 1.87650405e+01
76.07629092 33.78950007 -37.84053793 1.79016537e+01
75.66021189 34.34382916 -38.98583893 1.51402849e+01
76.94365987 32.97452015 -37.33947015 1.98962913e+01
76.31246243 33.61149392 -38.30606990 1.90947056e+01
76.16163102 33.70817671 -37.86669941 1.85351212e+01
75.64600971 34.27345332 -38.17515288 1.51445846e+01
76.79504760 33.16857066 -38.05611047 1.88416174e+01
77.23686340 32.76344817 -37.39322068 2.37690568e+01
79.66309840 31.57800441 -38.55126551 2.16908768e+01
77.37958480 32.74524408 -38.15644284 2.56504529e+01
78.23438706 32.36320513 -39.71261778 6.53634195e+01
77.61421463 32.74795706 -39.66828402 2.83603198e+01
77.71553731 32.68132231 -39.67176978 3.17392930e+01
77.30274508 33.08081999 -40.84919619 2.10268025e+01
77.12195552 33.33097463 -42.07862403 1.90255821e+01
79.11504708 32.06664468 -41.02289867 2.34921642e+01
77.71996869 32.91944453 -42.10116413 2.50409990e+01
79.23035251 32.02014919 -41.03861834 2.27951634e+01
77.20389920 33.15050380 -40.84387307 2.01393643e+01
77.02480557 33.40230392 -42.07023626 1.86098819e+01
77.82182510 32.85339974 -42.10127978 2.70248961e+01
76.73934269 33.62219745 -42.04057296 1.78772399e+01
77.46194075 33.17254588 -42.92016417 2.07238769e+01
78.49934927 32.53703061 -42.94989669 3.19900918e+01
76.97147749 33.52365132 -42.89950627 1.82183267e+01
77.61874196 32.98624408 -42.09733995 2.34334390e+01
76.46458854 33.85188018 -42.00712494 1.75231561e+01
76.18633404 34.35860257 -44.56344037 1.61858513e+01
76.28788104 34.01044399 -41.98609158 1.71943617e+01
76.47177243 33.67938175 -40.33267195 1.80835398e+01
76.68848713 33.74559900 -42.87641218 1.76372707e+01
76.67907319 33.87695763 -44.14550814 1.73581254e+01
76.03231618 34.25568113 -41.96483131 1.60573646e+01
76.13394029 34.28264417 -43.25878916 1.61962336e+01
76.30532332 34.12019763 -43.26815706 1.67525703e+01
76.15627836 34.21875902 -42.83061696 1.63541871e+01
76.75607954 33.73208756 -43.30330827 1.76598059e+01
76.77198834 33.80150671 -44.15120199 1.75219480e+01
77.10075357 33.59006067 -44.58218083 1.81204267e+01
77.63449375 33.09644270 -43.33750288 2.17568655e+01
77.90195380 33.04279280 -44.58482257 2.19911349e+01
77.69773841 33.17511181 -44.58488118 2.05417070e+01
77.79951964 33.10855977 -44.58480037 2.12122214e+01
78.42851114 32.73191078 -44.58792472 2.59826924e+01
77.95789291 32.96745353 -44.17059390 2.36486177e+01
78.80074575 32.43146703 -43.38444745 2.60269984e+01
78.37868285 32.71939175 -44.17453413 2.78737613e+01
78.72090811 32.42899327 -42.97232177 2.78013936e+01
78.04333608 32.83457499 -43.34578974 2.74416084e+01
78.87301748 32.51559171 -44.59789405 2.35939391e+01
79.86091204 31.94487837 -43.04933708 1.33694400e+01
78.45292255 32.48218991 -42.13286332 3.54860492e+01
78.39069479 32.59419352 -42.94183289 3.37138498e+01
79.25746466 32.23831563 -43.41473565 2.26533115e+01
79.50760915 31.98359861 -41.85779685 2.21062076e+01
79.29123652 32.18634572 -43.02157533 2.26229672e+01
79.62190767 31.93576136 -41.86554140 2.20174785e+01
79.48682244 32.14400477 -43.42779389 2.21577143e+01
79.96064993 31.78587308 -41.87198863 1.33961440e+01
80.36830062 31.62365860 -42.22842511 1.42239818e+01
80.07188294 31.73341101 -41.86733445 1.35958638e+01
79.33149052 32.32252392 -44.60498322 2.21208839e+01
80.16189792 31.84177822 -43.43260044 1.38905624e+01
79.93978873 31.94681412 -43.43856037 1.35153271e+01
79.90136888 32.07795506 -44.61076238 1.47397480e+01
80.05124273 31.89486370 -43.43594557 1.36917815e+01
79.67502544 32.17817630 -44.60931767 2.20470151e+01
80.51049809 31.74262661 -44.20198299 1.46436879e+01
80.12489423 31.97363215 -44.60855334 1.39478816e+01
80.47642207 31.56700634 -42.20991090 1.44491912e+01
80.29241570 31.85368676 -44.21240649 1.42124735e+01
80.99487889 31.52449123 -44.58384425 1.56438055e+01
81.91757425 30.88233240 -42.87881472 1.77044861e+01
83.35796006 30.24975533 -42.29610410 2.03041685e+01
82.20466086 30.67269381 -42.08775570 1.90713814e+01
82.56610534 30.37133327 -40.55975655 1.90340493e+01
82.35072293 30.57225402 -41.71072958 1.92869350e+01
82.31762751 30.62534732 -42.11138621 1.91533846e+01
80.72638223 31.62882270 -44.18802941 1.50743324e+01
81.11500916 31.21508664 -42.05317624 1.57002730e+01
81.05460362 31.33009103 -42.90764040 1.56288179e+01
82.12472129 30.66694940 -41.65576113 1.90583152e+01
82.41744181 30.46695681 -40.91524437 1.92508857e+01
81.55916741 31.10050297 -43.28592921 1.66982445e+01
80.84198620 31.44731188 -42.94663647 1.52194702e+01
80.90309911 31.33332593 -42.10583433 1.52972638e+01
80.73539415 31.50567107 -42.96695445 1.50099431e+01
79.35891989 32.08253730 -42.23793591 2.24077419e+01
80.38764030 31.45957848 -40.63203682 1.42113624e+01
81.03922235 31.21658839 -41.65071860 1.55350724e+01
81.31143546 30.98311416 -40.74139751 1.60435831e+01
80.73861049 31.14668254 -39.36544223 1.48983330e+01
81.02846332 30.89623760 -38.48419633 1.53785675e+01
81.23514414 30.98380362 -40.33448408 1.58608528e+01
82.36478183 30.33018812 -39.35973908 1.98326309e+01
82.22277140 30.50537900 -40.44289114 2.08234265e+01
83.23855749 30.06542455 -39.99756213 2.00764043e+01
83.11269154 30.21847768 -41.09866856 1.97262339e+01
82.77570743 30.44857951 -42.21027248 1.91816403e+01
81.14510174 31.15739065 -41.62332575 1.57370815e+01
81.96525813 30.65647605 -40.78335185 1.86074740e+01
87.16213206 29.19023350 -41.28793139 1.53223805e+01
83.29382134 30.01058029 -39.65693625 2.02853266e+01
83.37347210 29.80033345 -37.98173186 1.75708638e+01
83.38434809 29.90787590 -38.98736719 1.72890318e+01
83.35585322 30.02798366 -40.02000357 1.98367807e+01
82.02461340 30.46826482 -39.22596848 2.06450215e+01
82.65534158 30.26161741 -39.83277463 1.89753434e+01
81.47496499 30.72947030 -39.12008724 1.64401923e+01
82.68404932 30.13616924 -38.77517412 1.89152331e+01
81.31657114 30.85595763 -39.51630271 1.60114120e+01
81.42328796 30.79826642 -39.50222918 1.62811859e+01
81.57157151 30.43150491 -36.85543741 1.71475366e+01
82.60253533 30.12613906 -38.39124290 1.88546278e+01
80.43246193 31.20329637 -38.43275884 1.43095032e+01
81.74908389 30.63383311 -39.52223842 1.75698893e+01
82.19645279 30.43646186 -39.65726456 2.12938582e+01
80.31364298 31.15259584 -37.42851645 1.41048308e+01
79.81620899 31.66262550 -39.95073552 1.32528795e+01
79.84302146 31.42383500 -37.87496337 1.28346817e+01
78.12850114 32.42415474 -39.69949944 6.45679428e+01
80.95418873 30.89922327 -38.14996267 1.52429101e+01
80.25886495 31.45018436 -39.90686168 1.39054371e+01
80.31463203 31.38276059 -39.53513921 1.40286592e+01
80.29422972 31.31678829 -38.83541001 1.39834626e+01
79.58922304 31.76039190 -39.93748612 2.18445512e+01
80.20635672 31.43888142 -39.56102105 1.37763289e+01
79.24387411 32.12924501 -42.22672506 2.28159886e+01
79.87512267 31.59831559 -39.59607596 1.30361003e+01
80.14961922 31.73374683 -42.25460723 1.37760456e+01
80.60174325 31.34308291 -40.56255719 1.46623460e+01
79.34565218 31.97374242 -41.05356563 2.23472790e+01
78.89970467 32.27163586 -42.18765561 2.56275652e+01
78.54779511 32.31603787 -40.93366168 3.45935751e+01
78.48434195 32.42654962 -41.73191205 3.59269747e+01
79.24436192 31.90015787 -39.89347872 2.25581463e+01
78.88545808 32.16172044 -40.98900789 2.59807130e+01
78.43790863 32.37166668 -40.91805265 3.97125607e+01
78.67223213 32.13946324 -39.78724289 3.07666176e+01
79.96653410 31.48036927 -38.89699816 1.31810290e+01
77.88461205 32.41268160 -38.19813824 5.75614581e+01
79.51530645 31.67731052 -38.87684652 2.16864314e+01
78.52228998 32.05399660 -38.30138348 3.60403338e+01
79.17047531 31.81494016 -38.81955389 2.25591257e+01
79.15708708 31.70568645 -37.77697223 2.21590235e+01
78.60113479 32.05543174 -38.68050509 3.25673618e+01
78.69888828 31.89389347 -37.63667150 2.80270163e+01
78.61910239 31.89094233 -37.25643497 2.99709753e+01
81.12231835 30.59393219 -36.18206563 1.55127174e+01
78.15210772 32.17164119 -37.49871701 7.70086228e+01
78.27067317 31.98628493 -36.43760581 6.02633658e+01
77.97256473 32.23822503 -37.10264551 8.97090925e+01
78.11549057 32.03351956 -36.03949913 4.91237316e+01
79.92796636 31.12024265 -35.45528082 1.31949389e+01
78.58662120 31.94501167 -37.60091036 3.16408197e+01
78.56141106 31.68324521 -35.09778782 2.84242767e+01
78.43774185 31.85996916 -36.13220271 3.70495136e+01
77.10077277 32.45527063 -33.56810262 2.68311598e+01
78.45060125 31.73583587 -35.04505911 3.37096481e+01
78.86775084 31.59023002 -35.59780166 2.29083123e+01
79.00294762 31.38341680 -34.16465563 2.08250694e+01
79.43050971 31.25738644 -34.70143037 2.09292341e+01
79.91620156 31.01224438 -34.35111976 1.34134902e+01
80.00524342 31.12106516 -35.78808881 1.34196473e+01
79.09761825 31.49975852 -35.68444720 2.13685618e+01
79.67091343 31.27278071 -35.80893490 1.34873016e+01
78.71239172 31.77141017 -36.58714846 2.65618484e+01
80.03775261 31.06709927 -35.43361230 1.36091958e+01
79.23279269 31.52386829 -36.41621128 2.13114788e+01
80.70304986 30.96855233 -37.56886625 1.48486821e+01
81.04598003 30.51602937 -35.07441079 1.53876127e+01
80.53802522 31.14388496 -38.38451027 1.45293209e+01
81.22645820 30.53334993 -36.13518814 1.57546387e+01
79.05536406 31.86070980 -38.79598962 2.33511802e+01
78.96042515 31.74529238 -37.37616238 2.33659208e+01
81.13266756 30.83558753 -38.43811063 1.55714725e+01
82.27173707 30.01114575 -36.09132857 1.92260459e+01
80.59909771 31.03000232 -37.63406959 1.46746217e+01
81.25099425 30.60246361 -36.88462091 1.58108907e+01
81.14634349 30.66262894 -36.92572671 1.55650770e+01
84.11228654 29.53339127 -37.72854960 2.30449529e+01
81.28221988 30.33578160 -34.54301241 1.60409557e+01
83.26495556 29.72282119 -36.95077520 2.07256098e+01
81.68089980 30.37830036 -36.87761128 1.81103829e+01
82.32442563 30.14881586 -37.54618126 2.00046630e+01
83.15017911 29.98184995 -38.93433596 1.99164984e+01
83.30257674 29.89646666 -38.63588677 2.05006063e+01
81.90299320 30.27767983 -36.96084521 1.81433780e+01
83.25610486 29.83679100 -37.95341821 2.05269468e+01
82.38686838 29.96965722 -36.16508152 1.90174343e+01
83.09447588 29.62627277 -35.54426486 2.10101637e+01
82.27900100 29.89058720 -34.99653032 1.88668359e+01
83.85125790 29.54227099 -37.05896430 2.28082379e+01
84.13870095 29.41512029 -36.73647261 1.83707236e+01
82.33180787 30.02846258 -36.48400334 1.95909253e+01
82.15723452 30.05402608 -36.01486371 1.72721475e+01
83.32020821 29.66885313 -36.63260556 1.88240751e+01
81.77682683 30.00718337 -33.80500677 1.53242745e+01
81.35786983 30.33546482 -34.93529016 1.63146840e+01
81.17279009 30.52292272 -35.77986631 1.56288099e+01
81.27721297 30.46306196 -35.74016854 1.59196498e+01
80.94390910 30.57877924 -35.15308631 1.52328222e+01
81.06939111 30.58418253 -35.83500371 1.54093485e+01
80.45293525 30.95829872 -36.29350277 1.45424766e+01
80.76980053 30.64700898 -34.92169082 1.50822203e+01
81.16397599 30.07192372 -31.21656683 1.64075613e+01
81.03587844 30.27437782 -32.58978592 1.55825950e+01
81.37153773 30.16198324 -33.26135611 1.68628134e+01
81.25271120 30.39400770 -34.96231272 1.58928945e+01
81.66586316 30.05678700 -33.74337095 1.64368284e+01
81.38779897 30.27778705 -34.52102261 1.65419073e+01
83.31983256 29.26249170 -32.67130920 1.94195692e+01
83.57883710 29.03900262 -31.25702876 9.92231740e+00
82.40998221 29.61206469 -32.74144463 1.92767877e+01
82.46284756 29.74939017 -34.39071403 1.88308373e+01
83.46369561 29.29365914 -33.49086826 1.77441684e+01
83.20053810 29.48274082 -34.51015716 2.29244529e+01
82.64319071 29.53824453 -32.96762101 2.02866733e+01
83.00330726 29.31771680 -32.09961047 2.55825771e+01
83.07395785 29.22278757 -31.38305653 2.65437102e+01
82.85081564 29.39984733 -32.36391078 2.35507579e+01
82.75646951 29.27681347 -30.72837759 2.53078374e+01
82.73366359 29.43470694 -32.26345272 2.23593955e+01
82.76019901 29.50247398 -33.06984937 2.12830372e+01
83.81242855 28.96839393 -31.30978366 8.10647600e+00
82.28794452 29.41850705 -30.11334975 2.00249616e+01
82.65147756 29.42145374 -31.79568450 2.21775424e+01
81.61972010 29.79093355 -30.77411574 1.52790667e+01
81.24148909 30.15104661 -32.44676289 1.62898426e+01
80.86014954 29.97617084 -24.36236670 1.96029952e+01
80.97436617 30.02417606 -28.06535806 1.80480924e+01
81.06202620 30.13412768 -31.29851045 1.59680494e+01
80.98414193 30.26566201 -32.21942255 1.55600976e+01
79.46146495 30.79199699 -29.91004167 2.20606906e+01
80.54939115 30.34756474 -30.69725078 1.67649682e+01
81.05928783 29.84513038 -23.70959332 1.85826171e+01
80.13828688 30.59515141 -31.16319611 1.70683300e+01
79.29032337 31.04645588 -31.95612745 2.02053364e+01
79.74577531 30.86298007 -32.05854438 1.34421560e+01
78.86819544 31.35929301 -33.30491130 2.09120839e+01
80.56241771 30.45848453 -31.92471898 1.58715200e+01
80.46287285 30.83539162 -35.20670489 1.47700699e+01
81.03050898 30.40178030 -33.86114052 1.54259420e+01
79.27586549 31.16565615 -33.11305454 2.03283006e+01
80.42981191 30.65940476 -33.28094210 1.53759357e+01
79.16046026 31.20921440 -33.06426478 2.01058954e+01
80.13434376 30.90358162 -34.28359929 1.43377584e+01
79.13165942 31.44852483 -35.35001597 2.10745906e+01
79.23414720 31.29525558 -34.25934937 2.05477481e+01
79.08436260 31.39035328 -34.59390409 2.08128686e+01
79.11850800 31.33921139 -34.21543030 2.05667194e+01
78.65954787 31.52262853 -33.98219066 2.40533957e+01
79.57901931 31.16011236 -34.34856504 2.13467976e+01
76.92746829 32.37729266 -31.53340625 2.59294529e+01
77.08440062 32.38600862 -32.76550801 2.79474329e+01
78.70108274 31.38861352 -32.80706234 2.19352946e+01
78.15141406 31.65533653 -32.49238845 2.47063359e+01
78.20035923 31.66805159 -32.92086926 2.83457367e+01
78.09426010 31.72743101 -32.88372400 2.50827453e+01
78.68178985 31.31928577 -31.99759403 2.12672905e+01
79.25610613 31.09723104 -32.32893452 2.01365857e+01
79.73406448 30.75491094 -30.90312786 1.43924291e+01
79.51972978 30.95759834 -32.03073292 1.90260111e+01
76.27558642 32.89427573 -31.16335387 1.30014604e+01
77.51659356 31.68737925 -28.19946710 8.81643400e-02
76.76216119 32.45910807 -31.08205790 2.27034832e+01
78.05799939 31.58908058 -31.23296791 1.40993744e+01
76.48106645 32.67937405 -30.93113548 1.52397904e+01
76.79395858 32.59809214 -32.67519601 2.20579691e+01
75.84733465 33.29583882 -30.70063199 1.36507425e+01
77.28870389 31.88083577 -28.77634602 1.99175450e+01
76.18730771 32.97249377 -31.08199613 1.19734372e+01
76.54811499 32.66627848 -31.36587687 1.70082050e+01
75.31262243 33.82610724 -29.44023922 1.43916292e+01
76.35655144 32.53492584 -27.70875377 1.01142364e+01
76.12350493 32.98861270 -30.62641030 1.06998590e+01
76.47144808 32.81086391 -32.10501356 1.65996930e+01
75.73416147 33.53886092 -31.85496474 1.50390156e+01
75.77979937 33.44921003 -31.47333445 1.47120929e+01
74.59136697 34.85080015 -30.27628709 1.55753498e+01
76.25637760 33.11929836 -33.15183090 1.59035781e+01
76.34551528 33.04122560 -33.21215434 1.66075774e+01
77.48476903 32.35177109 -35.20167172 4.20473502e+01
77.04074850 32.37662775 -32.35691869 2.75314497e+01
76.69892917 32.67061631 -32.63287867 2.12533372e+01
77.19916207 32.38606678 -33.58820555 3.11632821e+01
76.79964672 32.83836601 -35.04075594 1.99668496e+01
77.23705378 32.23868071 -32.38860084 3.96811768e+01
76.97591935 32.58539000 -33.93225009 2.28866946e+01
77.13860307 32.30731782 -32.37521089 3.24821104e+01
77.00304336 32.52520360 -33.54247216 2.40150866e+01
77.90384655 31.92054063 -33.66533003 2.06615467e+01
77.21478484 32.49625020 -34.77576109 2.79873159e+01
77.39762620 32.24959646 -33.61564596 4.76163906e+01
77.40185488 32.48828696 -35.94195648 3.26594256e+01
77.17150970 32.44578194 -33.98300612 2.84248973e+01
77.14935991 32.70385777 -36.26451938 2.34446730e+01
77.60219028 32.35399633 -35.96607400 4.77871596e+01
77.97787444 31.91546011 -34.09110205 2.78410079e+01
77.05146045 32.77387992 -36.24403292 2.17732648e+01
76.23101378 33.51801385 -36.71607437 1.94579495e+01
77.73810249 32.42585435 -37.44817248 4.76303956e+01
77.70321613 32.28788440 -35.97617211 6.53098831e+01
77.18171474 32.88312837 -38.13420120 2.19282491e+01
77.36392529 32.63506438 -37.04205372 2.77832730e+01
76.57541159 33.13766830 -36.09454841 1.96339228e+01
76.12143585 33.66200744 -37.06590071 1.86865987e+01
76.30381614 33.36889385 -35.98003355 1.96040676e+01
75.89156926 33.84531355 -36.60706203 1.71873565e+01
76.26486548 33.36197874 -35.58391408 1.92487130e+01
75.78844369 33.99391353 -36.97606255 1.61572794e+01
76.20770762 33.58130086 -37.09579058 1.92486643e+01
76.53463141 33.12988231 -35.70064781 1.98149000e+01
76.35350603 33.28352261 -35.62275577 1.97342730e+01
75.52104500 34.10938929 -35.33787960 1.50069414e+01
76.70501929 32.91126942 -35.00416058 1.98055985e+01
76.48358219 33.21361558 -36.05664266 1.98269855e+01
76.09152760 33.52207576 -35.51012839 1.85546541e+01
75.60600992 33.88818296 -33.97778778 1.58815555e+01
76.32129129 33.10377987 -33.59981521 1.70891754e+01
76.33821820 33.21372310 -34.82764137 1.89566294e+01
74.64646587 35.17161098 -35.74639972 1.48027641e+01
75.50705491 34.03891835 -34.43804714 1.51093412e+01
74.71441322 35.21906418 -36.96863690 1.45126138e+01
75.75956999 33.85343749 -35.39619234 1.65875696e+01
76.01428683 33.46970823 -34.22853827 1.74763625e+01
75.55527945 34.11474774 -35.74374848 1.50759139e+01
75.97459541 33.42383665 -33.34945599 1.65984912e+01
75.72864626 34.01395938 -36.56690023 1.58859614e+01
74.79485971 34.99334524 -35.72531226 1.43902252e+01
75.31644489 34.51108662 -36.93519388 1.44460052e+01
74.90027211 35.08322229 -37.76177889 1.43232066e+01
75.62807602 34.16424427 -36.95553270 1.52106607e+01
75.50892391 34.38055706 -37.75646065 1.47937870e+01
74.76954276 34.85126078 -33.57103876 1.45966743e+01
75.14125012 34.06595730 -29.65742910 1.42034047e+01
75.25940625 34.53330755 -36.52991771 1.43502411e+01
75.28915527 34.36983018 -35.30277308 1.43876044e+01
74.65888442 35.24273968 -36.56967478 1.46690210e+01
74.91811846 34.67378403 -33.62893569 1.42660149e+01
74.72059734 35.08242510 -35.73383589 1.45597393e+01
74.52196210 35.66526360 -39.01960350 1.60511756e+01
74.57243493 35.26088561 -35.76086739 1.53528077e+01
74.69557388 34.94022777 -33.53081445 1.48036051e+01
74.68940552 35.07686335 -35.31936714 1.46498988e+01
75.44912485 34.06007103 -33.91707062 1.49411250e+01
74.82497500 34.82796154 -34.23077192 1.44156701e+01
75.29501674 34.23382202 -33.82824413 1.44591486e+01
75.54584295 33.56772706 -29.80964977 1.38974940e+01
75.07931923 34.22453003 -30.54148526 1.40432924e+01
74.60315265 35.09478780 -34.22188450 1.52357245e+01
75.86189089 33.36602284 -31.56163364 1.47269540e+01
75.20080823 34.21264539 -32.21324372 1.42734051e+01
75.57404223 33.70853812 -31.67076992 1.51128680e+01
75.42924616 34.12523826 -34.40587095 1.47848669e+01
75.82639349 33.69918389 -34.56821367 1.69098545e+01
75.06606992 34.15373673 -29.53317285 1.39817317e+01
75.73032436 33.15979351 -27.44569097 1.17068918e+01
75.48915907 33.92980903 -32.94964295 1.53719440e+01
76.33021044 32.97143963 -32.40163546 1.51779451e+01
75.83432865 33.01232655 -27.02628171 9.55221246e+00
75.50775542 33.52337186 -28.74807200 1.33583415e+01
75.70544965 33.39830059 -30.06438781 1.38284185e+01
75.62518126 33.48268950 -29.93632692 1.38784399e+01
75.60751950 33.37328077 -28.37093570 1.29248425e+01
75.16042345 34.00055314 -29.19985914 1.42894364e+01
74.93561178 34.26453975 -28.85367727 1.37344890e+01
75.29474777 33.71719612 -27.89063740 1.32957054e+01
74.86135131 34.35299310 -28.74288774 1.36870125e+01
75.12458165 33.78328810 -26.13341619 1.29169273e+01
74.53086248 34.49376463 -25.61461078 1.50508615e+01
74.84338180 34.24497631 -27.30839165 1.34858075e+01
74.76875726 34.50715867 -29.06085747 1.39337219e+01
74.89884556 34.22192186 -27.85197596 1.36211859e+01
74.42025170 34.88690920 -28.36014196 1.30184077e+01
74.60366762 34.57745052 -27.49821852 1.49044861e+01
74.58573133 34.46997405 -26.11623135 1.47536703e+01
74.45709181 34.75597442 -27.34254621 1.29414076e+01
75.25730118 33.67362995 -26.80039940 1.28338042e+01
74.91764396 34.15636545 -27.39277028 1.36341494e+01
74.56093009 34.32777998 -23.04574293 1.37666021e+01
74.84207743 33.90111296 -21.05077739 1.32940910e+01
74.97427636 33.95963161 -25.98557125 1.35802209e+01
75.79074154 32.80175871 -21.37709528 1.22577289e+01
74.64003296 34.10195715 -19.52544268 1.34564576e+01
74.84138345 33.38357625 -11.85963582 1.01380597e+01
74.41495029 34.50643235 -22.87230051 1.01958311e+01
74.42118212 34.36969738 -19.29759081 9.97142890e+00
74.97267351 33.61607306 -17.37301272 1.23722802e+01
74.40288372 34.43520997 -20.50708884 9.86708616e+00
75.29296274 33.37495564 -21.74585876 1.28206171e+01
76.12334765 32.61267027 -25.65835923 7.64670617e+00
75.54743379 33.05275453 -20.88097674 1.06313683e+01
75.54091433 33.18792331 -24.42095192 1.21826308e+01
75.38395597 33.35913052 -24.13332753 1.26968168e+01
75.49635658 33.27872242 -25.17953293 1.24183846e+01
75.18106374 33.76102955 -26.70961859 1.30494265e+01
75.33415938 33.58664246 -26.89865832 1.27081708e+01
75.58988821 33.26386112 -26.69202745 1.19096279e+01
75.91808231 32.93015014 -27.14296007 9.08541522e+00
75.21833492 33.80437179 -27.78504959 1.36304289e+01
75.27690003 33.60827751 -26.30089769 1.25232385e+01
75.03016801 33.93687328 -26.54436100 1.36545546e+01
75.12330180 33.95737842 -28.15743159 1.41224338e+01
75.56917926 33.32867667 -27.21715304 1.24220685e+01
75.66684197 33.35336941 -29.01462373 1.32819445e+01
75.81247790 33.07648550 -27.56485088 1.04268027e+01
77.23900624 31.67316539 -24.57939246 6.21541958e+00
75.74783113 33.26938385 -29.15163642 1.29571019e+01
76.74614942 32.34899110 -29.71674708 2.08248963e+01
76.70371669 32.29959976 -28.61582620 1.64688813e+01
76.90696090 32.02740822 -26.94268720 1.16446260e+01
76.79937594 32.22783009 -28.66931538 1.89729588e+01
76.91167271 32.26714453 -30.25982530 2.71740276e+01
77.18968380 31.94892332 -28.77491956 1.73755286e+01
77.23287184 31.99969750 -29.83325390 2.36463380e+01
77.99851617 31.42465088 -28.85942141 3.84077145e+00
77.34730094 32.04219730 -31.18240646 3.63907131e+01
77.31674162 31.82147901 -28.19591627 2.12987580e+01
77.70136987 31.48694657 -27.07624917 2.87334957e-02
76.89592159 32.15697730 -28.71250436 2.10081917e+01
77.10244004 31.88859893 -27.00538949 1.34724581e+01
77.21752397 31.88938941 -28.19008066 1.69711306e+01
77.11880149 31.95788616 -28.17839486 1.53771621e+01
76.82619988 32.16739905 -28.08658089 1.60966626e+01
77.15679712 31.81040024 -26.43655804 1.49598761e+01
76.15339547 32.75258509 -28.05030851 8.74047395e+00
76.16207270 32.61977261 -26.29581852 7.71519510e+00
75.81976509 32.94216050 -25.72387297 9.46650420e+00
76.86384947 32.01810014 -26.33292430 1.08684563e+01
76.06618753 32.83200646 -27.92976511 9.11263553e+00
76.03639658 32.69197080 -25.50993773 7.86174400e+00
75.64925093 33.24388087 -27.32951284 1.21722986e+01
75.65599851 33.10897023 -25.43784747 1.11337762e+01
75.61000777 32.85877776 -16.55493116 1.34168428e+01
76.10837527 32.54267475 -23.53136290 7.91811218e+00
75.87498689 32.38196762 -13.27449468 1.24796595e+01
75.72280547 32.61567510 -14.16860956 1.26701459e+01
78.30363925 30.67040447 -13.38188360 0.00000000e+00
77.02692722 31.69932453 -19.97622268 6.40113801e+00
77.69021097 31.09364824 -14.61961356 0.00000000e+00
75.94168821 32.52881905 -16.99976831 1.20604107e+01
77.73948683 31.34269735 -24.77443882 0.00000000e+00
77.97496737 31.15997501 -23.91583765 7.47331815e-02
77.75380723 31.17367868 -18.41707247 0.00000000e+00
77.55116606 31.30331055 -18.23530100 0.00000000e+00
80.71556975 29.46101661 -11.44575937 2.22424250e-02
78.86965112 30.43991312 -13.55604570 2.26996022e+01
77.27334420 31.28770176 -13.29728084 0.00000000e+00
77.55749574 30.97842382 -11.74913044 0.00000000e+00
76.97851662 31.49120734 -13.32024152 0.00000000e+00
77.45726802 31.04403077 -11.76227543 0.00000000e+00
76.88121855 31.56019258 -13.32594911 0.00000000e+00
77.08890544 31.25296686 -11.30997299 0.00000000e+00
76.52535593 31.78312172 -12.84390370 3.71456274e-01
76.97468405 31.25183125 -10.17843283 0.00000000e+00
76.43189308 31.85617643 -12.84446574 4.07615166e+00
76.57768214 31.66150006 -11.86368981 1.30356003e-01
76.33960948 31.93035994 -12.84386994 8.96289763e+00
76.50943051 31.67290818 -11.38101129 1.03564549e+00
76.32337035 31.82019329 -11.40214184 1.03100020e+01
76.49395699 31.60320803 -10.27698193 2.17961087e+00
75.73010346 32.48131941 -12.80679160 1.27607117e+01
76.11810277 32.03453538 -11.89536117 1.27404878e+01
75.46712416 32.79686095 -13.21442252 1.41093909e+01
75.85796669 32.27206042 -11.90458832 1.25603877e+01
75.81320932 32.39940762 -12.81430141 1.26284850e+01
76.24858328 32.00570810 -12.84181737 1.22834067e+01
75.51577262 32.87293322 -14.52841665 1.36985678e+01
75.98325909 32.23855739 -12.82708422 1.24287004e+01
75.66979985 32.83937294 -18.17361273 1.34817701e+01
75.64118180 32.69878303 -14.12557356 1.31151477e+01
76.06164173 32.29264488 -14.34431057 1.19841145e+01
75.06660323 33.46250269 -16.14989612 1.16577048e+01
75.43673703 32.95808656 -14.50599306 1.33291812e+01
75.21820486 33.28754291 -16.25234870 1.16843516e+01
75.43041450 33.09349365 -17.86926045 1.04457335e+01
75.31268796 33.30976317 -20.45226456 1.25154595e+01
74.31232489 34.41764367 -16.74625395 1.32383440e+01
74.75042727 33.88177122 -17.17294023 1.18958006e+01
74.54906682 34.08357104 -15.85879205 4.94952783e+00
74.45780846 34.23858867 -16.94768400 8.63508180e+00
74.90397325 33.56800878 -14.36664571 1.18362290e+01
74.46385795 34.10187244 -14.26769250 1.26484353e+01
74.82992459 33.65651035 -14.34905636 1.14263169e+01
74.56628778 33.84673877 -13.06141918 1.08401673e+01
74.73064816 33.60334197 -12.67613931 8.24386393e+00
74.53664921 34.01250033 -14.28277814 9.36825465e+00
74.80410789 33.51472464 -12.68723835 9.45012097e+00
74.78553273 33.58028267 -13.09896131 9.51145430e+00
74.43336731 34.09629927 -13.85417345 1.39513223e+01
74.36686868 33.70439800 -8.85756395 1.56584651e+01
74.27689954 34.03140614 -11.38727977 1.54697525e+01
74.66890178 33.41905284 -10.06497893 1.13767835e+01
74.33101852 34.00735429 -11.80122270 1.64441020e+01
74.92109380 33.15890315 -10.54442119 1.02790957e+01
74.95020630 32.99489191 -8.83506381 1.20527235e+01
74.58404310 33.26349033 -5.93830376 1.38329708e+01
75.08402500 33.05400191 -11.45522797 1.15259296e+01
74.88919849 33.15363192 -10.06401882 1.02482999e+01
75.38866360 32.88207209 -13.20127521 1.42817007e+01
75.96641751 32.12855281 -11.43568371 1.25731743e+01
75.77395112 32.35339001 -11.90581137 1.27555222e+01
75.14623338 32.89611436 -10.53498430 1.35425532e+01
75.25225082 32.64704147 -8.76910101 1.47725830e+01
77.49225415 30.66002124 -5.48586675 0.00000000e+00
75.41075853 32.30187894 -5.68354221 1.33321286e+01
76.32824034 31.48761402 -6.01734931 1.26254575e+01
74.87613654 33.08280641 -8.84495202 1.10609511e+01
75.33220261 32.38700650 -5.71086026 1.32798620e+01
74.86402367 32.83801413 -4.73380360 1.31687443e+01
75.15812696 32.62429252 -6.52800719 1.38738638e+01
74.72990950 33.08569219 -5.91312679 1.28140525e+01
74.87713423 32.90880176 -5.87598914 1.30091125e+01
74.16970427 33.56259193 -3.30925106 1.48921230e+01
74.26493091 33.96019535 -10.50902832 1.61121420e+01
74.89486100 33.01730154 -8.10023595 1.21749363e+01
75.09993012 32.82010554 -8.80661679 1.45109012e+01
74.28313091 33.54992366 -4.78003779 1.47835128e+01
75.69231308 31.75822758 -2.72930534 1.34556198e+01
74.47422646 33.13957150 -2.87295889 1.50540468e+01
75.36243028 32.22573117 -4.19618273 1.34215433e+01
74.38435045 33.29437144 -3.34858111 1.52196769e+01
74.52857478 32.94262161 -0.80831373 1.52146069e+01
74.33065077 33.31812756 -2.81925687 1.52740902e+01
74.60047880 33.02724158 -3.41099050 1.48252918e+01
74.54633800 33.05051919 -2.90375924 1.50402751e+01
74.25907532 33.40756725 -2.79922440 1.54149300e+01
74.16988505 33.39010977 -0.75232926 1.53253938e+01
74.96720795 32.58638176 -3.47777772 1.37400526e+01
74.61873359 32.96165757 -2.93388108 1.46818044e+01
75.19587881 32.15168788 -0.80096551 1.39142012e+01
75.68467201 31.89230205 -4.10508830 1.32999025e+01
75.94798862 31.51912981 -2.67888896 1.29167956e+01
74.91177832 32.60851699 -3.05079319 1.38841029e+01
74.71705286 33.01480958 -4.75663984 1.30967478e+01
75.04202707 32.49918028 -3.44687253 1.35599064e+01
74.90612144 32.74476241 -4.32953348 1.34301496e+01
75.06125059 32.43388936 -2.96946760 1.35239915e+01
74.95139247 32.82078331 -5.85160799 1.33820374e+01
75.27069978 32.24038901 -3.36100489 1.35484115e+01
75.24081742 32.40221391 -4.60783700 1.33505571e+01
75.08812478 32.57522276 -4.66300208 1.35164962e+01
75.08227692 32.71120391 -6.55544438 1.41834867e+01
75.76818306 31.81114827 -4.08198150 1.32638714e+01
76.12553053 31.36567529 -2.66899836 1.27298414e+01
75.77616923 31.67742909 -2.70761756 1.33037700e+01
76.01206081 31.50417509 -3.17128475 1.26449148e+01
75.75369792 31.74090391 -3.21360913 1.32928234e+01
76.08471410 31.31739709 -1.45095216 1.28592126e+01
75.44810714 32.00621344 -2.80589274 1.34535926e+01
75.99562412 31.39396952 -1.45344780 1.27669833e+01
76.01972347 31.33153253 -0.72618378 1.26943160e+01
75.84468406 31.48751553 -0.72830724 1.30911743e+01
76.96231477 30.61549983 -0.74192334 2.40807209e+01
76.74029448 30.81194114 -1.47494939 2.25534864e+01
76.45341109 31.02258240 -1.45835709 2.36307457e+01
76.64390432 30.88132871 -1.46920147 2.70814035e+01
76.59037046 31.00169813 -2.67113063 1.99636992e+01
77.62839547 30.21240381 -1.37733354 0.00000000e+00
77.14544273 30.65078896 -3.13801125 1.90961058e+00
77.29316535 30.79197869 -5.62915790 0.00000000e+00
76.03609637 31.44181948 -2.67415082 1.26715594e+01
76.19123656 31.35229124 -3.15684320 1.27085884e+01
77.67020689 30.78616406 -9.97884538 0.00000000e+00
77.26994013 31.04874846 -10.10994317 0.00000000e+00
76.65262756 31.32097381 -7.36394184 9.69727093e-01
77.82605408 30.41153733 -4.76778611 0.00000000e+00
77.32131041 30.73292278 -5.04718202 0.00000000e+00
76.24638813 31.43048215 -4.34751294 1.25412700e+01
76.46309127 31.46371394 -7.43992945 8.18005977e+00
76.99771633 30.99391080 -5.77950994 7.91595279e-01
75.75261307 32.07889382 -7.78718353 1.31477154e+01
76.90003604 31.06220734 -5.81780400 9.61728551e-01
76.65928349 30.99179778 -3.14882715 1.39249651e+01
76.39062192 31.27480802 -3.97982218 1.56475484e+01
75.72114184 31.89876661 -4.46699515 1.32392511e+01
75.42815382 32.41135842 -7.94514345 1.37185183e+01
75.82874942 32.13171809 -9.87785080 1.30206651e+01
75.78158523 32.21935101 -10.44236144 1.29270742e+01
76.45255815 31.59440535 -9.67301393 4.87726552e+00
76.68393275 31.46017782 -10.23654958 7.33970751e-02
76.34430172 31.59783766 -8.29597548 1.13409638e+01
75.89912922 31.98136120 -8.50118851 1.31478801e+01
76.68857638 31.70032494 -13.33119142 1.04778529e-01
77.02887057 31.17373684 -9.51739767 0.00000000e+00
76.87716023 31.32059758 -10.19788712 9.34783034e-03
77.20914538 30.96936511 -7.95881387 0.00000000e+00
77.00599295 31.43157680 -12.81938172 0.00000000e+00
77.25838236 31.17719463 -11.78946830 0.00000000e+00
77.12699094 31.10595130 -9.48839765 0.00000000e+00
77.23708189 30.91019860 -7.09751816 0.00000000e+00
77.68739539 30.85538272 -11.21676303 0.00000000e+00
77.52366475 30.84002020 -9.33268290 0.00000000e+00
78.08738258 30.77993055 -13.32077081 0.00000000e+00
79.78342494 30.09100350 -13.41269735 0.00000000e+00
79.23932366 30.15822260 -11.22952366 5.61814933e-02
79.71451353 29.78236517 -8.27721075 0.00000000e+00
78.78844653 30.43121138 -12.95048827 1.63073960e+01
80.67489493 29.40928498 -10.49498356 4.08123978e-03
79.51023274 29.94446220 -9.42540002 0.00000000e+00
79.62281907 29.89828584 -9.47407784 0.00000000e+00
79.21683923 30.31714590 -13.58683497 1.66222739e+00
81.88383185 28.60292999 -7.44329661 1.03560713e-03
80.68882163 29.52211808 -12.01044490 1.06834987e-01
82.06125339 28.59040699 -8.49218017 1.32727204e-03
80.41893002 29.56014483 -10.56097033 0.00000000e+00
81.76824000 28.63978170 -7.23107311 0.00000000e+00
80.39104443 29.62003626 -11.11480762 0.00000000e+00
80.32236988 29.62851196 -10.73556134 0.00000000e+00
80.53386144 29.10887380 -5.24478804 0.00000000e+00
79.95088177 29.51164536 -6.12668174 0.00000000e+00
78.79915645 30.12159901 -7.52772194 0.00000000e+00
78.43338401 30.45574472 -11.15753883 1.62437528e-02
78.68401702 30.16307413 -7.43545807 0.00000000e+00
78.07318668 30.66896897 -11.70955100 0.00000000e+00
78.14418921 30.47392391 -9.02789014 0.00000000e+00
77.93191241 30.58865069 -9.11583503 0.00000000e+00
77.91428215 30.51932613 -7.44369491 0.00000000e+00
77.62422409 30.77526881 -9.28044799 0.00000000e+00
78.60334572 30.15489550 -6.52490472 0.00000000e+00
78.41463479 30.38604901 -9.78610479 0.00000000e+00
78.91779408 29.85272151 -4.12425329 0.00000000e+00
78.25287392 30.18566201 -4.65822763 0.00000000e+00
79.16931145 29.84342495 -5.21881704 0.00000000e+00
79.42183049 29.56483966 -3.44046633 0.00000000e+00
78.29421375 30.04959358 -3.64337319 0.00000000e+00
77.35924148 30.58712965 -3.87140042 0.00000000e+00
79.36543716 29.81157736 -6.01636404 0.00000000e+00
79.26565803 29.73471163 -4.37157935 0.00000000e+00
78.53380795 29.83526437 -2.33254441 0.00000000e+00
79.18096906 29.53815721 -1.47743026 0.00000000e+00
77.32818636 30.40700244 -1.45453388 1.67782563e+00
79.11148786 29.63682758 -2.58292403 0.00000000e+00
79.21580037 29.48882242 -0.76666175 3.96443920e-01
79.19249218 29.64704804 -3.14560873 0.00000000e+00
79.77775421 29.26104949 -0.91972635 0.00000000e+00
80.93240651 28.55005184 -2.32399225 0.00000000e+00
79.99784949 29.25444551 -3.02597039 0.00000000e+00
80.52593504 28.78733089 -1.82194000 0.00000000e+00
80.26377514 29.11648660 -3.40297175 0.00000000e+00
79.98610170 29.37675165 -4.61974416 0.00000000e+00
80.35728948 29.04590051 -3.43224643 0.00000000e+00
80.13607343 29.32274506 -5.05917978 0.00000000e+00
80.59938852 29.09774285 -5.57408865 0.00000000e+00
80.90440798 28.82177556 -4.43702590 0.00000000e+00
79.74743117 29.72939485 -7.69159662 0.00000000e+00
80.02378496 29.50833348 -6.68899872 0.00000000e+00
79.59235310 29.72268081 -6.28465316 0.00000000e+00
79.75562744 29.42270370 -3.74743487 0.00000000e+00
82.11208472 28.30477415 -4.69241343 0.00000000e+00
83.29463895 28.01862465 -6.51425124 0.00000000e+00
82.34869210 28.24704186 -5.03132525 0.00000000e+00
82.79625966 28.06819353 -4.73907715 0.00000000e+00
80.87764005 28.88295144 -4.77753589 0.00000000e+00
81.50649478 28.41178563 -3.68797181 0.00000000e+00
81.76092378 28.40313101 -4.32074584 0.00000000e+00
82.11554904 28.11082781 -3.34613454 0.00000000e+00
81.10299239 28.48256375 -2.68427193 0.00000000e+00
82.22049744 27.97115445 -2.02459839 0.00000000e+00
81.63409713 28.12490323 -1.25968120 0.00000000e+00
81.20667502 28.42484767 -2.65961527 0.00000000e+00
82.37444118 27.89938665 -1.01980653 1.51951638e-02
82.35200211 28.05608861 -3.60737488 0.00000000e+00
82.15045801 28.06402734 -3.13775786 0.00000000e+00
81.67502871 28.31147582 -3.53200092 0.00000000e+00
82.38724790 28.01028673 -3.35333644 0.00000000e+00
82.23025382 28.27542712 -4.86520553 0.00000000e+00
85.46277759 27.29056154 -5.59704814 0.00000000e+00
82.94355264 27.92240176 -3.85269813 0.00000000e+00
82.97033291 27.99000735 -4.62426499 0.00000000e+00
82.43196046 28.26537755 -5.60409633 0.00000000e+00
84.89718057 27.49060450 -6.55315284 0.00000000e+00
82.82295990 28.13620616 -5.71880201 0.00000000e+00
82.78742921 28.18184713 -6.24410718 0.00000000e+00
82.47985019 28.32977842 -6.78954936 0.00000000e+00
82.09095418 28.46535726 -6.53401525 0.00000000e+00
82.23517501 28.50490896 -8.20144628 9.98305737e-04
81.95985388 28.38398258 -4.73357082 0.00000000e+00
82.00818791 28.44886996 -5.71091492 0.00000000e+00
81.21573082 28.87612095 -6.94109138 0.00000000e+00
84.53570716 27.77422800 -9.57725219 1.37029599e-02
80.82456463 29.00566674 -5.88981397 0.00000000e+00
80.89276170 28.99765332 -6.30767282 0.00000000e+00
81.08892844 28.86672432 -5.88659632 0.00000000e+00
80.70146660 29.34792382 -9.89136155 4.62522845e-04
81.01258337 28.99879977 -7.27569495 0.00000000e+00
81.11272305 28.93558314 -7.07994786 0.00000000e+00
80.98817303 29.14073340 -9.23325807 1.38978983e-03
81.94430951 28.62417577 -8.24807777 1.29548869e-03
81.26520294 29.01572623 -9.56198232 3.08577769e-03
81.37208234 28.96140666 -9.55820364 3.20357302e-03
81.07519274 29.25137004 -11.41344437 6.47737031e-02
83.06190156 28.29980485 -9.82992919 3.79984644e-03
81.85453920 28.73114570 -9.45897608 2.31583182e-02
82.40634243 28.61399518 -11.49485457 2.10997204e-02
82.30152607 28.75668758 -13.51062963 6.65364986e-02
83.26856946 28.35618520 -12.63378127 1.95070034e-02
84.23012374 27.84505490 -8.94755202 0.00000000e+00
82.00034122 28.56849421 -7.68313582 1.11276075e-03
82.29669265 28.52750334 -8.99364133 5.80707903e-03
82.99743860 28.46422888 -13.01347396 3.56273088e-02
82.92646713 28.55671575 -15.00586584 1.68884794e-01
85.44818154 27.63665903 -12.62177081 1.89767001e-02
81.93666650 28.74476307 -10.32358762 3.35939283e-02
81.98490202 28.80873312 -11.82915056 6.53863068e-02
81.82087359 28.78192524 -10.07450037 5.39620333e-02
81.38782386 29.07740749 -11.39073782 7.86407094e-02
83.12448936 28.72671624 -25.26893109 5.03426663e+00
80.56011484 29.86000760 -16.10329004 9.29814003e+00
83.21554657 28.62820818 -23.00920306 2.07467697e+00
82.97105301 28.80522809 -25.27224483 7.62675823e+00
83.15330428 28.60818155 -20.74670821 8.77730379e-01
82.73498745 28.86854032 -23.88297020 7.68714953e+00
82.74709895 28.97807914 -26.82244377 1.57598488e+01
83.71090913 28.55998778 -25.73120622 3.22614152e+00
82.49900409 28.93249634 -22.93194388 8.80537491e+00
80.66277847 29.66406114 -13.58377719 1.27531885e+00
81.29542844 29.45536572 -16.46026954 1.47043943e+01
81.71874934 29.13897267 -15.24511050 2.12448029e+00
80.96157223 29.70049712 -17.75040373 1.65787524e+01
82.18110424 28.98443051 -17.76570533 9.39314611e-01
81.46375199 29.28773447 -15.16091256 5.19119371e+00
79.53916708 30.38438284 -19.38246835 2.66309758e+01
81.60604175 29.18396714 -14.85768198 2.46425308e+00
81.38610978 29.28401715 -14.30537400 2.88071926e+00
81.86180668 28.96723370 -13.47498233 1.53677409e-01
81.80661548 29.02625777 -13.93609379 2.67637519e-01
81.17681842 29.18977082 -11.35205587 5.43840484e-02
81.14637200 29.45736112 -14.61741694 6.56824316e+00
81.72116343 28.93688178 -11.85201854 8.77396056e-02
81.63411481 29.05084863 -12.89622430 2.70388427e-01
79.59414852 30.13628560 -12.94595947 1.68487455e-02
80.20570087 29.86197236 -12.95119924 0.00000000e+00
80.19418741 29.75260036 -11.43469354 0.00000000e+00
79.32025806 30.16679327 -11.82090795 6.17688413e-02
77.70198210 30.96623492 -12.76060962 0.00000000e+00
78.40060533 30.50891237 -11.72499929 1.47295472e-02
77.85651025 31.11059142 -18.55657307 0.00000000e+00
77.98173603 30.83832085 -13.29784360 0.00000000e+00
77.72471616 31.23192822 -20.41812988 0.00000000e+00
77.83896030 31.04141383 -15.57770238 0.00000000e+00
77.57220961 31.08916719 -13.27533832 0.00000000e+00
77.87532604 30.66114252 -9.90121574 0.00000000e+00
77.77478447 30.96094571 -13.27509428 0.00000000e+00
77.63494117 31.16886577 -15.43237347 0.00000000e+00
79.12062541 30.42697393 -15.66508330 3.16345499e+01
77.96043407 31.04907379 -18.74638309 0.00000000e+00
78.14165254 30.98788410 -21.23578214 2.77060770e-01
77.85926262 31.34837359 -26.55432238 3.28102821e-01
79.15959836 30.56444948 -22.46043064 2.52971727e+01
78.29541099 30.98788523 -24.50037572 1.36338666e+01
80.05673942 30.18023449 -18.60016474 2.59714016e+00
80.06881402 30.05876870 -15.02930710 1.49323245e-03
80.19189737 30.06411947 -16.51469080 3.30808325e-01
79.80271297 30.15758285 -14.88510333 2.19801111e-02
80.50392915 29.97942648 -18.67757496 1.58421456e+01
80.97396926 29.52565690 -14.15932645 6.06220110e+00
80.58785346 29.79985679 -15.08651458 5.66493653e+00
79.91153289 30.10457506 -14.68812012 8.02086524e-03
80.84888288 29.65345459 -15.01496526 9.55608548e+00
81.04531410 29.52042954 -14.65011667 7.98263613e+00
80.47550097 30.03870734 -20.15153398 1.85145619e+01
80.19243187 30.29564632 -24.89548366 2.81146708e+01
78.17415623 31.16797629 -26.72226686 8.19926022e+00
80.13844697 30.36494955 -26.51809979 2.60003861e+01
79.98203963 30.18207379 -17.51036522 5.92752935e-01
79.74213451 30.44939436 -24.80957103 2.92860118e+01
79.12985891 30.80271980 -28.03326985 1.97375260e+01
80.74792285 30.21575756 -30.05797441 1.62229356e+01
78.22352182 31.18138041 -27.31908240 1.45188993e+01
78.24191069 31.25062758 -28.45576505 1.91484162e+01
77.90640110 31.35970326 -27.13342511 7.69659390e-01
78.11629328 31.23873431 -27.24100682 5.95126630e+00
77.82091599 31.49180818 -28.23401181 8.27411184e-01
77.96282316 31.28637342 -26.59614489 1.23443521e+00
78.02858036 31.36742932 -28.31006769 3.68342510e+00
77.93891605 31.53963168 -29.86188859 3.87545211e+00
78.13445204 31.30792374 -28.37375581 1.01351968e+01
78.21072215 31.30641101 -28.99169851 1.80927225e+01
78.31923481 31.25070665 -29.08529015 3.04840907e+01
78.66797826 31.20898145 -30.79617667 1.98610277e+01
78.88355356 31.00804974 -29.61247846 1.83616950e+01
78.55508201 31.25740446 -30.69945317 2.13842789e+01
78.91766400 30.95692840 -29.07803400 1.82844589e+01
78.70131805 31.15658430 -30.42813774 1.91829418e+01
79.34645543 30.83613518 -29.87895814 2.10133804e+01
79.92260060 30.70588048 -31.26410230 1.57675722e+01
79.62141886 30.80302358 -30.89460957 1.32158459e+01
79.47356935 30.90043781 -31.24827640 2.13756231e+01
82.02270312 29.54759288 -30.12641666 1.66552812e+01
82.07086549 29.25398004 -25.61155805 2.22034507e+01
81.16109180 29.78239411 -23.65980699 1.84672428e+01
80.46563955 30.24344135 -27.09994197 2.08391282e+01
82.18704397 29.21663381 -26.27953228 2.22205339e+01
81.44755077 29.66692926 -25.66781407 1.75283749e+01
81.47838910 29.61054274 -24.57212150 1.84544687e+01
81.23534506 29.78049225 -25.02716908 1.79285020e+01
80.88587583 29.83456820 -20.40328941 1.64508211e+01
80.15800652 30.43075340 -28.62718116 2.16579227e+01
81.03090927 29.90476512 -25.13595765 1.90832994e+01
80.93620439 29.84198305 -21.43098769 1.76632711e+01
81.08923362 29.57592723 -16.34540579 1.63382246e+01
81.27946068 29.33944256 -14.14226043 3.00658845e+00
82.42912006 29.02845185 -24.87989994 1.66224213e+01
82.61695117 28.90034011 -23.41977152 8.15646491e+00
82.59993253 29.13259725 -28.08125473 2.28531409e+01
83.89166693 28.76093855 -29.24777905 6.05764602e+00
81.45281113 29.54027106 -21.85466955 2.07157038e+01
81.78630171 29.39536137 -24.15666473 2.13822544e+01
82.71773831 29.09930360 -28.30876448 2.22447810e+01
82.74429832 29.16715057 -29.34628048 2.44407633e+01
82.47395870 29.28372812 -29.43372700 2.44718631e+01
84.46221105 28.68555733 -30.48386569 1.20343711e+01
82.82688810 29.18129749 -29.92945691 2.49878230e+01
87.49382888 27.97591829 -29.72161700 1.20095463e+01
82.86221069 29.13378290 -29.50409373 2.40102571e+01
82.37012644 29.43119452 -30.67426347 2.06005383e+01
81.89346730 29.47519230 -27.82092659 1.79600245e+01
82.00817437 29.43357080 -28.22179165 1.83403680e+01
83.21585304 29.03403982 -29.86486832 1.43282203e+01
86.87407031 28.21958606 -31.58597896 1.14375549e+01
85.62121302 28.19447260 -28.19806690 3.28605292e+00
84.73700125 28.66604865 -31.18912053 1.42463186e+01
85.29314470 28.17776908 -26.60194379 3.25781958e+00
83.06255322 29.11453391 -30.16901753 2.41432906e+01
83.95348839 28.59517108 -27.21187467 4.22146114e+00
83.72121355 28.66668402 -27.23242636 4.38902648e+00
84.63307305 28.25758795 -24.78335587 7.37716126e+00
83.45033734 28.56290843 -23.46300678 2.48836945e+00
85.52891547 27.65101796 -13.39846701 6.59452879e-02
83.85406245 28.40671276 -22.31846886 1.94750288e+00
84.98487758 28.24509300 -26.38738537 8.59766282e+00
85.16828141 28.10634210 -24.66402443 2.34933978e+00
86.41436351 27.59462920 -19.05698657 1.44811327e+01
84.97481326 28.13635440 -24.11146647 3.79856383e+00
86.04560881 27.73548959 -21.33834295 2.28610944e+00
85.90507051 27.86834941 -23.49868417 1.81739891e+00
86.17150202 27.61083332 -17.28846408 3.17741753e+00
85.63101625 27.96441357 -24.21396380 1.57875573e+00
86.96308758 27.82478057 -26.43843235 1.06310440e+01
86.24095839 27.97404574 -26.79469983 1.61426155e+01
85.75958685 28.04750684 -26.32220817 2.34721533e+00
85.18636234 28.40147291 -29.62035184 1.50446648e+01
85.04240898 28.37488379 -28.66938289 1.37643977e+01
84.15098551 28.75179886 -30.14553584 6.88834454e+00
87.36717551 27.77415329 -26.53447354 1.11129707e+01
86.27819670 27.93371488 -26.26275385 1.55778819e+01
86.39509138 28.03425527 -28.24318730 1.53880361e+01
87.82555053 27.88771317 -29.03331457 1.28609949e+01
87.24966596 27.98834855 -29.48784524 1.15901476e+01
86.62952089 28.23540044 -31.36813465 1.63576685e+01
87.19879839 28.02577827 -29.90605130 1.16119586e+01
88.46908537 27.91206167 -30.12258793 6.45560570e+00
87.32108904 28.01967689 -30.01904821 1.18161456e+01
88.59384174 27.80187309 -28.67198326 3.61892656e+00
87.93202117 27.98346919 -30.39958347 1.37351642e+01
88.05408922 27.97507309 -30.44140956 1.50811658e+01
88.29479295 28.06025168 -31.59177811 2.05315870e+01
89.93304255 27.84593158 -30.04192742 1.68200818e+01
88.54224283 27.94125215 -30.50939125 5.91074282e+00
89.89603057 27.77905950 -29.08489534 1.65148986e+01
87.48925179 27.76869611 -26.68334694 1.12512576e+01
87.49779304 27.87194944 -28.25199604 1.16299849e+01
88.43409806 27.84638760 -29.21112914 4.95155971e+00
88.42638861 27.74481457 -27.63134393 3.58062578e+00
87.97711965 27.74126236 -27.05268192 1.57117650e+01
87.81732782 27.78545968 -27.48512751 1.28089874e+01
88.23835169 27.51935525 -23.45219739 2.46649832e+00
87.24506717 27.77912969 -26.36552363 1.10041578e+01
87.20729986 27.81552009 -26.83853386 1.10414998e+01
86.84097198 27.82937453 -26.21210385 1.05841762e+01
86.84553617 27.72254005 -24.38614076 1.27286462e+01
86.60620810 27.94763014 -27.44731993 1.51922478e+01
86.72815788 27.94140513 -27.67552063 1.54444908e+01
87.45999834 27.90845143 -28.73342419 1.16909314e+01
86.47960630 27.73692765 -23.34812914 1.44166459e+01
86.47476606 27.84625340 -25.38250541 1.45879909e+01
85.57469018 27.71426930 -15.95872000 4.60966660e-01
87.70656216 27.48309739 -21.71006821 1.19025914e+01
87.71494756 27.58557378 -24.00472076 1.26843863e+01
86.89674552 27.68545466 -23.79114752 1.09118442e+01
87.74906681 27.65236531 -25.33536568 1.27142421e+01
87.87415669 27.54260107 -23.37844390 7.58433060e+00
88.11373883 27.62995069 -25.54161576 4.32911816e+00
89.08808077 27.46858554 -23.03780602 3.23791608e+00
88.44316265 27.53949024 -24.18305769 2.88044693e+00
88.72112616 27.58982661 -25.37969571 3.16906351e+00
90.01522744 27.36376810 -21.40004353 1.13427952e+01
90.02179451 27.46606264 -23.75383230 1.43400554e+01
88.31401325 27.44614103 -21.84723816 2.37267547e+00
88.68581203 27.52386973 -24.04458918 2.96223572e+00
88.07116239 27.46229346 -21.88964872 2.27846898e+00
88.32185912 27.54772140 -24.22624119 2.77090978e+00
87.51715318 27.35365448 -16.07921349 6.44115622e+00
89.04271539 27.40245093 -21.42662446 3.16173295e+00
87.38789654 27.56538105 -22.76426248 1.10186838e+01
87.58870109 27.38537976 -18.11754753 7.55337104e+00
87.46712732 27.38985137 -17.83065879 9.46649648e+00
87.34152191 27.49762473 -20.89828692 1.13613959e+01
84.28714609 28.19306188 -18.98735971 9.01746685e-01
84.40127608 28.15397234 -18.89396787 8.09442567e-01
87.03134643 27.36513137 -14.34314725 1.23879071e+01
87.46324248 27.49350002 -21.27074787 1.22164438e+01
86.89197506 27.47308012 -17.25731865 1.27215594e+01
87.26623087 27.56942636 -22.52766683 1.11148278e+01
84.95810269 27.84275486 -13.87997325 5.70983819e-01
84.90719672 27.59924209 -8.62192712 5.01388094e-03
84.66309814 28.02454316 -16.77084186 8.73654590e-01
84.20756686 28.18313045 -17.21939592 2.99008232e-01
85.22935889 27.82144778 -16.11821491 8.95200681e-01
85.18461055 27.76142742 -13.63721252 3.62479962e-01
85.64581969 27.62022128 -13.41234492 1.26278297e-01
85.56427192 27.60332642 -12.58857015 2.48581005e-02
84.88941631 27.94259890 -16.54083641 1.20702476e+00
84.99242139 27.79271393 -13.05283937 3.84206235e-01
85.81050771 27.65988234 -16.26155651 7.31681949e-01
85.28810389 27.95262277 -21.63241355 1.35982057e+00
85.69199225 27.68493244 -16.08040294 5.41212800e-01
85.51397676 27.99613578 -24.24962599 1.59290259e+00
83.74635934 28.32986810 -17.01139258 2.93574433e-01
83.33307125 28.59586946 -23.25070958 2.24766152e+00
84.22269240 27.95778506 -10.98559264 0.00000000e+00
83.71109389 28.37705893 -18.84592324 7.59752574e-01
83.85208281 28.18783177 -13.40067946 3.76203564e-02
83.27949041 28.46352993 -16.12712128 9.38576145e-02
83.97771309 28.25815121 -17.22670009 3.48191622e-01
83.80034040 28.45978956 -23.75179340 2.22051678e+00
83.82508957 28.12302378 -11.57736781 4.10277447e-03
83.16202718 28.49511205 -15.79150243 9.86196375e-02
84.17043556 28.01209354 -11.79858073 0.00000000e+00
83.73610000 28.22323044 -13.28323574 4.98996333e-02
83.94061390 28.08695620 -11.66874462 5.30600635e-04
83.70079299 28.27039559 -14.15455593 8.25693846e-02
84.73199374 27.92534807 -14.09952750 4.18828247e-01
84.85118739 27.76974328 -11.62067791 1.51352065e-01
83.70917012 28.15818118 -11.47382396 5.24148884e-03
85.23970150 27.59082596 -10.42008796 5.43514696e-04
84.05572729 28.04996572 -11.74457435 0.00000000e+00
85.32392107 27.48643398 -8.79474717 0.00000000e+00
84.39865453 27.93383910 -11.84328990 5.49994892e-03
85.65066386 27.50526642 -10.97996797 1.16769201e-02
84.68262742 27.68324762 -8.85291602 1.78367497e-02
85.20023602 27.41559405 -6.73369447 0.00000000e+00
84.78885087 27.75550038 -10.88527649 7.05947319e-02
86.75536548 27.29761953 -11.34185167 1.18573179e+01
85.43827822 27.44980666 -8.67095736 0.00000000e+00
88.12661818 27.22025605 -12.87790538 3.73259329e-01
85.12657041 27.63093146 -10.54846901 4.97250101e-03
86.54539670 27.37261887 -12.29244927 1.02431505e+01
84.41985249 27.59435944 -5.85559108 1.75936651e-04
84.86314382 27.54095889 -7.30014570 1.72376610e-03
85.54820071 27.19018606 -4.38371687 6.56507966e-03
84.63855119 27.62530531 -7.57577934 8.55725386e-03
85.48275826 27.17061112 -4.01869321 7.50324325e-03
84.47087324 27.53887240 -5.19272912 3.59146816e-04
85.20534048 27.30014791 -4.79215854 0.00000000e+00
84.33397408 27.69870656 -7.12495024 0.00000000e+00
84.69528048 27.45523030 -4.95619742 7.72965842e-04
83.99145774 27.81440369 -7.10778858 0.00000000e+00
84.30667175 27.63466555 -5.93224936 0.00000000e+00
83.14161669 28.09505948 -6.86622046 0.00000000e+00
83.50172445 27.88908313 -5.69133153 0.00000000e+00
83.05933802 28.07890871 -6.15470669 0.00000000e+00
84.13122246 27.65834049 -5.40913484 0.00000000e+00
83.67190396 27.80359005 -5.29870746 0.00000000e+00
83.38499245 27.92124602 -5.57406260 0.00000000e+00
83.20563046 27.93179150 -4.91541357 0.00000000e+00
83.61805845 27.85589903 -5.78892774 0.00000000e+00
84.55567395 27.43348334 -3.87917576 1.89781380e-03
83.21425708 27.81941911 -3.75240782 0.00000000e+00
83.90030660 27.51435832 -1.22186382 8.36432361e-02
83.64499277 27.73837131 -4.37328113 0.00000000e+00
83.86538779 27.56191260 -2.44172363 1.79087192e-03
83.76046376 27.70393437 -4.41843743 0.00000000e+00
83.63463965 27.63178886 -2.40591075 0.00000000e+00
84.65769044 27.28349310 -1.77516995 2.88500357e-01
83.98002516 27.52523423 -2.43729600 4.00308354e-03
85.24934728 27.01886410 -0.75203163 7.05640500e-01
86.51703398 26.86877517 -1.83772798 2.47004248e+00
84.76921191 27.24042853 -1.89362931 2.50152448e-01
84.32096203 27.40865331 -2.14879781 6.53220825e-02
83.79546469 27.65669175 -4.04055513 0.00000000e+00
85.21535006 27.06924571 -1.61700739 7.51078701e-02
84.44343565 27.47495604 -4.07280571 1.31628957e-03
85.92284726 27.00373039 -2.93885731 1.06676146e-02
84.58971655 27.38360602 -3.24353136 6.41603203e-03
88.44689041 27.02871037 -8.57019047 1.20896848e-01
86.64749574 26.97705808 -3.98656027 9.24019535e+00
85.31850117 27.26060031 -4.60656445 2.10344682e-03
87.97762323 26.95649857 -4.99910204 1.27763512e-02
86.02336814 27.10514366 -4.45445061 3.18209808e-03
88.46013534 26.92570828 -5.02092382 1.77591562e+00
85.09290257 27.34141126 -5.00462615 0.00000000e+00
85.60346914 27.02426939 -2.40737936 1.78814195e-02
85.95465612 27.07480154 -3.95116101 4.41601904e-03
85.54342170 27.30546414 -6.27364410 0.00000000e+00
85.91276203 26.89288346 -1.22919266 4.16636081e-02
85.83971705 26.97747888 -2.36154276 1.56906416e-02
86.88943731 26.97876168 -4.38967756 4.43594113e+00
86.52652365 26.97672450 -3.74019912 7.33421070e+00
85.59298172 26.91280872 -0.61501641 7.25264754e-01
85.56810752 27.07116554 -2.97847409 1.27766413e-02
86.07999166 26.95214260 -2.50632075 1.62890471e-02
88.73897338 26.87337403 -4.18996639 1.95233596e+00
86.76846641 26.97786582 -4.18901353 9.54144455e+00
87.16872035 26.94473463 -4.16825883 5.41341375e-01
86.67531126 26.83465850 -1.03040843 1.63967590e+00
88.01203270 27.02278212 -7.20546829 5.69623422e-04
88.58070932 26.91759804 -5.12893517 1.74232800e+00
87.77352090 26.93223648 -3.94798977 2.34586899e-03
87.11447499 27.08433534 -7.35986989 3.45389875e+00
88.37436977 26.99959286 -7.26334069 2.98143463e-01
88.70129959 26.90979141 -5.22305108 1.93733039e+00
88.20995165 27.24889307 -13.59623467 4.33140779e-01
89.65545387 27.07051461 -11.33079512 1.97787894e+00
87.13138605 26.97959978 -4.90427263 7.76775360e-01
86.38660452 27.08652114 -5.21522390 2.74410934e+00
86.90494900 27.15505772 -8.42634671 6.86876182e+00
86.06040100 27.39890943 -10.73542883 5.89757703e-01
86.66200839 27.15567498 -7.59357764 9.91103612e+00
86.02841532 27.32795156 -8.99787127 2.47224040e-01
86.16375040 26.98411379 -3.15434305 1.42833560e-02
85.78349515 27.13727040 -4.31580772 4.96643452e-03
86.68033315 27.04859230 -5.29755196 1.00264529e+01
86.07512398 27.06354299 -4.05816088 5.49763166e-03
85.83487151 27.09087785 -3.89081780 6.65837406e-03
85.66514664 27.16117558 -4.32602604 6.62163928e-03
86.01842272 27.21739109 -6.52271786 3.46223192e-02
85.67070225 27.38710366 -8.56604824 1.74532862e-03
86.13929613 27.20704326 -6.76665904 3.01178856e-01
85.53376070 27.53567208 -10.98156805 7.59424830e-03
86.73719635 27.40475444 -13.81605419 1.63968343e+01
86.67135847 27.26282766 -10.19922417 1.04277002e+01
87.10222020 27.39902395 -16.01829229 1.32832687e+01
86.87670559 27.29645296 -11.75233071 8.94577144e+00
87.34551658 27.39355862 -17.33255507 1.09364947e+01
87.03547453 27.25976635 -11.40523250 7.28977811e+00
87.52082632 27.25017645 -12.50505173 1.41117736e+00
87.48327887 27.28581242 -13.26239185 2.37399450e+00
89.17787578 27.19165713 -13.24450257 2.41159880e+00
88.24762185 27.21233795 -12.84946323 2.74119031e-01
88.92832475 27.10122156 -11.19538679 2.15053503e+00
90.01898963 27.05584737 -11.47629927 3.10340187e+00
89.09472352 27.16123631 -12.57141232 2.46972901e+00
90.05719595 27.01996818 -10.85728343 3.79643708e+00
89.29183739 27.08447596 -11.20052811 3.14337907e+00
89.89921967 26.95835323 -8.82216420 4.39529878e+00
89.09903528 26.95624398 -7.49396879 2.93019444e+00
89.58260829 26.93655733 -7.42915960 3.84521597e+00
89.93600987 27.02520630 -10.79893090 2.68914636e+00
90.74607791 26.91724272 -9.13079033 5.73825777e+00
90.75148122 27.12201445 -13.55243706 4.18361315e+00
92.11144925 27.03864810 -10.47625469 2.60085931e+00
92.31254936 27.22290252 -13.74778678 1.85140745e+01
93.11342717 27.41559142 -8.61381939 1.44964650e+01
91.10884249 27.00453143 -11.75391312 3.28358020e+00
90.78982550 27.08592766 -12.94748994 3.81054779e+00
91.87708608 26.89691487 -7.52083613 1.46972050e+00
91.51567566 26.76538260 -4.43506065 4.87285437e+00
90.98802308 26.90625791 -9.16548930 3.75376845e+00
91.35644830 26.79649053 -5.46332155 5.39546083e+00
91.03255973 26.76809394 -4.39678271 1.10442637e+01
90.79118457 26.77836244 -4.35191069 1.74375610e+01
90.26227251 26.94199020 -8.96951389 7.61066879e+00
89.82439056 26.92720559 -7.47239132 4.98194838e+00
90.02026057 26.95321035 -8.89331619 4.87572044e+00
90.06610756 26.91698616 -7.58557734 9.39946979e+00
88.94257974 26.89579937 -5.28501023 2.46494710e+00
89.54622245 26.86958533 -5.13283135 5.85327812e+00
89.90843116 26.85539052 -5.26376035 1.50200840e+01
89.58416807 26.83396654 -4.14038292 1.13351646e+01
88.97296934 26.75771617 -1.01254030 8.51111599e+00
90.06719428 26.81434579 -4.34276812 1.47415486e+01
89.70350513 26.93194753 -7.43502149 4.63791571e+00
89.93993292 26.71732447 -1.13521990 1.31639674e+01
89.70494628 26.82933686 -4.20221509 1.44541158e+01
89.46338449 26.83858511 -4.10618199 1.09652499e+01
89.66015518 26.76268583 -2.15879552 1.15411940e+01
89.45642575 26.73630430 -1.03704344 1.06382268e+01
88.82192181 26.90249782 -5.27739468 2.16375348e+00
89.90182407 26.75309673 -2.25660736 1.29981468e+01
90.02263228 26.74794596 -2.25731452 1.35521640e+01
91.47194676 26.69589703 -2.29219889 1.38767415e+01
91.71320070 26.70911002 -2.28222669 8.83766204e+00
90.06077106 26.71208226 -1.12209462 1.37594876e+01
90.14341842 26.74249666 -2.23318521 1.43704536e+01
90.18158603 26.70652849 -1.11109059 1.46689877e+01
91.63124893 26.66892299 -1.14200068 1.62992542e+01
91.38965528 26.66025678 -1.14754779 1.99324291e+01
90.91157738 26.87527229 -7.79733290 6.38482334e+00
91.23567609 26.79710592 -5.44908350 6.81835640e+00
92.46021054 26.92968882 -3.69231181 3.98043247e+00
92.64414938 26.92860729 -2.01736547 3.88116879e+01
93.21710501 27.37033842 -5.11873763 4.65798826e+01
92.42381730 26.95165455 -4.32041768 3.40968194e+00
92.53678048 26.98987172 -4.19740389 5.23670023e+00
93.38642656 27.39903782 -3.62998830 6.81892866e+01
92.30928707 26.91738914 -4.51942674 3.03408644e+00
92.45618455 26.82622106 -1.03306111 1.84566281e+01
91.87161975 26.69207337 -1.13864713 8.82811210e+00
93.17858570 27.18084938 -1.80774064 7.91686403e+01
93.71546888 27.46545791 -0.82979889 8.17371547e+01
93.51667706 27.34180301 -0.85084649 8.40905368e+01
93.31763839 27.32570636 -3.15697305 7.08973238e+01
93.74158574 28.59054868 -30.44480702 4.01032454e+01
93.81868941 27.73359784 -5.14808148 4.89969189e+01
93.81384644 27.52861571 -0.82153886 7.64754070e+01
93.48420060 27.35591917 -1.71477053 8.22298003e+01
92.86541980 27.22587547 -6.60610436 1.12572192e+01
94.01374683 27.86190055 -6.99553882 4.27290544e+01
93.07452446 27.12569500 -1.84250197 7.67826947e+01
92.75693253 27.17771647 -6.81045044 6.92300686e+00
93.62139202 27.60817297 -4.80949940 5.68070724e+01
93.11157006 27.21264669 -3.25801077 6.31372159e+01
93.07970904 27.43167813 -10.07615868 1.11116994e+01
93.88673808 27.91238975 -10.29791758 3.77448849e+01
92.68374840 27.21476405 -9.37567215 5.07208009e+00
93.42112846 27.48665924 -4.94252856 5.41659840e+01
92.64822407 27.23432575 -10.62456131 7.49503054e+00
93.31963683 27.42776049 -5.02231634 5.11719958e+01
92.42298951 27.15428877 -10.91793499 4.71030776e+00
93.28528684 27.44191210 -5.94529285 4.31538828e+01
93.21517498 27.26833449 -3.20598282 6.74400462e+01
92.53519267 27.09062826 -7.27677770 2.01453221e+00
92.34614450 26.89409855 -3.79023114 3.23849768e+00
91.71406262 26.91338442 -8.93890696 2.23320682e+00
91.87826114 27.10100796 -12.94119469 6.65456457e+00
93.21738895 27.47143754 -8.47106319 2.07101939e+01
93.01191363 27.46458651 -12.76606969 2.25945486e+01
93.28717460 27.54389061 -9.89593056 1.95241216e+01
92.65122298 27.43789542 -18.15285885 2.86855983e+01
93.49029168 27.66235600 -9.74505055 3.00585905e+01
92.53920774 27.39599994 -18.14942620 2.63517250e+01
92.79342664 27.26099387 -9.17768356 6.31326147e+00
92.68946113 27.41942797 -16.50925571 2.85069061e+01
93.69278523 27.88821666 -14.20470895 2.53677341e+01
93.98687356 28.07930518 -14.51158846 2.91179406e+01
93.78861524 27.84860148 -9.62587705 3.70058997e+01
93.98206311 27.87444074 -7.85001292 4.22005356e+01
93.68989267 27.78558158 -9.65154175 3.47798133e+01
93.11702831 27.51844220 -12.74655437 1.98625717e+01
93.88937798 28.01492878 -14.24488700 2.90577738e+01
90.90391847 27.28549211 -20.82124510 9.78145355e+00
93.92105633 28.00215018 -13.05476034 3.09740766e+01
93.62938378 28.01636826 -20.59952758 4.17483968e+01
93.18985607 27.79271767 -21.42575291 4.24391833e+01
92.80408338 27.77106757 -25.27277378 3.30259447e+01
92.87602295 27.73604934 -23.88139734 3.37972881e+01
93.93090691 28.41164819 -25.31426335 5.15235572e+01
93.89665061 28.32195770 -23.88418034 4.72099309e+01
92.46781923 27.54046678 -23.11382354 2.67061591e+01
92.98491780 27.98960614 -27.58713898 3.49919212e+01
93.52923485 27.95472234 -20.59168462 4.53224879e+01
93.99166626 28.28404956 -21.46621552 3.10918651e+01
90.30293609 27.41871748 -23.03887359 1.57013554e+01
91.39590879 27.47859548 -25.27397778 1.63971387e+01
92.79823475 27.56642069 -20.62681917 3.31090542e+01
91.96187585 27.45248408 -23.93807591 2.30158168e+01
92.57820115 27.37635892 -16.45925477 2.59353272e+01
92.57662682 27.47707555 -20.67246788 2.83557216e+01
92.31025449 27.32373538 -18.14901836 2.28410619e+01
93.32563225 27.73381178 -16.87974655 3.45637639e+01
91.83612679 27.23166887 -18.13951093 1.37767017e+01
92.19348419 27.29395857 -18.15301117 2.09958819e+01
92.42552678 27.35785244 -18.14289103 2.43439223e+01
92.54051007 27.49778419 -21.49675649 2.79040257e+01
92.23356413 27.16823919 -12.89040915 1.22510691e+01
92.23467003 27.27004077 -16.34728318 2.03313896e+01
91.23561153 27.10404450 -13.61186249 3.99692688e+00
91.15294633 27.17396954 -16.16493393 5.56263748e+00
91.35151674 27.30797481 -21.60910100 1.15887138e+01
91.95619668 27.24793467 -18.14628076 1.55788458e+01
90.87245650 27.11614936 -13.56981494 4.13840284e+00
90.78941588 27.18844335 -16.12733724 6.35169003e+00
88.68095769 27.31983172 -18.07143028 1.69628775e+00
89.20957794 27.46336487 -22.99904348 3.47393088e+00
91.51181180 27.27641875 -20.83480792 1.20837443e+01
89.33109049 27.45853565 -22.97070559 3.65015995e+00
90.63052109 27.12823046 -13.53100806 4.65486710e+00
90.54783833 27.09836842 -12.90076938 4.68144387e+00
89.41444629 27.48952494 -23.72869982 3.53135586e+00
89.44560447 27.35173916 -20.39373164 2.87453292e+00
89.81041952 27.33802324 -20.48163837 6.37771683e+00
89.17147981 27.49907140 -23.78762970 3.23310019e+00
89.68882436 27.34269703 -20.43621267 4.05188541e+00
90.29659055 27.31644935 -20.71964952 1.17399490e+01
89.45261031 27.45395473 -22.95589134 3.60159473e+00
92.11897665 27.44692609 -23.14775870 2.40966878e+01
90.06009037 27.43018620 -22.99793006 1.41293445e+01
91.14660085 27.58381903 -26.95710386 1.78696699e+01
90.42432123 27.41253157 -23.05894950 1.60486015e+01
90.25617855 27.55781616 -25.74051385 1.59228979e+01
90.54568717 27.40615812 -23.07807452 1.67104061e+01
90.17165788 27.63026644 -26.87923199 1.62686552e+01
91.51720551 27.37875778 -23.15849004 1.45125772e+01
90.54500349 27.50875780 -25.19049411 1.64491721e+01
92.00007078 27.42468395 -23.15606038 2.20848641e+01
91.03102309 27.48512721 -25.24796243 1.61301192e+01
91.22980228 27.61605036 -27.50623263 1.89606938e+01
91.72254490 27.73047278 -29.15932503 2.51044248e+01
90.78092156 27.59894805 -26.93338044 1.90787328e+01
92.58098914 27.78231144 -26.99937252 2.91592059e+01
90.17698894 27.83518319 -30.04683350 1.73076288e+01
90.98597590 27.62356459 -27.49408971 1.69696416e+01
90.90947968 27.49020633 -25.23581608 1.51044747e+01
90.30199818 27.52135191 -25.15432456 1.57905599e+01
89.56185041 27.65492947 -26.85632857 8.50525400e+00
90.13966538 27.76853833 -29.09316489 1.69160887e+01
89.31784441 27.66386802 -26.87975570 3.85181981e+00
89.81569305 27.54293620 -25.09318830 1.35275905e+01
89.43984724 27.65934300 -26.86488957 4.78753211e+00
88.71285792 27.89669438 -30.11772031 3.89052551e+00
89.40854164 27.79707330 -29.09640781 7.00595312e+00
90.05628513 27.73811374 -28.53475667 1.65561635e+01
89.16478163 27.80637271 -29.12330249 4.11996055e+00
89.76420627 27.88672851 -30.44225217 1.72137558e+01
89.88641841 27.88199752 -30.44176152 1.69957170e+01
89.81103191 27.85077153 -30.04135714 1.69200595e+01
90.26144188 27.76272863 -29.09823192 1.72913176e+01
90.00860866 27.87694719 -30.44237343 1.70888128e+01
90.66517039 27.70749195 -28.57005355 1.87788458e+01
89.92339309 27.94887556 -31.19927095 1.73954389e+01
91.03027710 27.79252054 -30.07377615 1.76191678e+01
91.15231940 27.68604637 -28.59352589 1.86023136e+01
91.14617686 27.89103497 -31.22213780 1.88531382e+01
91.71830575 27.83210068 -30.49192554 2.51619403e+01
93.40888160 28.52066086 -31.81494147 3.67006764e+01
92.24117629 27.88081224 -30.13289572 2.53938540e+01
92.08078731 27.87975540 -30.51167451 2.50163038e+01
92.58542907 27.88512437 -28.66623517 2.83282958e+01
91.76185142 27.80172956 -30.09944441 2.54025801e+01
92.23997491 27.77908529 -28.63869231 2.52934525e+01
92.58703463 27.98682187 -30.17353770 2.84377910e+01
93.80294475 28.46225127 -27.74737791 4.67619176e+01
92.31954407 27.83360198 -29.19767310 2.59008528e+01
92.54477685 27.80301791 -27.55264202 2.79249617e+01
92.76647821 27.78848655 -25.85923361 3.29617291e+01
92.65727019 27.84491605 -27.55327203 2.91610472e+01
91.71725348 27.62805881 -27.52495043 2.24184248e+01
92.46732469 27.74291428 -27.00017051 2.75182561e+01
93.12493333 28.02700036 -27.03415931 3.74786807e+01
92.80326713 27.87175539 -27.00836465 3.26457484e+01
93.09111104 28.04299143 -27.60293619 3.66646050e+01
94.03367291 28.68133549 -29.01236625 4.13742522e+01
92.88138607 28.04141622 -29.27895334 3.23266238e+01
93.01916574 27.97287780 -27.02692067 3.61814452e+01
92.91602810 28.02387709 -28.71369598 3.27223696e+01
93.33264284 28.14097847 -27.06629126 4.05895852e+01
93.73595294 28.38568554 -27.13432373 4.67834410e+01
93.40203422 28.21464172 -27.65369976 4.12724603e+01
93.23305804 28.18592489 -28.78267880 3.69709074e+01
92.69898384 28.02996389 -30.19044228 2.98226542e+01
94.03641135 28.78380736 -30.52177692 4.05898712e+01
93.80594338 28.56482921 -29.51665657 4.16190761e+01
92.69786651 28.13057575 -31.33267728 2.97459356e+01
93.44171004 28.50642710 -31.45832968 3.71618984e+01
93.84041583 28.65427208 -30.46991115 4.00957368e+01
93.23578884 28.38887424 -31.41517029 3.54807416e+01
93.64368842 28.62931839 -31.49848408 3.82949740e+01
93.02905842 28.38115873 -32.46972996 3.32430677e+01
93.03311435 28.48397318 -33.57427300 3.30795449e+01
93.09521036 28.24671298 -30.64982488 3.45848067e+01
92.98882959 28.19323674 -30.62724488 3.33259656e+01
91.15193386 27.99325531 -32.29325385 1.91876961e+01
91.02969166 27.99746617 -32.28766058 1.82680962e+01
91.83983728 27.84358356 -30.49704743 2.50032159e+01
91.59667234 27.92672123 -31.59890394 2.31757816e+01
91.22965494 27.92313388 -31.58209620 1.97369544e+01
91.39632599 27.78541202 -30.08531663 2.13566819e+01
93.45883116 29.11988873 -37.36548214 3.44290628e+01
92.70226699 28.23338918 -32.42706322 2.99651552e+01
92.36534760 28.21810371 -33.47949598 2.71431810e+01
93.10115418 28.45134328 -32.84810583 3.38991275e+01
92.59462196 28.29301353 -33.51390808 2.90066431e+01
93.76290530 29.40814720 -38.24048951 3.75270932e+01
93.13498401 28.43539919 -32.49018326 3.42282559e+01
92.70669420 28.33619567 -33.53244000 3.01055323e+01
93.65819510 29.14100472 -36.50859043 3.50992139e+01
93.91781590 29.14066590 -35.04122001 3.82199684e+01
93.84560277 28.85880406 -32.61243221 3.71561792e+01
92.99890434 28.50065551 -33.93793088 3.27357658e+01
92.88278053 28.24386550 -31.72192372 3.18774191e+01
92.81279779 28.27981952 -32.44135124 3.10778273e+01
94.04759511 29.19357160 -34.72000155 3.78526667e+01
94.05035874 29.29592110 -35.65448802 3.77758983e+01
92.44229500 28.37609596 -34.91946383 2.80691303e+01
93.81688890 28.97418475 -34.03164303 3.78010412e+01
93.85148598 29.06367762 -34.71431053 3.82441938e+01
94.02467284 29.51303893 -37.66920724 3.78086590e+01
93.51907370 28.88792987 -35.02405511 3.53056511e+01
93.71786720 28.91065903 -34.02297563 3.62078288e+01
94.05334327 29.39839041 -36.51809749 3.77494759e+01
93.34907332 28.75436123 -34.68022096 3.48191484e+01
93.41733979 28.82739311 -35.01690743 3.49619774e+01
92.44847458 28.58047699 -36.73460585 2.85640381e+01
93.31456443 28.76826471 -35.01126479 3.45129570e+01
92.32591699 28.34213196 -34.90633473 2.72439188e+01
93.24571758 28.69634626 -34.67110840 3.42060369e+01
92.20800459 28.31259593 -34.89084550 2.65427520e+01
92.99893825 28.60140063 -34.98278373 3.25224493e+01
90.79088000 28.21358223 -34.41121741 1.77903046e+01
92.81903978 28.48434877 -34.62430026 3.10296201e+01
91.48045182 28.22939909 -34.80236067 2.22617994e+01
93.34665410 28.65238874 -33.61939087 3.53370825e+01
91.40213606 28.09223750 -33.38044330 2.13418873e+01
92.55840618 28.31369503 -33.87659540 2.87780662e+01
92.81710108 28.38263764 -33.53969676 3.11124561e+01
92.24957213 28.28867247 -34.54931858 2.66450550e+01
93.10513938 28.55414643 -33.95157470 3.35912336e+01
92.78128406 28.50167799 -34.96310382 3.07952819e+01
90.54649348 28.22664788 -34.40629818 2.05312304e+01
90.74663969 28.04501764 -32.63554977 1.80477749e+01
90.75269286 28.14723268 -33.70416396 1.86443711e+01
91.48546006 28.12735799 -33.74595571 2.20651082e+01
90.42428710 28.23315519 -34.40532023 2.00725077e+01
90.66868662 28.22005756 -34.40826580 2.01295465e+01
89.69049155 28.26532134 -34.41697623 2.01544418e+01
89.06621132 28.39003114 -35.44856246 2.74139559e+01
91.24096605 28.43462799 -36.65002708 2.13832231e+01
91.15763170 28.19783936 -34.42763091 1.99819580e+01
90.50072553 28.26329857 -34.75614531 2.05333281e+01
91.03533732 28.20211272 -34.42059906 1.92167478e+01
90.74550686 28.25014504 -34.75999023 1.77381643e+01
91.39694692 28.29669758 -35.44689295 2.18423998e+01
89.19605311 28.48723020 -36.35337514 2.87781351e+01
89.44572925 28.27375360 -34.42686887 2.24057210e+01
89.52069773 28.30534637 -34.77423236 2.21843162e+01
89.15753703 28.52274850 -36.65839878 2.88842381e+01
89.39811280 28.30951849 -34.77971951 2.32512998e+01
88.54473231 28.55356932 -36.66700006 1.96718966e+01
89.39586406 28.41199743 -35.73787357 2.50576068e+01
89.64131721 28.40368864 -35.72849611 2.13631911e+01
89.03039077 28.32334862 -34.79731631 2.30914247e+01
89.57000607 28.16705343 -33.35431336 2.03919130e+01
88.67632495 28.23916521 -33.75203233 2.16885205e+01
89.40934410 28.20672932 -33.71950499 2.05669134e+01
89.81445922 28.15825459 -33.34675606 1.87464356e+01
89.27552806 28.31380154 -34.78558333 2.34580402e+01
89.76922682 28.09160052 -32.63229623 1.83975400e+01
87.73829564 28.27094094 -33.23045094 1.36906807e+01
90.05228907 28.04599842 -32.27066593 1.80163698e+01
89.93665855 28.15345317 -33.34369762 1.85448750e+01
90.05751176 28.25091593 -34.40732679 1.92015699e+01
90.02030073 28.18414667 -33.69958926 1.87620576e+01
90.13341091 28.28170590 -34.75718347 1.94953593e+01
90.29672493 28.03452324 -32.27153000 1.86331372e+01
90.50241398 28.05805965 -32.63034667 1.95800336e+01
90.18097915 28.14272665 -33.34122032 1.88365176e+01
90.54725137 28.12403653 -33.34356597 2.00392155e+01
90.63066842 28.15373915 -33.70127239 2.05644187e+01
92.08669668 28.08419146 -32.72252845 2.56168554e+01
90.66930545 28.11747435 -33.34594337 2.05874754e+01
91.27422431 27.99058528 -32.29827067 2.01828895e+01
90.17452154 28.04044818 -32.27060138 1.82827487e+01
90.86876240 28.03881690 -32.63909415 1.74737038e+01
89.89148979 28.08689747 -32.62960535 1.81113353e+01
90.61839120 27.94928472 -31.56407450 1.97776226e+01
90.25172582 27.96835818 -31.55785305 1.82543053e+01
90.12945413 27.97415232 -31.55669942 1.78686667e+01
90.49709984 27.85319808 -30.45287637 1.87434785e+01
89.44490939 27.86405634 -30.05117289 1.03548151e+01
89.64011166 27.99378121 -31.56122894 1.84517006e+01
89.56312236 28.06482258 -32.27993469 1.90979457e+01
86.76102745 28.33429241 -32.61084111 1.62044894e+01
89.07383961 28.08291760 -32.30451017 6.38010990e+00
89.51773349 27.99809355 -31.56498548 1.74319559e+01
89.67863176 27.95823364 -31.20242654 1.81262083e+01
89.44079651 28.06908316 -32.28471508 1.61596186e+01
87.73006713 28.16837920 -32.15133845 1.32960382e+01
88.90860266 27.92013594 -30.49097798 4.07191423e+00
87.07200495 28.13757103 -31.01371260 1.16426178e+01
86.63892149 28.34326089 -32.50926793 1.68127503e+01
88.34066378 28.12509407 -32.30994363 2.06826831e+01
88.90590913 28.02246186 -31.59822532 4.57792144e+00
87.59948589 28.07342936 -31.01156937 1.25781354e+01
86.99639211 28.21242249 -31.68868441 1.16870627e+01
87.73438251 28.37441098 -34.30396087 1.40355297e+01
88.59244488 28.21025451 -33.39438209 2.21623235e+01
87.92882596 28.39428729 -34.71792433 1.48542114e+01
89.04272455 28.22057260 -33.73939408 1.37738541e+01
87.82237983 28.29931951 -33.61995241 1.40992467e+01
89.19614746 28.07797559 -32.29732885 8.66622971e+00
87.31686086 28.43841839 -34.47460687 1.31366821e+01
87.37193364 28.29525995 -33.05061676 1.27880110e+01
86.39502734 28.36451110 -32.30774996 1.75610922e+01
86.88318530 28.32599735 -32.70977162 1.18306289e+01
87.24975795 28.30292381 -32.97541864 1.25368899e+01
87.44770183 28.22101934 -32.36985495 1.27081992e+01
88.42461926 28.15328432 -32.67384694 2.20681477e+01
87.85223570 28.16005309 -32.19917799 1.37292524e+01
87.08090991 28.24284995 -32.12400804 1.19679113e+01
87.31680663 28.12437014 -31.19938834 1.21022921e+01
86.75177235 28.22716255 -31.47854022 1.63682173e+01
86.71411677 28.26560403 -31.82018215 1.64843531e+01
84.95653352 28.47921196 -29.79439295 1.46203226e+01
86.50735145 28.24462587 -31.25770983 1.64620316e+01
84.86464418 28.39907392 -28.25911924 1.28766443e+01
84.52161394 28.51796249 -28.54190832 1.08220200e+01
86.01081415 28.18930073 -29.44988938 1.22825370e+01
85.41774760 28.32788082 -29.45299274 9.45041743e+00
85.85380806 28.25483394 -29.89751034 6.37520314e+00
84.39196894 28.78265754 -31.28987990 1.17791792e+01
84.69897777 28.49381728 -28.96946347 1.26041776e+01
84.17672137 28.63346464 -28.70167929 6.08660056e+00
83.30890654 29.15499923 -31.52524978 1.58347171e+01
84.34695093 28.72413939 -30.51419933 1.02809482e+01
83.71280108 28.77908854 -28.72456050 6.47444287e+00
83.65848476 28.83203057 -29.20731191 7.83927615e+00
83.42425287 28.90081054 -29.10641255 1.04018850e+01
83.24454115 28.91519489 -28.49425301 1.15276090e+01
83.93067980 29.15135160 -33.58397003 7.85619735e+00
85.79154397 28.45678242 -31.99881204 1.64242754e+01
84.12564016 28.90652662 -31.70110367 7.44290843e+00
84.58711793 28.75396834 -31.62115663 1.40946374e+01
84.63201399 28.81265621 -32.36978754 1.46486802e+01
84.28645634 28.92765820 -32.44211376 1.01018341e+01
85.31696053 28.69852312 -33.27088180 1.78397071e+01
86.38531707 28.25523274 -31.14960839 1.68663153e+01
85.55027731 28.63026594 -33.19902466 2.24899003e+01
86.03117862 28.41098333 -32.06642724 2.39362854e+01
85.90606147 28.54609794 -33.19687305 2.74331922e+01
86.23619065 28.41911395 -32.57427771 2.00414438e+01
85.85429100 28.59425419 -33.57939870 2.89602701e+01
86.15203902 28.39292441 -32.13184339 2.24722762e+01
85.74497406 28.39163767 -31.20837838 9.53529705e+00
85.42815120 28.43825258 -30.87754674 1.65488690e+01
85.26582168 28.75206543 -33.68063133 1.69440701e+01
84.36910989 29.12084120 -34.68132539 1.65448086e+01
84.50970111 28.96420700 -33.54059704 1.55122604e+01
84.74691104 28.77385232 -32.33335981 1.45746964e+01
84.45721573 29.01839768 -33.92979826 1.59215266e+01
84.59698162 28.86136178 -32.76032602 1.48697614e+01
84.22563769 29.09412947 -33.95887715 1.07562773e+01
84.48191819 28.89983904 -32.78766280 1.47110513e+01
84.04691344 29.11475268 -33.58816840 7.81190233e+00
83.28253585 29.49523785 -34.91455965 1.81314736e+01
84.39429742 29.00238627 -33.56143125 1.48732881e+01
83.90377162 29.26953174 -34.69326301 9.57460620e+00
83.34654194 29.32845401 -33.44526562 2.04445289e+01
83.82263761 29.07506985 -32.44237249 8.01331433e+00
83.51719231 29.42466217 -34.98995226 2.07303513e+01
83.20297676 29.70476268 -36.59575212 2.08783139e+01
83.75138597 29.35332861 -35.03563723 1.48988650e+01
83.32896103 29.55521911 -35.63321540 1.75488092e+01
84.25306996 29.15856843 -34.69257000 1.34831492e+01
83.44616866 29.51975888 -35.66764797 1.89631229e+01
84.62495684 28.92578336 -33.51416411 1.51739990e+01
84.21765639 29.20665622 -35.05307097 1.34591589e+01
84.14679916 29.30264756 -35.74435402 1.32058643e+01
85.64745264 28.71817008 -34.35788921 2.29351319e+01
84.68111262 29.05486257 -34.99084100 1.53904299e+01
85.76621980 28.68928701 -34.35256505 2.64172437e+01
84.89912555 29.20564038 -36.98034714 1.57206232e+01
84.11136208 29.35056797 -36.07559873 1.43156224e+01
85.07342648 29.00066248 -35.59778243 1.55606752e+01
84.95760586 29.03806973 -35.62760956 1.53297612e+01
86.34305727 28.73897941 -35.96096834 1.91176735e+01
87.71809016 28.47883450 -35.32144480 1.43380962e+01
86.33816653 28.51785423 -33.80282361 1.88265509e+01
86.94947510 28.46394110 -34.24613734 1.24270268e+01
86.45524151 28.61518986 -34.99211815 1.82552205e+01
87.56172857 28.42132078 -34.59551019 1.36941087e+01
85.09160938 28.65805977 -32.19593651 1.58608415e+01
85.43855967 28.54862828 -32.05215403 2.00606827e+01
84.91887800 28.86464802 -33.80852413 1.49239467e+01
85.28728616 28.63248373 -32.50121856 1.79982689e+01
87.48995903 28.39171265 -34.20112616 1.33951976e+01
87.45620168 28.32457344 -33.46002864 1.30851982e+01
87.36770538 28.40005976 -34.13841243 1.31229455e+01
88.04735937 28.48778917 -35.70631209 1.56834735e+01
87.97869063 28.35630608 -34.37744303 1.49452440e+01
87.55749121 28.52541000 -35.57585175 1.40190359e+01
87.85654906 28.36543522 -34.34391199 1.44407432e+01
87.47300023 28.49697223 -35.22928241 1.37060499e+01
88.66289601 28.34204940 -34.80576944 2.55367202e+01
88.21577030 28.54302840 -36.34017686 1.67119488e+01
87.44342293 28.63821802 -36.46970050 1.40867011e+01
88.33050722 28.43225755 -35.44025055 1.75167233e+01
88.09339732 28.55251307 -36.32385688 1.60465465e+01
88.71164473 28.30515873 -34.45752386 2.51786766e+01
88.46059028 28.52516758 -36.36020192 1.87026767e+01
88.94349652 28.39538484 -35.45329571 2.77155858e+01
88.58306108 28.51708638 -36.36478154 2.03276414e+01
88.16245755 28.68364377 -37.55231102 1.67558364e+01
87.56581928 28.62863665 -36.50962899 1.43815434e+01
87.09137916 28.84300228 -37.91354251 1.39291502e+01
87.97102987 28.56216411 -36.30284586 1.55131304e+01
87.72219834 28.68520547 -37.16982646 1.50284816e+01
88.05522885 28.58969332 -36.62297521 1.59830675e+01
87.96719062 28.66519265 -37.21944567 1.58137850e+01
87.21422325 28.83208819 -37.95564112 1.41700638e+01
87.84469927 28.67518891 -37.19659807 1.53947486e+01
88.32750268 28.84125506 -39.08770808 1.79199067e+01
88.65028508 28.75113954 -38.48893799 2.00123728e+01
87.16689658 29.08359902 -40.20592300 1.49339778e+01
87.30754271 28.96422975 -39.23972040 1.48507775e+01
87.83238059 28.98558274 -39.99121221 1.64355369e+01
87.42180204 28.84901599 -38.33122848 1.47449346e+01
86.83131147 29.19179104 -40.83922624 1.51965886e+01
83.94272866 29.84328711 -40.07767327 1.83192608e+01
88.02791920 29.00246218 -40.35380811 1.71760049e+01
87.90487946 29.01341116 -40.34051213 1.67903288e+01
86.18697923 29.20940327 -39.94891829 1.88571353e+01
86.92112111 29.10955593 -40.14227633 1.44478692e+01
87.06225393 28.98769221 -39.17379713 1.43402950e+01
87.18488347 28.97578577 -39.20815546 1.45862426e+01
85.99138132 28.98188247 -37.52260521 1.96492151e+01
86.12262949 29.07062549 -38.56181389 1.90864571e+01
86.37554680 28.80881668 -36.63887568 1.89402989e+01
86.13243963 28.84398585 -36.54635593 2.05803703e+01
87.22288534 28.93694832 -38.90305494 1.45481482e+01
87.42628273 28.74408774 -37.39822192 1.44009197e+01
86.22150083 28.75555447 -35.90758375 2.04754222e+01
85.87093955 29.00643013 -37.50718702 1.93274592e+01
86.13730346 28.73093974 -35.54044469 2.22512116e+01
86.01155555 28.86499019 -36.51353243 2.11543630e+01
86.01643099 28.75126608 -35.50235892 2.43131537e+01
85.83942081 28.93756206 -36.82639077 1.99346054e+01
84.32002520 29.61370800 -39.04597852 2.07987080e+01
85.27825309 29.16178697 -37.57219852 1.65009350e+01
85.30012789 29.04244510 -36.55212705 1.65096667e+01
83.49968406 29.65080414 -37.01062320 1.76321690e+01
84.54314872 29.43176389 -38.03510060 1.74049520e+01
84.72625530 29.11388202 -35.67872651 1.54985015e+01
83.61697662 29.61477328 -37.03157454 1.92305643e+01
83.52642621 29.71617064 -37.68021950 1.72289347e+01
83.99536731 29.57035581 -37.72706784 2.33519944e+01
83.73580619 29.79818651 -39.03492757 1.77952700e+01
83.52827546 29.93662138 -39.69492824 1.63098360e+01
83.95972698 29.61818235 -38.05643429 2.29314383e+01
85.16522430 29.42044084 -39.63549140 1.66998671e+01
85.25286638 29.31943714 -38.93087564 1.66811050e+01
83.41102693 29.97349719 -39.67797219 1.68157328e+01
85.34257043 29.51862713 -41.09538367 1.73396430e+01
85.28264412 29.38561343 -39.61654389 1.68849153e+01
86.35589187 28.92247989 -37.62568362 1.89411252e+01
85.59598431 29.10996443 -37.85612012 1.78212780e+01
85.52402704 29.20466102 -38.54701827 1.74068592e+01
85.46106298 29.48581019 -41.08139586 1.75558782e+01
86.30874300 29.18935414 -39.97538327 1.88999476e+01
85.47769079 29.14181964 -37.87398654 1.72784469e+01
85.71487316 29.07998214 -37.84682673 1.84045453e+01
85.72042254 29.64620211 -43.42421246 1.85252207e+01
86.22934166 29.38926252 -41.86885321 1.90268450e+01
85.74631650 29.48876441 -41.84559142 1.82610844e+01
84.92748389 29.82729454 -43.07433132 1.74427266e+01
86.60496175 29.44022477 -43.08108636 1.95959563e+01
87.03915718 29.20369350 -41.26254315 1.50598606e+01
85.48188450 29.70614436 -43.43241750 1.81320193e+01
85.38892348 29.58079210 -41.87201053 1.75871148e+01
85.10664677 29.58743860 -41.12546788 1.70395942e+01
84.42288927 30.02112729 -43.47462430 1.75489622e+01
84.53999035 29.98425996 -43.47254975 1.75339377e+01
85.27062114 29.61406303 -41.88489266 1.74122790e+01
84.16877149 29.88169747 -41.19143563 1.83157281e+01
84.06151211 30.02553368 -42.33387419 1.74415808e+01
83.57472837 30.40116885 -44.61644199 1.62605189e+01
83.75562837 30.19580754 -43.08981890 1.65342133e+01
83.97997816 30.01469151 -41.95188061 1.73451328e+01
83.94424879 30.06263159 -42.33224477 1.71332113e+01
84.45863094 29.97315475 -43.09240780 1.75884110e+01
83.83718727 30.20657684 -43.47362286 1.66992730e+01
84.69288777 29.89959735 -43.08514669 1.74582112e+01
84.34152863 30.01015500 -43.09446752 1.75989469e+01
85.00917453 29.83976629 -43.45659187 1.75785056e+01
85.39927765 29.69065729 -43.04570755 1.78952343e+01
85.16281248 29.75726255 -43.06054514 1.75983962e+01
85.35289051 29.62833452 -42.26698945 1.76275920e+01
86.30413999 29.63764982 -44.60970983 1.97435642e+01
86.67050136 29.57691597 -44.61754733 2.01911995e+01
86.54816427 29.59604513 -44.61470840 2.00458884e+01
86.18251383 29.66027963 -44.60724254 1.95818172e+01
85.75683330 29.59975497 -43.02843045 1.84935690e+01
86.23947722 29.49976851 -43.04320650 1.92299722e+01
87.33182775 29.24264397 -42.05523977 1.59901916e+01
86.93431521 29.43114342 -43.49448275 1.56933680e+01
86.60016470 29.55108303 -44.23225573 1.99409824e+01
87.70081800 29.20490385 -42.10085942 1.69098886e+01
87.58672754 29.00808410 -39.95303527 1.57684395e+01
89.63596968 29.12104445 -42.49084371 2.25290106e+01
87.20025143 29.15082444 -40.92558810 1.52721897e+01
87.54774189 29.35943293 -43.54111536 1.71422718e+01
87.78549801 29.23109046 -42.47021532 1.72865621e+01
88.16228116 29.29837619 -43.56837123 1.88228584e+01
87.82385845 29.19288395 -42.11247227 1.72426148e+01
89.88306229 29.11256045 -42.48902328 2.28703221e+01
88.07002279 29.16985949 -42.13114439 1.79591701e+01
87.79344200 29.33377760 -43.55445858 1.77836464e+01
87.21284075 29.46770700 -44.25889367 1.66854348e+01
88.20076545 29.26081475 -43.21147016 1.87812464e+01
87.67057616 29.34643285 -43.54834774 1.74568511e+01
87.28434488 29.49440692 -44.63057741 1.70954399e+01
88.19686196 29.36358344 -44.28475030 1.92592376e+01
88.44343725 29.34330538 -44.28676426 1.99861182e+01
88.64085792 29.36384512 -44.64357887 2.07748748e+01
88.81391110 29.32031186 -44.28697293 2.11191740e+01
90.12715974 29.30772199 -44.64114778 2.45036083e+01
90.05057382 29.27683583 -44.28229058 2.40655898e+01
90.62204068 29.28240850 -44.64132199 2.31032687e+01
91.61677814 29.15227832 -43.57006791 2.60454116e+01
90.74570351 29.27553478 -44.64143344 2.35002497e+01
90.98819829 28.85300695 -40.36017033 2.18732456e+01
89.42082178 28.99124211 -41.06092288 2.21592413e+01
92.09588380 28.99978490 -41.42052552 2.75579716e+01
90.37056940 28.98823514 -41.41221796 2.33740532e+01
89.05693184 29.10568541 -42.14215533 2.14600051e+01
89.87643130 29.01029243 -41.41300456 2.24431327e+01
89.01811300 29.14123176 -42.50029675 2.13651924e+01
90.00657224 29.10772829 -42.48852544 2.30847113e+01
88.93337107 29.11072009 -42.14461189 2.10551601e+01
89.54449255 28.98738575 -41.05847384 2.21918451e+01
88.68637387 29.12316053 -42.14692971 2.01282501e+01
89.13740334 28.93239757 -40.37097310 2.19513692e+01
88.89458540 29.14646684 -42.50226717 2.09627951e+01
88.69034539 29.32692641 -44.28711075 2.07412212e+01
88.45034467 28.83223358 -39.09291497 1.85568915e+01
88.56991409 28.92619474 -40.04146754 1.93073275e+01
88.90365474 28.83982505 -39.39605108 2.14808241e+01
88.69302111 28.91868542 -40.04143206 1.99719971e+01
88.94226872 28.80404414 -39.09204996 2.19398025e+01
88.93939724 28.90625485 -40.03742874 2.13265695e+01
89.18847170 28.79430295 -39.08443361 2.31803382e+01
88.40436479 28.76744165 -38.48382008 1.82571665e+01
89.43472886 28.78609773 -39.07724521 2.28366737e+01
89.05821318 28.69699888 -38.17884512 2.45263104e+01
89.68097528 28.77806598 -39.07165400 2.18847971e+01
89.38905406 28.71933054 -38.47126612 2.35744307e+01
89.03490846 28.52760996 -36.66328678 2.91337586e+01
88.82526205 28.60534254 -37.27561727 2.35976239e+01
90.00642456 28.59497527 -37.54548027 2.08920577e+01
89.67420243 28.67582601 -38.15973884 2.18188182e+01
90.98889081 28.64808123 -38.46456456 2.09090561e+01
89.79738172 28.67149044 -38.15726554 2.13573524e+01
90.42131926 28.54105363 -37.23885136 2.14802981e+01
93.15240931 29.14908312 -39.10869005 3.29282011e+01
89.55576544 28.88461830 -40.02117942 2.21722551e+01
92.01565882 28.74921175 -39.09690278 2.65193124e+01
90.12509441 28.89752839 -40.35494698 2.23706416e+01
94.03685926 29.92259280 -41.40306129 3.78229281e+01
89.27289217 28.82547776 -39.38530041 2.28342607e+01
89.38437837 28.92415177 -40.36430919 2.22266198e+01
90.03902182 28.96965094 -41.05344844 2.25275808e+01
89.67903969 28.88059693 -40.01904868 2.20165679e+01
90.04874480 28.86667952 -40.01559374 2.21066636e+01
90.24845670 28.89176435 -40.35489890 2.26138129e+01
91.77248962 28.82181655 -40.03129128 2.55043957e+01
91.52610128 28.70709341 -39.08504458 2.38793961e+01
91.27991496 28.70671300 -39.07890756 2.25939428e+01
91.97699259 28.77719564 -39.39603360 2.64153333e+01
91.64960075 28.81361050 -40.02989881 2.48690684e+01
90.28611971 28.95830665 -41.05327963 2.30096370e+01
91.24081730 28.74162538 -39.38161385 2.25578368e+01
91.36388220 28.73981862 -39.38386389 2.31696990e+01
91.73108794 28.44496221 -36.68342285 2.45885495e+01
90.98930907 28.54558461 -37.55189794 2.04247084e+01
91.97090150 28.57290204 -37.60191785 2.60244158e+01
90.91088127 28.72006955 -39.07169387 2.08514835e+01
91.48132155 28.63811228 -38.47904476 2.34409586e+01
90.90488999 28.61786819 -38.15853439 2.03313862e+01
93.82514126 29.28093906 -36.79912441 3.78257635e+01
93.52934025 29.29603152 -38.52853106 3.43772684e+01
93.01163677 29.11113709 -39.39912735 3.22629103e+01
92.82864661 28.99272952 -39.10589294 3.12636627e+01
94.03379620 29.82023641 -40.35358072 3.77594282e+01
93.66095174 29.24316360 -37.37360032 3.60863678e+01
93.11849583 29.16491915 -39.40198640 3.27698272e+01
93.86561141 29.57499775 -39.10956141 3.75487726e+01
93.93530241 29.75459020 -40.35389859 3.76257035e+01
92.94011414 29.24458085 -41.04654740 3.18924422e+01
91.72845172 28.85234785 -40.36895577 2.54066565e+01
93.43112187 29.33793070 -39.40041714 3.39655387e+01
94.07176095 30.01295127 -42.12297092 3.78349877e+01
93.93829565 29.85686438 -41.40168715 3.76302505e+01
93.87112980 29.77923893 -41.04462045 3.74852129e+01
92.22147453 29.12681338 -42.48804017 2.84338467e+01
93.12127518 29.36742789 -41.40269939 3.27004996e+01
92.21630106 29.02425782 -41.41490542 2.81766385e+01
91.77365376 29.02567225 -42.13916904 2.61695684e+01
92.01319755 28.95194268 -41.06433302 2.70265961e+01
90.78607312 29.03407787 -42.13175753 2.19989314e+01
91.85193922 28.96500096 -41.42105277 2.63394016e+01
90.62364341 29.07718848 -42.48943091 2.16543425e+01
91.36413967 29.04651987 -42.49461695 2.44842116e+01
90.91547337 29.12980108 -43.20799858 2.30944016e+01
91.03286912 29.02177420 -42.13350724 2.29280284e+01
90.98774826 28.95550134 -41.41634346 2.23933957e+01
93.05718883 29.50247092 -43.19039309 3.24008528e+01
93.83917456 29.79181473 -41.40232775 3.73968055e+01
92.95139598 29.55173890 -44.27236656 3.20040009e+01
93.54701232 29.90874464 -44.63885142 3.65811222e+01
90.87638376 29.16598746 -43.56633351 2.31746756e+01
90.99371580 29.05769606 -42.49159267 2.29838599e+01
93.37304878 29.67234682 -43.19341081 3.36156309e+01
93.44461864 29.84761296 -44.63652381 3.62737114e+01
93.64634685 29.86953593 -43.55536880 3.68601387e+01
93.84623972 29.99691765 -43.55772066 3.74094734e+01
93.97683517 30.04954216 -43.19963900 3.77630684e+01
94.04347519 30.12754817 -43.56155786 3.79117376e+01
74.59439408 36.09315805 -44.13607425 1.33126864e+01
74.70040844 36.00980869 -44.56739995 1.35346051e+01
74.77542838 35.92066358 -44.56643969 1.37059036e+01
74.96916367 35.64834800 -44.12929288 1.40883506e+01
74.85053562 35.83160161 -44.56554455 1.38507147e+01
74.67578115 35.86736684 -42.83642731 1.37929456e+01
74.60114226 35.95646108 -42.83955631 1.35400177e+01
74.97527327 35.51185270 -42.82436408 1.42140775e+01
74.89398832 35.73711757 -44.13039670 1.39764609e+01
74.58230633 36.02184628 -43.27278352 1.33815592e+01
75.20199025 35.24676252 -42.81570973 1.44510373e+01
75.07675971 35.56512913 -44.56451859 1.42069758e+01
75.27226948 35.29498078 -44.12481789 1.45023587e+01
75.25880115 35.22423172 -43.24996307 1.45106496e+01
75.45927403 35.12484880 -44.55934676 1.47748428e+01
75.30520771 35.30023701 -44.56209709 1.45383587e+01
75.22875844 35.38832626 -44.56272080 1.44259853e+01
75.15262484 35.47663319 -44.56441594 1.43142784e+01
75.04454899 35.55973107 -44.12895933 1.41940628e+01
75.00114102 35.65380003 -44.56444074 1.40950376e+01
74.92575577 35.74263726 -44.56485214 1.39773647e+01
75.42576176 35.11963112 -44.11987640 1.47249629e+01
75.56712921 34.87508461 -43.24198721 1.49373041e+01
75.69436941 34.86443655 -44.55980667 1.51647769e+01
75.65979712 34.85914602 -44.11917790 1.50989213e+01
75.85462337 34.69320534 -44.56087118 1.54598547e+01
76.06492359 34.43527498 -44.12451641 1.59225193e+01
75.93602406 34.60846748 -44.56143788 1.56216757e+01
76.53705608 34.03830538 -44.57201503 1.70108352e+01
76.27212187 34.27704594 -44.56460514 1.63994661e+01
76.14891065 34.35260268 -44.12596223 1.61344743e+01
76.50594912 33.89908745 -42.85989340 1.73545693e+01
76.32056353 34.19000655 -44.13214569 1.66025132e+01
76.05008300 34.36523891 -43.25609560 1.59481867e+01
75.98204280 34.51874907 -44.12343243 1.57289407e+01
75.82561946 34.55275497 -42.81696745 1.54101031e+01
75.53701717 35.03763028 -44.55915094 1.48987535e+01
75.50910409 34.89660626 -42.80549671 1.48388833e+01
75.50318483 35.03241045 -44.11849771 1.48425197e+01
75.58116476 34.94556090 -44.11852218 1.49668030e+01
75.77409931 34.77854966 -44.56031853 1.53064337e+01
75.80764912 34.44343346 -41.51771775 1.54081754e+01
75.73912856 34.77320201 -44.12012520 1.52386215e+01
75.81922566 34.68777915 -44.12118971 1.53900126e+01
75.72481758 34.70286735 -43.24600379 1.52076708e+01
75.80478017 34.61751738 -43.24850507 1.53629057e+01
75.98885223 34.38425321 -42.82379212 1.58160467e+01
75.90016982 34.60293961 -44.12230906 1.55525761e+01
76.11627315 34.17301245 -41.97081115 1.63982872e+01
75.96733274 34.44863658 -43.25365081 1.57297057e+01
76.20145023 34.09124995 -41.97801514 1.67975263e+01
76.07198665 34.30108342 -42.82692798 1.60660616e+01
76.39290402 34.04043944 -43.27699383 1.69957195e+01
76.57957672 33.71189054 -41.60251771 1.77727162e+01
76.23411548 34.27083175 -44.12804551 1.63655236e+01
76.24179637 34.13735195 -42.83496617 1.66724936e+01
76.21901011 34.20094779 -43.26239517 1.64711972e+01
76.22428716 34.02762841 -41.55597739 1.71335055e+01
75.94947606 34.33916151 -41.95946588 1.57772501e+01
76.09864409 34.06336523 -40.69273346 1.67710728e+01
75.86765588 34.42336861 -41.95437850 1.55439435e+01
75.90675555 34.46816635 -42.82043717 1.55992609e+01
75.87099403 34.24931445 -40.24257597 1.57330157e+01
75.88885703 34.35874703 -41.52326591 1.56332957e+01
75.70933355 34.41950963 -40.22883150 1.52174554e+01
75.70675674 34.59369243 -41.94538388 1.51727976e+01
75.49094539 34.78774839 -41.50535442 1.47936009e+01
75.60943868 34.57061014 -40.64798519 1.49884301e+01
75.62751444 34.67968015 -41.94167770 1.50227145e+01
75.66590425 34.72369495 -42.81022457 1.50950665e+01
75.33647103 34.96250563 -41.50276681 1.45958257e+01
75.39529728 34.76622085 -40.21567952 1.46374140e+01
75.31697958 35.02794055 -41.93581356 1.45811368e+01
75.33519712 35.13648501 -43.24631039 1.46079795e+01
75.18275739 35.31221829 -43.25498049 1.44202179e+01
75.16453217 35.20396056 -41.94434698 1.44246411e+01
75.41345310 34.87495676 -41.50456877 1.46878850e+01
75.43163893 34.98368502 -42.80480300 1.47283395e+01
75.24057677 35.11582885 -41.93908691 1.44983775e+01
75.27814599 35.15880412 -42.81092593 1.45347710e+01
75.12615347 35.33494015 -42.82041021 1.43690872e+01
75.08879349 35.29230339 -41.95039704 1.43583152e+01
75.12018624 35.47129149 -44.12893453 1.42952312e+01
75.10701452 35.40041307 -43.25708506 1.43317878e+01
74.75048690 35.77834374 -42.83329038 1.39416705e+01
74.66918292 36.00403541 -44.13511956 1.35157198e+01
74.80639677 35.75487300 -43.26493500 1.39560201e+01
74.74402997 35.91497940 -44.13383964 1.37022356e+01
74.58305006 35.84939075 -41.54316343 1.39855074e+01
74.73162623 35.84378904 -43.26773957 1.38209912e+01
74.71348467 35.73645175 -41.96814579 1.40304971e+01
74.90019323 35.60056413 -42.82775550 1.41355003e+01
74.95707673 35.40399439 -41.52073838 1.42739254e+01
74.86385168 35.38515485 -40.23159082 1.42926478e+01
74.86308841 35.55839783 -41.96058156 1.41754899e+01
74.54614646 35.80781399 -40.68485725 1.49962174e+01
74.95629467 35.57734283 -43.25997501 1.41558002e+01
74.93809412 35.46953602 -41.95596742 1.42349161e+01
74.77009029 35.53988274 -40.66798504 1.42516740e+01
74.80711829 35.58185674 -41.52935326 1.41818354e+01
74.63882012 35.82560613 -41.97221837 1.39181425e+01
74.62072397 35.71843068 -40.67925373 1.42610083e+01
74.85108411 35.31414310 -39.39605995 1.43298020e+01
74.99512906 35.27286874 -40.65518032 1.43240004e+01
74.93890459 35.29613437 -40.22760154 1.43096630e+01
75.07654157 35.04778566 -39.38318049 1.43563126e+01
75.16558470 35.03014173 -40.21698743 1.44178071e+01
75.45890578 34.60837381 -39.38061593 1.47063536e+01
75.01419998 35.20728484 -40.22411625 1.43362911e+01
75.07059857 35.18419031 -40.65014984 1.43659252e+01
75.25993258 35.05035167 -41.50349613 1.45145433e+01
75.29879095 34.91938972 -40.64257703 1.45433084e+01
75.24174733 34.94189353 -40.21489050 1.44765060e+01
75.45295964 34.74423009 -40.64432785 1.47276468e+01
75.19550732 34.86594873 -38.97180207 1.44013003e+01
75.18212900 34.79518135 -38.15646298 1.43725071e+01
75.05023817 34.90606605 -37.75400978 1.42993709e+01
74.96912778 35.13102684 -38.97943371 1.43224644e+01
74.78897691 35.47430923 -40.23725399 1.42904330e+01
74.84492719 35.45074524 -40.66244504 1.42646100e+01
74.62725323 35.58171980 -39.41531599 1.46199005e+01
74.75123986 35.26104037 -37.77766025 1.44380259e+01
74.56497753 35.74232372 -40.25477987 1.45490661e+01
74.70175887 35.49243564 -39.40834234 1.44364182e+01
74.63956542 35.65290815 -40.24888451 1.43724287e+01
74.69536447 35.62911608 -40.67357072 1.42513997e+01
74.55281945 35.67107735 -39.42188056 1.54369829e+01
74.58404003 35.50475232 -38.20381688 1.50924271e+01
74.50992520 35.59396240 -38.16545115 1.64300588e+01
74.65822078 35.41561191 -38.19491898 1.46224765e+01
74.59623073 35.57599608 -39.01278590 1.48176695e+01
74.73316440 35.15349738 -36.55983059 1.44805672e+01
74.60274131 35.43928983 -37.79605004 1.49303725e+01
74.78878100 35.12994355 -36.95926443 1.43976628e+01
74.67694196 35.35012147 -37.78645874 1.45754808e+01
74.49191157 35.48695949 -36.83232745 1.68576420e+01
74.80757373 35.06436046 -36.55133574 1.43635536e+01
74.73248999 35.32655384 -38.18635176 1.44525519e+01
75.39339270 34.42373501 -36.93892050 1.45677375e+01
75.25811364 34.70733966 -38.15579948 1.44286248e+01
75.33601290 34.44567797 -36.53277633 1.44557392e+01
75.20137147 34.72971591 -37.74849507 1.43569072e+01
74.82566405 35.17206307 -37.76931758 1.43658986e+01
75.01309512 34.86346352 -36.94231537 1.42621341e+01
74.95701731 34.88653814 -36.53853021 1.42462850e+01
75.03121375 34.97158008 -38.16091045 1.43204078e+01
74.88141716 35.14875480 -38.17141213 1.43400381e+01
74.97512500 34.99455328 -37.75677791 1.43016785e+01
75.10651365 34.88327262 -38.15860282 1.43370461e+01
75.13727646 34.54526356 -35.28971776 1.42289229e+01
74.81952028 35.30866253 -38.99165383 1.43381510e+01
74.80687408 35.23759310 -38.17890709 1.43790063e+01
74.95618518 35.06007670 -38.16498920 1.43213533e+01
74.89421257 35.21976507 -38.98540776 1.43238444e+01
75.77526696 34.26386539 -39.40162292 1.54649249e+01
75.80960965 33.92928417 -36.58583409 1.65126902e+01
75.82071284 34.17357594 -38.99854180 1.57307459e+01
75.99218774 33.87175531 -37.81797028 1.73632026e+01
75.74002635 34.25840143 -38.99199353 1.53914973e+01
75.72569189 34.18809419 -38.17538816 1.54324541e+01
75.66650169 34.20852142 -37.76922270 1.52570545e+01
75.87003508 33.90973236 -36.99444092 1.68075083e+01
75.58733897 34.29428628 -37.76577060 1.49940234e+01
75.54913609 34.25026247 -36.95547944 1.49347286e+01
75.35408252 34.55442738 -37.74757142 1.45144697e+01
75.47092826 34.33677437 -36.94576152 1.47279893e+01
75.43119530 34.46728740 -37.75050099 1.46369597e+01
75.49092150 34.27154620 -36.54482499 1.47867911e+01
76.05880970 33.67978649 -36.65580014 1.83739538e+01
75.88775779 34.01925269 -38.19747465 1.63573882e+01
76.47436446 33.34550769 -37.19470727 1.95057481e+01
76.24825827 33.62784983 -37.89335766 1.90847434e+01
75.95267089 33.82629904 -37.01544931 1.74425331e+01
75.82737614 34.03874603 -37.78314168 1.61101627e+01
75.74648679 34.12331972 -37.77034671 1.56163578e+01
75.80624731 34.10333832 -38.18387095 1.58269001e+01
75.98502648 34.00600124 -39.02445935 1.67570028e+01
76.05396932 33.85337894 -38.23417006 1.75436105e+01
76.22500788 33.69111447 -38.28231841 1.86895866e+01
76.15384157 33.84171418 -39.06116836 1.77928533e+01
75.90235334 34.08941968 -39.01030513 1.61688329e+01
75.90925090 33.95486828 -37.79900235 1.67289960e+01
75.93855135 34.09513153 -39.42214776 1.62392228e+01
75.97030178 33.93590586 -38.21414442 1.69807246e+01
75.95325721 34.16522225 -40.25204119 1.60986553e+01
76.02174584 34.01187443 -39.43537240 1.68076680e+01
76.01458652 34.14610862 -40.68163772 1.62887661e+01
76.10611040 33.92947657 -39.45084645 1.73746982e+01
75.78971338 34.33409957 -40.23506531 1.54443680e+01
75.85641742 34.17915149 -39.41064300 1.58044447e+01
75.58118817 34.42979599 -38.97849279 1.49402950e+01
75.56711996 34.35935277 -38.16581528 1.49247606e+01
75.42525096 34.60314739 -38.97248771 1.46484261e+01
75.48895385 34.44573999 -38.15963190 1.47513510e+01
75.34819263 34.69042949 -38.97212562 1.45441472e+01
75.41145307 34.53257116 -38.15673437 1.46141655e+01
75.37562815 34.83164502 -40.64387795 1.46275755e+01
75.50288654 34.51624952 -38.97399349 1.47789608e+01
75.31829621 34.85390600 -40.21521254 1.45454359e+01
75.38152083 34.69564564 -39.37964840 1.45964142e+01
75.47281761 34.67888187 -40.21642496 1.47446907e+01
75.53690480 34.52151050 -39.38349975 1.48401968e+01
75.55095276 34.59195182 -40.21894351 1.48745941e+01
75.61558943 34.43510607 -39.38913416 1.50074959e+01
75.62977185 34.50547954 -40.22318280 1.50264475e+01
75.64782167 34.61459252 -41.50932831 1.50563580e+01
76.05426477 34.19149515 -41.53688667 1.62473690e+01
76.12107778 33.99942340 -40.27503773 1.71326871e+01
76.13865893 34.10909907 -41.54563832 1.66589151e+01
76.18392938 33.98153586 -40.70590484 1.72905788e+01
76.31118502 33.94713625 -41.56738461 1.74845954e+01
76.38216006 33.75783368 -40.31733270 1.81821552e+01
76.44745900 33.74203338 -40.74444138 1.79171660e+01
76.87993941 33.22597899 -39.21579025 1.88373422e+01
76.73250259 33.38131851 -39.57635557 1.83677928e+01
77.13305417 33.16073683 -40.42410282 1.98439681e+01
76.78491909 33.29915310 -39.20030158 1.85383344e+01
76.81686418 33.43793696 -40.80114935 1.82735097e+01
76.84301849 33.37673219 -40.39087046 1.84359075e+01
76.76502614 33.56066968 -41.62610548 1.80082561e+01
77.07299143 33.08261570 -39.24867708 1.99686131e+01
76.91216752 33.36462379 -40.81384373 1.85429975e+01
77.00853167 33.29234923 -40.82508297 1.89263587e+01
76.95508504 33.41372297 -41.64796132 1.84794466e+01
77.21482340 33.02141343 -39.64109027 2.10036338e+01
77.10580587 33.22099764 -40.83435260 1.94517948e+01
76.69097500 33.37335381 -39.18111370 1.83925473e+01
76.65489454 33.52580787 -40.36401869 1.81220948e+01
77.01914143 33.16258733 -39.62100676 1.93930318e+01
77.13838377 32.83300552 -37.37823207 2.20657906e+01
77.11658310 33.09157770 -39.63174068 2.00792751e+01
77.03546488 33.23181155 -40.41432014 1.92184289e+01
76.56265677 33.60200550 -40.34813703 1.80940177e+01
76.62959611 33.58770583 -40.77468094 1.80003561e+01
76.42542093 33.47034267 -37.95054970 1.93326754e+01
76.54704062 33.53243501 -39.53797912 1.83663965e+01
76.36680104 33.68810837 -39.50301359 1.85736145e+01
76.35832256 33.82082940 -40.73280058 1.79466660e+01
76.27860783 33.76754241 -39.48547102 1.82850972e+01
76.29383891 33.83734430 -40.30443894 1.80340523e+01
76.32771260 33.68130320 -39.09951355 1.87207155e+01
76.45628540 33.60973384 -39.52084887 1.84448443e+01
76.51591921 33.39319745 -37.97506131 1.90118485e+01
76.41659305 33.60266121 -39.11829919 1.86510996e+01
76.67519617 33.30383967 -38.40363037 1.85719145e+01
76.59819963 33.44863173 -39.15790134 1.83978850e+01
76.49910372 33.28325989 -36.82049749 1.95705940e+01
76.40121481 33.53292780 -38.33067749 1.91305183e+01
76.58256440 33.37905199 -38.37766100 1.86748768e+01
76.56583394 33.26910579 -37.22286387 1.91066187e+01
76.38418839 33.42303162 -37.16393804 1.97936985e+01
76.33619259 33.54856457 -37.92194825 1.94352193e+01
76.76900570 33.22971295 -38.42940805 1.86729772e+01
76.84760029 33.04661856 -37.31459055 1.92801351e+01
77.05665253 33.01338150 -38.49012678 2.02079725e+01
77.06780822 32.84312062 -36.99202155 2.14438799e+01
77.08377871 32.95317310 -38.11961478 2.07293046e+01
77.15429248 32.94307186 -38.50542456 2.12104185e+01
76.98662772 33.02405048 -38.10004460 1.98492354e+01
77.04062522 32.90334479 -37.36218091 2.08045546e+01
77.56427194 32.49972638 -37.06561045 3.66708579e+01
77.43566136 32.62640890 -37.42053859 2.91117823e+01
76.92256142 33.23448264 -39.60536049 1.88908026e+01
76.89033916 33.09581495 -38.07845091 1.92322548e+01
77.31375970 32.95200899 -39.64867963 2.22030262e+01
77.28033856 32.81383580 -38.14308641 2.35303605e+01
77.35167628 32.80474688 -38.52489638 2.43112870e+01
77.26930817 32.94266802 -39.26755697 2.20562722e+01
76.97601007 33.15383519 -39.23308483 1.93026703e+01
76.95981543 33.08453402 -38.47067298 1.94791977e+01
77.56858377 32.73812115 -39.29120848 2.82155719e+01
77.86930282 32.30214438 -37.09202347 7.98322287e+01
77.75351818 32.53628526 -38.55630784 3.93397219e+01
77.94312017 32.29626545 -37.46540829 8.63750516e+01
77.57977751 32.61003813 -38.17565780 3.21863099e+01
77.53590041 32.55886891 -37.43167034 3.32488742e+01
77.45128295 32.73662133 -38.53621010 2.66200962e+01
77.63669890 32.49199693 -37.43989458 3.89922340e+01
77.55144711 32.66914868 -38.54365617 2.96688298e+01
77.68072827 32.54345217 -38.18171462 3.72883477e+01
77.66528863 32.43306443 -37.07307759 4.41789877e+01
77.74939698 32.29817478 -36.34741551 6.63566082e+01
77.78230285 32.47761988 -38.18958269 4.47091196e+01
77.85554527 32.47105401 -38.56543050 4.78615706e+01
78.30424786 32.16607006 -38.25534296 6.26400814e+01
78.36636037 32.05398891 -37.54165781 4.90976145e+01
78.19745700 32.22526269 -38.23558672 7.77249316e+01
78.25850689 32.11181660 -37.51884025 6.81861794e+01
77.98780191 32.34882638 -38.20488940 7.80535399e+01
78.04703496 32.23321416 -37.47910416 8.56525249e+01
78.09202653 32.28626840 -38.21767608 8.39667044e+01
78.18240766 32.11459549 -37.14072398 7.12605075e+01
78.38121355 32.16460627 -38.63405354 4.88440183e+01
78.50767631 31.94348316 -37.22035194 3.47990840e+01
78.50948102 32.17795360 -39.39004849 3.73371813e+01
78.82644063 31.95484949 -38.73540208 2.62992738e+01
78.29208683 32.29145641 -39.35130850 6.00954382e+01
78.41251137 32.10892607 -38.27698665 4.48761723e+01
78.40003438 32.23362818 -39.36984365 4.58771451e+01
78.49043253 32.10889774 -38.65638875 3.83414271e+01
78.18557418 32.35125101 -39.33540915 7.29895340e+01
78.27349741 32.22247064 -38.61409641 6.61095535e+01
78.02383305 32.48667457 -39.68935670 5.34954049e+01
78.16721448 32.28229665 -38.59559017 8.02191656e+01
77.97631818 32.47575457 -39.31430760 5.42922081e+01
78.06223769 32.34384033 -38.58069853 7.90958191e+01
77.87324996 32.53996505 -39.30801847 4.27732655e+01
77.95840200 32.40683828 -38.57184469 6.30771976e+01
77.46825048 32.80563639 -39.28499725 2.56098614e+01
77.65217824 32.60235089 -38.55141796 3.37333962e+01
77.47940480 32.67731497 -38.16592253 2.84485107e+01
77.41333056 32.88331781 -39.65750975 2.37635820e+01
77.40223852 33.01185729 -40.85320137 2.21571577e+01
77.66949779 32.67129550 -39.29649187 3.16341118e+01
77.60304593 32.87602143 -40.86210362 2.53998336e+01
77.77102666 32.60520888 -39.30128909 3.62023958e+01
77.63152833 32.81689437 -40.45314387 2.70029017e+01
77.81749710 32.61545652 -39.67715190 3.62652774e+01
77.73304122 32.75023870 -40.45592355 2.98223315e+01
77.92021404 32.55051099 -39.68318912 4.27680003e+01
77.80625056 32.74302687 -40.86851818 3.06126581e+01
77.93812714 32.61941919 -40.46483932 3.84269832e+01
78.36045354 32.37308525 -40.50360939 4.70409968e+01
78.37554106 32.48365272 -41.71875258 4.00858080e+01
78.16217411 32.60367473 -41.70083518 4.05676068e+01
78.05736580 32.66613217 -41.69775233 3.59254218e+01
78.56058289 32.19212988 -39.76607989 3.51010002e+01
78.46940209 32.31604197 -40.51938129 3.89810736e+01
78.32950482 32.42943120 -40.90335804 4.65309999e+01
78.26818440 32.54276579 -41.70772346 4.34956852e+01
78.25297155 32.43217697 -40.48940311 5.51804832e+01
78.23780464 32.59974314 -42.11357427 3.94784523e+01
78.57983723 32.26118084 -40.53674830 3.37983460e+01
78.56264674 32.42647326 -42.14514731 3.23271202e+01
78.22253334 32.48916368 -40.89082965 5.13277146e+01
78.14685696 32.49309764 -40.47813461 5.39730655e+01
78.34465835 32.54000078 -42.12169145 3.83400409e+01
78.25314049 32.71029602 -43.34602892 3.10653155e+01
77.92439603 32.78821987 -42.10529344 2.94723211e+01
77.96913136 32.84034677 -42.93067328 2.76213795e+01
78.59460703 32.37158602 -41.74556831 3.22503234e+01
78.46800367 32.59268635 -43.35592739 3.08323338e+01
77.73565997 33.02971709 -43.34119860 2.28313286e+01
77.95359901 32.72989575 -41.69554969 3.21211600e+01
77.74863649 32.86056955 -41.68860121 2.66072470e+01
77.53394323 33.16389307 -43.33716731 2.08688933e+01
77.76428930 32.97087579 -42.92720998 2.40613654e+01
78.02782771 32.72409110 -42.10848830 3.24260272e+01
77.86632651 32.90514647 -42.92714823 2.56813365e+01
77.93996927 32.89863948 -43.34202699 2.56580708e+01
77.85073276 32.79476575 -41.69077870 2.90605474e+01
77.54634215 32.99445345 -41.68204745 2.30625766e+01
77.70433462 32.80914746 -40.86550550 2.76923483e+01
77.53061889 32.88426893 -40.44829729 2.48032468e+01
77.90888294 32.67777478 -40.87274398 3.43934302e+01
77.83519800 32.68435992 -40.46022721 3.34819843e+01
77.50235757 32.94360637 -40.85792933 2.35893682e+01
77.51812323 33.05376148 -42.09478604 2.21306088e+01
77.43028904 32.95232476 -40.44440654 2.30777352e+01
77.44608827 33.06244688 -41.67946276 2.17987681e+01
77.33054626 33.02105706 -40.43780808 2.17229213e+01
77.24743823 33.20054540 -41.67292344 1.99794294e+01
76.93873960 33.30377381 -40.40404524 1.87589827e+01
76.85950175 33.48666582 -41.63775758 1.82073314e+01
76.39937046 33.86766533 -41.57810859 1.76354404e+01
76.53787304 33.66430547 -40.75905224 1.79519571e+01
76.92857332 33.47456036 -42.06159628 1.82909079e+01
77.21993516 33.26051067 -42.08538364 1.95583166e+01
76.66331347 33.80747093 -43.29645076 1.75037011e+01
76.64643296 33.69759804 -42.03126570 1.77380707e+01
76.83341068 33.54785982 -42.05133390 1.80546746e+01
76.87603089 33.59657908 -42.89183769 1.79797533e+01
76.41662188 33.97747921 -42.85101089 1.71927362e+01
76.48883981 33.78924379 -41.58892560 1.76867721e+01
76.78169942 33.67057077 -42.88439061 1.77921857e+01
76.85000284 33.65776239 -43.31042692 1.78320467e+01
76.59653954 33.82175665 -42.86940822 1.74951259e+01
76.55485668 33.77417738 -42.02062164 1.76230323e+01
77.06794397 33.45172733 -42.90680259 1.85227510e+01
77.31867948 33.19086638 -42.08837244 2.02350021e+01
77.16529121 33.38070106 -42.91220403 1.89067933e+01
77.34643170 33.13112588 -41.67491721 2.07847824e+01
77.23602141 33.37049544 -43.33238433 1.90363999e+01
77.41808246 33.12195260 -42.08979048 2.10816835e+01
77.26347306 33.31054979 -42.91760493 1.93915353e+01
77.33466548 33.30089023 -43.33462190 1.95300051e+01
77.15464443 33.51006191 -44.16415848 1.84109113e+01
77.56212005 33.10461434 -42.92211691 2.16245412e+01
77.04112737 33.51223745 -43.32243764 1.83090635e+01
77.05746681 33.58143727 -44.16096014 1.81334932e+01
77.19840589 33.51890159 -44.58197765 1.83842206e+01
76.94502587 33.58447618 -43.31617136 1.80455130e+01
77.00398147 33.66211636 -44.57877930 1.78920815e+01
76.86604847 33.72710331 -44.15598129 1.76974343e+01
76.96121054 33.65373986 -44.15692189 1.78988561e+01
76.57188300 33.88403048 -43.29048063 1.73506791e+01
76.40827416 34.11016921 -44.13922554 1.68267015e+01
76.48175983 33.96170873 -43.28525763 1.71897648e+01
76.35916149 34.19645091 -44.56754056 1.66191695e+01
76.44747066 34.11685910 -44.57168498 1.68267463e+01
76.49725860 34.03135764 -44.14370001 1.70235215e+01
76.58751135 33.95359824 -44.14415989 1.71955855e+01
76.72013542 33.88450622 -44.57336329 1.73447197e+01
76.62790739 33.96081242 -44.57214486 1.71809415e+01
77.25266585 33.43956240 -44.16530220 1.87444942e+01
77.29691007 33.44863343 -44.58332456 1.86928107e+01
77.39613702 33.37914681 -44.58409910 1.90524508e+01
77.49605315 33.31042541 -44.58411670 1.94744752e+01
77.43397933 33.23202487 -43.33476807 2.01335960e+01
77.59659133 33.24241357 -44.58355541 1.99656605e+01
77.55109988 33.23281273 -44.16767211 2.01750069e+01
77.65182784 33.16532037 -44.16843659 2.08402210e+01
78.07282973 32.77664333 -42.93334850 2.98569558e+01
77.85518115 33.03257778 -44.16962294 2.25605539e+01
77.83745833 32.96374761 -43.34051550 2.41192375e+01
77.75318672 33.09856887 -44.16968155 2.16306425e+01
77.35147789 33.36990520 -44.16742366 1.91401363e+01
77.45095466 33.30098291 -44.16821581 1.96117133e+01
78.00517566 32.97797863 -44.58577133 2.28866119e+01
78.17755470 32.71422550 -42.93274960 3.22073056e+01
78.32082796 32.79101073 -44.58660941 2.56743232e+01
78.28346210 32.65332804 -42.93571547 3.40617397e+01
78.16603513 32.84054204 -44.17233498 2.61782903e+01
78.14767681 32.77172077 -43.34566507 2.93583442e+01
78.35987781 32.65054360 -43.35000610 3.16648315e+01
78.27172060 32.77912813 -44.17239483 2.73210261e+01
78.48703439 32.66155294 -44.17749119 2.75692777e+01
78.57756668 32.53688194 -43.36296459 2.92619311e+01
78.59681790 32.60576145 -44.18107057 2.66991195e+01
78.21447392 32.85188123 -44.58578543 2.48687154e+01
78.06147589 32.90339062 -44.17232088 2.48806123e+01
78.64813636 32.61972297 -44.59150410 2.50398251e+01
78.10930870 32.91428249 -44.58654955 2.38740177e+01
78.75999619 32.56671631 -44.59591127 2.42871816e+01
79.17632848 32.23326362 -43.01260696 2.31072965e+01
79.16270644 32.35386707 -44.20411846 2.26802850e+01
79.21647013 32.36996238 -44.60308452 2.23020121e+01
79.63465525 32.04390733 -43.04283626 2.20691839e+01
79.78853709 32.12857153 -44.60969982 2.21251668e+01
80.01349676 32.02631296 -44.60908592 1.37553290e+01
79.73479461 32.11432844 -44.21901749 2.20844139e+01
79.44637939 32.27495603 -44.60654608 2.20301444e+01
79.37225582 32.19130709 -43.42145350 2.23391695e+01
79.56094282 32.22692574 -44.60809844 2.20111199e+01
79.27757958 32.30654510 -44.20806774 2.23609278e+01
79.39241327 32.25925285 -44.21152929 2.21657459e+01
78.70798454 32.55205030 -44.18741537 2.56379497e+01
79.04803344 32.40163270 -44.20045234 2.31535611e+01
79.14266096 32.28540073 -43.40697300 2.31379095e+01
79.10153989 32.41765526 -44.60103394 2.25958644e+01
78.94722300 32.32862254 -42.99252962 2.48092025e+01
78.98696004 32.46604426 -44.59941840 2.30239619e+01
78.82039402 32.50031122 -44.19380532 2.46398530e+01
78.93383274 32.45029654 -44.19731244 2.38030306e+01
79.02808854 32.33298502 -43.39912723 2.38371751e+01
79.04758714 32.17097798 -41.80836378 2.41407261e+01
79.12881924 32.17603539 -42.21479420 2.34401910e+01
79.06156858 32.28053832 -43.00256337 2.38174982e+01
78.91402129 32.38152539 -43.39174877 2.47952541e+01
79.01400386 32.22334379 -42.20176692 2.43473051e+01
78.67378799 32.37289667 -42.15872551 2.95392712e+01
78.60944532 32.48196469 -42.95916648 2.98321493e+01
78.80476582 32.15785746 -40.57611813 2.74068371e+01
78.78621052 32.32136336 -42.17384683 2.73220637e+01
78.99998915 32.11367697 -41.00650891 2.45137897e+01
78.93300577 32.21880377 -41.79345676 2.53631883e+01
79.73559499 31.88697704 -41.87372724 2.20221520e+01
80.14974932 31.50549156 -39.92824807 1.36539997e+01
79.46072035 31.92702144 -41.06605248 2.20852526e+01
79.47373760 32.03552563 -42.24859786 2.21650363e+01
79.82756395 31.99764130 -43.44032483 1.74846460e+01
79.81511318 31.88978459 -42.26670323 1.70513750e+01
79.74813745 31.99492946 -43.04701941 2.20794398e+01
79.70196773 31.93935879 -42.26305566 2.20301523e+01
79.52058969 32.09199407 -43.03730944 2.21399337e+01
79.58813557 31.98787900 -42.25586696 2.20492762e+01
79.71459739 32.04736020 -43.43647446 2.20766486e+01
79.62117124 32.16339299 -44.21741611 2.20471217e+01
79.84778298 32.06431216 -44.22046221 1.75404123e+01
79.96004270 32.01321697 -44.21984830 1.36214674e+01
79.60098121 32.09609524 -43.43347774 2.20773488e+01
79.50700304 32.21163572 -44.21464452 2.20684313e+01
80.72154679 31.39463916 -41.74458400 1.49305779e+01
80.41285790 31.67750532 -43.01760388 1.43564284e+01
80.40021192 31.56855390 -41.82478890 1.42713862e+01
80.27177276 31.78761584 -43.42629456 1.41021553e+01
80.30406481 31.73316804 -43.02940307 1.41347800e+01
80.61504914 31.45335631 -41.77485131 1.47178475e+01
80.25938879 31.67928038 -42.24462086 1.39980117e+01
80.08411712 31.84132016 -43.04359171 1.37114321e+01
80.29165003 31.62469411 -41.84443096 1.40419790e+01
80.19449741 31.78780096 -43.03793517 1.39177837e+01
80.52095169 31.62094264 -43.00222961 1.45775076e+01
80.62842618 31.56360915 -42.98615880 1.47956336e+01
80.03898069 31.78700691 -42.26165365 1.35677858e+01
80.17001161 31.57152200 -40.67661910 1.37318031e+01
80.81333291 31.22358068 -40.47838304 1.50673414e+01
80.69066120 31.45120511 -42.16111306 1.48851071e+01
80.88843276 31.22090071 -40.86354684 1.52208792e+01
80.82762821 31.33545424 -41.71326217 1.51362981e+01
80.93345952 31.27602421 -41.68116107 1.53362457e+01
81.09935677 31.10107572 -40.79135833 1.56123175e+01
81.13071242 31.32908713 -43.31699356 1.58033355e+01
81.76017844 30.87551422 -42.01224230 1.72621759e+01
80.94833977 31.38871879 -42.92690982 1.54251320e+01
81.00903379 31.27413705 -42.07843001 1.54982249e+01
80.79703010 31.39242200 -42.13383464 1.50943512e+01
80.70436854 31.56196355 -43.37949064 1.49726370e+01
81.69828290 30.98857086 -42.85966381 1.70367828e+01
81.90166808 30.76710185 -41.60677092 1.78645281e+01
81.31699559 31.35171807 -44.57420650 1.62786477e+01
81.16092939 31.27163133 -42.89024082 1.58343908e+01
80.94083795 31.51340281 -44.17157825 1.54963401e+01
81.02427008 31.38737110 -43.33144695 1.55974386e+01
80.88748437 31.58222574 -44.58773401 1.54333230e+01
80.91782509 31.44573700 -43.34713950 1.53918271e+01
80.83373493 31.57123957 -44.17988601 1.52864235e+01
80.81123601 31.50399500 -43.36322723 1.51838777e+01
80.56371485 31.75377368 -44.59910605 1.47930068e+01
80.59709718 31.61946926 -43.39380363 1.47579047e+01
80.45492459 31.80992401 -44.60287694 1.45775198e+01
80.48929911 31.67633681 -43.40628638 1.45399875e+01
80.40176580 31.79855408 -44.20796838 1.44271422e+01
80.38088366 31.73242835 -43.41839194 1.43202573e+01
80.07157985 31.96108152 -44.21763925 1.38040789e+01
80.18235330 31.90786937 -44.21586838 1.40027028e+01
80.34557518 31.86536779 -44.60509144 1.43630197e+01
80.23558069 31.91996609 -44.60731505 1.41520659e+01
80.61867554 31.68600727 -44.19498347 1.48601844e+01
80.77989300 31.63977819 -44.59215200 1.52212579e+01
80.67200427 31.69700962 -44.59587741 1.50079475e+01
81.04780982 31.45547416 -44.16394261 1.57046622e+01
81.10218715 31.46672570 -44.58009836 1.58537984e+01
81.20951780 31.40907733 -44.57685750 1.60647595e+01
81.64124336 31.18271241 -44.57173924 1.69555591e+01
81.99655331 30.88632723 -43.30927060 1.79142473e+01
81.42471807 31.29478539 -44.57222896 1.64967054e+01
81.58483429 31.17013060 -44.14298173 1.67987121e+01
82.02832884 30.83108928 -42.89088565 1.80921971e+01
81.23729692 31.27108089 -43.30440963 1.60126901e+01
81.15476958 31.39761509 -44.15695586 1.59135326e+01
81.69342550 31.11501008 -44.14403602 1.70465157e+01
82.81453548 30.62576703 -44.20330628 1.93264096e+01
81.48174039 31.09926946 -42.85912611 1.65009825e+01
81.36915231 31.28279079 -44.14643546 1.63408662e+01
81.80258267 31.06081428 -44.14591141 1.73113706e+01
82.21945789 30.78644589 -43.33512993 1.85936284e+01
81.96997016 31.02107207 -44.57712178 1.77316420e+01
82.25199470 30.73244908 -42.92520034 1.88004373e+01
81.91234544 31.00762561 -44.15073641 1.75952212e+01
82.69957729 30.66918826 -44.19735544 1.91585328e+01
82.08081806 30.96933959 -44.57945363 1.80130782e+01
82.13392319 30.90474651 -44.16164825 1.81999799e+01
81.85980150 31.07396240 -44.57361463 1.74593294e+01
82.19232708 30.91876802 -44.58219462 1.82895300e+01
82.30450627 30.86940814 -44.58643784 1.85409223e+01
82.99086038 30.59935293 -44.60647590 1.96655308e+01
82.87510617 30.64147879 -44.60296008 1.94601653e+01
82.75982379 30.68466220 -44.60034620 1.92694129e+01
83.25218770 30.39627268 -43.44692290 2.00804693e+01
83.36892312 30.35751684 -43.45469852 2.03392959e+01
83.51251383 30.38453490 -44.23174624 1.64798093e+01
83.45748687 30.43955769 -44.61530425 2.06043573e+01
83.13569723 30.43568110 -43.43709520 1.98398341e+01
83.22358134 30.51795344 -44.61076187 2.01153640e+01
82.92997020 30.58340349 -44.20943597 1.95150212e+01
83.04585195 30.54206610 -44.21532550 1.97224596e+01
82.59258004 30.59420210 -42.97847152 1.90477262e+01
82.70730304 30.55057682 -42.99420248 1.91423383e+01
82.64507069 30.72898387 -44.59700924 1.90936317e+01
82.58518288 30.71380545 -44.18995368 1.90104486e+01
82.55893501 30.64623741 -43.37766914 1.90066210e+01
82.41738914 30.82135503 -44.58991429 1.87497727e+01
82.33195515 30.73842435 -43.34861716 1.88079242e+01
82.24572215 30.85509777 -44.16863245 1.84804751e+01
82.53092440 30.77455820 -44.59294444 1.89258361e+01
82.35821501 30.80672751 -44.17635213 1.87030645e+01
82.47139220 30.75965873 -44.18285873 1.88681300e+01
82.47843077 30.63903794 -42.95989028 1.89937903e+01
83.00768154 30.36671315 -42.24941174 1.95370023e+01
82.54553447 30.53456630 -42.16242159 1.90372528e+01
82.93821670 30.46658722 -43.02636155 1.94543055e+01
83.12419623 30.32707416 -42.26792478 1.97660191e+01
83.16211097 30.50163225 -44.21961148 1.99461778e+01
83.34041222 30.47843111 -44.61340385 2.03553757e+01
83.27867017 30.46195552 -44.22416572 2.01836467e+01
83.39549784 30.42297974 -44.22870810 2.04329975e+01
83.28736635 30.34728126 -43.06215145 2.01404788e+01
83.70963732 30.13694027 -42.32386279 1.64872492e+01
83.40425254 30.30884122 -43.07147243 2.04108303e+01
83.60288721 30.28144575 -43.46685800 1.62179227e+01
83.15929264 30.27787040 -41.88414799 1.98317769e+01
83.05429390 30.42604658 -43.03868305 1.96596965e+01
82.78825766 30.55889539 -43.40341574 1.92495124e+01
82.89149913 30.40717945 -42.23054446 1.93401914e+01
82.82253726 30.50807275 -43.01060547 1.92793728e+01
82.90366720 30.51687316 -43.41697190 1.94193132e+01
82.67332230 30.60197860 -43.39110226 1.91109928e+01
82.66036029 30.49099998 -42.18566377 1.90763943e+01
82.64741142 30.38002662 -40.98538635 1.90327327e+01
82.57933425 30.48276592 -41.76651361 1.90537868e+01
82.44513413 30.69171055 -43.36208911 1.89212806e+01
82.43127539 30.57933379 -42.13855423 1.90749968e+01
82.23736551 30.61891668 -41.68114903 1.95164204e+01
82.30333114 30.51226699 -40.88008229 1.98443056e+01
81.98088272 30.77140700 -42.04232324 1.81242226e+01
82.10967320 30.55276420 -40.40595146 2.03075051e+01
81.46516601 30.98358516 -41.57483228 1.64231057e+01
81.91277645 30.51725902 -39.18993023 1.93708039e+01
81.79134294 30.81926713 -41.59045611 1.74067309e+01
81.88580971 30.65185987 -40.34638023 1.82089601e+01
81.80756936 30.93485471 -42.86758307 1.73506763e+01
82.01280865 30.71633750 -41.62989850 1.84236227e+01
82.13980978 30.78112663 -42.90742892 1.84852528e+01
82.09240671 30.72138547 -42.06550475 1.86432026e+01
81.77651008 30.99118545 -43.29088210 1.72489350e+01
81.87013480 30.82278937 -42.02487744 1.76587150e+01
82.10765752 30.83576100 -43.32038507 1.82732635e+01
82.02278960 30.95558803 -44.15657541 1.78954113e+01
81.37437904 31.15605114 -42.86524419 1.62658130e+01
81.26184146 31.33999521 -44.15106400 1.61245744e+01
81.54256070 30.98470537 -42.00006073 1.66269647e+01
81.45141975 31.15663442 -43.28840759 1.64559528e+01
81.32777601 31.09833471 -42.01584637 1.61279654e+01
81.34416416 31.21354608 -43.29451456 1.62288642e+01
81.68182593 30.87277644 -41.57866091 1.70263208e+01
81.66751640 31.04532469 -43.28643235 1.69606922e+01
81.65098938 30.92950243 -42.00278338 1.69226846e+01
81.58968043 31.04339545 -42.85708304 1.67562793e+01
81.22120111 31.15640978 -42.03161193 1.59083262e+01
81.26747613 31.21355524 -42.87563123 1.60455795e+01
81.43485849 31.04104184 -42.00505150 1.63649295e+01
81.52600302 30.86889735 -40.72281647 1.65816836e+01
81.25128624 31.09868409 -41.60109744 1.59480077e+01
81.34153839 30.92532012 -40.31401432 1.60951685e+01
81.35793499 31.04069027 -41.58493516 1.61747717e+01
81.41834523 30.92543967 -40.72733276 1.62945975e+01
81.57310341 30.92756607 -41.57252961 1.67033560e+01
81.66541885 30.75697047 -40.30828145 1.70566879e+01
81.53090219 30.74192000 -39.49918254 1.66090022e+01
81.74389669 30.75983109 -40.73827262 1.73349362e+01
81.20515374 31.04172922 -40.76327280 1.58191764e+01
81.21062880 30.91478641 -39.54035912 1.57731606e+01
81.44863981 30.86789102 -40.30284807 1.63629569e+01
81.63950473 30.68709589 -39.50585512 1.70178476e+01
81.55657564 30.81172596 -40.30129289 1.66768690e+01
81.63451226 30.81366882 -40.72688355 1.69213391e+01
81.58291192 30.67399190 -39.12234687 1.68270305e+01
82.03069260 30.34461931 -38.12265833 1.98304914e+01
82.42473955 30.34655984 -39.74602218 1.93340673e+01
82.18990086 30.55893544 -40.84330125 2.02357568e+01
82.31026538 30.39083129 -39.70197395 2.03291983e+01
82.07719795 30.60700109 -40.81180466 1.96038203e+01
82.47949438 30.28687817 -39.40528685 1.90880439e+01
82.33659137 30.45940611 -40.48286815 1.98390997e+01
82.25067384 30.37477894 -39.31356151 2.09347599e+01
81.99733319 30.60157563 -40.37500164 1.92879877e+01
82.88774198 30.18085726 -39.90813842 1.92470865e+01
82.53215293 30.42289790 -40.94976409 1.90532219e+01
82.53978067 30.30350740 -39.78989041 1.90146387e+01
82.45106089 30.41475764 -40.52063327 1.92069522e+01
81.77516604 30.70366765 -40.32329760 1.75398753e+01
81.85414522 30.70741626 -40.75737456 1.78666474e+01
82.79770881 30.28787928 -40.63064978 1.91430350e+01
82.69448531 30.43982529 -41.79454404 1.90954626e+01
82.91412446 30.24760906 -40.66306834 1.93182236e+01
82.81012000 30.39797213 -41.82082183 1.92111894e+01
82.99586291 30.25760137 -41.07459309 1.94797510e+01
82.92616974 30.35709358 -41.84258683 1.93799584e+01
83.03087351 30.20817633 -40.69229254 1.95424571e+01
83.04258464 30.31710647 -41.86474589 1.95888377e+01
83.22974948 30.17997829 -41.11987797 2.00053259e+01
83.27623591 30.23926986 -41.89963328 2.01019788e+01
83.34698966 30.14200428 -41.13910485 2.03199754e+01
83.39336438 30.20119912 -41.91531687 2.04018250e+01
83.14788409 30.16943587 -40.71721980 1.98049140e+01
83.64553347 29.89987284 -39.70835957 1.68223147e+01
83.26509896 30.13126892 -40.74013677 2.01057663e+01
83.81670612 29.99293273 -41.18411739 1.70560181e+01
83.47322973 29.99083897 -40.03819247 1.60435924e+01
83.41980172 29.85983640 -38.65944963 1.61270406e+01
83.49993046 30.05618833 -40.77556858 1.65286910e+01
83.70805122 29.91702765 -40.06418854 1.69725225e+01
83.17672322 30.04802269 -39.63200576 1.99281391e+01
82.59473714 30.24474247 -39.45088413 1.89367117e+01
83.00444950 30.14174883 -39.94286638 1.94802412e+01
82.87933423 30.29749461 -41.04639623 1.92730357e+01
82.94304439 30.12442604 -39.57023701 1.93488318e+01
82.76316501 30.33827095 -41.01711775 1.91179031e+01
82.77135814 30.22078839 -39.87179506 1.90699010e+01
82.68167875 30.32907964 -40.59741071 1.90353643e+01
82.71046484 30.20372178 -39.49362696 1.89820934e+01
82.71852603 30.08605698 -38.44157551 1.89406561e+01
82.08337127 30.48353282 -39.61552113 2.08520082e+01
82.56833422 30.17682073 -38.72780522 1.88831358e+01
82.83486659 30.04685098 -38.48912483 1.91335378e+01
82.80016031 30.09648107 -38.82084487 1.90703058e+01
82.82266524 29.93711487 -37.45199388 1.91631267e+01
82.90461173 29.94825392 -37.83177028 1.93428256e+01
82.82658891 30.16365588 -39.53261159 1.91325132e+01
82.95150476 30.00842332 -38.53445674 1.93963779e+01
83.13881106 29.87353139 -37.91891765 2.00749546e+01
83.03328480 30.01944491 -38.90278206 1.95847071e+01
83.26721259 29.94468866 -38.96342446 2.03004512e+01
83.18541594 29.93335610 -38.60638053 2.00775623e+01
83.06838062 29.97064982 -38.57308966 1.97122427e+01
83.05978256 30.08593895 -39.60394483 1.96176338e+01
82.70596036 29.97568819 -37.39793572 1.89121668e+01
82.48699192 30.16728474 -38.33899277 1.89666111e+01
82.91658573 30.05759863 -38.86299014 1.92978577e+01
83.05682186 29.86201866 -37.55245310 1.98643865e+01
82.55523801 30.06554569 -37.66734471 1.87816727e+01
82.45309620 30.21858131 -38.67746811 1.91029986e+01
82.24324763 30.13997015 -37.14220959 1.96502918e+01
82.37195423 30.20958520 -38.28319932 1.97099084e+01
82.20988371 30.19236473 -37.48187930 1.96829717e+01
82.43957699 30.10659694 -37.60781475 1.89708548e+01
82.25749001 30.25313957 -38.22738661 2.06446032e+01
82.33838221 30.26151438 -38.62473496 2.01656353e+01
81.54084725 30.48830046 -37.22849797 1.68904806e+01
81.75975177 30.38242738 -37.27450465 1.87653628e+01
82.09605824 30.23740354 -37.42278840 1.79036881e+01
82.11090175 30.35146920 -38.52429430 2.03010075e+01
81.98302253 30.28401177 -37.36722972 1.84197025e+01
82.22428546 30.30576499 -38.57397829 2.08576852e+01
81.88653070 30.44748213 -38.43529712 1.95298046e+01
81.99828770 30.39867693 -38.47605573 2.03154474e+01
81.91850486 30.39269812 -38.07504993 1.98210213e+01
81.97106338 30.53206689 -39.57959579 1.97703169e+01
82.14371136 30.29812229 -38.17473130 1.95192226e+01
82.13726755 30.42079081 -39.26724434 2.11471456e+01
81.80726019 30.44248603 -38.03715211 1.88605537e+01
81.85961066 30.58214777 -39.54836446 1.83848323e+01
81.77573350 30.49799249 -38.40172037 1.82895399e+01
81.80185120 30.56787338 -39.15829961 1.81068305e+01
81.69704333 30.49405029 -38.00687698 1.77044694e+01
81.69188761 30.62012567 -39.13478711 1.73408843e+01
81.26194010 30.84473780 -39.14956094 1.58686979e+01
81.47989361 30.60251359 -37.98280445 1.65018337e+01
81.15661794 30.90410877 -39.18024569 1.56464569e+01
81.26717127 30.71769435 -38.01471651 1.58539887e+01
81.34307300 30.71714350 -38.37587080 1.60555223e+01
81.32674721 30.60163647 -37.24269517 1.60225402e+01
81.43320411 30.54408604 -37.22715711 1.63865009e+01
81.55723229 30.60418762 -38.36287779 1.67919324e+01
81.16221888 30.77731448 -38.04976934 1.56191608e+01
81.22136356 30.66073002 -37.27296016 1.57395281e+01
81.37301855 30.65935185 -37.99218870 1.61406589e+01
81.44962308 30.65987202 -38.36317823 1.63785989e+01
81.58790222 30.54738972 -37.98760385 1.69873613e+01
81.66595176 30.55022767 -38.37600492 1.73712418e+01
81.01903369 30.65568130 -36.24210998 1.53246502e+01
79.99944067 31.42691296 -38.55096649 1.32452085e+01
80.85057782 30.96081076 -38.20902432 1.50759256e+01
80.90977320 30.84441946 -37.43366012 1.51600910e+01
80.64275132 31.08346775 -38.32874083 1.47290171e+01
80.83612329 30.84836454 -37.11248104 1.50529212e+01
80.40122991 31.25924500 -38.79750831 1.42286571e+01
80.32590472 31.26146592 -38.47552867 1.40659490e+01
79.69076352 31.33985428 -36.49781218 1.23494139e+01
79.73044427 31.47359631 -37.87097536 1.78663611e+01
80.28202000 31.20808377 -37.79125518 1.39989938e+01
80.20617671 31.20976055 -37.46922301 1.38283347e+01
79.85510682 31.53174243 -38.89964806 1.29302960e+01
80.06491170 31.31936097 -37.84971051 1.34261435e+01
80.49440455 31.09059260 -37.69488797 1.44785461e+01
80.38876012 31.15002919 -37.74804047 1.42528399e+01
79.92839000 31.61171708 -39.94884740 1.31745202e+01
79.88833901 31.47882212 -38.55784511 1.29748504e+01
80.09700438 31.49353745 -39.58079028 1.35190686e+01
80.07689127 31.42742083 -38.88368565 1.34477102e+01
80.63370725 31.20701659 -39.41535327 1.47012631e+01
80.61235956 31.14056218 -38.70454600 1.46644067e+01
80.82080804 31.01873927 -38.59278704 1.50303131e+01
80.74685542 31.02233911 -38.26902663 1.49082677e+01
81.11690206 30.72111718 -37.31614619 1.55128004e+01
80.92460123 30.95740441 -38.53687325 1.52016928e+01
81.04250719 30.72392222 -36.97959138 1.53676283e+01
81.01313270 30.78247088 -37.37091800 1.53244659e+01
80.94744646 31.02501709 -39.26412102 1.52634512e+01
81.05186539 30.96430747 -39.21916488 1.54470101e+01
80.68588679 31.21671120 -39.75571247 1.48118665e+01
80.71680962 31.07989664 -38.64927786 1.48542616e+01
80.58032137 31.27654653 -39.80161157 1.46022659e+01
80.67702303 31.34042783 -40.94232712 1.48208687e+01
80.89571500 31.09560406 -39.65750949 1.51921540e+01
80.78288889 31.28083251 -40.90342511 1.50251764e+01
80.79094811 31.15630554 -39.70642840 1.50040092e+01
80.70776684 31.28358895 -40.52174070 1.48711993e+01
80.47405630 31.33554477 -39.84266215 1.43845533e+01
80.57065518 31.39944540 -40.97855232 1.46080528e+01
80.49508397 31.40181833 -40.59971234 1.44422005e+01
80.50798107 31.51139173 -41.80268699 1.44980863e+01
80.18221821 31.67967421 -41.85818442 1.38144834e+01
80.24707864 31.57091985 -41.05934756 1.39171896e+01
79.91521112 31.73118385 -41.08883952 1.32527406e+01
79.92746546 31.83901174 -42.26408542 1.33818794e+01
80.36693931 31.39348246 -39.87886715 1.41508540e+01
80.46361933 31.45765304 -41.01133745 1.43851284e+01
80.27930916 31.51619519 -40.65681716 1.39719371e+01
80.35579221 31.51486460 -41.03826436 1.41534529e+01
80.03958940 31.55935138 -39.94264551 1.34062334e+01
80.13741280 31.62568991 -41.07526605 1.36827327e+01
79.94844770 31.67803141 -40.69556593 1.32752407e+01
80.02678918 31.67912454 -41.08439584 1.34564501e+01
80.42187610 31.32528630 -39.50111759 1.42683035e+01
80.50722967 31.20043422 -38.75426248 1.44588580e+01
80.18612379 31.37287431 -38.86244655 1.37178734e+01
80.10941799 31.37336494 -38.53256894 1.35255496e+01
79.35966894 31.85410348 -39.91022675 2.21467836e+01
79.62936021 31.63003762 -38.88961373 2.17029623e+01
79.49469591 31.87517829 -40.67548612 2.19970641e+01
79.72311976 31.77899956 -40.69506572 2.19388740e+01
79.42069408 31.79158676 -39.56297604 2.19101758e+01
79.26433986 31.96836417 -40.64780182 2.25998090e+01
79.70311329 31.71213156 -39.94637881 2.18706568e+01
79.80273020 31.78190257 -41.08975188 1.72889663e+01
79.60922711 31.82759045 -40.68693746 2.19187560e+01
79.68940528 31.83133221 -41.08624549 2.19536771e+01
79.83622294 31.72918229 -40.69678054 1.49722499e+01
79.84853351 31.83704297 -41.87390765 1.32304752e+01
79.37967004 31.92199359 -40.66302055 2.22102002e+01
79.39283072 32.03069741 -41.84739857 2.23181703e+01
79.14892681 32.01468477 -40.63124996 2.32251215e+01
79.16259300 32.12398674 -41.82207262 2.32778503e+01
78.65912001 32.26259263 -40.95165493 3.08138122e+01
78.70625943 32.31876013 -41.76172551 2.93127757e+01
79.01381706 31.99268355 -39.85452506 2.42271103e+01
78.77174506 32.21123348 -40.97066047 2.80117979e+01
78.78514970 32.08887407 -39.80906532 2.77745344e+01
78.69168005 32.20850074 -40.55668765 3.00792049e+01
79.07523722 31.92945517 -39.50715647 2.34476465e+01
78.91885846 32.10895942 -40.59546317 2.55047344e+01
79.19042328 31.88346222 -39.52779336 2.26759892e+01
79.31967526 31.71792569 -38.50252533 2.18686308e+01
79.12899460 31.94620131 -39.87474809 2.32226525e+01
79.03367546 32.06139232 -40.61376538 2.41598303e+01
78.73266176 32.07321510 -39.43416290 2.86802372e+01
78.85972866 31.90215678 -38.39110229 2.55002837e+01
78.84606919 32.02386391 -39.45802274 2.62747078e+01
78.94059093 31.90718542 -38.76552837 2.45450347e+01
78.62039858 32.12450658 -39.41154175 3.21556148e+01
78.74608167 31.95079201 -38.35910357 2.77307054e+01
78.96035798 31.97609513 -39.48333625 2.46037915e+01
79.08919221 31.80893103 -38.45534176 2.29362615e+01
79.30565432 31.83764883 -39.54644873 2.21842215e+01
79.43466766 31.67211491 -38.52253526 2.16719238e+01
79.74267782 31.58158730 -38.89840017 1.78446382e+01
79.64937701 31.69726854 -39.58810725 2.17953215e+01
79.77619456 31.52915612 -38.55768784 1.31632807e+01
79.76269250 31.64848066 -39.59501995 1.61627377e+01
79.40067674 31.72365772 -38.86063227 2.17927494e+01
79.50265782 31.56892216 -37.84720706 2.15004095e+01
79.28565999 31.76940295 -38.84109107 2.20651698e+01
79.38778766 31.61499779 -37.82746718 2.15412117e+01
79.54920151 31.62557405 -38.53866814 2.16257279e+01
79.61693422 31.52187933 -37.86307955 2.15763497e+01
79.20443801 31.76338707 -38.47988159 2.22668861e+01
79.27252197 31.66044882 -37.80405001 2.17422985e+01
78.97419588 31.85502565 -38.42555032 2.39693224e+01
79.04173000 31.75116623 -37.74772936 2.28645374e+01
78.71320291 32.00415018 -38.70682180 2.88284822e+01
78.92671897 31.79737303 -37.71333548 2.39637705e+01
78.63352891 32.00132083 -38.32886513 3.10172783e+01
78.81234089 31.84479703 -37.67381322 2.56090459e+01
78.73185995 31.84059109 -37.29568094 2.68494542e+01
78.47573859 31.99835737 -37.56918510 3.74344968e+01
78.54820843 31.80658530 -36.17243755 3.07813223e+01
78.22142411 31.97360552 -36.06591291 5.63784952e+01
78.84572659 31.79217300 -37.33602445 2.47703809e+01
78.77324467 31.70652998 -36.26164029 2.48260504e+01
79.07566222 31.69947478 -37.40903213 2.24411977e+01
79.55734848 31.31997675 -35.79641961 2.12954485e+01
79.19115568 31.65422554 -37.43970640 2.18666655e+01
79.51679508 31.44984834 -36.82173821 2.13403751e+01
79.30664323 31.60906386 -37.46708888 2.15527552e+01
79.57721856 31.38742043 -36.48733414 2.13842997e+01
79.42188244 31.56354166 -37.49031736 2.14331651e+01
79.63092190 31.40285340 -36.83598479 2.15027995e+01
79.53665195 31.51726083 -37.50996668 2.14560478e+01
79.80335390 31.29074501 -36.50325613 1.26836136e+01
79.65076291 31.46990262 -37.52350173 2.15848533e+01
79.85648512 31.30451567 -36.84542587 1.28380054e+01
79.47705809 31.31458597 -35.43895775 2.10907354e+01
79.40201380 31.49576113 -36.80002370 2.12830738e+01
79.21293264 31.45537955 -35.72050288 2.10826121e+01
79.28677646 31.54093109 -36.77435771 2.13683637e+01
79.01634248 31.49302100 -35.30809028 2.14979829e+01
79.17131199 31.58577504 -36.74459883 2.16499701e+01
78.94070758 31.67635678 -36.67353764 2.30937529e+01
78.82611776 31.72308438 -36.63238400 2.44803585e+01
78.59980670 31.82172573 -36.54431978 2.97242078e+01
78.52910045 31.73735029 -35.44618306 3.03644237e+01
78.66010530 31.75549835 -36.21602383 2.71581756e+01
78.64079839 31.68625539 -35.49574636 2.67148646e+01
78.88737337 31.65935138 -36.30707029 2.32773776e+01
79.05586703 31.63075336 -36.71048913 2.21940098e+01
79.00219809 31.61351185 -36.34656163 2.22665359e+01
79.11742918 31.56851722 -36.38332166 2.16450977e+01
78.67362323 31.63295379 -35.15307082 2.54268420e+01
78.77317458 31.47463228 -34.04587275 2.24151643e+01
78.90137168 31.53826179 -35.26074462 2.22675421e+01
78.98246574 31.54454094 -35.64303724 2.19431725e+01
78.75376384 31.63731918 -35.54784012 2.44149564e+01
78.85401992 31.48027816 -34.48891568 2.19849859e+01
78.81502978 31.34196294 -32.87788891 2.08606198e+01
78.62663163 31.57587731 -34.36752133 2.52592540e+01
79.09880608 31.27053862 -33.42588352 2.02408836e+01
78.96896857 31.43485080 -34.54441059 2.12212402e+01
79.34960592 31.25105192 -34.29662610 2.07026277e+01
79.73210345 30.98234125 -33.21436723 1.28234108e+01
80.22114687 30.78016189 -33.45513321 1.50039070e+01
79.93418286 30.81399085 -32.42074321 1.45218413e+01
79.31538880 31.30210733 -34.67202548 2.07311581e+01
79.36226430 31.35977205 -35.41469100 2.09292092e+01
79.24705136 31.40426918 -35.38518254 2.09077255e+01
79.32815066 31.41091688 -35.75097558 2.10097336e+01
79.65882500 31.16468529 -34.73817424 1.22185971e+01
79.59121834 31.26833337 -35.45619298 2.13551338e+01
79.81685205 31.17140035 -35.46774547 1.27698864e+01
79.80499646 31.06342634 -34.36254522 1.28972193e+01
79.46291413 31.43373193 -36.46868493 2.12298925e+01
79.44303011 31.36591603 -35.77681900 2.10952279e+01
79.74421611 31.35450010 -36.84440760 1.25143252e+01
79.78352832 31.22403381 -35.81418674 1.26296567e+01
80.14615373 31.01197851 -35.39807627 1.39874205e+01
80.24114098 30.84610844 -34.22517180 1.46799300e+01
80.18609916 31.14384293 -36.77799031 1.38388784e+01
80.35864810 30.89595748 -35.28505461 1.45742365e+01
80.34641769 30.78666620 -34.14916967 1.49273352e+01
80.22160946 31.01035171 -35.71707169 1.41270814e+01
80.31553227 30.84306871 -34.56544060 1.47043735e+01
80.66249410 30.39363908 -31.79217566 1.57310855e+01
79.99347772 31.01299609 -34.71615862 1.36377900e+01
80.00622474 30.89278537 -33.56089684 1.41427819e+01
80.11447868 30.83755508 -33.51773278 1.46309952e+01
80.20968102 30.90172028 -34.63299409 1.44244095e+01
80.73395815 30.46787705 -32.93059277 1.53603588e+01
80.69111497 30.33454791 -31.34112517 1.58716815e+01
80.95765183 30.40606702 -33.50848421 1.53520385e+01
80.93476717 30.33824687 -32.69220691 1.54280303e+01
80.53209936 30.59657048 -33.17171988 1.54098126e+01
80.76203234 30.32824516 -31.65667222 1.56368880e+01
80.74062169 30.70554632 -35.33278512 1.50202027e+01
80.85657934 30.47027923 -33.61517797 1.52589555e+01
80.66816604 30.71054586 -35.02125834 1.50072419e+01
80.72670073 30.59362655 -34.17243773 1.51413434e+01
80.56595903 30.77346944 -35.11786304 1.49107056e+01
80.55292572 30.66285060 -33.95551914 1.51610667e+01
80.63865483 30.76865660 -35.42504370 1.49191554e+01
80.62526881 30.65753666 -34.28226518 1.50974301e+01
80.50418250 30.96755394 -36.61703931 1.45935660e+01
80.84224990 30.64210564 -35.24076977 1.51189215e+01
80.65990228 30.83511221 -36.14357536 1.48662757e+01
80.91629907 30.71819178 -36.31251842 1.51732239e+01
80.39935392 31.02782877 -36.68174977 1.43821891e+01
80.53602541 30.83103802 -35.51280489 1.47964437e+01
80.55685679 30.89721381 -36.22193341 1.47249813e+01
80.41990683 31.09387481 -37.37992182 1.43513973e+01
80.43244411 30.89231508 -35.59229688 1.46288355e+01
80.24164950 31.07623560 -36.40751143 1.40493201e+01
80.32768685 30.95216777 -35.66186810 1.44041384e+01
80.25311056 30.95489107 -35.35007638 1.43137185e+01
79.76403851 31.42119572 -37.53005384 1.26138863e+01
79.96762108 31.25279395 -36.83116396 1.31796988e+01
79.91483261 31.23989545 -36.49524223 1.30402552e+01
80.11411884 31.06666584 -35.75862161 1.37933238e+01
79.87631342 31.37091284 -37.53148687 1.29054006e+01
80.02509012 31.18721235 -36.47536095 1.33969686e+01
79.98748183 31.31894755 -37.51819766 1.32158092e+01
80.13403830 31.13264360 -36.44809591 1.37386500e+01
80.17407617 31.26455626 -37.82664446 1.37210429e+01
80.29336487 31.08666257 -36.73600539 1.41297187e+01
80.07750422 31.19922698 -36.81035873 1.35176395e+01
80.09744920 31.26522476 -37.49767459 1.35282231e+01
80.60802527 30.90610379 -36.54552323 1.47670078e+01
80.52508498 31.03380448 -37.32025246 1.45648356e+01
80.73293997 30.91071649 -37.18453700 1.49062797e+01
80.62935022 30.97264448 -37.25444624 1.47480586e+01
80.76235107 30.77235612 -36.06116424 1.49888544e+01
80.80651548 30.90657475 -37.50093466 1.50058403e+01
80.81378121 30.78104531 -36.38907849 1.50409873e+01
80.71113049 30.84381430 -36.46816913 1.49114093e+01
81.33167676 30.47426483 -36.10494350 1.60729653e+01
81.35666263 30.54372890 -36.85803737 1.61242679e+01
81.87088001 30.33230866 -37.31526803 1.92086353e+01
81.64971758 30.43441696 -37.24541536 1.76499442e+01
81.65498873 30.30832109 -36.12182372 1.81611277e+01
81.46348827 30.48667062 -36.84812458 1.65466305e+01
80.96674172 30.64645885 -35.90295734 1.52434704e+01
80.93920414 30.78596582 -37.04299769 1.52017864e+01
81.48978776 30.34865548 -35.71755764 1.68986124e+01
81.43812000 30.41693540 -36.09342676 1.65185775e+01
81.93676192 30.02095891 -34.72593703 1.56738845e+01
81.54589277 30.36159169 -36.09919490 1.71631732e+01
80.97280223 30.51984519 -34.73164604 1.52869972e+01
80.86451346 30.70932904 -35.97977831 1.51076519e+01
81.82445533 30.06798315 -34.65210013 1.57704549e+01
81.79139789 30.32703389 -36.91286776 1.89813506e+01
82.05004048 29.97582628 -34.81118383 1.59256703e+01
81.81859731 30.19255574 -35.81574566 1.75060728e+01
81.79248105 30.12256261 -35.03233777 1.64821546e+01
81.70775087 30.24251054 -35.76677155 1.84048711e+01
82.13086415 29.98460403 -35.25548189 1.65656145e+01
81.98931366 30.16053596 -36.27222822 1.66042032e+01
82.01557893 30.23014283 -37.01692278 1.75024370e+01
81.93055160 30.14459327 -35.87495832 1.64562870e+01
81.87680041 30.20786440 -36.21326838 1.72374344e+01
81.76532078 30.25709267 -36.16092222 1.85530514e+01
82.12902640 30.18427134 -37.07652807 1.76562457e+01
82.04347443 30.09847044 -35.94066225 1.63223365e+01
82.21691694 30.07095769 -36.41262558 1.86154259e+01
82.10272076 30.11494126 -36.33909649 1.67471005e+01
82.44727139 29.98725744 -36.55526447 1.88178690e+01
82.35815293 30.09712415 -37.20927203 1.96116011e+01
82.67135354 30.02557846 -37.72697615 1.88570240e+01
82.47362220 30.05553953 -37.27272901 1.88340691e+01
82.91320543 29.83246144 -36.81456933 1.95388001e+01
82.78783900 29.98653662 -37.78081503 1.90618591e+01
83.03034565 29.79554426 -36.86658933 1.99629106e+01
83.02162823 29.91064323 -37.87866969 1.96833816e+01
82.96870599 29.77736530 -36.50169961 1.98570019e+01
82.93963945 29.89926893 -37.50567563 1.94863929e+01
83.14761038 29.75903215 -36.91223258 2.04381804e+01
83.17413586 29.82518829 -37.59349302 2.02979794e+01
83.38233291 29.68679329 -36.98335238 1.66928019e+01
83.40899434 29.75240144 -37.65607302 1.64713252e+01
83.43743030 29.63302363 -36.66404675 1.74324869e+01
83.52779931 29.53177370 -36.01934905 1.97368348e+01
83.29355017 29.60292931 -35.95580838 1.74595485e+01
83.08579755 29.74090481 -36.55179344 2.03406039e+01
82.94219614 29.71048195 -35.81023839 2.00506208e+01
82.50251214 29.92936294 -36.24088868 1.86934407e+01
82.85176584 29.81429520 -36.44313896 1.94257718e+01
82.67958033 29.90815724 -36.69397093 1.88916065e+01
82.58957970 30.01509733 -37.33667657 1.87690973e+01
82.79626554 29.86995968 -36.75446887 1.91759025e+01
82.61859859 29.89014686 -36.31401988 1.87985466e+01
82.16415866 29.93242148 -34.90314277 1.67492979e+01
82.62669407 29.77253101 -35.27313267 1.89614365e+01
82.51036180 29.81080654 -35.18473713 1.87382943e+01
82.70858885 29.78423292 -35.67496155 1.91289065e+01
82.74334219 29.73509479 -35.35392273 1.93560369e+01
82.59215822 29.82214621 -35.59754531 1.88131863e+01
82.73098407 29.62508167 -34.21902564 1.98714451e+01
82.86023011 29.69833472 -35.42692565 1.98505745e+01
82.81315608 29.63745015 -34.66779582 2.00730178e+01
82.73504692 29.85185444 -36.37932524 1.90638680e+01
82.82528858 29.74705588 -35.74695651 1.95488779e+01
83.21171246 29.59067926 -35.59261688 2.03748322e+01
83.17638055 29.63854863 -35.91439098 2.11816487e+01
83.16512563 29.53047199 -34.86562141 2.21433824e+01
83.05924789 29.67436354 -35.86518686 2.05940669e+01
84.03044355 29.33959865 -35.74480369 1.24111222e+01
83.64480023 29.49604041 -36.04126153 2.14518175e+01
83.41070554 29.56737731 -35.99070694 1.80068984e+01
83.39990684 29.46000713 -34.95614575 1.96121644e+01
83.08304428 29.51790625 -34.45038648 2.20451208e+01
82.97729772 29.66211559 -35.48852153 2.04207164e+01
82.96558318 29.55325837 -34.38044521 2.13424800e+01
82.93907025 29.48633183 -33.59608660 2.21493610e+01
82.69611164 29.67400514 -34.58512169 1.94866766e+01
82.70452339 29.55740058 -33.41536807 2.03160956e+01
82.47608469 29.86098146 -35.51441530 1.86993793e+01
82.57931226 29.71125319 -34.49086260 1.90368829e+01
82.39443764 29.85011070 -35.09141906 1.89587753e+01
82.49726234 29.69945201 -34.02125214 1.89464971e+01
82.35451667 29.66918723 -33.08799800 1.92171400e+01
82.26508460 29.77780372 -33.80521884 1.83463674e+01
81.83660328 29.81960229 -32.17933653 1.52941457e+01
82.14982055 29.81893700 -33.69562836 1.64022201e+01
81.69743674 30.00146453 -33.33843768 1.54975757e+01
82.00895559 29.79185602 -32.74554499 1.56818741e+01
82.01715158 30.02878152 -35.17213142 1.59548140e+01
82.12344435 29.74938605 -32.85366948 1.61797231e+01
81.90430969 30.07470913 -35.09719797 1.59102578e+01
81.92160382 29.90621799 -33.49453415 1.54052994e+01
82.36044956 29.90089601 -35.42770948 1.91054580e+01
82.34680341 29.78858941 -34.28654597 1.91449174e+01
82.24533633 29.94203562 -35.34122758 1.83947971e+01
82.23127001 29.82901624 -34.17891276 1.77090248e+01
81.60337202 30.16838566 -34.54543622 1.78748578e+01
81.55626142 30.10871612 -33.70132661 1.76259037e+01
81.49484796 30.22194749 -34.52181518 1.72952082e+01
81.38283758 30.40489011 -35.71936543 1.63213680e+01
81.59811517 30.29452803 -35.73338527 1.77984713e+01
81.57242349 30.22460697 -34.94433443 1.78151162e+01
81.26605422 30.22026512 -33.28829441 1.61909709e+01
81.14881435 30.45430201 -35.00960616 1.55974594e+01
81.16205291 30.28060547 -33.34035540 1.57888872e+01
81.07494388 30.45715487 -34.65121256 1.54578076e+01
80.92890881 30.46525757 -33.95579149 1.52811935e+01
80.87121511 30.58328554 -34.82363884 1.51738425e+01
81.46442168 30.27893619 -34.92922876 1.69347485e+01
81.47861713 30.10603042 -33.26169812 1.75548082e+01
81.18797432 30.14063402 -32.04989604 1.61585515e+01
81.13296245 30.33942294 -33.78276466 1.56526501e+01
81.13801228 30.21182688 -32.50642036 1.58553950e+01
81.05934899 30.34267878 -33.41522660 1.55182963e+01
81.34161082 30.21974114 -33.69167666 1.65118839e+01
81.34651111 30.09238734 -32.41369325 1.70304221e+01
81.44815161 30.16304071 -33.68328847 1.73152737e+01
81.45319506 30.03612954 -32.40988190 1.73883600e+01
81.95627163 29.65182392 -31.04827217 1.59631190e+01
81.50509212 29.96871977 -31.99553099 1.64514387e+01
81.51037664 29.84240939 -30.72868832 1.53268288e+01
81.39769078 30.02354724 -31.98380940 1.73541819e+01
80.98966177 30.13842687 -30.94882811 1.60112828e+01
80.88370846 30.33008452 -32.33172532 1.54452799e+01
81.29200709 30.08092992 -32.00248229 1.68696008e+01
81.40275919 29.89665754 -30.71178208 1.64254819e+01
81.37267218 29.95397763 -31.13730286 1.71045367e+01
81.57248261 29.73055401 -29.30930062 1.58391115e+01
81.58838977 29.84639007 -31.17922721 1.50929692e+01
82.27434929 29.30611334 -28.39761562 2.25782956e+01
82.29396532 29.65051038 -32.62434030 1.88260177e+01
82.07062674 29.60981997 -31.16817240 1.63158020e+01
81.81041911 29.74938021 -31.32656820 1.54575553e+01
81.72470731 29.86684877 -32.09511791 1.50876663e+01
81.69870354 29.79662325 -31.24096031 1.52434559e+01
81.61414754 29.91651150 -32.03348477 1.51187246e+01
81.89534894 29.83618228 -32.64432056 1.53400430e+01
82.00224458 29.91442939 -33.97599140 1.56079913e+01
81.80892940 29.95274266 -33.40769976 1.52044138e+01
81.88900961 29.95979237 -33.88353219 1.53707728e+01
82.03528352 29.86167946 -33.59230780 1.57217344e+01
82.11637353 29.87089388 -34.07516111 1.61859874e+01
82.47082950 29.63097916 -33.19950385 1.91625228e+01
82.38093642 29.73804379 -33.91551911 1.91115282e+01
82.38348989 29.54310753 -31.91354567 1.96053179e+01
82.23867913 29.70857733 -32.97053428 1.76738052e+01
82.87737328 29.46722391 -33.16214142 2.23203136e+01
82.83885263 29.29056990 -31.19307562 2.53840148e+01
83.23801303 29.24946805 -32.24912827 2.06017192e+01
83.19147287 29.18895037 -31.45930647 2.01187381e+01
83.04772648 29.56583763 -34.80725584 2.14115185e+01
83.05649712 29.45134050 -33.67620723 2.29760132e+01
83.40872647 29.34685105 -33.85049931 2.03359605e+01
83.31801845 29.44764434 -34.56054898 1.90970583e+01
83.81422678 29.18751186 -33.57277610 8.54541673e+00
83.43543361 29.41248452 -34.60294873 2.05249776e+01
83.08535581 29.33104749 -32.54092884 2.54562288e+01
83.29137200 29.38172075 -33.80211827 2.00455884e+01
82.99465443 29.43234929 -33.24871799 2.32632358e+01
83.17394381 29.41650297 -33.74493894 2.39262319e+01
83.11197244 29.39767233 -33.32622394 2.41706159e+01
83.22928358 29.36308035 -33.39091072 2.25541174e+01
82.63897376 29.31115657 -30.60883734 2.44816452e+01
82.61666824 29.47006875 -32.15433410 2.10446886e+01
82.52165517 29.34606254 -30.48073335 2.30786230e+01
82.41784262 29.49344740 -31.55204264 1.99967039e+01
82.18577495 29.56959855 -31.29538027 1.72093468e+01
82.30156206 29.53089964 -31.42447036 1.91918698e+01
82.26749037 29.58118398 -31.78871161 1.84861791e+01
82.17847543 29.69024278 -32.50226932 1.67863717e+01
82.15203337 29.62059442 -31.66274400 1.67107880e+01
82.06365648 29.73152334 -32.38643942 1.59764002e+01
81.92334039 29.70445964 -31.42771395 1.57266901e+01
82.17175887 29.45649132 -29.88293238 1.80522280e+01
82.72138243 29.32483326 -31.08240524 2.45936927e+01
82.53451161 29.45703160 -31.67719816 2.07694756e+01
82.76864158 29.38648066 -31.90445975 2.34939428e+01
82.99172947 29.20914646 -30.93777885 2.63143168e+01
82.88593962 29.35195639 -32.00655431 2.46149584e+01
82.96806980 29.36535445 -32.45741633 2.45914372e+01
83.35526157 29.21522266 -32.30759853 1.71426297e+01
83.66026884 29.05129052 -31.65756691 9.02879918e+00
83.12067782 29.28358772 -32.18061027 2.62518612e+01
83.20262304 29.29679396 -32.61187715 2.17095104e+01
83.33353441 29.00045571 -29.94822011 1.26156636e+01
83.10936281 29.17547618 -31.02450160 2.38458323e+01
83.34440244 29.10783581 -31.16358152 1.38877740e+01
83.22693724 29.14175065 -31.09913863 1.78129233e+01
82.98014632 29.10058193 -29.64653646 2.36422253e+01
82.87407648 29.24286707 -30.83834140 2.57082297e+01
82.70910360 29.21496369 -29.79046693 2.51617613e+01
82.60404685 29.35955075 -30.96312364 2.33070211e+01
82.62647524 29.20086265 -29.16252490 2.46858807e+01
82.48692915 29.39492837 -30.83615827 2.17176150e+01
82.12374225 29.39390911 -28.59791448 1.89686852e+01
82.13787255 29.50725352 -30.31201778 1.72603422e+01
81.94145665 29.53738798 -29.36120772 1.68941008e+01
82.05620774 29.49602223 -29.63762577 1.72488188e+01
82.04182296 29.38221981 -27.61116577 1.94321474e+01
81.77981678 29.51906164 -27.30838173 1.77054521e+01
81.66745473 29.56548105 -26.73065480 1.75298051e+01
81.68305617 29.68105684 -29.50013578 1.60019620e+01
81.55662184 29.61470807 -26.15880736 1.75452064e+01
81.49435993 29.72648103 -28.13431133 1.64027469e+01
81.81253219 29.46584696 -26.64747388 1.86365340e+01
81.71508646 29.62668711 -28.72109716 1.66124161e+01
81.58814006 29.55939133 -25.23901156 1.84589930e+01
81.60390694 29.67516729 -28.42948922 1.65086147e+01
81.73061596 29.74213304 -30.84679175 1.54591897e+01
81.82767930 29.58084833 -29.03139468 1.66716160e+01
81.29696530 29.95364469 -30.72650182 1.72168780e+01
81.46358358 29.78288017 -29.14858756 1.60188761e+01
81.84286940 29.69584184 -30.94025117 1.57093236e+01
81.90838349 29.58982947 -29.91076797 1.64144056e+01
81.26746730 30.01176053 -31.16179740 1.71097403e+01
81.38664082 29.78073990 -27.85579138 1.65423492e+01
81.09061280 30.07489454 -30.84821266 1.63286271e+01
81.14808253 29.95670031 -29.01205679 1.80172818e+01
80.94616786 30.08391799 -29.39773605 1.64990896e+01
80.86148213 30.26282340 -31.52487637 1.56293481e+01
81.19296331 30.01316338 -30.77274879 1.69391662e+01
81.35653033 29.83810584 -29.00373652 1.64945454e+01
81.07492924 29.96001786 -27.77381450 1.82982281e+01
81.13223130 29.84146681 -24.99003128 1.83837606e+01
81.25138473 29.89613123 -28.98003432 1.72914060e+01
81.37056708 29.66481244 -24.09106897 1.84526102e+01
80.93105335 29.96988961 -25.49736277 1.92503076e+01
80.67739412 30.22258381 -29.55973959 1.75668554e+01
81.17700647 29.89778369 -27.65463790 1.79686166e+01
81.34043273 29.72222426 -25.26477006 1.75984725e+01
80.83221495 30.03625936 -26.02936997 1.93972701e+01
80.57826552 30.28871077 -30.05722755 1.72365562e+01
80.64894000 30.28194717 -30.38850445 1.63402269e+01
80.37700877 30.41770554 -30.54554554 1.77583451e+01
80.76187656 30.04328052 -24.91538909 1.97969188e+01
80.73386391 30.10325028 -26.69404899 1.90604869e+01
80.43635709 30.30187910 -28.72698808 1.90252025e+01
79.60960810 30.69483056 -29.34173472 1.45418433e+01
79.95517292 30.65203027 -30.86650140 1.67459085e+01
80.01977578 30.54339884 -29.72493316 1.91542031e+01
79.81230120 30.75766938 -31.28442463 1.47417624e+01
79.80071376 30.64960074 -29.88975273 1.65577510e+01
79.94368431 30.54383972 -29.10237713 2.00942998e+01
79.84537941 30.70464139 -30.89376523 1.56178596e+01
80.06329965 30.59699070 -30.81763238 1.75042896e+01
79.96672605 30.76019567 -32.02470524 1.51290764e+01
80.16965475 30.53951300 -30.74890819 1.78896718e+01
80.04288703 30.76000706 -32.38445469 1.51753988e+01
80.24350083 30.53623192 -31.08111016 1.72343398e+01
80.07488690 30.70537796 -31.98075858 1.57817056e+01
80.34697361 30.47512200 -30.97871970 1.72066574e+01
80.14996928 30.70374540 -32.32759877 1.56549588e+01
80.63544031 30.17023226 -27.40145779 1.90824004e+01
80.53642266 30.23661915 -28.12319427 1.88725103e+01
80.59144449 30.39989236 -31.47957817 1.60467248e+01
80.77610675 30.15605867 -29.02505735 1.72716536e+01
80.79038594 30.26881815 -31.20228631 1.57908191e+01
80.84682504 30.14954953 -29.71377151 1.66862410e+01
80.47826545 30.35391100 -30.39026361 1.73817110e+01
80.46140936 30.52230763 -32.04811703 1.59917399e+01
80.25537483 30.64525057 -32.25325731 1.59353480e+01
80.48181651 30.58831882 -32.82571418 1.55627863e+01
80.58317086 30.52468780 -32.70828772 1.55227709e+01
80.68367398 30.46012401 -32.58338943 1.54579611e+01
80.63336564 30.53258339 -33.05436068 1.53905191e+01
80.78370738 30.39508645 -32.45492605 1.54193689e+01
80.65462445 30.59915473 -33.84453887 1.51944169e+01
80.83427561 30.40292359 -32.80738909 1.53622136e+01
80.75571365 30.53481088 -33.72946288 1.52154823e+01
80.82777877 30.52937325 -34.06158504 1.51943648e+01
80.45028331 30.72548098 -34.05876029 1.50813076e+01
80.52312745 30.72067256 -34.38733164 1.50255761e+01
80.02600778 30.95896337 -34.32477782 1.39054964e+01
80.10231811 30.95837895 -34.68168616 1.40644922e+01
79.88319999 31.06552478 -34.73576545 1.31688119e+01
79.89645083 30.94583147 -33.58829295 1.35761903e+01
80.06265477 30.82617708 -33.15193867 1.46684995e+01
80.32622296 30.72070228 -33.37685580 1.52499336e+01
79.84369451 30.93242278 -33.20919005 1.34778118e+01
79.95392816 30.88040788 -33.18945083 1.41110656e+01
80.28613935 30.58887669 -31.83284323 1.63871886e+01
80.16980713 30.76974984 -33.09708899 1.51021867e+01
80.35914092 30.58468116 -32.15887788 1.60315897e+01
80.27532928 30.71116087 -33.02308814 1.53877852e+01
80.49095118 30.46435327 -31.61055399 1.62413020e+01
80.37928293 30.65059379 -32.93305962 1.55316371e+01
80.38927519 30.52747825 -31.72916322 1.63783371e+01
80.44885263 30.41210723 -30.85842602 1.69745481e+01
79.50551741 31.07661196 -33.18429442 2.11403005e+01
79.63329298 30.91119585 -32.05186434 1.25928730e+01
79.67280293 31.04563675 -33.59627039 1.23800652e+01
79.71234713 30.91529729 -32.44290064 1.29866428e+01
79.32984377 31.18298603 -33.52006545 2.05251983e+01
79.37118626 31.05350206 -32.37354234 2.05803338e+01
79.46463756 31.20613610 -34.32680906 2.09784519e+01
79.44487309 31.13841723 -33.55529967 2.08752544e+01
78.92976804 31.29684926 -32.94506665 2.02896589e+01
78.88774033 31.42838708 -34.10752861 2.13972331e+01
79.54505620 31.21169207 -34.72410981 2.12343006e+01
79.55926278 31.09274840 -33.58025905 2.12363141e+01
79.77160589 31.11605022 -34.74317484 1.26888980e+01
79.78525803 30.99673455 -33.59879664 1.29765094e+01
78.75374839 31.40540867 -33.23746330 2.18569739e+01
78.54713399 31.57275276 -33.91683245 2.66953201e+01
78.64026716 31.45332777 -33.16844722 2.34551669e+01
78.51473765 31.62681922 -34.30442340 2.84917007e+01
78.52802460 31.50342231 -33.09905561 2.61552364e+01
78.43613967 31.62521889 -33.85384863 3.15972601e+01
78.45776447 31.41881822 -31.84036056 2.66992020e+01
78.37959702 31.41723075 -31.38524183 3.25714702e+01
78.79559022 31.27270942 -32.07343794 2.02791972e+01
78.71503501 31.26682482 -31.62354401 2.04318618e+01
78.60187307 31.31464324 -31.54425217 2.18288567e+01
78.58822265 31.43724839 -32.73600105 2.37721625e+01
78.98331103 31.31450680 -33.36792900 2.04163277e+01
78.91020874 31.22772266 -32.14618795 1.98069774e+01
78.58794261 31.20420348 -30.32542769 2.02442939e+01
78.44355034 31.30818471 -30.60444450 2.49227143e+01
79.02535313 31.18382829 -32.21437522 1.96851075e+01
78.82921551 31.22091027 -31.70158162 1.97278662e+01
79.04500514 31.25277311 -33.00763068 2.00707168e+01
79.05945429 31.13288186 -31.84434543 1.95150286e+01
79.39096491 31.12160438 -33.15336032 2.06840279e+01
79.40533165 31.00255906 -31.99889503 2.07484527e+01
79.24346868 30.98827402 -31.16174979 1.99829115e+01
79.17494504 31.08973053 -31.90453642 1.97839686e+01
79.58757547 30.85469162 -31.27447475 1.26526140e+01
79.50765583 30.84924538 -30.87202364 1.98942459e+01
79.61930396 31.03030417 -33.20480922 1.32158965e+01
79.59953427 30.96290994 -32.43186975 1.22328739e+01
79.70056514 30.80721035 -31.28764289 1.36706595e+01
79.68884674 30.69910174 -29.92793538 1.50248279e+01
79.27778835 30.93758954 -30.79058401 2.02161462e+01
79.35878872 30.94482826 -31.21031435 2.06218718e+01
79.16216708 30.98057015 -30.73423798 1.95509480e+01
79.14074208 31.14050515 -32.27598215 1.98203988e+01
79.14945431 30.87139088 -29.23146083 1.96668238e+01
78.93085818 31.06669031 -30.59678787 1.87677960e+01
79.12786083 31.03125141 -31.10421754 1.94652949e+01
78.94411842 31.17643271 -31.77579484 1.94632564e+01
79.04643315 31.02342466 -30.66966493 1.90910215e+01
78.81572278 31.11090439 -30.51666607 1.87830206e+01
79.01222958 31.07428044 -31.03834710 1.91091663e+01
79.11504510 30.92197854 -29.76480199 1.93917321e+01
78.89684803 31.11789614 -30.96420582 1.89801820e+01
78.99917203 30.96471318 -29.69366124 1.87738162e+01
78.10385651 31.36448730 -28.91567460 9.23630165e+00
78.01325222 31.53547225 -30.34804092 8.28661032e+00
77.79170485 31.55000805 -28.79396527 8.89541852e-01
77.12221702 32.23804751 -31.57243850 3.44940927e+01
78.25632446 31.36143673 -30.02610897 2.45963403e+01
78.33356216 31.36146433 -30.51837394 3.43659480e+01
77.89454026 31.48660370 -28.82104718 2.22839127e+00
77.83578610 31.60255343 -29.83782427 2.22312305e+00
78.02804699 31.64627003 -31.63164659 1.40231317e+01
77.38820650 31.81332645 -28.77903150 2.17795195e+01
78.14900904 31.41876462 -29.95467852 1.70203635e+01
78.11847656 31.47532262 -30.39059210 1.53048094e+01
77.95375689 31.65041152 -31.20354323 7.02588795e+00
77.90937271 31.59738167 -30.31871223 3.90427824e+00
77.14975237 32.17838009 -31.17408368 3.64510745e+01
77.30400472 31.99117667 -30.30515376 2.57667620e+01
77.50331691 31.85687569 -30.29861007 1.93908880e+01
77.43159358 31.86456934 -29.82906405 2.56483401e+01
77.44681501 31.97498721 -31.18134103 3.17801251e+01
77.58868869 31.68011193 -28.77738993 1.82685972e-01
77.51850449 31.96733628 -31.58853447 3.60833144e+01
77.70480517 31.72523023 -30.29722956 1.21700583e+00
77.71985016 31.83584840 -31.59044925 3.61988847e+00
77.73365051 31.66672011 -29.82701157 1.11732468e+00
77.53168818 31.79789599 -29.82478016 2.83200997e+00
77.60375213 31.79067447 -30.29567014 1.46145197e+00
77.33199674 31.93184882 -29.83308477 2.21111905e+01
77.40342143 31.92373497 -30.30268757 2.63155018e+01
76.63511374 32.31127986 -27.97126004 1.34816442e+01
76.57365488 32.60489308 -30.98836292 1.70999039e+01
76.92305144 32.09681436 -28.12888819 1.73452626e+01
77.20508113 32.05920662 -30.30370101 3.21990810e+01
76.81526373 32.33797298 -30.22825672 2.42899628e+01
77.02061118 32.02699802 -28.15815518 1.59112530e+01
76.42298061 32.52102967 -28.37646756 1.20093185e+01
76.53173851 32.55620925 -30.07076694 1.52865124e+01
76.24196209 32.67428380 -28.16593407 9.04284764e+00
76.46460207 32.56931380 -29.51589494 1.36265723e+01
76.51540259 32.44612266 -28.46679970 1.30003302e+01
76.43946963 32.63109333 -29.99874953 1.39280976e+01
76.44817748 32.45923654 -27.80444564 1.14344157e+01
76.37312996 32.64497769 -29.42660660 1.23423157e+01
76.19402765 32.79968113 -29.22236672 9.65149049e+00
76.25875537 32.78428777 -29.82821560 1.10717279e+01
76.21094273 32.90964781 -30.71116996 1.14847546e+01
75.93534093 33.03994769 -28.88239595 1.04737976e+01
76.64143828 32.59254022 -31.41822512 1.98281734e+01
76.71974913 32.40972290 -30.18358964 2.09495683e+01
76.34847560 32.70713147 -29.91665104 1.24865138e+01
76.28293594 32.72177654 -29.32752700 1.07642044e+01
76.84202684 32.27755580 -29.76210067 2.42288264e+01
76.85789745 32.38769383 -31.11654408 2.49339451e+01
76.93874370 32.20699701 -29.79296347 2.68869157e+01
77.00883676 32.19712214 -30.28179863 3.03347153e+01
77.10666613 32.12783232 -30.29757830 3.26760956e+01
76.94357817 32.44668676 -32.33143186 2.46224880e+01
77.13425354 32.06814324 -29.82911806 2.85758943e+01
77.05178997 32.24740865 -31.16216067 3.17653582e+01
77.41868641 32.03412172 -31.58899092 4.00782946e+01
77.24826762 32.10998482 -31.18052955 3.91353729e+01
77.02450466 32.30729951 -31.55634374 2.91464073e+01
76.95448062 32.31716046 -31.14284352 2.75802992e+01
76.62521318 32.48245189 -30.13248672 1.75056676e+01
76.55734242 32.49481111 -29.59369363 1.50819589e+01
76.38974734 32.75501297 -30.86519258 1.42179722e+01
76.42050243 32.89453173 -32.46491376 1.64532763e+01
76.38048185 32.88694583 -32.04145329 1.56267543e+01
76.45599827 32.74114004 -31.30753409 1.54810423e+01
75.82988975 33.18616866 -29.28980890 1.22138738e+01
76.17033317 32.86254718 -29.73332585 1.00291299e+01
76.20238174 33.04242427 -31.89671460 1.32742313e+01
76.29970482 32.83178159 -30.79135865 1.26970850e+01
76.29078673 32.96413893 -31.97138898 1.43442250e+01
76.36515689 32.81715199 -31.23921158 1.44500951e+01
76.51208112 32.81876062 -32.52429434 1.75620606e+01
76.41123610 33.02644634 -33.65757542 1.80551537e+01
76.60493464 32.74415054 -32.58058648 1.96428468e+01
76.45264686 33.07423487 -34.48377505 1.92712893e+01
76.73582404 32.51982783 -31.46470668 2.22049668e+01
76.65715315 32.66213494 -32.21476930 2.06597241e+01
76.84717093 32.51755670 -32.29972855 2.29696544e+01
76.71475156 32.74013041 -33.43296103 2.10260383e+01
76.83119498 32.44809722 -31.50350270 2.37589175e+01
76.75166505 32.58935116 -32.26161894 2.20888427e+01
76.98681498 32.45588417 -32.74144407 2.47470489e+01
76.87924214 32.65639099 -33.89795352 2.14441471e+01
77.36955051 32.30892881 -34.01596484 4.06791180e+01
77.64741488 31.84247802 -31.17865950 3.06512109e+00
77.63605054 31.97028353 -32.40766599 3.53644287e+01
77.54683438 31.90839035 -31.17942703 2.52579905e+01
77.38079895 32.18048316 -32.80439671 4.98099349e+01
77.85071208 31.71327523 -31.18860803 4.42734999e+00
77.33603464 32.17066031 -32.39661821 4.75059895e+01
77.31935440 32.10149637 -31.58733515 4.28568586e+01
77.18264697 32.31686333 -32.78300492 3.30659813e+01
77.22052613 32.16946925 -31.58245198 4.00329938e+01
77.61886823 31.90121425 -31.58858649 1.33351140e+01
77.92426226 31.70813603 -31.60823894 7.26256431e+00
77.43552299 32.10324205 -32.40169811 5.16326491e+01
77.53550901 32.03642559 -32.40446957 5.10262436e+01
77.74865287 31.77737110 -31.18127186 2.80768443e+00
77.80661978 31.66072260 -30.30302436 2.43364734e+00
78.22520629 31.41722699 -30.44717019 2.30436803e+01
78.16362627 31.52958166 -31.27296691 2.18210271e+01
77.82159026 31.77141370 -31.59663754 4.83156737e+00
77.94205344 31.77723533 -32.43370579 1.11715694e+01
77.73722151 31.90491064 -32.41212033 7.60103770e+00
77.83916572 31.84048695 -32.42039825 8.57347960e+00
78.36666876 31.54151147 -32.59143038 3.53751170e+01
78.34795215 31.47219845 -31.76910957 3.60496265e+01
78.13315672 31.58613423 -31.66824371 2.25526507e+01
78.04606894 31.71541606 -32.45825794 1.94104632e+01
77.69931570 32.04966668 -33.64059600 6.23001149e+01
77.88606029 31.85144969 -32.83783559 1.18208090e+01
78.25824597 31.59728440 -32.53694365 3.65577128e+01
78.11251097 31.79662062 -33.71264932 2.90786755e+01
78.41722199 31.55589289 -33.02744293 3.18702388e+01
78.21884634 31.73730213 -33.74970388 3.59832003e+01
78.30799184 31.61080282 -32.96938132 4.19724230e+01
78.18817044 31.79377474 -34.15014839 3.27323137e+01
78.32670004 31.68009811 -33.79763434 4.44197442e+01
77.91892508 32.03120355 -34.87241691 4.04338786e+01
77.67061064 32.10840008 -34.04683933 7.99177252e+01
77.78358126 31.91550843 -32.82670365 9.53794475e+00
77.59817846 32.11561344 -33.63242907 6.88820751e+01
77.68195008 31.98061131 -32.81941009 3.63500154e+01
77.49763424 32.18228126 -33.62469875 5.86291375e+01
77.48063744 32.11319850 -32.80998332 5.59686507e+01
77.56970043 32.17456959 -34.03717243 6.56236825e+01
77.58100266 32.04655065 -32.81444164 5.68094202e+01
77.77217613 32.04303030 -34.05745456 5.59057442e+01
77.61346841 32.22605568 -34.83233191 6.55537335e+01
77.46936601 32.24143662 -34.02766279 5.25923196e+01
77.41306460 32.35989275 -34.80861710 3.88741542e+01
77.87454087 31.97864211 -34.07204101 2.55802373e+01
77.71453789 32.16018713 -34.84325519 8.52901159e+01
77.78737106 32.15359326 -35.23614385 8.97168064e+01
78.00756788 31.85779449 -33.68552324 2.30220501e+01
77.88966397 32.08927539 -35.25035987 6.37257415e+01
78.08235453 31.85373945 -34.11708508 3.05010164e+01
77.99291758 32.02615181 -35.26801615 4.14478144e+01
78.12740236 31.90736285 -34.92149835 3.64768599e+01
78.40431323 31.68013064 -34.24608911 3.54251993e+01
78.23361540 31.84804012 -34.95533662 4.63038056e+01
78.29545976 31.73582820 -34.19403129 4.72295314e+01
78.20300326 31.90450959 -35.32225083 4.70853561e+01
78.32881288 31.91568218 -36.09641687 4.99962001e+01
78.34132603 31.79079609 -34.99694895 4.59997804e+01
77.90740691 32.15827156 -36.00040718 8.60455761e+01
78.09730245 31.96446768 -35.29224674 3.87475412e+01
78.01087726 32.09516785 -36.01659331 5.64820006e+01
78.16399251 32.04551287 -36.41241283 5.91626926e+01
78.37885097 31.92914279 -36.46823676 4.51831514e+01
78.41885371 31.79077142 -35.39952200 3.72018762e+01
78.39773076 31.99832114 -37.18886152 4.40320479e+01
78.48857818 31.87427108 -36.50399432 3.48032907e+01
78.05869067 32.10657978 -36.38924182 5.62624318e+01
78.07687405 32.17562074 -37.12014855 7.31531602e+01
77.84019432 32.36054874 -37.45779813 6.31509037e+01
77.95460904 32.16921779 -36.37104138 8.66240244e+01
77.76692740 32.36715552 -37.08368018 5.65242957e+01
77.85156392 32.23315589 -36.35862649 9.15674240e+01
77.46382672 32.56707334 -37.05428477 3.15201154e+01
77.64795158 32.36407353 -36.33734188 4.85944883e+01
77.68587353 32.21888663 -35.22400441 7.36546427e+01
77.30249086 32.55638442 -35.92704612 2.84441667e+01
77.81630445 32.09516976 -34.85658654 7.47925679e+01
77.80490625 32.22258127 -35.98813648 9.04095043e+01
77.50175309 32.42081883 -35.95531873 3.86640906e+01
77.20369601 32.62513732 -35.90902250 2.53820546e+01
77.38503343 32.41919611 -35.18820257 3.46005529e+01
76.99182864 32.69548375 -35.10563509 2.18960700e+01
77.58503095 32.28497805 -35.21323172 5.42399739e+01
77.51299488 32.29264727 -34.82103629 4.94166931e+01
77.31365108 32.42775316 -34.79339032 3.24061198e+01
76.91136703 32.83584312 -35.84048553 2.04330883e+01
77.00805120 32.76479933 -35.86610673 2.15549577e+01
76.62713808 33.05478567 -35.73904984 1.95856341e+01
76.92203841 32.70601798 -34.69750483 2.12955396e+01
76.72083187 32.98078823 -35.77417735 1.94246989e+01
76.81558938 32.90781163 -35.80865554 1.97172717e+01
76.77867577 33.05857904 -36.91719136 1.91272079e+01
77.16585917 32.77304289 -37.00840864 2.29626187e+01
77.24793834 32.63458122 -36.28594929 2.57409163e+01
76.95432488 32.84471671 -36.22403291 2.05811434e+01
76.97053139 32.91402279 -36.97211845 2.03492228e+01
77.26458692 32.70370838 -37.02625821 2.50142422e+01
77.34711373 32.56598123 -36.30173835 2.88763213e+01
76.59107281 33.20724854 -36.85290964 1.92108922e+01
76.66851719 33.06287636 -36.12859960 1.93295056e+01
76.39306218 33.29071240 -36.01784963 1.99444680e+01
76.40845667 33.36043060 -36.78742807 1.98958933e+01
76.75257012 33.11973230 -37.28586966 1.89331167e+01
76.85804240 32.91643497 -36.19533909 1.97777479e+01
76.68431104 33.13238567 -36.88525597 1.90096181e+01
76.76275121 32.98914311 -36.16215542 1.93385677e+01
76.44342869 33.20614622 -35.66127399 1.98105374e+01
76.36238004 33.15118534 -34.43323043 1.86324823e+01
76.27338747 33.22922228 -34.38326504 1.81010754e+01
76.09934474 33.38851827 -34.27958412 1.75424122e+01
76.89528347 32.76646138 -35.07442909 2.06952163e+01
76.82603593 32.77760626 -34.66138306 2.03793333e+01
76.18570246 33.30833904 -34.33126709 1.75448818e+01
76.24970485 33.29210771 -34.78225997 1.85306727e+01
76.54421025 32.99842480 -34.53519922 1.98823002e+01
76.42801456 33.13641974 -34.87176919 1.95171381e+01
76.90605705 32.59593379 -33.51058569 2.22082515e+01
76.73101577 32.85017738 -34.62423905 2.00897292e+01
77.10551710 32.69458106 -35.88635418 2.31590356e+01
77.01889487 32.63531289 -34.72774818 2.27683217e+01
77.08915453 32.62533107 -35.13054108 2.36594034e+01
77.07336851 32.51520790 -33.96054138 2.51091208e+01
77.18718358 32.55594346 -35.15342843 2.61422407e+01
77.11650434 32.56541241 -34.75311221 2.49193399e+01
77.28583051 32.48724882 -35.17245199 2.96599236e+01
77.29812604 32.31751839 -33.60405884 3.75397089e+01
77.27025764 32.37703942 -34.00189885 3.33791733e+01
77.28145654 32.24836175 -32.79596146 4.08734030e+01
76.88996381 32.52654873 -32.71079554 2.28930204e+01
76.80991694 32.66754257 -33.47363083 2.13079378e+01
76.62063028 32.81373621 -33.38342591 2.03655799e+01
76.63704429 32.92376710 -34.58259645 2.02412866e+01
76.68869085 32.80123361 -33.81769108 2.06453837e+01
76.51909035 33.06022920 -34.91728500 1.98913757e+01
76.59497996 32.87517778 -33.76840974 2.02041549e+01
76.52764625 32.88841370 -33.32830840 1.90727995e+01
76.50246264 32.95023150 -33.71463087 1.91883227e+01
76.43593225 32.96424723 -33.27051701 1.77922019e+01
76.24119744 33.04944247 -32.33392354 1.43335734e+01
76.23263539 33.18220316 -33.54086978 1.64793761e+01
76.15350189 33.12853731 -32.26069035 1.33060943e+01
76.14530534 33.26171178 -33.47834055 1.59870881e+01
75.98210922 33.28990768 -32.10155953 1.41124055e+01
76.16855588 33.19846117 -33.08693817 1.51024430e+01
75.89831501 33.37205025 -32.02004679 1.50437788e+01
75.99690174 33.35995863 -32.94684642 1.56265416e+01
75.80876461 33.58963385 -33.21928783 1.60616936e+01
75.67920305 33.93816314 -35.37217895 1.59710712e+01
75.72747680 33.67371044 -33.15330072 1.60449569e+01
75.89110964 33.50631662 -33.28461755 1.63760907e+01
75.66791934 33.69368441 -32.65765666 1.56095374e+01
75.66495045 33.86782168 -34.49190705 1.61331204e+01
75.64716789 33.75847668 -33.08181341 1.59310569e+01
75.58559966 33.95309487 -34.45436256 1.55929334e+01
75.27556594 34.29916995 -34.35020961 1.43979908e+01
75.33413376 34.10315698 -32.85015354 1.45949314e+01
75.56775571 33.84386426 -33.00746741 1.57148614e+01
75.52718706 33.97386942 -33.94676854 1.53923488e+01
75.35210999 34.21200730 -34.37498311 1.45573476e+01
75.41130664 34.01625604 -32.91842745 1.49053989e+01
75.09423970 34.63867704 -35.70609862 1.42004496e+01
75.47695212 34.20107697 -35.73464840 1.47906383e+01
75.84090439 33.76939228 -35.42113029 1.70845752e+01
75.84781944 33.63482753 -34.12829297 1.67007981e+01
75.74857086 33.60910549 -32.73381102 1.56161500e+01
75.76624473 33.71859504 -34.07869823 1.65778811e+01
75.91297793 33.44216482 -32.87592361 1.60081434e+01
75.93046897 33.55183651 -34.17812855 1.71086295e+01
76.05930777 33.34227832 -33.41406509 1.63202536e+01
76.07662995 33.45207030 -34.69144772 1.80902425e+01
76.17753671 33.44150510 -35.54525212 1.89442519e+01
76.16250731 33.37156633 -34.73610084 1.82173714e+01
75.95985474 33.69204997 -35.84820925 1.77629174e+01
75.99202852 33.53355642 -34.64851689 1.77432233e+01
75.92328455 33.68609660 -35.44824047 1.75482063e+01
75.90864562 33.61595600 -34.60750522 1.72235002e+01
76.00679499 33.60362842 -35.47786233 1.81192987e+01
76.03644015 33.74369450 -37.03918973 1.80439773e+01
75.97460186 33.76211696 -36.63030090 1.77411512e+01
76.04393128 33.60978658 -35.87656439 1.83388894e+01
76.12925207 33.52846344 -35.90741607 1.88744062e+01
76.14426228 33.59839607 -36.68395264 1.90156636e+01
75.87694967 33.77517733 -35.82194484 1.72412685e+01
75.70781807 34.07877339 -36.96045512 1.56093255e+01
75.21299297 34.45739826 -35.29495079 1.42918647e+01
75.10752804 34.70945808 -36.53012656 1.42381652e+01
75.44310315 34.19577263 -35.32361626 1.47282302e+01
75.41315567 34.35840485 -36.53735227 1.45981654e+01
75.79511819 33.85907956 -35.79764064 1.67057019e+01
75.56938124 34.18515227 -36.55117172 1.50363728e+01
75.64859760 34.09927061 -36.55180658 1.53917506e+01
75.59972169 34.02350158 -35.35151004 1.54271144e+01
75.71428370 33.94368725 -35.77522348 1.60548844e+01
75.63436488 34.02893183 -35.75520716 1.55005319e+01
75.32231041 34.37508082 -35.71806701 1.44307828e+01
75.08839435 34.77500477 -36.93851718 1.42657183e+01
75.37175853 34.14673881 -33.87037890 1.46509952e+01
75.36583435 34.28260532 -35.31224251 1.45381278e+01
75.74518781 33.78316214 -34.53016655 1.65808219e+01
75.68566855 33.80306970 -34.02892578 1.62891185e+01
75.19954121 34.38667729 -34.33223930 1.42909065e+01
75.01898036 34.72705712 -35.70777683 1.41959358e+01
75.14309561 34.40902599 -33.76708942 1.42375160e+01
74.91218737 34.81025760 -35.29509500 1.42474470e+01
75.12396400 34.47448280 -34.31197529 1.42297092e+01
74.88217139 34.97536249 -36.54428014 1.42898609e+01
75.06193834 34.63338359 -35.28804209 1.41901666e+01
74.93807158 34.95211389 -36.94609209 1.42824558e+01
75.03212713 34.79789762 -36.53422398 1.42274355e+01
75.18326803 34.62124910 -36.52864075 1.42787675e+01
75.24000878 34.59877849 -36.93375963 1.43556889e+01
75.24583944 34.46264778 -35.71220623 1.43324914e+01
75.16401398 34.68676511 -36.93484306 1.42967227e+01
75.16983953 34.55052820 -35.70754338 1.42569359e+01
74.54159329 35.25516111 -35.35321672 1.59164554e+01
74.49848075 35.35023554 -35.65452868 1.67441763e+01
74.58470392 35.33207035 -36.58084424 1.50442626e+01
74.64016301 35.30828351 -36.97880511 1.47151307e+01
74.46780319 35.34442321 -35.05827424 1.56058068e+01
74.94401349 34.81563882 -35.71337122 1.42469468e+01
74.86931234 34.90440523 -35.71844204 1.43095887e+01
74.52944219 35.18392328 -34.30095210 1.63691962e+01
74.98692342 34.72172402 -35.29070923 1.41948456e+01
75.06777590 34.49705594 -33.72569450 1.42160723e+01
74.61545309 35.16597018 -35.33555320 1.49670206e+01
74.67695670 35.00573674 -34.20149704 1.48409880e+01
74.45580234 35.27313023 -34.10065639 1.45253202e+01
74.65894216 34.89825279 -32.17985025 1.49473156e+01
74.47435115 35.20770462 -33.64464621 1.63614107e+01
74.67756124 34.83268987 -31.56513267 1.48138041e+01
74.54800545 35.11846524 -33.59493408 1.63575927e+01
74.73285379 34.80913987 -32.26504072 1.46345551e+01
74.62173841 35.02930179 -33.51486092 1.51820636e+01
74.80693719 34.72015575 -32.32891213 1.44253874e+01
74.75088190 34.91678577 -34.22209490 1.45606238e+01
75.12507034 34.30055145 -32.13148510 1.41574704e+01
75.04876654 34.56254370 -34.28538044 1.42020800e+01
75.18151643 34.27810678 -32.71050977 1.42589408e+01
74.76347808 34.98785624 -35.30724625 1.44439771e+01
74.83771706 34.89897523 -35.29989407 1.43356159e+01
75.21881850 34.32126607 -33.79693126 1.43244231e+01
75.25756104 34.19045679 -32.77769975 1.43985703e+01
74.58515434 34.98746716 -32.12294457 1.56743481e+01
75.18731025 34.14196769 -31.20385017 1.42368683e+01
74.90008153 34.56576769 -31.87059143 1.41538467e+01
74.99279940 34.58531843 -33.67555154 1.42204381e+01
75.10592676 34.36605947 -32.65275672 1.41814535e+01
74.97389360 34.65082563 -34.26114559 1.42227414e+01
75.04974187 34.38873129 -32.05435378 1.40886616e+01
74.89930130 34.73930156 -34.24022310 1.43028317e+01
75.03072259 34.45427098 -32.58240570 1.41340365e+01
74.84370528 34.76243517 -33.59444798 1.43720665e+01
74.51146221 35.07676699 -32.34266838 1.68706146e+01
74.78736575 34.44163555 -28.63213468 1.37421116e+01
74.45639033 35.10065957 -31.90675636 1.40476822e+01
74.51779754 34.94007418 -30.35322068 1.60279081e+01
74.53002535 35.01125493 -31.57770245 1.67112812e+01
74.66504213 34.76161701 -30.39214289 1.48323177e+01
74.75151796 34.74356120 -31.65923803 1.45166570e+01
74.92979445 34.40094902 -30.30438546 1.39471799e+01
74.43784253 35.16613915 -32.50271617 1.38294231e+01
74.44430963 35.02942536 -30.67025161 1.29769128e+01
74.60374093 34.92192714 -31.45861649 1.55032689e+01
74.73885514 34.67254306 -30.50890591 1.44018167e+01
74.48713132 34.93435205 -29.88168186 1.47132288e+01
74.56672482 34.70849676 -28.34389606 1.61410411e+01
74.63402727 34.75605306 -29.82453108 1.50046998e+01
74.84265383 34.41850752 -29.17374825 1.38090460e+01
74.56053048 34.84515950 -29.71613341 1.58355641e+01
74.62162292 34.68492819 -28.85562570 1.50394838e+01
74.99127931 34.24177705 -29.41047701 1.38493625e+01
74.95584782 34.54270637 -32.50082229 1.41724259e+01
74.91682189 34.33004303 -29.29235584 1.38021435e+01
74.82567270 34.65457627 -31.75886235 1.42991220e+01
75.08509304 34.08828555 -29.07948558 1.40485110e+01
75.00439086 34.31262698 -30.42236460 1.39472869e+01
74.97476167 34.47714666 -31.96736238 1.40769358e+01
75.11170812 34.22981534 -31.09048685 1.40877981e+01
75.03651701 34.31793761 -30.98408057 1.40166127e+01
74.88125794 34.63133817 -32.41311078 1.42649454e+01
74.96167546 34.40629603 -30.87759449 1.39914973e+01
74.85548583 34.48946882 -30.18275337 1.39768017e+01
74.88713523 34.49486070 -30.76392249 1.40320277e+01
74.81286796 34.58361368 -30.63517388 1.41465036e+01
75.26339813 34.05444219 -31.31969221 1.44813359e+01
75.27702958 34.12506019 -32.30421337 1.44458134e+01
75.34004073 33.96728451 -31.41811577 1.47814086e+01
75.35380325 34.03784138 -32.38700242 1.47258998e+01
75.46122130 33.78887947 -31.08282250 1.49371082e+01
75.43120878 33.95104290 -32.44227838 1.51276152e+01
75.65363754 33.62337589 -31.76660537 1.49884293e+01
75.50931754 33.86471569 -32.48691660 1.54345510e+01
75.69876612 33.53315797 -31.38340315 1.47536842e+01
75.58819568 33.77890986 -32.57447430 1.56208403e+01
76.11530905 33.12180136 -31.81671634 1.26249624e+01
76.08207343 33.27869897 -33.01765527 1.50706945e+01
75.81569520 33.45506240 -31.93788198 1.50528266e+01
75.83023159 33.52524232 -32.80498908 1.56747739e+01
76.10036652 33.05180818 -30.99715477 1.13058892e+01
76.06715060 33.20871159 -32.18227889 1.34197168e+01
75.94512054 33.28367187 -31.64829229 1.38610572e+01
76.02957297 33.20224077 -31.73340183 1.30495613e+01
75.76537003 33.37896192 -30.58938094 1.41256266e+01
75.61871310 33.61779701 -31.28705773 1.47315217e+01
75.68446421 33.46284647 -30.47677973 1.41607529e+01
75.53955841 33.70305886 -31.18694803 1.48933755e+01
75.60453927 33.54742280 -30.36340270 1.42101614e+01
75.49529332 33.79428147 -31.57010160 1.51226618e+01
75.52551347 33.63262265 -30.24948290 1.42468627e+01
75.41731496 33.88054704 -31.49227294 1.50785868e+01
75.36984621 33.80464578 -30.01756013 1.45937837e+01
75.30671983 33.96198258 -30.89674573 1.46991236e+01
75.23624333 33.91314496 -29.32248872 1.44399153e+01
75.15463597 34.13669336 -30.66011796 1.41806213e+01
75.38963532 33.73949105 -29.56257720 1.41326368e+01
75.35198898 33.69564818 -28.49652581 1.35928817e+01
75.46735292 33.65334726 -29.68491597 1.40388057e+01
75.44956779 33.54417514 -28.12290298 1.30274682e+01
75.44730631 33.71838207 -30.13510199 1.43882110e+01
75.38363047 33.87520380 -30.99953536 1.49515473e+01
75.93043778 33.21355260 -30.80989149 1.26259086e+01
75.76923116 33.20501553 -28.62850615 1.21314934e+01
75.78672905 33.31462951 -30.19292682 1.35966725e+01
76.02023769 32.95880539 -28.99919089 1.01636790e+01
75.86909547 33.23174616 -30.32064435 1.28533563e+01
76.03741536 33.06866135 -30.53649909 1.10296382e+01
76.10645254 32.87869507 -29.11204455 9.60750662e+00
76.01476072 33.13218458 -30.90718360 1.19462507e+01
76.08325908 32.94191479 -29.63430283 1.00912014e+01
75.95263370 33.14973139 -30.43694051 1.18926023e+01
76.08943622 32.76876236 -27.37898820 8.68761550e+00
75.99753217 33.02235661 -29.53064269 1.06095643e+01
75.98033854 32.91251430 -27.80796190 9.33696247e+00
75.91309692 33.10379937 -29.41800927 1.12747409e+01
75.89579003 32.99403245 -27.68594232 9.77299616e+00
75.85169545 33.12204295 -28.76012481 1.14393881e+01
75.52811471 33.45843309 -28.24574498 1.30123279e+01
75.58684412 33.43805507 -28.88024697 1.33191531e+01
75.42949467 33.60925503 -28.61991381 1.34261274e+01
75.43181133 33.43499379 -26.48950237 1.23881188e+01
75.75176556 33.09538907 -26.91171979 1.04757569e+01
75.68786456 33.28878496 -28.49832646 1.27445108e+01
74.97330723 34.13350031 -27.94787517 1.37743612e+01
75.06714237 33.97980422 -27.58434449 1.39475978e+01
74.67773196 34.31506336 -25.72862685 1.37619057e+01
74.75078387 34.39935511 -27.66672367 1.36408858e+01
75.29306610 33.89136385 -29.90084441 1.46162111e+01
75.27517026 33.78250051 -28.37936788 1.39078863e+01
75.21689064 33.97848350 -29.78248287 1.44569939e+01
75.19896425 33.86975968 -28.26756523 1.40253877e+01
75.04810689 34.04530724 -28.04882852 1.39833438e+01
75.01017639 34.17629399 -28.96388058 1.38523135e+01
74.69510190 34.59597801 -28.95795292 1.42643327e+01
74.82467741 34.31054429 -27.76062487 1.35508044e+01
74.70765030 34.66704902 -29.94171883 1.43916837e+01
74.78144832 34.57817523 -30.05489154 1.41017205e+01
74.41380645 35.02361754 -30.23607757 1.24660533e+01
74.47501793 34.86312047 -28.74110634 1.36148924e+01
74.40183987 34.95233302 -29.06654345 1.28932904e+01
74.38393119 34.84535416 -27.37761835 1.19479259e+01
74.54827115 34.77398112 -28.75264776 1.62831707e+01
74.62215781 34.51188871 -27.06375539 1.45147198e+01
74.64011066 34.61942094 -28.43947160 1.46488737e+01
74.67713566 34.48833638 -27.57816148 1.40518712e+01
74.71363674 34.53045526 -28.53110593 1.40085606e+01
74.76939808 34.33377825 -27.22607438 1.34873299e+01
74.53032940 34.66666874 -27.42081611 1.60138646e+01
74.47552095 34.69046343 -26.92295451 1.31067648e+01
74.45761278 34.58326556 -25.56356287 1.19402752e+01
74.40234263 34.77987576 -26.85196942 1.23360362e+01
74.73283119 34.29155085 -26.24765936 1.34488203e+01
74.69567433 34.42275933 -27.14250201 1.37937873e+01
74.34209318 34.59587856 -22.69353071 1.07193605e+01
74.43918299 34.64883148 -26.00178497 1.17943626e+01
74.44543585 34.51209149 -24.01943262 1.01818588e+01
74.60422415 34.40435739 -25.67095564 1.43256354e+01
74.59176361 34.33328611 -24.13753142 1.44010503e+01
74.80672255 34.20257941 -26.31183286 1.35477729e+01
74.66513141 34.24404420 -24.19739242 1.39951527e+01
74.75145130 34.22591997 -25.78565106 1.35351073e+01
74.78108602 34.06069991 -23.27520665 1.39587921e+01
74.89969873 34.04818829 -25.91494806 1.36102316e+01
74.92917611 33.88355495 -23.45688971 1.31842529e+01
74.96112772 33.88882601 -24.48524542 1.30915986e+01
74.88089165 34.11379810 -26.38311696 1.35527984e+01
74.91613701 33.81269603 -21.15292581 1.31988946e+01
75.23005945 33.53240980 -23.87646281 1.30821368e+01
74.86076297 33.83555709 -19.79142857 1.30653249e+01
74.85498094 33.97202521 -23.36431192 1.33462203e+01
74.88668542 33.97732854 -24.40892699 1.34768517e+01
74.82543403 34.13695759 -25.84576384 1.35984686e+01
74.76831947 33.98973497 -20.95235521 1.35864329e+01
74.81255721 34.06604423 -24.33297986 1.37728844e+01
74.70747072 34.14956551 -23.19258269 1.41474415e+01
74.73871237 34.15495365 -24.26180883 1.38824440e+01
74.51854327 34.42264179 -24.07754657 1.31746895e+01
74.60372828 34.05989899 -17.05473135 7.04627669e+00
74.48788791 34.41706162 -22.97401450 1.11495847e+01
74.47567928 34.34588995 -20.61738437 8.86425570e+00
74.33016951 34.52460573 -20.22200809 1.23929940e+01
74.54858026 34.25665931 -20.69786292 1.16035380e+01
74.47613734 34.17299256 -15.82427224 9.32061587e+00
74.49400603 34.28034934 -19.37303644 7.55872409e+00
74.62161685 34.16753528 -20.77774162 1.41466615e+01
74.34844793 34.45912584 -19.09518627 1.25685115e+01
74.40332471 34.26250977 -15.78943864 1.24569291e+01
74.31860338 34.28089025 -14.23732668 1.29110294e+01
74.53069928 34.14918985 -17.00099325 5.41926846e+00
74.56694465 34.19109593 -19.44923149 9.83845238e+00
74.62214890 33.99426568 -15.89443717 6.17353137e+00
74.72489170 33.73988169 -13.91220699 8.85289545e+00
74.87218559 33.56272862 -13.94450312 1.15902437e+01
74.84288321 33.72737848 -16.01666359 1.23238267e+01
74.97839325 33.47975539 -14.38410079 1.19491788e+01
74.89825557 33.70441289 -17.30519365 1.24988067e+01
75.02090562 33.38653090 -13.97610665 1.23249043e+01
74.91706447 33.63882512 -16.05972901 1.22976098e+01
74.99161603 33.55051946 -16.10362351 1.19857392e+01
74.93493501 33.74716169 -19.88824225 1.30951732e+01
74.76902284 33.81614863 -15.97391010 1.18260625e+01
74.71333727 34.01297099 -19.60742759 1.32684379e+01
75.04750142 33.52800595 -17.44330606 1.20529030e+01
74.99054279 33.72451196 -21.25723792 1.32122229e+01
74.82418858 33.79298836 -17.23821495 1.19298544e+01
74.78690750 33.92416680 -19.69659390 1.31422431e+01
74.63410695 34.23860465 -23.11816156 1.40931423e+01
74.69484162 34.07854799 -20.86105289 1.39909206e+01
75.35242627 33.17945364 -17.77477878 1.09615530e+01
75.23597685 33.39647368 -20.32411349 1.28960232e+01
75.69117432 32.77498710 -16.64681735 1.32977228e+01
75.46201580 33.27323973 -24.27187620 1.25952084e+01
75.45072411 33.02852290 -16.42710977 1.15878868e+01
75.39011920 33.22353593 -20.58763362 1.22305823e+01
75.50925130 33.00811533 -17.96666657 1.11127154e+01
75.44806228 33.20277263 -22.04113571 1.22837687e+01
75.12281560 33.44026010 -17.51820894 1.20342961e+01
75.00371638 33.79531704 -23.55027719 1.30896655e+01
75.27521051 33.26593615 -17.68432204 1.18653125e+01
75.32481044 33.03841459 -14.04680617 1.19482330e+01
75.14210832 33.37482745 -16.19940578 1.18498779e+01
75.17747830 33.07567868 -12.74037360 1.15156842e+01
76.00457409 32.51197395 -18.71258821 1.24362971e+01
76.49940956 31.84408266 -13.32939578 6.75322166e-01
75.83471215 32.67379239 -18.43919832 1.30272565e+01
75.68722169 32.94898913 -22.55584229 1.08569727e+01
75.75167254 32.75615073 -18.30594840 1.30848396e+01
75.60652620 33.03289682 -22.37414820 1.07995145e+01
76.09152760 32.43267349 -18.85536548 1.14357550e+01
75.86651593 32.85376068 -25.11678023 9.17945668e+00
75.77346074 32.69201315 -16.76344038 1.28520142e+01
75.62747776 32.96832908 -21.03811022 1.10525379e+01
75.78345701 32.93609309 -24.92838275 9.60363363e+00
75.70855501 32.88464010 -21.20364737 1.16729766e+01
75.90339099 32.86004375 -25.87620671 8.91803413e+00
75.85193181 32.78359032 -22.95038641 1.11392752e+01
76.02155610 32.62191842 -23.36804339 9.18042395e+00
75.95874216 32.63872355 -21.73746060 1.12956989e+01
75.93609614 32.70225039 -23.15976908 1.05752014e+01
75.87411438 32.71976145 -21.55499748 1.22905972e+01
75.70155469 33.01927971 -24.74947144 1.01497630e+01
75.76899833 32.86586236 -22.74799887 1.10375463e+01
75.52683380 33.11751453 -22.20310569 1.13235334e+01
75.46834180 33.13784598 -20.73094621 1.10603163e+01
75.14064238 33.54899947 -21.48410688 1.32113275e+01
75.10537848 33.84879416 -26.62641378 1.34454999e+01
75.15408155 33.61969518 -23.75964502 1.29021167e+01
75.08443950 33.57114571 -20.09190703 1.32123733e+01
75.06535299 33.63659727 -21.36668478 1.31143774e+01
75.00947244 33.65901107 -19.98747303 1.31164768e+01
75.21648988 33.46177012 -21.61058312 1.30470159e+01
75.15991673 33.48361708 -20.20381874 1.30239992e+01
75.20045255 33.69559205 -26.21369888 1.26755183e+01
75.07865998 33.70734799 -23.65114455 1.27079607e+01
75.26322467 33.53769613 -24.84542342 1.26501979e+01
75.18690588 33.62495290 -24.74523657 1.25750695e+01
75.04921601 33.87131815 -26.05873005 1.32485698e+01
75.11116596 33.71259253 -24.65190493 1.26812890e+01
75.34019211 33.45087083 -24.95188564 1.28494986e+01
75.35399608 33.52139438 -26.39378070 1.24732732e+01
75.67031084 33.17925763 -26.80000762 1.14688406e+01
75.73732745 33.02516208 -25.57766040 1.00668106e+01
76.00309513 32.84893494 -27.26079440 8.80554904e+00
75.95080792 32.77236158 -25.31458450 8.76453740e+00
76.07448459 32.69877300 -26.18578486 7.96228331e+00
75.98827508 32.77888791 -26.03417036 8.35422032e+00
76.17714958 32.68969884 -27.49456446 8.23897223e+00
76.25100520 32.54189485 -26.40169406 7.13318394e+00
76.33183298 32.59709447 -28.27603821 1.05167389e+01
76.43272442 32.38950320 -26.59935532 9.42944265e+00
76.26620500 32.61175538 -27.60448972 8.77625531e+00
76.34122887 32.46513190 -26.50254862 8.37195995e+00
76.28607058 32.38757302 -23.77834695 6.03975057e+00
76.21166605 32.53449787 -25.76439247 7.17146768e+00
76.22070629 32.40209307 -22.20464863 6.96997383e+00
76.04469113 32.55872427 -21.91689419 9.50192800e+00
76.31068446 32.32546134 -22.34587383 5.82395554e+00
76.30129121 32.45744086 -25.86703740 7.54789983e+00
76.37684228 32.31170154 -23.89718775 7.41504625e+00
76.39218556 32.38150329 -25.96517210 8.62162444e+00
76.65643743 32.09085466 -24.21707872 8.88161529e+00
76.54107072 32.38471172 -27.89418407 1.22304976e+01
77.14042205 31.74110557 -24.54344716 1.41147647e+01
76.81023767 32.09792688 -26.89320182 1.09408649e+01
76.46887556 32.23697902 -24.00933905 8.49538999e+00
76.48434879 32.30672031 -26.05695953 9.70235179e+00
76.57772514 32.23307640 -26.14162212 1.00278686e+01
76.60902960 32.37234578 -28.54789418 1.45438412e+01
76.71434731 32.16931915 -26.83578503 1.06616977e+01
76.73018031 32.23885585 -28.03455055 1.49295773e+01
77.00438551 31.95765147 -26.97841221 1.20999963e+01
76.99321435 32.08692517 -28.74311974 2.13619692e+01
76.61941005 32.24167944 -26.76973784 1.04822082e+01
76.52548942 32.31504176 -26.68943421 9.94480718e+00
77.09116180 32.01759701 -28.76214626 1.90176809e+01
77.03617772 32.13721318 -29.81557107 2.89055074e+01
77.30008712 31.75228830 -27.03663840 1.66829370e+01
77.20101778 31.82015227 -27.02472451 1.60990631e+01
77.49961949 31.61825638 -27.05274734 2.54957257e-02
77.48818066 31.74639281 -28.77460477 1.65756601e+00
77.75682609 31.41180359 -26.52264515 3.44642802e-02
77.61731787 31.62130697 -28.20513494 9.30423570e-02
77.80338809 31.42270145 -27.09954092 2.09080118e-01
77.71870251 31.55604592 -28.21309840 2.64664796e-01
77.92413268 31.42882831 -28.26567902 2.08436455e+00
78.01063709 31.29827517 -27.17904508 2.12500699e+00
78.33241760 31.12647409 -27.41137878 2.57450277e+01
78.35103511 31.19578095 -28.55336585 2.97214873e+01
78.04978604 31.15698098 -25.04807582 1.33094012e+00
78.06773628 31.22614552 -26.65190299 2.89656580e+00
77.53756543 31.47275597 -24.67886255 0.00000000e+00
77.65531473 31.47638568 -26.50281685 0.00000000e+00
77.63815892 31.40727375 -24.71897698 0.00000000e+00
77.60016934 31.55220154 -27.06385643 0.00000000e+00
77.43756041 31.53896276 -24.64151659 0.00000000e+00
77.39961333 31.68497846 -27.04665078 1.49684077e+00
77.45437887 31.60812026 -26.47613366 2.27185388e-02
77.41642246 31.75412958 -28.19840213 6.97576086e+00
77.36614805 31.54662201 -23.35598706 0.00000000e+00
77.35472413 31.67498601 -26.46800227 1.94816717e+00
77.16814337 31.68161231 -23.25929411 7.76940478e+00
77.05855552 31.87896445 -26.40939792 1.28045947e+01
77.33805889 31.60578860 -24.61195563 1.51174386e-01
77.25552432 31.74240927 -26.45171199 1.65647039e+01
77.56604954 31.41395881 -23.46948746 0.00000000e+00
77.55454764 31.54188512 -26.48939165 0.00000000e+00
77.42255850 31.42842981 -20.16351735 0.00000000e+00
77.06984326 31.74994863 -23.20236243 1.22886130e+01
77.93049673 31.10635641 -20.73969128 0.00000000e+00
77.84172855 31.27925940 -24.84862778 1.51115701e-02
77.94508530 31.21723976 -24.93676462 2.38190864e-01
77.87114743 31.22145354 -23.76835024 9.80216256e-03
78.50344729 30.77503033 -20.27938901 2.17085396e+01
78.08019515 31.10036610 -24.09368325 1.02120217e+00
79.87208862 30.46505102 -26.66249824 2.62739730e+01
79.04363873 30.60599862 -22.63636056 2.32171651e+01
78.37330150 30.98954497 -25.47375415 2.36779869e+01
78.84631907 30.63943015 -20.80970814 2.11427670e+01
78.26381229 31.04289267 -25.32291124 1.35440040e+01
78.24963039 30.93205218 -21.52865113 2.37720641e+00
77.82704262 31.16842396 -20.56430505 0.00000000e+00
77.76853297 31.28447924 -23.64564000 0.00000000e+00
77.52264014 31.36214249 -20.22643714 0.00000000e+00
77.46583713 31.47996814 -23.40760117 0.00000000e+00
77.05450867 31.63964144 -18.08638574 5.59338602e-01
77.37246987 31.22090819 -13.28859037 0.00000000e+00
77.32297389 31.49533012 -20.11592115 0.00000000e+00
77.26692238 31.61384553 -23.30827222 4.15871456e-01
77.22383141 31.56277505 -20.07163231 0.00000000e+00
76.87489337 31.88851200 -23.05719444 9.51825665e+00
77.12514590 31.63077230 -20.02837244 7.99692820e-01
76.75170989 32.01927718 -24.30318209 9.21406465e+00
76.45263606 32.12684515 -19.40838725 4.55992177e+00
77.17463516 31.35501210 -13.30600319 0.00000000e+00
76.83222655 31.83840136 -19.84076221 8.16096498e+00
76.67216054 32.16046370 -26.21553848 9.83813856e+00
76.76270397 31.84869277 -17.94807701 6.04500736e+00
76.58810509 32.10239090 -22.74587470 8.12797056e+00
76.94477192 31.87875930 -24.44612537 1.05927867e+01
76.92926158 31.76851153 -19.91501980 8.70809891e+00
76.76756131 32.08882233 -26.27717078 1.01147483e+01
76.68279216 32.03016381 -22.86333658 8.39705375e+00
76.97205702 31.81888153 -23.13744562 1.07423052e+01
76.96087886 31.94817366 -26.37717578 1.14057312e+01
76.84786972 31.94861954 -24.37848194 9.82533094e+00
76.77842578 31.95889993 -22.96477078 8.85165955e+00
76.57208496 31.99222406 -17.79696411 4.63289796e+00
76.40192743 32.24995915 -22.48375050 6.66724207e+00
76.13202201 32.47984320 -22.06046719 7.84791059e+00
76.17986602 32.35451915 -18.99855636 8.84294533e+00
76.66692488 31.91997869 -17.87727808 5.84325249e+00
76.56212385 32.16339800 -24.11621874 8.67954660e+00
76.47825918 32.06547386 -17.70001233 3.15257759e+00
76.49443439 32.17562101 -22.61641035 7.60178990e+00
76.19656830 32.46456485 -23.65603748 7.30305202e+00
76.29419829 32.21536501 -17.48133294 6.63531564e+00
76.38559746 32.13983596 -17.59250485 3.85635083e+00
76.51492021 31.91383093 -14.53166088 5.21682445e-01
76.64050606 31.98068147 -19.65140528 7.07891132e+00
76.65119222 31.85036997 -15.30809100 1.55584788e+00
76.26952025 32.27749201 -19.13883011 6.69560118e+00
76.37023350 32.07003558 -15.16327007 5.59824883e+00
76.73592664 31.90908386 -19.75079806 7.47325583e+00
76.74685729 31.77915826 -15.33994095 1.52931845e+00
76.11523385 32.36982107 -17.24484351 1.15251624e+01
76.23914672 32.13771052 -14.42946687 1.04597028e+01
76.54603850 32.05324273 -19.53769139 6.12972543e+00
76.55647611 31.92255162 -15.27011209 7.66914283e-01
76.20406635 32.29202963 -17.36521097 9.35371380e+00
76.27896076 32.14550556 -15.10198551 8.87887778e+00
76.40637806 31.91749748 -13.32587098 5.15691128e+00
76.46276904 31.99573358 -15.22083384 1.46670936e+00
76.32982664 32.06193309 -14.46635719 7.47006655e+00
76.42176269 31.98730537 -14.49997398 3.25348471e+00
76.18894958 32.22210680 -15.03519516 1.10672640e+01
76.31456793 31.99206626 -13.32106005 9.70616863e+00
77.07635133 31.42284128 -13.31340399 0.00000000e+00
76.84334799 31.70881826 -15.36344566 9.50675270e-01
76.78453338 31.62986454 -13.32936661 1.20818847e-01
76.70432806 31.76994166 -14.57347492 6.14697103e-01
77.03829856 31.57031316 -15.38378304 0.00000000e+00
77.30135440 31.22853457 -12.79150968 0.00000000e+00
76.90846142 31.50035605 -12.82721075 0.00000000e+00
76.80039883 31.69940756 -14.58880448 6.36449006e-01
77.19098934 31.42428752 -14.59440609 0.00000000e+00
76.99461564 31.56060642 -14.59869793 0.00000000e+00
76.89719815 31.62966130 -14.59627607 1.43759357e-01
76.85930984 31.77827861 -18.00726734 6.39824344e+00
76.94052117 31.63922507 -15.37599412 1.79198231e-01
76.95660362 31.70861605 -18.05091618 3.47371072e+00
77.35110774 31.43613250 -18.15736685 0.00000000e+00
77.43408381 31.30024732 -15.38828184 0.00000000e+00
77.65208662 31.23799943 -18.30630305 0.00000000e+00
77.73646553 31.10453085 -15.49248573 0.00000000e+00
78.06578473 30.98945544 -18.99712942 0.00000000e+00
78.15447207 30.86266675 -16.09765182 0.00000000e+00
78.17270851 30.93202877 -19.29509198 6.43582498e-02
78.21290721 30.79325437 -15.05745344 0.00000000e+00
78.28130576 30.87706326 -19.62254593 1.20848636e+00
77.79213301 31.03010011 -14.66084762 0.00000000e+00
78.59763505 30.65828508 -17.09412726 1.56415672e+01
78.37289798 30.75522815 -16.61524632 5.57848718e-01
78.35929474 30.87879648 -21.82778997 1.17240144e+01
78.55967140 30.51916303 -12.89738149 9.05769660e-01
78.26283718 30.80762561 -16.34878840 2.25150375e-02
78.33573603 30.61624940 -12.83758685 6.81763422e-03
78.10539455 30.84923300 -14.91824699 0.00000000e+00
78.22613041 30.66879271 -12.81199448 0.00000000e+00
78.04778123 30.92016457 -15.87703443 0.00000000e+00
78.19466123 30.72387829 -13.34859370 0.00000000e+00
77.67305808 31.02450839 -13.27349080 0.00000000e+00
77.58918174 31.15831036 -14.59647813 0.00000000e+00
77.60083415 31.03058114 -12.76511089 0.00000000e+00
77.48886412 31.22385262 -14.58982097 0.00000000e+00
77.20247988 31.29570107 -12.80166476 0.00000000e+00
77.33447486 31.36695118 -15.38390868 0.00000000e+00
77.09257664 31.49217729 -14.59934891 0.00000000e+00
77.23531078 31.43420535 -15.38444441 0.00000000e+00
77.13657769 31.50198695 -15.38541005 0.00000000e+00
77.15291793 31.57125488 -18.11183088 0.00000000e+00
77.94265995 30.97984467 -15.70074933 0.00000000e+00
77.87759794 30.89876618 -13.28234201 0.00000000e+00
77.80407304 30.90307252 -12.75910421 0.00000000e+00
77.89294786 30.73045817 -11.18588443 0.00000000e+00
77.89515472 30.96795133 -14.71518684 0.00000000e+00
77.99951773 30.90755942 -14.80240814 0.00000000e+00
77.90733963 30.84141910 -12.76333997 0.00000000e+00
77.96740527 30.72735341 -11.71082590 0.00000000e+00
78.01200586 30.78162162 -12.77499371 0.00000000e+00
78.10410524 30.61302710 -11.16511713 0.00000000e+00
78.11823258 30.72398620 -12.79131591 0.00000000e+00
78.28977130 30.55956829 -11.71549479 0.00000000e+00
78.32211867 30.73985917 -15.20981778 3.29982106e-02
78.63991810 30.52574469 -13.49595531 6.36736214e+00
78.18061967 30.61295896 -11.71028280 0.00000000e+00
78.32195033 30.50544394 -11.15566698 0.00000000e+00
78.21216448 30.55788939 -11.15807987 0.00000000e+00
77.99773664 30.67064492 -11.17483810 0.00000000e+00
78.08601656 30.54355425 -9.83260980 0.00000000e+00
77.97988334 30.60125624 -9.86451591 0.00000000e+00
77.82811631 30.64925662 -9.17097487 0.00000000e+00
77.77218123 30.72290173 -9.94018592 0.00000000e+00
77.50044503 31.09586864 -12.77204496 0.00000000e+00
77.58616384 30.91980402 -11.23363878 0.00000000e+00
77.48569437 30.98517194 -11.24958835 0.00000000e+00
77.56916822 30.85060212 -10.01526637 0.00000000e+00
77.38582444 31.05128322 -11.26590664 0.00000000e+00
77.46887694 30.91596886 -10.05151321 0.00000000e+00
77.28643808 31.11799661 -11.28135080 0.00000000e+00
77.32442722 30.97186045 -9.42063067 0.00000000e+00
76.73743885 31.38052998 -9.59519949 8.77702458e-02
76.96323815 31.38087150 -11.82543691 0.00000000e+00
77.35759554 31.11032666 -11.77611479 0.00000000e+00
77.36917231 30.98206391 -10.08183015 0.00000000e+00
76.89311400 31.39004047 -11.33506351 0.00000000e+00
77.07269058 31.18363308 -10.15733478 0.00000000e+00
77.10401676 31.36337421 -12.81106224 0.00000000e+00
77.15957823 31.24457209 -11.80255496 0.00000000e+00
76.79604069 31.45952193 -11.34689530 9.38159953e-04
76.81152194 31.56980533 -12.83368083 8.02460928e-03
77.28983933 31.35692924 -14.59165759 0.00000000e+00
77.38911347 31.29009588 -14.58661261 0.00000000e+00
76.71525928 31.63999739 -12.83821958 7.06560650e-02
76.60914526 31.84140128 -14.55536618 5.05721459e-01
76.61983094 31.71107158 -12.84186421 4.17498218e-02
76.67289290 31.59008326 -11.85488090 1.98024111e-02
76.20754694 31.95765816 -11.89104957 1.29921778e+01
76.22400865 32.06778078 -13.31459587 1.21783631e+01
76.14226136 31.97208135 -11.42138744 1.29227513e+01
76.13471770 32.14462051 -13.30544246 1.24765196e+01
76.30811023 31.75034440 -10.31832751 1.10773597e+01
76.39023116 31.80731885 -11.87889926 6.87703692e+00
76.23218578 31.89556971 -11.41212959 1.26876342e+01
76.29826344 31.88191346 -11.88570728 1.07643176e+01
76.60406142 31.60083920 -11.36967834 8.18036366e-02
76.78021109 31.39001812 -10.21789231 5.46309819e-02
76.69963713 31.52974126 -11.35820731 2.40335944e-02
76.76899188 31.51959626 -11.84586022 2.07320118e-03
76.03872936 31.97969231 -10.38158174 1.28502850e+01
75.94328747 32.19175257 -11.90187827 1.24748888e+01
75.95162376 32.05845587 -10.40169290 1.28702987e+01
75.88060493 32.20852501 -11.44320177 1.25134618e+01
75.71290490 32.37154650 -11.45445438 1.29295225e+01
75.64819034 32.56412291 -12.79865940 1.28848352e+01
75.69117908 32.43566657 -11.90622291 1.29339425e+01
75.62692345 32.62845642 -13.23990540 1.30629300e+01
75.52908928 32.60276542 -11.90416947 1.31970851e+01
75.73055076 32.14268715 -8.58370732 1.32539902e+01
75.44962026 32.68744245 -11.90174454 1.37514220e+01
75.53584261 32.46781227 -10.49107148 1.35486291e+01
75.39132379 32.70781352 -11.46302734 1.40090754e+01
75.45613780 32.55223908 -10.50356573 1.36828122e+01
75.33095920 32.90280333 -12.76094580 1.41995283e+01
75.34336275 32.63179446 -10.00998920 1.42756147e+01
75.56739767 32.64774428 -12.78991224 1.32463797e+01
75.47017922 32.62265070 -11.46269157 1.34125759e+01
75.08258350 33.22818032 -13.14884591 1.18089355e+01
75.29956426 32.72307262 -10.52272746 1.47003588e+01
75.60958278 32.51881605 -11.90567916 1.30143211e+01
75.55000763 32.53817060 -11.46118239 1.31795964e+01
75.79612152 32.28954874 -11.44929943 1.27209105e+01
75.79108731 32.46321708 -13.26351311 1.26116703e+01
76.14973455 32.21461199 -14.38796484 1.18539317e+01
76.15881396 32.08218473 -12.83780179 1.26040551e+01
76.05364638 32.04973395 -11.42884288 1.26425480e+01
76.07034831 32.15979368 -12.83248347 1.25277818e+01
75.97494419 32.37183325 -14.30024277 1.21453522e+01
76.04674926 32.22259485 -13.29504863 1.23968943e+01
75.84233074 32.53977926 -14.74434894 1.22328259e+01
75.89757404 32.31846155 -12.82129352 1.24748023e+01
75.88962016 32.45212513 -14.25597338 1.22414590e+01
75.96018369 32.30173111 -13.28511292 1.23944175e+01
75.91899111 32.59237465 -18.57349150 1.26605643e+01
76.01289281 32.37871032 -14.89147601 1.19722011e+01
75.85694306 32.60993228 -16.88000082 1.24634172e+01
75.92694864 32.45872192 -14.81790207 1.20894115e+01
76.02776405 32.44875456 -17.12195521 1.18330787e+01
76.10023834 32.29983599 -14.96426779 1.16528729e+01
75.75897452 32.62180371 -14.67197588 1.25740340e+01
75.58901887 32.92338499 -18.06723374 1.29216454e+01
75.67681251 32.70472033 -14.60094301 1.30394737e+01
75.52988492 32.94331342 -16.48896155 1.30615864e+01
75.59577058 32.78845408 -14.55276633 1.34186537e+01
75.48113278 32.86729925 -14.08500497 1.39397573e+01
75.19869635 33.35288804 -17.59854595 1.16939773e+01
75.28122470 33.13014891 -14.46278477 1.08151979e+01
75.29495987 33.20069628 -16.30833932 1.09660581e+01
75.35858076 33.04384587 -14.48417704 1.17321617e+01
75.48764944 32.73211175 -12.78064828 1.37510980e+01
75.40254684 32.95256567 -14.06572569 1.35890210e+01
75.24784716 33.12478657 -14.02811137 1.10580695e+01
75.31105300 32.96786610 -13.18802541 1.29616869e+01
75.56065029 32.78268160 -14.10452400 1.35638806e+01
75.54651667 32.71229896 -13.22733807 1.35153903e+01
75.20459605 33.21694035 -14.44169258 1.11229018e+01
75.23421557 33.05418325 -13.17485538 1.15301252e+01
75.12862618 33.30416988 -14.42136382 1.21140668e+01
75.06482688 33.11943279 -11.87882079 1.12244726e+01
75.09596059 33.29889158 -13.99249029 1.21711718e+01
75.17158591 33.21162824 -14.00984787 1.13024074e+01
74.85920088 33.49186140 -13.11203077 1.09673453e+01
74.79838464 33.65120093 -13.92830698 1.06407970e+01
74.94633956 33.47449288 -13.96040670 1.19851507e+01
74.95204907 33.33817563 -12.70864912 1.17538557e+01
74.29469822 34.13841110 -12.60977331 1.39801946e+01
74.39118443 34.19134054 -14.25250783 1.33326230e+01
74.69545120 33.90511523 -15.93279715 9.30844761e+00
74.75619787 33.74522918 -14.33160935 1.00218897e+01
74.67694920 33.97074685 -17.11152320 9.76792321e+00
74.68276114 33.83414503 -14.31436466 7.40104524e+00
74.33060368 34.35210831 -15.75556323 1.31811862e+01
74.38502510 34.32807787 -16.89499753 1.20138242e+01
74.27654961 34.20389508 -13.01270696 1.32458553e+01
74.42119524 34.02513247 -13.03747939 1.64905878e+01
74.36086278 34.18569050 -13.83983017 1.36613701e+01
74.60959432 33.92324489 -14.29806925 6.40048963e+00
74.47584236 33.82841923 -11.81921625 1.92673158e+01
74.50598105 34.00699902 -13.86839959 1.24575518e+01
74.49367092 33.93588109 -13.04966237 1.72732957e+01
74.34882962 34.11447509 -13.02506955 1.43450656e+01
74.28844308 34.27515885 -13.82549971 1.29592616e+01
74.57873511 33.91780753 -13.88234952 7.78647865e+00
74.65168381 33.82875595 -13.89672279 7.25066951e+00
74.36700041 34.04895831 -12.62105316 1.58540888e+01
74.54845404 33.73910818 -11.82753204 1.49715721e+01
74.25875002 34.09694616 -11.79181400 1.40828223e+01
74.43939671 33.95958765 -12.63226123 1.82948313e+01
74.65748021 33.69215703 -12.66494020 8.25867267e+00
74.56675540 33.67347060 -11.41793490 1.40993269e+01
74.51191248 33.87031356 -12.64311058 1.72394197e+01
74.93322307 33.40367717 -13.12454177 1.19073237e+01
74.91541996 33.29523427 -11.86642704 1.07211159e+01
75.02664507 33.25031610 -12.71898831 1.18218748e+01
75.14035889 33.03207787 -11.88465236 1.17385027e+01
75.10176302 33.16280031 -12.72965645 1.13096207e+01
75.15808048 33.14097030 -13.16178487 1.12476736e+01
74.84704928 33.24716021 -10.54481453 9.94855558e+00
74.78629032 33.40654542 -11.43802090 9.55971049e+00
74.98987499 33.20716979 -11.87268734 1.11603455e+01
75.04386201 32.84192575 -8.06865800 1.41657084e+01
74.77338390 33.33566967 -10.54335578 1.00125770e+01
74.69434106 33.56095106 -11.84392596 8.73882877e+00
74.76770566 33.47215802 -11.85190108 9.06406137e+00
74.71217379 33.66891293 -13.08608262 8.15008654e+00
74.71282343 33.49532513 -11.43141069 9.30361269e+00
74.63910048 33.75773687 -13.07342270 8.35646468e+00
74.62126523 33.64993952 -11.83575919 1.03349931e+01
74.58458417 33.78115693 -12.65383882 1.11377047e+01
74.55424459 33.60244875 -10.53322955 1.52958839e+01
74.40337439 33.91784063 -11.81042560 1.86637132e+01
74.52354572 33.59701669 -10.06054928 1.66111156e+01
74.49408756 33.76279570 -11.41121806 1.86722137e+01
74.23492868 33.95447787 -10.03614663 1.57539986e+01
74.34919104 33.94178143 -11.39581330 1.76758943e+01
74.22306374 33.88322341 -8.84605511 1.51262811e+01
74.48171079 33.69172605 -10.52894065 1.79670237e+01
74.80248797 33.17099967 -8.85259835 1.07429621e+01
74.40933694 33.78112278 -10.52332768 1.77825783e+01
74.43893060 33.61511783 -8.86081143 1.59943474e+01
74.30692288 33.86497936 -10.04370041 1.68431424e+01
74.38494781 33.63884646 -8.13481892 1.50063737e+01
74.45120304 33.68623257 -10.05633411 1.73244100e+01
74.51113907 33.52594905 -8.86232884 1.64111025e+01
74.31296753 33.72824776 -8.13250417 1.50425612e+01
74.65682558 33.17448988 -5.92731708 1.31891812e+01
74.74200363 33.33035753 -10.06618928 1.04396543e+01
74.81542076 33.24187441 -10.06613815 1.00396621e+01
75.07060463 32.98332701 -10.53926178 1.21423766e+01
75.11924014 32.75481572 -8.04966859 1.49299611e+01
74.99558383 33.07094050 -10.54277985 1.09539063e+01
75.02477586 32.90730637 -8.82216551 1.33411071e+01
74.62700826 33.51333105 -10.53678790 1.20797303e+01
74.67459355 33.28250462 -8.12782556 1.28573101e+01
74.70004792 33.42440028 -10.54036401 1.06358695e+01
74.63965174 33.58430450 -11.42468825 1.05439938e+01
74.96339655 33.06566776 -10.06018224 1.09825383e+01
75.03809360 32.97803219 -10.05392517 1.21933347e+01
74.59609043 33.50794426 -10.06315348 1.35930831e+01
74.65623022 33.34808090 -8.86055480 1.29397934e+01
75.21653707 32.94515123 -11.88982344 1.29630672e+01
75.32954687 32.56127574 -8.74607485 1.42511196e+01
75.15977845 32.96673695 -11.45820956 1.24976521e+01
75.29342462 32.85869938 -11.89444031 1.43986903e+01
75.17573534 32.73333583 -8.78913463 1.52194562e+01
75.22253149 32.80934670 -10.52960338 1.47506130e+01
75.23620072 32.87991666 -11.46059535 1.39420626e+01
75.37740616 32.63734887 -10.51409866 1.40740331e+01
75.31335782 32.79359003 -11.46227827 1.46959376e+01
75.37109296 32.77277615 -11.89846868 1.44513799e+01
75.69849306 32.30129552 -10.46028606 1.31489434e+01
75.63089079 32.45444507 -11.45844518 1.30956421e+01
75.86594284 32.13837982 -10.42340225 1.29053474e+01
75.81419169 32.06151619 -8.54367061 1.31852741e+01
75.91381272 32.05151105 -9.84808794 1.30168699e+01
76.09724659 31.76206094 -7.60785088 1.29874204e+01
75.57090236 32.13376979 -5.62266496 1.31493099e+01
75.56692375 32.30779239 -8.65767355 1.34635555e+01
75.61660231 32.38414027 -10.47662241 1.34261300e+01
75.64814986 32.22480331 -8.62198240 1.33469865e+01
75.58111041 32.37815339 -9.95374548 1.35109152e+01
75.66245990 32.29511129 -9.93023181 1.32378105e+01
75.50086394 32.46199591 -9.97493273 1.37247440e+01
75.48680073 32.39158211 -8.69035483 1.37498716e+01
75.34966953 32.49636332 -7.97633992 1.39584554e+01
75.26594275 32.71761235 -10.02389754 1.49064855e+01
75.17770649 32.55906043 -5.76346135 1.34465726e+01
75.19529030 32.66815227 -8.02833526 1.47752276e+01
75.11337418 32.89078066 -10.04546091 1.36668253e+01
75.18930361 32.80395900 -10.03560622 1.48762568e+01
74.72920093 33.25943396 -8.85807497 1.16637637e+01
74.93248778 32.88628952 -6.60353354 1.32034650e+01
74.96909513 32.92943855 -8.08590175 1.31634971e+01
75.02619086 32.73311969 -5.82420327 1.38336812e+01
75.23469431 32.53786138 -6.49870500 1.35916658e+01
75.27207538 32.58198260 -8.00401658 1.42874296e+01
75.50761163 32.32703695 -7.91042166 1.34428805e+01
75.39027358 32.36666389 -6.44107140 1.32935789e+01
75.58812450 32.24347075 -7.87230107 1.33676992e+01
75.49029780 32.21744253 -5.65405851 1.32993249e+01
75.66976856 32.16073228 -7.83103892 1.32643806e+01
75.65264850 32.05093383 -5.58970301 1.30257075e+01
75.88231507 31.87135066 -6.20899502 1.29739054e+01
75.83672060 31.99802743 -7.74232264 1.30585570e+01
75.96876409 31.79224333 -6.16880271 1.29099527e+01
75.92214387 31.91820297 -7.69534058 1.30843551e+01
75.89066494 31.73801812 -4.41995866 1.31022106e+01
75.90538410 31.80816561 -5.48881504 1.30349535e+01
75.73560506 31.96900712 -5.55562801 1.30555682e+01
75.71349430 32.03283281 -6.29162218 1.30015390e+01
75.55668427 32.06342866 -4.51626657 1.31784911e+01
75.54966050 32.19812953 -6.37142660 1.31932800e+01
75.60240775 31.97440869 -4.12829654 1.32174527e+01
75.39678508 32.23143743 -4.56341548 1.34258433e+01
75.05541245 32.56987152 -4.29177732 1.35046067e+01
75.00708591 32.79855177 -6.58046868 1.37624651e+01
75.01282956 32.66242852 -4.69211648 1.37791565e+01
74.93815604 32.75004366 -4.71979347 1.34913777e+01
74.75887092 32.92099559 -4.33349270 1.29623783e+01
74.61310625 33.09821607 -4.33652479 1.40719575e+01
74.32479576 33.45484419 -4.32032532 1.49451496e+01
74.42115162 33.50766411 -6.68405314 1.40955956e+01
74.57144394 33.19251425 -4.77224570 1.44189772e+01
74.45705218 33.54954362 -8.13519754 1.51249248e+01
74.60181702 33.37133892 -8.13113449 1.38165305e+01
74.78473126 33.06271339 -6.64024301 1.24970972e+01
74.74766812 33.19387118 -8.12170166 1.18587362e+01
74.80332898 32.99711894 -5.89628064 1.27826334e+01
74.63845385 33.24012166 -6.66457432 1.31193514e+01
74.36717733 33.53150798 -5.96159320 1.43025977e+01
74.85839623 32.97436046 -6.62352949 1.27020249e+01
74.82107408 33.10545975 -8.11220793 1.15222219e+01
74.58355067 33.43692418 -8.86192420 1.45436915e+01
74.51154201 33.35268042 -5.94807313 1.37200311e+01
74.52931845 33.46036095 -8.13377983 1.53139238e+01
74.56576956 33.32913133 -6.67213470 1.40422539e+01
74.20530664 33.77628802 -6.68537608 1.42990975e+01
74.29492133 33.79377123 -8.85264820 1.56290921e+01
74.34909507 33.59711612 -6.68674508 1.43815197e+01
74.24108562 33.81773283 -8.12788459 1.48217410e+01
74.27715510 33.68666218 -6.68730600 1.44610163e+01
74.35497161 33.46039459 -4.77942759 1.46535060e+01
74.29520353 33.62108209 -5.96429195 1.45762561e+01
74.43927730 33.44203338 -5.95633316 1.37562601e+01
74.42693929 33.37096530 -4.77754093 1.41093381e+01
74.49335722 33.41832479 -6.67892855 1.39016756e+01
74.52818259 33.11611238 -3.39038039 1.47578821e+01
74.18154235 33.63383683 -4.31236107 1.46428180e+01
74.39658716 33.36548257 -4.32309531 1.44778931e+01
74.49907280 33.28165808 -4.77532906 1.42130220e+01
74.21139120 33.63953764 -4.77937829 1.46279648e+01
74.46852952 33.27623432 -4.32739226 1.43918566e+01
74.54068094 33.18713290 -4.33333257 1.45861897e+01
74.68582755 33.00949799 -4.33571661 1.32519910e+01
74.74598762 32.85011409 -3.44960818 1.33111242e+01
74.79034497 32.92628364 -4.74601728 1.28903642e+01
74.76447109 32.78456753 -3.00287352 1.33904508e+01
75.11751011 32.41241815 -3.41765822 1.35258384e+01
74.98046898 32.65712114 -4.31656737 1.38057564e+01
75.11935455 32.23799049 -0.81399842 1.40095761e+01
74.89298566 32.67397535 -3.49932284 1.37738554e+01
75.04357509 32.32479442 -0.82796846 1.40208676e+01
74.83789716 32.69639243 -3.04433373 1.35698091e+01
74.96848972 32.41205935 -0.84313777 1.39359554e+01
74.60097399 32.85358376 -0.82311337 1.51805030e+01
74.83228214 32.83273767 -4.33108059 1.31686288e+01
74.81927222 32.76190322 -3.47182135 1.32955587e+01
74.25312252 33.54430038 -4.31748862 1.48918890e+01
74.31269117 33.38368824 -3.33466879 1.52751396e+01
74.69143323 32.87299977 -2.96684507 1.34359260e+01
74.58273433 32.91925690 -1.63142709 1.51144141e+01
74.24115082 33.47309984 -3.32233176 1.53402589e+01
74.31291332 33.21077845 -0.77056936 1.51796849e+01
74.18760237 33.49709232 -2.78111142 1.52319162e+01
74.22342475 33.36599901 -1.51324311 1.53335072e+01
74.40235478 33.22878815 -2.84360874 1.52585664e+01
74.36661087 33.18691401 -1.55337065 1.52406171e+01
74.38460920 33.12125668 -0.78280129 1.51875794e+01
74.15198715 33.45567047 -1.49709021 1.51175538e+01
74.24134737 33.30040115 -0.76091385 1.52268298e+01
74.29495752 33.27640870 -1.53148321 1.52053542e+01
74.45646943 33.03185560 -0.79522272 1.51655329e+01
74.51043318 33.00829989 -1.60353645 1.50826706e+01
74.94953208 32.47756189 -1.70304865 1.37278107e+01
74.65533470 32.83041440 -1.66260607 1.46216977e+01
74.80155747 32.65341073 -1.73589320 1.38518813e+01
74.74672113 32.67614285 -0.85750435 1.42758050e+01
74.82015702 32.58779518 -0.87838885 1.42747241e+01
74.87528929 32.56531856 -1.73829973 1.39804310e+01
74.98620213 32.52099764 -3.00842203 1.35445013e+01
75.02438318 32.39020425 -1.67110623 1.36881929e+01
74.72825962 32.74178890 -1.69699705 1.37777220e+01
74.67367769 32.76475006 -0.83949270 1.49093591e+01
75.42736590 32.07075244 -3.30758332 1.33118274e+01
75.36893451 32.09050048 -2.83499569 1.34700012e+01
75.43075800 31.89643668 -0.76700618 1.38016801e+01
75.13698227 32.34723489 -2.93329527 1.36236293e+01
75.33113996 32.04570481 -1.56629893 1.36545414e+01
75.67533646 31.64818053 -0.74076536 1.34102433e+01
75.27323053 32.06594905 -0.78880789 1.38571357e+01
75.35149502 31.98084146 -0.77749104 1.37985972e+01
75.41003064 31.96109824 -1.54449722 1.36301191e+01
75.09991454 32.30329634 -1.64196688 1.38281940e+01
75.90789113 31.47172325 -1.45557125 1.30076124e+01
75.75934954 31.56732156 -0.73394743 1.32215945e+01
75.82164963 31.55072618 -1.46225467 1.32750745e+01
75.73682181 31.63087707 -1.47471279 1.33754021e+01
75.48996922 31.87723872 -1.52437164 1.36209190e+01
75.57103485 31.79420034 -1.50596644 1.35807504e+01
75.65329881 31.71205635 -1.48936633 1.35199152e+01
75.67030962 31.82200793 -3.23577086 1.33472485e+01
75.59260608 31.73003247 -0.74860097 1.34792699e+01
75.60972433 31.84000445 -2.75319732 1.34998897e+01
75.93149131 31.40891842 -0.72726402 1.29838105e+01
75.86133304 31.59766939 -2.68916935 1.32037474e+01
75.92446470 31.58186546 -3.17853962 1.29690436e+01
76.10101189 31.42766082 -3.16493300 1.24471382e+01
75.51110259 31.81280880 -0.75736546 1.37484987e+01
75.52834497 31.92269036 -2.77878461 1.34908732e+01
75.58816762 31.90406466 -3.25900931 1.33238803e+01
75.52132795 32.05739742 -4.15100939 1.31783852e+01
75.29074530 32.17547895 -2.86598392 1.35757982e+01
75.20734070 32.39672892 -4.24055305 1.33850603e+01
75.21345556 32.26107896 -2.89879279 1.36985669e+01
75.25321351 32.13098566 -1.58977340 1.36683578e+01
75.19371146 32.32613687 -3.38915567 1.34868364e+01
75.13101780 32.48306002 -4.26628790 1.33579677e+01
75.16410039 32.48846912 -4.63332233 1.33729395e+01
75.10160886 32.64586421 -5.79458234 1.37353501e+01
75.25454603 32.47275536 -5.73584993 1.33761522e+01
75.31204967 32.45196424 -6.47142659 1.35099444e+01
75.34855671 32.15523810 -3.33371516 1.34122278e+01
75.28445115 32.31093157 -4.21865172 1.34307585e+01
75.46944955 32.28202843 -6.40768108 1.32631442e+01
75.47620203 32.14705115 -4.54003970 1.33006810e+01
75.50721006 31.98700363 -3.28281466 1.32930369e+01
75.44136161 32.14119591 -4.17353554 1.33515729e+01
75.63098490 32.11504009 -6.33259595 1.30531412e+01
75.63830812 31.98064311 -4.49180199 1.32069812e+01
75.85298960 31.73101249 -4.06091162 1.31139797e+01
75.93920605 31.65201801 -4.04218419 1.29850412e+01
75.79725256 31.95157951 -6.24984139 1.30438523e+01
75.80524501 31.81786960 -4.44313467 1.32046988e+01
76.44725351 31.35345369 -5.31443660 1.30185006e+01
76.48448995 31.20275627 -3.97099792 1.52324681e+01
76.02690453 31.57426014 -4.02788242 1.26544389e+01
76.15548826 31.50562202 -4.36440361 1.23746738e+01
76.20627325 31.42222637 -4.00202903 1.25113549e+01
76.30813850 31.21682574 -2.66346438 1.51032143e+01
76.61039895 31.27097648 -5.91709593 3.15979687e+00
76.77126083 30.99200637 -3.95002940 4.97452018e+00
76.68618508 30.93180783 -2.67728083 1.62798354e+01
76.57928232 31.13165360 -3.96279238 1.16531337e+01
76.75551170 30.92242534 -3.14991957 9.27100462e+00
76.83011371 31.07127130 -5.21834529 1.78185656e+00
76.97719543 30.72616871 -2.68524104 5.56309229e+00
76.86819561 30.92323958 -3.94258435 3.45968598e+00
77.04735905 30.71796351 -3.14585886 3.42563725e+00
76.96562717 30.85505449 -3.93384268 2.49773531e+00
77.17331060 30.59162439 -2.67478997 2.20878974e+00
76.92751227 31.00257981 -5.19190129 1.29486566e+00
76.85232872 30.85371997 -3.15056397 6.60916878e+00
76.51537026 31.34220087 -5.94967265 8.63609535e+00
76.67085828 30.82123016 -0.73598955 3.41262399e+01
76.49535268 31.07244227 -2.66799021 2.04126873e+01
76.54824503 30.95151677 -1.46359476 2.49704587e+01
76.46909551 31.13299452 -3.14735588 1.85720658e+01
76.29216456 31.10635124 -0.72607380 1.67709162e+01
76.28269341 31.27806603 -3.15141920 1.37566214e+01
76.29784297 31.34793831 -3.99039102 1.34501559e+01
76.37534913 31.20499002 -3.14865462 1.68442263e+01
76.26669087 31.16771097 -1.45063209 1.51394405e+01
76.21622093 31.29067397 -2.66335529 1.32920099e+01
76.35949510 31.09459486 -1.45404805 1.93256323e+01
76.40123235 31.14411874 -2.66379657 1.90848300e+01
76.56377302 31.06195495 -3.14755183 1.70692594e+01
76.57487755 30.89113724 -0.73321192 3.14065751e+01
76.38541695 31.03361069 -0.72797425 2.17130218e+01
76.20011017 31.18025620 -0.72455828 1.40997665e+01
76.10928452 31.25531798 -0.72476838 1.30477410e+01
76.17508503 31.24197904 -1.44932667 1.34038034e+01
76.47970625 30.96191365 -0.73038284 2.69782348e+01
76.76750027 30.75205842 -0.73895984 3.15966042e+01
77.22926201 30.47330811 -1.46945125 4.27792980e+00
77.15865904 30.48082904 -0.73798801 1.64252801e+01
76.83724571 30.74319428 -1.47955131 1.89093781e+01
77.03253279 30.60734682 -1.48238105 1.07904027e+01
77.06031829 30.54794986 -0.74045771 1.95086400e+01
76.94963772 30.78559148 -3.14907117 4.43242934e+00
77.13072952 30.54011205 -1.47844572 7.28446053e+00
77.07507628 30.65867359 -2.68359034 3.88168111e+00
76.86468119 30.68350905 -0.74059147 2.75208660e+01
76.78266735 30.86265717 -2.68080006 1.17022989e+01
76.93469451 30.67503178 -1.48251481 1.45735889e+01
76.87970147 30.79413978 -2.68530478 8.12903087e+00
77.35643482 30.34798761 -0.72307065 8.74792925e+00
77.96865940 29.97366053 -0.63667533 3.08040159e+00
77.47043492 30.39354667 -2.61340784 0.00000000e+00
78.07566277 29.91808817 -0.62448199 2.77328297e+00
77.83333381 30.08878637 -1.31624215 9.38281893e-02
77.54195049 30.38736605 -3.05955204 0.00000000e+00
77.55631203 30.21779057 -0.69656145 2.51095024e+00
77.25734714 30.41415377 -0.73146324 1.23635924e+01
77.52758018 30.27633643 -1.40987236 0.00000000e+00
77.45602994 30.28246029 -0.71331091 4.07826839e+00
77.75972209 30.09205616 -0.66536071 3.15732089e+00
78.52094469 29.72452306 -0.60999479 3.44691636e-01
77.73022428 30.14976042 -1.34613281 1.38854200e-02
77.86338488 30.03174884 -0.65088144 3.64461518e+00
78.15247911 29.91966898 -1.24020653 0.00000000e+00
77.57063725 30.32897501 -2.57908721 0.00000000e+00
78.18449168 29.86534573 -0.61572455 1.81649242e+00
78.04433597 29.97342636 -1.26115732 0.00000000e+00
78.19790618 29.97644199 -2.35460177 0.00000000e+00
77.77385726 30.20339503 -2.49442973 0.00000000e+00
77.98247872 30.08497053 -2.41668364 0.00000000e+00
78.26244409 29.86886412 -1.22454386 0.00000000e+00
78.05808068 30.08458696 -2.88620213 0.00000000e+00
78.63321272 29.91352383 -3.67863603 0.00000000e+00
78.40731026 29.76866516 -0.60683435 3.85684363e-01
78.12540973 30.16859039 -3.96235975 0.00000000e+00
78.08927588 30.02929463 -2.38155724 0.00000000e+00
77.93799671 30.02991256 -1.28755677 0.00000000e+00
77.84740311 30.20000995 -2.95200933 0.00000000e+00
77.80857930 30.34213837 -4.03850634 0.00000000e+00
77.87738235 30.14310538 -2.45459385 0.00000000e+00
77.27190526 30.52503414 -2.66158328 7.39727506e-01
77.42757119 30.34127954 -1.43638156 2.66354462e-02
77.34271470 30.51784239 -3.10891451 0.00000000e+00
77.37091081 30.45896503 -2.63985313 0.00000000e+00
77.24388324 30.58406741 -3.12646429 6.65777145e-01
77.22228414 30.79961469 -5.09203327 1.23380883e-02
77.50396409 30.53209236 -4.13544386 0.00000000e+00
77.64267693 30.32351481 -3.02471017 0.00000000e+00
77.45870902 30.52148871 -3.84667836 0.00000000e+00
77.44202282 30.45221735 -3.08541617 0.00000000e+00
77.65972649 30.39280731 -3.78959558 0.00000000e+00
77.67170361 30.26548938 -2.53626742 0.00000000e+00
77.76166344 30.33027370 -3.75748803 0.00000000e+00
77.74440778 30.26093936 -2.98800289 0.00000000e+00
77.86488717 30.26941730 -3.72660081 0.00000000e+00
77.95191485 30.14112599 -2.91836002 0.00000000e+00
78.07603724 30.15417940 -3.67288886 0.00000000e+00
78.16602902 30.03072964 -2.85927714 0.00000000e+00
77.79640269 30.46899890 -5.24026430 0.00000000e+00
78.18422449 30.10043105 -3.65339293 0.00000000e+00
78.03608107 30.29363786 -4.68278100 0.00000000e+00
78.34530568 30.06613593 -3.94996084 0.00000000e+00
77.72323823 30.47344548 -4.82413447 0.00000000e+00
77.91256677 30.28200779 -4.00898455 0.00000000e+00
77.94440858 30.46253019 -6.49736490 0.00000000e+00
78.23448670 30.11591528 -3.95050176 0.00000000e+00
78.01813547 30.22405811 -3.98316959 0.00000000e+00
77.90008757 30.40829769 -5.16605204 0.00000000e+00
77.63602435 30.64772997 -6.77703180 0.00000000e+00
78.11218390 30.29344340 -5.07084433 0.00000000e+00
77.84031022 30.52255502 -6.58486024 0.00000000e+00
78.22081295 30.23986193 -5.05946286 0.00000000e+00
78.01936432 30.46070948 -7.37171059 0.00000000e+00
78.33118665 30.18910821 -5.07841114 0.00000000e+00
77.69403183 30.53142038 -5.32329930 0.00000000e+00
77.60722008 30.70606112 -7.69327658 0.00000000e+00
77.59272068 30.59519191 -5.40783487 0.00000000e+00
77.40711810 30.83638485 -7.84447470 0.00000000e+00
77.52081529 30.60135987 -4.94274564 0.00000000e+00
77.26026366 30.65338535 -3.89286110 4.80349740e-03
77.40410615 30.59752501 -4.16360123 0.00000000e+00
77.16168582 30.72014766 -3.90927695 7.62147870e-01
77.62157062 30.53682868 -4.88495366 0.00000000e+00
77.55881104 30.45663896 -3.82032587 0.00000000e+00
77.30479471 30.66364065 -4.19046601 0.00000000e+00
77.02537752 30.93444137 -5.16352426 1.07637037e+00
77.70599125 30.40411779 -4.07063797 0.00000000e+00
77.60452981 30.46754191 -4.10474645 0.00000000e+00
76.91153941 30.93312350 -4.26209667 2.58512530e+00
76.70627099 31.20064327 -5.88564834 2.06568809e+00
77.20591621 30.73030229 -4.21245248 2.38669970e-01
77.06347216 30.78737098 -3.92350792 1.78996269e+00
76.81426482 31.00175886 -4.27293026 3.50131064e+00
76.67491276 31.06143785 -3.95692630 8.00449164e+00
76.71754479 31.07102994 -4.28548981 5.29993571e+00
76.62149022 31.14103781 -4.29447034 8.40822275e+00
76.42126492 31.41437261 -5.98308216 1.21177553e+01
76.52623751 31.21190358 -4.30687279 1.30600801e+01
76.26151544 31.50034757 -5.36704168 1.22672213e+01
76.33854181 31.35651684 -4.33360377 1.40598945e+01
76.35379286 31.42632786 -5.34103331 1.32115615e+01
76.43188058 31.28369936 -4.31860617 1.49459351e+01
76.06586116 31.58191610 -4.38096791 1.26227364e+01
75.98544276 31.90231634 -8.45761967 1.31371066e+01
76.43716841 31.52462086 -8.25930697 7.92185445e+00
76.63709952 31.21067047 -5.26592959 4.28287222e+00
76.17050147 31.57554971 -5.39451818 1.23582434e+01
76.27766984 31.61055720 -7.51917977 1.27506813e+01
76.62598960 31.38126612 -8.18857059 6.67148644e-01
76.73327482 31.14060360 -5.24275259 2.77036353e+00
76.74865814 31.25093408 -7.32709372 5.81056414e-01
76.80285856 31.13109152 -5.85270721 1.23327722e+00
77.10741442 30.79744095 -4.23250510 1.29858361e+00
77.00927977 30.86504033 -4.24766162 1.85043467e+00
76.84535980 31.18163428 -7.28848745 5.02694595e-01
77.12364376 30.86679386 -5.12959127 3.96144734e-01
77.11076150 31.03661065 -8.00561985 0.00000000e+00
77.19430132 30.85881183 -5.68594390 0.00000000e+00
76.72171510 31.31095867 -8.15422088 3.92832776e-01
76.64159002 31.45089777 -9.62019971 2.09779377e-01
76.93118110 31.24204121 -9.54415456 8.07400746e-03
76.83401111 31.31094884 -9.56979818 6.92383483e-02
76.54172588 31.28159466 -5.28971709 9.35144350e+00
76.55740557 31.39187492 -7.40168024 3.07459532e+00
76.40044280 31.67620788 -10.29696888 7.42605080e+00
76.54661006 31.52217783 -9.64663701 9.32129087e-01
76.25265168 31.67221344 -8.33488220 1.31509987e+01
76.23643275 31.56201879 -6.05167235 1.22972310e+01
76.00899418 31.83954158 -7.65126178 1.31002722e+01
76.14590061 31.63760257 -6.08958627 1.25968840e+01
76.05665999 31.71434177 -6.12996385 1.28601621e+01
75.99237481 31.72944646 -5.45689335 1.28968504e+01
76.07319126 31.82446404 -8.41723945 1.31159551e+01
76.00025821 31.97241870 -9.81707256 1.29403476e+01
76.16227739 31.74776443 -8.37603082 1.30246646e+01
76.08813009 31.89451169 -9.78810652 1.30073228e+01
76.18681398 31.68572776 -7.56244286 1.28325991e+01
76.17733581 31.81775367 -9.75870680 1.30711447e+01
76.36978978 31.53656558 -7.47877568 1.11993648e+01
76.35958418 31.66769458 -9.70046172 1.00215346e+01
76.41581054 31.74598406 -11.39159209 5.44344507e+00
76.48341857 31.73388082 -11.87166650 1.51577078e+00
77.01277030 31.10434124 -8.04679788 4.25741433e-02
76.94263125 31.11298394 -7.24825333 2.73975587e-01
76.99076847 31.32121971 -11.32253878 0.00000000e+00
77.06118857 31.31245796 -11.81414183 0.00000000e+00
77.50683825 30.77081166 -7.77178869 0.00000000e+00
77.42378038 30.90560969 -9.38012381 0.00000000e+00
77.72563774 30.71158533 -9.22682183 0.00000000e+00
77.70844144 30.64236052 -7.61217967 0.00000000e+00
77.81071283 30.57999542 -7.52675948 0.00000000e+00
77.73759926 30.58441406 -6.68132837 0.00000000e+00
77.22551214 31.03865950 -9.45654156 0.00000000e+00
77.30791767 30.90260634 -7.90593337 0.00000000e+00
77.39245126 30.72567684 -5.56000304 0.00000000e+00
77.33601843 30.84358355 -7.03148373 0.00000000e+00
77.42078233 30.66679131 -4.99548784 0.00000000e+00
77.43540601 30.77753402 -6.95496989 0.00000000e+00
77.04037927 31.04489560 -7.20395719 8.00191394e-02
77.09581765 30.92612384 -5.73645673 2.65865628e-01
78.15742477 30.34925696 -6.38629669 0.00000000e+00
78.44317644 30.14116795 -5.12669658 0.00000000e+00
78.14359312 30.23827631 -4.66070381 0.00000000e+00
78.03722688 30.53010913 -9.06672149 0.00000000e+00
78.00530430 30.34968040 -5.10794212 0.00000000e+00
77.93027488 30.35149073 -4.71915602 0.00000000e+00
78.25288215 30.42036171 -9.00265726 0.00000000e+00
78.23454684 30.35078148 -7.28917448 0.00000000e+00
78.12609028 30.40443769 -7.31947507 0.00000000e+00
78.05007328 30.40466646 -6.42918383 0.00000000e+00
78.37733072 30.24666493 -6.39102741 0.00000000e+00
78.26652651 30.29655333 -6.37248117 0.00000000e+00
77.78957695 30.79215582 -11.20009097 0.00000000e+00
77.86315157 30.78782481 -11.71554860 0.00000000e+00
78.30340312 30.43579947 -9.79271478 0.00000000e+00
78.19384062 30.48832542 -9.80819454 0.00000000e+00
78.89122921 30.27981165 -11.19129226 1.27760357e+00
78.58864195 30.27604345 -9.01118522 1.72855050e-02
79.00729468 30.23925747 -11.20381161 1.28998044e-01
78.74138955 30.37196373 -11.76547952 4.98571606e+00
78.64135921 30.29431929 -9.80343733 9.87540921e-02
78.71804429 30.11238558 -6.63791476 0.00000000e+00
78.93412390 30.15074676 -9.15188942 5.68038508e-03
78.91482950 30.08134938 -7.61713366 0.00000000e+00
78.34473082 30.29991032 -7.28386221 0.00000000e+00
78.47642713 30.08893000 -4.71634189 0.00000000e+00
78.45651692 30.25181075 -7.30425273 0.00000000e+00
78.36329066 30.36957414 -8.99061304 0.00000000e+00
78.98796162 30.17014472 -9.89180922 1.29724343e-02
79.14660468 30.00207430 -7.80889946 0.00000000e+00
80.30298471 29.56289406 -9.71975543 0.00000000e+00
80.03485154 29.61720758 -8.36041587 0.00000000e+00
79.33534445 30.04843592 -9.99986650 0.00000000e+00
79.49088050 29.87673816 -8.10362319 0.00000000e+00
79.16598660 30.07091466 -9.25313286 2.40514020e-03
79.29658844 29.91182061 -7.22541860 0.00000000e+00
79.39634795 29.98827059 -9.36910878 0.00000000e+00
79.44995690 30.00559974 -10.03811902 0.00000000e+00
79.28149937 30.03024043 -9.30940683 0.00000000e+00
79.63700360 29.77901143 -7.58965328 0.00000000e+00
79.54888908 30.07946893 -11.81918448 0.00000000e+00
79.78587837 29.86290336 -10.10217547 0.00000000e+00
79.21994873 30.08975873 -9.95971577 7.17740028e-03
79.05009731 30.11087411 -9.20172525 4.50845160e-03
80.09228086 29.81487894 -11.55181414 0.00000000e+00
79.94959527 29.74185641 -9.51325393 0.00000000e+00
80.00011720 29.75249312 -10.05209616 0.00000000e+00
80.13667401 29.55548382 -8.29247817 0.00000000e+00
79.88118410 29.93004299 -11.72210562 0.00000000e+00
80.15579329 29.62120918 -9.37862123 0.00000000e+00
80.42741644 29.35349696 -7.79173518 0.00000000e+00
80.25506837 29.55625324 -9.24943586 0.00000000e+00
80.54055562 29.34816129 -8.62612489 0.00000000e+00
80.39928731 29.49443675 -9.54097888 0.00000000e+00
80.76893845 29.33856829 -10.27740719 2.03753775e-03
80.51388780 29.49014236 -10.35728881 0.00000000e+00
80.72618970 29.20487927 -8.07037768 0.00000000e+00
80.68042427 29.28132400 -8.80705301 0.00000000e+00
80.70522526 29.13836427 -6.93059421 0.00000000e+00
80.58735835 29.35295733 -9.07345109 0.00000000e+00
80.61297241 29.21036311 -7.24202085 0.00000000e+00
80.49388147 29.42423767 -9.32475068 0.00000000e+00
80.54704496 29.22100525 -6.86577965 0.00000000e+00
80.44698855 29.41913749 -8.87316595 0.00000000e+00
80.52062686 29.28233268 -7.53136126 0.00000000e+00
80.35200468 29.48871250 -9.07901026 0.00000000e+00
80.23588992 29.49066344 -8.17856209 0.00000000e+00
80.12274965 29.75808731 -11.01011606 0.00000000e+00
80.05397089 29.68315520 -9.46677121 0.00000000e+00
80.16623247 29.49770397 -7.71057163 0.00000000e+00
79.84279013 29.79722225 -9.52109384 0.00000000e+00
79.82358350 29.73064762 -8.34085831 0.00000000e+00
79.93043850 29.67561650 -8.37811022 0.00000000e+00
79.85580467 29.67654242 -7.77385684 0.00000000e+00
79.70348305 29.67410092 -6.44471259 0.00000000e+00
79.41123963 29.86975462 -7.35099824 0.00000000e+00
79.96185377 29.62030332 -7.81059712 0.00000000e+00
80.05426715 29.45163816 -6.13551689 0.00000000e+00
80.06536884 29.56065400 -7.78293610 0.00000000e+00
80.12541024 29.44617841 -6.64754774 0.00000000e+00
80.22432303 29.38082333 -6.53677719 0.00000000e+00
80.32915939 29.18708747 -4.78018428 0.00000000e+00
80.25281863 29.32169147 -5.93601994 0.00000000e+00
80.26449258 29.43174150 -7.57782109 0.00000000e+00
80.32070976 29.31269080 -6.35760169 0.00000000e+00
80.36040112 29.36323342 -7.38848754 0.00000000e+00
80.44177021 29.18137015 -5.48300912 0.00000000e+00
80.45439082 29.29276622 -7.14855628 0.00000000e+00
80.71697311 28.96301227 -4.80977505 0.00000000e+00
80.69107037 29.02500514 -5.29143203 0.00000000e+00
80.50762089 29.17045850 -5.84881993 0.00000000e+00
80.62899152 28.82574886 -3.38436809 0.00000000e+00
80.41495857 29.24235034 -6.11716387 0.00000000e+00
80.53914146 28.89976205 -3.37312740 0.00000000e+00
80.34829239 29.25253867 -5.72945691 0.00000000e+00
80.42230911 29.11575686 -4.58573434 0.00000000e+00
80.15489747 29.38822010 -6.07449429 0.00000000e+00
80.23389433 29.25628672 -4.93769626 0.00000000e+00
79.81262064 29.62229438 -6.58448483 0.00000000e+00
80.03545385 29.38598034 -5.10051480 0.00000000e+00
79.73645047 29.62110604 -5.90460227 0.00000000e+00
79.88166607 29.43487069 -4.61939555 0.00000000e+00
79.49438884 29.64977510 -4.59572962 0.00000000e+00
79.47955192 29.76834769 -6.15003578 0.00000000e+00
79.13462618 29.89298774 -5.76493298 0.00000000e+00
79.15003406 29.77468504 -4.27896269 0.00000000e+00
79.28493408 29.80308744 -5.32909022 0.00000000e+00
79.26210783 29.96174621 -7.90030289 0.00000000e+00
79.25035871 29.85293314 -5.88537820 0.00000000e+00
79.18119245 29.95242168 -7.10637842 0.00000000e+00
79.62591407 29.67074096 -5.72532660 0.00000000e+00
79.60351077 29.83096216 -8.19823252 0.00000000e+00
78.94933454 30.03159872 -6.86567027 0.00000000e+00
79.06534305 29.99213700 -6.98943790 0.00000000e+00
79.51358188 29.71731469 -5.56950342 0.00000000e+00
79.52482953 29.82566484 -7.47376476 0.00000000e+00
78.82088941 29.96160655 -4.93061344 0.00000000e+00
78.83346888 30.07147047 -6.74904235 0.00000000e+00
78.56969927 30.20630901 -7.35192371 0.00000000e+00
78.70523630 30.00225374 -4.84814815 0.00000000e+00
79.01853409 29.93234913 -5.64345573 0.00000000e+00
79.03074665 30.04172794 -7.71034207 0.00000000e+00
79.05322924 29.88285259 -5.12147184 0.00000000e+00
78.90238354 29.97167850 -5.52087187 0.00000000e+00
78.48967667 30.19951614 -6.44106013 0.00000000e+00
78.55657319 30.09586480 -5.20368644 0.00000000e+00
78.36387332 30.13590568 -4.67727292 0.00000000e+00
78.45769441 30.01916634 -3.96116919 0.00000000e+00
78.59031375 30.04452074 -4.77638782 0.00000000e+00
78.68623298 29.93262964 -4.01933355 0.00000000e+00
78.93698666 29.92201990 -5.01956149 0.00000000e+00
79.09608070 29.75519918 -3.89957015 0.00000000e+00
78.40585787 30.00163647 -3.64421180 0.00000000e+00
78.76365360 29.75295070 -2.37959770 0.00000000e+00
78.80178163 29.89212239 -4.06681768 0.00000000e+00
78.83265578 29.65349164 -1.27162500 0.00000000e+00
78.74835006 29.87254175 -3.71471017 0.00000000e+00
79.07681263 29.68611587 -3.04593574 0.00000000e+00
78.99551853 29.67538612 -2.48870944 0.00000000e+00
79.03397920 29.81380160 -4.19596336 0.00000000e+00
79.21178750 29.71581979 -3.98801297 0.00000000e+00
79.60680129 29.60364983 -4.74969931 0.00000000e+00
79.38055178 29.69327166 -4.47689960 0.00000000e+00
79.39979975 29.76124398 -5.44526001 0.00000000e+00
79.67929857 29.42067361 -3.36541678 0.00000000e+00
79.44109395 29.63283821 -4.20790158 0.00000000e+00
79.45593567 29.51421441 -3.13223073 0.00000000e+00
79.32689574 29.67523163 -4.09049276 0.00000000e+00
79.30760249 29.60682591 -3.27248554 0.00000000e+00
79.41078851 29.45650060 -1.81655978 0.00000000e+00
79.22708614 29.59753174 -2.71116788 0.00000000e+00
79.29632679 29.49823582 -1.61937096 0.00000000e+00
78.86406479 29.83289819 -3.76176791 0.00000000e+00
78.98007320 29.79400204 -3.82263905 0.00000000e+00
78.42037881 29.87957808 -2.32741338 0.00000000e+00
79.09992164 29.52773903 -0.71076851 5.43398415e-01
78.57143517 29.97480360 -3.98377566 0.00000000e+00
78.61431682 29.84377784 -2.84899702 0.00000000e+00
78.51894354 29.95638602 -3.65590158 0.00000000e+00
78.50019370 29.88659498 -2.83430934 0.00000000e+00
78.30833645 29.92656888 -2.33601306 0.00000000e+00
78.38727356 29.93184139 -2.83204823 0.00000000e+00
78.71680296 29.69269544 -1.24458727 0.00000000e+00
78.84493934 29.76338296 -2.91412216 0.00000000e+00
78.64833467 29.79322724 -2.35012031 0.00000000e+00
78.72932924 29.80288760 -2.87513594 0.00000000e+00
78.48721213 29.77591523 -1.21682914 0.00000000e+00
78.63570213 29.68272674 -0.61683856 6.53149862e-01
78.37409049 29.82099752 -1.21565366 0.00000000e+00
78.29509362 29.81555592 -0.60881932 9.04368728e-01
78.86735317 29.60401098 -0.64387629 0.00000000e+00
79.33099811 29.44849697 -0.85270922 0.00000000e+00
78.75126832 29.64274522 -0.62774871 7.31694165e-01
79.44518519 29.40613803 -0.96385057 0.00000000e+00
80.46201100 28.79970221 -0.88784661 0.00000000e+00
78.98367018 29.56590251 -0.67105293 2.76873967e-01
79.06503484 29.57689294 -1.38182145 0.00000000e+00
79.52399863 29.41234286 -1.97468085 0.00000000e+00
79.53482562 29.52049277 -3.63918843 0.00000000e+00
78.94882931 29.61510728 -1.31492922 0.00000000e+00
78.87947637 29.71387414 -2.42298802 0.00000000e+00
80.16778441 29.18451424 -3.52567608 0.00000000e+00
79.64621135 29.47324661 -3.74148726 0.00000000e+00
79.56849090 29.46898413 -3.33434777 0.00000000e+00
79.89427971 29.31355188 -3.15079408 0.00000000e+00
79.63555306 29.36517542 -1.99442673 0.00000000e+00
79.85222107 29.26033390 -1.76800374 0.00000000e+00
79.55797247 29.36110754 -1.01083029 0.00000000e+00
80.06897915 29.24942151 -3.54029142 0.00000000e+00
81.19087430 28.30848299 -1.11304223 0.00000000e+00
80.55121931 28.72480194 -0.93409339 0.00000000e+00
80.61518199 28.71256799 -1.76920909 0.00000000e+00
80.34528344 28.93498894 -1.67495109 0.00000000e+00
80.27974819 28.94600607 -0.85932908 0.00000000e+00
80.09852631 29.19168520 -3.00477716 0.00000000e+00
80.29124028 29.05634762 -2.93478064 0.00000000e+00
80.18528023 29.01589611 -0.77012207 0.00000000e+00
80.25228683 29.00628971 -1.62945115 0.00000000e+00
80.08792691 29.08271450 -0.83555746 0.00000000e+00
80.44885076 28.97341564 -3.33749867 0.00000000e+00
80.69580395 28.89623398 -4.19558226 0.00000000e+00
80.43625983 28.86175040 -1.70346862 0.00000000e+00
80.37178436 28.87370191 -0.81562201 8.26146459e-02
80.08775975 29.31504780 -4.59723113 0.00000000e+00
80.18656223 29.24994572 -4.52313899 0.00000000e+00
80.15672100 29.07496981 -1.60567953 0.00000000e+00
79.96726597 29.31084524 -3.60213946 0.00000000e+00
80.05821042 29.14041797 -1.64217873 0.00000000e+00
79.98748964 29.14597912 -0.80662127 0.00000000e+00
79.95667690 29.20226984 -1.65489867 0.00000000e+00
79.88403362 29.20545211 -0.84827740 3.03697164e-01
79.74507494 29.31458971 -1.90332279 0.00000000e+00
79.66895161 29.31286082 -0.98359644 0.00000000e+00
79.55403083 29.58805252 -4.33525207 0.00000000e+00
79.78800411 29.36893485 -3.29617116 0.00000000e+00
79.66533135 29.54035020 -4.46077516 0.00000000e+00
79.86274318 29.36861211 -3.69536506 0.00000000e+00
79.77465040 29.48936824 -4.55902232 0.00000000e+00
79.93202566 29.44571904 -5.09242927 0.00000000e+00
79.82593658 29.50186021 -5.03178911 0.00000000e+00
79.84486853 29.56812675 -6.04894147 0.00000000e+00
80.28264068 29.18183696 -4.41000537 0.00000000e+00
80.51394755 29.04298375 -4.43556693 0.00000000e+00
80.37635330 29.11128790 -4.27061645 0.00000000e+00
80.56458650 28.83751370 -3.05293200 0.00000000e+00
80.46823525 29.03895718 -4.14232403 0.00000000e+00
80.60482209 28.96952833 -4.30003131 0.00000000e+00
80.55897563 28.96557455 -4.04611155 0.00000000e+00
80.64940253 28.89194863 -3.95848325 0.00000000e+00
80.83737944 28.61868253 -2.48366761 0.00000000e+00
80.74047333 28.81900065 -3.85695618 0.00000000e+00
80.90549824 28.61094817 -2.86176774 0.00000000e+00
80.83311496 28.74767026 -3.71664468 0.00000000e+00
81.45518066 28.27007711 -2.20594839 0.00000000e+00
80.97405086 28.81534714 -4.62438930 0.00000000e+00
81.34463443 28.31664852 -2.16566646 0.00000000e+00
81.90703001 28.24199768 -3.71157369 0.00000000e+00
81.53511605 28.27999821 -2.72688051 0.00000000e+00
81.85084006 28.29701644 -3.90498209 0.00000000e+00
81.56792516 28.22789946 -2.27435313 0.00000000e+00
81.44863947 28.39440299 -3.41984745 0.00000000e+00
81.76424410 28.20410476 -2.89822263 0.00000000e+00
81.49991286 28.53602975 -4.43552725 0.00000000e+00
81.88062210 28.17082693 -3.02285886 0.00000000e+00
81.79050625 28.27532803 -3.61575343 0.00000000e+00
81.66749201 28.07408893 -0.64954920 1.03242207e-02
81.68239344 28.18959700 -2.36885541 0.00000000e+00
81.64896017 28.24031512 -2.80212731 0.00000000e+00
81.56094106 28.35099853 -3.46410405 0.00000000e+00
81.40765625 28.20744950 -1.14328901 0.00000000e+00
81.42313709 28.32369855 -2.67504757 0.00000000e+00
81.23125460 28.49460296 -3.40451410 0.00000000e+00
81.33859167 28.44217051 -3.39836854 0.00000000e+00
81.13199065 28.42415513 -2.17568860 0.00000000e+00
80.97828591 28.68645896 -3.81285663 0.00000000e+00
80.82231171 28.50377281 -0.63904087 3.49666147e-01
80.81128203 28.68040614 -3.01420922 0.00000000e+00
80.70500996 28.63840891 -1.55130178 0.00000000e+00
80.74492513 28.69007226 -2.72088426 0.00000000e+00
81.01469739 28.36886137 -0.56293497 1.26082154e-01
81.00262211 28.54476593 -2.75329866 0.00000000e+00
81.08721328 28.36642424 -1.12269892 0.00000000e+00
80.91689155 28.43447843 -0.59066517 3.35393790e-01
80.89019385 28.49573580 -1.22970604 0.00000000e+00
80.79640501 28.56582369 -1.35522695 0.00000000e+00
80.98700967 28.42902133 -1.15360014 0.00000000e+00
80.73039272 28.57588359 -0.71618608 8.40965038e-02
81.43959346 28.15356695 -0.58140003 4.79752230e-01
81.55266550 28.11181778 -0.61013201 8.02310727e-03
81.74972666 28.08929666 -1.35923724 0.00000000e+00
81.23677127 28.36797624 -2.15990386 0.00000000e+00
81.11600203 28.30762294 -0.55976395 0.00000000e+00
81.32878835 28.19990516 -0.56188898 2.28008558e+00
81.31350387 28.37188989 -2.65063912 0.00000000e+00
81.29780865 28.25548320 -1.11516725 0.00000000e+00
81.22078258 28.25123078 -0.55327827 1.41125540e+00
81.78364794 28.03977942 -0.70968804 1.12150612e-01
81.79818339 28.15461851 -2.49873647 0.00000000e+00
82.33915031 27.94496868 -2.04225058 0.00000000e+00
82.49329182 27.87392381 -1.00848863 0.00000000e+00
82.13700320 27.95156351 -1.00215433 0.00000000e+00
82.25563900 27.92512787 -1.02244406 0.00000000e+00
82.57662659 27.89351260 -2.01013009 0.00000000e+00
82.69527534 27.86761338 -2.01443635 0.00000000e+00
81.86645018 28.05669021 -1.49922140 0.00000000e+00
81.98398477 28.02654173 -1.67645706 0.00000000e+00
83.55380864 27.61851752 -1.19575375 1.31914870e-02
83.20322290 27.71212921 -1.13364438 5.66076150e-02
82.81376937 27.84126244 -2.05129600 0.00000000e+00
83.05005876 27.78644296 -2.21806523 0.00000000e+00
82.93204657 27.81425340 -2.13567085 0.00000000e+00
83.16775607 27.75769516 -2.25453987 0.00000000e+00
83.08557100 27.74111077 -1.12089550 7.06670438e-02
82.86101039 27.90463237 -3.43416284 0.00000000e+00
82.84931128 27.79621274 -1.03850112 7.24162533e-02
82.82551662 27.94988245 -3.75056195 0.00000000e+00
82.96758579 27.76910155 -1.09716973 3.70018495e-02
82.97904663 27.87707256 -3.56700103 0.00000000e+00
82.73079887 27.82259326 -1.01279489 0.00000000e+00
82.74275181 27.93153270 -3.36933658 0.00000000e+00
82.61210304 27.84841805 -1.00164146 0.00000000e+00
82.50579937 27.98411188 -3.33355406 0.00000000e+00
83.28509410 27.72790617 -2.28433470 0.00000000e+00
83.09680994 27.84870537 -3.69187841 0.00000000e+00
82.26876301 28.03679713 -3.29844336 0.00000000e+00
82.45789090 27.91919864 -2.02829516 0.00000000e+00
82.10206433 27.99820787 -1.88907804 0.00000000e+00
82.03246961 28.09240722 -2.88698807 0.00000000e+00
82.01867087 27.97914280 -0.88692371 0.00000000e+00
81.99780578 28.13992582 -3.17373595 0.00000000e+00
81.90080328 28.00833472 -0.78953335 9.49799486e-02
81.91496838 28.12241572 -2.67289299 0.00000000e+00
82.14213625 28.18155744 -3.92835872 0.00000000e+00
82.58889950 28.00327327 -3.62494990 0.00000000e+00
82.37868430 28.12606693 -4.12454616 0.00000000e+00
82.62432565 27.95794885 -3.32133246 0.00000000e+00
82.44062985 28.14980044 -4.43047396 0.00000000e+00
82.70727878 27.97677357 -3.66774406 0.00000000e+00
82.08555775 28.23414530 -4.11242411 0.00000000e+00
82.32207478 28.17716363 -4.32043032 0.00000000e+00
82.61563390 28.07233046 -4.22842967 0.00000000e+00
82.73403132 28.04534639 -4.31983574 0.00000000e+00
82.85228341 28.01796655 -4.46821085 0.00000000e+00
83.03260873 28.01182091 -5.12138609 0.00000000e+00
83.32278799 27.90130426 -5.02486629 0.00000000e+00
83.29596633 27.83503548 -4.15890158 0.00000000e+00
83.15039901 27.98254255 -5.29753356 0.00000000e+00
83.17882352 27.86509705 -4.09257662 0.00000000e+00
83.02378873 28.12463488 -6.68015608 0.00000000e+00
83.26787538 27.95238617 -5.44120948 0.00000000e+00
82.91454626 28.04032597 -4.92337859 0.00000000e+00
82.90571045 28.15351890 -6.47050619 0.00000000e+00
82.70448620 28.16407477 -5.52145050 0.00000000e+00
82.58955953 28.41663945 -8.95453819 1.71711249e-03
82.79926116 28.29077987 -8.06742631 0.00000000e+00
84.18553988 27.78678291 -7.73684495 0.00000000e+00
83.17714488 28.04919616 -6.34530212 0.00000000e+00
83.99363182 28.03342384 -10.85178501 0.00000000e+00
82.82599196 28.35884411 -9.42154962 2.53743513e-03
83.25915106 28.06467976 -7.03622389 0.00000000e+00
82.88817717 28.38064797 -10.24746802 6.34993409e-03
83.07060646 28.18676260 -7.92030699 0.00000000e+00
82.66899908 28.20978660 -6.03820872 0.00000000e+00
82.56286638 28.34765708 -7.60661658 6.64328264e-04
82.31351408 28.29356627 -5.38079754 0.00000000e+00
82.55048535 28.23754977 -5.83000522 0.00000000e+00
82.46727578 28.21923668 -5.19912920 0.00000000e+00
82.26030443 28.15340991 -4.02949480 0.00000000e+00
82.58590110 28.19167249 -5.36223253 0.00000000e+00
82.49715940 28.09914936 -4.19611752 0.00000000e+00
82.02431978 28.21093033 -3.81694782 0.00000000e+00
82.07731654 28.35246261 -4.91555706 0.00000000e+00
82.20367454 28.20514515 -4.22479772 0.00000000e+00
82.19525564 28.32246445 -5.14875585 0.00000000e+00
82.67780081 28.09558279 -4.57690391 0.00000000e+00
82.55923380 28.12270445 -4.49700006 0.00000000e+00
81.96787703 28.26459491 -4.00481968 0.00000000e+00
81.99433363 28.33550213 -4.52343960 0.00000000e+00
81.73471071 28.33198484 -3.81625981 0.00000000e+00
81.61980532 28.37006430 -3.74145028 0.00000000e+00
81.39521161 28.45763725 -3.65819577 0.00000000e+00
81.32711261 28.69433486 -5.17269436 0.00000000e+00
81.17555587 28.69068527 -4.45821504 0.00000000e+00
81.28091174 28.63464452 -4.42033114 0.00000000e+00
80.88178320 28.75383004 -3.92321507 0.00000000e+00
80.78784810 28.82403873 -4.05629501 0.00000000e+00
81.10180330 28.69187313 -4.23986097 0.00000000e+00
81.02593122 28.61328945 -3.50505104 0.00000000e+00
81.20511672 28.63284373 -4.18386550 0.00000000e+00
81.12697541 28.55172352 -3.43976806 0.00000000e+00
80.78354281 28.95311471 -5.01822936 0.00000000e+00
80.73129802 29.07661814 -6.22296587 0.00000000e+00
80.80973869 28.89137663 -4.60337540 0.00000000e+00
80.79822244 29.06717755 -6.61289349 0.00000000e+00
81.00162262 28.75503425 -4.32455536 0.00000000e+00
81.01714577 28.87044067 -5.41922648 0.00000000e+00
81.19128178 28.80662426 -5.76188257 0.00000000e+00
81.53228230 28.48273878 -4.19522428 0.00000000e+00
81.28642605 28.50801571 -3.65253213 0.00000000e+00
81.18054114 28.56307361 -3.67608357 0.00000000e+00
81.22082361 28.74883986 -5.21303286 0.00000000e+00
81.64582976 28.44116139 -4.24748466 0.00000000e+00
81.74194057 28.56857866 -5.94819908 0.00000000e+00
81.72727903 28.45371552 -4.54252133 0.00000000e+00
81.54745217 28.59837378 -5.22516655 0.00000000e+00
81.87719420 28.36809784 -4.40835930 0.00000000e+00
81.84308648 28.41755196 -4.62361667 0.00000000e+00
81.97383186 28.49758250 -6.30861930 0.00000000e+00
81.43611424 28.64423555 -5.17915602 0.00000000e+00
81.54103616 28.72270755 -6.93325829 0.00000000e+00
81.77546084 28.51780620 -5.41512751 0.00000000e+00
81.85740907 28.53181901 -6.11626793 0.00000000e+00
81.40466300 28.69909772 -5.67725548 0.00000000e+00
81.32160222 28.82077116 -6.87221224 0.00000000e+00
81.38914753 28.58311867 -4.41483098 0.00000000e+00
81.31149651 28.57829009 -4.16056723 0.00000000e+00
81.29658427 28.75068913 -5.69104653 0.00000000e+00
81.16571580 28.94601152 -7.66717893 0.00000000e+00
80.91964158 28.93667574 -5.61024871 0.00000000e+00
80.77387845 29.21014414 -8.53423843 0.00000000e+00
80.98950387 28.93059384 -6.06457591 0.00000000e+00
80.91510414 29.06523139 -7.51345016 0.00000000e+00
81.27027822 28.88842213 -7.57340737 0.00000000e+00
81.08782591 29.07641501 -9.07666187 1.38011228e-03
81.51519038 28.65177542 -5.72058743 0.00000000e+00
81.43014879 28.76967209 -6.86968202 0.00000000e+00
81.62775049 28.60840947 -5.81297181 0.00000000e+00
81.48743276 28.78574580 -7.58425342 0.00000000e+00
81.66069534 28.55637171 -5.30549913 0.00000000e+00
81.65386054 28.67954904 -7.05695156 0.00000000e+00
81.71309150 28.69871820 -7.83235291 8.15866436e-04
81.40306512 28.90554829 -8.90533942 1.19425736e-03
81.97076168 28.69499100 -9.69442293 1.97947433e-02
82.41487438 28.49757341 -9.23407308 1.92411062e-03
82.17877298 28.55832446 -8.74442918 6.76080974e-03
82.47130853 28.44557804 -8.70096964 9.09992285e-04
82.05331529 28.70982710 -10.58793062 2.79927776e-02
82.08776217 28.66092844 -9.95062982 1.76629007e-02
82.28831818 28.64483984 -11.18466188 1.85778424e-02
82.65157917 28.43907684 -9.74949407 1.19025914e-02
82.35314497 28.47489363 -8.45667313 0.00000000e+00
82.11752339 28.53597863 -7.94076398 1.09721099e-03
82.44463665 28.37614310 -7.35225224 0.00000000e+00
82.36156889 28.35826667 -6.51627150 0.00000000e+00
82.20856171 28.43464016 -6.81255444 0.00000000e+00
82.12560339 28.41743032 -5.94878861 0.00000000e+00
82.24344598 28.38736274 -6.23566530 0.00000000e+00
82.32649888 28.40502580 -7.08758894 0.00000000e+00
82.70781020 28.38780105 -9.19473637 2.33346644e-03
83.27006458 28.17197196 -8.76556089 0.00000000e+00
82.94403987 28.32956464 -9.63837556 2.90457360e-03
83.30549029 28.12582346 -8.23653649 0.00000000e+00
82.68109836 28.31927988 -7.84520347 0.00000000e+00
82.59818613 28.30156933 -7.05203956 0.00000000e+00
83.03513025 28.23262308 -8.45643602 0.00000000e+00
82.95276164 28.21614479 -7.74084222 0.00000000e+00
82.91728976 28.26194926 -8.27417724 0.00000000e+00
82.83470765 28.24496440 -7.52914639 0.00000000e+00
83.29688890 28.23835207 -10.16854863 2.87461866e-03
83.38707578 28.14043864 -8.89869734 0.00000000e+00
83.18819686 28.15669168 -8.08616663 0.00000000e+00
83.17953237 28.26943865 -10.00545199 4.02406714e-03
82.53320300 28.46819970 -9.48618837 3.81013573e-03
82.76992637 28.40996385 -10.00280153 8.68450655e-03
83.35915881 28.25821550 -11.05540869 5.35776904e-03
83.15089502 28.38743840 -12.41743178 2.00387756e-02
83.24180680 28.28984578 -10.87980259 6.11028998e-03
83.11534984 28.43364269 -13.26544356 3.55862387e-02
83.12416311 28.32071838 -10.68444838 5.51114169e-03
83.03297673 28.41806756 -12.18106468 1.91425358e-02
83.00627196 28.35094585 -10.47853371 5.18960130e-03
82.79658823 28.47795056 -11.63851727 4.81737621e-02
82.55982741 28.53709020 -11.05003708 3.47722871e-02
82.64283911 28.55396174 -12.12360451 1.17097588e-01
82.44147868 28.56691145 -10.76484674 1.63105548e-02
82.52455003 28.58380268 -11.79559201 4.39661113e-02
82.17059519 28.67666360 -10.87502144 2.13624487e-02
82.06722590 28.82310797 -12.76011459 6.27893270e-02
82.32327287 28.59727073 -10.50104912 1.33146370e-02
82.10154440 28.77397394 -12.14805934 4.11710100e-02
82.67822175 28.50751254 -11.35471167 5.30127380e-02
82.57227682 28.64732779 -13.68252668 2.01142778e-01
82.76112699 28.52421955 -12.43566971 9.52938363e-02
82.69037388 28.61712375 -14.13146676 2.95403171e-01
82.87934803 28.49437334 -12.72983279 6.16892515e-02
82.80845965 28.58698758 -14.57055936 2.56421776e-01
82.91485926 28.44819439 -11.92003545 4.13841028e-02
82.89104016 28.60306094 -16.04943996 3.43113148e-01
83.35045879 28.37066553 -13.69208051 2.96458154e-02
83.23303826 28.40249423 -13.49241407 2.96120437e-02
83.39668294 28.43127228 -16.43353600 1.23349136e-01
83.47618218 28.22574409 -11.21088968 5.68262155e-03
82.65508906 28.66377727 -14.94483401 4.37326900e-01
82.79977700 28.70145941 -18.33807835 1.15739308e+00
82.41921576 28.72513301 -13.91250520 9.04650859e-02
82.68175870 28.73223609 -17.30586500 1.02108252e+00
83.36124602 28.47782757 -18.00994396 2.43346139e-01
83.27080410 28.57629503 -21.16382011 1.08622232e+00
83.12655346 28.54144101 -17.11462983 1.83661696e-01
83.03560362 28.63958907 -20.09908159 9.72603469e-01
83.00887774 28.57244089 -16.60357477 1.95321661e-01
82.91774592 28.67063789 -19.30210640 1.19763716e+00
82.74371938 28.75360344 -19.33311254 2.16108825e+00
82.41614592 28.91716780 -20.30363951 4.62805984e+00
82.97988747 28.69144484 -21.75403910 2.82918333e+00
82.86184153 28.72258540 -20.66384058 2.68222860e+00
82.62558743 28.78469466 -18.24317484 1.56426537e+00
82.29844409 28.95026113 -19.06147011 2.37782570e+00
82.44584675 28.79446139 -15.95407174 3.46543741e-01
82.06426809 29.02000192 -16.89077018 7.42395910e-01
82.26376274 28.99892225 -20.05773545 4.77237565e+00
81.83286863 29.09689707 -15.68724843 1.51392955e+00
82.32812904 28.82641462 -15.41348380 1.59920251e-01
82.27190855 28.88063598 -16.14855948 2.74390805e-01
82.18414973 28.78923156 -13.12796145 4.86215053e-02
82.38958421 28.84793879 -16.80227231 4.40427068e-01
82.50751244 28.81605438 -17.47430463 9.57869619e-01
82.45424074 28.67781794 -13.23312094 7.44355419e-02
82.20532286 28.62849181 -10.22023699 1.68099005e-02
82.21875391 28.74081984 -12.49222435 3.88933832e-02
82.56375684 28.76316335 -16.58966493 6.93797466e-01
82.53710378 28.69425930 -14.39004777 2.46111136e-01
81.83550240 28.89651639 -12.11409720 7.90801445e-02
81.49505834 29.23222990 -14.54439626 3.04196750e+00
81.49698340 29.02697463 -11.48598684 8.27144044e-02
81.41300503 29.14739921 -12.54916393 2.14607195e-01
81.64063249 28.92696433 -11.08034161 5.74901190e-02
81.52257193 29.09734003 -12.68346684 2.41323784e-01
81.92175223 28.98685456 -14.34803613 2.12376291e-01
81.95093809 28.85872777 -12.43204550 7.71811328e-02
81.69265770 29.06830795 -13.63630203 4.26477066e-01
81.58017509 29.11339940 -13.37068406 5.23142686e-01
81.46949418 29.16188601 -13.18181075 5.50510038e-01
81.17526894 29.39842661 -14.06771956 3.55505192e+00
82.03782098 28.94971642 -14.87507733 1.96003698e-01
81.97736180 28.92932391 -13.87718965 1.29337804e-01
81.36093892 29.21402251 -13.05621089 3.63937487e-01
81.09869018 29.31981674 -12.45927756 2.21827995e-01
81.20092870 29.25875825 -12.42759076 1.45215480e-01
81.15113525 29.32939087 -12.96911773 5.23809954e-01
81.04998241 29.39216042 -13.01479905 1.16227797e+00
80.75808788 29.59436041 -13.39850932 1.88160478e+00
81.25477180 29.26989652 -12.97792856 3.66924272e-01
81.28103863 29.13169234 -11.34623925 4.86482521e-02
80.90112576 29.45057651 -12.65067410 9.53426455e-01
80.90603254 29.32240689 -11.08950138 3.59223336e-02
80.99886198 29.38394464 -12.53369714 4.87512417e-01
81.00364691 29.25581115 -10.95195632 3.22523684e-02
81.30572191 29.20121200 -12.45935083 1.73223643e-01
81.31108723 29.07450748 -10.78467320 2.43035660e-02
81.05953168 29.13597418 -9.73477273 5.23731856e-03
80.97601242 29.31604528 -11.51668760 6.92339850e-02
81.16100512 29.07400972 -9.62686502 5.00702669e-03
81.10353946 29.19195336 -10.84774966 2.52580702e-02
81.19016976 29.01553448 -8.96113129 7.77996970e-04
81.20599060 29.13138589 -10.78928210 2.56371841e-02
81.52869728 28.97241815 -10.92331959 6.01772690e-02
81.41873751 29.02152514 -10.82590463 5.16517235e-02
81.59292712 28.86466977 -9.71283995 3.41714498e-02
81.60821231 28.98023661 -11.64633983 8.53396012e-02
82.09373431 28.89349115 -14.36089721 1.34942125e-01
82.21071420 28.85931666 -14.88144242 1.46780062e-01
81.70619211 28.82174831 -9.86437631 3.95563990e-02
81.75418849 28.88480882 -11.26913271 6.97230356e-02
81.62546247 28.81152650 -9.07976049 2.80944251e-02
81.48143320 28.91111064 -9.61037315 2.46224713e-02
81.37760357 28.83499493 -7.54628660 0.00000000e+00
81.29528538 28.95850737 -8.90034596 0.00000000e+00
81.59939478 28.74044930 -7.68181715 0.00000000e+00
81.51324376 28.85663425 -8.96589173 1.55825021e-02
81.82816975 28.66012413 -8.02503023 1.54727080e-03
81.73934277 28.76984382 -9.24183432 3.12456664e-02
81.06400846 29.00750866 -7.82369706 0.00000000e+00
80.96063440 29.20115411 -9.88474694 5.09599957e-03
80.86395457 29.26892952 -10.07228736 3.28820040e-03
80.87893168 29.38320500 -11.65474055 1.15889863e-01
80.86852277 29.14025599 -8.26708040 0.00000000e+00
80.81984869 29.13418588 -7.78438259 0.00000000e+00
80.96505257 29.07246279 -8.02714510 0.00000000e+00
80.89092233 29.20791052 -9.43226420 0.00000000e+00
80.20451878 29.62902135 -9.86758847 0.00000000e+00
80.10359544 29.69232923 -9.97543450 0.00000000e+00
80.48664893 29.55074809 -10.92569554 0.00000000e+00
80.30554236 29.79744787 -12.78807688 0.00000000e+00
80.03042704 29.92712640 -12.65671267 0.00000000e+00
79.69480332 29.98019206 -11.24122976 0.00000000e+00
80.60783330 29.41916049 -10.12919745 0.00000000e+00
80.62136118 29.53149288 -11.64488102 8.68813929e-03
80.43135702 29.67098735 -12.04148539 0.00000000e+00
80.58104780 29.48026698 -10.71440938 0.00000000e+00
80.29369278 29.68750428 -11.28663252 0.00000000e+00
80.22374554 29.69465676 -10.88897922 0.00000000e+00
80.79557456 29.27723556 -9.65695939 5.28689113e-04
80.81021779 29.39106009 -11.25797433 3.04511333e-02
80.17256292 29.99847085 -14.67790554 7.14786943e-04
80.13407815 29.86714534 -12.53416477 0.00000000e+00
79.66138679 30.03251398 -11.80032648 0.00000000e+00
79.48085600 30.18170885 -12.97239501 3.36368293e-02
79.77224648 29.98279261 -11.77023069 0.00000000e+00
79.70603043 30.08839481 -12.90155402 0.00000000e+00
79.98791959 29.87406983 -11.64733830 0.00000000e+00
79.89231275 30.03836678 -13.33052997 0.00000000e+00
79.80508928 29.92947875 -11.21946424 0.00000000e+00
79.81622366 30.03772356 -12.84047074 0.00000000e+00
80.01925914 29.81846115 -11.10245754 0.00000000e+00
79.92442954 29.98400044 -12.76293130 0.00000000e+00
79.89415469 29.80935928 -10.08923607 0.00000000e+00
79.91332257 29.87560709 -11.17295906 0.00000000e+00
79.46929656 30.07330135 -11.25104268 0.00000000e+00
79.56347459 29.96071501 -10.07138691 0.00000000e+00
79.58277434 30.02802264 -11.25224771 0.00000000e+00
79.67555176 29.91326904 -10.09584192 0.00000000e+00
78.97275296 30.28922237 -11.79341568 2.86947233e+00
79.10405801 30.13012601 -9.92505449 1.04170815e-02
78.90393170 30.38955239 -12.97109689 2.07588144e+01
79.08881330 30.24879246 -11.80543348 1.93611647e-01
78.87195174 30.21044646 -9.86176838 1.05326215e-02
78.70310645 30.23276116 -9.05472918 2.98993498e-02
78.62666248 30.41540924 -11.75118464 1.23981133e+00
78.75632197 30.25165118 -9.83515614 1.74840963e-01
78.67359360 30.47424237 -12.92512361 6.27138629e+00
78.77551250 30.32119698 -11.17983035 3.42997890e+00
78.54629157 30.40867986 -11.16257148 1.57284552e-01
78.44697329 30.56640959 -12.86672690 9.23626679e-02
78.41428232 30.61962247 -13.41948665 5.32898247e-02
78.51297542 30.46093145 -11.73793663 1.59041282e-01
78.75442087 30.48205910 -13.52846118 1.65475811e+01
78.85684978 30.33008393 -11.77989030 6.38170826e+00
78.52644728 30.57147368 -13.45871131 7.52284789e-01
78.65899820 30.59530440 -15.63449528 1.56540167e+01
79.20474421 30.20818409 -11.81464658 1.05664988e-01
79.12342257 30.19893399 -11.21676033 8.39795985e-02
79.01976193 30.34870874 -12.98587401 1.99798568e+01
79.67267817 30.14071983 -13.48025024 1.58005045e-02
79.43507097 30.12406114 -11.82372567 1.34350049e-02
79.36648116 30.22514588 -12.98840576 1.29057874e-01
79.35471041 30.11652735 -11.24155973 1.36792834e-02
79.25132058 30.26709709 -12.99560259 2.74789161e-01
79.56034167 30.18776547 -13.52648701 3.05327910e-02
79.57977146 30.25518833 -15.22169411 1.57185897e-01
79.44671906 30.23252747 -13.55772688 8.38194176e-02
79.51974854 30.31698159 -16.46057462 2.34975974e+00
79.33212353 30.27548806 -13.57797748 2.95961378e-01
79.46619791 30.30037483 -15.35069938 8.53160655e-01
79.17462466 30.44564028 -17.07439380 3.05044373e+01
79.35162883 30.34373696 -15.47498279 7.50722831e+00
78.77364631 30.55155747 -15.71127275 2.09708686e+01
79.10114376 30.35804279 -13.58538857 1.95801623e+01
78.98531999 30.39876646 -13.57495718 2.54770978e+01
79.00474619 30.46795210 -15.71789331 2.85149451e+01
78.43298361 30.68914432 -15.36921194 6.85193110e-01
78.48455813 30.70549371 -16.87465800 3.73214281e+00
78.88899195 30.50928789 -15.73634508 2.39700199e+01
78.94268039 30.52811530 -17.29433241 2.53102789e+01
78.54534966 30.64103366 -15.51691712 4.37495769e+00
78.39158717 30.82472977 -19.95946098 6.75420111e+00
78.71188040 30.61330287 -17.24647514 1.89542746e+01
78.82699422 30.57008698 -17.31359922 2.18553510e+01
79.23634652 30.38576102 -15.58698194 2.70311082e+01
79.07811620 30.55572481 -20.64630574 2.54567775e+01
79.42491278 30.42906410 -19.77310499 3.53050716e+01
79.40544865 30.36124469 -16.67838357 1.58617365e+01
79.65227691 30.33767291 -18.94916201 1.18011358e+01
79.69203825 30.20770757 -15.05808198 5.00839810e-02
79.19411476 30.51422156 -20.43194027 2.75547296e+01
79.29031602 30.40396367 -16.89275487 3.13881503e+01
79.84124927 30.29037282 -19.75211164 8.31098302e+00
79.85471766 30.17051362 -15.67046687 3.97610992e-02
79.87394858 30.23672990 -18.00747698 1.34113593e+00
79.96282608 30.11613120 -15.36208527 1.10194107e-02
80.26383738 30.05886289 -17.48596954 2.91421325e+00
80.40332594 29.73063520 -12.60260420 0.00000000e+00
80.12277458 29.98950357 -14.22521314 0.00000000e+00
80.23534064 29.80421939 -12.39342610 0.00000000e+00
80.32498527 29.86303260 -13.77717274 0.00000000e+00
80.33433575 29.73867669 -12.22699761 0.00000000e+00
80.01826620 30.04854080 -14.46472293 0.00000000e+00
79.99907627 29.98262072 -13.22315911 0.00000000e+00
80.22498798 29.92757567 -13.96390940 0.00000000e+00
80.49943921 29.66206335 -12.40731750 5.26568159e-03
80.27405894 29.93540978 -14.39523212 0.00000000e+00
80.52684515 29.60171568 -11.84536495 0.00000000e+00
80.42301377 29.79630029 -13.58036357 3.97188048e-03
80.59439767 29.59233580 -12.20742986 2.32377356e-02
80.70979283 29.58857582 -12.98196766 8.71183880e-01
80.78342073 29.45214742 -11.82270450 1.07695234e-01
80.51946537 29.72790452 -13.37746933 7.29615409e-02
80.61485430 29.65844373 -13.17480327 4.26399512e-01
80.46288376 29.92794502 -16.55259809 7.39268779e+00
80.47106013 29.80249603 -13.98939660 6.11127574e-02
80.77972085 29.66133093 -14.52930456 6.75772461e+00
80.80497825 29.51903074 -12.80393169 8.93148802e-01
80.87621953 29.59277351 -14.31537340 6.52620448e+00
80.85395860 29.52531779 -13.23513507 1.92380249e+00
80.49116181 29.86841189 -15.41159291 2.58816652e+00
80.56731730 29.73366727 -13.78289019 7.35583419e-01
80.39321144 29.93566006 -15.74389107 9.80627237e-01
80.37345525 29.86992888 -14.19385285 9.32515983e-03
80.37642045 30.10447984 -20.80917916 2.16158151e+01
80.36425579 29.99440241 -17.01248583 4.86960045e+00
80.08805909 30.12452226 -17.01646896 4.22029522e-01
79.49564537 30.74087259 -29.34177709 1.90917493e+01
80.69770680 29.84315321 -17.57978516 1.28901007e+01
80.68382932 29.73060492 -14.79133550 6.23195537e+00
80.16136805 30.12090334 -18.04916027 2.68724615e+00
80.09946357 30.23323512 -21.29173050 2.17558992e+01
80.27563910 30.16833695 -21.51062107 2.47841038e+01
79.70288724 30.57997283 -27.87532290 1.78202960e+01
80.17290942 30.22987701 -22.25795889 2.86022633e+01
79.09070529 30.66504316 -25.28959439 2.14617802e+01
79.36117782 30.71735549 -28.07166197 2.20220604e+01
79.94999260 30.23673142 -19.17341018 4.46203501e+00
79.59003527 30.62759612 -27.99727003 1.54719353e+01
80.06812308 30.28882190 -23.05753235 3.21224420e+01
79.99335117 30.29047925 -22.02901155 2.73595876e+01
79.85259353 30.39854672 -24.34440306 3.54906568e+01
79.30719452 30.69977930 -27.40492274 2.18737864e+01
79.77533100 30.39668645 -23.26337776 3.52131882e+01
79.76395323 30.28854060 -18.48178993 3.51517638e+00
79.66378504 30.44585197 -23.78902668 2.87587105e+01
79.88525603 30.34494826 -22.66959088 3.22406936e+01
79.96131466 30.34505283 -23.78055759 3.51406125e+01
79.73069820 30.34125546 -20.31824388 1.98832871e+01
79.74466370 30.22196436 -15.95179174 1.14651085e-01
79.27534360 30.52255687 -22.18750877 2.78691641e+01
79.39059959 30.47977092 -21.81268456 3.12125181e+01
79.05865176 30.48682805 -17.20850486 2.80151251e+01
78.92774501 30.64778087 -22.71312038 2.12714547e+01
78.94067335 30.75748212 -26.02787835 1.87759695e+01
78.96208988 30.59726749 -20.77499878 2.35059913e+01
78.82536178 30.80034130 -25.97240199 1.74606981e+01
78.81220021 30.69036749 -22.69324861 1.95536749e+01
78.59693025 30.89053784 -25.76123744 1.68084330e+01
78.73109070 30.68277203 -20.73234209 1.91623574e+01
78.61670084 30.72781823 -20.54743811 1.84116323e+01
78.69729300 30.73430448 -22.57367307 1.78408461e+01
78.48439450 30.93879387 -25.62236957 1.76611003e+01
78.58332321 30.78010129 -22.37495897 1.76183325e+01
78.40551058 30.93544493 -24.70727360 2.23533805e+01
78.47058041 30.82818051 -22.11815761 2.11050708e+01
78.39192924 31.05886968 -26.90104801 2.31019567e+01
79.05632917 30.71541018 -26.04225770 2.01079044e+01
78.85938192 30.74932127 -25.29739374 1.88748229e+01
78.97491778 30.70687906 -25.32714547 2.00162756e+01
78.89820329 30.88779432 -27.90384743 1.79668829e+01
79.17204899 30.67356575 -26.01078531 2.14199973e+01
79.07588837 30.78437745 -27.38229376 1.94584495e+01
79.32191922 30.58092623 -24.94992767 2.45026674e+01
79.19166143 30.74227251 -27.41442470 2.05804016e+01
79.40258326 30.58834153 -25.73493681 2.45410879e+01
79.20646446 30.62324596 -25.17167638 2.28748729e+01
79.28755676 30.63138728 -25.90560491 2.28622603e+01
79.61856095 30.38956121 -20.87375155 3.20207107e+01
79.42222124 30.65637614 -27.35735328 2.34365961e+01
78.96014984 30.82664904 -27.33515743 1.84318752e+01
78.68766687 31.04632290 -28.88589811 1.80102384e+01
79.24569705 30.76034737 -28.07463360 2.07801429e+01
79.55085024 30.49268553 -24.26696267 2.06986505e+01
78.74438274 30.79291992 -25.20958785 1.75537460e+01
78.84472531 30.86964488 -27.27157661 1.75745993e+01
78.71068147 30.84452566 -25.88177636 1.69913715e+01
78.46180062 31.14350073 -28.66264699 2.10636594e+01
78.72990157 30.91390487 -27.19240982 1.70355852e+01
78.65423242 31.09865581 -29.42417228 1.86129959e+01
78.63021462 30.83819319 -25.07338244 1.71360470e+01
78.61597528 30.95993437 -27.09936387 1.70228301e+01
78.51717260 30.88559598 -24.90158257 1.78763928e+01
78.44296580 31.07414691 -27.51209108 2.11599341e+01
78.54112668 31.14689267 -29.31150173 1.97914631e+01
78.47586623 31.25412104 -30.21647122 2.28168718e+01
78.57407728 31.09374201 -28.77828526 1.87125773e+01
78.50324093 31.00816884 -26.99989318 1.79967838e+01
78.66846077 30.97697137 -27.72214234 1.72994409e+01
78.55504506 31.02436986 -27.61723261 1.79092888e+01
78.78294751 30.93160521 -27.81939593 1.74277016e+01
78.80229614 31.00087840 -28.98611120 1.79487346e+01
79.01393508 30.84501583 -27.97446061 1.87723619e+01
79.03347773 30.91394837 -29.15877786 1.88881693e+01
79.26531788 30.82870427 -29.29174895 2.05500451e+01
79.72241717 30.64681981 -29.30521964 1.62950937e+01
79.38079974 30.78535708 -29.32858202 2.15870073e+01
79.98078194 30.41124115 -26.23974846 2.80782367e+01
79.57568017 30.74645273 -29.92389387 1.35361927e+01
80.34490940 30.24213019 -25.17348203 2.47353264e+01
79.91108289 30.59774548 -29.83816951 1.81910201e+01
80.29527476 30.23402557 -24.16190438 2.60211148e+01
79.83384425 30.59655533 -29.23175790 1.82733724e+01
79.76166912 30.51625563 -26.93968491 2.16350735e+01
79.64972710 30.56502297 -27.15357396 1.79961931e+01
79.47604138 30.67325069 -28.04600874 1.96068795e+01
79.53648599 30.61159904 -27.28366084 1.54427542e+01
79.63014406 30.49776597 -25.19739162 2.13366216e+01
79.92420420 30.47764341 -27.44687693 2.39573893e+01
79.81434587 30.53005457 -27.71158682 2.07434721e+01
79.51686795 30.54394807 -25.50953581 1.73687263e+01
79.43680197 30.53756248 -24.64946724 2.67642352e+01
80.40549948 30.04596843 -19.29515188 1.76225490e+01
80.39625319 30.17019269 -23.39940224 2.32341867e+01
80.36480478 30.30790421 -27.75645956 2.12794241e+01
80.59376510 30.03758825 -21.92639667 1.80037715e+01
80.26232536 30.37045531 -28.24986522 2.15282423e+01
80.44544391 30.17752652 -24.35533366 2.29169415e+01
80.08759704 30.35476455 -25.64637687 2.89320770e+01
80.12666973 30.48652981 -29.58514274 1.97896209e+01
80.56514306 30.17750406 -26.29618937 2.01750282e+01
80.64265316 30.04410788 -22.85071641 1.85314699e+01
80.03227880 30.42261272 -27.07704694 2.51126626e+01
80.05177735 30.48857668 -28.90673145 2.10526619e+01
80.24263917 30.30471821 -25.88789251 2.57335095e+01
80.23169161 30.42718476 -29.36653773 1.96297779e+01
80.33486975 30.36553422 -29.10685462 1.96332406e+01
80.27420030 30.47968040 -30.65670129 1.78798718e+01
80.95911391 29.90991260 -23.96030019 1.90874260e+01
81.03572329 29.77663953 -21.19685945 1.87669855e+01
80.66372603 30.11059761 -25.56868424 2.00154615e+01
80.74024296 29.97637480 -22.27548564 1.71390561e+01
81.26480460 29.72216995 -23.75709449 1.83961571e+01
81.13690591 29.71335045 -21.10268266 1.97369122e+01
81.34536325 29.59485062 -21.41149264 2.06741767e+01
81.29047526 29.58271576 -19.99466301 2.17228823e+01
81.61549933 29.42449493 -21.31678804 2.18559827e+01
81.56227499 29.48893091 -22.50904430 2.10145758e+01
81.67352446 29.44070295 -23.28408128 2.12805183e+01
81.69960233 29.51123219 -25.96798078 1.84484132e+01
81.95541727 29.29311920 -24.43573824 2.20176668e+01
81.92668087 29.42294566 -27.17030141 1.88335869e+01
82.16052322 29.14671577 -23.56153895 1.70582676e+01
82.01541500 29.31210573 -25.99644711 2.15350863e+01
82.04439666 29.18377147 -22.79617264 1.80911648e+01
81.90034473 29.35260434 -24.99896666 2.13920168e+01
81.81460815 29.26380992 -20.22283622 1.81631993e+01
81.84088779 29.33436912 -23.15878269 2.17196668e+01
81.72749572 29.37805046 -22.13367308 2.22356364e+01
81.92902559 29.22269210 -21.55460801 1.89930916e+01
81.24006250 29.65262015 -21.16656377 2.05281932e+01
81.47956728 29.40368911 -18.08834468 1.88273189e+01
81.18640575 29.64190175 -19.87951402 2.09693196e+01
81.37154523 29.45674143 -17.75882121 1.94529677e+01
80.69114584 29.96985728 -21.33617771 1.65522287e+01
80.86368915 29.76726072 -18.06557576 1.49981838e+01
81.08446972 29.70393511 -19.92017307 1.96042014e+01
81.16224423 29.57290637 -17.48756556 2.02013331e+01
80.75248757 29.72208779 -15.32032122 9.21159821e+00
80.79416178 29.77464977 -17.12179118 1.22643644e+01
81.26573982 29.51319210 -17.55540448 2.00303146e+01
81.35559323 29.34074958 -14.87284580 5.50443213e+00
81.19117771 29.51409758 -16.33535677 1.59223349e+01
81.24976251 29.39733710 -14.69052445 5.59796006e+00
80.65645254 29.79117472 -15.68598598 1.01315568e+01
80.76675788 29.83514548 -18.48660465 1.42084641e+01
80.60116087 29.91162704 -18.10155451 1.38149641e+01
80.67015398 29.90345470 -18.97857824 1.44678152e+01
80.94630155 29.58600584 -14.78779441 9.36939109e+00
80.95106509 29.45768079 -13.10244448 1.78809573e+00
81.68608570 29.19207756 -15.99203068 4.39073631e+00
81.62152019 29.29961066 -17.58035379 1.15682792e+01
81.79965708 29.14890987 -16.51805760 3.61636639e+00
81.73391563 29.25421043 -18.30592405 1.18132785e+01
81.40201270 29.40001945 -16.71966150 1.33696270e+01
81.57401505 29.23824825 -15.53305028 4.80048699e+00
81.91443965 29.10837538 -17.09640424 2.83044602e+00
81.84768662 29.21161408 -19.18188996 1.20479655e+01
81.94811906 29.05736066 -16.21830340 8.49736621e-01
81.96256763 29.17146607 -20.29993147 1.35811931e+01
82.03018882 29.07011173 -17.76314977 2.15740140e+00
82.07833889 29.13343175 -21.13749178 1.41905385e+01
81.39675713 29.52669903 -20.27078578 2.17308942e+01
81.51079089 29.34813622 -17.09706754 1.22746138e+01
81.50516664 29.47397939 -20.71138815 2.17483222e+01
81.58960155 29.35399434 -18.52785476 1.75820871e+01
82.42091300 29.14596923 -27.05964693 2.25497641e+01
82.51175373 29.04331829 -26.25566078 1.88474207e+01
82.53835158 29.11209470 -27.39920419 2.17082311e+01
83.21778943 28.84881975 -27.49489201 9.64544410e+00
82.53409525 28.88486424 -20.95080957 5.46897900e+00
82.39433477 29.07678559 -25.29533597 1.80904736e+01
82.65218629 28.85306549 -21.59677648 5.80386477e+00
82.54673117 28.99545988 -25.83182683 1.63869218e+01
82.14669446 29.03375711 -18.63997247 2.53797169e+00
82.15460429 28.91444621 -15.50232293 2.17591977e-01
82.78234978 28.93088343 -26.39353375 1.26218813e+01
82.62937260 29.01049832 -26.56579627 1.77725147e+01
82.31177275 29.06225973 -23.23946299 1.43685637e+01
82.38123924 28.96526489 -21.82776162 8.22909678e+00
83.35982456 28.66182385 -25.64474070 4.30776970e+00
83.59480002 28.41141807 -18.66419052 6.06923949e-01
83.33514624 28.81587890 -27.58598877 8.66507468e+00
83.68399568 28.49491344 -23.71739337 2.37150052e+00
83.25326498 28.80204497 -27.03755802 8.25997100e+00
83.32428593 28.70855726 -26.11285216 5.54887182e+00
82.88847821 28.79009215 -23.73781106 6.29125928e+00
82.86486460 28.94587280 -27.04573514 1.34776912e+01
83.00654588 28.75853220 -24.65020705 6.37122883e+00
82.89152044 29.01339295 -28.08679799 1.81033405e+01
82.85304333 28.83689956 -24.63555238 7.86842212e+00
82.77033681 28.82154076 -22.55661609 6.04569699e+00
83.10026029 28.88138435 -27.37711210 9.60218386e+00
83.07139652 29.00069705 -28.82121030 1.72879789e+01
83.01801334 28.86684177 -26.78867219 1.00230089e+01
83.00928595 28.98081334 -28.25570720 1.57193264e+01
83.47913560 28.84817594 -28.64589370 8.91373852e+00
83.37062215 28.76905128 -27.11915370 7.21449246e+00
82.98260404 28.91369476 -27.23279393 1.17137145e+01
82.90020869 28.89888855 -26.61410789 1.05399725e+01
82.66450145 28.96301069 -26.13487526 1.47500677e+01
82.65598835 29.07885526 -27.67168075 2.11054177e+01
82.19479986 29.09715088 -21.93639922 1.33565130e+01
82.15777122 29.34338121 -28.04250830 2.03534792e+01
82.30377432 29.18073250 -26.69943042 2.28038098e+01
82.40461351 29.38177413 -30.31688988 2.16626505e+01
82.23999940 29.35591846 -28.93882233 2.06981770e+01
82.36489323 29.20101810 -27.45934473 2.44442285e+01
82.50880917 29.23509547 -28.93414762 2.50535019e+01
82.35678128 29.31928155 -29.21476946 2.30748604e+01
82.39140060 29.27010137 -28.68703150 2.46305187e+01
82.48228368 29.16641593 -27.78775431 2.37764926e+01
82.24786266 29.23664364 -27.10996335 2.35611751e+01
82.13131545 29.27356238 -26.67087052 2.23294719e+01
82.83562697 29.06633953 -28.50260133 2.13187242e+01
82.77373205 29.04601109 -27.89044850 1.99034717e+01
82.94472763 29.14788303 -30.05674286 2.51659331e+01
82.95353495 29.03353127 -28.67808401 1.96327788e+01
83.09804053 29.06737091 -29.76606818 1.99309008e+01
83.18031461 29.08111339 -30.26138442 1.62620298e+01
83.29797172 29.04751358 -30.34095428 1.34132045e+01
83.30680141 28.93445951 -29.03130844 1.18650976e+01
83.54333493 29.08624487 -31.62358703 1.06034392e+01
83.41547273 29.01359708 -30.40631167 1.18240394e+01
83.80221300 28.86172438 -30.13478053 7.56549814e+00
83.46171295 29.07361283 -31.21571995 1.17357125e+01
83.77521655 28.79679209 -29.23352781 6.73051083e+00
83.88331710 28.87330544 -30.54421248 7.31428389e+00
83.68540461 28.89719270 -30.10797536 8.53388245e+00
83.76672779 28.90917910 -30.52647666 8.10615222e+00
83.99963894 28.83686585 -30.55107375 7.00104325e+00
83.89345386 28.97994688 -31.69625941 7.75495643e+00
84.23144828 28.76225403 -30.53649921 7.74915155e+00
84.40691316 28.55697628 -28.60598156 9.54120911e+00
84.27656842 28.82082211 -31.30953964 8.88395399e+00
84.38210928 28.67565983 -30.09663652 1.05462605e+01
84.97886321 28.35935997 -28.14630343 1.29654299e+01
84.61227498 28.59768724 -30.00694515 1.28573561e+01
84.23925869 28.64964334 -29.20548496 6.99529581e+00
84.95024291 28.29461936 -27.01310994 1.05637880e+01
84.58436549 28.53335368 -29.04689785 1.17449459e+01
84.49729508 28.63686059 -30.05710766 1.19291997e+01
84.46957054 28.57257343 -29.11451380 1.09071412e+01
84.26667958 28.71399134 -30.12651609 7.99207269e+00
84.12368896 28.68735371 -29.23174707 6.28546442e+00
84.41425381 28.44408647 -26.98759172 7.72390771e+00
84.06118981 28.67082411 -28.72645911 5.74108636e+00
83.82922377 28.74363506 -28.74107698 5.66087510e+00
84.00782735 28.72446207 -29.24462346 6.04822229e+00
83.91875365 28.82568047 -30.14966183 6.86248936e+00
83.45103977 28.96650099 -30.01543436 1.10593308e+01
83.59609566 28.81391537 -28.69434762 7.59896251e+00
83.80218148 28.67870296 -27.73856489 4.66597275e+00
83.45228985 28.78245605 -27.65302427 7.15418014e+00
83.54148786 28.86668364 -29.16519946 9.04228741e+00
83.60462073 28.70142362 -27.21488594 4.92899801e+00
83.91823048 28.64282225 -27.72967735 4.59774469e+00
83.83750604 28.63126953 -27.23389245 4.12657221e+00
83.68583064 28.71391646 -27.72597114 5.06688443e+00
83.79196506 28.57205374 -26.22747623 3.35230485e+00
83.59417118 28.59460783 -25.72407675 3.50959515e+00
83.56919209 28.74848440 -27.70051099 5.88313800e+00
83.44161990 28.67539059 -26.17651138 4.60531408e+00
83.48774876 28.73552886 -27.17849341 5.79229861e+00
84.26450931 28.53118601 -27.61453095 5.93331981e+00
83.94341601 28.48855144 -25.67820198 3.17919464e+00
84.71239768 28.26669568 -25.39204105 8.22528344e+00
84.03396968 28.60627002 -27.70508483 4.78994950e+00
84.75699539 28.32522305 -26.66369579 1.02379348e+01
84.82633034 28.22637363 -25.20107323 7.52705587e+00
84.28964724 28.37590894 -25.41994338 4.24380256e+00
84.13945469 28.46233227 -26.10482866 3.82093147e+00
84.35454496 28.61136220 -29.16134626 9.09714044e+00
84.49387389 28.45373086 -27.47288637 9.51502638e+00
84.29952127 28.48279537 -27.06009915 5.72067732e+00
84.29195649 28.59549751 -28.65787793 7.27171607e+00
84.64294430 28.36518874 -26.78900710 9.77441644e+00
84.63609958 28.47855607 -28.46073257 1.15412285e+01
84.14939334 28.56904678 -27.67118356 5.11997057e+00
84.06914986 28.55837792 -27.17987705 4.43852836e+00
85.09318692 28.31998132 -28.02738315 1.19399814e+01
85.06426778 28.25493503 -26.87857913 8.80372779e+00
84.83628882 28.33456090 -27.14368201 1.11711035e+01
84.81346492 28.45409678 -28.87741718 1.32640284e+01
85.40837278 28.14123411 -26.48273580 2.22906537e+00
85.21324391 28.16645325 -26.09139007 3.49656701e+00
84.72229742 28.37451673 -27.26914736 1.08961565e+01
84.75041971 28.43887360 -28.36743152 1.23247116e+01
85.17850880 28.21584194 -26.73587192 5.72724247e+00
85.31767202 28.01855711 -23.55142995 1.54137984e+00
84.87094158 28.28512061 -26.52543756 9.81618634e+00
84.86096058 28.17680292 -24.32092854 5.74569005e+00
85.08876303 28.09621956 -23.90921071 2.48851244e+00
84.94020646 28.18602356 -25.01956829 5.97235594e+00
85.55982817 28.05908804 -25.74771717 1.92013253e+00
85.54938433 27.94822325 -23.34386917 1.44812696e+00
85.98872639 27.89261664 -24.42012653 3.13099362e+00
85.78540636 27.89087311 -23.38263482 1.52978692e+00
86.22130095 28.08711414 -28.56804134 1.71903784e+01
85.87877754 28.02348791 -26.36714220 2.83363979e+00
85.85871844 28.14049016 -28.21163727 4.29788196e+00
85.64145416 28.07543848 -26.33128933 2.13520646e+00
85.73944943 28.16564022 -28.18111076 3.37604612e+00
85.52441807 28.10690033 -26.38843277 2.10764174e+00
85.91043512 28.09308210 -27.62179003 4.13452648e+00
86.03571790 27.96076050 -25.89665217 6.43933237e+00
85.79089814 28.11638355 -27.56736826 3.07719538e+00
85.91530954 27.97937081 -25.77725070 2.78830693e+00
85.55490009 28.17419769 -27.60612461 2.75424004e+00
85.77073129 28.23452777 -29.34501005 4.72827271e+00
85.43842364 28.20781645 -27.68338831 3.17205426e+00
85.73454758 28.28053334 -29.88158431 5.28930906e+00
85.32277970 28.24372378 -27.78458958 5.55012962e+00
85.38247639 28.37644751 -29.99163467 1.30190576e+01
85.50400329 28.22654131 -28.25414374 3.53200098e+00
85.15138826 28.45068192 -30.13344877 1.59367215e+01
85.38769782 28.26120761 -28.33772327 5.88852630e+00
85.20776962 28.28129764 -27.90257411 9.28677366e+00
85.07133460 28.44002956 -29.70921305 1.51947878e+01
85.27213157 28.29786765 -28.44073804 9.74816097e+00
84.92790917 28.41437810 -28.77406827 1.37050327e+01
84.84182041 28.51869469 -29.87345366 1.40259967e+01
85.03642128 28.48933596 -30.20645828 1.54250305e+01
85.15709458 28.33591446 -28.55411639 1.26911233e+01
84.92163230 28.52850204 -30.27548040 1.47248117e+01
84.72709531 28.55824940 -29.94536766 1.35321341e+01
84.96657659 28.58778321 -31.09171061 1.50991966e+01
85.30177071 28.36392180 -29.53251366 1.32345507e+01
85.08146948 28.54904251 -31.03719302 1.59583921e+01
85.53447542 28.29391017 -29.39057805 5.67440360e+00
85.27698286 28.52269307 -31.33307117 1.78913572e+01
85.61627199 28.30969098 -29.89629672 5.73739481e+00
85.67236585 28.14352141 -27.56394722 2.74608525e+00
85.65210509 28.26260073 -29.35180470 4.59445701e+00
85.90064673 28.32113096 -30.84030934 1.05598652e+01
85.89033851 28.21005684 -29.37788005 6.05115390e+00
86.02099210 28.30014208 -30.88935573 1.80035095e+01
85.97397033 28.23277861 -29.94698533 1.05901800e+01
86.70480789 28.15823028 -30.66570715 1.61130676e+01
86.62011434 28.12753894 -30.16631302 1.59055110e+01
86.14200478 28.28248213 -30.95928060 2.07184832e+01
86.13197830 28.17203926 -29.55444560 1.91604057e+01
86.49779754 28.13603956 -30.00205037 1.59127729e+01
86.25363046 28.15777279 -29.68801173 1.72878467e+01
86.58731546 28.05727622 -29.14146548 1.56328072e+01
86.46025056 28.17542556 -30.38814982 1.61190395e+01
86.46514540 28.06552480 -28.94679140 1.55515743e+01
86.37560927 28.14595335 -29.84067644 1.61552507e+01
86.09984108 28.10154874 -28.41134679 1.73305628e+01
86.09487921 28.21427669 -30.02661588 1.95067612e+01
86.15186345 28.05776816 -27.86683974 1.75653544e+01
85.97890722 28.11916699 -28.29093686 7.06410455e+00
86.70956524 28.05010472 -29.33871055 1.57882595e+01
86.82718582 28.15095033 -30.79953889 1.23159828e+01
87.00541316 27.99977288 -29.19732145 1.11344976e+01
86.86494069 28.11317391 -30.46224586 1.11126582e+01
87.44335245 28.01326715 -30.11746773 1.20392169e+01
87.35472330 28.08746763 -30.86240324 1.20811855e+01
86.88327703 28.00548164 -29.03439924 1.08440577e+01
86.74250686 28.12003174 -30.32690873 1.60257593e+01
87.37176270 27.98231447 -29.61212769 1.17812351e+01
87.10985008 28.10037363 -30.67762457 1.16409146e+01
87.11871928 28.20543884 -31.78540103 1.19352830e+01
86.98739419 28.10670219 -30.57323930 1.13814109e+01
87.23229663 28.09401310 -30.77423938 1.18698287e+01
87.19441357 28.13102845 -31.11061148 1.18822821e+01
87.72180974 28.06581810 -31.07221071 1.29118704e+01
87.48561779 28.18402361 -32.03000049 1.26710597e+01
87.80991642 27.99154609 -30.34674535 1.30723238e+01
87.56151045 28.11023834 -31.35098817 1.26044011e+01
87.80606654 28.09463969 -31.46636163 1.33345196e+01
87.60786118 28.17637567 -32.09491382 1.29548254e+01
87.84409282 28.05781412 -31.12336995 1.33773849e+01
87.69209538 28.20531432 -32.49363513 1.33135231e+01
88.41695511 28.05171354 -31.60334818 1.83568213e+01
88.09647799 28.14266329 -32.27005929 1.52135687e+01
88.42019170 27.94939408 -30.50531437 1.05994466e+01
88.57735264 28.00704923 -31.25179421 7.68438964e+00
88.66135666 28.03587753 -31.60836483 6.94693773e+00
88.94424352 27.98653050 -31.23789131 4.36394662e+00
88.66432497 27.93359692 -30.50725996 4.28951997e+00
88.69961080 27.99956549 -31.24998549 5.19719031e+00
88.34723900 27.92039240 -30.11373923 1.20840623e+01
88.33293145 28.02350739 -31.23960121 1.99983934e+01
88.59095500 27.90411533 -30.12323633 4.41344847e+00
88.53913915 28.04353782 -31.60845210 1.10304619e+01
88.29815948 27.95786527 -30.49345348 1.73434894e+01
88.21074383 28.03216604 -31.22306519 1.81531872e+01
88.22540118 27.92893048 -30.09505416 1.84695879e+01
88.08855090 28.04087603 -31.19847640 1.52017696e+01
87.96633787 28.04947215 -31.16535927 1.40175495e+01
88.05047364 28.07771666 -31.54581932 1.48113831e+01
87.56558164 28.00646971 -30.20639098 1.22859356e+01
87.47712201 28.08063145 -30.94166051 1.23200993e+01
87.68380857 28.10263154 -31.41319835 1.29262722e+01
87.68777044 27.99922913 -30.28247648 1.26002293e+01
87.09412704 27.92530195 -28.27664553 1.11218388e+01
87.07648927 28.03169342 -29.78360396 1.13938797e+01
87.74158765 27.85854726 -28.46318001 1.23104907e+01
87.61585746 27.96908677 -29.81828573 1.22739474e+01
87.86341740 27.85108533 -28.54116714 1.30461774e+01
87.73784350 27.96178649 -29.90000280 1.26480742e+01
87.94731376 27.87986430 -29.09925734 1.40112789e+01
87.85978632 27.95404301 -29.96801156 1.31872003e+01
88.06903821 27.87165874 -29.14867509 1.67571568e+01
87.98168835 27.94591447 -30.02297668 1.41125993e+01
88.10695209 27.83494384 -28.64457498 1.70341347e+01
88.17613053 27.96648337 -30.47248897 1.83059217e+01
88.83741507 27.78762272 -28.63104002 3.67562993e+00
88.67752600 27.83075246 -29.19757609 3.68782085e+00
88.79929015 27.82374645 -29.18172486 3.72796719e+00
88.71561021 27.79444853 -28.65511495 3.61405432e+00
88.55579757 27.83833709 -29.20810386 3.81410623e+00
88.47210426 27.80979615 -28.68279999 3.92976878e+00
88.31241540 27.85474635 -29.20378927 8.78375554e+00
88.46441764 27.70821835 -27.09803056 3.43928338e+00
88.19073402 27.86322999 -29.18360319 1.54063191e+01
88.10355589 27.93749399 -30.06513811 1.64057987e+01
87.73327961 27.75608499 -26.91210347 1.20373003e+01
87.70374375 27.89512139 -28.95113445 1.22954041e+01
87.45142681 27.80504374 -27.16023352 1.13117914e+01
87.33806792 27.91440903 -28.60085874 1.14992172e+01
87.32937813 27.81049836 -27.01081784 1.11537614e+01
87.25384402 27.88340700 -27.96668084 1.12767701e+01
87.08520005 27.82022678 -26.64571859 1.08692760e+01
87.00979903 27.89360855 -27.60671030 1.08678732e+01
87.00078622 27.78810246 -25.96089056 1.06955384e+01
86.88776322 27.89861874 -27.40370295 1.05614171e+01
86.87863121 27.79243546 -25.73230800 1.03925105e+01
86.76573403 27.90385535 -27.18439639 1.52441285e+01
87.13182925 27.88859831 -27.79319561 1.10975619e+01
86.95417176 28.03758021 -29.65086875 1.11374189e+01
87.21610814 27.91998817 -28.44674681 1.13229329e+01
87.12754616 27.99411742 -29.34840280 1.13744390e+01
86.97213402 27.93050764 -28.09218506 1.08695264e+01
86.83185802 28.04363092 -29.50941156 1.22768383e+01
86.85013939 27.93578961 -27.89236984 1.05601420e+01
86.76115269 28.01148443 -28.85850641 1.57301253e+01
86.58248285 28.16626766 -30.52709858 1.60380348e+01
86.63905845 28.01804465 -28.65266142 1.55307339e+01
86.48432069 27.95483212 -27.22510186 1.49789396e+01
86.34311121 28.07529372 -28.75097289 1.57937305e+01
86.64372875 27.90960664 -26.95038328 1.51444547e+01
86.51702284 28.02549428 -28.44699207 1.53684175e+01
86.11968039 27.98718190 -26.61118346 1.59047703e+01
86.03082656 28.07365643 -27.72456455 1.02713110e+01
86.36254461 27.96345905 -27.00530581 1.50319050e+01
86.27333540 28.04482399 -28.04503738 1.61304779e+01
86.23111184 27.86414479 -24.84995785 1.56517444e+01
86.15675028 27.94574525 -26.06204751 1.61228093e+01
86.75648057 27.79696521 -25.45927417 1.43906537e+01
86.52177184 27.91619523 -26.71423378 1.48817492e+01
86.59678826 27.83977348 -25.66224774 1.48594251e+01
86.51226197 27.80785512 -24.82745602 1.45314835e+01
86.10967985 27.87674375 -24.60987858 1.23576355e+01
85.63596539 27.84950788 -21.47265698 1.29414891e+00
86.28800081 27.71206572 -22.01007621 1.39750465e+01
86.02561929 27.85003635 -23.68248889 3.18981920e+00
86.16662102 27.72225380 -21.66321969 1.00114255e+01
85.80560328 27.77371558 -20.81675316 1.44409014e+00
86.35775523 27.74394331 -22.98818346 1.43639086e+01
86.39025731 27.81501689 -24.51540803 1.44492270e+01
86.11465757 27.76463251 -22.31475021 7.53551510e+00
86.13442924 27.65130902 -18.88175629 3.21989879e+00
86.53599867 27.58943181 -20.03212527 1.62197165e+01
86.40959933 27.70425645 -22.37595396 1.43921658e+01
85.92518199 27.75246063 -21.06874702 1.67795055e+00
86.01364893 27.66500211 -18.56009425 1.65830011e+00
86.86359807 27.61541170 -22.25142941 1.09043743e+01
86.53131952 27.69818827 -22.74836887 1.46936976e+01
87.35025153 27.60137765 -23.43786107 1.08479812e+01
87.01857290 27.68183345 -24.08725397 1.07319926e+01
87.50571083 27.66441592 -25.03211411 1.10533940e+01
87.26219232 27.67401699 -24.61558093 1.08572968e+01
87.33351788 27.70614772 -25.35677653 1.09264778e+01
87.12293458 27.78372975 -26.17112281 1.09066240e+01
86.77491827 27.68918183 -23.47451063 1.53548704e+01
86.71886650 27.83427517 -25.94289982 1.51883975e+01
87.21154713 27.71064995 -25.14798374 1.08801932e+01
87.14039117 27.67808155 -24.36364694 1.08366876e+01
86.60154580 27.73132993 -23.71133653 1.48001865e+01
86.63434988 27.80199177 -25.14588853 1.48925287e+01
87.57343844 27.79907511 -27.29043187 1.15366949e+01
87.61971242 27.86551066 -28.36740601 1.18968252e+01
87.87067157 27.64540589 -25.43869698 1.45138118e+01
87.61128841 27.76268331 -26.80898883 1.15155930e+01
88.06103456 27.76986081 -27.59813263 1.52800741e+01
87.93920255 27.77787050 -27.55167639 1.49607456e+01
88.09897470 27.73319711 -27.09170394 1.00707440e+01
88.06450403 27.66732061 -26.04931115 7.93734723e+00
88.22079933 27.72488100 -27.11161083 5.35033034e+00
88.18618212 27.65913944 -26.06902374 4.04792686e+00
88.30461269 27.75315475 -27.63718408 4.56004098e+00
88.18283331 27.76156513 -27.62659565 8.11827159e+00
88.34260812 27.71649050 -27.11295154 3.72462578e+00
88.23521848 27.62172771 -25.54937406 3.24031916e+00
88.47814273 27.60519713 -25.49933770 3.16575919e+00
88.30783752 27.65080145 -26.06772861 3.34996496e+00
88.70809837 27.69275526 -27.04091315 3.38887445e+00
89.05001934 27.50442434 -23.83513036 3.30165416e+00
88.35668074 27.61340968 -25.53594279 3.13897828e+00
88.42948658 27.64249900 -26.04785234 3.27399844e+00
87.99222703 27.63789722 -25.50725747 9.18344664e+00
88.07921295 27.56404718 -24.23818893 2.93365045e+00
87.94278960 27.67517160 -26.00419956 1.46033459e+01
87.95783995 27.57176467 -24.19981910 5.99381961e+00
87.69921974 27.68936443 -25.82683868 1.20029961e+01
87.62741241 27.65871355 -25.19978806 1.14938978e+01
87.57736165 27.69556889 -25.69603315 1.13167664e+01
87.63112077 27.55536963 -23.14477055 1.19089593e+01
87.45545866 27.70114747 -25.53798485 1.10297973e+01
87.47185806 27.59676926 -23.65770508 1.09892167e+01
87.82102922 27.68254774 -25.92916985 1.36384662e+01
87.83641925 27.57897172 -24.12037970 1.25112161e+01
87.59342586 27.59151418 -23.84836486 1.15541574e+01
87.58492529 27.48867141 -21.57504080 1.22707356e+01
87.99559744 27.53528077 -23.43844593 3.17341261e+00
88.23043182 27.41774268 -21.08005953 2.16196316e+00
88.47330134 27.40133518 -20.97850956 2.42934197e+00
88.35969096 27.51110016 -23.42187073 2.62966436e+00
88.59474261 27.39337309 -20.91332479 2.53430045e+00
88.48102734 27.50291921 -23.36704804 2.94248506e+00
88.72375333 27.48753868 -23.22653926 3.02544044e+00
88.96424159 27.57667403 -25.24914866 3.23401366e+00
88.59962048 27.59728213 -25.44386430 3.14926242e+00
88.67283011 27.62676998 -25.95998726 3.24407336e+00
88.67824335 27.42218367 -21.66330666 3.12661743e+00
88.60237714 27.49500847 -23.29957470 2.99612093e+00
88.60790308 27.29036514 -16.10991590 1.25479694e+00
88.19260216 27.45433567 -21.88064831 2.32123562e+00
88.11699213 27.52747798 -23.45976728 2.33458690e+00
88.20054811 27.55597350 -24.24354444 2.59814711e+00
87.37919627 27.46179407 -20.09227646 1.19052734e+01
87.22861445 27.60541545 -23.18578458 1.11933991e+01
87.39573904 27.35752272 -15.76250322 8.86283914e+00
87.25741802 27.46531845 -19.50061911 1.16208938e+01
87.22387810 27.39657905 -16.72504447 1.25392446e+01
87.13561679 27.46826894 -18.81253364 1.20606195e+01
87.21977227 27.50112346 -20.45640043 1.16472628e+01
87.14454038 27.57295012 -22.25577771 1.16345973e+01
86.61552548 27.40701848 -13.38472688 1.33565031e+01
86.85442630 27.50921969 -18.84684805 1.26389743e+01
87.01380022 27.47079148 -18.04252420 1.23277849e+01
86.65768610 27.58539018 -20.80364454 1.61471662e+01
87.09800158 27.50410649 -19.95379317 1.19903716e+01
86.90111581 27.57904526 -21.62050797 1.15514132e+01
86.97621746 27.50674086 -19.39509071 1.27371659e+01
86.77939671 27.58203864 -21.26649584 1.52091409e+01
87.02283284 27.57609310 -21.95181923 1.17817042e+01
86.72353071 27.72666386 -24.06784818 1.51774573e+01
87.08955427 27.71476696 -24.91377579 1.07968335e+01
87.10695461 27.60898734 -22.90123726 1.11044718e+01
86.96754790 27.71866791 -24.65977296 1.06384962e+01
86.98528011 27.61225793 -22.58770709 1.13184520e+01
86.74191787 27.61872759 -21.89458382 1.56516353e+01
86.65310363 27.69331606 -23.11692184 1.49915912e+01
85.99370294 27.77961973 -22.02593795 1.97054984e+00
86.05051547 27.62319586 -16.75503811 1.65150641e+00
86.23606643 27.75296201 -22.64279088 1.41317426e+01
86.29283374 27.60154392 -18.11911194 1.02797069e+01
86.49861637 27.62710963 -20.75343443 1.52942432e+01
86.48910175 27.51876834 -17.18280127 1.53258387e+01
86.62025080 27.62250086 -21.43264501 1.58849838e+01
86.61085522 27.51488224 -17.97589053 1.71128552e+01
86.37705063 27.63304094 -20.07974583 1.42946420e+01
86.36740896 27.52399858 -16.19269809 1.04354954e+01
85.93009372 27.63935141 -16.47289606 1.13648191e+00
86.18134508 27.38848704 -11.06870563 1.26516210e+00
86.25561874 27.64088616 -19.43721281 1.04117768e+01
86.28310329 27.49206002 -14.34656482 7.46714432e+00
85.89352303 27.68268420 -18.29395383 1.30344337e+00
85.91993087 27.52842628 -12.91067774 4.67940077e-01
85.77430980 27.70477260 -18.04924725 1.02055643e+00
85.76398482 27.59364806 -13.49851562 2.64244699e-01
85.41320887 27.68534293 -13.44266061 8.37819659e-02
85.45859175 27.74730826 -15.94492437 4.96813690e-01
85.30358114 27.60693039 -11.14057336 5.13229462e-03
85.41812514 27.56983904 -11.04113872 4.04104781e-03
85.19486072 27.87110158 -17.91252123 1.21173806e+00
85.42360779 27.79587214 -17.68188434 9.58800044e-01
85.11575601 27.86108799 -16.25999940 1.05459123e+00
85.07121512 27.80172903 -13.75779898 4.89891110e-01
84.74190351 28.03330929 -18.49877189 1.45024568e+00
84.84507794 27.88406812 -13.99564264 5.57905082e-01
84.77631817 27.98365623 -16.65586964 1.05103520e+00
84.59831774 28.30678731 -25.57487035 8.16718598e+00
84.85505322 27.99241253 -18.37819357 1.46421374e+00
84.65647139 28.13814060 -21.59481951 3.29993984e+00
84.96816114 27.95152032 -18.25040519 1.40199262e+00
84.76996727 28.09755923 -21.40825852 2.76934552e+00
85.00250880 27.90162492 -16.41441234 1.13541175e+00
84.88334563 28.05681556 -21.24015672 2.00279064e+00
85.30885885 27.83252625 -17.76819376 1.12828495e+00
85.22405022 27.93643778 -20.68019963 1.31699087e+00
85.33319413 27.67302364 -12.70106725 4.22273103e-02
85.34355352 27.78328692 -16.00645257 6.47280711e-01
85.65621814 27.73128926 -17.81688117 8.59256389e-01
85.45358544 27.86232855 -20.41718412 1.18651372e+00
85.53933829 27.76187599 -17.68428756 8.28616494e-01
85.43306344 27.98213002 -23.41163304 1.46832212e+00
85.74920262 27.93636570 -24.21763837 1.67347403e+00
85.56975502 27.82906739 -20.43885115 1.19264721e+00
85.87345065 27.79860614 -21.80385560 1.54427295e+00
85.66681226 27.91759469 -23.33868821 1.45434282e+00
85.75414388 27.82192268 -21.60728225 1.37164568e+00
85.68708555 27.79933218 -20.57625456 1.32444777e+00
85.51897756 27.88096023 -21.43478774 1.21206189e+00
85.28282295 28.06780747 -24.50182768 1.74610824e+00
85.40308644 27.91558223 -21.48827260 1.30338371e+00
85.33842238 27.89836109 -20.51471400 1.26296328e+00
85.79575892 28.00201488 -25.71182935 2.16760783e+00
85.86849356 27.91240548 -24.28693430 1.90437777e+00
85.32802031 28.12866648 -25.95442498 2.13752520e+00
85.39797505 28.03083966 -24.35709085 1.63236993e+00
85.09892270 28.20540853 -26.23861017 6.09780677e+00
85.20298518 28.05679878 -23.72198086 1.71408170e+00
85.05413920 28.14589739 -24.83931460 3.88602813e+00
84.26226186 28.31165779 -23.52749768 3.19486248e+00
85.17378820 27.99135987 -21.81936921 1.46107994e+00
84.99671468 28.01614740 -21.07326965 1.57812037e+00
85.11021882 27.97587481 -20.88117029 1.40920551e+00
84.94625449 28.07163279 -22.22566402 2.28028716e+00
84.83266652 28.11231296 -22.42731942 3.27800564e+00
83.82732727 28.52463768 -25.71349108 3.05580564e+00
84.71901899 28.15295852 -22.64845736 4.34104080e+00
83.96972132 28.37050759 -22.33998940 2.09850205e+00
85.05990512 28.03118762 -22.02896821 1.65787927e+00
85.08136826 27.91094301 -18.08947888 1.30900824e+00
84.49118691 28.23334941 -23.11278954 4.91369587e+00
84.62860639 28.07397891 -18.62669065 1.30205001e+00
84.40440330 28.33701150 -25.22434189 5.66368156e+00
84.54277397 28.17837224 -21.77811999 3.54016333e+00
84.48402595 28.34650100 -25.74280403 7.41691045e+00
84.60521596 28.19335728 -22.88533992 5.04158987e+00
84.17457289 28.41416236 -25.55522413 3.64214699e+00
84.32193955 28.14445371 -17.15609173 2.51209492e-01
84.36947182 28.38571643 -25.89194691 5.81864635e+00
84.42881685 28.21811930 -21.95007654 3.33774552e+00
84.51886505 28.29753745 -25.01152395 6.94998174e+00
84.52871439 28.40485038 -26.89570369 9.09281539e+00
84.18449233 28.52091015 -27.13164224 4.80071146e+00
84.25462269 28.42434952 -26.02760591 4.41325518e+00
83.62170497 28.47677164 -22.11283000 2.00685641e+00
83.67548240 28.60718456 -26.23148391 3.60869242e+00
84.05916405 28.45171918 -25.62725718 3.31464732e+00
84.14730739 28.34981605 -23.65731627 2.86846509e+00
83.47713492 28.62853696 -25.69757703 3.91513543e+00
83.55869264 28.64161436 -26.21393400 4.05133761e+00
84.02395842 28.49962812 -26.16276426 3.58252763e+00
84.08501944 28.33351053 -22.30608403 2.22606560e+00
83.90812637 28.53620222 -26.20210462 3.42200678e+00
83.91634891 28.42390632 -23.75626390 2.40210703e+00
83.86222266 28.29443124 -17.14824985 3.18581920e-01
83.73805454 28.44213508 -22.25196570 1.94825678e+00
84.03200375 28.38724002 -23.72642040 2.51704920e+00
84.05782536 28.26905529 -19.08001942 1.13110085e+00
83.38805803 28.54381153 -21.54791002 1.46582704e+00
83.63013979 28.36447987 -16.86271142 2.67525989e-01
83.47817819 28.44499898 -18.38301796 4.16446488e-01
83.50301629 28.29138407 -12.98924558 2.31827854e-02
83.50503082 28.51064727 -21.87452269 1.78432373e+00
83.56731766 28.52926542 -23.61923569 2.55162035e+00
84.19996260 28.29575576 -22.23725236 2.60642020e+00
84.54966764 28.06506341 -16.91149155 4.86929329e-01
84.31455526 28.25727164 -22.10550814 2.83680799e+00
84.37688110 28.27281417 -23.33034882 3.96786352e+00
84.51508260 28.11424378 -18.77240048 9.61387642e-01
84.08286919 28.11436732 -13.54442899 1.20349362e-02
84.65322178 27.91681484 -13.36335292 1.82044879e-01
84.43596298 28.10507026 -17.05096137 2.45603258e-01
84.42612153 27.99790985 -13.50531272 2.17322369e-02
84.50523888 28.00691395 -14.29547537 6.80502639e-02
84.39143084 28.04688573 -14.39988978 2.62588940e-02
84.45014905 27.87879351 -11.02993801 1.25502835e-02
84.17266819 28.23144194 -19.04729903 1.09960506e+00
84.31208094 28.03750384 -13.54855470 4.82660231e-03
84.09282768 28.22104322 -17.24129833 3.36794446e-01
84.28473900 27.97336433 -11.83359152 7.77587578e-04
83.94261572 28.30587781 -19.06633370 1.07073701e+00
83.93254640 28.19927350 -14.40508397 1.00042991e-01
83.82703256 28.34187128 -18.98411051 9.17893827e-01
83.81685669 28.23526281 -14.30421173 1.06214694e-01
83.58435510 28.30464472 -14.00436706 5.91083322e-02
83.51357007 28.39825968 -16.67909147 1.83449378e-01
83.76292361 28.10540932 -10.67148830 1.38824643e-03
83.61974257 28.25775138 -13.13074223 3.52110670e-02
83.38595499 28.32419338 -12.82496190 1.83255440e-02
83.46757129 28.33806075 -13.86249090 3.68223679e-02
84.10836826 27.99604815 -10.92510389 0.00000000e+00
84.16275280 28.12469482 -14.48615285 3.53897493e-02
83.96767372 28.15153860 -13.48877633 3.28876686e-02
84.04784297 28.16240414 -14.47167136 7.16075876e-02
83.64697151 28.14001204 -10.56373736 1.21763184e-03
84.11600988 27.88350321 -8.90828882 0.00000000e+00
83.59286120 28.19241330 -11.34933543 5.85740460e-03
83.88649109 27.95758907 -8.77708379 0.00000000e+00
83.87848363 28.06988684 -10.76174061 4.72673098e-04
84.19543213 27.89357277 -9.54143890 0.00000000e+00
83.41393023 28.20644671 -10.31458180 2.92939432e-03
83.53905042 28.06140147 -8.49004302 0.00000000e+00
84.51220595 27.89358990 -11.82808310 2.30591262e-02
84.75094417 27.58329008 -7.45488545 5.73932972e-03
84.73840047 27.81137852 -11.71638594 1.17083088e-01
84.87313363 27.64945705 -9.34868060 1.74760219e-02
84.67620895 27.79706527 -10.96341601 5.75933739e-02
84.79498124 27.64134508 -8.75207122 1.62499209e-02
84.53982030 27.95764318 -13.43159764 6.48048997e-02
84.56333152 27.83821586 -11.01241074 2.25834214e-02
84.61874095 27.96635684 -14.19176504 2.16850510e-01
84.62543497 27.85272358 -11.78751317 6.03451453e-02
84.90135805 27.71374078 -10.78663648 6.35667955e-02
84.76639038 27.87557359 -13.27665767 3.13391663e-01
84.19766902 28.07634229 -13.55977506 1.12862262e-03
84.27727675 28.08616966 -14.46175014 1.23696245e-02
84.96391373 27.72807253 -11.50959702 9.98703142e-02
84.87941669 27.83411946 -13.17077233 4.24684864e-01
85.10557176 27.75172214 -12.92931842 2.87289126e-01
85.35353227 27.55243318 -10.30153463 1.45295287e-03
85.21907954 27.71162278 -12.80863804 1.20139281e-01
85.29852211 27.72240399 -13.52789925 1.72557766e-01
85.68161555 27.57382683 -12.61814834 6.83786945e-02
86.00357762 27.55429231 -13.91318269 9.96254394e-01
86.00855356 27.44174326 -11.44116448 5.36792848e-01
86.12450582 27.54104797 -14.42661012 1.65706659e+00
85.80022003 27.54877759 -12.72335186 2.11261500e-01
85.88331241 27.57167937 -13.66533497 5.00607081e-01
86.49387409 27.41005463 -12.95305581 1.00581001e+01
86.04049606 27.51261995 -13.17804690 9.66550159e-01
85.93995055 27.41316702 -10.46998877 1.97487782e-01
85.78890196 27.36251339 -8.62305998 8.15444554e-03
86.54999310 27.26444190 -9.76576509 9.53949774e+00
86.14914716 27.31711210 -9.30421506 8.08568184e-01
85.88825447 27.45817379 -11.20436625 1.74000730e-01
86.06530210 27.28714749 -8.25011933 2.51826285e-01
85.70167978 27.45563767 -10.18623429 8.90691296e-03
85.82516684 27.31840617 -7.84049850 6.63411758e-03
85.55382251 27.41641263 -8.58832161 0.00000000e+00
85.47317984 27.40132998 -7.86285175 0.00000000e+00
85.21050747 27.52543803 -8.93730496 0.00000000e+00
85.18987917 27.64613454 -11.26132065 1.21927868e-02
85.13186884 27.51583359 -8.31470014 0.00000000e+00
85.07673936 27.68671096 -11.38789230 3.91688509e-02
84.98536745 27.60753692 -9.22341649 4.22408503e-03
85.01386755 27.67207993 -10.67313052 2.11684530e-02
84.64841755 27.73304883 -9.53059691 2.03140847e-02
84.76086159 27.69138958 -9.45462567 2.22906936e-02
85.09774647 27.56602226 -9.08463149 0.00000000e+00
85.43270030 27.22363295 -4.47463383 3.40680725e-03
85.24478375 27.47553936 -8.15100289 0.00000000e+00
85.34809116 27.32668192 -5.72719501 0.00000000e+00
85.35845966 27.43709534 -7.99447580 0.00000000e+00
85.42788049 27.33914577 -6.37887525 0.00000000e+00
85.70652553 27.34132199 -7.76720230 1.36222191e-03
85.57877988 27.25811393 -5.51625345 0.00000000e+00
85.77864172 27.25141665 -6.24581541 0.00000000e+00
85.69620115 27.23020071 -5.48587908 0.00000000e+00
85.82028236 27.43197701 -10.28492253 3.72825462e-02
85.90823381 27.34286737 -8.76798357 4.14739549e-02
85.93477625 27.18966904 -5.61348969 3.03756887e-03
85.94486073 27.30048138 -8.00160171 3.75794168e-02
85.89809993 27.23195547 -6.34462160 3.31830100e-03
85.90300953 27.11866891 -4.36019853 2.64604153e-03
86.75052956 27.08432237 -6.25016944 1.02384404e+01
86.05535989 27.17673696 -5.77271631 3.00544282e-02
85.66034853 27.27599918 -6.22470448 0.00000000e+00
85.71612583 27.11231391 -3.88544973 7.74873647e-03
85.23448539 27.36554821 -5.91765288 0.00000000e+00
85.31357118 27.37615510 -6.53468994 0.00000000e+00
85.01942285 27.55725501 -8.47434076 5.42065560e-04
85.12166150 27.40629538 -6.14012994 0.00000000e+00
85.00931406 27.44817580 -6.35628266 0.00000000e+00
85.08757028 27.45663640 -6.93483354 0.00000000e+00
84.35809919 27.57959729 -5.30096230 0.00000000e+00
84.53261867 27.55323310 -5.74959728 2.15037898e-03
84.30924991 27.85458563 -9.58101802 2.50920425e-04
84.41283297 27.70760802 -7.71660663 2.22032380e-03
84.10607823 27.77679864 -7.13562223 0.00000000e+00
83.96653509 27.96885971 -9.40416746 0.00000000e+00
84.56018341 27.61718621 -6.99499863 5.76490031e-03
84.57002696 27.72471563 -8.91953552 1.26358520e-02
83.76087021 27.88657218 -6.98425002 0.00000000e+00
83.73594764 28.04035998 -9.22987599 0.00000000e+00
84.33661318 27.91867910 -11.02290379 1.47854925e-03
84.42266622 27.81477814 -9.59387615 3.64479338e-03
84.08119436 27.93167380 -9.47896571 0.00000000e+00
84.00146538 27.92102353 -8.85081863 0.00000000e+00
83.53062913 28.17367047 -10.44460437 3.11246861e-03
83.65527161 28.02777963 -8.59825236 0.00000000e+00
83.62003953 28.07466362 -9.12977807 4.26037210e-04
83.84941993 27.78631183 -5.92462440 0.00000000e+00
83.50374060 28.10801088 -9.01927124 4.16537069e-04
83.60964381 27.96796204 -7.43145990 0.00000000e+00
83.85144861 28.00508758 -9.31769733 0.00000000e+00
83.95649881 27.86225556 -7.67475110 0.00000000e+00
83.77108777 27.99317142 -8.69171222 0.00000000e+00
83.87638793 27.85100483 -7.05961053 0.00000000e+00
83.52855034 27.95461483 -6.78954101 0.00000000e+00
83.37635189 28.03340219 -7.18553860 0.00000000e+00
84.07124010 27.82500097 -7.71317921 0.00000000e+00
84.19304919 27.67406805 -5.97073925 0.00000000e+00
83.41178191 27.98710928 -6.66169314 0.00000000e+00
83.49318932 28.00117017 -7.31659842 0.00000000e+00
83.73395748 27.82163055 -5.86540105 0.00000000e+00
83.84131080 27.89850204 -7.60859439 0.00000000e+00
83.64492172 27.92111402 -6.89812562 0.00000000e+00
83.72568995 27.93374293 -7.52675431 0.00000000e+00
83.96442443 27.74992611 -5.96234767 0.00000000e+00
83.87548047 27.66840904 -4.44657665 0.00000000e+00
83.78742035 27.76887112 -5.35475929 0.00000000e+00
83.91035727 27.62078724 -4.05790215 0.00000000e+00
83.90248805 27.73308866 -5.39432406 0.00000000e+00
84.02476801 27.58377582 -4.05348558 0.00000000e+00
84.22024759 27.73821707 -7.14164109 0.00000000e+00
84.29939830 27.74762992 -7.73667241 0.00000000e+00
84.44727551 27.65833271 -7.07853453 2.14951261e-03
84.52586920 27.66679526 -7.66107391 6.39329746e-03
84.07896815 27.71250163 -5.97881396 0.00000000e+00
84.33077695 27.51560429 -4.26059937 5.09421775e-04
84.24488890 27.61944347 -5.37306969 0.00000000e+00
84.36510043 27.46644650 -3.69530475 1.83492465e-03
84.58324772 27.49737018 -5.06814408 2.46687553e-03
85.25977998 27.12930342 -2.88804631 1.78474756e-02
84.01481699 27.47729620 -1.21543218 3.70918668e-01
83.99001927 27.63177445 -4.45423193 0.00000000e+00
83.52906666 27.77167450 -4.31090032 0.00000000e+00
83.43956340 27.86977899 -5.13075839 0.00000000e+00
83.56427902 27.72513193 -3.95034919 0.00000000e+00
83.55594437 27.83721912 -5.22405254 0.00000000e+00
84.01708753 27.69623002 -5.41093004 0.00000000e+00
84.10408216 27.59407391 -4.44050458 0.00000000e+00
83.32049913 27.68206435 -1.15069033 5.90784894e-02
83.33133618 27.78908858 -3.81172396 0.00000000e+00
83.40203466 27.69700241 -2.32550050 0.00000000e+00
83.44801187 27.75764989 -3.88180538 0.00000000e+00
83.75024628 27.59741156 -2.43001680 0.00000000e+00
83.68009890 27.69147133 -4.00365286 0.00000000e+00
83.51855452 27.66496049 -2.37056392 6.14477243e-05
83.66978575 27.58497182 -1.21015700 2.23187870e-02
83.43736463 27.65085569 -1.17481017 9.74519302e-03
83.78529222 27.55025433 -1.21985980 2.79140999e-02
84.35531616 27.35950365 -1.02109825 8.54536173e-01
84.54585817 27.32600021 -1.78396290 2.81958281e-01
84.09417154 27.48745174 -2.39356576 1.18752307e-02
84.12882321 27.43911112 -1.17813358 4.87540216e-01
84.57991042 27.27607357 -0.86955612 1.59621504e+00
84.43363409 27.36776703 -1.93550504 2.32288216e-01
84.20781412 27.44857271 -2.30583314 2.47452697e-02
84.13869353 27.54568796 -4.00244857 4.85983754e-04
84.24231843 27.39982484 -1.12769956 5.41193768e-01
84.25213393 27.50655908 -3.89222602 1.35485045e-03
84.46783453 27.31821831 -0.91440678 1.55550545e+00
84.47761489 27.42542633 -3.44070556 4.32511838e-03
85.10334328 27.11089754 -1.85876083 6.28529485e-02
84.89054699 27.30570947 -3.78029078 6.53501802e-04
85.44220517 26.99277382 -1.31441445 7.74107253e-02
85.48752189 27.05544041 -2.50052559 1.78181075e-02
85.32819150 27.02955472 -1.43252348 7.66956248e-02
85.33861632 27.14014764 -3.24581025 1.27573696e-02
85.36251559 26.97986127 -0.68049186 8.43285872e-01
85.02556015 27.10286500 -0.99378507 3.51858894e-01
85.13714507 27.06015440 -0.86497576 4.96303588e-01
84.77913178 27.34864653 -3.74697799 8.83941859e-04
85.67467385 26.93198447 -1.21746269 5.52444547e-02
85.94946731 26.85160188 -0.62492858 2.95241791e-01
85.72092505 26.99813376 -2.36464974 1.72239818e-02
85.55766097 26.95993170 -1.24893900 6.30669388e-02
85.47698392 26.94416084 -0.63392259 8.14219205e-01
85.82950102 26.86634353 -0.60426408 4.58563803e-01
85.80337833 27.02076330 -2.90446573 1.19479116e-02
85.79314239 26.90958534 -1.20671037 4.89651431e-02
85.71055397 26.88672010 -0.60244629 6.82777247e-01
86.04309018 26.99185127 -3.02496746 1.07332306e-02
85.95953502 26.96237649 -2.40895349 1.51662258e-02
85.59870776 27.13904970 -3.93231486 8.07044297e-03
85.68503960 27.04329612 -2.92064382 1.34600797e-02
85.03573915 27.21222075 -3.38721927 7.28202219e-03
84.98088488 27.38367279 -5.17936100 0.00000000e+00
84.91427074 27.14628383 -1.01942264 3.94591154e-01
84.64501744 27.51140679 -5.61806931 2.75516802e-03
84.99183965 27.15371778 -2.01320771 4.91125891e-02
84.70146737 27.34113373 -3.21667316 7.29701844e-03
84.88053753 27.19705120 -2.00743811 8.98193406e-02
84.80301618 27.18986599 -0.98801547 5.09279681e-01
84.69160791 27.23322380 -0.90561384 8.28157612e-01
84.66754593 27.39131994 -3.77062778 2.35708738e-03
84.80705564 27.41264000 -4.83799450 0.00000000e+00
84.81295872 27.29821068 -3.29349025 4.23579371e-03
84.75711845 27.46904114 -5.49325931 1.17423209e-03
84.67274818 27.57539231 -6.88030323 4.43886686e-03
84.86902513 27.42635990 -5.32745575 0.00000000e+00
84.78504362 27.53311885 -6.72971343 3.33512244e-03
84.91869680 27.36986163 -4.72323977 0.00000000e+00
84.92432150 27.25511253 -3.39985248 2.97633707e-03
85.03037493 27.32725266 -4.62240810 0.00000000e+00
85.00195411 27.26284818 -3.78584857 6.96370120e-04
85.14232506 27.28531300 -4.47269634 2.55476332e-04
85.11357512 27.22053066 -3.69184899 5.12366690e-03
85.22569026 27.17937487 -3.46006705 1.13606352e-02
85.14745902 27.17006010 -3.18281319 1.62928364e-02
85.37303135 27.09078026 -2.65526318 1.86569032e-02
85.36820624 27.20613896 -4.13583038 5.24377606e-03
86.44270185 26.94089770 -3.04072215 1.57192718e+00
86.31698489 27.05171062 -4.48200316 7.02266962e-01
86.19596376 27.05614536 -4.24686944 9.29059083e-02
86.28461099 26.97955495 -3.31898803 2.26409668e-01
86.92258970 27.04941611 -5.91447541 7.48921570e+00
86.54054201 27.15657292 -7.16892263 9.42117750e+00
87.04371918 27.04956821 -6.27950815 4.14805066e+00
86.74608470 27.19094158 -8.75100711 1.03587557e+01
87.16484771 27.04921628 -6.61758940 1.31672410e+00
86.78347853 27.15529468 -8.01720845 1.03676717e+01
87.59960558 27.07577881 -8.16454951 3.52924068e-01
87.02641830 27.15464729 -8.81491911 7.20491717e+00
87.72080644 27.07133467 -8.29010174 1.86406359e-01
87.11039458 27.18905730 -9.92511029 7.45881659e+00
87.04771253 26.94456943 -4.00733062 8.40281750e-01
86.99316025 27.08464086 -6.98442926 7.44585571e+00
87.28597017 27.04817715 -6.75257212 8.09800447e-01
87.23578505 27.08343307 -7.63012858 1.27113456e+00
86.91749442 26.83829940 -1.05335976 5.78198356e-01
86.68470584 26.94166083 -3.54186519 8.42524208e+00
86.87184472 27.08454927 -6.61250462 7.88871099e+00
87.01041065 26.97942285 -4.64028564 1.63907282e+00
86.80146117 27.04898898 -5.58632610 9.07079932e+00
86.92670730 26.94383699 -3.82040891 2.00321328e+00
86.40555474 26.97734527 -3.51320020 1.20706723e+00
86.32171191 26.94227207 -2.82166370 2.48553997e-01
86.56370431 26.94088863 -3.31283149 7.20182203e+00
86.55920533 27.04859145 -5.02353743 9.43452563e+00
86.20077704 26.94574623 -2.64537620 1.82732462e-02
86.03314064 26.88138644 -1.28604270 3.79533118e-02
86.27491287 26.87018919 -1.48693774 6.42263526e-02
86.19096642 26.83586726 -0.71131120 1.91836735e-01
86.15393089 26.87414152 -1.37242532 3.86631236e-02
86.31202043 26.83303004 -0.77562654 2.33731016e-01
86.07005409 26.84175278 -0.66111412 2.53572479e-01
86.43311784 26.83237870 -0.86224791 3.61495182e-01
86.63809824 26.86984373 -2.00588850 4.23822823e+00
87.00128491 26.87430502 -2.15009652 4.56014782e-01
87.03859507 26.83970691 -1.09673676 2.98563700e-01
87.12235729 26.87510615 -2.21795705 2.67208618e-01
87.15970340 26.84049258 -1.12122029 1.33864085e-01
86.80570579 26.94276756 -3.69039420 7.41933196e+00
86.75915833 26.87137736 -2.06776579 2.15745066e+00
87.28972576 26.94415035 -4.17222467 3.02870327e-01
87.24343294 26.87517219 -2.23972759 1.08501528e-01
87.37332398 26.97777028 -5.02972329 2.88303876e-01
87.28081494 26.84047938 -1.11850730 3.43576370e-02
86.88021895 26.87297795 -2.09071712 7.13070255e-01
86.79640132 26.83651243 -1.03735736 8.83083308e-01
87.49426880 26.97550817 -5.10974144 1.20287697e-01
87.36450447 26.87436856 -2.24709031 4.63177408e-02
87.76507606 26.83017489 -0.99960311 3.58379360e-01
87.40192071 26.83951235 -1.12858301 1.61173066e-02
87.89435540 26.92673110 -3.94217434 1.37700404e-02
88.12774786 26.81156430 -1.01486400 1.96233019e+00
87.72757579 26.86572929 -2.03293895 3.64445482e-02
87.52300900 26.83750597 -1.09317593 3.94212482e-02
87.64406532 26.83439767 -1.03333584 9.86657678e-02
87.88603061 26.82490346 -1.05336756 1.76060426e+00
88.49773235 26.88911186 -4.04904324 1.71566915e+00
87.96938172 26.85472966 -2.16148285 1.77130450e+00
88.09019008 26.84786803 -2.12297929 2.20354555e+00
88.45232583 26.82412071 -2.01694572 1.61743178e+00
88.24851937 26.80385499 -0.97340363 1.63744869e+00
88.36924999 26.79574520 -0.99389777 1.68137086e+00
88.13584078 26.91314564 -4.15500977 5.35199250e-01
88.33164679 26.83233445 -1.96730140 1.62363330e+00
88.09831818 26.94951089 -5.19667658 3.21524406e-02
88.21094127 26.84033571 -1.98826763 1.71870764e+00
88.57299950 26.81594851 -2.06231962 1.70533206e+00
88.48996063 26.78750220 -1.02304795 1.76436761e+00
88.21895915 26.94190717 -5.02377451 7.04788981e-01
88.32597779 27.03690665 -8.56148879 1.73524029e-02
88.00692085 26.81864536 -1.10811529 2.45640650e+00
88.01512809 26.92031761 -4.21801366 4.37672755e-02
87.85686745 26.96268923 -4.80385761 2.14637304e-03
87.65263015 26.93675223 -4.13102918 9.57919154e-03
87.41072029 26.94268133 -4.22580922 1.38048662e-01
87.60658945 26.86969587 -2.12651176 1.27624293e-02
87.47836077 27.07924801 -7.98689273 5.46913638e-01
87.73605150 26.96796117 -4.95290408 7.11893720e-03
87.40707839 27.04631219 -6.87856165 5.22993649e-01
87.53169266 26.94023387 -4.22419845 4.46368638e-02
87.64920861 27.03976560 -7.12823878 1.65966676e-01
87.15683860 27.25833646 -11.74586436 7.32208721e+00
87.77020773 27.03501957 -7.08387072 4.86650140e-02
87.51219654 27.14717315 -9.92782221 8.35607358e-01
87.61518199 26.97224538 -5.10013286 4.22961617e-02
87.52816187 27.04352904 -7.02198659 3.28692964e-01
87.84195420 27.06594515 -8.29511792 6.99394512e-02
87.59597400 27.17888833 -10.93308132 8.31825699e-01
88.20504359 27.04495065 -8.61038773 1.22448890e-03
87.60451954 27.28162290 -13.42037223 1.39600158e+00
88.25650168 26.90540099 -3.96514767 1.78210352e+00
88.13285604 27.01551089 -7.37384192 7.13613645e-04
88.33955869 26.93389218 -4.94521220 1.84069665e+00
88.25363004 27.00770854 -7.30198714 2.38647036e-02
88.61582448 26.98338256 -7.37756349 1.81042636e+00
88.85736284 26.96865126 -7.49222289 2.31989506e+00
88.36073878 27.10261406 -10.60966838 2.96438294e-02
88.68613042 27.11517182 -11.25349465 4.25455183e-01
88.56780130 27.02059968 -8.58750360 8.66355447e-01
88.56508057 27.12293296 -11.29185341 1.97098249e-01
88.49509486 26.99140803 -7.31075586 1.11885853e+00
88.48180174 27.09442793 -10.58624579 8.08041637e-02
88.44404807 27.13101440 -11.32757561 9.43281985e-02
87.88446759 27.23455288 -12.84038366 7.11092504e-01
88.57277213 27.22455979 -13.42214377 4.90725849e-01
88.80721050 27.10790753 -11.22062017 1.25162353e+00
88.60286988 27.08641044 -10.55254582 2.36566121e-01
88.36859699 27.20418163 -12.80340852 2.51174318e-01
88.32301595 27.13920722 -11.35611466 6.90498983e-02
88.00557033 27.22772380 -12.87723835 5.26357488e-01
87.75985201 27.34348775 -16.30844749 1.57883747e+00
88.33090039 27.24077717 -13.54327342 3.75162937e-01
88.08897000 27.25671577 -13.62904136 5.81471486e-01
87.63357439 27.14321676 -10.13471476 6.05761499e-01
88.20196491 27.14728059 -11.36981932 9.24663031e-02
88.11855309 27.11858333 -10.59157473 6.71336569e-02
88.08087671 27.15500365 -11.35288935 1.48981140e-01
87.71728323 27.17419026 -11.10079773 6.26342610e-01
87.87618057 27.13253834 -10.41301392 2.68293354e-01
87.89115091 27.02933574 -7.02001911 1.61564536e-02
87.99739578 27.12591151 -10.52209368 1.36766159e-01
88.08406935 27.05260484 -8.60154525 8.01940492e-03
87.95973779 27.16217191 -11.29530670 2.70405180e-01
87.96304212 27.05966487 -8.36470210 2.79490597e-02
87.35708347 27.08177417 -7.76961600 8.07436600e-01
87.14788392 27.15382193 -9.17498219 6.90555525e+00
87.47462013 27.18266733 -10.74094218 1.06327527e+00
87.23182071 27.18765708 -10.25214553 5.82395013e+00
86.86752318 27.19046575 -9.16720720 6.72682619e+00
86.79273079 27.26174178 -10.62432765 9.21825759e+00
86.62921471 27.08429400 -5.90716149 9.81855751e+00
86.42864963 27.26704216 -9.34617703 8.85547473e+00
86.43808260 27.04943442 -4.74374527 4.28579232e+00
86.26047730 27.20007115 -7.10259762 1.08033137e+00
86.50790246 27.08485801 -5.55460553 8.84194861e+00
86.30736314 27.27121627 -8.94338270 2.14650244e+00
86.26535498 27.08993774 -4.90091772 4.83290393e-01
86.17640125 27.16778111 -6.02227302 3.16864207e-01
86.62464754 27.19168331 -8.32427068 9.78217773e+00
86.41909121 27.15846288 -6.75314672 6.68688317e+00
86.50321783 27.19308704 -7.89598519 9.24831168e+00
86.18620486 27.27766186 -8.57075631 8.48120232e-01
86.38181340 27.19566720 -7.48542172 5.70341450e+00
86.29768787 27.16195660 -6.36641345 1.14698030e+00
86.91410400 27.26082382 -11.02900892 7.55895402e+00
86.98896063 27.18992703 -9.55880735 6.97005083e+00
87.27819061 27.25634850 -12.04470617 8.13452646e+00
87.26934091 27.15239119 -9.44957241 2.41836197e+00
87.64209047 27.24582899 -12.66152178 1.12204726e+00
87.75490492 27.13832513 -10.29249545 4.36663932e-01
87.76330630 27.24060741 -12.77187158 9.15153579e-01
87.83853967 27.16859952 -11.20416043 4.67372178e-01
87.35323222 27.18556522 -10.49346699 1.75509388e+00
87.24069813 27.29179249 -12.78829690 7.88343377e+00
87.27429423 27.36065379 -15.36299089 8.96243442e+00
87.36200181 27.28917791 -13.04934831 7.10056661e+00
86.98055014 27.40105738 -15.22611963 1.30417741e+01
87.11937648 27.29376577 -12.48209833 7.59781425e+00
86.90985730 27.36680612 -13.74086775 1.24167892e+01
86.99804393 27.29525511 -12.13457358 8.04106142e+00
86.42394885 27.37605882 -11.86606530 9.32088030e+00
86.63402816 27.29907214 -10.91365602 1.04765961e+01
86.37227026 27.41437669 -12.52559718 9.13083253e+00
86.51270251 27.30119274 -10.48368194 9.47862782e+00
86.30257228 27.38111899 -11.45125840 4.51861030e+00
86.39140956 27.30447674 -10.06795385 8.60130597e+00
86.12947616 27.42948464 -11.75216746 1.14250905e+00
86.27019522 27.30954493 -9.66715538 1.77982033e+00
86.40476514 27.48581549 -15.03982195 1.02016366e+01
86.66687515 27.37021837 -12.72385047 1.35529153e+01
86.25077043 27.42061517 -12.11934991 2.46371622e+00
86.16162996 27.50075046 -13.70646633 1.71917998e+00
86.52652311 27.48132942 -15.75556701 1.46769616e+01
86.73263574 27.51183014 -18.46532296 1.75559780e+01
86.78836492 27.36839590 -13.14848723 1.48920742e+01
86.64832600 27.47801113 -16.26565694 1.66178488e+01
87.50094321 27.45759709 -20.57918206 1.26558877e+01
87.88112339 27.33721725 -16.35865112 1.32211469e+00
86.85887362 27.40287547 -14.41950026 1.25704907e+01
86.77014750 27.47537762 -16.67659661 1.78117723e+01
87.62264967 27.45265481 -20.86485157 1.21357501e+01
87.86591426 27.44051558 -21.05611911 3.03995056e+00
87.94968067 27.46983333 -21.86685406 2.59670728e+00
88.00233835 27.33023024 -16.37137262 1.18251883e+00
87.82814799 27.47679940 -21.80633578 5.32148981e+00
87.95312548 27.36726496 -18.33944607 1.45715994e+00
88.19581373 27.35197440 -18.31288722 1.35662969e+00
88.10896873 27.42576940 -21.10187680 2.16919414e+00
88.12350104 27.32265438 -16.35223232 1.11776912e+00
88.45183434 27.23259214 -13.48214020 3.95959952e-01
87.83170473 27.37404607 -18.30494859 1.73731149e+00
87.96794129 27.26404356 -13.63116881 7.59177868e-01
87.71022889 27.38010341 -18.23141437 2.82611047e+00
87.84685621 27.27069561 -13.59979253 9.52069357e-01
87.63852689 27.34898025 -16.21604639 2.37880611e+00
87.72571425 27.27657453 -13.53422907 1.14409566e+00
88.24462225 27.31466913 -16.30802555 1.02955039e+00
88.48956258 27.19601805 -12.75275358 2.77633877e-01
88.31710351 27.34381963 -18.26436790 1.33132821e+00
88.61053650 27.18806115 -12.70257343 3.96702636e-01
88.55965854 27.32754288 -18.13590934 1.59243036e+00
88.69372960 27.21687751 -13.36693987 7.27929970e-01
88.48680521 27.29830802 -16.17752384 1.03587931e+00
88.73153433 27.18051066 -12.65716868 6.63391616e-01
88.85018156 27.27586346 -15.97702398 1.61696292e+00
88.55681756 27.42986688 -21.73154291 2.91926005e+00
88.43837899 27.33560310 -18.20190594 1.40504439e+00
88.43541250 27.43791489 -21.79503112 2.69377908e+00
88.83770651 27.37881879 -20.76772462 2.89093855e+00
88.71620812 27.38582341 -20.84740559 2.80113666e+00
88.36571745 27.30647914 -16.24638721 1.01515584e+00
88.35187012 27.40952678 -21.03640820 2.16294935e+00
89.16647276 27.29452167 -17.69131674 2.32435036e+00
89.08080183 27.36658093 -20.53608517 2.95768422e+00
89.04504940 27.29999612 -17.76915696 2.25559963e+00
88.79970034 27.41501505 -21.59686396 3.08682291e+00
88.97137126 27.26947960 -15.89098107 1.76044397e+00
88.92365273 27.30601910 -17.88391522 2.12664406e+00
89.57762918 27.24432354 -15.80485798 2.24560849e+00
89.16426521 27.39700905 -21.35868050 3.39632433e+00
88.80228792 27.31263126 -17.99486056 1.94831819e+00
89.04947102 27.09512255 -11.18290668 2.97032335e+00
88.72902566 27.28283916 -16.04802460 1.43596967e+00
88.81471827 27.20970804 -13.32041683 1.00343727e+00
89.21584207 27.15590801 -12.56806790 2.82062620e+00
89.09259102 27.26367383 -15.82837058 1.92913393e+00
89.70039991 27.13717035 -12.65486820 1.86767253e+00
89.33509422 27.25348883 -15.77903791 2.10828236e+00
89.45811898 27.14630074 -12.59636481 2.46825028e+00
89.28791522 27.28949567 -17.64936746 2.31737195e+00
89.66230429 27.17279639 -13.30117728 1.87174215e+00
89.40936825 27.28477808 -17.63909522 2.25684108e+00
89.82014062 27.23507713 -15.87588600 2.79337274e+00
89.65057403 27.37830544 -21.30314762 4.26905786e+00
89.45636134 27.24884800 -15.78403007 2.26602776e+00
89.32399272 27.35637534 -20.40771989 3.11249032e+00
89.65227731 27.27570936 -17.68912318 2.31956346e+00
89.56721728 27.34722714 -20.40421885 2.90394502e+00
89.53082456 27.28022986 -17.65301870 2.22228561e+00
89.40741320 27.38732645 -21.29202677 3.21348959e+00
89.93199757 27.33311244 -20.53743298 8.60258486e+00
90.18377024 27.21933690 -16.00962678 7.24264659e+00
90.13673548 27.35832301 -21.44026197 1.20327240e+01
90.42683971 27.10467138 -12.87282841 5.21592612e+00
90.05355381 27.32789379 -20.59733978 1.03973681e+01
90.01655443 27.26112971 -17.85801989 6.88786877e+00
90.41807159 27.31027885 -20.76347927 1.24128786e+01
90.66882926 27.09205352 -12.92580019 4.22283009e+00
90.62253182 27.33372906 -21.56038759 1.36224243e+01
90.74453858 27.22486242 -18.08215665 8.86035535e+00
90.98719725 27.21363132 -18.10296656 7.05784782e+00
90.78244217 27.29129311 -20.81152141 1.27076949e+01
91.63784339 27.18004148 -16.21554876 8.96044729e+00
90.91055244 27.18271349 -16.14060967 5.05593152e+00
91.39530180 27.06946536 -12.99441976 4.04573114e+00
91.63215936 26.97552777 -10.96959252 3.09430197e+00
91.26859555 27.27427709 -20.83686539 1.06352365e+01
91.51674304 27.17427011 -16.20410621 7.67358062e+00
91.23002281 27.20652303 -18.11819139 7.69199849e+00
91.75294512 26.98495998 -10.89888417 3.07487343e+00
91.14699127 27.27657978 -20.83344170 1.01605446e+01
91.39549635 27.17172734 -16.18956494 6.71779133e+00
90.38062801 27.24382115 -18.02926769 9.75363686e+00
90.66829945 27.19460783 -16.11246434 6.89623555e+00
90.50110973 27.34013776 -21.54448106 1.36043895e+01
90.54718819 27.20095829 -16.09566451 7.59346793e+00
90.17508520 27.32233767 -20.65931423 1.09983965e+01
90.30493111 27.21344653 -16.05076943 7.86121103e+00
89.77372005 27.27108319 -17.73702552 3.24072574e+00
89.89514736 27.26624896 -17.79652818 5.01544522e+00
90.42606861 27.20728797 -16.07743454 7.93244410e+00
90.50194008 27.23752545 -18.05299895 9.78525927e+00
90.50956166 27.13456425 -13.50966312 5.22282061e+00
90.74551608 27.01979292 -11.71841971 4.03988064e+00
90.13793762 27.25568139 -17.92287847 8.32222312e+00
90.25929524 27.24990025 -17.98402381 9.27946696e+00
91.03172606 27.17776747 -16.15275133 5.20821923e+00
91.03189493 27.07533321 -12.97629607 3.32268436e+00
91.10858681 27.20936661 -18.11059966 7.38004340e+00
91.15299443 27.07157349 -12.98683375 3.43809165e+00
90.90500990 26.97801665 -11.13211300 3.62015394e+00
91.11451401 27.10676596 -13.59856830 3.73641971e+00
91.27421132 27.17178799 -16.17685449 6.04968558e+00
91.35149103 27.20562269 -18.12252928 8.42290033e+00
91.59357726 27.00734325 -11.65144437 3.53330480e+00
91.59885511 27.10973091 -13.63979452 5.65705201e+00
91.27413872 27.06945860 -12.98929149 3.69754210e+00
91.35674004 27.10330918 -13.62131915 4.33817999e+00
91.23003717 27.00178777 -11.74647494 3.24022058e+00
90.99346285 27.11094014 -13.58481337 3.52077829e+00
90.98769382 27.00871651 -11.74938019 3.23794057e+00
90.91084175 27.08023732 -12.96423387 3.83838548e+00
90.50339882 27.03232106 -11.65758441 4.35897563e+00
91.10905541 26.90213096 -9.16885122 3.56554028e+00
90.38859092 27.14083068 -13.48326539 5.86817415e+00
90.66279980 26.98982605 -11.08781451 4.43570115e+00
90.30582389 27.11081266 -12.83927468 5.57402755e+00
90.38232904 27.03857260 -11.61847444 4.73175928e+00
90.02554761 27.15814417 -13.39247331 3.44578016e+00
90.17835832 27.01441128 -10.91164119 4.54292460e+00
90.26760073 27.14689812 -13.45494558 5.60431160e+00
90.26123987 27.04462474 -11.57376745 4.86520400e+00
89.57926237 27.14174605 -12.62382478 2.07435324e+00
89.69357963 27.03488199 -10.69031519 1.95546376e+00
90.18478535 27.11669432 -12.80503469 5.11730522e+00
90.14012707 27.05039540 -11.52723753 4.53262910e+00
89.82152565 27.13245472 -12.69269024 1.81291291e+00
89.77664896 27.06584800 -11.37791606 1.86707603e+00
89.69889094 27.23977344 -15.83661107 2.27529675e+00
89.78340242 27.16814445 -13.32916246 1.78042800e+00
90.14658665 27.15268223 -13.42646152 4.85014827e+00
90.06372194 27.12226251 -12.76768020 3.66943663e+00
89.21383478 27.25838423 -15.79185607 1.98110313e+00
89.33697651 27.15097479 -12.57835989 2.78119758e+00
89.42008389 27.18190521 -13.25724079 2.35857790e+00
89.45110533 27.04407201 -10.56176303 2.64359745e+00
89.54119601 27.17734045 -13.27499337 2.10062298e+00
89.53424923 27.07508599 -11.27512098 2.21262464e+00
89.29897474 27.18663163 -13.24509186 2.60491602e+00
89.41491225 26.97711982 -8.65350878 2.90039926e+00
88.85256495 27.17350229 -12.61890724 1.03942534e+00
88.93574108 27.20312171 -13.28258025 1.28857533e+00
88.97362909 27.16707992 -12.58820522 1.60225991e+00
89.05679531 27.19711897 -13.25581966 1.91882937e+00
88.84508245 27.07166853 -10.49147475 1.85385768e+00
89.17064446 27.08957409 -11.18393664 3.20433691e+00
89.17275633 26.98704926 -8.62788377 3.19325904e+00
88.96623861 27.06514680 -10.47449559 2.70321164e+00
89.21991186 26.95085790 -7.46690432 3.12418536e+00
89.08742579 27.05920940 -10.47186566 3.22801059e+00
89.22182887 26.84834909 -4.09364148 4.18260085e+00
88.97818356 26.96215476 -7.50887096 2.64917046e+00
89.34080465 26.94587168 -7.44520526 3.17281444e+00
89.20863809 27.05379885 -10.48312880 3.24107967e+00
89.29382870 26.98192639 -8.63650371 3.12344783e+00
89.30472405 26.87902162 -5.16547407 4.20643271e+00
89.32986726 27.04879800 -10.51488247 3.04735136e+00
89.41304142 27.07969238 -11.23183828 2.72764611e+00
89.65708428 26.96790700 -8.72497361 3.02780417e+00
89.57234508 27.03948058 -10.62840040 2.22483083e+00
89.81480297 27.03015544 -10.74576877 2.21661897e+00
89.89782911 27.06098419 -11.42671100 2.29312133e+00
89.94525943 26.92223932 -7.53556533 6.92814187e+00
89.82571329 26.82457968 -4.27262097 1.51734787e+01
90.02913498 26.85023071 -5.30661797 1.52203460e+01
89.94646399 26.81960315 -4.34255183 1.45788840e+01
89.66697000 26.86498220 -5.14675905 1.30172569e+01
89.81907466 26.72228908 -1.12138747 1.28672469e+01
89.77815936 26.96322701 -8.76821579 3.79047647e+00
89.78770801 26.86028385 -5.19465307 1.43491804e+01
89.18398742 26.88413397 -5.20377327 3.13144349e+00
88.93067864 26.99875949 -8.63518269 2.67609149e+00
89.10107183 26.85376777 -4.12232118 2.92816784e+00
88.80968594 27.00548230 -8.62762374 2.23743870e+00
88.85963933 26.86624721 -4.19649376 2.24286919e+00
88.73657675 26.97574276 -7.44588023 2.12960104e+00
89.06326988 26.88968979 -5.25153725 2.74913061e+00
88.73140439 26.77160564 -1.04070502 2.08532590e+00
88.85216969 26.76436933 -1.02908878 4.59618198e+00
88.69368787 26.80805975 -2.07997669 1.96672089e+00
89.17676567 26.78200162 -1.99964909 1.24928064e+01
88.98033988 26.85971274 -4.17085056 2.53036225e+00
89.09380180 26.75166502 -1.00000542 1.20921866e+01
88.93516174 26.79386060 -2.04162908 3.43775058e+00
88.81440728 26.80066936 -2.06979380 2.25965020e+00
89.21466125 26.74616482 -0.99964367 1.41048728e+01
89.05594928 26.78764633 -2.01254572 7.23565887e+00
89.57731544 26.73167025 -1.06399043 9.92097780e+00
89.53930466 26.76730563 -2.10103387 9.52351086e+00
89.33553849 26.74108714 -1.01269969 1.37358395e+01
89.69820036 26.72703779 -1.09480509 1.18960725e+01
89.78099683 26.75798464 -2.21619256 1.27043221e+01
89.29760263 26.77682224 -2.01234335 1.27907537e+01
90.14981631 26.84476653 -5.28996345 1.57163518e+01
90.30237729 26.70067557 -1.10349439 1.60502344e+01
89.34260231 26.84333153 -4.08418137 5.45574204e+00
89.41845120 26.77196500 -2.04974313 1.30464187e+01
90.63233483 26.82051276 -5.34717402 1.62198785e+01
90.75294532 26.81440801 -5.37401266 1.49069510e+01
90.50564269 26.72451542 -2.20012929 1.90157188e+01
90.30858526 26.80292270 -4.31023477 1.68859094e+01
90.54390095 26.68833363 -1.10001027 1.93885772e+01
91.23021286 26.69476248 -2.27495225 1.70311119e+01
90.86779954 26.70641599 -2.22450440 2.49870225e+01
90.78540259 26.67606657 -1.10840533 2.47179880e+01
90.66464843 26.68209424 -1.10301084 2.16587900e+01
90.74706912 26.71215263 -2.21141617 2.27891706e+01
90.26418061 26.73673730 -2.21458498 1.58164720e+01
90.42314716 26.69457904 -1.10011903 1.74096856e+01
91.14784511 26.66213284 -1.13349794 2.32931415e+01
91.02698886 26.66573191 -1.12443558 2.50698126e+01
91.51052643 26.66297419 -1.14465111 1.84254471e+01
91.11493188 26.79965479 -5.43570012 8.04220772e+00
91.26874186 26.66015259 -1.14145431 2.13329663e+01
91.27410037 26.76256187 -4.43552133 8.14331469e+00
91.35108859 26.69412860 -2.28900210 1.52652311e+01
90.99423032 26.80364037 -5.42084470 8.88852104e+00
91.10936563 26.69734804 -2.25793352 1.90816853e+01
90.91185369 26.77282002 -4.37300197 1.55580117e+01
90.98856035 26.70134471 -2.24053466 2.12188269e+01
91.38986176 26.96715992 -11.09230749 3.07580299e+00
91.15326347 26.86684580 -7.81521678 4.17160597e+00
90.79079402 26.88087054 -7.77547469 7.13618568e+00
90.87357207 26.80868045 -5.39739742 1.26371015e+01
90.54989505 26.79059063 -4.31678575 1.86232652e+01
90.62635493 26.71826571 -2.20302111 2.09890309e+01
90.51172673 26.82676151 -5.32055981 1.72205367e+01
90.18790152 26.80878113 -4.31560044 1.55240115e+01
90.42924787 26.79682587 -4.30739774 1.77064407e+01
90.38492074 26.73071859 -2.20361342 1.70805904e+01
90.30773294 26.90555163 -7.63084831 1.10521033e+01
90.39110919 26.83296823 -5.30292851 1.68407419e+01
90.18693226 26.91141949 -7.60218420 1.05483332e+01
90.27047391 26.83899833 -5.28915561 1.66670691e+01
90.38324315 26.93594825 -9.01838836 7.80674336e+00
90.29949614 27.00854397 -10.96340419 4.99946089e+00
90.50419492 26.92971339 -9.05781157 7.69508959e+00
90.42061142 27.00241809 -11.01212418 4.65168262e+00
90.62513587 26.92341654 -9.09653860 6.51785767e+00
90.62445721 27.02599990 -11.69024786 4.10349730e+00
90.54927482 26.89317683 -7.70451276 9.73461678e+00
90.54170952 26.99612946 -11.05227077 4.79607258e+00
91.02616128 26.97310711 -11.13873179 3.28172795e+00
91.23013284 26.89944940 -9.15264993 3.45398819e+00
91.14735853 26.96933147 -11.13612531 3.22549122e+00
91.27417145 26.86484024 -7.80926677 3.69217683e+00
91.35126319 27.00102012 -11.73255116 3.27088312e+00
91.51598185 26.86759275 -7.75957430 2.61640335e+00
91.26860048 26.96719295 -11.11663400 3.20599443e+00
91.35124042 26.89872156 -9.13300717 3.13821861e+00
91.47247283 27.00267591 -11.70617930 3.33673179e+00
91.63671614 26.87355122 -7.69240265 2.24896823e+00
91.51108376 26.96973019 -11.04172428 3.06969271e+00
91.83438648 26.92557239 -8.83302596 1.92669485e+00
91.95406882 26.94204259 -8.69769413 1.44065694e+00
91.83488775 27.02766731 -11.53351961 3.77160419e+00
92.07288034 26.96293946 -8.47478780 9.67416842e-01
91.59331850 26.90510140 -9.02397732 2.53690851e+00
92.22890154 27.06550849 -10.27094519 2.12050131e+00
91.99282380 27.01629661 -10.67186113 2.90034801e+00
92.34732400 26.99590818 -6.42698531 1.53624210e+00
92.30796516 27.12013796 -11.07083074 3.71893048e+00
92.75838868 27.27953715 -10.47502116 9.05036756e+00
92.90214919 27.20926838 -5.46382332 1.90178350e+01
92.19327618 26.88738985 -4.79899093 2.73415345e+00
91.99630510 26.91494097 -7.37201543 9.78145776e-01
92.68501538 27.11401326 -5.76650736 6.37392149e+00
92.64810854 27.03176881 -4.09820404 1.00504819e+01
92.79435665 27.16022123 -5.61436041 1.07315925e+01
92.68350614 27.01219311 -3.53988682 1.67138739e+01
92.11362515 26.83560349 -4.13927233 3.00848404e+00
92.07595772 26.86178623 -5.06119959 2.58933059e+00
91.75715179 26.88319486 -7.60946212 1.92597703e+00
91.63628906 26.77142116 -4.41049151 3.37128956e+00
91.47233156 26.90040419 -9.09546942 2.79784723e+00
91.59784820 26.80314656 -5.41135259 2.92309989e+00
91.39509673 26.86491350 -7.80062412 3.24635530e+00
91.47720297 26.79828092 -5.45170770 4.06283719e+00
91.83820627 26.82403973 -5.31365857 1.86956090e+00
91.71824216 26.81163850 -5.36209673 2.13556114e+00
91.75660114 26.78113874 -4.37848301 2.64581759e+00
91.87640936 26.79493168 -4.35604938 2.73427570e+00
92.07129901 26.75887454 -2.22283430 3.21023349e+00
91.59269528 26.70073451 -2.28665179 1.19724337e+01
91.75168077 26.67846283 -1.14022600 1.25558801e+01
91.83328316 26.72138363 -2.27887313 5.81419648e+00
91.95272498 26.73793044 -2.26168384 3.72752725e+00
92.34196035 26.79068842 -1.05355971 8.83906570e+00
92.41957702 26.84854138 -2.08662082 6.92319652e+00
92.53270684 26.88666690 -2.05009201 1.77893197e+01
92.67974838 26.90874488 -1.00033457 5.48650040e+01
92.89693906 27.00403136 -0.95160151 7.27203454e+01
92.10912854 26.73240973 -1.09979759 3.77237992e+00
92.18875305 26.78440108 -2.17530204 3.23716414e+00
91.99085624 26.70997150 -1.12303671 5.50044047e+00
91.99550156 26.81301617 -4.28340869 3.01595171e+00
92.23057570 26.86265227 -3.95805735 3.18030256e+00
92.30492009 26.81427975 -2.12906416 3.93036171e+00
92.56878918 26.86567979 -1.01703090 3.87528506e+01
92.57267018 26.96917030 -3.60874380 7.63973679e+00
93.10828579 27.10941082 -0.91238946 8.05871227e+01
92.97240478 27.27666634 -6.41283588 1.96257613e+01
92.96910234 27.07266871 -1.88171402 7.15315631e+01
92.97267641 27.17576413 -3.84884661 4.68264668e+01
92.86231434 27.02189604 -1.92688490 6.50246184e+01
92.90045397 27.10739198 -3.38719873 4.71008470e+01
92.75402029 26.97376594 -1.97561796 5.52181111e+01
92.75783406 27.07694345 -4.01210012 2.10063735e+01
93.00330886 27.05559567 -0.93011251 7.73644915e+01
92.78913038 26.95494192 -0.97528339 6.64056398e+01
93.21198476 27.16519651 -0.89535118 8.23312716e+01
93.41608544 27.28157664 -0.86392404 8.41198928e+01
93.28150444 27.23771331 -1.77496292 8.09597707e+01
93.58418898 27.41688454 -1.69038931 8.18612317e+01
93.68342500 27.47884959 -1.66934172 8.03832100e+01
93.78460666 27.64433611 -3.49943525 6.33399412e+01
93.97741700 27.66956405 -1.85061061 5.67835860e+01
93.81640556 27.63125408 -2.98270951 6.46395006e+01
94.00903930 27.65694068 -1.03621995 5.69458370e+01
94.01137025 27.75942609 -3.92284964 4.85963413e+01
93.38333010 27.29615011 -1.74353578 8.16949750e+01
93.31455671 27.22264357 -0.87961174 8.39151175e+01
93.91167295 27.59248293 -0.81439066 6.58311074e+01
93.88245170 27.70788604 -3.96826539 4.59717686e+01
93.91645227 27.79745012 -6.07343966 4.72795423e+01
93.61921236 27.50595166 -3.03710393 7.42551099e+01
93.61643645 27.40315050 -0.83954283 8.34468357e+01
93.48717441 27.45875245 -3.58906131 6.95153219e+01
93.51955365 27.44469377 -3.07154137 7.37521332e+01
93.38726773 27.50041433 -5.81622616 4.69652260e+01
93.18222778 27.38495754 -6.08667111 3.85960219e+01
93.28470773 27.34067450 -3.67560350 6.45722278e+01
93.11342742 27.31460333 -5.21861574 3.97577629e+01
93.18192037 27.28384745 -3.72614045 6.20426718e+01
92.86599904 27.12505060 -3.92484141 3.49453489e+01
92.79274987 27.05837889 -3.46486216 3.13178359e+01
93.07795223 27.22878419 -3.78255259 5.58956731e+01
93.00670051 27.15890574 -3.31864530 5.66101861e+01
93.58705333 27.51964462 -3.55433195 7.01532996e+01
93.52167602 27.54685759 -4.86872305 5.57840022e+01
93.38922558 27.60244045 -9.81319913 2.55126498e+01
93.48826828 27.56027850 -5.70410421 4.89487643e+01
93.68617073 27.58154659 -3.52452204 6.89530648e+01
93.58839274 27.62132766 -5.60637056 5.07234348e+01
93.71813604 27.56817866 -3.00760632 7.19560735e+01
93.68774880 27.68339370 -5.52502494 5.10920816e+01
93.91847173 27.89962722 -9.44512582 3.94269825e+01
93.98436110 27.97681506 -11.11019432 3.57607213e+01
93.97980460 27.77206610 -4.70198447 4.86077913e+01
93.91412063 27.69504213 -3.45128429 4.88819313e+01
94.01598844 27.96425861 -10.17817178 3.68252856e+01
93.59047823 27.72345894 -9.68784429 3.33179294e+01
93.72036947 27.67045997 -4.75727560 5.60304704e+01
93.72192911 27.77229058 -7.95238609 3.95212620e+01
93.78641676 27.74635400 -5.88900611 4.69061619e+01
93.52274994 27.64836822 -8.10854425 3.55740746e+01
93.49343514 27.76508138 -14.15727372 2.14777889e+01
93.62271240 27.70983981 -8.02105176 3.80581338e+01
93.52583979 27.75108033 -12.74992182 2.33818647e+01
94.01844478 28.06673265 -13.41981420 3.05697060e+01
93.82048172 27.83559895 -8.33024640 4.03534118e+01
93.82319336 27.93817096 -12.78367489 2.99652891e+01
93.52806530 27.85323085 -16.96385304 2.81726545e+01
92.87037722 27.53137868 -18.18632379 3.48907189e+01
93.29123585 27.74790299 -18.30327604 4.01880632e+01
92.79910744 27.46568976 -16.56485059 3.14993078e+01
93.08336377 27.53453479 -14.01680035 2.64224429e+01
93.18404071 27.48689244 -9.97546352 1.47017892e+01
93.42194823 27.58802200 -8.21430810 3.17230102e+01
93.42516458 27.69077563 -12.75129347 1.98019321e+01
93.32019386 27.52898513 -8.33809370 2.71419783e+01
93.32353782 27.63177582 -12.75091376 1.86528593e+01
92.87089362 27.43059306 -13.93020706 2.55910791e+01
92.97405070 27.37853130 -10.20070203 1.00855694e+01
92.90154237 27.31009020 -8.97478195 8.00330227e+00
93.00847964 27.26081978 -5.33550186 3.07122606e+01
93.00818195 27.36171569 -8.78103701 9.63693706e+00
93.07797659 27.32978136 -6.24136369 3.01664444e+01
92.46150552 27.03149240 -6.14753922 2.06830347e+00
92.34497025 27.09680649 -10.04614777 2.31263979e+00
92.57407790 27.07097193 -5.95474824 3.55071540e+00
92.57245961 27.17173567 -9.60531010 3.33499374e+00
92.30696451 27.01827231 -7.84906892 1.02435736e+00
92.07363101 27.06490191 -11.34764931 3.86575287e+00
92.19057607 26.98839227 -8.17963723 6.85012108e-01
92.11455686 26.93747387 -7.11811150 8.68469924e-01
92.19145327 27.09029704 -11.21088635 3.63755354e+00
91.99857291 27.22079220 -16.28457893 1.49856746e+01
91.95469449 27.04406581 -11.45908341 3.91700655e+00
91.71541983 27.21970807 -18.13433182 1.19103417e+01
91.47785122 27.10501176 -13.63784076 5.03521067e+00
91.71444176 27.01555132 -11.59799506 3.65914257e+00
91.63739793 27.07793735 -12.96584994 5.15525746e+00
91.71961592 27.11800021 -13.64014214 6.54634453e+00
91.51642444 27.07208235 -12.98984396 4.50855486e+00
91.47294605 27.20714425 -18.12893101 9.24683547e+00
91.95964783 27.14664686 -13.67213705 9.10479939e+00
91.71581904 27.32184751 -21.60429021 1.44679966e+01
92.19616499 27.19300711 -13.71660791 1.52572320e+01
92.11721260 27.24315290 -16.31390344 1.76111412e+01
92.45952369 27.13230496 -9.81878208 2.30684513e+00
92.34950317 27.19958989 -12.86814953 1.56360227e+01
92.53643221 27.19244628 -10.76994244 5.81303998e+00
92.42744248 27.25709936 -13.77124347 2.06442528e+01
92.79742477 27.36387682 -12.78962688 2.07958528e+01
92.86697520 27.32771209 -10.35027112 9.89877441e+00
92.76159549 27.48314791 -18.16935465 3.12566228e+01
92.68788075 27.31763891 -12.80249724 1.85097992e+01
92.97783627 27.48140494 -13.97806738 2.69600451e+01
92.90540660 27.41297179 -12.78818890 2.22460771e+01
92.76244058 27.38241672 -13.86821381 2.38314145e+01
92.57672678 27.27459076 -12.82573148 1.68312660e+01
92.65241015 27.33719316 -13.83903508 2.16473482e+01
92.46528057 27.33689952 -16.41805104 2.35245638e+01
92.54075258 27.29529033 -13.80234804 2.10351452e+01
92.46392466 27.23512980 -12.84571190 1.66211548e+01
92.11623699 27.14131876 -12.90847973 9.40249139e+00
92.07539938 27.26865248 -18.15273718 1.82840937e+01
92.07846637 27.16754855 -13.70004728 1.12263952e+01
91.99773225 27.11890085 -12.92643913 7.75849204e+00
91.83995426 27.13017895 -13.66270329 7.60098898e+00
91.75807865 27.08742950 -12.95413911 5.77486317e+00
91.87896890 27.20295825 -16.25534748 1.26090091e+01
91.75865361 27.18945811 -16.23286977 1.05250818e+01
91.87511392 27.30447051 -20.81560075 1.62319619e+01
91.99509383 27.32210018 -20.80646949 1.90199127e+01
92.11411642 27.34427706 -20.79062869 2.16805296e+01
92.23195976 27.37100918 -20.76218235 2.30630111e+01
92.31130677 27.42556530 -21.54068793 2.42123287e+01
92.46333516 27.43766305 -20.69855481 2.60164254e+01
92.76312449 27.58493792 -21.46109622 3.24171360e+01
92.68824510 27.52013396 -20.64723484 3.06663966e+01
92.90663888 27.61560367 -20.61315523 3.55543896e+01
92.90718208 27.51482086 -16.63026719 3.46353992e+01
93.11904867 27.72133179 -20.59285018 4.06161160e+01
92.97763316 27.58227126 -18.21803959 3.77873263e+01
93.32627488 27.83501056 -20.58710437 4.60337579e+01
92.97936098 27.68410945 -21.43803466 3.76691207e+01
93.01354858 27.66733604 -20.59897561 3.83803327e+01
93.01377699 27.56647568 -16.70785794 3.71877899e+01
93.39548250 27.90856755 -21.42298368 4.84272764e+01
93.39342697 27.80655890 -18.32757336 3.80741174e+01
93.18795312 27.69080492 -18.27517343 4.10819915e+01
93.08346221 27.63549934 -18.25036695 4.05431915e+01
93.39249585 27.70520539 -14.13117123 2.10414826e+01
93.18756619 27.58972428 -14.05520964 2.41115974e+01
93.11897402 27.62037606 -16.77130706 3.72574617e+01
93.22086077 27.57426140 -12.74645808 1.84259479e+01
93.22288290 27.67624501 -16.82932199 3.55041521e+01
93.29057197 27.64669157 -14.09704095 2.17886615e+01
93.59493535 27.92780712 -18.37363392 3.06261806e+01
93.59349625 27.82614029 -14.18129489 2.45441068e+01
93.72711077 27.97718357 -17.02728910 2.68049232e+01
93.62567658 27.81250679 -12.75572365 2.58440914e+01
93.79138172 27.95118907 -14.22596176 2.81533109e+01
93.72476729 27.87491068 -12.76731958 2.81533080e+01
93.92350453 28.10455485 -17.06965884 2.77441525e+01
93.79330089 28.05319758 -18.41477609 2.80447604e+01
93.62796289 27.91471721 -16.99842768 2.53648407e+01
93.98925002 28.18167756 -18.44994831 2.84924133e+01
93.82749276 28.14250103 -20.62012583 3.11126855e+01
94.02094103 28.16920641 -17.08200458 2.83905611e+01
93.92563840 28.20672659 -20.63286469 3.13201757e+01
93.49462383 27.86658788 -18.35182679 3.45298070e+01
93.42732641 27.79286769 -16.92512523 3.07413074e+01
94.02330143 28.27156272 -20.64696339 2.94756265e+01
93.89389296 28.21942172 -21.45572945 3.17744379e+01
93.83032069 28.24506894 -23.08036129 4.70725821e+01
93.69972607 28.19485759 -23.87577513 5.35476731e+01
93.79849326 28.25802048 -23.88017420 5.23469657e+01
93.69671997 28.09222878 -21.43812615 4.35539371e+01
93.69446776 27.99005093 -18.39543658 2.78206722e+01
93.39885961 28.01132156 -23.86825789 4.64466434e+01
93.59712565 28.02992592 -21.42960452 4.64791627e+01
93.08528057 27.73737184 -21.43127720 4.01394015e+01
93.29321738 27.84986185 -21.42511293 4.55889781e+01
93.01737798 27.77019086 -23.07380725 3.74802932e+01
93.08903476 27.84021334 -23.87130105 3.86214070e+01
93.12275012 27.82416790 -23.06783004 3.99120951e+01
92.91245370 27.82028857 -25.27333528 3.44268438e+01
93.19348356 27.89553570 -23.87047411 4.10310773e+01
93.12478414 27.92607810 -25.27066342 3.83593623e+01
93.22682171 27.88012568 -23.06682400 4.25831638e+01
93.29671918 27.95265048 -23.86813316 4.37111398e+01
93.50000104 28.07136648 -23.86783070 4.90411018e+01
93.63245999 28.11902795 -23.06883691 5.28809105e+01
93.70151355 28.29667848 -25.91568426 4.98233372e+01
93.99429847 28.38653830 -23.88876188 3.87505366e+01
93.79561110 28.15543756 -21.44644365 3.80480156e+01
93.73172807 28.18161618 -23.07514131 5.12984681e+01
93.73418222 28.28388024 -25.30039760 5.19432785e+01
94.02587807 28.37403596 -23.09197583 3.32280955e+01
93.83283196 28.34740059 -25.30676049 5.38652067e+01
93.92834132 28.30924709 -23.08586632 4.02777578e+01
93.80052212 28.36001917 -25.92635007 5.26763167e+01
93.63637525 28.32286163 -27.11646538 4.50534790e+01
93.99679376 28.48890821 -25.95385876 4.94368128e+01
93.90139571 28.52643923 -27.77576754 4.79178797e+01
93.83484471 28.44938347 -27.15469091 4.87997303e+01
93.89891513 28.42413969 -25.93703059 5.34121510e+01
94.02849494 28.47650886 -25.32667130 4.42790039e+01
93.93597808 28.61633206 -28.97351239 4.34868160e+01
93.63485346 28.22122699 -25.29276292 4.91934901e+01
93.60408977 28.33635520 -27.70207911 4.38177640e+01
93.60179417 28.23424941 -25.90390476 4.72862447e+01
93.53602896 28.26103392 -27.10009560 4.34888168e+01
93.22938035 28.08312811 -27.05111982 3.93830428e+01
93.22893603 27.98208816 -25.27551555 4.03780831e+01
93.43382254 28.09902682 -25.28245450 4.45442784e+01
93.29746772 28.05383479 -25.87965928 4.13801742e+01
93.08920688 27.94114414 -25.86598713 3.78035038e+01
93.01932540 27.87205422 -25.27133548 3.66817602e+01
92.98324345 27.78696653 -23.87851797 3.62383247e+01
92.00094684 27.52654063 -25.29504123 2.67413556e+01
93.43156080 27.99695113 -23.06421118 4.80859074e+01
93.39988074 28.11265123 -25.88702941 4.31369142e+01
93.53243449 28.05742564 -23.06401290 5.09604871e+01
93.53476354 28.15956230 -25.28549768 4.68569981e+01
93.32972404 27.93778942 -23.06503896 4.54421570e+01
93.33191467 28.03980647 -25.27592700 4.24235201e+01
92.91059826 27.71846787 -23.07873669 3.48336855e+01
92.19919396 27.49851439 -23.92856686 2.52853397e+01
92.65578094 27.74317444 -25.86374382 3.10033704e+01
92.43060008 27.76489695 -27.54927517 2.66497840e+01
92.91197346 27.92103105 -27.01117505 3.37254703e+01
92.98310830 27.88779573 -25.86349214 3.61009415e+01
92.69295170 27.82540572 -27.00259861 3.01362249e+01
92.87556867 27.83679436 -25.86079989 3.42339526e+01
92.54341254 27.70126865 -25.86669265 2.94667125e+01
92.35201875 27.70750374 -26.99625426 2.58247575e+01
92.31370054 27.62908899 -25.86857448 2.75434340e+01
92.31480328 27.73088189 -27.54507995 2.54714696e+01
92.80744998 27.97460048 -28.69442603 3.12234155e+01
92.87727903 27.93857180 -27.57227999 3.27450855e+01
91.75598092 27.59732455 -26.98155900 2.21894547e+01
92.08384060 27.77875503 -29.17725229 2.50176752e+01
91.95842342 27.55372277 -25.86548259 2.59359250e+01
91.95911321 27.65567623 -27.52764964 2.55670334e+01
91.83794580 27.53767370 -25.86398817 2.35013121e+01
91.35174802 27.51254764 -25.84720602 1.66576666e+01
92.19653040 27.59941323 -25.86711164 2.67261220e+01
92.23516061 27.67639895 -26.99215308 2.52694403e+01
92.11999470 27.54872269 -25.29156445 2.69355415e+01
91.99746737 27.62779938 -26.98470686 2.55202831e+01
91.76022239 27.49563736 -25.28984066 2.04070909e+01
92.08109557 27.47320609 -23.93600337 2.46015409e+01
92.42936172 27.66313899 -25.86590432 2.81299120e+01
92.31596950 27.52830811 -23.91635135 2.58138627e+01
92.07803663 27.57425907 -25.86858678 2.69055010e+01
92.23669848 27.47371817 -23.13380477 2.49911323e+01
92.35302639 27.50497249 -23.12201829 2.54352026e+01
92.23785276 27.57548310 -25.29235872 2.72544477e+01
92.54491571 27.60060753 -23.90177645 2.80877330e+01
92.35431681 27.60670853 -25.28732919 2.76174096e+01
92.58098046 27.57991002 -23.10177266 2.82356313e+01
92.46923518 27.64220140 -25.28569596 2.84880763e+01
92.69246689 27.62298921 -23.09444566 3.01700202e+01
92.58252077 27.68164348 -25.28173737 2.92941430e+01
92.65691900 27.64251882 -23.89525726 2.95471730e+01
92.65264436 27.53967160 -21.47667244 3.00866351e+01
92.76726775 27.68779859 -23.88999608 3.15557613e+01
92.69411785 27.72474603 -25.27726750 3.08746157e+01
92.34841362 27.40221098 -20.73325193 2.41113263e+01
91.88020189 27.40698792 -23.15793403 1.97849335e+01
92.43124329 27.56243687 -23.91278777 2.62810981e+01
92.42670822 27.45964798 -21.51561806 2.60051473e+01
92.19440729 27.39582638 -21.56096614 2.32216605e+01
91.83665425 27.33373477 -21.59989322 1.63411310e+01
92.87201027 27.63318625 -21.44914654 3.49397005e+01
92.80232523 27.66928512 -23.08608424 3.25351317e+01
92.07618917 27.37058055 -21.58265916 2.17626128e+01
91.72105246 27.42427930 -23.93727160 1.76577036e+01
91.95685531 27.34992363 -21.59162603 1.92024632e+01
91.63855789 27.38437850 -23.15884541 1.57016859e+01
91.75443117 27.29118490 -20.82526545 1.41569441e+01
91.39571035 27.37635168 -23.15424456 1.38594941e+01
91.75962532 27.39363725 -23.16083587 1.68793565e+01
91.84178394 27.43622793 -23.93985191 2.03293742e+01
91.63326249 27.28198466 -20.82967148 1.28794159e+01
91.59430051 27.21165360 -18.13186366 1.06528657e+01
91.59457320 27.31387376 -21.60779095 1.31790192e+01
91.23554537 27.41118331 -23.91849510 1.51791529e+01
91.39022090 27.27405749 -20.83610178 1.12657743e+01
90.99266249 27.41832876 -23.89850595 1.55142072e+01
91.47852467 27.41175764 -23.93072104 1.56858423e+01
91.47309460 27.30943467 -21.60901436 1.23621985e+01
91.22992652 27.30893463 -21.60644998 1.12256934e+01
91.03120385 27.38268182 -23.13386110 1.37858213e+01
91.59532339 27.51813626 -25.85796003 1.79663673e+01
91.59990647 27.41624679 -23.93533806 1.64639805e+01
91.15261408 27.48120016 -25.25791857 1.62485614e+01
91.27417962 27.37653439 -23.15033387 1.37006985e+01
90.78797296 27.49604957 -25.22233415 1.83421641e+01
90.78840432 27.39350910 -23.10962786 1.69985998e+01
90.98685609 27.31611189 -21.59440911 1.11740992e+01
90.74994863 27.42963310 -23.87099404 1.81842497e+01
90.74395306 27.32741466 -21.57371725 1.44767165e+01
90.66704352 27.39974657 -23.09535582 1.72645198e+01
91.02543148 27.28046318 -20.82870575 9.86754152e+00
90.90978555 27.38770714 -23.12257111 1.43502861e+01
91.15266943 27.37881394 -23.14250207 1.36923190e+01
91.10836796 27.31181028 -21.60133257 1.08740632e+01
90.66098572 27.29752112 -20.80011520 1.27835972e+01
90.50729604 27.44238016 -23.83541551 1.71199889e+01
90.53953350 27.30392016 -20.78583389 1.24802704e+01
90.62323946 27.23114252 -18.06822705 9.31127387e+00
90.37967428 27.34645064 -21.52060672 1.32457350e+01
90.26459477 27.45481227 -23.79434343 1.52575289e+01
89.90035653 27.47117455 -23.73678891 1.30781030e+01
89.93862906 27.43540983 -22.97991643 1.25554999e+01
89.81714545 27.44031737 -22.96495116 1.12252529e+01
89.89369516 27.36887772 -21.36140365 9.78837283e+00
89.69564420 27.44497803 -22.95477168 7.51787521e+00
89.77214243 27.37369816 -21.32831340 7.55468791e+00
89.29295827 27.49415244 -23.75217680 3.31970268e+00
89.52899545 27.38280328 -21.28986664 3.46383042e+00
88.95923896 27.37240888 -20.65263041 3.00229135e+00
88.84516324 27.48062908 -23.15462151 3.03208741e+00
88.80718083 27.51679250 -23.96839574 3.12539009e+00
88.92119194 27.40843748 -21.51860322 3.24555266e+00
89.28583398 27.39201436 -21.31359023 3.42306141e+00
89.20238912 27.36127530 -20.45469846 2.99945838e+00
89.15989684 27.60188347 -25.76162564 3.42436403e+00
89.57413044 27.44948244 -22.95144724 4.57966013e+00
88.84266662 27.58294576 -25.31143843 3.20587143e+00
89.08584632 27.57098293 -25.19507613 3.27807975e+00
89.28172674 27.59697436 -25.73018614 3.52051215e+00
89.69406217 27.54757332 -25.08753077 1.07714299e+01
89.89088581 27.57413997 -25.70081403 1.50413081e+01
90.14320779 27.46060854 -23.77307018 1.51110130e+01
90.18152642 27.42461967 -23.01810584 1.46021981e+01
90.25821757 27.35253953 -21.48168825 1.29597027e+01
90.38595610 27.44870823 -23.81517764 1.58150629e+01
90.18046068 27.52726249 -25.13549707 1.52600776e+01
90.62125449 27.53890231 -25.78640493 1.73042918e+01
90.62862267 27.43595805 -23.85439558 1.78194313e+01
90.05889625 27.53282999 -25.11884356 1.49807078e+01
90.13444067 27.56361045 -25.72536822 1.56462676e+01
89.65742248 27.48057890 -23.71742350 7.46787209e+00
89.76907452 27.57892298 -25.69359276 1.38405288e+01
89.53593656 27.48504662 -23.71917680 4.44168149e+00
89.57241843 27.55204617 -25.08901821 5.90958140e+00
89.64724702 27.58347964 -25.69139591 1.05159382e+01
89.40152158 27.69488973 -27.42575271 4.74993691e+00
89.45076810 27.55648214 -25.09887744 3.86101916e+00
89.52540883 27.58791477 -25.69591037 5.52989041e+00
89.03808554 27.60724072 -25.80221548 3.36263144e+00
88.82998829 27.68583706 -27.00076985 3.43369396e+00
88.92858441 27.51031368 -23.89680056 3.02021558e+00
88.79454734 27.61965241 -25.90468848 3.28669372e+00
89.32911783 27.56102264 -25.11944560 3.45968179e+00
89.19584893 27.66864681 -26.90223058 3.64143013e+00
88.91630039 27.61314623 -25.85001230 3.33153918e+00
88.79184115 27.72199317 -27.55670297 3.47742440e+00
89.07386922 27.67382973 -26.93074210 3.55564882e+00
88.91372642 27.71551928 -27.52012620 3.55140894e+00
89.40356654 27.59236639 -25.70815202 3.83912275e+00
89.27954973 27.69946107 -27.44167806 3.88916211e+00
90.01267589 27.56905235 -25.71207676 1.54799132e+01
89.68384731 27.65048568 -26.85337150 1.37691802e+01
89.76742449 27.68153178 -27.41153531 1.57494798e+01
89.28665720 27.80158080 -29.10819147 4.66213647e+00
90.25505112 27.66045629 -27.43951268 1.66800237e+01
90.42351065 27.51515116 -25.17270118 1.62987368e+01
90.62051435 27.64149869 -27.46939226 1.82616907e+01
90.66648637 27.50232187 -25.20764740 1.73538149e+01
90.86413093 27.62902273 -27.48654338 1.60057256e+01
90.90277537 27.59303732 -26.94231971 1.58664514e+01
90.74292779 27.53252952 -25.79994775 1.82903793e+01
90.65908656 27.60526746 -26.92390986 1.82153805e+01
90.53725406 27.61173323 -26.91294486 1.74825905e+01
90.49957931 27.54535492 -25.77155165 1.67450165e+01
90.29354724 27.62435675 -26.89066569 1.64900603e+01
90.37789001 27.55170289 -25.75637825 1.62670407e+01
90.86461483 27.52648027 -25.81154317 1.56375862e+01
90.87128978 27.42365425 -23.88524088 1.50267973e+01
91.10809442 27.51664609 -25.83190892 1.65474194e+01
91.11408038 27.41403687 -23.90932723 1.52288068e+01
91.27425049 27.47885250 -25.26728232 1.66007227e+01
91.35704164 27.41025386 -23.92589285 1.53056906e+01
91.35177341 27.61488673 -27.51159803 1.94959368e+01
91.47358266 27.51386282 -25.85194536 1.68625291e+01
91.26858317 27.58132833 -26.96299975 1.84729060e+01
91.22990447 27.51364891 -25.83988063 1.71611912e+01
91.39058938 27.58090454 -26.96840262 1.85763013e+01
91.51753380 27.48092476 -25.28033690 1.70321134e+01
91.63441077 27.58836446 -26.97742786 1.98764755e+01
91.63901932 27.48645578 -25.28519218 1.84829815e+01
91.71683652 27.52594784 -25.86126859 2.00452430e+01
91.47373663 27.61613326 -27.51571959 1.96180531e+01
91.02466457 27.58786378 -26.95009988 1.69061592e+01
91.11361647 27.72132234 -29.13728705 1.83412277e+01
91.51256645 27.58304573 -26.97249057 1.87393022e+01
91.83849736 27.63970951 -27.52812129 2.50329169e+01
91.39612655 27.68318703 -28.60255102 2.10955485e+01
91.47921680 27.71844284 -29.14947460 2.24384971e+01
90.87006348 27.73123403 -29.12767843 1.61848999e+01
91.10786501 27.61910144 -27.50065446 1.79232602e+01
90.99181773 27.72577738 -29.13288098 1.72198146e+01
91.35734466 27.71715542 -29.14553120 2.09915192e+01
91.03047375 27.69007811 -28.58840545 1.74614356e+01
90.98541615 27.82850814 -30.46642553 1.74233956e+01
91.23546375 27.71829072 -29.14155375 1.95786863e+01
91.15225359 27.78842366 -30.07796507 1.87503301e+01
90.90867566 27.69524920 -28.58278890 1.63354853e+01
90.90834837 27.79774722 -30.07041988 1.66637085e+01
91.27421125 27.68357699 -28.59781109 1.97793595e+01
91.27427731 27.78588345 -30.08097852 1.99505496e+01
90.25290809 27.86572527 -30.44670198 1.77516400e+01
90.42167920 27.72039884 -28.55564491 1.75574976e+01
90.78691336 27.70116252 -28.57663748 1.70340892e+01
90.74123292 27.84022440 -30.45969353 1.87690491e+01
90.42082495 27.82302273 -30.05430473 1.82133255e+01
90.29990782 27.72662459 -28.54807845 1.71984048e+01
90.62662979 27.74372683 -29.11677925 1.87580523e+01
90.54343011 27.71397061 -28.56285425 1.80625909e+01
90.41541083 27.61814635 -26.90196501 1.68966144e+01
90.01786116 27.77398476 -29.08799837 1.66229198e+01
90.50491769 27.75021227 -29.11071986 1.81365185e+01
90.49871044 27.64797028 -27.45968115 1.74928658e+01
90.38319116 27.75659064 -29.10481322 1.77196444e+01
90.37689208 27.65433325 -27.45006315 1.69879454e+01
90.13318325 27.66625380 -27.43045103 1.64179402e+01
89.93443309 27.74331203 -28.52949133 1.63775110e+01
90.01128804 27.67169232 -27.42184641 1.62377355e+01
89.56695959 27.85972380 -30.04562502 1.55881160e+01
89.80583146 27.64587843 -26.85562172 1.55093796e+01
89.56875594 27.75717427 -28.52944161 1.25781908e+01
89.64546550 27.68606383 -27.41141200 1.38048962e+01
89.53042756 27.79270215 -29.08884514 1.24288841e+01
89.52349568 27.69047032 -27.41603320 8.12338159e+00
89.44684165 27.76154491 -28.53629987 7.06000429e+00
89.20301877 27.77071590 -28.56406362 4.04283252e+00
89.15758762 27.70433203 -27.46420769 3.71420472e+00
88.95925532 27.78142299 -28.60499733 3.74897171e+00
89.03564405 27.70965195 -27.49028169 3.60547141e+00
88.92109094 27.81737037 -29.15997802 3.80917483e+00
89.27524633 27.90437329 -30.46094446 6.04046103e+00
88.78644470 27.92654089 -30.50084140 4.01997287e+00
88.95677586 27.88373320 -30.09433375 4.01212898e+00
89.08112544 27.77581100 -28.58298615 3.84382093e+00
89.03079388 27.91435981 -30.48041784 4.23983064e+00
89.32492695 27.76601115 -28.54778302 4.54720278e+00
89.27296794 28.00683339 -31.57590038 8.52410540e+00
89.68900259 27.85533995 -30.04254730 1.72089974e+01
89.65230855 27.78832875 -29.08452849 1.62874293e+01
89.77417810 27.78381658 -29.08332729 1.66022425e+01
89.69066333 27.75275916 -28.52620352 1.60882644e+01
89.88936696 27.67676654 -27.41538198 1.60442568e+01
89.81255737 27.74816736 -28.52669959 1.63822927e+01
90.16806063 27.93816860 -31.20017120 1.78241898e+01
90.54270856 27.81657661 -30.05845981 1.86940410e+01
90.13077242 27.87152162 -30.44427530 1.73655428e+01
90.05502931 27.84074477 -30.04384839 1.69898171e+01
89.64197692 27.89121038 -30.44424030 1.75513720e+01
89.55622806 27.96259021 -31.20526250 1.75743774e+01
89.32285841 27.86847700 -30.05908684 6.27255898e+00
89.43381726 27.96689689 -31.20983838 1.29449616e+01
89.51973616 27.89555293 -30.44784483 1.51729381e+01
89.18900051 27.97592857 -31.22228627 5.76207708e+00
89.39749048 27.89989379 -30.45344346 9.56798551e+00
89.15301113 27.90914269 -30.47003640 4.66669463e+00
89.07878318 27.87817169 -30.08125907 4.20202170e+00
89.06661009 27.98096105 -31.22999601 4.72530724e+00
88.83479878 27.88989325 -30.10730709 3.92619839e+00
88.78361333 28.02883697 -31.60445075 4.89785558e+00
89.20081356 27.87313045 -30.06928795 4.68687790e+00
89.15059443 28.01155551 -31.58308711 5.94425357e+00
88.95155483 28.08838896 -32.31176545 5.84920780e+00
89.02823867 28.01672566 -31.59082525 4.83916272e+00
89.15776392 28.11357311 -32.65792266 9.38811581e+00
89.31140574 27.97129361 -31.21530701 8.45915902e+00
89.31846923 28.07341781 -32.29039616 1.24702932e+01
89.39535011 28.00239721 -31.56984431 1.28728649e+01
89.76247818 27.98932345 -31.55890566 1.78026581e+01
89.68544048 28.06049761 -32.27629393 1.87967636e+01
89.88482720 27.98460987 -31.55703868 1.75360967e+01
89.80774434 28.05597393 -32.27371035 1.80792755e+01
90.00715399 27.97957011 -31.55639198 1.76215169e+01
89.93002893 28.05116503 -32.27141505 1.79148888e+01
90.25812728 28.07062952 -32.62775010 1.86922683e+01
90.41261632 27.92602205 -31.20368810 1.86669232e+01
90.41890076 28.02827433 -32.27284658 1.90709048e+01
90.53485846 27.91956314 -31.20609950 1.92334285e+01
90.54105438 28.02180028 -32.27478352 1.96186755e+01
90.86280020 27.93660800 -31.57009144 1.69526117e+01
90.49618834 27.95581782 -31.56149782 1.91979443e+01
90.66458085 27.81007118 -30.06257228 1.92269058e+01
90.37501585 27.85958934 -30.44971814 1.82241950e+01
90.37396923 27.96221920 -31.55947371 1.86840672e+01
90.65708802 27.91302772 -31.20877879 1.97528656e+01
90.78645518 27.80370562 -30.06647057 1.88411907e+01
90.29892025 27.82925841 -30.05038009 1.77230660e+01
90.29035212 27.93225611 -31.20182562 1.82070099e+01
90.74058994 27.94280164 -31.56689078 1.76877919e+01
90.86330977 27.83406376 -30.46322589 1.65000839e+01
90.98503951 27.93101042 -31.57345356 1.78094780e+01
91.10756644 27.82392515 -30.46997865 1.84266204e+01
91.26855401 27.88834554 -31.22560066 1.99870527e+01
91.47423401 27.82051980 -30.48144890 2.24505732e+01
90.90749714 28.00279001 -32.28408273 1.75239087e+01
90.90156580 27.90058127 -31.21491981 1.70292544e+01
91.10732243 27.92637614 -31.57727506 1.87137413e+01
91.02384771 27.89525620 -31.21776528 1.79169211e+01
91.47439058 27.92276955 -31.59277483 2.19456114e+01
91.63559676 27.89466440 -31.24196147 2.39114187e+01
90.77931817 27.90661172 -31.21162047 1.69857169e+01
90.78533735 28.00882477 -32.28037317 1.67498239e+01
91.39095845 27.88769926 -31.23073321 2.11436361e+01
91.35202428 27.92175438 -31.58666240 2.08898380e+01
91.88432666 28.01864473 -32.33761514 2.42141147e+01
91.75758761 27.90337584 -31.24853220 2.46111595e+01
92.00505045 28.03593053 -32.35092278 2.51276295e+01
91.84041080 27.94558819 -31.61309729 2.43149615e+01
91.87911250 27.91616889 -31.25409365 2.45706502e+01
91.99993916 27.93339044 -31.26191647 2.48538357e+01
92.43936057 28.17277431 -32.75452240 2.76750816e+01
92.66054324 28.04834961 -30.57208334 2.93589640e+01
93.02503296 28.27833804 -31.37448611 3.33618006e+01
92.77757844 28.29827463 -32.80193422 3.08215700e+01
92.43466228 28.07003169 -31.65940554 2.72948414e+01
92.47336665 27.94739421 -30.15703540 2.72822652e+01
93.20021789 28.30229779 -30.67360042 3.57463222e+01
92.91754526 28.22636917 -31.35945016 3.21874160e+01
92.88099319 28.14211928 -30.60673194 3.20468279e+01
92.80852252 28.17699459 -31.34705189 3.09752689e+01
92.77157924 28.09372898 -30.59013005 3.06848341e+01
92.58554444 28.08743955 -31.31263492 2.85598979e+01
92.47148958 28.04805479 -31.30091019 2.74538966e+01
92.54923019 28.10814365 -31.67310536 2.83628561e+01
92.20072150 28.00654203 -31.64064829 2.56559540e+01
92.31729921 27.93432918 -30.53034574 2.59889564e+01
92.08165050 27.98161095 -31.63055703 2.52768884e+01
92.12289868 27.85417929 -30.12338929 2.50239857e+01
92.11981844 27.95519828 -31.27189694 2.52852305e+01
92.19971068 27.90475220 -30.52318314 2.52968265e+01
91.96146271 27.96131979 -31.62105118 2.47159722e+01
92.00342166 27.83218254 -30.11224207 2.48075052e+01
91.96420001 27.75821517 -29.17001205 2.51003840e+01
91.96074362 27.85940311 -30.50382394 2.46899751e+01
91.88222571 27.71286804 -28.62049711 2.56601795e+01
91.88298973 27.81474897 -30.10591244 2.50859284e+01
91.60099472 27.72269172 -29.15362593 2.36759336e+01
91.51834695 27.78751655 -30.08858704 2.30905960e+01
91.63976163 27.69074191 -28.61136631 2.31592002e+01
91.64023658 27.79279138 -30.09406577 2.46268499e+01
92.00251193 27.73036177 -28.62330749 2.52523321e+01
92.19749804 27.70124274 -27.53716402 2.50170878e+01
91.76123448 27.69975898 -28.61583123 2.49248023e+01
91.84368911 27.74218340 -29.16481563 2.55678701e+01
91.59560745 27.62033393 -27.52034995 2.03780218e+01
91.51801166 27.68537109 -28.60583858 2.19589651e+01
92.43521691 27.86766319 -29.21051752 2.68264231e+01
92.66163327 27.94774218 -29.23409660 2.94408645e+01
92.12183965 27.75242158 -28.63171121 2.51137410e+01
92.20235906 27.80390773 -29.18756079 2.52215399e+01
92.77231416 27.99308571 -29.25290225 3.08775582e+01
92.76807956 27.89024476 -27.56525334 3.15017857e+01
92.54926752 27.90581963 -29.22403519 2.80982157e+01
92.54780469 28.00643066 -30.55556709 2.81036585e+01
92.80928320 28.07635131 -30.21228365 3.12010614e+01
92.98889735 28.09244594 -29.29839406 3.37466220e+01
92.91796324 28.12566836 -30.23187784 3.25293346e+01
93.02309306 28.07571592 -28.73294200 3.41870607e+01
92.47189156 27.84569597 -28.65954670 2.70620410e+01
92.43336794 27.96831267 -30.54190806 2.69471720e+01
92.35671096 27.81024241 -28.64907167 2.60140079e+01
92.35805527 27.91193965 -30.14399159 2.61831286e+01
93.02512440 28.17755249 -30.25901845 3.39053681e+01
93.09496495 28.14581710 -29.32777871 3.51299058e+01
93.33619765 28.24374493 -28.81169769 3.82576697e+01
93.13085769 28.23170678 -30.28403721 3.51888340e+01
93.44061777 28.40513463 -30.37238618 3.83085398e+01
93.33848471 28.34574234 -30.34414584 3.74043191e+01
93.43482387 28.20034355 -27.07817020 4.21075455e+01
93.30314982 28.25854895 -29.38674125 3.76446901e+01
93.29954318 28.15577323 -27.64103350 3.97205820e+01
93.19967262 28.20127919 -29.35417158 3.64572080e+01
93.50351100 28.27489972 -27.67761610 4.21972410e+01
93.40551867 28.31738428 -29.41506775 3.87039926e+01
93.19594278 28.09847560 -27.61772156 3.80437960e+01
93.12873537 28.12982113 -28.75799122 3.56076982e+01
94.03097503 28.57886323 -27.20969423 4.82999198e+01
94.00208202 28.69376484 -29.57704285 4.05910588e+01
93.70387467 28.39884583 -27.72396300 4.48691654e+01
93.83778974 28.55194699 -28.94034216 4.30433820e+01
93.70699506 28.50146801 -29.49171869 4.11728642e+01
93.73902025 28.48829388 -28.91333159 4.23001559e+01
93.99932913 28.59127767 -27.81076504 4.77067401e+01
93.93315596 28.51381426 -27.17769680 4.99091366e+01
93.60733115 28.43902047 -29.46554338 4.04887239e+01
93.61137208 28.64274518 -31.85127485 3.77200098e+01
93.53933897 28.36372795 -28.85717916 4.05600741e+01
93.50825218 28.47907106 -30.74858442 3.85343363e+01
93.63956415 28.42551365 -28.88796383 4.14288512e+01
93.60897068 28.54065295 -30.77110786 3.90466235e+01
94.03901206 28.88615960 -31.58372313 3.91259393e+01
93.94102696 28.82088943 -31.56413055 4.04062584e+01
94.00735245 28.89849877 -31.93106548 3.92403952e+01
93.74346279 28.69234054 -31.52064993 3.84509119e+01
93.90665158 28.73114742 -30.84394175 3.91333843e+01
93.80808257 28.66681766 -30.81967451 3.95292280e+01
93.54313355 28.56730118 -31.47718357 3.77966770e+01
93.70888798 28.60327497 -30.79552693 3.95394955e+01
93.64206535 28.52770081 -30.42001814 3.96914176e+01
93.50687324 28.37760590 -29.43584555 3.96644826e+01
93.43825580 28.30307597 -28.83181205 3.94043069e+01
93.20230099 28.40416367 -31.77380360 3.50983040e+01
93.13108107 28.33259443 -31.39802141 3.44751503e+01
93.40662988 28.41868924 -30.72642071 3.77522171e+01
93.23526464 28.28786543 -30.31352229 3.63688173e+01
93.33929837 28.44688662 -31.43832076 3.63789657e+01
93.30398296 28.35970519 -30.69943411 3.68414221e+01
93.71135864 28.70543138 -31.87251736 3.79465892e+01
93.24338402 28.59443349 -33.60580781 3.47045980e+01
93.23957004 28.49165656 -32.51023402 3.50953892e+01
93.30615249 28.46162243 -31.79397881 3.59710030e+01
93.81061833 28.76904148 -31.89270262 3.78863932e+01
93.51756116 28.78648973 -34.00232365 3.58856177e+01
93.84253981 28.75624522 -31.54244711 3.83849475e+01
93.64699071 28.73196234 -32.57874750 3.72371735e+01
93.91224454 28.93597060 -32.97835166 3.85568920e+01
93.90924879 28.83344144 -31.91287255 3.92191636e+01
93.71459406 28.80804655 -32.94930531 3.70388508e+01
93.94396919 28.92340431 -32.62904751 3.95192174e+01
93.55001160 28.77266608 -33.64486834 3.62148435e+01
93.74986682 28.89754196 -33.66905029 3.64806256e+01
93.41247393 28.62339144 -32.90332557 3.61122069e+01
93.81373426 28.87161414 -32.96372810 3.69384774e+01
93.74664580 28.79494248 -32.59586594 3.73107100e+01
94.01022697 29.00098418 -32.99000346 3.87883508e+01
93.94695137 29.02591805 -33.68946194 3.89354931e+01
94.01314209 29.10346890 -34.04517188 3.82407470e+01
93.84870472 28.96136110 -33.67976021 3.83942520e+01
93.65297750 28.93677510 -34.70338684 3.57248070e+01
94.04183216 28.98863072 -32.64076343 3.86972425e+01
94.04469313 29.09110139 -33.69501755 3.81581556e+01
93.13891858 28.53819810 -33.58849088 3.39379614e+01
92.92792101 28.53377107 -34.63560203 3.19350510e+01
93.20999855 28.60973514 -33.96619724 3.43754543e+01
93.14116290 28.64005273 -34.66025350 3.35427144e+01
93.41610088 28.72611750 -33.99089512 3.55621734e+01
93.34295930 28.54964011 -32.52795678 3.58555913e+01
93.31360991 28.66714180 -33.97967513 3.49829472e+01
93.30986443 28.56438465 -32.88557868 3.55004942e+01
93.44525058 28.60914815 -32.54596831 3.64715079e+01
93.51058045 28.58110194 -31.83289430 3.73080827e+01
93.44882606 28.71186488 -33.63245173 3.58751473e+01
93.51405297 28.68379781 -32.91763915 3.66061429e+01
93.61472615 28.74540178 -32.93293885 3.68989423e+01
93.54655458 28.66998550 -32.56117693 3.69436783e+01
93.09720025 28.34853414 -31.75445621 3.41182125e+01
92.99479742 28.39784012 -32.83281331 3.29227683e+01
92.99072058 28.29501836 -31.73183730 3.30203507e+01
92.92169530 28.32919627 -32.45739420 3.21806945e+01
92.77325248 28.19545424 -31.70795806 3.06891162e+01
92.66655120 28.25285954 -32.78834145 2.97382560e+01
92.66209974 28.15005540 -31.69119946 2.94996686e+01
92.59007049 28.19023003 -32.41294813 2.88694658e+01
92.48081239 28.25356530 -33.49855712 2.80211268e+01
91.60211219 28.02906315 -32.67785294 2.25828677e+01
92.12482151 28.05780118 -32.36129742 2.56307581e+01
92.23850024 27.98167382 -31.28021972 2.57019011e+01
92.36055370 28.11539558 -32.38000192 2.68879736e+01
92.31845124 28.03608372 -31.64634411 2.63697153e+01
91.88955775 28.12111572 -33.42485037 2.45500703e+01
92.20565628 28.10918300 -32.73039653 2.60101154e+01
91.72408629 28.03657756 -32.68926682 2.32124295e+01
91.96661486 28.06383629 -32.70848309 2.49138942e+01
92.12984440 28.16039813 -33.45642283 2.58558807e+01
92.24338955 28.08433652 -32.36840750 2.61085842e+01
92.24830010 28.18699285 -33.46580127 2.63962910e+01
92.32326964 28.13878012 -32.74163673 2.67724765e+01
92.44408246 28.27551005 -33.86189589 2.78124755e+01
92.13096648 28.26210733 -34.53191250 2.61552042e+01
92.55380570 28.21092283 -32.77485999 2.86714875e+01
92.47613896 28.15081349 -32.39351258 2.78244802e+01
92.92587460 28.43201681 -33.55499255 3.20956110e+01
92.88698205 28.34669044 -32.81591556 3.18857771e+01
92.89121243 28.44950869 -33.91819076 3.17711552e+01
92.70851435 28.43787719 -34.61138265 3.00983108e+01
92.78193200 28.40108814 -33.90892431 3.08079745e+01
92.67001835 28.45620632 -34.94818246 2.98757759e+01
92.67102896 28.35565668 -33.89609477 2.98176580e+01
92.59632079 28.39466603 -34.59558190 2.91564721e+01
92.70747767 28.53843162 -35.58721723 3.02139849e+01
92.89281003 28.65186868 -35.89289871 3.16961136e+01
92.32811022 28.24146990 -33.84167149 2.69737197e+01
92.08873879 28.28770209 -34.87382288 2.61344893e+01
92.21061184 28.21181770 -33.83059653 2.62642362e+01
92.01114373 28.24024122 -34.51484645 2.58305336e+01
92.09176219 28.18676618 -33.81621188 2.58373463e+01
91.96834697 28.26747301 -34.85807484 2.57974293e+01
91.97178490 28.16634752 -33.79660200 2.54143416e+01
91.72520578 28.24054616 -34.82855686 2.41725422e+01
91.96911495 28.36934350 -35.80464414 2.60505279e+01
92.67167108 28.55786715 -35.87509961 3.00239573e+01
92.20908165 28.41433600 -35.83155667 2.68190397e+01
92.36677104 28.31975252 -34.56348291 2.73901127e+01
92.32714283 28.44383842 -35.84229915 2.75202932e+01
92.48237311 28.35521811 -34.58005231 2.82400556e+01
92.24693859 28.38946772 -35.53894373 2.69133227e+01
92.01287645 28.44389748 -36.40712085 2.62275587e+01
92.36455147 28.42042786 -35.55121708 2.76468853e+01
92.44367151 28.47776615 -35.85187554 2.83165520e+01
92.55852798 28.51591328 -35.86404553 2.91608276e+01
92.21411032 28.51694538 -36.72329508 2.70833074e+01
92.55701385 28.41424578 -34.93570005 2.89588237e+01
92.48055881 28.45581537 -35.56297411 2.84679084e+01
92.89713515 28.75466641 -36.76565106 3.17269272e+01
93.55408269 28.97619648 -35.64310636 3.51551530e+01
93.21065885 28.71071628 -35.00208083 3.39508786e+01
93.41972635 28.92934091 -35.92454204 3.46749589e+01
93.03526220 28.58577600 -34.64831080 3.27803159e+01
93.21286664 28.81255208 -35.91459225 3.37602766e+01
92.89091436 28.55016169 -34.97248396 3.16820576e+01
93.10549319 28.65500082 -34.99333171 3.32830362e+01
93.03527369 28.68651632 -35.61467693 3.26876657e+01
93.10760230 28.75678906 -35.90698869 3.31534282e+01
93.52154151 28.98994031 -35.92798709 3.49739559e+01
93.45254619 28.91516560 -35.63797740 3.48727127e+01
92.78305926 28.60336185 -35.88736814 3.08760742e+01
93.00094319 28.70314601 -35.89914297 3.24646245e+01
93.61811693 28.84805505 -34.01288926 3.61882109e+01
93.45132495 28.81390187 -34.68786586 3.52121514e+01
93.65033002 28.83460318 -33.65742199 3.64835025e+01
93.55258627 28.87476986 -34.69695629 3.56019879e+01
93.61989598 28.94966666 -35.02999856 3.54979407e+01
93.75258311 28.99978482 -34.70944294 3.58724777e+01
93.91527995 29.03849840 -34.03957460 3.87687651e+01
93.81917898 29.07616084 -35.03818510 3.74345319e+01
93.94979463 29.12831018 -34.71836690 3.83269088e+01
93.72591427 29.21719684 -36.79855181 3.66597119e+01
93.71990543 29.01244933 -35.03438689 3.56412596e+01
93.62244166 29.05174173 -35.93280538 3.51864902e+01
94.01591872 29.20583260 -35.04308391 3.79232124e+01
93.92057090 29.24295282 -35.93895438 3.79877528e+01
93.42346196 29.03205429 -36.78645641 3.44476305e+01
93.85376215 29.16563912 -35.65125677 3.81052281e+01
93.75794459 29.20415333 -36.51050142 3.78808160e+01
93.95231730 29.23046304 -35.65279219 3.80502057e+01
93.82186817 29.17837413 -35.93686099 3.80144459e+01
93.75460678 29.10156070 -35.64873327 3.67247212e+01
93.72252503 29.11459183 -35.93453106 3.66415736e+01
93.65474140 29.03837248 -35.64679639 3.53403398e+01
93.31686362 28.87015522 -35.92191357 3.42644346e+01
93.21757398 29.01626629 -37.65209974 3.34394313e+01
93.24635807 28.79731816 -35.62963490 3.39813597e+01
93.04165980 28.89108620 -37.34935266 3.25707725e+01
93.35000971 28.85547268 -35.63451590 3.44788436e+01
93.21683494 28.91531912 -36.78014424 3.36005466e+01
93.14149603 28.74089930 -35.62011640 3.33801034e+01
93.03942815 28.78931239 -36.47915899 3.26324850e+01
93.52676934 29.19403868 -37.65969806 3.45466175e+01
93.35381135 28.95820760 -36.49656699 3.42588803e+01
93.62594609 29.15438579 -36.79572370 3.49607747e+01
93.55765163 29.07886676 -36.50481937 3.48971424e+01
93.52516087 29.09262130 -36.79209677 3.47374822e+01
93.45623109 29.01787030 -36.50182913 3.46214186e+01
93.92638002 29.44763701 -37.66534417 3.77930183e+01
93.95542085 29.33297356 -36.51362816 3.79375651e+01
94.02177425 29.41067842 -36.80422026 3.77961107e+01
94.01873618 29.30819570 -35.94134319 3.78337579e+01
94.05636915 29.50085920 -37.38212910 3.77716560e+01
93.92372704 29.34547676 -36.80035132 3.78711508e+01
93.85988121 29.37050029 -37.37551657 3.77799263e+01
93.85698322 29.26819111 -36.51128176 3.79151525e+01
93.76077388 29.30638596 -37.37498780 3.76929118e+01
93.96102515 29.53750746 -38.24439361 3.77959932e+01
93.92925369 29.54991771 -38.53188273 3.76977169e+01
94.05925570 29.60320611 -38.24757708 3.76867853e+01
93.95838448 29.43536128 -37.37802156 3.78652547e+01
93.86227032 29.47245110 -38.24064629 3.76562219e+01
93.66281803 29.34474249 -38.24115359 3.73622619e+01
93.82754333 29.38290391 -37.66332958 3.76937722e+01
93.72805929 29.31897197 -37.66290304 3.75822382e+01
93.56192479 29.28235909 -38.23872948 3.45338506e+01
93.83034746 29.48510805 -38.52989099 3.75284646e+01
94.02761260 29.61539879 -38.53544084 3.77159610e+01
93.63047939 29.35803867 -38.52958580 3.60824038e+01
93.43254188 29.43915206 -40.35874247 3.39033863e+01
93.46014380 29.22112628 -38.23572870 3.42219037e+01
93.35734969 29.16124031 -38.23314916 3.38935723e+01
93.35632769 29.06015873 -37.35941984 3.40808683e+01
93.21987220 29.11807624 -38.52271961 3.32977232e+01
91.89262391 28.52856153 -37.29723242 2.55839445e+01
92.82415801 28.88995475 -38.21736202 3.12129169e+01
93.25270244 29.00196878 -37.36244869 3.36548570e+01
92.71289337 28.84336407 -38.22357796 3.05172913e+01
93.62782657 29.25597842 -37.66153919 3.55818132e+01
93.56033148 29.18095475 -37.37093998 3.47075655e+01
93.25027617 28.90007983 -36.49360531 3.38052381e+01
93.14553201 28.84368132 -36.48800347 3.32571220e+01
93.32175422 29.07399077 -37.65202823 3.38808384e+01
93.32071507 28.97289812 -36.78330137 3.40671715e+01
92.93399986 28.83894515 -37.34780812 3.19272958e+01
92.59992365 28.80009976 -38.21681753 2.97907012e+01
92.89689709 28.85527432 -37.63590406 3.17114943e+01
92.13112401 28.66819604 -38.20450425 2.69257587e+01
93.14827152 29.04631867 -38.22931223 3.30147005e+01
93.14786480 28.94550933 -37.35749955 3.31552507e+01
92.93373895 28.93955147 -38.22053633 3.18750830e+01
93.00524805 28.90664623 -37.64026072 3.23432589e+01
92.48693257 28.66015642 -37.32561140 2.89021644e+01
92.01039852 28.64672507 -38.20015383 2.62876895e+01
92.48998629 28.86339993 -39.10207990 2.92318527e+01
92.21263121 28.71936242 -38.50313078 2.74766641e+01
92.89886924 28.95694757 -38.51167459 3.16839456e+01
92.78875538 28.90834380 -38.51649749 3.10326120e+01
92.21773250 28.82194542 -39.39841051 2.77268276e+01
92.56185841 28.71915871 -37.62693213 2.94962332e+01
92.13628687 28.77074227 -39.09889889 2.71714262e+01
92.36870121 28.72533499 -38.21119709 2.83122041e+01
92.21151382 28.61766524 -37.61306132 2.72743819e+01
91.64356090 28.60933713 -38.18365281 2.42624313e+01
92.37089922 28.62471773 -37.32244134 2.81393951e+01
92.67527243 28.76113901 -37.63137966 3.02552577e+01
92.25061823 28.69447466 -38.20820802 2.76005656e+01
92.33116031 28.74877266 -38.50658646 2.81722235e+01
92.09177031 28.59294126 -37.60640667 2.66197291e+01
91.52049883 28.60481571 -38.17781012 2.35360426e+01
92.48514853 28.76069755 -38.21317710 2.90501496e+01
92.56343213 28.82078702 -38.51047323 2.96219617e+01
92.56321315 28.61866173 -36.74219415 2.93678807e+01
92.25324001 28.59373767 -37.32062906 2.74203481e+01
92.33206056 28.54650323 -36.72954724 2.77927727e+01
92.01386998 28.54563462 -37.30528200 2.62170463e+01
92.32988761 28.64710767 -37.62038639 2.79774690e+01
92.36942402 28.52311086 -36.43430102 2.79229616e+01
92.78690916 28.80669555 -37.63345978 3.09948210e+01
92.67623724 28.66064112 -36.75356011 3.01762680e+01
92.82477645 28.78941258 -37.34314008 3.12155373e+01
93.00514776 28.80594239 -36.76534473 3.24225290e+01
93.11211441 28.96039161 -37.64495874 3.29441568e+01
93.11168799 28.85957478 -36.77570773 3.30540645e+01
92.60130294 28.69959661 -37.33485829 2.96883556e+01
92.71199424 28.64121561 -36.46464359 3.03616967e+01
92.71388338 28.74286098 -37.34039695 3.04614900e+01
92.78750431 28.70615369 -36.76116074 3.09687268e+01
92.59490269 28.49522315 -35.57618298 2.93357866e+01
92.59954020 28.59798298 -36.45187867 2.95361918e+01
92.81836750 28.58493878 -35.60005454 3.10860670e+01
92.82276337 28.68773564 -36.47176766 3.11641135e+01
92.92759914 28.63442216 -35.60413170 3.19184535e+01
92.93187414 28.73722272 -36.47409572 3.19282710e+01
92.08965906 28.38951136 -35.81804391 2.63576376e+01
92.13417090 28.56730002 -37.30988650 2.67632844e+01
92.00768107 28.34138631 -35.50972637 2.61051061e+01
91.97434927 28.47183107 -36.70435499 2.60686418e+01
92.25192355 28.49209913 -36.43015831 2.71940225e+01
92.09479322 28.49206184 -36.71152769 2.65257700e+01
92.12791778 28.36306075 -35.52536882 2.64027712e+01
92.13301096 28.46563286 -36.41736853 2.66207158e+01
91.27992932 28.39978652 -36.34837206 2.14701190e+01
91.48062369 28.33162245 -35.75633171 2.25563425e+01
91.36358814 28.43306741 -36.65672369 2.21220356e+01
91.89036756 28.22295253 -34.49796946 2.51506580e+01
91.35791910 28.33082303 -35.74692094 2.17569853e+01
91.11838462 28.43805058 -36.64413964 2.06695521e+01
90.99585487 28.44285699 -36.63948145 2.00041430e+01
90.86645498 28.55144536 -37.54888603 1.98416213e+01
90.66723732 28.42524700 -36.32694300 1.89880246e+01
90.62081056 28.56451578 -37.54493195 2.02515624e+01
90.53854737 28.32964667 -35.41145882 2.09624565e+01
90.05324135 28.55879758 -37.24048828 2.07741217e+01
90.41597337 28.33616677 -35.41086789 2.05357791e+01
90.01595819 28.49201139 -36.63217249 2.04218114e+01
91.40279221 28.50113343 -37.26507967 2.25369708e+01
91.40258529 28.39895272 -36.35640834 2.22232107e+01
90.62846613 28.46153944 -36.63105450 1.98160143e+01
90.29865731 28.54734536 -37.23881924 2.11648741e+01
90.87336935 28.44860860 -36.63572028 1.93851137e+01
90.66657730 28.52783471 -37.24083499 1.87428685e+01
91.52557919 28.50279067 -37.27164436 2.33039046e+01
91.48621107 28.43390061 -36.66466702 2.28995054e+01
91.60408470 28.53945529 -37.57795714 2.39134298e+01
91.60875533 28.43768025 -36.67329463 2.37262619e+01
91.64825379 28.50754740 -37.27965604 2.40874547e+01
91.64774207 28.40556294 -36.37501198 2.38983294e+01
91.85302969 28.45622811 -36.69384955 2.54034857e+01
91.76999703 28.41412379 -36.38551328 2.47878780e+01
91.72681368 28.54649575 -37.58597787 2.46840978e+01
91.39733333 28.60336894 -38.17324352 2.28198276e+01
91.48115327 28.53591132 -37.57174166 2.31486244e+01
91.02792936 28.61221686 -38.16118563 2.09127731e+01
91.77066557 28.51602547 -37.28802733 2.48749243e+01
91.97169482 28.67473273 -38.49780143 2.61630874e+01
91.60440369 28.64157487 -38.48340850 2.41504672e+01
91.84916437 28.55752276 -37.59350063 2.53943424e+01
91.35815245 28.53529239 -37.56534689 2.24071263e+01
91.15101622 28.60759958 -38.16473623 2.15222066e+01
91.72728775 28.64850809 -38.48873358 2.48563513e+01
91.88873600 28.62987280 -38.19583366 2.56506950e+01
91.15685169 28.70980355 -39.07623755 2.19933334e+01
91.35817233 28.63758590 -38.47463012 2.27599594e+01
91.03384254 28.71441656 -39.07376826 2.14078127e+01
91.27415678 28.60449417 -38.16845866 2.21552416e+01
91.03450139 28.50948482 -37.24893927 2.04778275e+01
90.78188399 28.62417768 -38.15625394 1.97670487e+01
91.23503065 28.63941366 -38.47090244 2.21143428e+01
91.23515765 28.53704792 -37.56037111 2.17121850e+01
90.91183179 28.51502859 -37.24562850 1.98705176e+01
90.74291823 28.66044556 -38.46028208 1.97948630e+01
91.11193443 28.64307720 -38.46736505 2.15033575e+01
91.11220698 28.54063709 -37.55559815 2.10671229e+01
90.74362857 28.55786058 -37.54652708 1.92797449e+01
90.65889192 28.63081213 -38.15465219 2.04943177e+01
90.78971242 28.41870711 -36.32917422 1.87981317e+01
90.78919670 28.52125548 -37.24275047 1.93006270e+01
90.50601363 28.46816523 -36.62990682 2.14598285e+01
90.38354273 28.47463447 -36.62945615 2.10762602e+01
90.12936082 28.58961360 -37.54422803 2.10055697e+01
90.49798492 28.57117495 -37.54388165 2.18761832e+01
89.75856561 28.70705128 -38.46211305 2.14975473e+01
90.04367242 28.66176648 -38.15394400 2.12312986e+01
90.12790800 28.69224740 -38.45781161 2.14639935e+01
90.17596499 28.55327563 -37.23938803 2.09141628e+01
90.25096263 28.68646926 -38.45738639 2.16868180e+01
90.49697968 28.67380675 -38.45793286 2.23252452e+01
90.16677455 28.65627519 -38.15308763 2.13803380e+01
90.25226574 28.58382860 -37.54358217 2.12224670e+01
90.05021455 28.76404705 -39.06725137 2.16797589e+01
90.41288378 28.64407698 -38.15287745 2.19245287e+01
90.25737327 28.78873813 -39.37118767 2.21631959e+01
90.53589636 28.63751056 -38.15350842 2.22873837e+01
89.18139934 28.69230904 -38.17457712 2.50282961e+01
89.14536279 28.62544821 -37.56909988 2.67295370e+01
89.63746158 28.60875817 -37.55259501 2.19386285e+01
89.42780498 28.68395068 -38.16636090 2.37415070e+01
89.30459957 28.68801907 -38.17041639 2.48433209e+01
89.31643907 28.58528049 -37.25923931 2.64126485e+01
89.43926677 28.58118554 -37.25481116 2.45595994e+01
89.51223354 28.71533502 -38.46764862 2.27337302e+01
89.51444012 28.61284662 -37.55611267 2.32041262e+01
89.40283323 28.51414298 -36.64876145 2.53539516e+01
89.19361582 28.58958071 -37.26385096 2.75933771e+01
89.28018161 28.51831661 -36.65350710 2.74319774e+01
89.68490764 28.57298347 -37.24735877 2.16265146e+01
89.55100807 28.67993524 -38.16278017 2.26983518e+01
89.56209171 28.57713399 -37.25079895 2.28297810e+01
89.64812833 28.50592939 -36.64034473 2.16772874e+01
89.26838348 28.62102983 -37.56455953 2.63262094e+01
89.31872659 28.48287663 -36.34840901 2.70443020e+01
89.76047009 28.60448730 -37.54965509 2.12121186e+01
89.77075915 28.50160997 -36.63702949 2.08020737e+01
89.80770819 28.56860281 -37.24448635 2.09787399e+01
89.89337074 28.49699342 -36.63425787 2.04714847e+01
89.88345942 28.59991655 -37.54727255 2.09283772e+01
90.13851702 28.48661719 -36.63060240 2.05420878e+01
90.37513933 28.57765671 -37.54342272 2.15177519e+01
90.42227018 28.43841813 -36.32486467 2.10297188e+01
90.26104512 28.48081236 -36.62974668 2.07714849e+01
90.17721003 28.45063415 -36.32572398 2.04453706e+01
89.88672000 28.39471314 -35.72147885 1.99665248e+01
89.93202919 28.46128453 -36.32920843 2.03031723e+01
90.05463430 28.45616589 -36.32712662 2.02975543e+01
89.68674690 28.47043710 -36.33518419 2.13380516e+01
90.13202880 28.38433771 -35.71709365 2.00245170e+01
90.04808980 28.35388236 -35.41384428 1.97639109e+01
89.92540301 28.35900161 -35.41631512 1.97706501e+01
89.56408019 28.47462961 -36.33904233 2.27852044e+01
89.80269103 28.36374619 -35.41936770 2.00563578e+01
89.55721224 28.37241331 -35.42751577 2.24700411e+01
89.51859383 28.40786201 -35.73290145 2.30754644e+01
89.52548428 28.51006287 -36.64426031 2.32267192e+01
89.31170046 28.38077595 -35.43785721 2.57433062e+01
89.07339273 28.49195968 -36.35840775 2.95126596e+01
89.18894896 28.38520972 -35.44328959 2.65156530e+01
89.02770744 28.42571430 -35.75353545 2.87996512e+01
89.43445730 28.37656317 -35.43246868 2.42632579e+01
89.44140468 28.47872951 -36.34352432 2.49117807e+01
89.93519520 28.25606708 -34.40986494 1.91675548e+01
89.76402795 28.39934325 -35.72469905 2.03486982e+01
89.88839016 28.29211163 -34.76198788 1.93998469e+01
89.67995898 28.36818567 -35.42318082 2.08974976e+01
89.27313441 28.41624171 -35.74315552 2.68156230e+01
89.32334149 28.27798160 -34.43285052 2.19467694e+01
89.15041255 28.42075827 -35.74841112 2.80003504e+01
89.20095832 28.28241604 -34.43910234 2.09415590e+01
89.56811466 28.26957944 -34.42156500 2.14236437e+01
89.64694579 28.09603565 -32.63527671 1.92346731e+01
89.81285346 28.26084661 -34.41307650 1.94054821e+01
89.89814561 28.18918369 -33.70226245 1.87549003e+01
90.30205765 28.23942793 -34.40518881 1.96872196e+01
90.38028288 28.06447629 -32.62887544 1.91100489e+01
90.42518481 28.13052566 -33.34210974 1.95864106e+01
90.17979966 28.24536482 -34.40590646 1.93903054e+01
90.37831446 28.26974313 -34.75565925 2.01017384e+01
90.49977227 28.36592421 -35.71584239 2.09835302e+01
90.25587755 28.27590637 -34.75601626 1.97530602e+01
90.37721880 28.37237840 -35.71551304 2.05869135e+01
90.17074770 28.34835718 -35.41214368 1.99201260e+01
90.25463886 28.37854285 -35.71598227 2.02628005e+01
90.00938845 28.38972750 -35.71899882 1.99043428e+01
90.01091449 28.28710892 -34.75903763 1.93575199e+01
90.29337518 28.34243599 -35.41113185 2.01851733e+01
90.29975491 28.44470160 -36.32495493 2.06970095e+01
90.86737537 28.34640310 -35.72228732 1.88569214e+01
90.91220405 28.41253413 -36.33253189 1.93933367e+01
90.90623897 28.31032964 -35.41919370 1.88852289e+01
91.40234839 28.19443851 -34.44570495 2.15793815e+01
90.98994264 28.34065376 -35.72655998 1.95360224e+01
91.03473007 28.40705002 -36.33660316 2.00431435e+01
91.15150284 28.30043998 -35.43022442 2.03468524e+01
91.15730416 28.40265142 -36.34221509 2.07424935e+01
91.52522244 28.40069563 -36.36461839 2.30214657e+01
91.64227066 28.30322418 -35.46925429 2.36056170e+01
91.60293519 28.23321359 -34.81403598 2.31462919e+01
91.72566959 28.34259043 -35.77918031 2.44532105e+01
91.88649875 28.32431427 -35.49670951 2.55291726e+01
91.89179119 28.42676288 -36.39760797 2.56422753e+01
91.76461312 28.31173190 -35.48234781 2.46625466e+01
91.84770088 28.35380017 -35.79243920 2.53910480e+01
91.51966658 28.29840241 -35.45717237 2.26910540e+01
91.60325112 28.33535845 -35.76717640 2.34474651e+01
91.23532686 28.23002995 -34.78241776 2.06406052e+01
91.27420934 28.29755808 -35.43768178 2.10934789e+01
91.11280416 28.23339822 -34.77430182 1.98788567e+01
91.23521608 28.33240703 -35.73881754 2.10052824e+01
91.24106867 28.12759556 -33.72672152 2.03052172e+01
90.86790536 28.24385756 -34.76355108 1.84028632e+01
91.02884707 28.30484582 -35.42384832 1.95935924e+01
91.11255370 28.33584302 -35.73196695 2.02665383e+01
90.87472948 28.14102473 -33.70805551 1.80034328e+01
90.62311889 28.25670504 -34.75755738 2.10095079e+01
90.66110672 28.32302466 -35.41298031 1.99595399e+01
90.74483642 28.35272590 -35.71911603 1.82507282e+01
91.27997589 28.19511435 -34.43584185 2.07613536e+01
91.35788921 28.22851488 -34.79107788 2.14272934e+01
91.47991927 28.02506519 -32.66919413 2.18637079e+01
91.52434253 28.09422822 -33.38981928 2.21975696e+01
91.64642070 28.09938152 -33.40203741 2.28877172e+01
91.52469824 28.19634654 -34.45714639 2.24364022e+01
91.76289935 28.00579160 -32.33145122 2.36220455e+01
91.60756557 28.13140165 -33.75714502 2.28680034e+01
91.76822655 28.10820316 -33.41321291 2.32787621e+01
91.64692431 28.20139604 -34.47017104 2.33434300e+01
91.84566352 28.04804197 -32.69725823 2.38702655e+01
91.72944942 28.13896891 -33.77013167 2.34184647e+01
91.85093267 28.15049110 -33.78298944 2.44199079e+01
91.76888013 28.21013680 -34.48362510 2.42611122e+01
91.71873813 27.93418216 -31.60724304 2.41318761e+01
91.64100172 27.99702477 -32.32200112 2.28781566e+01
91.39654168 27.98996963 -32.30556276 2.12060622e+01
91.51883476 27.99192007 -32.31233540 2.20978291e+01
91.35764016 28.02401233 -32.66067549 2.09757175e+01
91.36326668 28.12626794 -33.73497824 2.11793021e+01
91.23535720 28.02536567 -32.65429108 1.99756007e+01
91.27990431 28.09282301 -33.37123084 2.04385590e+01
91.11311096 28.02859122 -32.64795110 1.90420087e+01
91.15769912 28.09547401 -33.36447900 1.95570466e+01
90.99091467 28.03321910 -32.64311813 1.81829864e+01
91.11890725 28.13080477 -33.71881249 1.94736505e+01
90.79136047 28.11103683 -33.34908106 1.79564777e+01
91.03554244 28.09967480 -33.35774214 1.87402633e+01
90.04574046 27.94371065 -31.19932856 1.75285694e+01
90.01373001 28.08185902 -32.62792127 1.81521197e+01
90.13594307 28.07643482 -32.62750446 1.83678980e+01
90.26452637 28.17289982 -33.69783560 1.92365694e+01
90.05883292 28.14828497 -33.34200321 1.86133911e+01
90.14242818 28.17871618 -33.69846373 1.89421136e+01
90.30309591 28.13678935 -33.34126847 1.91669040e+01
90.38659560 28.16673243 -33.69828266 1.96231977e+01
90.91309111 28.20749323 -34.41547208 1.84967908e+01
90.91343387 28.10499762 -33.35324520 1.80389293e+01
90.99033280 28.23815497 -34.76840304 1.91145907e+01
90.99679616 28.13542651 -33.71285780 1.87197064e+01
89.76584257 28.29676658 -34.76529258 1.97739465e+01
89.77596724 28.19387613 -33.70544717 1.90728005e+01
89.64327640 28.30114025 -34.76953312 2.07303476e+01
89.69224006 28.16276010 -33.34997012 1.94686335e+01
89.32551929 28.17554063 -33.36546432 1.71821842e+01
89.15295102 28.31835516 -34.79151028 2.26320837e+01
89.20327956 28.18002141 -33.37211250 1.43422099e+01
89.07858824 28.28722453 -34.44538566 1.96723830e+01
89.52465253 28.10031188 -32.63965836 1.92791566e+01
89.65377023 28.19828858 -33.70928310 1.99338184e+01
89.03548999 28.11864959 -32.66511636 6.97033625e+00
88.95884855 28.19024663 -33.38563305 1.13666621e+01
88.91324158 28.12428664 -32.67182723 7.26887033e+00
88.83667470 28.19623729 -33.39093766 1.25394258e+01
89.44776375 28.17126796 -33.35934185 1.98510479e+01
89.53156042 28.20252869 -33.71403837 2.08472253e+01
89.28712755 28.21103145 -33.72595921 1.81541363e+01
89.28005474 28.10893310 -32.65102379 1.27196712e+01
88.82190838 27.99271831 -31.24484630 4.36652162e+00
88.82930102 28.09447814 -32.31789154 6.48530884e+00
88.46277215 28.11664806 -32.31942839 2.09599541e+01
88.70708496 28.10123570 -32.32213487 9.37295380e+00
88.54671691 28.14512527 -32.67950949 1.90535179e+01
88.79842037 28.23229219 -33.74993013 1.72780196e+01
88.30254791 28.16185535 -32.66211215 1.88290415e+01
88.34837152 28.22668132 -33.38027897 1.88015295e+01
88.21857082 28.13382286 -32.29366262 1.68858362e+01
88.10437799 28.24445143 -33.34156463 1.54147858e+01
87.81423763 28.19697914 -32.54316717 1.37161756e+01
88.06635121 28.28140737 -33.68984481 1.52680307e+01
88.18048857 28.17066957 -32.64359783 1.62305943e+01
88.17263756 28.06897595 -31.57278117 1.67614224e+01
87.56991624 28.21332680 -32.43591116 1.29870604e+01
87.93634598 28.18837026 -32.58445954 1.42483230e+01
87.61620786 28.27932240 -33.17824180 1.33476581e+01
87.97437041 28.15145300 -32.23868519 1.43221660e+01
87.86034991 28.26229285 -33.27496532 1.41107710e+01
88.05842620 28.17956153 -32.61787247 1.50042554e+01
87.94437703 28.29043126 -33.65844359 1.45999984e+01
87.98237491 28.25343473 -33.31192700 1.46585709e+01
88.58490963 28.10865188 -32.32310579 1.40760568e+01
88.47039162 28.21821977 -33.39007651 2.24515339e+01
88.79102661 28.13056489 -32.67719633 8.72087665e+00
88.71453877 28.20290555 -33.39427188 1.77365322e+01
88.66885125 28.13752151 -32.68021794 1.32094433e+01
88.55427235 28.24671279 -33.75053057 2.35924453e+01
88.83392321 28.29851153 -34.45543757 2.28898667e+01
88.95624043 28.29255705 -34.45113037 2.04837536e+01
88.41811038 28.35792971 -34.79604654 1.89800954e+01
88.43225967 28.25485551 -33.74434002 2.08934609e+01
88.46721864 28.32051172 -34.45130009 2.03403918e+01
88.58940999 28.31251045 -34.45642639 2.40111915e+01
88.54048188 28.34967738 -34.80293241 2.18960237e+01
88.90785595 28.32890674 -34.80213677 2.39158109e+01
88.78535517 28.33512208 -34.80527085 2.61424094e+01
88.90502770 28.43123598 -35.75778850 2.86943813e+01
88.45301978 28.42359311 -35.44961967 1.90049207e+01
88.53722433 28.45198723 -35.75695015 2.03276255e+01
88.69816976 28.40806916 -35.45725793 2.53651760e+01
88.78238248 28.43742480 -35.76020434 2.70651846e+01
88.34506403 28.32904812 -34.44124615 1.78695298e+01
88.16979516 28.47834554 -35.72568002 1.63566107e+01
88.10081469 28.34710481 -34.40461084 1.56054044e+01
88.08555222 28.45067322 -35.40801385 1.57617764e+01
88.05114533 28.38501086 -34.74569247 1.54361843e+01
87.84865513 28.57185424 -36.27712444 1.50679034e+01
88.17345594 28.37575496 -34.76773302 1.62053928e+01
88.18831314 28.27236407 -33.71436066 1.62209818e+01
87.70035325 28.30799787 -33.57406028 1.37031984e+01
87.80648721 28.40347370 -34.68431111 1.43951797e+01
88.22293418 28.33796633 -34.42576302 1.65126333e+01
88.22637190 28.23548044 -33.36420704 1.65670513e+01
87.61218626 28.38317741 -34.25688886 1.36948437e+01
87.68412276 28.41250109 -34.64422213 1.40190519e+01
88.29577275 28.36667492 -34.78441690 1.72746067e+01
88.31027773 28.26345971 -33.73243865 1.77924148e+01
87.24543195 28.40828916 -34.06898087 1.28680703e+01
87.21194375 28.34033463 -33.31645233 1.25713001e+01
87.12314660 28.41649022 -33.99293018 1.26243213e+01
87.43930589 28.42993916 -34.53837397 1.34032038e+01
87.11405140 28.62878534 -36.02413040 1.32838198e+01
87.22782543 28.51464965 -35.11170524 1.31716146e+01
87.00086282 28.42481757 -33.91107708 1.23961078e+01
87.19439955 28.44682388 -34.40436102 1.28832045e+01
86.94478056 28.57104602 -35.28580254 1.27599661e+01
86.99160390 28.63852285 -35.96624623 1.30687451e+01
87.35042026 28.50583583 -35.17351106 1.34308704e+01
86.58695929 28.71102734 -36.08188985 1.80896581e+01
86.75635962 28.44249900 -33.73309824 1.71393028e+01
86.86006346 28.54198405 -34.89554278 1.36030965e+01
86.21644831 28.53297257 -33.72360473 2.12379435e+01
86.24871223 28.60297838 -34.50287890 2.05422400e+01
86.02628401 28.52420521 -33.23650322 2.78682669e+01
86.21148878 28.64524881 -34.85834645 2.12490442e+01
86.57746585 28.60266496 -35.06594061 1.78266724e+01
86.82704208 28.47297674 -34.15980295 1.32762937e+01
86.73754218 28.55197274 -34.81595795 1.75027750e+01
86.82227572 28.58087238 -35.21452760 1.52594676e+01
86.11505030 28.43546260 -32.49965241 2.38983186e+01
86.46016423 28.50469943 -33.88891865 1.78833067e+01
86.26850380 28.48922674 -33.37018313 1.98645749e+01
86.72341670 28.37297703 -32.95541509 1.68890338e+01
86.51690383 28.35321111 -32.40758529 1.70169374e+01
86.63418587 28.45229230 -33.64010043 1.72436376e+01
86.10496066 28.32486983 -31.32492450 2.18280122e+01
85.99443425 28.45465671 -32.44099736 2.53562703e+01
86.46985505 28.28424829 -31.60513352 1.67156277e+01
86.35769873 28.40513411 -32.66282832 1.80267151e+01
86.39019177 28.47528009 -33.45544781 1.81972562e+01
86.60138526 28.38247691 -32.85678309 1.69876337e+01
86.51211239 28.46310813 -33.54634037 1.75317299e+01
86.58234850 28.49306881 -33.97945184 1.74639200e+01
86.84551252 28.36424854 -33.05278894 1.22706600e+01
86.83635582 28.25759975 -31.92618186 1.14831771e+01
86.96764491 28.35603615 -33.14599004 1.20971669e+01
86.87859272 28.43340663 -33.82406762 1.21930964e+01
87.00537158 28.31814208 -32.80418757 1.20552830e+01
87.08979413 28.34812855 -33.23426646 1.23291729e+01
87.49408577 28.28741595 -33.11833293 1.30536198e+01
87.57829354 28.31641581 -33.52080912 1.33736707e+01
87.33408302 28.33252383 -33.39175274 1.28207976e+01
87.36334167 28.19136382 -31.95651505 1.24170130e+01
86.95862651 28.25008960 -32.02776624 1.17219152e+01
86.94959084 28.14414255 -30.90960409 1.13684623e+01
87.24103948 28.19846861 -31.87482654 1.21761685e+01
87.32545776 28.22844693 -32.29558115 1.24542976e+01
86.26349722 28.26768237 -31.04901910 1.81746025e+01
86.33817187 28.18613818 -30.25471132 1.65521139e+01
86.22626152 28.30901395 -31.40622048 1.91860688e+01
86.21633891 28.19891326 -30.12990894 1.82319173e+01
86.34793348 28.29563656 -31.50201896 1.73081786e+01
86.27336964 28.37759106 -32.21429871 1.90766755e+01
85.78113400 28.34565429 -30.81667045 7.32568784e+00
85.63719179 28.53155794 -32.39599953 2.20291612e+01
85.50939271 28.45248300 -31.24283247 1.69944892e+01
85.49895326 28.34185485 -29.93509208 8.86506421e+00
85.54492415 28.40465174 -30.83901974 1.30398882e+01
85.55537816 28.51539672 -32.01763476 2.06459452e+01
85.39285850 28.48668010 -31.28390394 1.84087451e+01
85.40324543 28.59691670 -32.45667303 1.98819932e+01
85.62672900 28.42062304 -31.21599324 1.22678017e+01
85.51983724 28.56311468 -32.42059912 2.17173319e+01
85.91096323 28.43220575 -32.02020542 1.95896570e+01
85.98419800 28.34371756 -31.26304945 1.86436974e+01
85.87451079 28.47705904 -32.40441433 2.09196104e+01
85.86415543 28.36594599 -31.22289519 1.07983367e+01
85.66802008 28.59933581 -33.18009792 2.51521199e+01
85.67301192 28.48461528 -31.99817074 1.85929321e+01
85.16158999 28.56000317 -31.38718891 1.68048877e+01
85.20683391 28.62042920 -32.14535804 1.70469949e+01
85.04652591 28.59819973 -31.44135791 1.57005288e+01
85.05663550 28.70706774 -32.59841762 1.55468686e+01
84.94167051 28.74537086 -32.64559994 1.49539010e+01
84.97662457 28.69635876 -32.24555491 1.51058662e+01
84.86175517 28.73502644 -32.29190347 1.46674541e+01
84.62214302 28.70516944 -31.22938048 1.39283291e+01
84.93164902 28.63693433 -31.49342650 1.49683071e+01
84.85178553 28.62685840 -31.14311482 1.45418634e+01
85.31209781 28.47385966 -30.92606339 1.74620431e+01
85.32242975 28.58380176 -32.09543071 1.85809086e+01
85.26668439 28.41290660 -30.06058518 1.55724809e+01
85.19659565 28.51094889 -30.98068988 1.69195055e+01
84.81684569 28.67593844 -31.54154676 1.45040710e+01
84.80690119 28.56789996 -30.33937219 1.41213910e+01
84.70202729 28.71500775 -31.58421262 1.43246082e+01
84.69213524 28.60731806 -30.39668406 1.37116651e+01
84.24135128 28.86904229 -31.69184906 8.50286766e+00
84.17086258 28.96523340 -32.45310043 7.92184438e+00
84.16092523 28.85851333 -31.32165978 7.41517158e+00
84.05502990 29.00233659 -32.45713090 7.54479341e+00
84.11567977 28.79983792 -30.54838700 7.05077344e+00
83.92885701 28.93231318 -31.32238437 7.54688074e+00
83.64987509 28.94448555 -30.49837993 8.97156274e+00
83.56833679 28.93209556 -30.06856832 9.61367989e+00
83.42620552 29.12079362 -31.58025564 1.24766842e+01
83.53278233 28.97927442 -30.45828437 1.01594658e+01
83.43692937 29.22799705 -32.72192391 1.50922164e+01
83.77698268 29.01587427 -31.68153654 8.20836146e+00
83.47237726 29.18073148 -32.35624927 1.28428326e+01
83.70609219 29.11071859 -32.42269512 8.84410173e+00
83.69575220 29.00395237 -31.28863412 8.74448102e+00
83.58932900 29.14591640 -32.39374652 1.06001728e+01
84.00967722 28.94350490 -31.70290204 7.44844108e+00
83.93895515 29.03895202 -32.45347291 7.70435808e+00
84.04502240 28.89568261 -31.32614207 7.32125329e+00
84.01971117 29.05014994 -32.83382673 7.61066211e+00
84.47206394 28.79269577 -31.65153506 1.33011065e+01
84.40182910 28.88966029 -32.42440854 1.33028855e+01
84.50714757 28.74407517 -31.26308366 1.31770546e+01
84.51700185 28.85129453 -32.40014652 1.44624880e+01
84.85522578 28.84867474 -33.44586926 1.47880869e+01
84.82679449 28.78398122 -32.68862444 1.46563045e+01
84.68817113 28.94160992 -33.87887121 1.50605482e+01
84.71192289 28.82270186 -32.72715859 1.46871968e+01
84.16292224 29.07770835 -33.58553193 8.58100164e+00
84.25125287 28.97583596 -32.82392124 9.71775037e+00
84.10954735 29.13143057 -33.96463681 8.28399912e+00
84.13559767 29.01322102 -32.83236769 7.86081128e+00
83.87671876 29.20476673 -33.95668725 8.35752119e+00
83.90358495 29.08659458 -32.82783310 7.78917501e+00
83.64306297 29.27646458 -33.92004685 1.31081219e+01
83.78723067 29.12257595 -32.81459827 8.27148117e+00
83.58071226 29.25861407 -33.52667684 1.33610120e+01
83.67065468 29.15810217 -32.79231647 9.55601053e+00
83.52596636 29.31178946 -33.88999739 1.72612407e+01
83.55387892 29.19322217 -32.76187307 1.17491781e+01
83.69756558 29.22325447 -33.55381303 1.02419618e+01
83.55274484 29.37716295 -34.63663197 1.96808415e+01
83.75998917 29.24081077 -33.94236951 1.00458901e+01
83.63436158 29.38912612 -35.01599813 1.91826337e+01
84.02040772 29.23293529 -34.69890163 8.83231810e+00
83.99324267 29.16831572 -33.96395152 7.98096705e+00
84.27871261 29.04024079 -33.57653372 1.15543678e+01
84.13683949 29.19594331 -34.69848300 9.60069758e+00
84.33374466 29.16908468 -35.04437026 1.67599848e+01
84.34151964 29.05643246 -33.94718170 1.43643644e+01
84.74011341 28.88723007 -33.48240417 1.48294315e+01
84.48498146 29.08281795 -34.66509601 1.66622484e+01
84.57275126 28.98008798 -33.90691885 1.55821949e+01
84.44966273 29.13121148 -35.03087269 1.71793133e+01
85.02808107 28.94062144 -34.90215609 1.53451550e+01
85.96939839 28.68463546 -34.76733210 2.76605516e+01
85.43329399 28.66347516 -33.23080287 1.98904133e+01
85.14396786 28.90329499 -34.86759700 1.57900395e+01
85.20111856 28.73492143 -33.31555081 1.64721909e+01
85.06331249 28.89182392 -34.51833738 1.54109467e+01
85.03431207 28.82650716 -33.76750398 1.52705320e+01
84.83195330 28.96785214 -34.58869458 1.50046112e+01
84.97037051 28.81029496 -33.40497577 1.50236162e+01
85.17179666 28.66932867 -32.54994076 1.65226924e+01
85.08563143 28.77228805 -33.36099086 1.55543003e+01
85.14991876 28.78887687 -33.72411980 1.59113093e+01
84.80352433 28.90307798 -33.84585022 1.48522500e+01
84.71635469 29.00620946 -34.61838072 1.51804297e+01
85.78661314 28.57117242 -33.17852336 2.70441255e+01
85.75540741 28.50274395 -32.39039542 2.14259280e+01
85.97435418 28.57079758 -33.60816999 2.90183448e+01
86.14715586 28.50539355 -33.29550834 2.38437910e+01
85.73503674 28.62082597 -33.57039707 2.70822315e+01
85.52947487 28.74957727 -34.37687805 2.02114351e+01
85.84932312 28.70866475 -34.74515860 2.68475304e+01
86.09512442 28.55046721 -33.65778903 2.57070380e+01
85.61663754 28.65033014 -33.58015869 2.38041227e+01
85.29550083 28.81820634 -34.44149012 1.68608075e+01
85.49903953 28.68234222 -33.60470942 2.08360283e+01
85.26013362 28.86675251 -34.83218233 1.64872753e+01
85.88580962 28.66328939 -34.36386597 2.87589693e+01
86.12718459 28.62032075 -34.44135298 2.41687497e+01
85.38214407 28.71640375 -33.63922380 1.84961008e+01
85.17924641 28.85457078 -34.47989254 1.59734137e+01
85.73002643 28.73563295 -34.73999642 2.42833295e+01
85.77667635 28.80040041 -35.46698331 2.25475974e+01
85.61153591 28.76533713 -34.74892381 2.12955167e+01
85.65793235 28.82910163 -35.47004377 2.04203978e+01
85.37669771 28.83131485 -34.79887755 1.75380870e+01
85.53993077 28.86019610 -35.48525523 1.87522183e+01
86.00616402 28.64030388 -34.39416177 2.79225257e+01
85.89619345 28.77441920 -35.47719611 2.40114042e+01
86.09016265 28.66356101 -34.80605895 2.43383512e+01
85.97971177 28.79567466 -35.83093030 2.31699716e+01
85.85973926 28.81980915 -35.81158946 2.23812987e+01
85.77170430 28.91499894 -36.48483753 1.99781855e+01
85.74049828 28.84670227 -35.80599607 2.10104551e+01
85.51357742 29.09418406 -37.52807877 1.74619533e+01
85.27041146 28.97636199 -35.88371664 1.63930098e+01
85.36559354 29.06061885 -36.87609809 1.68147408e+01
85.15414730 29.01243744 -35.91379617 1.58833260e+01
85.24853137 29.09560039 -36.90259713 1.63297425e+01
85.18945744 28.96386738 -35.56742944 1.59762086e+01
85.38706669 28.94138449 -35.85507448 1.71184337e+01
85.41219390 28.78305832 -34.40636076 1.81941129e+01
85.30580936 28.92797121 -35.53617400 1.66044927e+01
85.49378731 28.79736099 -34.77010847 1.90919718e+01
85.42258819 28.89327416 -35.50847025 1.74937577e+01
84.91236503 28.97845861 -34.93506053 1.51113783e+01
85.03816579 29.04931368 -35.94304642 1.55549841e+01
84.84190710 29.07586947 -35.65471959 1.52907558e+01
84.92236646 29.08673274 -35.97120517 1.53953447e+01
84.56543923 29.09310692 -35.01306217 1.61275992e+01
84.61058301 29.15194830 -35.69979758 1.61153192e+01
84.26297440 29.26536450 -35.73935418 1.70331739e+01
84.49483997 29.18995029 -35.71677291 1.73534493e+01
83.98490789 29.28073233 -35.05549591 9.72603368e+00
84.10138059 29.24388115 -35.05696470 9.98440645e+00
84.02218266 29.45206141 -36.73632138 1.88562327e+01
84.22757618 29.31341796 -36.07215553 1.72855860e+01
83.78693894 29.30574634 -34.68150700 1.20082330e+01
83.99497211 29.38739579 -36.07442675 1.44825880e+01
83.56329609 29.48419966 -35.69485036 2.08599692e+01
83.86823981 29.31720856 -35.04848936 1.18075943e+01
83.68031308 29.44846615 -35.71572959 2.10562154e+01
83.91390452 29.37620635 -35.74034532 1.47653999e+01
83.67168991 29.56121511 -36.70835028 2.11221094e+01
83.76167834 29.46010370 -36.05778693 2.08716045e+01
83.73417846 29.57862133 -37.04776992 2.14784979e+01
83.79718973 29.41248529 -35.73095913 1.79735127e+01
84.08498330 29.46882058 -37.06757219 2.08539329e+01
84.37898044 29.22777988 -35.73022711 1.85781232e+01
84.25505926 29.37789682 -36.73257753 2.00090067e+01
84.45952300 29.23827518 -36.05308246 1.79820053e+01
84.37126433 29.34040986 -36.72490545 1.99102534e+01
84.57530255 29.20039812 -36.03773162 1.64987931e+01
84.55066362 29.31889786 -37.03785900 1.71320239e+01
84.69100101 29.16243224 -36.01870715 1.57257495e+01
84.48734182 29.30272252 -36.71334555 1.79334048e+01
84.80666975 29.12449836 -35.99622779 1.54251234e+01
84.60331640 29.26489437 -36.69855463 1.65123895e+01
84.78296005 29.24326268 -37.00225679 1.58369178e+01
84.46222923 29.42116258 -37.71124763 1.87028415e+01
84.66682351 29.28105652 -37.02176809 1.62249114e+01
84.31013647 29.50687348 -38.05356294 2.15436022e+01
84.43443059 29.35666918 -37.05068558 1.90907969e+01
84.31808865 29.39428533 -37.05997155 2.08645135e+01
84.34362384 29.27597187 -36.06471007 1.92260545e+01
84.07666594 29.58130283 -38.05907310 2.35731811e+01
84.20161162 29.43168273 -37.06564989 2.06329365e+01
83.78866432 29.52508017 -36.72273851 2.23678379e+01
83.87840753 29.42390075 -36.06868486 1.81494161e+01
83.64381167 29.67992960 -37.69836873 1.84383360e+01
83.90549979 29.48870597 -36.73173844 2.17516160e+01
83.55460066 29.59716861 -36.68898448 1.88759788e+01
83.49084513 29.76399433 -38.00636369 1.67892620e+01
83.77140436 29.75039376 -38.70662661 1.84641004e+01
83.76111415 29.64358830 -37.71250707 2.04321694e+01
83.85285926 29.76158902 -39.04354246 1.89531307e+01
83.87830484 29.60707665 -37.72188583 2.25692874e+01
83.84265756 29.65484888 -38.05039719 2.12686333e+01
83.96819746 29.50568119 -37.06529353 2.24047190e+01
84.34570364 29.45875975 -37.72044853 2.09647314e+01
84.11400391 29.75256383 -39.73086893 2.03947210e+01
84.42668755 29.46937383 -38.04594447 1.91690766e+01
84.08666833 29.68798540 -39.05065438 2.20785315e+01
84.58852717 29.49072020 -38.69480835 1.72256349e+01
85.12564027 29.24573086 -37.94180000 1.62099942e+01
84.57866248 29.38344967 -37.69905200 1.70482565e+01
84.83514776 29.18926705 -36.65861058 1.56311077e+01
85.40604841 29.23732654 -38.56446036 1.70093742e+01
85.48811964 29.25215908 -38.89186174 1.73064989e+01
85.18351357 29.07808317 -36.58055345 1.60617797e+01
85.16120109 29.19734884 -37.59762039 1.61924281e+01
85.41714326 29.00794482 -36.52658816 1.71269184e+01
85.39567283 29.12727922 -37.54842896 1.69243032e+01
84.69504939 29.34573033 -37.68372514 1.63417976e+01
84.95111565 29.15173093 -36.63444993 1.56160524e+01
84.92787431 29.27072389 -37.64496430 1.59382012e+01
85.01539209 29.16836261 -36.95575203 1.57820343e+01
84.71923657 29.22704020 -36.67985464 1.58752927e+01
84.65955035 29.39411616 -38.02170469 1.65744373e+01
85.06721154 29.11460431 -36.60794413 1.57647129e+01
85.13182978 29.13160294 -36.92943742 1.59874081e+01
85.62201418 28.87617707 -35.81314477 1.94137888e+01
85.48311760 29.02696576 -36.85301127 1.74513084e+01
86.10033668 28.77431341 -35.86357434 2.19698888e+01
85.75115276 29.03344157 -37.50564215 1.87544194e+01
85.63204713 29.06279592 -37.51161604 1.80907660e+01
85.53468914 28.97497992 -36.50412757 1.79274303e+01
85.71996586 28.96510108 -36.82529364 1.91171907e+01
85.65285090 28.94387547 -36.48955318 1.89077447e+01
86.07542826 29.00387123 -37.87740966 1.94011794e+01
86.08036825 28.89025850 -36.86774263 2.03274947e+01
85.95957561 28.91259973 -36.84036423 2.03974614e+01
85.89128707 28.88866972 -36.49215545 2.08078220e+01
86.31851700 28.96480445 -37.94533090 1.89682567e+01
86.20170707 28.87043820 -36.90436685 1.97735321e+01
86.11242656 28.95986086 -37.54937889 1.96198839e+01
85.84488332 29.16334470 -38.86720915 1.85147547e+01
86.00172234 29.09293007 -38.53998254 1.89990141e+01
86.24400537 29.05047792 -38.59115505 1.90162691e+01
86.47810711 28.90653058 -37.67316167 1.86412439e+01
86.23396749 28.94015778 -37.58452921 1.93163634e+01
86.48778077 29.01562284 -38.66523716 1.87341868e+01
86.60053318 28.89198640 -37.72170083 1.84522455e+01
86.61002289 29.00036647 -38.70629692 1.86422273e+01
86.84580149 28.86608811 -37.82081042 1.35339076e+01
86.81280103 28.79739811 -37.16366075 1.42935243e+01
86.68536243 28.91890147 -38.08093948 1.84393686e+01
87.17617919 28.87071353 -38.25847898 1.42075532e+01
87.33708227 28.82141629 -37.99468301 1.44335909e+01
87.59105016 28.90366153 -38.99261764 1.54029524e+01
87.58280296 28.80043054 -38.06177709 1.50167810e+01
87.10951334 28.73523489 -36.97090991 1.36100639e+01
87.18082819 28.76453654 -37.31447048 1.38674179e+01
87.29898634 28.85977188 -38.29642519 1.44669919e+01
87.45994466 28.81088603 -38.03011929 1.47149219e+01
86.95379530 28.67722430 -36.26639995 1.31117368e+01
87.35897273 28.60990210 -36.12751104 1.37818299e+01
86.72311387 28.87859402 -37.77148092 1.83567191e+01
86.98699052 28.74570031 -36.91952520 1.33966513e+01
86.74208253 28.76815122 -36.80892505 1.73743668e+01
86.70915330 28.69895109 -36.14490895 1.79114206e+01
86.56779985 28.82264644 -37.05401631 1.83555636e+01
86.49755359 28.79398231 -36.69416747 1.84728979e+01
86.32345507 28.85276693 -36.94923941 1.91308017e+01
86.25381085 28.82537605 -36.58872432 1.97381535e+01
86.44551516 28.83695229 -37.00029051 1.86466187e+01
86.50237080 28.68343567 -35.71053614 1.82802833e+01
86.86918422 28.64863578 -35.90494108 1.28945870e+01
86.69024372 28.80954411 -37.10919075 1.82015436e+01
86.74681898 28.65935432 -35.84108798 1.78067935e+01
86.61975006 28.78051575 -36.75096479 1.82092096e+01
86.62453246 28.67085123 -35.77609970 1.79570950e+01
86.49276358 28.57459520 -34.65331277 1.80212367e+01
86.33321804 28.62924656 -34.92173352 1.91372738e+01
86.25866477 28.71310367 -35.59019149 2.01849812e+01
86.69982579 28.59132355 -35.14099609 1.76259001e+01
86.61509363 28.56273400 -34.73465797 1.76583656e+01
86.37060793 28.58787236 -34.57509984 1.87847710e+01
86.38038754 28.69739264 -35.64797793 1.89071720e+01
87.43496712 28.53450631 -35.52822506 1.37297352e+01
87.19859711 28.65738462 -36.37625033 1.35553176e+01
87.31242543 28.54352836 -35.47522927 1.34603896e+01
87.07618759 28.66716676 -36.32313731 1.33207280e+01
87.60385489 28.59106597 -36.21229066 1.43577525e+01
87.48142235 28.60051478 -36.17213273 1.40584645e+01
87.18987179 28.55253496 -35.41677144 1.32022112e+01
87.10522483 28.52351238 -35.04443537 1.29324846e+01
87.06732009 28.56167269 -35.35356921 1.29714655e+01
86.98263287 28.53257727 -34.97213243 1.27132571e+01
87.23205610 28.72506349 -37.01881780 1.38532430e+01
87.23651268 28.61929455 -36.07802521 1.35234503e+01
86.86450520 28.75660630 -36.86501999 1.32190741e+01
86.93543244 28.78595543 -37.21662300 1.34282934e+01
87.30355530 28.75425553 -37.35824626 1.41258439e+01
87.32101375 28.64778295 -36.42524077 1.38123128e+01
87.81055333 28.60922884 -36.57516870 1.50657894e+01
87.59968204 28.69518718 -37.13838672 1.46974123e+01
88.33816347 28.53386208 -36.35218570 1.75660409e+01
88.08968031 28.65529207 -37.23838110 1.63061506e+01
87.72626527 28.58150636 -36.24713946 1.46928199e+01
87.54900393 28.73397294 -37.43394775 1.46964095e+01
87.80246603 28.50679111 -35.65261132 1.47130131e+01
87.68819638 28.61897616 -36.54497703 1.47037574e+01
87.67999131 28.51617514 -35.61792868 1.43488553e+01
87.59555861 28.48798899 -35.27932735 1.40037757e+01
87.96308083 28.46011175 -35.38447201 1.51832147e+01
87.93289514 28.59944504 -36.60121043 1.54856925e+01
87.92491985 28.49730646 -35.68188745 1.51470158e+01
87.84059594 28.46952426 -35.35573890 1.47206469e+01
88.41471433 28.46029057 -35.75065293 1.84522592e+01
88.17756530 28.58008000 -36.64005549 1.65904752e+01
88.65977990 28.44434238 -35.75999180 2.34321669e+01
88.57557189 28.41549303 -35.45500933 2.14059810e+01
88.29224204 28.46912739 -35.74034446 1.72378442e+01
88.20802274 28.44133702 -35.42648080 1.65108940e+01
88.82081313 28.40137184 -35.45646284 2.77109255e+01
88.82814742 28.50310688 -36.36585512 2.63786871e+01
88.40791073 28.66502476 -37.57262242 1.82002238e+01
88.42230448 28.56186928 -36.66164078 1.83430751e+01
88.89938120 28.63576721 -37.57732795 2.41475327e+01
88.91230468 28.53303367 -36.66723240 2.74686968e+01
88.65354432 28.64884895 -37.57911018 2.04619491e+01
88.78973529 28.53912948 -36.66959075 2.47139761e+01
88.57988332 28.61934595 -37.27477009 1.97210583e+01
88.66720925 28.54597042 -36.66952277 2.16293716e+01
88.93505053 28.70224149 -38.18285430 2.31406137e+01
88.94801799 28.59947725 -37.27267871 2.59305333e+01
88.56580432 28.72236176 -38.18494751 1.93324513e+01
88.70254792 28.61195259 -37.27608138 2.13031463e+01
88.28516651 28.67409692 -37.56433707 1.74036070e+01
88.29991924 28.57075460 -36.65281889 1.73533144e+01
87.95132579 28.76926182 -38.13443875 1.60945851e+01
88.03977002 28.69351438 -37.53648699 1.62189130e+01
87.82849084 28.77959397 -38.11406266 1.57004257e+01
87.91708964 28.70356587 -37.51678905 1.57644099e+01
87.79022973 28.81724539 -38.41441549 1.57081519e+01
87.79440612 28.71369973 -37.49341826 1.53696550e+01
87.70565163 28.78999938 -38.08984245 1.53430554e+01
87.67171241 28.72384983 -37.46589782 1.50171208e+01
87.71377349 28.89280361 -39.01632603 1.57264050e+01
87.66742794 28.82779042 -38.39016069 1.53612879e+01
88.44282723 28.73065101 -38.18173238 1.84329347e+01
88.53070123 28.65657027 -37.57729673 1.91944674e+01
88.69620049 28.81648782 -39.09539858 2.01237628e+01
88.77643976 28.64191951 -37.57925898 2.21419412e+01
88.81192153 28.70816118 -38.18513551 2.17207696e+01
88.65766576 28.85275282 -39.39891925 1.98488301e+01
88.68883672 28.71485457 -38.18562730 2.04211812e+01
88.77332825 28.74419638 -38.48847503 2.11168796e+01
88.89641922 28.73805502 -38.48702016 2.23240731e+01
88.81921218 28.80987107 -39.09436080 2.10318983e+01
89.01954754 28.73263137 -38.48345665 2.34616206e+01
89.02235897 28.63031561 -37.57359353 2.61281833e+01
88.57324316 28.82394842 -39.09523744 1.92913012e+01
88.52729690 28.75890572 -38.48772629 1.90604408e+01
88.41190070 28.86903418 -39.39542558 1.84287368e+01
88.20096011 28.95355245 -40.02824830 1.76519717e+01
88.28910438 28.87829720 -39.38966224 1.78419006e+01
88.28148336 28.77663760 -38.47649375 1.75806205e+01
88.16635503 28.88814253 -39.38104466 1.73271544e+01
88.08195203 28.86098240 -39.06812687 1.68871465e+01
88.04363984 28.89842478 -39.36961269 1.68721062e+01
88.03582818 28.79644657 -38.45196266 1.65174808e+01
87.95921758 28.87140240 -39.05390190 1.64620507e+01
87.91302738 28.80677529 -38.43489218 1.60900082e+01
87.70955212 28.99676073 -39.97349467 1.60891397e+01
87.92094545 28.90900985 -39.35536633 1.64647759e+01
87.67558083 28.93073174 -39.31807557 1.57489340e+01
87.79826162 28.91980134 -39.33830175 1.60921430e+01
88.43216796 29.03776884 -41.07447666 1.88726994e+01
88.44687018 28.93457217 -40.03959057 1.86967608e+01
87.46390719 29.01955482 -39.92974651 1.54676683e+01
87.65884306 29.03601668 -40.30617692 1.61001178e+01
88.53475318 28.86048570 -39.39833841 1.90984328e+01
88.27409104 28.98173531 -40.37217878 1.80571103e+01
88.32388795 28.94373267 -40.03525210 1.81454433e+01
88.89049821 28.94248741 -40.37781358 2.09916438e+01
89.02671104 28.83449833 -39.39286440 2.21948823e+01
88.76709926 28.94860701 -40.37998651 2.03688045e+01
88.78063583 28.84587761 -39.39797367 2.06614032e+01
88.64375280 28.95559389 -40.38087937 1.97349674e+01
88.67906164 29.02154631 -41.07670730 1.99335861e+01
89.01393698 28.93713109 -40.37459414 2.15411132e+01
87.90065705 29.11682220 -41.39924150 1.71864629e+01
88.52046839 28.96348446 -40.38020909 1.91275939e+01
88.39724901 28.97223240 -40.37746293 1.85671394e+01
88.92619674 29.00894702 -41.07336671 2.10240062e+01
88.80260416 29.01481637 -41.07568602 2.04999304e+01
89.06264312 28.90115178 -40.03403092 2.18836684e+01
88.02381576 29.10555224 -41.41051316 1.75584055e+01
88.76384112 29.05084367 -41.43295949 2.03674762e+01
88.88739544 29.04472587 -41.43130143 2.08692896e+01
89.13461488 29.03470298 -41.42542257 2.16982456e+01
88.18553485 29.05724141 -41.06392958 1.79439480e+01
88.31636302 29.14881358 -42.14238085 1.87587456e+01
87.93909229 29.07894495 -41.04352331 1.71555346e+01
87.94692408 29.18117867 -42.12259128 1.75913975e+01
88.30882159 29.04715590 -41.07035651 1.83909325e+01
88.03156631 29.20760870 -42.48750432 1.79866689e+01
87.57779729 29.21719071 -42.08735190 1.65898249e+01
87.81591289 29.09032754 -41.02967371 1.67963325e+01
87.53953664 29.25586660 -42.44705968 1.66411261e+01
87.65440559 29.14024767 -41.37078051 1.65034403e+01
87.95521887 28.97460146 -40.00625855 1.68065711e+01
87.77752290 29.12840994 -41.38600928 1.68330683e+01
88.06229612 29.06788297 -41.05505154 1.75396299e+01
88.07807496 28.96388900 -40.01862668 1.72084906e+01
87.78185658 29.02461803 -40.32465560 1.64343890e+01
87.69275003 29.10196026 -41.01367342 1.64621816e+01
88.14700829 29.09468698 -41.41945518 1.79489545e+01
88.15098540 28.99186047 -40.36434451 1.75978484e+01
86.85018320 29.08149721 -39.77777765 1.42074924e+01
86.46338768 29.24012285 -40.74759433 1.90199162e+01
87.32334177 29.13817645 -40.95101331 1.55457822e+01
87.55289862 28.94176201 -39.29489510 1.54324393e+01
86.79344150 29.23252200 -41.20807640 1.71100249e+01
86.55783578 29.37369784 -42.30667574 1.93609309e+01
87.20889386 29.25590914 -42.03669330 1.57073489e+01
87.40821725 29.16462623 -41.33335755 1.58850686e+01
86.95421620 29.17750913 -40.86934378 1.47661225e+01
86.80266614 29.33994694 -42.34567443 1.61432652e+01
86.70851361 29.20686990 -40.80828689 1.91090031e+01
86.47313759 29.34946715 -41.90710775 1.92259398e+01
87.45479838 29.22975607 -42.07200664 1.62854522e+01
87.56959848 29.11379785 -40.99517757 1.61396431e+01
85.95017609 29.48089320 -42.23934454 1.86958152e+01
85.84031340 29.61834917 -43.42214027 1.87270346e+01
86.54821766 29.26481051 -41.15213696 1.91144811e+01
86.31381342 29.41206370 -42.26930778 1.91629296e+01
86.67075107 29.24815416 -41.18013788 1.91720068e+01
86.43569965 29.39221951 -42.28698916 1.92669478e+01
86.36090083 29.14418343 -39.63909600 1.88845006e+01
86.35109639 29.36863921 -41.88580708 1.91364947e+01
86.23914985 29.16323539 -39.60976095 1.88963361e+01
86.30380356 29.30189720 -41.10031146 1.89943610e+01
86.43082405 29.17095824 -40.00569286 1.88972000e+01
86.21921492 29.27875909 -40.69518490 1.89071721e+01
86.60520153 29.11059197 -39.70695795 1.88349531e+01
86.58585923 29.22292504 -40.77760394 1.90559131e+01
86.36575015 29.03222989 -38.62564629 1.88725327e+01
86.11775880 29.18407788 -39.58592636 1.88467427e+01
86.55315570 29.15399748 -40.03920925 1.88962803e+01
86.45032096 29.05742447 -38.98304511 1.87808504e+01
86.48294151 29.12672254 -39.67184078 1.88537380e+01
86.57243821 29.04151978 -39.02178153 1.87057422e+01
86.72762916 29.09558225 -39.74226658 1.88430411e+01
86.73242444 28.98623912 -38.74790313 1.86020432e+01
87.28515607 29.17723687 -41.31157104 1.55962451e+01
87.28985366 29.07130357 -40.23464297 1.52019966e+01
87.44646027 29.12585420 -40.97411282 1.58366050e+01
87.53130209 29.15230815 -41.35305415 1.61856994e+01
86.97282909 29.06815424 -39.81206551 1.44171062e+01
87.04398006 29.09631342 -40.17494412 1.46791885e+01
87.46832367 28.91460396 -38.96587115 1.50996229e+01
87.53583509 29.04757393 -40.28492883 1.57831871e+01
87.34109745 29.03122398 -39.90392830 1.51773067e+01
87.41283664 29.05932081 -40.26105392 1.54873982e+01
86.93966893 29.00005509 -39.13748715 1.41178285e+01
86.93064747 28.89362439 -38.17369295 1.37570493e+01
87.34559958 28.92567866 -38.93592851 1.48146743e+01
87.43021722 28.95291104 -39.26882900 1.51323584e+01
86.85493923 28.97299809 -38.78942777 1.38795993e+01
86.80796195 28.90588698 -38.12836489 1.50968588e+01
86.79834504 29.12348592 -40.10820165 1.71739502e+01
86.81715308 29.01304281 -39.09950745 1.53310624e+01
86.67567650 29.13823110 -40.07350165 1.89156688e+01
86.69473010 29.02679417 -39.06023826 1.86728330e+01
86.20686542 29.09378949 -38.91678362 1.89622055e+01
86.19676722 28.98330368 -37.90815455 1.92424324e+01
85.95462013 29.02681650 -37.85519268 1.93054653e+01
85.76164327 29.14450973 -38.52594971 1.83218750e+01
85.83441844 29.05220353 -37.84598228 1.89418877e+01
85.64253883 29.17362738 -38.53289585 1.78592263e+01
85.88137953 29.11757888 -38.52842631 1.87292283e+01
85.63733241 29.28837399 -39.56874037 1.77815590e+01
86.08568412 29.11475047 -38.89179928 1.89562841e+01
85.99682671 29.20697511 -39.56959570 1.87006043e+01
85.96500221 29.13791922 -38.87442090 1.88079742e+01
85.82438625 29.28139779 -39.91316578 1.82967940e+01
85.72537118 29.19098664 -38.86751475 1.81262622e+01
85.40041772 29.35182227 -39.59810001 1.71410318e+01
85.60646769 29.22068855 -38.87788625 1.77062070e+01
85.34843777 29.40418925 -39.95950649 1.71046359e+01
85.26036712 29.50467046 -40.71636525 1.71165666e+01
84.75451346 29.69593315 -41.16336222 1.70889007e+01
85.17138483 29.30646103 -38.60720421 1.64466574e+01
84.99578760 29.50946211 -40.01350906 1.66828659e+01
85.13579274 29.35469029 -38.95068962 1.64835111e+01
84.41107377 29.69463285 -40.07220662 1.85577477e+01
85.28853616 29.27136986 -38.58618884 1.66857511e+01
85.23058509 29.43839211 -39.97767423 1.68945934e+01
84.43655165 29.57636138 -39.03962238 1.86885488e+01
84.29411827 29.73195282 -40.07731527 1.96753411e+01
85.00892195 29.28219510 -37.96474000 1.60679107e+01
85.05452947 29.34240806 -38.62860047 1.63021807e+01
84.89237857 29.31919097 -37.98621128 1.60504802e+01
85.01898243 29.39071331 -38.97088794 1.63756544e+01
84.77594465 29.35655441 -38.00479525 1.61928931e+01
84.93787930 29.37896737 -38.64827445 1.62641306e+01
84.55301009 29.53895627 -39.03051324 1.74676804e+01
84.70494018 29.45327508 -38.68196792 1.66439564e+01
84.35558206 29.56563774 -38.71317893 2.05196742e+01
84.23089075 29.71544127 -39.72942835 2.06921581e+01
84.23898207 29.60294814 -38.71816266 2.24597172e+01
84.19346660 29.54419321 -38.05795846 2.29455281e+01
83.88846969 29.71379036 -38.71468759 2.01889201e+01
83.96981849 29.72486759 -39.04872222 2.05751991e+01
83.65425043 29.78688515 -38.69518881 1.74085282e+01
83.60818889 29.72768750 -38.02537497 1.76701915e+01
84.20340160 29.65092629 -39.04979436 2.22361831e+01
84.12226544 29.64008296 -38.72011366 2.30474686e+01
83.61867918 29.83470808 -39.02303296 1.69920284e+01
83.53703651 29.82333415 -38.67936331 1.66754476e+01
84.46439617 29.64086679 -39.71913145 1.81993967e+01
84.09725491 29.97759444 -41.95321159 1.76775461e+01
84.47208992 29.52821122 -38.70550234 1.84087993e+01
84.34768184 29.67819364 -39.72549714 1.96567263e+01
84.69771050 29.56625251 -39.69945592 1.69122691e+01
84.32174872 29.79647379 -40.80736223 1.86851566e+01
84.52797473 29.65728717 -40.06489292 1.76784788e+01
84.66943074 29.50156491 -39.01902297 1.68365991e+01
84.58105969 29.60352274 -39.71039475 1.73805296e+01
84.78586576 29.46431151 -39.00518004 1.65088816e+01
84.76174171 29.58282650 -40.04346387 1.68528329e+01
84.82137124 29.41597665 -38.66598692 1.63610513e+01
84.93116849 29.49240173 -39.67084233 1.65701573e+01
84.90236043 29.42730559 -38.98849518 1.63746753e+01
85.02489843 29.57494809 -40.74848863 1.68935926e+01
84.33163957 29.90331177 -41.95088273 1.79362533e+01
84.63737169 29.73289064 -41.17277003 1.72956985e+01
84.43889725 29.75918288 -40.80253625 1.80681708e+01
84.64484731 29.61997835 -40.05512280 1.71554750e+01
84.40314560 29.80726074 -41.18587373 1.80614261e+01
84.08725133 29.87089145 -40.81058555 1.83861273e+01
84.17708041 29.76918041 -40.07996219 1.98309986e+01
83.96988539 29.90797676 -40.80869982 1.78723023e+01
83.87993054 29.82640078 -39.72559842 1.82610543e+01
84.05148291 29.91883041 -41.19113950 1.79667237e+01
84.05995188 29.80629527 -40.08012454 1.90955419e+01
83.58178689 30.06711367 -41.16750379 1.62551197e+01
83.59064015 29.95388019 -40.05282774 1.64644974e+01
83.82542233 29.88018324 -40.07235569 1.75913797e+01
83.74529692 30.08889546 -41.94356137 1.66233373e+01
83.76276320 29.86316018 -39.71860069 1.74613092e+01
83.51061386 30.16351485 -41.92731053 1.60081873e+01
83.86265224 30.05177608 -41.94875082 1.69792809e+01
83.73495771 29.98199205 -40.79755188 1.68405276e+01
84.79026646 29.64775963 -40.77568026 1.69847210e+01
84.55600836 29.72190756 -40.79557829 1.75470446e+01
84.87870115 29.54593664 -40.02939707 1.67052630e+01
84.81439666 29.52917123 -39.68624304 1.66708366e+01
84.53012639 29.87714456 -42.32632067 1.75437447e+01
84.90750734 29.61111572 -40.76325449 1.68922422e+01
84.44876428 29.86616652 -41.94750540 1.77569340e+01
84.52026294 29.77003331 -41.18014646 1.76224136e+01
85.11677230 29.69621628 -42.28777026 1.73451374e+01
85.22445049 29.55256406 -41.11089532 1.71617978e+01
85.93973414 29.36975718 -41.05667462 1.85653534e+01
85.47147177 29.59597654 -42.25649054 1.78191108e+01
84.88170199 29.76724539 -42.30659313 1.72486529e+01
84.98909456 29.62306290 -41.13967932 1.69774527e+01
84.99913254 29.73141348 -42.29808921 1.72697046e+01
85.14249659 29.53940601 -40.73300261 1.69721471e+01
85.37857326 29.47092852 -40.69965526 1.73138812e+01
85.46667460 29.37112926 -39.94169025 1.73625076e+01
85.61624188 29.40727276 -40.67160826 1.78259811e+01
85.51862205 29.31931864 -39.58144223 1.74400007e+01
85.11306129 29.47355724 -39.99628970 1.67469534e+01
85.04809169 29.45610775 -39.65377540 1.65942658e+01
85.85589961 29.35009720 -40.66100320 1.83779121e+01
85.75658480 29.25918978 -39.56112197 1.81352542e+01
86.06561208 29.23131784 -39.92928441 1.87589269e+01
85.73580538 29.37777543 -40.66394140 1.81095129e+01
85.94473336 29.25531970 -39.91720996 1.85616798e+01
85.87642208 29.23202517 -39.56081800 1.84525281e+01
85.57998874 29.45432965 -41.06874469 1.78063397e+01
85.70460785 29.30952037 -39.91735720 1.79917250e+01
85.49717564 29.43838186 -40.68483734 1.75553469e+01
85.58538494 29.33951039 -39.92745289 1.76652419e+01
85.82980558 29.50724388 -42.23874410 1.84838388e+01
86.09764429 29.30058829 -40.67731739 1.87955596e+01
85.98693131 29.43546172 -41.84632474 1.87053829e+01
86.18203564 29.32270000 -41.08022594 1.88995359e+01
86.06065769 29.34527813 -41.06564788 1.87580807e+01
85.97652325 29.32435638 -40.66522916 1.86119455e+01
85.70990645 29.53529401 -42.24108277 1.82592601e+01
85.81930444 29.39614021 -41.05554360 1.83311276e+01
85.62673287 29.51797376 -41.85210772 1.80232884e+01
85.69939560 29.42438742 -41.05947995 1.80687808e+01
85.59046517 29.56490904 -42.24840880 1.80334561e+01
85.50760882 29.54869312 -41.86160428 1.77941543e+01
85.99734804 29.54656890 -43.02928761 1.88977590e+01
86.07099183 29.45626155 -42.24499484 1.88810786e+01
85.69936804 29.76444746 -44.60656560 1.88652254e+01
85.63185782 29.74316084 -44.21362654 1.86014476e+01
86.19222176 29.43335142 -42.25606022 1.90367909e+01
86.10792958 29.41147863 -41.85576344 1.88843388e+01
85.60094590 29.67548988 -43.42805023 1.83241669e+01
84.98552981 29.95795598 -44.61441931 1.79297633e+01
84.89167073 29.87521384 -43.46141295 1.75186680e+01
85.81960568 29.73633883 -44.60547029 1.90501424e+01
85.15265244 29.64833331 -41.89625308 1.72782892e+01
85.12690200 29.80499588 -43.45114916 1.76736647e+01
85.03496296 29.68343630 -41.90817575 1.71938305e+01
85.04503161 29.79192670 -43.06828775 1.75002757e+01
84.91749375 29.71920386 -41.91865515 1.71669293e+01
84.65712611 29.94758224 -43.46937966 1.75056041e+01
84.80019214 29.75549456 -41.92793680 1.72080411e+01
84.87173678 29.65927955 -41.15231686 1.69886340e+01
84.67311620 29.68472975 -40.78681270 1.71939093e+01
84.57573940 29.93627486 -43.08925285 1.75211964e+01
84.76442406 29.80356237 -42.31465465 1.72870852e+01
84.68300093 29.79216182 -41.93603741 1.73235553e+01
84.41301786 29.91419162 -42.33029563 1.77084521e+01
83.95436785 30.16937215 -43.47564096 1.69502145e+01
84.28598913 29.84449971 -41.18958100 1.83779239e+01
84.20453832 29.83372180 -40.81006788 1.87674608e+01
84.18867804 30.09515711 -43.47680829 1.73814926e+01
84.17872660 29.98842422 -42.33412616 1.76791323e+01
83.93412350 29.95589859 -41.18877833 1.75201289e+01
83.85244796 29.94499535 -40.80450905 1.73361060e+01
83.69925047 30.02998018 -41.17692234 1.66301252e+01
83.61743967 30.01902708 -40.78802718 1.64102500e+01
83.59234118 30.17427492 -42.31713345 1.61959643e+01
83.52128903 30.27085120 -43.07941662 1.65695438e+01
83.62966675 30.34650982 -44.23406113 1.63070407e+01
83.87284959 30.15856478 -43.09292972 1.68052253e+01
83.62793808 30.12611159 -41.93670038 1.62977388e+01
83.63842827 30.23320539 -43.08544212 1.62777223e+01
83.80955222 30.32549554 -44.61831991 1.66470352e+01
83.99006508 30.12141356 -43.09502952 1.70772355e+01
83.98154350 30.23404123 -44.23801419 1.69453727e+01
84.07153629 30.13224380 -43.47663916 1.71866604e+01
84.04455941 30.25067511 -44.61918413 1.70428621e+01
84.10725391 30.08430402 -43.09584799 1.73240509e+01
84.09886521 30.19683214 -44.23842054 1.71491009e+01
84.22440789 30.04721656 -43.09574905 1.75101064e+01
84.29589201 29.95130261 -42.33283813 1.77768058e+01
84.21447470 29.94046623 -41.95290415 1.79040771e+01
84.64724804 29.84023465 -42.32099842 1.73887760e+01
84.56587341 29.82908921 -41.94229922 1.75158092e+01
84.63215386 30.06566660 -44.61763195 1.76680829e+01
84.80293058 29.97613665 -44.23252466 1.76685613e+01
84.45076419 30.08568212 -44.23713429 1.75367537e+01
84.77433741 29.91119465 -43.46592364 1.74954313e+01
84.86757861 29.99335485 -44.61581401 1.78277214e+01
84.27957167 30.17629094 -44.61917892 1.73806144e+01
84.33347061 30.12264076 -44.23797925 1.74550472e+01
84.21617377 30.15969754 -44.23841533 1.73243337e+01
84.30579264 30.05811095 -43.47615643 1.75061484e+01
84.16206849 30.21343693 -44.61923641 1.72247378e+01
83.74691891 30.30882063 -44.23593905 1.65145813e+01
83.92704659 30.28801054 -44.61883006 1.68468378e+01
83.86421903 30.27134940 -44.23714997 1.67298358e+01
83.69209972 30.36318491 -44.61761914 1.64503573e+01
84.51459050 30.10234809 -44.61833396 1.75935999e+01
84.56808468 30.04889431 -44.23596591 1.75836633e+01
84.74980114 30.02929676 -44.61671065 1.77423159e+01
84.68545581 30.01233545 -44.23434261 1.76209167e+01
85.10371082 29.92325213 -44.61344018 1.80497597e+01
85.34092262 29.85641979 -44.61023510 1.83403275e+01
85.46002687 29.82454051 -44.60866177 1.85062653e+01
85.03835587 29.90524731 -44.22785950 1.78295615e+01
85.39341984 29.80475553 -44.21889688 1.82438334e+01
85.57950182 29.79384806 -44.60706094 1.86825571e+01
85.51243791 29.77331110 -44.21572271 1.84175009e+01
85.22215790 29.88935302 -44.61159378 1.81870778e+01
85.15640930 29.87083600 -44.22503397 1.79467219e+01
85.28087924 29.72345732 -43.05342225 1.77318537e+01
85.27474650 29.83728324 -44.22182889 1.80856641e+01
85.87185809 29.68683281 -44.21135668 1.89824559e+01
85.87687610 29.57236754 -43.02794527 1.87010317e+01
85.94022808 29.70962650 -44.60588639 1.92334218e+01
85.96062627 29.59203102 -43.42337906 1.89220468e+01
86.11338099 29.63616385 -44.21345992 1.93443609e+01
86.08133526 29.56724704 -43.42525486 1.91027900e+01
86.20241708 29.54400531 -43.43189678 1.92651671e+01
86.11822426 29.52237105 -43.03398189 1.90746771e+01
86.06120114 29.68426103 -44.60621738 1.94117731e+01
85.99244304 29.66080185 -44.21210377 1.91680202e+01
85.75165975 29.71429785 -44.21203589 1.87918666e+01
86.23467027 29.61299260 -44.21695238 1.95080870e+01
86.35624972 29.59112292 -44.22127142 1.96609483e+01
86.79301722 29.55879622 -44.62016022 1.82605750e+01
86.91568342 29.54158156 -44.62313174 1.62136841e+01
87.09008110 29.48287705 -44.25391388 1.63954708e+01
87.33567664 29.45312989 -44.26351948 1.69821930e+01
87.58150913 29.42537664 -44.27157962 1.75954129e+01
87.70449090 29.41212213 -44.27507242 1.79109904e+01
87.53049191 29.46583581 -44.63484153 1.77101187e+01
87.65364096 29.45222812 -44.63673809 1.80240878e+01
87.70885525 29.30785431 -43.18806060 1.73896169e+01
87.46310838 29.33366582 -43.16995038 1.67637182e+01
87.45856839 29.43903097 -44.26778360 1.72855443e+01
87.40739186 29.47988984 -44.63294207 1.74000327e+01
87.16136838 29.50948307 -44.62831626 1.67963453e+01
87.41659461 29.26871339 -42.43333114 1.63364642e+01
87.03847292 29.52516778 -44.62559763 1.65019869e+01
87.30218884 29.38658598 -43.52452075 1.65371330e+01
86.84485091 29.51526969 -44.24329196 1.58350666e+01
86.72242359 29.53268219 -44.23770755 2.00764245e+01
86.47809377 29.57052133 -44.22626999 1.98038896e+01
86.56745471 29.48259021 -43.46117521 1.96621134e+01
86.44552160 29.50178903 -43.44928811 1.95401852e+01
86.81188210 29.44737886 -43.48331457 1.64944509e+01
86.72721865 29.42270705 -43.09480238 1.97061390e+01
86.36104756 29.47861738 -43.05313197 1.93645947e+01
86.71786888 29.31478541 -41.95155679 1.93888607e+01
86.48289099 29.45881560 -43.06664600 1.94837705e+01
86.84047635 29.29896775 -41.97404504 1.49316061e+01
86.68958526 29.46448819 -43.47232710 1.97809589e+01
87.17082149 29.29553762 -42.40152118 1.57601920e+01
86.68017008 29.35631814 -42.32627789 1.94520395e+01
86.59541086 29.33157232 -41.92939199 1.93067330e+01
86.42588249 29.28265401 -41.12528138 1.90596790e+01
86.34115202 29.25866430 -40.71966718 1.89815039e+01
87.07720451 29.16390360 -40.89835432 1.50063953e+01
86.92529102 29.32444354 -42.36514984 1.52298121e+01
87.08601236 29.26965188 -42.01694810 1.54354905e+01
86.96740729 29.49867839 -44.24872937 1.61120325e+01
87.29368490 29.28190719 -42.41801874 1.60438481e+01
87.21751347 29.36100201 -43.14785093 1.61752128e+01
86.96319818 29.28395809 -41.99582465 1.51778362e+01
86.84963091 29.40615146 -43.10890772 1.53631126e+01
87.09480103 29.37540818 -43.13559176 1.58954087e+01
87.04801610 29.30967424 -42.38370369 1.54901256e+01
87.34028792 29.34711962 -43.15951645 1.64651775e+01
87.42494454 29.37280884 -43.53335671 1.68366386e+01
87.66250613 29.24333660 -42.45955424 1.69563976e+01
87.58596637 29.32059103 -43.17954916 1.70716519e+01
87.05685721 29.41566318 -43.50491713 1.59658980e+01
86.97216519 29.39041467 -43.12235425 1.56238853e+01
87.91634269 29.32149962 -43.55976640 1.81183179e+01
87.77683103 29.43902232 -44.63833433 1.83438644e+01
88.15465969 29.19652972 -42.49393558 1.83635158e+01
87.82751030 29.39925227 -44.27800764 1.82384143e+01
87.90851545 29.21915804 -42.47948648 1.76286241e+01
87.83177288 29.29544649 -43.19530812 1.77205607e+01
88.77109922 29.15250027 -42.50335851 2.05236192e+01
88.32010880 29.35300662 -44.28601951 1.96179983e+01
88.40102127 29.17629330 -42.50163737 1.91790248e+01
88.28533918 29.28774076 -43.57109937 1.91947871e+01
88.39354408 29.07468605 -41.43044355 1.88324392e+01
88.27780746 29.18604421 -42.49855214 1.87603283e+01
88.19316491 29.15902644 -42.13770799 1.83465476e+01
88.27024690 29.08435028 -41.42601109 1.83798311e+01
88.55558096 29.02920370 -41.07646281 1.93926303e+01
88.56296499 29.13078342 -42.14676456 1.96548713e+01
88.64034187 29.05786283 -41.43354918 1.98332575e+01
88.52430828 29.16740214 -42.50329432 1.96172270e+01
89.01099100 29.03939495 -41.42853576 2.13317974e+01
88.80984698 29.11649986 -42.14623017 2.06029740e+01
88.51690819 29.06582424 -41.43285800 1.93241410e+01
88.43962784 29.13936010 -42.14535466 1.91954292e+01
88.69366208 29.22477401 -43.21716166 2.03975604e+01
90.01312306 29.21000345 -43.56471807 2.35940791e+01
89.18051669 29.10123429 -42.13960746 2.17932911e+01
88.81706729 29.21818193 -43.21677153 2.08149799e+01
88.64766949 29.15946065 -42.50374990 2.00691535e+01
88.51718854 29.37196925 -44.64351411 2.04108509e+01
88.94052435 29.21249129 -43.21584610 2.12159538e+01
88.76460508 29.35680252 -44.64353187 2.11407991e+01
88.90175375 29.24820603 -43.57322212 2.11793276e+01
88.56685063 29.33459004 -44.28709298 2.03622683e+01
88.77833423 29.25415561 -43.57375450 2.07865709e+01
88.57032351 29.23236328 -43.21707696 1.99775634e+01
88.65497253 29.26105799 -43.57395897 2.03829653e+01
88.39360516 29.38114655 -44.64325015 2.00489553e+01
88.53168229 29.26898049 -43.57374284 1.99779564e+01
88.44706075 29.24095249 -43.21624291 1.95646531e+01
88.07771902 29.27184033 -43.20719659 1.84131220e+01
88.02334971 29.41397222 -44.64090923 1.90071211e+01
88.03928612 29.30966995 -43.56448488 1.84644985e+01
87.95472485 29.28341766 -43.20168781 1.80602328e+01
87.90006469 29.42624671 -44.63967330 1.86735165e+01
87.95057335 29.38682114 -44.28058253 1.85700620e+01
88.14669410 29.40228059 -44.64198094 1.93466178e+01
88.07368738 29.37489898 -44.28289016 1.89105397e+01
88.27010895 29.39129181 -44.64276936 1.96940824e+01
88.40847095 29.27790206 -43.57284319 1.95809813e+01
88.32387613 29.25047345 -43.21440895 1.91651057e+01
88.88841485 29.35077324 -44.64344106 2.14998745e+01
88.93753107 29.31463730 -44.28667322 2.14864312e+01
89.01226921 29.34560250 -44.64323216 2.18496917e+01
89.30856610 29.30156293 -44.28452295 2.24645449e+01
89.38396261 29.33339670 -44.64213757 2.27943472e+01
89.43460024 29.19549372 -43.20959117 2.24259125e+01
89.26005404 29.33710833 -44.64238539 2.24977465e+01
89.18487075 29.30544445 -44.28514613 2.21633358e+01
89.02521486 29.24306644 -43.57205794 2.15475780e+01
89.39572006 29.23076371 -43.56813002 2.24342266e+01
89.14870355 29.23856845 -43.57048422 2.18817775e+01
89.64273128 29.22325752 -43.56614376 2.28861408e+01
89.63176878 29.32602873 -44.64158132 2.33558797e+01
89.55813073 29.19175444 -43.20837576 2.26346522e+01
89.50786976 29.32976007 -44.64179817 2.30789726e+01
89.92863518 29.17917902 -43.20619664 2.32613095e+01
90.25092958 29.30197843 -44.64111183 2.48126523e+01
90.50654997 29.18619091 -43.56502836 2.36875740e+01
90.37466406 29.29579051 -44.64114615 2.51324462e+01
90.29770470 29.26548887 -44.28225797 2.46652036e+01
90.00335421 29.31296616 -44.64114280 2.42035603e+01
89.87951723 29.31773432 -44.64128257 2.39139624e+01
89.92695717 29.28177855 -44.28242537 2.37859097e+01
89.75565342 29.32206025 -44.64136672 2.36330659e+01
90.79161632 29.23883772 -44.28302069 2.33548996e+01
91.11679725 29.25724804 -44.64191748 2.47404565e+01
90.99306114 29.26260995 -44.64169416 2.43176216e+01
91.28573688 29.21805629 -44.28440311 2.50924955e+01
91.53303651 29.21771921 -44.28520022 2.60334372e+01
91.73574880 29.26042150 -44.64273864 2.70116923e+01
91.61211550 29.25397178 -44.64267061 2.65402930e+01
91.65602259 29.11995732 -43.21223882 2.60490401e+01
91.24058853 29.25317022 -44.64206956 2.51742668e+01
91.73999821 29.15898268 -43.57053984 2.65689422e+01
91.65659896 29.22187440 -44.28540924 2.65186514e+01
91.24644199 29.15078652 -43.56823876 2.45446466e+01
91.03858191 29.22639307 -44.28361164 2.42016970e+01
90.99968809 29.15988948 -43.56686394 2.36177529e+01
90.86936989 29.26882745 -44.64158725 2.39036350e+01
90.91508180 29.23229001 -44.28328141 2.37727326e+01
90.66816135 29.24565224 -44.28275543 2.29487582e+01
90.79216524 29.13628553 -43.20745067 2.26544944e+01
90.42121755 29.25915524 -44.28237222 2.49860828e+01
90.54556688 29.14986566 -43.20644953 2.29310401e+01
90.49836509 29.28922170 -44.64122608 2.41383803e+01
90.54469991 29.25249280 -44.28254807 2.25527957e+01
90.62983326 29.17941418 -43.56540268 2.23339676e+01
90.75310563 29.17260112 -43.56583201 2.27464690e+01
90.90945427 29.02760395 -42.13257856 2.24626401e+01
91.03881577 29.12396795 -43.20870033 2.35475148e+01
91.11713710 29.05248834 -42.49253307 2.34656831e+01
91.28565458 29.11580774 -43.21033297 2.45031596e+01
91.16212949 29.22145564 -44.28398704 2.46408515e+01
91.48829984 29.25096476 -44.64252961 2.60737825e+01
91.53262981 29.11567709 -43.21181258 2.55271506e+01
91.36443544 29.25091102 -44.64233355 2.56180774e+01
91.36989811 29.14873781 -43.56902694 2.50311497e+01
91.16220609 29.11912398 -43.20943575 2.40155955e+01
91.24061261 29.04858651 -42.49360004 2.39659647e+01
91.61116380 29.04999598 -42.49611504 2.55661289e+01
91.49336722 29.14902310 -43.56968353 2.55307611e+01
91.52697071 29.01341908 -42.13770879 2.50311684e+01
91.40914481 29.11443516 -43.21117670 2.50069162e+01
91.35839063 28.94429922 -41.42013375 2.39870760e+01
91.02692775 28.91957907 -41.05833586 2.23644699e+01
90.66886888 29.14305729 -43.20689200 2.22321720e+01
90.90343891 28.92540571 -41.05715683 2.18655388e+01
90.50028731 29.08394987 -42.48887878 2.30780564e+01
90.74698858 29.07038955 -42.49005241 2.20749523e+01
90.66270351 29.04083631 -42.13097265 2.15700840e+01
90.87033930 29.06378750 -42.49082085 2.25246922e+01
90.25349667 29.09667778 -42.48827283 2.36073002e+01
90.38324307 29.19274740 -43.56475125 2.44719305e+01
89.67490841 29.08564499 -42.13196641 2.24916172e+01
90.12356594 29.00016430 -41.41199895 2.28253170e+01
89.80515452 29.18371751 -43.20674829 2.30389051e+01
90.29889364 29.16283605 -43.20585005 2.40698495e+01
90.37690776 29.09049165 -42.48847117 2.39069089e+01
90.17415678 29.27139673 -44.28225960 2.43579353e+01
90.29250870 29.06057177 -42.12955981 2.35300782e+01
90.13653111 29.20471531 -43.56463442 2.38666081e+01
90.13005162 29.10244032 -42.48830137 2.33278771e+01
90.05208811 29.17420503 -43.20595009 2.35071790e+01
90.25990428 29.19894528 -43.56458285 2.41594023e+01
90.17550813 29.16875033 -43.20581153 2.37756605e+01
89.88968391 29.21482702 -43.56505172 2.33420076e+01
89.80331266 29.28627983 -44.28264929 2.35191185e+01
89.51922987 29.22705963 -43.56697822 2.26663957e+01
89.43226509 29.29787935 -44.28393574 2.27425556e+01
89.51239906 29.12489486 -42.49221721 2.23756419e+01
89.31106591 29.19924682 -43.21102263 2.21896070e+01
89.92203414 29.07690815 -42.13012006 2.27943988e+01
89.76621803 29.21921785 -43.56548866 2.31080612e+01
89.42771854 29.09336902 -42.13524762 2.22298956e+01
89.27220844 29.23453226 -43.56921374 2.21761697e+01
89.14166854 29.13663688 -42.49795249 2.17102977e+01
89.06401805 29.20755360 -43.21416386 2.15853016e+01
89.30411541 29.09719589 -42.13741346 2.20444406e+01
89.18753536 29.20319802 -43.21241426 2.19113547e+01
89.75952616 29.11697146 -42.48978414 2.26890275e+01
89.68165084 29.18787125 -43.20740181 2.28335142e+01
89.55131839 29.08957111 -42.13342710 2.23623254e+01
89.75282334 29.01472338 -41.41408439 2.23171110e+01
89.38882058 29.12866271 -42.49401914 2.22047874e+01
89.38190548 29.02655944 -41.41990404 2.21066283e+01
89.26524088 29.13251004 -42.49587811 2.19887816e+01
89.29714833 28.99514267 -41.06379318 2.20639296e+01
89.79848251 29.08146241 -42.13091421 2.26315419e+01
90.00169899 28.90283745 -40.35530645 2.21840394e+01
89.79180013 28.97920571 -41.05507796 2.22557122e+01
89.92553485 28.87170954 -40.01630337 2.19843391e+01
90.04555857 29.07192857 -42.12969961 2.30093337e+01
90.16258754 28.96420269 -41.05321020 2.27455935e+01
90.16905065 29.06647701 -42.12949548 2.32444404e+01
90.24708444 28.99440939 -41.41199370 2.30774919e+01
90.41593304 29.05425777 -42.12984339 2.38291641e+01
90.61836113 28.87234275 -40.35663251 2.04204174e+01
90.65653877 28.93861457 -41.05507893 2.09332684e+01
90.74901518 28.76265871 -39.37410896 2.03458315e+01
89.91542432 28.97463589 -41.05405354 2.23640714e+01
90.00001364 29.00545189 -41.41234322 2.26010096e+01
89.66815403 28.98341689 -41.05653520 2.22042855e+01
89.75482320 28.91217254 -40.35739737 2.20281572e+01
89.62919555 29.01882945 -41.41554729 2.22427644e+01
89.63135294 28.91632040 -40.35918009 2.20700039e+01
89.04982605 29.00381505 -41.07014803 2.14887453e+01
89.26088694 28.92813207 -40.36747294 2.21768006e+01
89.50555417 29.02272796 -41.41747635 2.21928535e+01
89.50786927 28.92026782 -40.36146109 2.21601247e+01
89.17347994 28.99926825 -41.06681085 2.18394071e+01
89.25825617 29.03048546 -41.42253109 2.19587038e+01
89.80229825 28.87633048 -40.01742611 2.19497889e+01
89.92054005 28.66682535 -38.15533564 2.12039168e+01
89.31159804 28.79009657 -39.08073030 2.32120107e+01
89.18591216 28.89660758 -40.03037309 2.22567057e+01
89.39599803 28.82145542 -39.38194072 2.26719891e+01
89.30919474 28.89246186 -40.02697011 2.23940616e+01
89.80407820 28.77375535 -39.06970526 2.16573345e+01
89.88170580 28.70251164 -38.46015990 2.13245663e+01
89.64220047 28.81351536 -39.37635665 2.19569817e+01
89.63540613 28.71128724 -38.46461028 2.19557751e+01
89.26587434 28.72342743 -38.47518506 2.42335967e+01
89.14979347 28.82976614 -39.38900347 2.26916863e+01
89.14270247 28.72780341 -38.47925557 2.41918830e+01
89.06535874 28.79889904 -39.08843695 2.27138500e+01
89.76528427 28.80930883 -39.37437478 2.17525029e+01
90.00482143 28.69759179 -38.45874074 2.13331088e+01
89.92715962 28.76910298 -39.06820643 2.16042985e+01
90.01138713 28.79987194 -39.37189280 2.17686008e+01
90.13439641 28.79452510 -39.37135507 2.19287233e+01
90.28984477 28.65036355 -38.15272093 2.16183081e+01
90.17323871 28.75855077 -39.06671205 2.18513462e+01
90.37398550 28.68029775 -38.45741274 2.19781561e+01
90.17192330 28.86119574 -40.01534974 2.23012723e+01
90.29623050 28.75262884 -39.06658598 2.20974576e+01
90.29506893 28.85527802 -40.01537984 2.25571256e+01
90.38031798 28.78255394 -39.37140125 2.24555662e+01
90.37178594 28.88558808 -40.35519217 2.29065921e+01
90.50323369 28.77604805 -39.37200661 2.27956091e+01
89.87827369 28.90770396 -40.35615569 2.20660158e+01
89.88834826 28.80478585 -39.37290428 2.17009528e+01
90.66433549 28.83562652 -40.01742839 2.03824815e+01
90.61995317 28.66712927 -38.45887559 2.12601829e+01
90.66504078 28.73303410 -39.06860715 1.98273555e+01
90.74162740 28.86558786 -40.35766607 2.08768205e+01
90.91047579 28.82256287 -40.01992256 2.13519438e+01
91.40301406 28.70561087 -39.08203023 2.32233660e+01
90.41818215 28.84897030 -40.01581527 2.28628274e+01
90.49508476 28.87906985 -40.35581873 2.32430540e+01
90.86589106 28.65399289 -38.46212569 2.03349733e+01
90.99483172 28.75028024 -39.37730627 2.14012843e+01
90.54212428 28.73974700 -39.06758128 2.24415949e+01
90.62612862 28.76935565 -39.37288841 1.98725079e+01
90.78795390 28.72638729 -39.07000729 2.03210678e+01
90.87190976 28.75619611 -39.37554732 2.08549162e+01
91.77180839 28.71994797 -39.09192845 2.52242636e+01
91.76636892 28.61757655 -38.18935973 2.49809186e+01
91.11779803 28.74527862 -39.37926183 2.19671902e+01
91.73276011 28.75085948 -39.39183288 2.51265111e+01
91.15674538 28.81214942 -40.02316309 2.24396120e+01
91.60524261 28.84561622 -40.36765780 2.47808447e+01
91.03358673 28.81684817 -40.02140750 2.18848272e+01
91.11154088 28.84785795 -40.36177074 2.24138180e+01
91.64908341 28.71165717 -39.08839369 2.45546959e+01
91.52645630 28.80916434 -40.02815299 2.42320215e+01
91.48695398 28.74037522 -39.38664345 2.38098413e+01
91.60995736 28.74387931 -39.38879513 2.44664331e+01
91.27995995 28.80897876 -40.02476283 2.30166401e+01
91.40321259 28.80777057 -40.02676127 2.36121854e+01
91.97353220 28.87821030 -40.36835593 2.66604307e+01
91.27405699 28.91139225 -41.06106309 2.34372119e+01
92.01668054 28.85090865 -40.03198605 2.67726241e+01
91.60556203 28.94770960 -41.42207253 2.51453419e+01
91.48184246 28.84235449 -40.36643715 2.41562326e+01
91.23479107 28.94638434 -41.41893507 2.34348404e+01
91.35838384 28.84202090 -40.36495392 2.35538429e+01
91.15046379 28.91473325 -41.05976742 2.28884310e+01
91.23493758 28.84403035 -40.36328779 2.29733624e+01
91.11124273 28.95029321 -41.41756971 2.29034689e+01
90.78739901 28.82893880 -40.01862789 2.08529359e+01
90.49402316 28.98170811 -41.41276703 2.25784046e+01
90.54126783 28.84237005 -40.01651785 2.27130002e+01
90.40961857 28.95200578 -41.05364954 2.33154634e+01
90.53308850 28.94539275 -41.05431311 2.17858957e+01
90.61745365 28.97496205 -41.41345865 2.10020144e+01
90.86489972 28.85903689 -40.35890145 2.13623720e+01
90.74087316 28.96817716 -41.41429804 2.14418060e+01
90.86429804 28.96158652 -41.41530650 2.19071579e+01
90.77998319 28.93186933 -41.05608930 2.13878021e+01
91.39769190 28.90998167 -41.06254955 2.40047923e+01
91.15633153 29.01692953 -42.13460314 2.34268715e+01
91.52132313 28.91115751 -41.06351603 2.45898255e+01
91.27985159 29.01360115 -42.13573425 2.39376084e+01
91.64486484 28.91536052 -41.06449846 2.51972117e+01
91.48768025 29.04677936 -42.49557724 2.50262645e+01
91.48200426 28.94453224 -41.42143578 2.45562148e+01
91.40341338 29.01220989 -42.13688843 2.44741955e+01
91.72893368 28.95432712 -41.42313909 2.57393111e+01
91.65043717 29.01766106 -42.13839853 2.55947727e+01
92.09490027 28.89805692 -40.36899678 2.72949316e+01
91.76815987 28.92332215 -41.06535540 2.58021519e+01
91.89644470 29.03771742 -42.13486292 2.67491681e+01
92.56851603 29.12554004 -41.40861250 3.00402078e+01
92.37517808 28.92955531 -40.02965291 2.87362800e+01
91.97434904 28.97999980 -41.42055483 2.69413457e+01
93.67122249 29.65107080 -41.04459860 3.70317074e+01
92.68164587 28.96551103 -39.39923835 3.04540275e+01
92.13966778 29.07572197 -42.13509063 2.79321074e+01
92.90515896 29.26192367 -41.40418636 3.17429266e+01
92.57337034 29.22823812 -42.48117588 3.01855184e+01
92.72320809 29.25091904 -42.12297891 3.08818918e+01
92.83474982 29.29761569 -42.11763480 3.14122834e+01
93.15955068 29.45440066 -42.11750826 3.28302375e+01
92.79274878 29.11160544 -40.36297352 3.11464954e+01
93.73429616 29.52369962 -39.40047219 3.72808078e+01
92.68072579 29.06595551 -40.36394673 3.05395839e+01
92.79466562 29.21321686 -41.40878837 3.12038612e+01
92.83016831 29.19486389 -41.05216719 3.13538674e+01
92.68251026 29.16753765 -41.40938198 3.06378649e+01
92.45130084 28.98579049 -40.36366780 2.92535661e+01
92.60513147 29.10485586 -41.05232302 3.01781447e+01
92.33531880 29.05357853 -41.41210053 2.88003156e+01
92.45278462 29.08737514 -41.40990762 2.94260962e+01
92.13443579 28.97320267 -41.06155915 2.76512194e+01
92.21514464 28.92260501 -40.36902523 2.79435829e+01
91.89494248 28.83405726 -40.03121587 2.61370971e+01
91.89103240 28.93531639 -41.06231140 2.64111097e+01
91.85129349 28.86310433 -40.36894954 2.60313016e+01
91.89408883 28.73229811 -39.09484080 2.58734570e+01
92.25567715 28.79708013 -39.09975370 2.78444124e+01
92.60647320 29.00440840 -40.03040326 3.00614344e+01
92.13748323 28.87236592 -40.03268007 2.74160816e+01
92.33615482 28.85141149 -39.39720195 2.84057113e+01
92.25703682 28.89867615 -40.03239529 2.80732347e+01
92.33400034 28.95195645 -40.36618945 2.85963694e+01
92.09792514 28.79723582 -39.39653852 2.70631810e+01
92.09272301 28.69471059 -38.50161556 2.68068889e+01
91.85518232 28.76186028 -39.39365319 2.57717522e+01
91.84979489 28.65945440 -38.49374221 2.55217655e+01
92.44814707 28.78263451 -38.50822847 2.88967908e+01
92.37365209 28.82799184 -39.09895747 2.85322186e+01
92.90328931 29.05972395 -39.39860669 3.17029253e+01
93.00733424 29.00836048 -38.52010254 3.22829572e+01
92.93810988 29.04233126 -39.10352381 3.18699469e+01
93.04173857 28.99178566 -38.22792287 3.24640789e+01
92.60464715 28.90283498 -39.10458536 2.99306325e+01
92.67699129 28.86276115 -38.51694199 3.03358234e+01
92.56820190 28.92351077 -39.40114066 2.97787102e+01
92.71749934 28.94612467 -39.10525069 3.06113414e+01
92.94031475 29.14402073 -40.02555055 3.18815888e+01
93.56560634 29.38501859 -39.10935263 3.44035471e+01
92.71945700 29.04773263 -40.02933713 3.07064064e+01
92.79329203 29.01111312 -39.40128210 3.10992119e+01
92.49166089 28.96497268 -40.02967891 2.94046657e+01
92.56688345 29.02395225 -40.36360188 2.99056900e+01
92.90311057 29.16028532 -40.36046087 3.17149777e+01
92.83073375 29.09437108 -40.02890617 3.13137203e+01
93.32810602 29.27858634 -39.39954187 3.36164829e+01
93.83625467 29.68962013 -40.35489601 3.74190889e+01
93.56839192 29.48709020 -40.02414672 3.62191558e+01
93.76930381 29.61295462 -40.02249590 3.73043597e+01
93.01180291 29.21179832 -40.35834339 3.22404231e+01
93.53477615 29.50009493 -40.35793671 3.53530733e+01
93.53307145 29.39870111 -39.40097590 3.42774033e+01
93.46393874 29.32381842 -39.10898391 3.41064318e+01
93.04599188 29.09456262 -39.10684435 3.24321965e+01
93.11430929 29.06215156 -38.52136831 3.28236487e+01
93.36125872 29.26396095 -39.10727853 3.37623473e+01
93.42727699 29.23523053 -38.52455827 3.40639924e+01
93.32414806 29.17585829 -38.52443618 3.37146042e+01
93.25342257 29.10290716 -38.23296630 3.34707956e+01
93.73079000 29.42110245 -38.53080120 3.74027728e+01
93.83373989 29.58766699 -39.39923430 3.74604349e+01
93.96425105 29.64001453 -39.11116240 3.77183808e+01
94.03077465 29.71787930 -39.40018276 3.77506926e+01
93.63409823 29.46067310 -39.39979527 3.70898579e+01
93.76636076 29.51073264 -39.10987557 3.73806867e+01
94.06236483 29.70567388 -39.11195031 3.77282054e+01
93.86862700 29.67729924 -40.02223103 3.75054689e+01
93.93253153 29.65243754 -39.39959638 3.76360032e+01
93.96733602 29.74239757 -40.02093683 3.77035597e+01
93.66638690 29.44736573 -39.10983002 3.72023852e+01
93.63608057 29.56224607 -40.35563936 3.69961616e+01
93.73654856 29.62545901 -40.35496965 3.72070035e+01
93.33578357 29.58420405 -42.47634159 3.34917495e+01
93.32922977 29.37964773 -40.35867482 3.35495521e+01
93.36498013 29.46694067 -41.04851167 3.36363375e+01
93.25744525 29.20565293 -39.10645282 3.33769923e+01
93.15531064 29.35165448 -41.04668175 3.28431326e+01
93.25996441 29.30751722 -40.02690723 3.33075647e+01
93.22715065 29.42352200 -41.40186248 3.31197243e+01
93.22394426 29.22082672 -39.40036719 3.32173652e+01
93.15483063 29.25088358 -40.02593977 3.28859691e+01
93.22476188 29.32173880 -40.35918346 3.31550160e+01
93.01397026 29.31348037 -41.39932508 3.22401794e+01
93.11899453 29.26569720 -40.35867343 3.27237594e+01
93.04830726 29.19630640 -40.02700307 3.24061327e+01
93.36387250 29.36588996 -40.02522382 3.36930684e+01
93.26489183 29.51115022 -42.11582550 3.32397172e+01
93.43908180 29.64374454 -42.47867219 3.46877244e+01
93.43512699 29.54105813 -41.40279543 3.38648069e+01
93.04845282 29.29696368 -41.04603139 3.23862715e+01
93.05280533 29.39972077 -42.11191108 3.23949595e+01
93.77154359 29.71470067 -41.04507705 3.72578299e+01
93.53745064 29.60206952 -41.40284610 3.66810891e+01
93.46664042 29.42581761 -40.02619912 3.40359237e+01
93.46804461 29.52702809 -41.04647723 3.39894844e+01
93.66925334 29.54951106 -40.02291119 3.71022662e+01
93.47195028 29.62970716 -42.11767522 3.56332580e+01
93.97009557 29.84453676 -41.04363026 3.77114388e+01
94.06551566 29.80814108 -40.02126062 3.77423221e+01
94.06852615 29.91048520 -41.04597350 3.78110185e+01
93.73939109 29.72757699 -41.40197783 3.71632449e+01
93.84268726 29.89436736 -42.47833029 3.73915191e+01
93.74301504 29.83016595 -42.47659923 3.71360427e+01
93.77511757 29.81727857 -42.11899886 3.72304340e+01
93.63884112 29.66429094 -41.40201818 3.69259969e+01
93.57008243 29.58847150 -41.04684893 3.67930104e+01
93.64257517 29.76691531 -42.47604057 3.68773049e+01
93.57770912 29.79376386 -43.19541679 3.66774727e+01
93.78182701 30.02206129 -44.27725362 3.72514764e+01
94.07503781 30.11541671 -43.20240017 3.79083834e+01
93.57387734 29.69111977 -42.11705814 3.67261099e+01
93.54517470 29.80738051 -43.55579544 3.65713294e+01
93.87459187 29.88177995 -42.11855995 3.74802418e+01
93.87809400 29.98431887 -43.19736804 3.74929396e+01
92.91413861 29.56793292 -44.63499068 3.18439502e+01
93.34112675 29.78793401 -44.63923534 3.41759690e+01
93.23132698 29.52625527 -42.47545365 3.31076080e+01
93.02280247 29.51898542 -43.55246139 3.22747774e+01
93.12556300 29.47017665 -42.47342627 3.26930283e+01
92.94907812 29.45008997 -43.18972684 3.19597461e+01
93.36899715 29.56964646 -42.11993919 3.36163270e+01
93.16382295 29.55714034 -43.19215392 3.28332611e+01
93.33171853 29.48149144 -41.40465846 3.35018276e+01
93.26076404 29.40842099 -41.04709785 3.32579405e+01
93.47589170 29.73238140 -43.19694468 3.64018382e+01
93.54129441 29.70472722 -42.47556906 3.66179758e+01
93.01837107 29.41623644 -42.47083129 3.22541100e+01
92.91421880 29.46742465 -43.54676137 3.18390077e+01
92.71851263 29.14818275 -41.05420431 3.07797158e+01
92.60994095 29.20756549 -42.12200808 3.03148151e+01
92.90967424 29.36467788 -42.47271150 3.17799297e+01
92.83935971 29.40035989 -43.18875890 3.14748214e+01
92.79929402 29.31596278 -42.47664767 3.12744767e+01
92.57701645 29.43130984 -44.63827286 3.04503053e+01
92.48990561 29.06545589 -41.05388026 2.95514773e+01
92.49482530 29.16813207 -42.12380767 2.97269364e+01
91.97970945 29.08243704 -42.49134060 2.72721902e+01
92.46273796 29.29268334 -43.55562583 2.98102509e+01
92.01852202 29.05440387 -42.13577388 2.73356004e+01
92.10115327 29.10228388 -42.49411718 2.78456123e+01
92.37299989 29.03011262 -41.05623170 2.89169763e+01
92.25955720 29.10193147 -42.12682134 2.85317314e+01
91.98508724 29.18486810 -43.56692685 2.76355285e+01
91.85902115 29.27095134 -44.64295969 2.74919393e+01
91.85738428 29.06738389 -42.49519549 2.66888881e+01
91.90187331 29.14011274 -43.21045867 2.71277921e+01
91.77916233 29.12801740 -43.21287194 2.65948880e+01
91.86284509 29.16976135 -43.57044976 2.70957290e+01
92.10644171 29.20477612 -43.56782687 2.81801623e+01
92.34038979 29.15619033 -42.48055938 2.90227932e+01
92.34548289 29.25879457 -43.55735542 2.92748498e+01
92.37802885 29.13274227 -42.12205578 2.91320071e+01
92.68725333 29.27026249 -42.47931552 3.07432730e+01
92.57824974 29.33092833 -43.55672650 3.03464324e+01
92.49976910 29.27080043 -43.19651203 2.99099991e+01
92.45774947 29.19003315 -42.48008701 2.96063771e+01
92.26471071 29.20450262 -43.20142923 2.87942257e+01
92.69119275 29.47336529 -44.63855979 3.09288055e+01
92.61477602 29.31026725 -43.19766970 3.04503520e+01
92.61670148 29.41179346 -44.27683264 3.05855636e+01
92.80395036 29.41870100 -43.55441267 3.13575519e+01
92.72793054 29.35364754 -43.19863805 3.09817009e+01
92.38308044 29.23536425 -43.19770440 2.93580906e+01
92.34340752 29.35927696 -44.63799633 2.94662151e+01
92.02496256 29.25851073 -44.28395824 2.80234661e+01
92.14491927 29.17823437 -43.20936942 2.82414324e+01
92.26615599 29.30605076 -44.28065045 2.90559769e+01
92.10349053 29.30553645 -44.64153892 2.84713818e+01
92.22666857 29.22936170 -43.56373192 2.87193595e+01
92.22415740 29.32995837 -44.64265412 2.89697849e+01
92.14619719 29.27980912 -44.28419304 2.85365769e+01
91.98169708 29.28582356 -44.64241933 2.79799370e+01
92.38469672 29.33687806 -44.27700399 2.95703974e+01
92.72999184 29.45521107 -44.27860837 3.10758836e+01
92.80350095 29.51913808 -44.64004858 3.13945762e+01
93.02307165 29.61959701 -44.63737588 3.22843240e+01
93.16636680 29.65890584 -44.27489296 3.28444030e+01
93.84890731 30.09885557 -44.63911402 3.74700539e+01
93.94806770 30.16403631 -44.63932852 3.77806600e+01
93.47873132 29.83435540 -44.27537523 3.63798587e+01
93.44307202 29.74642592 -43.55528091 3.62868917e+01
93.23553638 29.62898236 -43.55608167 3.30986683e+01
93.23646802 29.72985198 -44.63776360 3.31182924e+01
93.26905307 29.61387348 -43.19529940 3.32288775e+01
93.33988286 29.68691103 -43.55274047 3.35050033e+01
93.27169974 29.71570614 -44.27699893 3.32667801e+01
93.13048959 29.67365070 -44.63712936 3.27044633e+01
93.12988265 29.57291874 -43.55020055 3.27143387e+01
93.67863014 29.85629496 -43.19450350 3.69543760e+01
93.58063766 29.89581376 -44.27760786 3.66825153e+01
93.74667769 29.93275186 -43.55514476 3.71296808e+01
93.64846862 29.97108377 -44.63875644 3.68689058e+01
93.98008351 30.15191872 -44.27984674 3.78309516e+01
94.04666250 30.22990059 -44.64051822 3.80815282e+01
94.07835686 30.21788150 -44.28119848 3.80830931e+01
93.74907625 30.03449095 -44.63813960 3.71658142e+01
93.68164477 29.95842217 -44.27689604 3.69584878e+01
93.88126800 30.08660991 -44.27844254 3.75415208e+01
