79.91946870 29.56706119 -6.67080037 0.00000000e+00
88.45512951 28.01507665 -31.24877558 1.12238489e+01
78.42940013 31.19752830 -29.19359099 1.61909597e+01
77.04231493 31.80961019 -24.49948174 0.00000000e+00
75.14248996 33.89192345 -27.68513184 1.26677806e+01
84.92054474 29.94039002 -44.23023332 1.63252204e+01
87.43917449 28.11746557 -31.27967549 1.40116412e+01
84.45710667 27.76558301 -8.95686268 0.00000000e+00
78.08037156 32.41277009 -39.32270292 1.92031239e+01
75.33453199 34.61978808 -38.15580198 1.34609030e+01
85.86638425 29.46123153 -41.84423482 1.75550912e+01
81.89139061 28.48214915 -5.54653256 0.00000000e+00
75.00765832 33.31576715 -13.13651991 1.17377235e+01
78.96086298 29.72467226 -2.96901954 0.00000000e+00
74.67307171 32.93856981 -3.42980636 1.21221528e+01
81.03052842 28.48499222 -2.22194742 0.00000000e+00
85.46834063 27.51654715 -10.21083282 0.00000000e+00
74.45616147 33.20516829 -3.36797426 1.24365738e+01
77.13815423 33.44092999 -43.32730274 3.49626418e+01
86.24584052 27.53119369 -15.25021941 4.74902272e+00
87.15282747 27.36314302 -14.88658446 1.24079813e+01
85.76887420 27.47932393 -11.04925090 0.00000000e+00
89.05170365 26.99262572 -8.63714285 4.29971400e-02
89.80939835 28.46601909 -36.33185964 1.82865404e+01
90.04974099 27.63582302 -26.86982047 9.35245317e+00
75.05324999 33.39179144 -14.40221943 1.19427124e+01
91.88093875 27.50890413 -25.29043515 2.45269001e+01
86.70465630 28.48260255 -34.07026842 1.64476448e+01
85.51804602 29.65900591 -43.03817942 1.66037032e+01
90.42224501 29.15650901 -43.20608540 2.26983737e+01
90.66319548 28.01525149 -32.27736310 1.56454167e+01
89.07080576 28.59426268 -37.26852673 3.24458409e+01
89.80102180 27.95369183 -31.20042428 1.10302710e+01
75.93165564 34.22967256 -40.67213153 1.42260167e+01
78.01238101 32.61358134 -40.87690905 1.96857952e+01
77.66289691 33.03738041 -42.92546452 2.57797409e+01
81.75025163 31.12788904 -44.57229678 1.52565374e+01
76.82698855 33.30737727 -39.59150173 4.74583942e+01
76.87410894 32.98580719 -36.94623817 1.53118683e+01
74.88201072 35.49285984 -41.52440441 1.56633877e+01
74.82528219 35.68940455 -42.83071653 1.52854217e+01
74.65693667 35.93278420 -43.27024699 1.34528743e+01
81.47678379 31.22612010 -44.14347145 1.52255915e+01
77.64718458 32.92714945 -41.68702817 2.81037422e+01
87.83649411 28.88203416 -39.03670944 1.61426202e+01
77.23145400 33.09051884 -40.43360104 8.60758295e+01
78.34163893 32.30408014 -39.72834516 1.71786659e+01
79.53532824 31.74489457 -39.57717098 1.51850549e+01
84.60071452 29.04457141 -34.64408623 1.60764071e+01
80.18136786 30.64824451 -31.91581216 1.91703124e+01
74.99221465 34.06796471 -27.48651039 1.27631278e+01
76.50674993 33.52508816 -39.13707125 2.28925250e+01
83.12141101 30.10332067 -39.97192223 1.77082879e+01
76.13885546 33.77176146 -38.25794702 1.62778475e+01
76.86389187 33.15661391 -38.45129252 7.12990426e+01
76.49124372 33.45543155 -38.35439378 2.41191802e+01
79.34803372 31.47908726 -36.44444235 1.54323999e+01
74.92598878 35.22518307 -39.39021903 1.31187498e+01
75.01331626 35.38083024 -41.95284484 1.56501738e+01
75.22824975 34.87118877 -39.37973548 1.32700794e+01
76.19171656 33.84801268 -39.46859046 1.60940392e+01
76.56369955 32.73594008 -32.16155625 2.12945062e+00
75.41171154 33.50011901 -27.00215999 1.09289258e+01
82.95640097 29.25661587 -31.29401422 3.37651620e+01
76.59351645 31.77172068 -13.33142289 0.00000000e+00
74.65918928 34.38069500 -26.18282021 1.25036564e+01
75.39931997 34.28787179 -35.72538361 1.33113419e+01
74.87789181 33.42632559 -12.69830843 1.20130298e+01
74.56421667 35.91482833 -41.97668169 1.39476027e+01
75.25385486 32.98899666 -12.75074801 1.36093889e+01
80.63336711 29.27648418 -8.35492865 0.00000000e+00
77.76023972 30.85005660 -11.72464453 1.98974728e+00
74.38445019 34.67284607 -25.51727476 1.25020260e+01
76.86581345 31.44989452 -11.83597756 0.00000000e+00
74.64409721 33.10356034 -4.76532561 1.21734702e+01
77.65746705 30.15421906 -0.68077210 7.78808749e-01
74.86008564 33.31798645 -11.44364708 1.20192699e+01
75.97755472 31.65936805 -4.39913120 0.00000000e+00
77.53535550 30.71218436 -6.86720076 0.00000000e+00
77.65842605 30.91368795 -11.73673805 1.08466189e+00
76.02998793 32.11255662 -11.89832451 0.00000000e+00
77.47206119 31.15469274 -13.28087435 2.81480919e-02
80.10356464 29.92378372 -13.09418253 0.00000000e+00
75.70842258 32.54540488 -13.25199412 5.17812890e-03
82.77308930 28.63344253 -15.49746356 0.00000000e+00
75.37013017 33.28860567 -21.88913668 3.94713358e+00
78.03531333 31.04607771 -20.96813688 2.61320898e+01
75.23041152 34.04916152 -30.78378503 1.26459932e+01
82.93038243 29.60144553 -34.74078890 2.31055364e+01
76.65861297 33.19387410 -37.25406744 4.65348548e+01
76.78346545 32.72831454 -33.86013611 0.00000000e+00
81.67146855 29.93128439 -32.48253090 1.63874662e+01
82.82172277 29.52162831 -33.50908704 2.42030588e+01
79.82395262 30.86571495 -32.44040438 1.83274811e+01
82.03726796 29.66160963 -31.54046766 1.68193062e+01
82.25373266 29.46855206 -30.50205362 1.85745023e+01
87.07193388 28.45528937 -34.32793833 1.51504611e+01
79.85697855 30.81270394 -32.05079966 1.88292857e+01
84.57725679 28.64657950 -30.44454949 1.26652976e+01
83.08895973 28.77336306 -25.71561519 4.16249324e+00
87.75266429 27.54931818 -23.28020765 1.34006979e+01
80.62531088 29.03580860 -5.01878730 0.00000000e+00
92.35578245 28.01268075 -31.28675756 3.17032670e+01
83.06133735 27.89418304 -4.00231309 0.00000000e+00
89.90448507 27.16328490 -13.36270445 3.41974229e+00
87.39952291 27.25366055 -12.30068225 2.92455676e+00
91.15330958 26.76452162 -4.41295000 1.16318576e+01
80.71937331 28.75230096 -3.22398087 0.00000000e+00
85.25482926 27.24467656 -4.28856505 0.00000000e+00
92.35073866 27.30136338 -16.37572072 2.92763215e+01
87.98746628 27.43341523 -21.09647850 1.55342346e-01
88.68872834 27.01279256 -8.60756679 0.00000000e+00
93.42823692 27.89420785 -20.58698216 6.73161530e+01
90.86703498 26.91141936 -9.15330820 9.76555130e+00
88.54817737 27.73673597 -27.61336602 1.12404071e-01
88.56447568 27.53148111 -24.11855827 1.32176775e-02
87.20319047 28.23568160 -32.21352806 1.43371544e+01
91.51333958 27.88960891 -31.23519520 2.21144155e+01
88.15864231 28.78635546 -38.46585910 1.57456112e+01
77.44685110 32.49803302 -36.31601803 4.87888301e+01
86.46490640 28.72426432 -36.01976223 1.96450100e+01
81.17799318 30.39567139 -34.58707218 1.62967227e+01
86.47945941 28.39307016 -32.75779117 1.78382893e+01
82.84820685 29.58892734 -34.30337592 2.26361911e+01
85.35993740 29.17528821 -37.89405931 1.69803757e+01
83.99701632 29.78954853 -39.72965194 2.21023320e+01
78.28932216 32.05541544 -37.16222199 1.74871934e+01
77.17077771 33.01224073 -39.25900016 4.00141397e+01
80.34791473 31.01805259 -36.35735737 1.64114826e+01
81.78279076 29.88258456 -32.55371769 1.63062589e+01
79.89500955 31.17349409 -35.80663122 1.63812784e+01
81.23659195 30.27862807 -33.72536261 1.64976668e+01
83.01949948 30.47583481 -43.42767522 1.63048039e+01
77.36236900 33.24117204 -42.91784961 4.44453763e+01
81.53275820 31.23838666 -44.57124250 1.51971585e+01
76.90824100 33.73518515 -44.57814259 1.79174901e+01
78.81913665 32.26792846 -41.77774908 1.53088657e+01
80.99385227 31.16089093 -40.82498006 1.54967986e+01
81.00042331 31.03490925 -39.61217899 1.56003194e+01
83.72547146 29.69133447 -38.03988162 2.56194118e+01
85.63722841 29.62867630 -43.03316586 1.68016171e+01
82.46473434 30.52689742 -41.74028316 1.58936968e+01
89.51910298 28.81751925 -39.37887274 2.14375935e+01
93.41906621 27.38455146 -3.11190221 9.78305661e+01
93.90427196 28.62897193 -29.54540000 4.59448618e+01
93.54177202 28.46585016 -30.39529948 4.74142625e+01
75.54898206 34.76614611 -41.93884260 1.40338457e+01
76.10177759 34.44107903 -44.56252186 1.34382119e+01
74.56600339 35.39758622 -36.98962893 1.25181064e+01
76.81363365 33.80933226 -44.57783870 1.66563311e+01
75.84975574 34.31397231 -40.66391716 1.40619975e+01
74.67056435 35.48679792 -39.00521592 1.41017154e+01
75.22238037 35.00742060 -40.64276284 1.44122662e+01
74.52861449 35.52853223 -37.75875919 1.27205503e+01
75.15223016 34.95937417 -39.38118167 1.28768888e+01
75.12563786 34.81777721 -37.75120160 1.21744838e+01
75.27163412 34.77804460 -38.97170080 1.34714130e+01
75.69501848 34.34920527 -39.39651411 1.41505045e+01
75.68872941 34.48450631 -40.65220496 1.39633534e+01
76.06882254 33.92340175 -39.04125725 1.53229931e+01
78.45036140 32.24700634 -39.74643651 1.66240731e+01
76.70083038 33.24236290 -38.02797871 4.42224911e+01
79.95453801 31.37244343 -37.86833693 1.58294660e+01
77.25266512 32.87355343 -38.51424350 3.25357888e+01
77.36847385 32.87380383 -39.27717614 7.02752751e+01
76.74839774 33.45074870 -40.37783460 3.08886393e+01
75.72733139 34.52873674 -41.51306292 1.38321245e+01
78.11687706 32.55063150 -40.88228934 1.85721072e+01
75.88559137 34.53275190 -43.25108997 1.35773358e+01
79.40605929 32.13937635 -43.02961965 1.47575680e+01
78.68852516 32.48317422 -43.37318373 1.51925974e+01
78.13224537 32.66118927 -42.10969707 1.80255162e+01
75.74536292 34.63795238 -42.81351248 1.36168785e+01
78.83357725 32.37797352 -42.98297251 1.50786174e+01
79.27775388 32.07736742 -41.83491949 1.49113429e+01
78.53761171 32.67477932 -44.58956647 1.48957913e+01
79.97292144 31.89368929 -43.04610430 1.49566946e+01
80.58383994 31.50946784 -42.18736087 1.53399800e+01
81.02389411 31.10307417 -40.39547028 1.55293626e+01
85.36321455 29.73804345 -43.43924786 1.64018681e+01
84.81012088 29.86323245 -43.08039263 1.63954613e+01
82.36488363 30.68509966 -42.94140970 1.56749151e+01
86.44058451 28.94810376 -37.98819107 1.93425395e+01
80.84311277 31.08591657 -39.31402444 1.56790337e+01
80.91863689 31.16331604 -40.43507724 1.55511813e+01
92.94458128 29.34733907 -42.11588424 3.51507799e+01
81.23746779 30.77579073 -38.40110622 1.56063602e+01
77.51348979 32.81530428 -39.66226200 3.93404142e+01
77.33597044 32.69459326 -37.40767041 5.55616483e+01
80.21824400 31.31820205 -38.50855798 1.58514939e+01
80.05971966 31.62547624 -40.68875026 1.53696696e+01
80.52819144 31.26663832 -39.46055650 1.57238728e+01
81.05797638 30.83793875 -38.09581410 1.57180842e+01
78.89910502 32.04008368 -39.83153083 1.53633462e+01
79.57535712 31.87963767 -41.07690495 1.50316720e+01
79.98658488 31.54668820 -39.59157256 1.55030738e+01
78.04196387 32.55559507 -40.47030795 1.94822966e+01
79.47468927 31.80763087 -39.92520349 1.51206647e+01
78.73980864 31.52713551 -34.42921523 1.54963134e+01
79.69255010 31.11265665 -34.36132943 1.66952563e+01
79.70455651 31.22071256 -35.46646093 1.62378982e+01
80.41996271 30.78263132 -34.48319168 1.70742327e+01
89.93048773 28.56389482 -37.24221391 1.92255241e+01
84.94757966 28.92966147 -34.55487104 1.53448826e+01
78.47669184 31.48816498 -32.66024085 1.60546790e+01
79.19992359 31.34627249 -34.63622184 1.55080566e+01
81.58728641 30.05253220 -33.28851856 1.62902770e+01
82.58752885 29.59378198 -33.31004733 1.98743638e+01
82.52641904 29.57470080 -32.85527120 1.96426603e+01
82.61397661 29.66186545 -34.12389044 1.93077148e+01
81.68181280 30.17250006 -34.97943489 1.58779757e+01
81.71327954 30.11708512 -34.59017767 1.59722625e+01
87.92828655 28.08631025 -31.51041196 1.32076116e+01
81.28086337 29.83791216 -27.68278979 2.08312932e+01
83.94535858 28.70755529 -28.74105186 5.72867990e+00
79.48573750 31.00885885 -32.40770776 1.72997634e+01
80.96132662 30.19793298 -31.40334321 1.90143935e+01
81.47966204 29.89882113 -31.14393771 1.71092312e+01
82.49991198 29.50613023 -32.03570895 2.03089293e+01
81.56155150 29.98243330 -32.43453916 1.65304938e+01
81.04644643 30.01945204 -29.16615233 2.24993443e+01
80.88973729 30.20325357 -31.06927863 1.98507467e+01
80.03129887 30.65171607 -31.22340824 2.00519901e+01
81.79509592 29.63422512 -29.68143610 1.74252666e+01
78.78199962 31.16262861 -30.88364876 1.54298095e+01
80.87492056 30.08971988 -28.49674403 2.49222828e+01
75.49002677 33.41411123 -27.10791833 1.18931884e+01
78.48999601 31.36471884 -31.46444859 1.59232877e+01
80.54455267 30.11134736 -23.53909608 2.44265176e+01
78.04326033 31.47826667 -29.90094190 1.83755323e+01
78.23975162 31.52801896 -31.71318604 1.71123515e+01
78.76847519 31.05252726 -29.52288087 1.57924514e+01
77.63233991 31.73190392 -29.82341758 2.71775809e+01
78.36528460 31.30651747 -30.11348857 1.64216125e+01
78.27079975 31.47222209 -31.32330289 1.69248255e+01
79.39303373 30.89396769 -30.83667056 1.85752802e+01
78.02256159 31.96850973 -34.89341227 1.94176048e+01
78.78703355 31.58474956 -35.20931520 1.54777861e+01
78.56910233 31.36789412 -31.92127431 1.56857282e+01
77.98955153 31.78865885 -32.85562142 1.92688814e+01
77.54711940 32.43071504 -36.32752558 3.54822545e+01
76.29529437 33.50163362 -37.12951979 2.01501618e+01
76.21587272 33.44814984 -35.94207248 1.95829580e+01
78.31015702 31.84653560 -35.35780977 1.71761812e+01
76.61145792 32.98519646 -34.96306347 4.65511942e+01
79.21440455 31.22686761 -33.47693908 1.57553659e+01
77.80115171 31.98457439 -33.65085197 2.22689446e+01
81.08543946 30.20234631 -32.12338893 1.77319289e+01
76.66739291 32.53149706 -31.03942224 0.00000000e+00
74.51059920 35.42147599 -36.47096404 1.18342593e+01
75.37180180 33.63044690 -28.00404845 1.14421772e+01
75.51041603 33.34912903 -26.58863766 1.14481753e+01
74.95535843 34.02522005 -26.46323660 1.37569193e+01
74.49344660 34.79766410 -28.24915951 1.28890025e+01
75.41787921 33.36452841 -25.06256497 8.29198478e+00
74.54878448 34.60112976 -26.99129266 1.30915927e+01
74.51240580 34.55935853 -26.05520896 1.28868000e+01
76.36044739 32.20159208 -19.27493940 0.00000000e+00
75.30666046 33.44553795 -24.00128899 6.27116976e+00
77.45087753 31.36940128 -18.19172840 3.94211218e-01
75.57570206 33.19351385 -25.30493106 1.06585898e+01
80.89117705 29.70682221 -16.74976649 6.90720353e+00
77.66689300 31.34872669 -23.54420298 2.72211692e+01
79.30980484 30.47218076 -20.13573522 3.03230574e+01
77.68981423 31.61458891 -28.78094460 2.39303841e+01
76.65123248 32.42139739 -29.65930290 0.00000000e+00
82.59143246 29.24903571 -29.62686767 2.93246447e+01
80.98442412 29.76834740 -20.09391128 1.47162716e+01
78.15598982 31.09877467 -25.17877046 1.95026416e+01
80.98936032 29.64036156 -16.48802351 7.57774084e+00
77.62330935 31.29657988 -20.30357732 2.44083789e+01
80.20349353 30.17325780 -20.59908444 2.92029894e+01
77.18747062 31.18523282 -11.29612966 0.00000000e+00
75.40886425 32.81715418 -12.77096014 8.54626789e+00
77.40065542 31.16189827 -12.78131298 0.00000000e+00
75.80559457 32.53343053 -14.21208194 1.27371059e-02
76.58848203 31.53121623 -10.25665489 0.00000000e+00
75.00887734 33.14166645 -11.45170927 1.19374040e+01
75.37244214 33.11433793 -16.36659510 6.40132491e+00
74.42157851 33.85223975 -11.40393241 1.49213672e+01
75.03593319 33.80056723 -24.56497206 1.21921191e+01
75.62073318 33.10324676 -24.58025630 1.05208367e+01
76.53111496 31.45246916 -8.22329148 0.00000000e+00
76.26782879 31.74214286 -9.72954369 0.00000000e+00
76.21703036 31.82564724 -10.33978034 0.00000000e+00
74.37900608 33.77555957 -10.05055004 1.46531909e+01
77.13853880 30.97730831 -7.15410507 0.00000000e+00
74.22332994 33.71074086 -5.96494151 1.29889065e+01
74.71143244 33.15131008 -6.65419502 1.22106348e+01
74.37241644 34.60162105 -23.93192056 1.25432860e+01
75.83838014 31.66081692 -3.19376687 0.00000000e+00
74.36603895 34.73837935 -25.94786751 1.21333271e+01
75.17616624 32.21687121 -1.61496393 1.34886606e+01
74.89404897 32.49974752 -0.85991088 1.24253217e+01
74.43841807 33.09753402 -1.57802401 1.23771221e+01
78.78647962 30.01164785 -5.40732053 0.00000000e+00
75.31835152 32.31651495 -4.58609832 1.41713541e+01
76.08077766 31.65191993 -5.42528719 0.00000000e+00
76.11595197 31.49767169 -4.01515242 0.00000000e+00
76.91521001 31.17259069 -8.08457486 0.00000000e+00
74.93425918 33.22967945 -11.44799686 1.19220653e+01
76.12722472 31.90209861 -10.36139393 0.00000000e+00
74.33708553 33.87061742 -10.51654247 1.39988860e+01
77.17111676 31.11594464 -10.13461056 0.00000000e+00
80.33268009 29.42315195 -8.00794970 0.00000000e+00
76.81816305 31.24143719 -8.11997820 0.00000000e+00
75.42164226 32.54656659 -9.99369003 1.09514523e+01
75.74498413 32.21294184 -9.90470505 0.00000000e+00
75.40770261 32.47610020 -8.71984565 1.17098611e+01
81.11748406 28.80765261 -5.29461859 0.00000000e+00
80.92807949 28.67882871 -3.59887975 0.00000000e+00
79.37696682 29.92015198 -8.00376484 0.00000000e+00
75.81983258 31.88806083 -5.52236169 0.00000000e+00
80.19626169 29.12550281 -2.93319973 0.00000000e+00
79.71742742 29.55444404 -4.89629213 0.00000000e+00
80.38387069 28.98482578 -2.94253896 0.00000000e+00
78.67111307 30.05286297 -5.30006279 0.00000000e+00
79.34201119 29.55686498 -2.89145713 0.00000000e+00
77.96963302 30.21061931 -3.69815924 0.00000000e+00
78.27581035 29.97982368 -2.84158897 0.00000000e+00
78.60155779 29.73332166 -1.22683335 0.00000000e+00
80.64033759 28.64987335 -0.83511570 0.00000000e+00
80.47473855 28.91162748 -2.95775742 0.00000000e+00
80.65430262 28.76333202 -2.98849179 0.00000000e+00
81.51992566 28.16409617 -1.19153203 0.00000000e+00
87.25235963 26.97909920 -5.00401915 5.62081872e-03
86.14422938 27.09587017 -4.63204057 1.25428920e-02
81.61276552 28.49304531 -4.47739090 0.00000000e+00
82.23366224 28.08302568 -3.52467912 0.00000000e+00
81.07327240 28.75105657 -4.52741481 0.00000000e+00
81.42068540 28.52831417 -4.16662310 0.00000000e+00
80.63907522 29.14868540 -6.55436173 0.00000000e+00
81.07780902 28.62267876 -3.72919592 0.00000000e+00
81.07351958 29.46067182 -14.07433660 1.35707915e+00
87.50952936 27.56071892 -22.97020092 9.33107934e+00
88.55114620 27.63443076 -26.00863409 4.25519955e-02
83.24402476 28.50994337 -17.57819786 2.36656389e-02
79.63292292 30.27069869 -16.21899830 3.71383799e+00
83.04433777 28.52613304 -15.42098024 0.00000000e+00
79.73376820 29.84929669 -9.50755407 0.00000000e+00
78.81836319 30.19117520 -9.10569221 0.00000000e+00
77.53420204 31.23417324 -15.40213139 6.77221298e-01
81.86903751 28.84553715 -11.54200686 3.58375589e-02
80.29356060 30.00105075 -16.08050701 2.49214467e+00
77.25179387 31.50342621 -18.13524980 0.00000000e+00
78.66043319 30.36397826 -11.16951346 0.00000000e+00
78.52736355 30.33897091 -9.78864818 0.00000000e+00
79.50509798 30.43559292 -21.36731453 3.42839085e+01
78.18697638 31.04291473 -24.29187680 2.04853786e+01
80.30545300 30.11072623 -19.93197565 2.27395498e+01
78.28221001 31.11215459 -26.80662043 1.74910479e+01
80.57325357 29.97151267 -19.53483425 1.31030793e+01
81.06094714 29.63551066 -17.55484468 1.09837257e+01
80.49562426 30.10455004 -22.62149268 2.28478672e+01
81.70137606 29.30746265 -19.21887887 2.48114312e+01
80.78831319 29.90196170 -20.82470566 1.30493406e+01
85.99887694 28.00345885 -26.46552621 1.01631917e+00
80.83789271 29.90877640 -21.79760583 1.50523456e+01
88.35038702 27.81807025 -28.68390562 2.83414228e+00
79.23089612 30.87929792 -29.82973103 1.86105218e+01
83.12697279 28.94811706 -28.38673694 9.31394467e+00
82.27721941 29.11116179 -24.24385963 2.04108359e+01
90.17811043 27.73254769 -28.54088519 1.13310630e+01
86.14680374 27.83547402 -23.92973490 1.39641374e+01
83.13571364 28.83460158 -26.92609288 6.77588675e+00
86.26840233 27.82401553 -24.21454434 1.45422085e+01
83.20671900 28.74117991 -26.02207479 5.56498977e+00
86.35284768 27.85418873 -25.10905424 1.34003346e+01
85.67723559 28.02867623 -25.70329278 4.23182797e-02
83.36194169 28.88191433 -28.58037819 9.80185702e+00
90.74833987 27.73732022 -29.12262362 1.52253149e+01
87.98520345 27.84318386 -28.60122720 1.48845387e+01
86.39990557 27.92406207 -26.48701971 1.39506852e+01
83.18916687 28.96771341 -28.93507872 1.07582681e+01
89.04292369 27.81160124 -29.14019428 7.02744423e-02
88.22867503 27.82651498 -28.67205254 8.52745978e+00
87.37583450 27.87789082 -28.11800596 1.32515894e+01
90.98633234 27.52106024 -25.82260279 1.45377521e+01
88.96660711 27.47431829 -23.08992162 0.00000000e+00
88.58624374 27.70025371 -27.07248419 7.33229114e-02
87.85522310 27.74892531 -26.99366689 1.26020955e+01
82.33636283 28.70887937 -12.85785160 0.00000000e+00
90.86585245 27.21892327 -18.09318485 8.82087524e+00
87.38396812 27.66949343 -24.83717441 1.26003516e+01
84.37932798 28.49272476 -27.54808143 7.44937933e+00
83.09780343 28.66002571 -22.54856544 6.28515054e-01
84.74707984 28.21728654 -24.54766295 7.91099905e+00
85.44347898 28.09265744 -25.83579939 2.19320128e-02
84.60818018 28.41428821 -27.37856036 9.48166286e+00
83.24226384 28.69451991 -25.56420400 4.76067495e+00
81.74729946 29.00760949 -13.15809450 6.79305478e-01
79.13565333 30.30809147 -12.99455211 0.00000000e+00
85.58434947 27.48401011 -10.16716245 0.00000000e+00
82.71649541 28.27337449 -7.29914533 0.00000000e+00
85.58916828 27.36913068 -7.78094107 0.00000000e+00
83.15273621 28.20266854 -8.61480377 0.00000000e+00
87.39078166 27.15020800 -9.69106705 2.11242712e-01
83.42244918 28.09407259 -8.36967209 0.00000000e+00
88.23966233 27.11074540 -10.61633566 0.00000000e+00
82.94126106 28.10786955 -5.94594908 0.00000000e+00
84.97528883 27.49860583 -7.12585852 0.00000000e+00
83.41271877 27.80389415 -4.23438446 0.00000000e+00
87.48556079 26.87255078 -2.22175893 0.00000000e+00
87.84850947 26.86072390 -2.05297067 0.00000000e+00
88.61067197 26.77937243 -1.03927167 2.90008817e-01
90.67053642 26.78436965 -4.33352841 1.82557137e+01
86.55421783 26.83312749 -0.97548007 1.27701138e+00
83.08813008 27.96132191 -4.78513129 0.00000000e+00
86.39596619 26.86866540 -1.63787445 2.22145332e-02
84.21766534 27.55533360 -4.37340927 0.00000000e+00
89.46170584 26.94115154 -7.43057278 2.29347510e+00
82.47044730 28.02961793 -3.63615128 0.00000000e+00
84.34381652 27.80572659 -8.96534227 0.00000000e+00
89.94137312 27.23014341 -15.91981884 4.12379964e+00
87.74430816 27.44694929 -20.97813215 5.83285045e+00
78.47527979 30.32152883 -8.99257928 0.00000000e+00
90.06258393 27.22490546 -15.96450632 5.54226688e+00
88.07449221 27.35985281 -18.34063312 1.63917859e-02
92.23163195 26.96448920 -6.78244392 1.58440441e+00
88.72396007 27.07877438 -10.51845573 0.00000000e+00
93.82559055 28.04050883 -17.05083813 5.21589818e+01
89.94263444 27.12750693 -12.72887249 4.00636378e+00
90.78389513 26.98370785 -11.11496022 9.31010388e+00
90.14127868 26.94775709 -8.93394825 8.73905044e+00
85.45267113 27.10375377 -3.08934269 0.00000000e+00
85.81494919 27.20735164 -5.51632036 0.00000000e+00
89.42547142 26.87421657 -5.14097657 4.81991684e+00
88.37712559 26.89730637 -3.96222993 0.00000000e+00
88.61834171 26.88105318 -4.13610933 0.00000000e+00
90.90617703 26.67048705 -1.11609907 2.47295262e+01
89.53599982 26.97249528 -8.69210646 2.29553306e+00
91.39490809 26.76266703 -4.45030025 8.13233991e+00
92.22624117 26.75931923 -1.07550445 1.26003371e+01
90.67003124 26.88692072 -7.74297392 1.22205643e+01
92.64687117 27.13251621 -7.03439147 1.27666219e+01
91.95752136 26.84070724 -5.23754823 4.99467409e+00
93.89152819 28.11711694 -18.43332310 5.16799898e+01
90.86658968 27.01393060 -11.73844938 9.36641232e+00
91.87323782 26.99847107 -10.79710624 5.58753421e+00
92.42186595 27.05245696 -7.52491125 3.94013495e+00
91.03239800 26.87048391 -7.81339654 8.44112721e+00
90.42851192 26.89943773 -7.66938939 1.29608248e+01
93.72877569 28.07900179 -20.60924140 6.85872621e+01
93.88448834 27.81008004 -6.73653002 5.99676267e+01
93.20613356 28.50695218 -32.87017889 4.21549265e+01
93.22324714 27.77731505 -20.58713604 5.79812713e+01
90.86538907 27.32144050 -21.58476225 1.06170369e+01
93.49674848 27.96865046 -21.42439186 6.84314131e+01
90.74231605 27.63510306 -27.47858501 1.52363329e+01
93.50128474 28.17285268 -25.89607478 5.69049338e+01
89.92779781 27.64101784 -26.86097876 7.77562985e+00
89.93730610 27.53804669 -25.10393797 7.52065674e+00
88.95191355 27.67953843 -26.96261870 2.30631639e-02
89.77889762 27.47598883 -23.72447449 4.27258338e+00
87.69540653 27.79254470 -27.39800853 1.07367764e+01
93.60025503 28.13259944 -23.87053804 6.46114857e+01
88.66999218 27.72908695 -27.58864029 5.76969194e-02
89.20747451 27.56580729 -25.15150357 3.25503084e-03
87.58189225 27.90203734 -28.85208360 1.16619189e+01
91.22976623 27.82074294 -30.47362868 2.03011630e+01
91.59637950 27.82454687 -30.48539086 2.30894064e+01
90.61916812 27.84668205 -30.45638722 1.62133829e+01
91.35200220 27.81942881 -30.47702130 2.09738145e+01
92.07886393 27.67615153 -27.53482362 2.71413874e+01
90.62452882 28.05151238 -32.63267380 1.55262779e+01
92.11690765 27.64979512 -26.98914491 2.75365729e+01
91.87707413 27.61037098 -26.98197839 2.36320716e+01
93.19394978 27.99658586 -25.87223385 5.10048986e+01
91.15721898 28.50500719 -37.25367681 2.45136685e+01
92.69726286 27.92824050 -28.67440297 3.69338833e+01
93.93866192 28.71872934 -30.49574501 4.35755626e+01
93.78197869 27.54170486 -1.65133775 1.07959187e+02
90.78366478 28.31649633 -35.41541752 1.62768685e+01
81.94964887 29.77457404 -32.27901501 1.64053837e+01
87.12756676 28.31050352 -32.89316876 1.46334313e+01
90.50864016 28.16030058 -33.69930018 1.42615585e+01
90.62230740 28.35931296 -35.71703462 1.48846245e+01
91.84708771 28.25183474 -34.84168636 2.79711794e+01
92.02386439 29.15685874 -43.20814135 2.83386757e+01
92.44671649 28.68100638 -37.61820067 3.32394001e+01
89.39141188 28.61688656 -37.56019094 2.68916248e+01
92.48531450 28.55854295 -36.44326244 3.36178888e+01
90.54476107 28.43188292 -36.32552969 1.45300763e+01
90.75091263 28.45493994 -36.63294688 1.62739830e+01
92.45303111 28.88531946 -39.39741954 3.30218649e+01
94.00469703 28.79613206 -30.86859146 4.12496663e+01
88.20470916 28.85088602 -39.07938527 1.60025992e+01
87.10019275 28.94850818 -38.86748391 1.63104798e+01
84.22906405 29.49618884 -37.72615833 2.36248130e+01
88.45727092 28.62749155 -37.27096556 1.85917832e+01
88.19701832 28.74914914 -38.16492174 1.59250163e+01
91.27998920 28.50206528 -37.25864594 2.50055038e+01
88.31990165 28.73962474 -38.17511635 1.68153639e+01
93.42479135 29.13330323 -37.65171120 3.87691403e+01
88.95075452 28.49721567 -36.36290727 3.55110430e+01
88.21218076 28.64560807 -37.25310374 1.60296194e+01
88.70558070 28.50972056 -36.36667384 2.66055742e+01
90.54395603 28.53449999 -37.23952859 1.55912815e+01
89.40235339 28.10456400 -32.64467356 1.06275233e+01
92.01018011 28.13846521 -33.43987781 2.87153673e+01
88.92055590 28.22611058 -33.74543869 1.11353210e+01
89.16491802 28.21558955 -33.73252281 1.19450741e+01
85.66255544 28.37360671 -30.81778426 2.47504792e+00
86.59193629 28.27437270 -31.71264645 1.58944762e+01
86.83144384 28.68776693 -36.20646332 1.64900663e+01
88.33470662 28.63629119 -37.26393084 1.71389589e+01
89.08105290 28.18487319 -33.37893917 7.22677971e+00
84.36668484 28.93802074 -32.80897578 1.46591536e+01
84.03501107 28.78903451 -30.15276258 6.17040433e+00
84.35681788 28.83107751 -31.67523710 1.20976709e+01
82.56321726 29.94719273 -36.62768509 1.71760437e+01
85.60122022 28.99502583 -36.83469099 2.02070943e+01
83.66992295 29.34160704 -34.66273357 1.42919253e+01
84.79673472 29.01660002 -34.96475803 1.52185411e+01
83.29154656 29.78869731 -37.62718086 2.08104783e+01
85.50422734 28.90785291 -35.83110022 2.03737616e+01
84.81143319 29.30810690 -37.66524033 1.57485267e+01
86.96856558 28.85428764 -37.86814629 1.64082336e+01
84.00542841 29.67703186 -38.71898027 2.57643740e+01
85.24261515 29.21001183 -37.91833780 1.63696801e+01
86.56288783 28.93289639 -38.03472315 1.83394186e+01
87.05811674 28.77507123 -37.26714409 1.60251842e+01
87.35460511 28.71506092 -37.06289436 1.55466780e+01
85.37028478 29.28518343 -38.91045060 1.67253027e+01
87.05339463 28.88195948 -38.21744691 1.62488715e+01
87.47714912 28.70512158 -37.10275779 1.55090822e+01
87.54461792 28.83837352 -38.36248451 1.58081765e+01
86.32843838 29.07475756 -38.94784511 1.95124140e+01
88.07416438 28.75907611 -38.15135427 1.52141483e+01
86.97753768 28.96048024 -38.82930680 1.65736529e+01
83.46435433 30.10442617 -41.15494226 1.80100943e+01
85.23467265 29.66179979 -42.27778515 1.62526606e+01
87.09554436 29.05542198 -39.84485608 1.64902864e+01
81.12932373 31.04313986 -40.36181986 1.55070234e+01
86.91625341 29.21775137 -41.23586968 1.69619485e+01
83.82695031 30.09975065 -42.32882434 2.03783251e+01
85.04444084 29.23374708 -37.62142493 1.57501428e+01
81.36801339 30.78645601 -39.12900227 1.55201945e+01
83.47510276 30.21185075 -42.30817782 1.80044487e+01
81.88617300 30.93815072 -43.29973416 1.53838487e+01
83.50151539 29.87124417 -39.00679042 2.00648645e+01
81.10531611 30.97453340 -39.57291771 1.55719700e+01
83.38246853 30.09356725 -40.75959752 1.80340651e+01
83.24097154 30.28812017 -42.28245454 1.69975148e+01
85.24489894 29.77103722 -43.44466505 1.63048202e+01
83.72001623 30.24390931 -43.47096516 1.97881356e+01
83.17069660 30.38631534 -43.05100277 1.66171882e+01
83.48584310 30.31928545 -43.46192400 2.01007307e+01
83.10704848 30.55823312 -44.60884961 1.95986379e+01
89.06118889 29.30974263 -44.28599291 1.90206514e+01
84.39707174 30.13924378 -44.61880034 1.66475051e+01
90.53932816 29.04762957 -42.13037083 2.38999687e+01
86.32383096 29.52223335 -43.43982368 1.74574247e+01
91.73445887 29.05665729 -42.49685440 2.72388708e+01
86.42602943 29.61624368 -44.61156159 1.71695592e+01
89.55596016 29.29420683 -44.28337949 1.98082982e+01
89.67964463 29.29038117 -44.28294804 1.99768156e+01
91.40938827 29.21656873 -44.28486316 2.60631380e+01
89.13615294 29.34110948 -44.64276075 1.91038449e+01
91.77990830 29.22984835 -44.28569833 2.72291326e+01
91.90279844 29.24182730 -44.28537902 2.76964608e+01
90.41919072 28.74632856 -39.06689347 2.10361624e+01
88.81618580 28.91206040 -40.04004879 2.00245578e+01
91.12303777 29.15468181 -43.56751758 2.58963257e+01
87.21830488 29.04314261 -39.87553559 1.63251194e+01
92.25442473 28.99935300 -41.05868821 2.96633109e+01
89.55785673 28.78213638 -39.07418138 2.16633839e+01
89.43248164 28.88852300 -40.02384991 2.12205368e+01
93.97344484 29.94704015 -42.11946306 3.82652109e+01
94.04014634 30.02507093 -42.48131580 3.83543651e+01
93.67490733 29.75368464 -42.11699777 3.74986719e+01
87.17948925 29.40085022 -43.51516592 1.68705875e+01
93.05962178 29.60417724 -44.27450524 3.48965602e+01
93.87994214 27.60532095 -1.63592952 8.89658033e+01
92.46108946 29.39309214 -44.63900766 3.05738026e+01
92.69202296 29.37297945 -43.55782442 3.35091869e+01
93.37579534 29.77424710 -44.27575914 3.61047952e+01
93.94513748 30.06189368 -43.55860814 3.81759777e+01
92.84155536 29.50195872 -44.27503926 3.39393793e+01
93.94169618 29.95937984 -42.47862856 3.81610586e+01
93.77873057 29.91985365 -43.19628328 3.76535543e+01
92.50153757 29.37232613 -44.27728052 3.19887407e+01
74.81895692 35.82600216 -44.13198424 1.36855722e+01
75.05058900 35.42330851 -42.82191034 1.56589235e+01
74.62545326 36.09902429 -44.56771961 1.24954115e+01
75.34881129 35.20716822 -44.12262674 1.39217302e+01
75.64562280 34.78873989 -43.24371722 1.35807349e+01
75.38202618 35.21239855 -44.56052964 1.35663047e+01
75.61535940 34.95081014 -44.55937123 1.32632396e+01
75.58716978 34.80992695 -42.80737559 1.37701569e+01
75.56904534 34.70094418 -41.50663735 1.40410374e+01
76.32857125 34.05691106 -42.84132021 1.49837754e+01
76.01838289 34.52440274 -44.56199455 1.33454594e+01
75.48928695 34.96186345 -43.24137844 1.39132905e+01
75.19607823 35.38303240 -44.12713674 1.44099229e+01
75.41200407 35.04901503 -43.24245191 1.43127448e+01
75.35467493 35.07109859 -42.80678880 1.49632118e+01
75.39380120 34.94033370 -41.93609314 1.51604055e+01
75.03152860 35.48878936 -43.25820055 1.53472465e+01
74.88127290 35.66605003 -43.26261792 1.49684051e+01
75.10793935 35.22677956 -41.51360457 1.51222005e+01
74.78823237 35.64737756 -41.96462580 1.58453771e+01
75.04430336 35.04247015 -38.97544018 1.25694675e+01
74.73234473 35.67095403 -41.53369969 1.59379217e+01
75.00113610 35.13639391 -39.38575215 1.28517064e+01
74.65766297 35.76013634 -41.53838605 1.56479914e+01
74.91991779 35.36172782 -40.65832115 1.46933131e+01
75.18377387 35.13845447 -41.50676131 1.51651301e+01
75.08975153 35.11861526 -40.21952605 1.37219796e+01
74.74498541 35.39768175 -38.99793842 1.36856709e+01
74.71422413 35.56356562 -40.24312862 1.51595803e+01
74.77635967 35.40323802 -39.40199365 1.38215599e+01
74.86331172 35.04094748 -36.95175565 1.20145879e+01
75.30465769 34.78326515 -39.37949133 1.38918178e+01
75.11974834 34.95410169 -38.97324380 1.26383449e+01
76.31908428 33.43868565 -36.75163737 2.14826306e+01
75.27749694 34.64191821 -37.74726636 1.26795031e+01
75.76880779 34.39893924 -40.65775331 1.39753483e+01
76.24012721 33.76099671 -39.08098813 1.69504277e+01
75.47110792 34.85305094 -41.93739691 1.45788535e+01
75.53086658 34.65719830 -40.64524628 1.43729027e+01
77.14914804 33.27072980 -41.66658305 7.73496154e+01
76.67166889 33.63571314 -41.61434414 2.19266926e+01
75.78677676 34.50823437 -41.94965390 1.37702362e+01
76.03658023 34.08189194 -40.26265733 1.47112577e+01
75.03238182 35.31529803 -41.51800639 1.52127545e+01
75.14633398 35.09569844 -40.64539511 1.42270166e+01
76.37559287 33.93064323 -41.99663031 1.59844017e+01
76.72265052 33.51228754 -40.78921442 2.71093364e+01
77.05168035 33.34178007 -41.65715641 5.45793327e+01
76.63913416 33.45630313 -39.55739700 2.74202206e+01
75.97103650 34.27474479 -41.52967269 1.41157860e+01
76.27047874 33.90067340 -40.72050125 1.60353204e+01
76.20681718 33.91788844 -40.28913567 1.57732719e+01
76.60774014 33.31720798 -37.99967333 3.25321284e+01
76.07629092 33.78950007 -37.84053793 1.59065220e+01
75.66021189 34.34382916 -38.98583893 1.42173114e+01
76.94365987 32.97452015 -37.33947015 1.02764632e+01
76.31246243 33.61149392 -38.30606990 1.88578841e+01
76.16163102 33.70817671 -37.86669941 1.68229051e+01
75.64600971 34.27345332 -38.17515288 1.43516615e+01
76.79504760 33.16857066 -38.05611047 6.54787281e+01
77.23686340 32.76344817 -37.39322068 1.23644907e+01
79.66309840 31.57800441 -38.55126551 1.54192369e+01
77.37958480 32.74524408 -38.15644284 6.73043335e+01
78.23438706 32.36320513 -39.71261778 1.78759953e+01
77.61421463 32.74795706 -39.66828402 3.07901624e+01
77.71553731 32.68132231 -39.67176978 2.62358082e+01
77.30274508 33.08081999 -40.84919619 8.28325867e+01
77.12195552 33.33097463 -42.07862403 5.90606205e+01
79.11504708 32.06664468 -41.02289867 1.50469218e+01
77.71996869 32.91944453 -42.10116413 2.48444412e+01
79.23035251 32.02014919 -41.03861834 1.49952348e+01
77.20389920 33.15050380 -40.84387307 8.94117607e+01
77.02480557 33.40230392 -42.07023626 4.18858357e+01
77.82182510 32.85339974 -42.10127978 2.22240361e+01
76.73934269 33.62219745 -42.04057296 2.28200514e+01
77.46194075 33.17254588 -42.92016417 3.62262021e+01
78.49934927 32.53703061 -42.94989669 1.58024382e+01
76.97147749 33.52365132 -42.89950627 2.88475555e+01
77.61874196 32.98624408 -42.09733995 2.87005354e+01
76.46458854 33.85188018 -42.00712494 1.69311175e+01
76.18633404 34.35860257 -44.56344037 1.35647848e+01
76.28788104 34.01044399 -41.98609158 1.52953897e+01
76.47177243 33.67938175 -40.33267195 1.95078100e+01
76.68848713 33.74559900 -42.87641218 1.90327391e+01
76.67907319 33.87695763 -44.14550814 1.62217650e+01
76.03231618 34.25568113 -41.96483131 1.41481138e+01
76.13394029 34.28264417 -43.25878916 1.39839494e+01
76.30532332 34.12019763 -43.26815706 1.45726696e+01
76.15627836 34.21875902 -42.83061696 1.42300649e+01
76.75607954 33.73208756 -43.30330827 1.92682558e+01
76.77198834 33.80150671 -44.15120199 1.73082988e+01
77.10075357 33.59006067 -44.58218083 2.17829942e+01
77.63449375 33.09644270 -43.33750288 2.56480963e+01
77.90195380 33.04279280 -44.58482257 1.75053163e+01
77.69773841 33.17511181 -44.58488118 2.00642203e+01
77.79951964 33.10855977 -44.58480037 1.85941442e+01
78.42851114 32.73191078 -44.58792472 1.50888818e+01
77.95789291 32.96745353 -44.17059390 1.77688825e+01
78.80074575 32.43146703 -43.38444745 1.50163328e+01
78.37868285 32.71939175 -44.17453413 1.55214687e+01
78.72090811 32.42899327 -42.97232177 1.52604129e+01
78.04333608 32.83457499 -43.34578974 1.80244246e+01
78.87301748 32.51559171 -44.59789405 1.45609921e+01
79.86091204 31.94487837 -43.04933708 1.48997283e+01
78.45292255 32.48218991 -42.13286332 1.61830770e+01
78.39069479 32.59419352 -42.94183289 1.61895869e+01
79.25746466 32.23831563 -43.41473565 1.47018980e+01
79.50760915 31.98359861 -41.85779685 1.49201613e+01
79.29123652 32.18634572 -43.02157533 1.47619615e+01
79.62190767 31.93576136 -41.86554140 1.49566814e+01
79.48682244 32.14400477 -43.42779389 1.47063211e+01
79.96064993 31.78587308 -41.87198863 1.51285536e+01
80.36830062 31.62365860 -42.22842511 1.52700889e+01
80.07188294 31.73341101 -41.86733445 1.51920240e+01
79.33149052 32.32252392 -44.60498322 1.44719674e+01
80.16189792 31.84177822 -43.43260044 1.49830653e+01
79.93978873 31.94681412 -43.43856037 1.48736085e+01
79.90136888 32.07795506 -44.61076238 1.46443282e+01
80.05124273 31.89486370 -43.43594557 1.49280442e+01
79.67502544 32.17817630 -44.60931767 1.45545964e+01
80.51049809 31.74262661 -44.20198299 1.49965414e+01
80.12489423 31.97363215 -44.60855334 1.47448170e+01
80.47642207 31.56700634 -42.20991090 1.53095687e+01
80.29241570 31.85368676 -44.21240649 1.49061464e+01
80.99487889 31.52449123 -44.58384425 1.50697388e+01
81.91757425 30.88233240 -42.87881472 1.54188820e+01
83.35796006 30.24975533 -42.29610410 1.71976044e+01
82.20466086 30.67269381 -42.08775570 1.56178682e+01
82.56610534 30.37133327 -40.55975655 1.61942868e+01
82.35072293 30.57225402 -41.71072958 1.57725238e+01
82.31762751 30.62534732 -42.11138621 1.57085815e+01
80.72638223 31.62882270 -44.18802941 1.50700908e+01
81.11500916 31.21508664 -42.05317624 1.53766308e+01
81.05460362 31.33009103 -42.90764040 1.53008628e+01
82.12472129 30.66694940 -41.65576113 1.55902726e+01
82.41744181 30.46695681 -40.91524437 1.59305432e+01
81.55916741 31.10050297 -43.28592921 1.53043638e+01
80.84198620 31.44731188 -42.94663647 1.52813441e+01
80.90309911 31.33332593 -42.10583433 1.53793585e+01
80.73539415 31.50567107 -42.96695445 1.52635357e+01
79.35891989 32.08253730 -42.23793591 1.48519868e+01
80.38764030 31.45957848 -40.63203682 1.55285486e+01
81.03922235 31.21658839 -41.65071860 1.54224452e+01
81.31143546 30.98311416 -40.74139751 1.54470734e+01
80.73861049 31.14668254 -39.36544223 1.57054997e+01
81.02846332 30.89623760 -38.48419633 1.56871323e+01
81.23514414 30.98380362 -40.33448408 1.54859806e+01
82.36478183 30.33018812 -39.35973908 1.60190821e+01
82.22277140 30.50537900 -40.44289114 1.57507337e+01
83.23855749 30.06542455 -39.99756213 1.80617521e+01
83.11269154 30.21847768 -41.09866856 1.71974071e+01
82.77570743 30.44857951 -42.21027248 1.62454890e+01
81.14510174 31.15739065 -41.62332575 1.54137428e+01
81.96525813 30.65647605 -40.78335185 1.55414865e+01
87.16213206 29.19023350 -41.28793139 1.66145074e+01
83.29382134 30.01058029 -39.65693625 1.85111010e+01
83.37347210 29.80033345 -37.98173186 2.07781789e+01
83.38434809 29.90787590 -38.98736719 1.94849196e+01
83.35585322 30.02798366 -40.02000357 1.84282574e+01
82.02461340 30.46826482 -39.22596848 1.56462066e+01
82.65534158 30.26161741 -39.83277463 1.64894063e+01
81.47496499 30.72947030 -39.12008724 1.55040004e+01
82.68404932 30.13616924 -38.77517412 1.68473236e+01
81.31657114 30.85595763 -39.51630271 1.55163309e+01
81.42328796 30.79826642 -39.50222918 1.54944892e+01
81.57157151 30.43150491 -36.85543741 1.56502884e+01
82.60253533 30.12613906 -38.39124290 1.67125466e+01
80.43246193 31.20329637 -38.43275884 1.59102906e+01
81.74908389 30.63383311 -39.52223842 1.55089176e+01
82.19645279 30.43646186 -39.65726456 1.57718019e+01
80.31364298 31.15259584 -37.42851645 1.61282569e+01
79.81620899 31.66262550 -39.95073552 1.53195722e+01
79.84302146 31.42383500 -37.87496337 1.57268370e+01
78.12850114 32.42415474 -39.69949944 1.87558895e+01
80.95418873 30.89922327 -38.14996267 1.57663195e+01
80.25886495 31.45018436 -39.90686168 1.55989113e+01
80.31463203 31.38276059 -39.53513921 1.56829319e+01
80.29422972 31.31678829 -38.83541001 1.58034285e+01
79.58922304 31.76039190 -39.93748612 1.51730080e+01
80.20635672 31.43888142 -39.56102105 1.56375501e+01
79.24387411 32.12924501 -42.22672506 1.48671542e+01
79.87512267 31.59831559 -39.59607596 1.54203485e+01
80.14961922 31.73374683 -42.25460723 1.51683193e+01
80.60174325 31.34308291 -40.56255719 1.55738853e+01
79.34565218 31.97374242 -41.05356563 1.49807437e+01
78.89970467 32.27163586 -42.18765561 1.51174413e+01
78.54779511 32.31603787 -40.93366168 1.60756418e+01
78.48434195 32.42654962 -41.73191205 1.61901387e+01
79.24436192 31.90015787 -39.89347872 1.50933381e+01
78.88545808 32.16172044 -40.98900789 1.52803013e+01
78.43790863 32.37166668 -40.91805265 1.65007873e+01
78.67223213 32.13946324 -39.78724289 1.58346981e+01
79.96653410 31.48036927 -38.89699816 1.56123489e+01
77.88461205 32.41268160 -38.19813824 2.19610328e+01
79.51530645 31.67731052 -38.87684652 1.52534322e+01
78.52228998 32.05399660 -38.30138348 1.63746264e+01
79.17047531 31.81494016 -38.81955389 1.51709974e+01
79.15708708 31.70568645 -37.77697223 1.52264744e+01
78.60113479 32.05543174 -38.68050509 1.60717217e+01
78.69888828 31.89389347 -37.63667150 1.57681784e+01
78.61910239 31.89094233 -37.25643497 1.59916922e+01
81.12231835 30.59393219 -36.18206563 1.59395002e+01
78.15210772 32.17164119 -37.49871701 1.85036865e+01
78.27067317 31.98628493 -36.43760581 1.75641911e+01
77.97256473 32.23822503 -37.10264551 2.04094259e+01
78.11549057 32.03351956 -36.03949913 1.86531103e+01
79.92796636 31.12024265 -35.45528082 1.65710214e+01
78.58662120 31.94501167 -37.60091036 1.60943035e+01
78.56141106 31.68324521 -35.09778782 1.60325371e+01
78.43774185 31.85996916 -36.13220271 1.65884286e+01
77.10077277 32.45527063 -33.56810262 8.30627935e-03
78.45060125 31.73583587 -35.04505911 1.64538877e+01
78.86775084 31.59023002 -35.59780166 1.53814850e+01
79.00294762 31.38341680 -34.16465563 1.53372229e+01
79.43050971 31.25738644 -34.70143037 1.59468549e+01
79.91620156 31.01224438 -34.35111976 1.70885987e+01
80.00524342 31.12106516 -35.78808881 1.64993064e+01
79.09761825 31.49975852 -35.68444720 1.53038923e+01
79.67091343 31.27278071 -35.80893490 1.60561701e+01
78.71239172 31.77141017 -36.58714846 1.57106721e+01
80.03775261 31.06709927 -35.43361230 1.66826590e+01
79.23279269 31.52386829 -36.41621128 1.53300745e+01
80.70304986 30.96855233 -37.56886625 1.59793409e+01
81.04598003 30.51602937 -35.07441079 1.62543915e+01
80.53802522 31.14388496 -38.38451027 1.59087874e+01
81.22645820 30.53334993 -36.13518814 1.58806154e+01
79.05536406 31.86070980 -38.79598962 1.52269038e+01
78.96042515 31.74529238 -37.37616238 1.53319952e+01
81.13266756 30.83558753 -38.43811063 1.56447457e+01
82.27173707 30.01114575 -36.09132857 1.63397497e+01
80.59909771 31.03000232 -37.63406959 1.60184715e+01
81.25099425 30.60246361 -36.88462091 1.57550720e+01
81.14634349 30.66262894 -36.92572671 1.58059842e+01
84.11228654 29.53339127 -37.72854960 2.56229532e+01
81.28221988 30.33578160 -34.54301241 1.61953612e+01
83.26495556 29.72282119 -36.95077520 2.17673271e+01
81.68089980 30.37830036 -36.87761128 1.56493018e+01
82.32442563 30.14881586 -37.54618126 1.62050886e+01
83.15017911 29.98184995 -38.93433596 1.84985875e+01
83.30257674 29.89646666 -38.63588677 1.94793495e+01
81.90299320 30.27767983 -36.96084521 1.57215279e+01
83.25610486 29.83679100 -37.95341821 2.00929710e+01
82.38686838 29.96965722 -36.16508152 1.66588246e+01
83.09447588 29.62627277 -35.54426486 2.33233646e+01
82.27900100 29.89058720 -34.99653032 1.66128940e+01
83.85125790 29.54227099 -37.05896430 2.82404660e+01
84.13870095 29.41512029 -36.73647261 2.27549325e+01
82.33180787 30.02846258 -36.48400334 1.64063288e+01
82.15723452 30.05402608 -36.01486371 1.61111952e+01
83.32020821 29.66885313 -36.63260556 2.29898334e+01
81.77682683 30.00718337 -33.80500677 1.61068154e+01
81.35786983 30.33546482 -34.93529016 1.60205085e+01
81.17279009 30.52292272 -35.77986631 1.59794421e+01
81.27721297 30.46306196 -35.74016854 1.59155706e+01
80.94390910 30.57877924 -35.15308631 1.63128729e+01
81.06939111 30.58418253 -35.83500371 1.60399693e+01
80.45293525 30.95829872 -36.29350277 1.63959990e+01
80.76980053 30.64700898 -34.92169082 1.65527967e+01
81.16397599 30.07192372 -31.21656683 1.82747324e+01
81.03587844 30.27437782 -32.58978592 1.74925906e+01
81.37153773 30.16198324 -33.26135611 1.64853474e+01
81.25271120 30.39400770 -34.96231272 1.61038615e+01
81.66586316 30.05678700 -33.74337095 1.61362780e+01
81.38779897 30.27778705 -34.52102261 1.60992574e+01
83.31983256 29.26249170 -32.67130920 2.11587357e+01
83.57883710 29.03900262 -31.25702876 9.65335086e+00
82.40998221 29.61206469 -32.74144463 1.84248143e+01
82.46284756 29.74939017 -34.39071403 1.77855685e+01
83.46369561 29.29365914 -33.49086826 1.60736342e+01
83.20053810 29.48274082 -34.51015716 2.84236662e+01
82.64319071 29.53824453 -32.96762101 2.14423333e+01
83.00330726 29.31771680 -32.09961047 3.39919493e+01
83.07395785 29.22278757 -31.38305653 3.06714280e+01
82.85081564 29.39984733 -32.36391078 2.90999547e+01
82.75646951 29.27681347 -30.72837759 3.10290521e+01
82.73366359 29.43470694 -32.26345272 2.61877480e+01
82.76019901 29.50247398 -33.06984937 2.41412089e+01
83.81242855 28.96839393 -31.30978366 7.60912455e+00
82.28794452 29.41850705 -30.11334975 1.93704972e+01
82.65147756 29.42145374 -31.79568450 2.51261535e+01
81.61972010 29.79093355 -30.77411574 1.69286302e+01
81.24148909 30.15104661 -32.44676289 1.70749538e+01
80.86014954 29.97617084 -24.36236670 2.32219563e+01
80.97436617 30.02417606 -28.06535806 2.45496377e+01
81.06202620 30.13412768 -31.29851045 1.86660925e+01
80.98414193 30.26566201 -32.21942255 1.79090524e+01
79.46146495 30.79199699 -29.91004167 2.05481128e+01
80.54939115 30.34756474 -30.69725078 2.01506767e+01
81.05928783 29.84513038 -23.70959332 2.23162923e+01
80.13828688 30.59515141 -31.16319611 2.01280311e+01
79.29032337 31.04645588 -31.95612745 1.67370887e+01
79.74577531 30.86298007 -32.05854438 1.85812272e+01
78.86819544 31.35929301 -33.30491130 1.53231857e+01
80.56241771 30.45848453 -31.92471898 1.85214596e+01
80.46287285 30.83539162 -35.20670489 1.67582108e+01
81.03050898 30.40178030 -33.86114052 1.67210137e+01
79.27586549 31.16565615 -33.11305454 1.60683695e+01
80.42981191 30.65940476 -33.28094210 1.77191208e+01
79.16046026 31.20921440 -33.06426478 1.57369965e+01
80.13434376 30.90358162 -34.28359929 1.72918062e+01
79.13165942 31.44852483 -35.35001597 1.53416717e+01
79.23414720 31.29525558 -34.25934937 1.56312207e+01
79.08436260 31.39035328 -34.59390409 1.53690886e+01
79.11850800 31.33921139 -34.21543030 1.54420816e+01
78.65954787 31.52262853 -33.98219066 1.56348465e+01
79.57901931 31.16011236 -34.34856504 1.64341911e+01
76.92746829 32.37729266 -31.53340625 0.00000000e+00
77.08440062 32.38600862 -32.76550801 0.00000000e+00
78.70108274 31.38861352 -32.80706234 1.54511338e+01
78.15141406 31.65533653 -32.49238845 1.77491490e+01
78.20035923 31.66805159 -32.92086926 1.75203664e+01
78.09426010 31.72743101 -32.88372400 1.82929191e+01
78.68178985 31.31928577 -31.99759403 1.54416012e+01
79.25610613 31.09723104 -32.32893452 1.63508104e+01
79.73406448 30.75491094 -30.90312786 2.01686060e+01
79.51972978 30.95759834 -32.03073292 1.78046226e+01
76.27558642 32.89427573 -31.16335387 3.34220903e+01
77.51659356 31.68737925 -28.19946710 3.42607499e+01
76.76216119 32.45910807 -31.08205790 0.00000000e+00
78.05799939 31.58908058 -31.23296791 1.83084645e+01
76.48106645 32.67937405 -30.93113548 2.64599802e+00
76.79395858 32.59809214 -32.67519601 0.00000000e+00
75.84733465 33.29583882 -30.70063199 1.64941853e+01
77.28870389 31.88083577 -28.77634602 1.44981107e+00
76.18730771 32.97249377 -31.08199613 2.83026734e+01
76.54811499 32.66627848 -31.36587687 6.19407947e-01
75.31262243 33.82610724 -29.44023922 1.22473030e+01
76.35655144 32.53492584 -27.70875377 3.31523677e-01
76.12350493 32.98861270 -30.62641030 2.53473581e+01
76.47144808 32.81086391 -32.10501356 1.96078562e+01
75.73416147 33.53886092 -31.85496474 1.54241134e+01
75.77979937 33.44921003 -31.47333445 1.56290798e+01
74.59136697 34.85080015 -30.27628709 1.33462269e+01
76.25637760 33.11929836 -33.15183090 2.65482733e+01
76.34551528 33.04122560 -33.21215434 3.40206342e+01
77.48476903 32.35177109 -35.20167172 4.26697502e+01
77.04074850 32.37662775 -32.35691869 0.00000000e+00
76.69892917 32.67061631 -32.63287867 1.00069693e-02
77.19916207 32.38606678 -33.58820555 1.78548530e-01
76.79964672 32.83836601 -35.04075594 3.59813924e-01
77.23705378 32.23868071 -32.38860084 3.16586443e-01
76.97591935 32.58539000 -33.93225009 0.00000000e+00
77.13860307 32.30731782 -32.37521089 1.72432311e-02
77.00304336 32.52520360 -33.54247216 0.00000000e+00
77.90384655 31.92054063 -33.66533003 2.05103076e+01
77.21478484 32.49625020 -34.77576109 4.70180291e-01
77.39762620 32.24959646 -33.61564596 4.57117399e+01
77.40185488 32.48828696 -35.94195648 5.27015421e+01
77.17150970 32.44578194 -33.98300612 1.48800946e-01
77.14935991 32.70385777 -36.26451938 2.37607157e-01
77.60219028 32.35399633 -35.96607400 3.01656894e+01
77.97787444 31.91546011 -34.09110205 1.96472849e+01
77.05146045 32.77387992 -36.24403292 1.10823301e-01
76.23101378 33.51801385 -36.71607437 1.91549565e+01
77.73810249 32.42585435 -37.44817248 2.49602543e+01
77.70321613 32.28788440 -35.97617211 2.56280023e+01
77.18171474 32.88312837 -38.13420120 8.63754006e+00
77.36392529 32.63506438 -37.04205372 5.51630178e+01
76.57541159 33.13766830 -36.09454841 4.39320622e+01
76.12143585 33.66200744 -37.06590071 1.68868397e+01
76.30381614 33.36889385 -35.98003355 2.21416122e+01
75.89156926 33.84531355 -36.60706203 1.50459674e+01
76.26486548 33.36197874 -35.58391408 2.16085354e+01
75.78844369 33.99391353 -36.97606255 1.45669727e+01
76.20770762 33.58130086 -37.09579058 1.82323194e+01
76.53463141 33.12988231 -35.70064781 4.20851706e+01
76.35350603 33.28352261 -35.62275577 2.51438128e+01
75.52104500 34.10938929 -35.33787960 1.52141821e+01
76.70501929 32.91126942 -35.00416058 1.67943989e+01
76.48358219 33.21361558 -36.05664266 3.20354775e+01
76.09152760 33.52207576 -35.51012839 1.75337253e+01
75.60600992 33.88818296 -33.97778778 1.53747279e+01
76.32129129 33.10377987 -33.59981521 2.97750956e+01
76.33821820 33.21372310 -34.82764137 2.61676344e+01
74.64646587 35.17161098 -35.74639972 1.20460952e+01
75.50705491 34.03891835 -34.43804714 1.48178788e+01
74.71441322 35.21906418 -36.96863690 1.24181625e+01
75.75956999 33.85343749 -35.39619234 1.47593601e+01
76.01428683 33.46970823 -34.22853827 1.70505129e+01
75.55527945 34.11474774 -35.74374848 1.52543536e+01
75.97459541 33.42383665 -33.34945599 1.69394719e+01
75.72864626 34.01395938 -36.56690023 1.45215947e+01
74.79485971 34.99334524 -35.72531226 1.21406819e+01
75.31644489 34.51108662 -36.93519388 1.27366108e+01
74.90027211 35.08322229 -37.76177889 1.21929739e+01
75.62807602 34.16424427 -36.95553270 1.45600968e+01
75.50892391 34.38055706 -37.75646065 1.52844697e+01
74.76954276 34.85126078 -33.57103876 1.37966638e+01
75.14125012 34.06595730 -29.65742910 1.34793578e+01
75.25940625 34.53330755 -36.52991771 1.23223527e+01
75.28915527 34.36983018 -35.30277308 1.23397683e+01
74.65888442 35.24273968 -36.56967478 1.24038107e+01
74.91811846 34.67378403 -33.62893569 1.35218543e+01
74.72059734 35.08242510 -35.73383589 1.21675521e+01
74.52196210 35.66526360 -39.01960350 1.37111073e+01
74.57243493 35.26088561 -35.76086739 1.18295126e+01
74.69557388 34.94022777 -33.53081445 1.33970523e+01
74.68940552 35.07686335 -35.31936714 1.21579838e+01
75.44912485 34.06007103 -33.91707062 1.36650824e+01
74.82497500 34.82796154 -34.23077192 1.32480419e+01
75.29501674 34.23382202 -33.82824413 1.24207112e+01
75.54584295 33.56772706 -29.80964977 1.39660061e+01
75.07931923 34.22453003 -30.54148526 1.46195204e+01
74.60315265 35.09478780 -34.22188450 1.23157656e+01
75.86189089 33.36602284 -31.56163364 1.62878394e+01
75.20080823 34.21264539 -32.21324372 1.26888024e+01
75.57404223 33.70853812 -31.67076992 1.47628166e+01
75.42924616 34.12523826 -34.40587095 1.36351016e+01
75.82639349 33.69918389 -34.56821367 1.51481925e+01
75.06606992 34.15373673 -29.53317285 1.45776642e+01
75.73032436 33.15979351 -27.44569097 1.65777675e+01
75.48915907 33.92980903 -32.94964295 1.40038928e+01
76.33021044 32.97143963 -32.40163546 3.58874826e+01
75.83432865 33.01232655 -27.02628171 1.83365661e+01
75.50775542 33.52337186 -28.74807200 1.30969286e+01
75.70544965 33.39830059 -30.06438781 1.58859503e+01
75.62518126 33.48268950 -29.93632692 1.52748817e+01
75.60751950 33.37328077 -28.37093570 1.45626451e+01
75.16042345 34.00055314 -29.19985914 1.28671010e+01
74.93561178 34.26453975 -28.85367727 1.33827313e+01
75.29474777 33.71719612 -27.89063740 1.08880062e+01
74.86135131 34.35299310 -28.74288774 1.30504272e+01
75.12458165 33.78328810 -26.13341619 1.06796349e+01
74.53086248 34.49376463 -25.61461078 1.28860222e+01
74.84338180 34.24497631 -27.30839165 1.18816497e+01
74.76875726 34.50715867 -29.06085747 1.39915395e+01
74.89884556 34.22192186 -27.85197596 1.21652012e+01
74.42025170 34.88690920 -28.36014196 1.20506510e+01
74.60366762 34.57745052 -27.49821852 1.30861456e+01
74.58573133 34.46997405 -26.11623135 1.28410846e+01
74.45709181 34.75597442 -27.34254621 1.27481714e+01
75.25730118 33.67362995 -26.80039940 9.47042443e+00
74.91764396 34.15636545 -27.39277028 1.26942912e+01
74.56093009 34.32777998 -23.04574293 1.40578972e+01
74.84207743 33.90111296 -21.05077739 1.22197864e+01
74.97427636 33.95963161 -25.98557125 1.37588541e+01
75.79074154 32.80175871 -21.37709528 3.83492685e+00
74.64003296 34.10195715 -19.52544268 1.26170336e+01
74.84138345 33.38357625 -11.85963582 1.20792554e+01
74.41495029 34.50643235 -22.87230051 1.27741570e+01
74.42118212 34.36969738 -19.29759081 1.37240580e+01
74.97267351 33.61607306 -17.37301272 1.28476796e+01
74.40288372 34.43520997 -20.50708884 1.31983748e+01
75.29296274 33.37495564 -21.74585876 5.91231651e+00
76.12334765 32.61267027 -25.65835923 4.61075119e+00
75.54743379 33.05275453 -20.88097674 3.37860718e+00
75.54091433 33.18792331 -24.42095192 9.12435378e+00
75.38395597 33.35913052 -24.13332753 6.87190946e+00
75.49635658 33.27872242 -25.17953293 9.68858532e+00
75.18106374 33.76102955 -26.70961859 1.05696424e+01
75.33415938 33.58664246 -26.89865832 9.99771410e+00
75.58988821 33.26386112 -26.69202745 1.29953221e+01
75.91808231 32.93015014 -27.14296007 1.98248303e+01
75.21833492 33.80437179 -27.78504959 1.10309610e+01
75.27690003 33.60827751 -26.30089769 8.70671785e+00
75.03016801 33.93687328 -26.54436100 1.28100738e+01
75.12330180 33.95737842 -28.15743159 1.34011589e+01
75.56917926 33.32867667 -27.21715304 1.33530123e+01
75.66684197 33.35336941 -29.01462373 1.57590398e+01
75.81247790 33.07648550 -27.56485088 1.83191073e+01
77.23900624 31.67316539 -24.57939246 0.00000000e+00
75.74783113 33.26938385 -29.15163642 1.64487496e+01
76.74614942 32.34899110 -29.71674708 0.00000000e+00
76.70371669 32.29959976 -28.61582620 0.00000000e+00
76.90696090 32.02740822 -26.94268720 0.00000000e+00
76.79937594 32.22783009 -28.66931538 0.00000000e+00
76.91167271 32.26714453 -30.25982530 0.00000000e+00
77.18968380 31.94892332 -28.77491956 1.62399412e-02
77.23287184 31.99969750 -29.83325390 7.10925008e-02
77.99851617 31.42465088 -28.85942141 1.87517890e+01
77.34730094 32.04219730 -31.18240646 1.59128428e+01
77.31674162 31.82147901 -28.19591627 2.21188032e+00
77.70136987 31.48694657 -27.07624917 2.40578770e+01
76.89592159 32.15697730 -28.71250436 0.00000000e+00
77.10244004 31.88859893 -27.00538949 0.00000000e+00
77.21752397 31.88938941 -28.19008066 1.48645443e-02
77.11880149 31.95788616 -28.17839486 0.00000000e+00
76.82619988 32.16739905 -28.08658089 0.00000000e+00
77.15679712 31.81040024 -26.43655804 0.00000000e+00
76.15339547 32.75258509 -28.05030851 1.85748366e+01
76.16207270 32.61977261 -26.29581852 4.60971709e+00
75.81976509 32.94216050 -25.72387297 1.55392985e+01
76.86384947 32.01810014 -26.33292430 0.00000000e+00
76.06618753 32.83200646 -27.92976511 2.31227522e+01
76.03639658 32.69197080 -25.50993773 1.01092992e+01
75.64925093 33.24388087 -27.32951284 1.48030495e+01
75.65599851 33.10897023 -25.43784747 1.23932718e+01
75.61000777 32.85877776 -16.55493116 2.75628257e-01
76.10837527 32.54267475 -23.53136290 8.32455466e-01
75.87498689 32.38196762 -13.27449468 0.00000000e+00
75.72280547 32.61567510 -14.16860956 2.35637363e-02
78.30363925 30.67040447 -13.38188360 1.08873860e-01
77.02692722 31.69932453 -19.97622268 0.00000000e+00
77.69021097 31.09364824 -14.61961356 6.18937609e+00
75.94168821 32.52881905 -16.99976831 6.08372819e-02
77.73948683 31.34269735 -24.77443882 2.48103685e+01
77.97496737 31.15997501 -23.91583765 2.28989350e+01
77.75380723 31.17367868 -18.41707247 2.86230684e+01
77.55116606 31.30331055 -18.23530100 4.99983298e+00
80.71556975 29.46101661 -11.44575937 0.00000000e+00
78.86965112 30.43991312 -13.55604570 0.00000000e+00
77.27334420 31.28770176 -13.29728084 0.00000000e+00
77.55749574 30.97842382 -11.74913044 1.85793869e-01
76.97851662 31.49120734 -13.32024152 0.00000000e+00
77.45726802 31.04403077 -11.76227543 3.01711138e-03
76.88121855 31.56019258 -13.32594911 0.00000000e+00
77.08890544 31.25296686 -11.30997299 0.00000000e+00
76.52535593 31.78312172 -12.84390370 0.00000000e+00
76.97468405 31.25183125 -10.17843283 0.00000000e+00
76.43189308 31.85617643 -12.84446574 0.00000000e+00
76.57768214 31.66150006 -11.86368981 0.00000000e+00
76.33960948 31.93035994 -12.84386994 0.00000000e+00
76.50943051 31.67290818 -11.38101129 0.00000000e+00
76.32337035 31.82019329 -11.40214184 0.00000000e+00
76.49395699 31.60320803 -10.27698193 0.00000000e+00
75.73010346 32.48131941 -12.80679160 1.35017573e-03
76.11810277 32.03453538 -11.89536117 0.00000000e+00
75.46712416 32.79686095 -13.21442252 3.84262113e+00
75.85796669 32.27206042 -11.90458832 0.00000000e+00
75.81320932 32.39940762 -12.81430141 0.00000000e+00
76.24858328 32.00570810 -12.84181737 0.00000000e+00
75.51577262 32.87293322 -14.52841665 3.00818280e-01
75.98325909 32.23855739 -12.82708422 0.00000000e+00
75.66979985 32.83937294 -18.17361273 5.86936111e-01
75.64118180 32.69878303 -14.12557356 3.18937783e-02
76.06164173 32.29264488 -14.34431057 0.00000000e+00
75.06660323 33.46250269 -16.14989612 1.24192634e+01
75.43673703 32.95808656 -14.50599306 5.25423658e+00
75.21820486 33.28754291 -16.25234870 9.32912866e+00
75.43041450 33.09349365 -17.86926045 1.14167793e+00
75.31268796 33.30976317 -20.45226456 5.93621673e+00
74.31232489 34.41764367 -16.74625395 1.17147657e+01
74.75042727 33.88177122 -17.17294023 1.22607405e+01
74.54906682 34.08357104 -15.85879205 9.75707626e+00
74.45780846 34.23858867 -16.94768400 1.10354529e+01
74.90397325 33.56800878 -14.36664571 1.23422675e+01
74.46385795 34.10187244 -14.26769250 9.25122888e+00
74.82992459 33.65651035 -14.34905636 1.29077825e+01
74.56628778 33.84673877 -13.06141918 1.47076854e+01
74.73064816 33.60334197 -12.67613931 1.26833276e+01
74.53664921 34.01250033 -14.28277814 1.13286549e+01
74.80410789 33.51472464 -12.68723835 1.23079141e+01
74.78553273 33.58028267 -13.09896131 1.25434612e+01
74.43336731 34.09629927 -13.85417345 9.18926007e+00
74.36686868 33.70439800 -8.85756395 1.39459097e+01
74.27689954 34.03140614 -11.38727977 9.18191448e+00
74.66890178 33.41905284 -10.06497893 1.26323337e+01
74.33101852 34.00735429 -11.80122270 9.75970301e+00
74.92109380 33.15890315 -10.54442119 1.21107773e+01
74.95020630 32.99489191 -8.83506381 1.23054630e+01
74.58404310 33.26349033 -5.93830376 1.23548131e+01
75.08402500 33.05400191 -11.45522797 1.21862650e+01
74.88919849 33.15363192 -10.06401882 1.21988289e+01
75.38866360 32.88207209 -13.20127521 8.86399051e+00
75.96641751 32.12855281 -11.43568371 0.00000000e+00
75.77395112 32.35339001 -11.90581137 0.00000000e+00
75.14623338 32.89611436 -10.53498430 1.28621674e+01
75.25225082 32.64704147 -8.76910101 1.40535502e+01
77.49225415 30.66002124 -5.48586675 0.00000000e+00
75.41075853 32.30187894 -5.68354221 1.57026543e+01
76.32824034 31.48761402 -6.01734931 0.00000000e+00
74.87613654 33.08280641 -8.84495202 1.22665385e+01
75.33220261 32.38700650 -5.71086026 1.38462231e+01
74.86402367 32.83801413 -4.73380360 1.21204794e+01
75.15812696 32.62429252 -6.52800719 1.27110023e+01
74.72990950 33.08569219 -5.91312679 1.20916116e+01
74.87713423 32.90880176 -5.87598914 1.20749404e+01
74.16970427 33.56259193 -3.30925106 1.25067352e+01
74.26493091 33.96019535 -10.50902832 1.04144539e+01
74.89486100 33.01730154 -8.10023595 1.22955329e+01
75.09993012 32.82010554 -8.80661679 1.26981594e+01
74.28313091 33.54992366 -4.78003779 1.27712847e+01
75.69231308 31.75822758 -2.72930534 1.99947839e+01
74.47422646 33.13957150 -2.87295889 1.23715626e+01
75.36243028 32.22573117 -4.19618273 1.61946098e+01
74.38435045 33.29437144 -3.34858111 1.25836758e+01
74.52857478 32.94262161 -0.80831373 1.22395008e+01
74.33065077 33.31812756 -2.81925687 1.26051222e+01
74.60047880 33.02724158 -3.41099050 1.22087868e+01
74.54633800 33.05051919 -2.90375924 1.22454860e+01
74.25907532 33.40756725 -2.79922440 1.26619168e+01
74.16988505 33.39010977 -0.75232926 1.25924808e+01
74.96720795 32.58638176 -3.47777772 1.23861683e+01
74.61873359 32.96165757 -2.93388108 1.21655664e+01
75.19587881 32.15168788 -0.80096551 1.38853959e+01
75.68467201 31.89230205 -4.10508830 0.00000000e+00
75.94798862 31.51912981 -2.67888896 0.00000000e+00
74.91177832 32.60851699 -3.05079319 1.23458765e+01
74.71705286 33.01480958 -4.75663984 1.20996146e+01
75.04202707 32.49918028 -3.44687253 1.25699492e+01
74.90612144 32.74476241 -4.32953348 1.21946561e+01
75.06125059 32.43388936 -2.96946760 1.26573201e+01
74.95139247 32.82078331 -5.85160799 1.22071485e+01
75.27069978 32.24038901 -3.36100489 1.40491196e+01
75.24081742 32.40221391 -4.60783700 1.31033211e+01
75.08812478 32.57522276 -4.66300208 1.25450332e+01
75.08227692 32.71120391 -6.55544438 1.24961662e+01
75.76818306 31.81114827 -4.08198150 0.00000000e+00
76.12553053 31.36567529 -2.66899836 0.00000000e+00
75.77616923 31.67742909 -2.70761756 0.00000000e+00
76.01206081 31.50417509 -3.17128475 0.00000000e+00
75.75369792 31.74090391 -3.21360913 0.00000000e+00
76.08471410 31.31739709 -1.45095216 0.00000000e+00
75.44810714 32.00621344 -2.80589274 2.16222113e+01
75.99562412 31.39396952 -1.45344780 0.00000000e+00
76.01972347 31.33153253 -0.72618378 0.00000000e+00
75.84468406 31.48751553 -0.72830724 2.94150498e+01
76.96231477 30.61549983 -0.74192334 7.87119728e+01
76.74029448 30.81194114 -1.47494939 5.56806248e+01
76.45341109 31.02258240 -1.45835709 3.77566357e+01
76.64390432 30.88132871 -1.46920147 5.50359340e+01
76.59037046 31.00169813 -2.67113063 5.98462924e+00
77.62839547 30.21240381 -1.37733354 3.38178781e-02
77.14544273 30.65078896 -3.13801125 8.02030169e-02
77.29316535 30.79197869 -5.62915790 0.00000000e+00
76.03609637 31.44181948 -2.67415082 0.00000000e+00
76.19123656 31.35229124 -3.15684320 0.00000000e+00
77.67020689 30.78616406 -9.97884538 2.36922685e-01
77.26994013 31.04874846 -10.10994317 0.00000000e+00
76.65262756 31.32097381 -7.36394184 0.00000000e+00
77.82605408 30.41153733 -4.76778611 0.00000000e+00
77.32131041 30.73292278 -5.04718202 0.00000000e+00
76.24638813 31.43048215 -4.34751294 0.00000000e+00
76.46309127 31.46371394 -7.43992945 0.00000000e+00
76.99771633 30.99391080 -5.77950994 0.00000000e+00
75.75261307 32.07889382 -7.78718353 0.00000000e+00
76.90003604 31.06220734 -5.81780400 0.00000000e+00
76.65928349 30.99179778 -3.14882715 2.76400162e+00
76.39062192 31.27480802 -3.97982218 0.00000000e+00
75.72114184 31.89876661 -4.46699515 0.00000000e+00
75.42815382 32.41135842 -7.94514345 1.17283893e+01
75.82874942 32.13171809 -9.87785080 0.00000000e+00
75.78158523 32.21935101 -10.44236144 0.00000000e+00
76.45255815 31.59440535 -9.67301393 0.00000000e+00
76.68393275 31.46017782 -10.23654958 0.00000000e+00
76.34430172 31.59783766 -8.29597548 0.00000000e+00
75.89912922 31.98136120 -8.50118851 0.00000000e+00
76.68857638 31.70032494 -13.33119142 0.00000000e+00
77.02887057 31.17373684 -9.51739767 0.00000000e+00
76.87716023 31.32059758 -10.19788712 0.00000000e+00
77.20914538 30.96936511 -7.95881387 0.00000000e+00
77.00599295 31.43157680 -12.81938172 0.00000000e+00
77.25838236 31.17719463 -11.78946830 0.00000000e+00
77.12699094 31.10595130 -9.48839765 0.00000000e+00
77.23708189 30.91019860 -7.09751816 0.00000000e+00
77.68739539 30.85538272 -11.21676303 8.77636875e-01
77.52366475 30.84002020 -9.33268290 6.11687498e-03
78.08738258 30.77993055 -13.32077081 4.51477042e+00
79.78342494 30.09100350 -13.41269735 9.45463142e-02
79.23932366 30.15822260 -11.22952366 0.00000000e+00
79.71451353 29.78236517 -8.27721075 0.00000000e+00
78.78844653 30.43121138 -12.95048827 0.00000000e+00
80.67489493 29.40928498 -10.49498356 0.00000000e+00
79.51023274 29.94446220 -9.42540002 0.00000000e+00
79.62281907 29.89828584 -9.47407784 0.00000000e+00
79.21683923 30.31714590 -13.58683497 0.00000000e+00
81.88383185 28.60292999 -7.44329661 0.00000000e+00
80.68882163 29.52211808 -12.01044490 1.71695138e-03
82.06125339 28.59040699 -8.49218017 0.00000000e+00
80.41893002 29.56014483 -10.56097033 0.00000000e+00
81.76824000 28.63978170 -7.23107311 0.00000000e+00
80.39104443 29.62003626 -11.11480762 0.00000000e+00
80.32236988 29.62851196 -10.73556134 0.00000000e+00
80.53386144 29.10887380 -5.24478804 0.00000000e+00
79.95088177 29.51164536 -6.12668174 0.00000000e+00
78.79915645 30.12159901 -7.52772194 0.00000000e+00
78.43338401 30.45574472 -11.15753883 0.00000000e+00
78.68401702 30.16307413 -7.43545807 0.00000000e+00
78.07318668 30.66896897 -11.70955100 2.85983285e-01
78.14418921 30.47392391 -9.02789014 0.00000000e+00
77.93191241 30.58865069 -9.11583503 2.90270892e-02
77.91428215 30.51932613 -7.44369491 4.56546809e-03
77.62422409 30.77526881 -9.28044799 1.05247349e-01
78.60334572 30.15489550 -6.52490472 0.00000000e+00
78.41463479 30.38604901 -9.78610479 0.00000000e+00
78.91779408 29.85272151 -4.12425329 0.00000000e+00
78.25287392 30.18566201 -4.65822763 0.00000000e+00
79.16931145 29.84342495 -5.21881704 0.00000000e+00
79.42183049 29.56483966 -3.44046633 0.00000000e+00
78.29421375 30.04959358 -3.64337319 0.00000000e+00
77.35924148 30.58712965 -3.87140042 0.00000000e+00
79.36543716 29.81157736 -6.01636404 0.00000000e+00
79.26565803 29.73471163 -4.37157935 0.00000000e+00
78.53380795 29.83526437 -2.33254441 0.00000000e+00
79.18096906 29.53815721 -1.47743026 0.00000000e+00
77.32818636 30.40700244 -1.45453388 9.44517940e-01
79.11148786 29.63682758 -2.58292403 0.00000000e+00
79.21580037 29.48882242 -0.76666175 5.14336479e+00
79.19249218 29.64704804 -3.14560873 0.00000000e+00
79.77775421 29.26104949 -0.91972635 0.00000000e+00
80.93240651 28.55005184 -2.32399225 0.00000000e+00
79.99784949 29.25444551 -3.02597039 0.00000000e+00
80.52593504 28.78733089 -1.82194000 0.00000000e+00
80.26377514 29.11648660 -3.40297175 0.00000000e+00
79.98610170 29.37675165 -4.61974416 0.00000000e+00
80.35728948 29.04590051 -3.43224643 0.00000000e+00
80.13607343 29.32274506 -5.05917978 0.00000000e+00
80.59938852 29.09774285 -5.57408865 0.00000000e+00
80.90440798 28.82177556 -4.43702590 0.00000000e+00
79.74743117 29.72939485 -7.69159662 0.00000000e+00
80.02378496 29.50833348 -6.68899872 0.00000000e+00
79.59235310 29.72268081 -6.28465316 0.00000000e+00
79.75562744 29.42270370 -3.74743487 0.00000000e+00
82.11208472 28.30477415 -4.69241343 0.00000000e+00
83.29463895 28.01862465 -6.51425124 0.00000000e+00
82.34869210 28.24704186 -5.03132525 0.00000000e+00
82.79625966 28.06819353 -4.73907715 0.00000000e+00
80.87764005 28.88295144 -4.77753589 0.00000000e+00
81.50649478 28.41178563 -3.68797181 0.00000000e+00
81.76092378 28.40313101 -4.32074584 0.00000000e+00
82.11554904 28.11082781 -3.34613454 0.00000000e+00
81.10299239 28.48256375 -2.68427193 0.00000000e+00
82.22049744 27.97115445 -2.02459839 0.00000000e+00
81.63409713 28.12490323 -1.25968120 0.00000000e+00
81.20667502 28.42484767 -2.65961527 0.00000000e+00
82.37444118 27.89938665 -1.01980653 0.00000000e+00
82.35200211 28.05608861 -3.60737488 0.00000000e+00
82.15045801 28.06402734 -3.13775786 0.00000000e+00
81.67502871 28.31147582 -3.53200092 0.00000000e+00
82.38724790 28.01028673 -3.35333644 0.00000000e+00
82.23025382 28.27542712 -4.86520553 0.00000000e+00
85.46277759 27.29056154 -5.59704814 0.00000000e+00
82.94355264 27.92240176 -3.85269813 0.00000000e+00
82.97033291 27.99000735 -4.62426499 0.00000000e+00
82.43196046 28.26537755 -5.60409633 0.00000000e+00
84.89718057 27.49060450 -6.55315284 0.00000000e+00
82.82295990 28.13620616 -5.71880201 0.00000000e+00
82.78742921 28.18184713 -6.24410718 0.00000000e+00
82.47985019 28.32977842 -6.78954936 0.00000000e+00
82.09095418 28.46535726 -6.53401525 0.00000000e+00
82.23517501 28.50490896 -8.20144628 0.00000000e+00
81.95985388 28.38398258 -4.73357082 0.00000000e+00
82.00818791 28.44886996 -5.71091492 0.00000000e+00
81.21573082 28.87612095 -6.94109138 0.00000000e+00
84.53570716 27.77422800 -9.57725219 0.00000000e+00
80.82456463 29.00566674 -5.88981397 0.00000000e+00
80.89276170 28.99765332 -6.30767282 0.00000000e+00
81.08892844 28.86672432 -5.88659632 0.00000000e+00
80.70146660 29.34792382 -9.89136155 0.00000000e+00
81.01258337 28.99879977 -7.27569495 0.00000000e+00
81.11272305 28.93558314 -7.07994786 0.00000000e+00
80.98817303 29.14073340 -9.23325807 0.00000000e+00
81.94430951 28.62417577 -8.24807777 0.00000000e+00
81.26520294 29.01572623 -9.56198232 0.00000000e+00
81.37208234 28.96140666 -9.55820364 0.00000000e+00
81.07519274 29.25137004 -11.41344437 6.54862289e-03
83.06190156 28.29980485 -9.82992919 0.00000000e+00
81.85453920 28.73114570 -9.45897608 0.00000000e+00
82.40634243 28.61399518 -11.49485457 0.00000000e+00
82.30152607 28.75668758 -13.51062963 0.00000000e+00
83.26856946 28.35618520 -12.63378127 0.00000000e+00
84.23012374 27.84505490 -8.94755202 0.00000000e+00
82.00034122 28.56849421 -7.68313582 0.00000000e+00
82.29669265 28.52750334 -8.99364133 0.00000000e+00
82.99743860 28.46422888 -13.01347396 0.00000000e+00
82.92646713 28.55671575 -15.00586584 0.00000000e+00
85.44818154 27.63665903 -12.62177081 0.00000000e+00
81.93666650 28.74476307 -10.32358762 0.00000000e+00
81.98490202 28.80873312 -11.82915056 9.11592820e-03
81.82087359 28.78192524 -10.07450037 7.62057373e-03
81.38782386 29.07740749 -11.39073782 8.12852809e-02
83.12448936 28.72671624 -25.26893109 3.49880989e+00
80.56011484 29.86000760 -16.10329004 5.36246774e+00
83.21554657 28.62820818 -23.00920306 1.32398069e+00
82.97105301 28.80522809 -25.27224483 2.81093415e+00
83.15330428 28.60818155 -20.74670821 2.74918105e-01
82.73498745 28.86854032 -23.88297020 1.63624188e+00
82.74709895 28.97807914 -26.82244377 1.13256917e+01
83.71090913 28.55998778 -25.73120622 4.77185607e+00
82.49900409 28.93249634 -22.93194388 2.78501010e+00
80.66277847 29.66406114 -13.58377719 1.66055339e-01
81.29542844 29.45536572 -16.46026954 1.19081479e+01
81.71874934 29.13897267 -15.24511050 5.98500556e+00
80.96157223 29.70049712 -17.75040373 9.55451629e+00
82.18110424 28.98443051 -17.76570533 6.35720153e-01
81.46375199 29.28773447 -15.16091256 8.24522772e+00
79.53916708 30.38438284 -19.38246835 2.47953382e+01
81.60604175 29.18396714 -14.85768198 6.03812977e+00
81.38610978 29.28401715 -14.30537400 3.36529094e+00
81.86180668 28.96723370 -13.47498233 4.29465786e-01
81.80661548 29.02625777 -13.93609379 8.90173253e-01
81.17681842 29.18977082 -11.35205587 7.07543431e-03
81.14637200 29.45736112 -14.61741694 2.95247737e+00
81.72116343 28.93688178 -11.85201854 1.95985514e-01
81.63411481 29.05084863 -12.89622430 9.56126492e-01
79.59414852 30.13628560 -12.94595947 1.70609916e-02
80.20570087 29.86197236 -12.95119924 0.00000000e+00
80.19418741 29.75260036 -11.43469354 0.00000000e+00
79.32025806 30.16679327 -11.82090795 0.00000000e+00
77.70198210 30.96623492 -12.76060962 2.95880381e+00
78.40060533 30.50891237 -11.72499929 0.00000000e+00
77.85651025 31.11059142 -18.55657307 2.94451619e+01
77.98173603 30.83832085 -13.29784360 7.63971211e+00
77.72471616 31.23192822 -20.41812988 2.87717034e+01
77.83896030 31.04141383 -15.57770238 2.14060795e+01
77.57220961 31.08916719 -13.27533832 4.42692268e-01
77.87532604 30.66114252 -9.90121574 2.01471197e-01
77.77478447 30.96094571 -13.27509428 6.21931525e+00
77.63494117 31.16886577 -15.43237347 3.26281963e+00
79.12062541 30.42697393 -15.66508330 0.00000000e+00
77.96043407 31.04907379 -18.74638309 2.80896712e+01
78.14165254 30.98788410 -21.23578214 2.43891290e+01
77.85926262 31.34837359 -26.55432238 2.11367831e+01
79.15959836 30.56444948 -22.46043064 3.16930452e+01
78.29541099 30.98788523 -24.50037572 1.93802870e+01
80.05673942 30.18023449 -18.60016474 2.38065923e+01
80.06881402 30.05876870 -15.02930710 8.77678667e-01
80.19189737 30.06411947 -16.51469080 5.11193080e+00
79.80271297 30.15758285 -14.88510333 1.59353788e+00
80.50392915 29.97942648 -18.67757496 1.30044977e+01
80.97396926 29.52565690 -14.15932645 1.48783395e+00
80.58785346 29.79985679 -15.08651458 2.38334322e+00
79.91153289 30.10457506 -14.68812012 8.33267052e-01
80.84888288 29.65345459 -15.01496526 3.14869929e+00
81.04531410 29.52042954 -14.65011667 2.74393887e+00
80.47550097 30.03870734 -20.15153398 1.70041456e+01
80.19243187 30.29564632 -24.89548366 3.19080281e+01
78.17415623 31.16797629 -26.72226686 1.82977027e+01
80.13844697 30.36494955 -26.51809979 2.79301182e+01
79.98203963 30.18207379 -17.51036522 1.57799427e+01
79.74213451 30.44939436 -24.80957103 3.49793093e+01
79.12985891 30.80271980 -28.03326985 1.98633746e+01
80.74792285 30.21575756 -30.05797441 2.08680399e+01
78.22352182 31.18138041 -27.31908240 1.76731921e+01
78.24191069 31.25062758 -28.45576505 1.72521706e+01
77.90640110 31.35970326 -27.13342511 2.00838496e+01
78.11629328 31.23873431 -27.24100682 1.84207454e+01
77.82091599 31.49180818 -28.23401181 2.06721766e+01
77.96282316 31.28637342 -26.59614489 2.01070959e+01
78.02858036 31.36742932 -28.31006769 1.86643073e+01
77.93891605 31.53963168 -29.86188859 1.92476205e+01
78.13445204 31.30792374 -28.37375581 1.79342944e+01
78.21072215 31.30641101 -28.99169851 1.73321845e+01
78.31923481 31.25070665 -29.08529015 1.67085568e+01
78.66797826 31.20898145 -30.79617667 1.54478964e+01
78.88355356 31.00804974 -29.61247846 1.61773041e+01
78.55508201 31.25740446 -30.69945317 1.56649069e+01
78.91766400 30.95692840 -29.07803400 1.66665064e+01
78.70131805 31.15658430 -30.42813774 1.55036989e+01
79.34645543 30.83613518 -29.87895814 1.96341536e+01
79.92260060 30.70588048 -31.26410230 1.99181285e+01
79.62141886 30.80302358 -30.89460957 1.98075084e+01
79.47356935 30.90043781 -31.24827640 1.85010957e+01
82.02270312 29.54759288 -30.12641666 1.74173803e+01
82.07086549 29.25398004 -25.61155805 2.26310455e+01
81.16109180 29.78239411 -23.65980699 2.24486297e+01
80.46563955 30.24344135 -27.09994197 2.65529594e+01
82.18704397 29.21663381 -26.27953228 2.34014647e+01
81.44755077 29.66692926 -25.66781407 2.09618446e+01
81.47838910 29.61054274 -24.57212150 2.17961877e+01
81.23534506 29.78049225 -25.02716908 2.36001328e+01
80.88587583 29.83456820 -20.40328941 1.32418285e+01
80.15800652 30.43075340 -28.62718116 2.40555725e+01
81.03090927 29.90476512 -25.13595765 2.34610796e+01
80.93620439 29.84198305 -21.43098769 1.62642278e+01
81.08923362 29.57592723 -16.34540579 8.56452645e+00
81.27946068 29.33944256 -14.14226043 1.66334182e+00
82.42912006 29.02845185 -24.87989994 1.74256687e+01
82.61695117 28.90034011 -23.41977152 1.69495012e+00
82.59993253 29.13259725 -28.08125473 2.72694370e+01
83.89166693 28.76093855 -29.24777905 6.15060514e+00
81.45281113 29.54027106 -21.85466955 2.31309992e+01
81.78630171 29.39536137 -24.15666473 2.28290049e+01
82.71773831 29.09930360 -28.30876448 2.58132828e+01
82.74429832 29.16715057 -29.34628048 2.96044842e+01
82.47395870 29.28372812 -29.43372700 2.65270034e+01
84.46221105 28.68555733 -30.48386569 1.15615406e+01
82.82688810 29.18129749 -29.92945691 3.00205876e+01
87.49382888 27.97591829 -29.72161700 1.36476877e+01
82.86221069 29.13378290 -29.50409373 2.65221243e+01
82.37012644 29.43119452 -30.67426347 2.00033190e+01
81.89346730 29.47519230 -27.82092659 1.86001507e+01
82.00817437 29.43357080 -28.22179165 1.85498779e+01
83.21585304 29.03403982 -29.86486832 1.28827442e+01
86.87407031 28.21958606 -31.58597896 1.46430585e+01
85.62121302 28.19447260 -28.19806690 1.33476150e-01
84.73700125 28.66604865 -31.18912053 1.43367593e+01
85.29314470 28.17776908 -26.60194379 1.29267544e+00
83.06255322 29.11453391 -30.16901753 1.88396471e+01
83.95348839 28.59517108 -27.21187467 5.00613172e+00
83.72121355 28.66668402 -27.23242636 5.80160586e+00
84.63307305 28.25758795 -24.78335587 8.00069208e+00
83.45033734 28.56290843 -23.46300678 3.55330450e+00
85.52891547 27.65101796 -13.39846701 0.00000000e+00
83.85406245 28.40671276 -22.31846886 3.47713821e+00
84.98487758 28.24509300 -26.38738537 9.57828746e+00
85.16828141 28.10634210 -24.66402443 8.87496274e-01
86.41436351 27.59462920 -19.05698657 1.21349564e+01
84.97481326 28.13635440 -24.11146647 3.72143618e+00
86.04560881 27.73548959 -21.33834295 1.97833683e-01
85.90507051 27.86834941 -23.49868417 6.07041918e-02
86.17150202 27.61083332 -17.28846408 7.18181346e-01
85.63101625 27.96441357 -24.21396380 2.03020698e-02
86.96308758 27.82478057 -26.43843235 1.31573940e+01
86.24095839 27.97404574 -26.79469983 1.72632354e+01
85.75958685 28.04750684 -26.32220817 7.25521945e-02
85.18636234 28.40147291 -29.62035184 1.64989914e+01
85.04240898 28.37488379 -28.66938289 1.42169860e+01
84.15098551 28.75179886 -30.14553584 6.09709568e+00
87.36717551 27.77415329 -26.53447354 1.29222234e+01
86.27819670 27.93371488 -26.26275385 1.59113028e+01
86.39509138 28.03425527 -28.24318730 1.51101074e+01
87.82555053 27.88771317 -29.03331457 1.19808552e+01
87.24966596 27.98834855 -29.48784524 1.36236780e+01
86.62952089 28.23540044 -31.36813465 1.54793055e+01
87.19879839 28.02577827 -29.90605130 1.37486947e+01
88.46908537 27.91206167 -30.12258793 3.29441599e+00
87.32108904 28.01967689 -30.01904821 1.37129577e+01
88.59384174 27.80187309 -28.67198326 1.72153470e-01
87.93202117 27.98346919 -30.39958347 1.31586769e+01
88.05408922 27.97507309 -30.44140956 1.52975673e+01
88.29479295 28.06025168 -31.59177811 2.39307232e+01
89.93304255 27.84593158 -30.04192742 1.01497007e+01
88.54224283 27.94125215 -30.50939125 2.46463868e+00
89.89603057 27.77905950 -29.08489534 9.27412108e+00
87.48925179 27.76869611 -26.68334694 1.29142255e+01
87.49779304 27.87194944 -28.25199604 1.32844069e+01
88.43409806 27.84638760 -29.21112914 1.53894559e+00
88.42638861 27.74481457 -27.63134393 2.74676565e-01
87.97711965 27.74126236 -27.05268192 1.70149693e+01
87.81732782 27.78545968 -27.48512751 1.18627104e+01
88.23835169 27.51935525 -23.45219739 6.13324258e-02
87.24506717 27.77912969 -26.36552363 1.29713472e+01
87.20729986 27.81552009 -26.83853386 1.30954259e+01
86.84097198 27.82937453 -26.21210385 1.31810776e+01
86.84553617 27.72254005 -24.38614076 1.29070783e+01
86.60620810 27.94763014 -27.44731993 1.36912815e+01
86.72815788 27.94140513 -27.67552063 1.36083112e+01
87.45999834 27.90845143 -28.73342419 1.33944316e+01
86.47960630 27.73692765 -23.34812914 1.23823725e+01
86.47476606 27.84625340 -25.38250541 1.30793410e+01
85.57469018 27.71426930 -15.95872000 0.00000000e+00
87.70656216 27.48309739 -21.71006821 1.25461215e+01
87.71494756 27.58557378 -24.00472076 1.13567322e+01
86.89674552 27.68545466 -23.79114752 1.28358169e+01
87.74906681 27.65236531 -25.33536568 1.12540734e+01
87.87415669 27.54260107 -23.37844390 6.05324613e+00
88.11373883 27.62995069 -25.54161576 1.93391278e+00
89.08808077 27.46858554 -23.03780602 0.00000000e+00
88.44316265 27.53949024 -24.18305769 1.90251417e-02
88.72112616 27.58982661 -25.37969571 1.63209957e-02
90.01522744 27.36376810 -21.40004353 7.52114778e+00
90.02179451 27.46606264 -23.75383230 8.94705764e+00
88.31401325 27.44614103 -21.84723816 1.56722492e-02
88.68581203 27.52386973 -24.04458918 4.76436122e-03
88.07116239 27.46229346 -21.88964872 1.14709853e-01
88.32185912 27.54772140 -24.22624119 5.56904622e-02
87.51715318 27.35365448 -16.07921349 6.22859477e+00
89.04271539 27.40245093 -21.42662446 0.00000000e+00
87.38789654 27.56538105 -22.76426248 1.25655470e+01
87.58870109 27.38537976 -18.11754753 7.31076662e+00
87.46712732 27.38985137 -17.83065879 9.96202816e+00
87.34152191 27.49762473 -20.89828692 1.28550504e+01
84.28714609 28.19306188 -18.98735971 2.41538234e+00
84.40127608 28.15397234 -18.89396787 2.05716095e+00
87.03134643 27.36513137 -14.34314725 1.24208311e+01
87.46324248 27.49350002 -21.27074787 1.07019727e+01
86.89197506 27.47308012 -17.25731865 1.34825108e+01
87.26623087 27.56942636 -22.52766683 1.27170774e+01
84.95810269 27.84275486 -13.87997325 0.00000000e+00
84.90719672 27.59924209 -8.62192712 0.00000000e+00
84.66309814 28.02454316 -16.77084186 2.31863776e-01
84.20756686 28.18313045 -17.21939592 1.06038219e+00
85.22935889 27.82144778 -16.11821491 0.00000000e+00
85.18461055 27.76142742 -13.63721252 0.00000000e+00
85.64581969 27.62022128 -13.41234492 0.00000000e+00
85.56427192 27.60332642 -12.58857015 0.00000000e+00
84.88941631 27.94259890 -16.54083641 1.46630446e-02
84.99242139 27.79271393 -13.05283937 0.00000000e+00
85.81050771 27.65988234 -16.26155651 1.12688618e-02
85.28810389 27.95262277 -21.63241355 0.00000000e+00
85.69199225 27.68493244 -16.08040294 6.81968987e-03
85.51397676 27.99613578 -24.24962599 1.46472882e-02
83.74635934 28.32986810 -17.01139258 7.02285769e-01
83.33307125 28.59586946 -23.25070958 2.43040092e+00
84.22269240 27.95778506 -10.98559264 8.32440721e-04
83.71109389 28.37705893 -18.84592324 1.17300480e+00
83.85208281 28.18783177 -13.40067946 9.78363683e-02
83.27949041 28.46352993 -16.12712128 1.22245195e-02
83.97771309 28.25815121 -17.22670009 9.27427948e-01
83.80034040 28.45978956 -23.75179340 3.81061986e+00
83.82508957 28.12302378 -11.57736781 7.44045119e-03
83.16202718 28.49511205 -15.79150243 0.00000000e+00
84.17043556 28.01209354 -11.79858073 1.17868155e-03
83.73610000 28.22323044 -13.28323574 6.85756477e-02
83.94061390 28.08695620 -11.66874462 8.54769011e-03
83.70079299 28.27039559 -14.15455593 1.35178176e-01
84.73199374 27.92534807 -14.09952750 1.00149354e-02
84.85118739 27.76974328 -11.62067791 0.00000000e+00
83.70917012 28.15818118 -11.47382396 5.27624377e-03
85.23970150 27.59082596 -10.42008796 0.00000000e+00
84.05572729 28.04996572 -11.74457435 2.91665263e-03
85.32392107 27.48643398 -8.79474717 0.00000000e+00
84.39865453 27.93383910 -11.84328990 1.27808074e-03
85.65066386 27.50526642 -10.97996797 0.00000000e+00
84.68262742 27.68324762 -8.85291602 0.00000000e+00
85.20023602 27.41559405 -6.73369447 0.00000000e+00
84.78885087 27.75550038 -10.88527649 0.00000000e+00
86.75536548 27.29761953 -11.34185167 1.18159754e+01
85.43827822 27.44980666 -8.67095736 0.00000000e+00
88.12661818 27.22025605 -12.87790538 0.00000000e+00
85.12657041 27.63093146 -10.54846901 0.00000000e+00
86.54539670 27.37261887 -12.29244927 1.13892764e+01
84.41985249 27.59435944 -5.85559108 0.00000000e+00
84.86314382 27.54095889 -7.30014570 0.00000000e+00
85.54820071 27.19018606 -4.38371687 0.00000000e+00
84.63855119 27.62530531 -7.57577934 0.00000000e+00
85.48275826 27.17061112 -4.01869321 0.00000000e+00
84.47087324 27.53887240 -5.19272912 0.00000000e+00
85.20534048 27.30014791 -4.79215854 0.00000000e+00
84.33397408 27.69870656 -7.12495024 0.00000000e+00
84.69528048 27.45523030 -4.95619742 0.00000000e+00
83.99145774 27.81440369 -7.10778858 0.00000000e+00
84.30667175 27.63466555 -5.93224936 0.00000000e+00
83.14161669 28.09505948 -6.86622046 0.00000000e+00
83.50172445 27.88908313 -5.69133153 0.00000000e+00
83.05933802 28.07890871 -6.15470669 0.00000000e+00
84.13122246 27.65834049 -5.40913484 0.00000000e+00
83.67190396 27.80359005 -5.29870746 0.00000000e+00
83.38499245 27.92124602 -5.57406260 0.00000000e+00
83.20563046 27.93179150 -4.91541357 0.00000000e+00
83.61805845 27.85589903 -5.78892774 0.00000000e+00
84.55567395 27.43348334 -3.87917576 0.00000000e+00
83.21425708 27.81941911 -3.75240782 0.00000000e+00
83.90030660 27.51435832 -1.22186382 1.61944938e-02
83.64499277 27.73837131 -4.37328113 0.00000000e+00
83.86538779 27.56191260 -2.44172363 0.00000000e+00
83.76046376 27.70393437 -4.41843743 0.00000000e+00
83.63463965 27.63178886 -2.40591075 0.00000000e+00
84.65769044 27.28349310 -1.77516995 0.00000000e+00
83.98002516 27.52523423 -2.43729600 0.00000000e+00
85.24934728 27.01886410 -0.75203163 3.57177508e-02
86.51703398 26.86877517 -1.83772798 2.75552255e+00
84.76921191 27.24042853 -1.89362931 0.00000000e+00
84.32096203 27.40865331 -2.14879781 0.00000000e+00
83.79546469 27.65669175 -4.04055513 0.00000000e+00
85.21535006 27.06924571 -1.61700739 0.00000000e+00
84.44343565 27.47495604 -4.07280571 0.00000000e+00
85.92284726 27.00373039 -2.93885731 0.00000000e+00
84.58971655 27.38360602 -3.24353136 0.00000000e+00
88.44689041 27.02871037 -8.57019047 0.00000000e+00
86.64749574 26.97705808 -3.98656027 1.05267464e+01
85.31850117 27.26060031 -4.60656445 0.00000000e+00
87.97762323 26.95649857 -4.99910204 0.00000000e+00
86.02336814 27.10514366 -4.45445061 0.00000000e+00
88.46013534 26.92570828 -5.02092382 0.00000000e+00
85.09290257 27.34141126 -5.00462615 0.00000000e+00
85.60346914 27.02426939 -2.40737936 0.00000000e+00
85.95465612 27.07480154 -3.95116101 0.00000000e+00
85.54342170 27.30546414 -6.27364410 0.00000000e+00
85.91276203 26.89288346 -1.22919266 0.00000000e+00
85.83971705 26.97747888 -2.36154276 0.00000000e+00
86.88943731 26.97876168 -4.38967756 6.48524878e+00
86.52652365 26.97672450 -3.74019912 8.32195502e+00
85.59298172 26.91280872 -0.61501641 6.85184272e-02
85.56810752 27.07116554 -2.97847409 0.00000000e+00
86.07999166 26.95214260 -2.50632075 0.00000000e+00
88.73897338 26.87337403 -4.18996639 0.00000000e+00
86.76846641 26.97786582 -4.18901353 1.11324581e+01
87.16872035 26.94473463 -4.16825883 7.55075526e-03
86.67531126 26.83465850 -1.03040843 8.74144499e-01
88.01203270 27.02278212 -7.20546829 0.00000000e+00
88.58070932 26.91759804 -5.12893517 0.00000000e+00
87.77352090 26.93223648 -3.94798977 0.00000000e+00
87.11447499 27.08433534 -7.35986989 4.53378604e+00
88.37436977 26.99959286 -7.26334069 0.00000000e+00
88.70129959 26.90979141 -5.22305108 0.00000000e+00
88.20995165 27.24889307 -13.59623467 0.00000000e+00
89.65545387 27.07051461 -11.33079512 2.47091192e+00
87.13138605 26.97959978 -4.90427263 8.07183966e-02
86.38660452 27.08652114 -5.21522390 2.00608742e+00
86.90494900 27.15505772 -8.42634671 1.17626505e+01
86.06040100 27.39890943 -10.73542883 2.21877571e-02
86.66200839 27.15567498 -7.59357764 1.14754548e+01
86.02841532 27.32795156 -8.99787127 1.59783862e-02
86.16375040 26.98411379 -3.15434305 8.86674842e-03
85.78349515 27.13727040 -4.31580772 0.00000000e+00
86.68033315 27.04859230 -5.29755196 1.16663258e+01
86.07512398 27.06354299 -4.05816088 0.00000000e+00
85.83487151 27.09087785 -3.89081780 0.00000000e+00
85.66514664 27.16117558 -4.32602604 0.00000000e+00
86.01842272 27.21739109 -6.52271786 8.64554867e-03
85.67070225 27.38710366 -8.56604824 0.00000000e+00
86.13929613 27.20704326 -6.76665904 2.11983030e-02
85.53376070 27.53567208 -10.98156805 0.00000000e+00
86.73719635 27.40475444 -13.81605419 1.23230388e+01
86.67135847 27.26282766 -10.19922417 1.14550012e+01
87.10222020 27.39902395 -16.01829229 1.26128986e+01
86.87670559 27.29645296 -11.75233071 1.19994484e+01
87.34551658 27.39355862 -17.33255507 1.27849109e+01
87.03547453 27.25976635 -11.40523250 1.16557155e+01
87.52082632 27.25017645 -12.50505173 3.68145835e-01
87.48327887 27.28581242 -13.26239185 1.53260280e+00
89.17787578 27.19165713 -13.24450257 0.00000000e+00
88.24762185 27.21233795 -12.84946323 0.00000000e+00
88.92832475 27.10122156 -11.19538679 0.00000000e+00
90.01898963 27.05584737 -11.47629927 5.63110127e+00
89.09472352 27.16123631 -12.57141232 0.00000000e+00
90.05719595 27.01996818 -10.85728343 6.61596445e+00
89.29183739 27.08447596 -11.20052811 6.87560667e-01
89.89921967 26.95835323 -8.82216420 6.23013729e+00
89.09903528 26.95624398 -7.49396879 2.88639539e-01
89.58260829 26.93655733 -7.42915960 3.75524298e+00
89.93600987 27.02520630 -10.79893090 4.94193866e+00
90.74607791 26.91724272 -9.13079033 1.02175621e+01
90.75148122 27.12201445 -13.55243706 9.23632955e+00
92.11144925 27.03864810 -10.47625469 5.34057851e+00
92.31254936 27.22290252 -13.74778678 2.67203633e+01
93.11342717 27.41559142 -8.61381939 3.33938422e+01
91.10884249 27.00453143 -11.75391312 6.81063990e+00
90.78982550 27.08592766 -12.94748994 9.46195464e+00
91.87708608 26.89691487 -7.52083613 3.67647733e+00
91.51567566 26.76538260 -4.43506065 7.10850489e+00
90.98802308 26.90625791 -9.16548930 8.33858774e+00
91.35644830 26.79649053 -5.46332155 7.32002866e+00
91.03255973 26.76809394 -4.39678271 1.47681979e+01
90.79118457 26.77836244 -4.35191069 1.80221567e+01
90.26227251 26.94199020 -8.96951389 1.04978385e+01
89.82439056 26.92720559 -7.47239132 5.96582157e+00
90.02026057 26.95321035 -8.89331619 7.42856485e+00
90.06610756 26.91698616 -7.58557734 9.05557229e+00
88.94257974 26.89579937 -5.28501023 1.20098928e-01
89.54622245 26.86958533 -5.13283135 5.35870212e+00
89.90843116 26.85539052 -5.26376035 1.03501592e+01
89.58416807 26.83396654 -4.14038292 7.30162551e+00
88.97296934 26.75771617 -1.01254030 7.38196871e+00
90.06719428 26.81434579 -4.34276812 1.10907236e+01
89.70350513 26.93194753 -7.43502149 5.01141126e+00
89.93993292 26.71732447 -1.13521990 9.42405355e+00
89.70494628 26.82933686 -4.20221509 8.98143824e+00
89.46338449 26.83858511 -4.10618199 7.10977443e+00
89.66015518 26.76268583 -2.15879552 7.44969410e+00
89.45642575 26.73630430 -1.03704344 6.64776871e+00
88.82192181 26.90249782 -5.27739468 0.00000000e+00
89.90182407 26.75309673 -2.25660736 9.30421394e+00
90.02263228 26.74794596 -2.25731452 1.03414061e+01
91.47194676 26.69589703 -2.29219889 1.35971638e+01
91.71320070 26.70911002 -2.28222669 1.25744759e+01
90.06077106 26.71208226 -1.12209462 1.04596228e+01
90.14341842 26.74249666 -2.23318521 1.14758130e+01
90.18158603 26.70652849 -1.11109059 1.16313406e+01
91.63124893 26.66892299 -1.14200068 1.68439527e+01
91.38965528 26.66025678 -1.14754779 1.89166195e+01
90.91157738 26.87527229 -7.79733290 1.03517230e+01
91.23567609 26.79710592 -5.44908350 8.22866096e+00
92.46021054 26.92968882 -3.69231181 1.20690909e+01
92.64414938 26.92860729 -2.01736547 4.31409777e+01
93.21710501 27.37033842 -5.11873763 6.30606820e+01
92.42381730 26.95165455 -4.32041768 1.09044486e+01
92.53678048 26.98987172 -4.19740389 1.42249046e+01
93.38642656 27.39903782 -3.62998830 9.12829335e+01
92.30928707 26.91738914 -4.51942674 1.01369795e+01
92.45618455 26.82622106 -1.03306111 2.38977931e+01
91.87161975 26.69207337 -1.13864713 1.36704900e+01
93.17858570 27.18084938 -1.80774064 9.42029357e+01
93.71546888 27.46545791 -0.82979889 1.16864753e+02
93.51667706 27.34180301 -0.85084649 1.11805556e+02
93.31763839 27.32570636 -3.15697305 9.16428419e+01
93.74158574 28.59054868 -30.44480702 4.64858321e+01
93.81868941 27.73359784 -5.14808148 6.50561265e+01
93.81384644 27.52861571 -0.82153886 1.08956099e+02
93.48420060 27.35591917 -1.71477053 1.09280616e+02
92.86541980 27.22587547 -6.60610436 2.54444307e+01
94.01374683 27.86190055 -6.99553882 5.34150436e+01
93.07452446 27.12569500 -1.84250197 8.86331828e+01
92.75693253 27.17771647 -6.81045044 1.82316002e+01
93.62139202 27.60817297 -4.80949940 8.36267436e+01
93.11157006 27.21264669 -3.25801077 7.64896332e+01
93.07970904 27.43167813 -10.07615868 3.01783200e+01
93.88673808 27.91238975 -10.29791758 5.35883369e+01
92.68374840 27.21476405 -9.37567215 9.06783754e+00
93.42112846 27.48665924 -4.94252856 7.65554102e+01
92.64822407 27.23432575 -10.62456131 1.19382893e+01
93.31963683 27.42776049 -5.02231634 7.03487341e+01
92.42298951 27.15428877 -10.91793499 7.86665036e+00
93.28528684 27.44191210 -5.94529285 6.09639063e+01
93.21517498 27.26833449 -3.20598282 8.48652951e+01
92.53519267 27.09062826 -7.27677770 7.11283244e+00
92.34614450 26.89409855 -3.79023114 1.05181578e+01
91.71406262 26.91338442 -8.93890696 5.26800279e+00
91.87826114 27.10100796 -12.94119469 1.00342855e+01
93.21738895 27.47143754 -8.47106319 3.93701922e+01
93.01191363 27.46458651 -12.76606969 4.39926695e+01
93.28717460 27.54389061 -9.89593056 3.97699105e+01
92.65122298 27.43789542 -18.15285885 3.58367782e+01
93.49029168 27.66235600 -9.74505055 5.02434245e+01
92.53920774 27.39599994 -18.14942620 3.24953286e+01
92.79342664 27.26099387 -9.17768356 1.48949122e+01
92.68946113 27.41942797 -16.50925571 3.69786726e+01
93.69278523 27.88821666 -14.20470895 5.32026343e+01
93.98687356 28.07930518 -14.51158846 4.81277053e+01
93.78861524 27.84860148 -9.62587705 5.34755211e+01
93.98206311 27.87444074 -7.85001292 5.41233486e+01
93.68989267 27.78558158 -9.65154175 5.35967106e+01
93.11702831 27.51844220 -12.74655437 4.17479205e+01
93.88937798 28.01492878 -14.24488700 5.13892896e+01
90.90391847 27.28549211 -20.82124510 9.63798231e+00
93.92105633 28.00215018 -13.05476034 5.23576498e+01
93.62938378 28.01636826 -20.59952758 6.99782803e+01
93.18985607 27.79271767 -21.42575291 5.56219947e+01
92.80408338 27.77106757 -25.27277378 4.14995365e+01
92.87602295 27.73604934 -23.88139734 4.32265310e+01
93.93090691 28.41164819 -25.31426335 5.76478889e+01
93.89665061 28.32195770 -23.88418034 6.26063227e+01
92.46781923 27.54046678 -23.11382354 3.11789264e+01
92.98491780 27.98960614 -27.58713898 4.44955274e+01
93.52923485 27.95472234 -20.59168462 7.02532093e+01
93.99166626 28.28404956 -21.46621552 5.24917901e+01
90.30293609 27.41871748 -23.03887359 1.18238922e+01
91.39590879 27.47859548 -25.27397778 1.83678312e+01
92.79823475 27.56642069 -20.62681917 4.13241589e+01
91.96187585 27.45248408 -23.93807591 2.32422882e+01
92.57820115 27.37635892 -16.45925477 3.32050722e+01
92.57662682 27.47707555 -20.67246788 3.35302867e+01
92.31025449 27.32373538 -18.14901836 2.86060404e+01
93.32563225 27.73381178 -16.87974655 6.38656113e+01
91.83612679 27.23166887 -18.13951093 1.69443993e+01
92.19348419 27.29395857 -18.15301117 2.59662255e+01
92.42552678 27.35785244 -18.14289103 3.02404432e+01
92.54051007 27.49778419 -21.49675649 3.28003365e+01
92.23356413 27.16823919 -12.89040915 1.92755675e+01
92.23467003 27.27004077 -16.34728318 2.61483975e+01
91.23561153 27.10404450 -13.61186249 7.94687759e+00
91.15294633 27.17396954 -16.16493393 7.67891744e+00
91.35151674 27.30797481 -21.60910100 1.29966029e+01
91.95619668 27.24793467 -18.14628076 1.88777568e+01
90.87245650 27.11614936 -13.56981494 9.56469643e+00
90.78941588 27.18844335 -16.12733724 8.74763697e+00
88.68095769 27.31983172 -18.07143028 0.00000000e+00
89.20957794 27.46336487 -22.99904348 0.00000000e+00
91.51181180 27.27641875 -20.83480792 1.39979024e+01
89.33109049 27.45853565 -22.97070559 9.28126424e-03
90.63052109 27.12823046 -13.53100806 9.12825690e+00
90.54783833 27.09836842 -12.90076938 9.11942318e+00
89.41444629 27.48952494 -23.72869982 5.70502179e-02
89.44560447 27.35173916 -20.39373164 8.67790832e-03
89.81041952 27.33802324 -20.48163837 4.07286100e+00
89.17147981 27.49907140 -23.78762970 0.00000000e+00
89.68882436 27.34269703 -20.43621267 1.71475099e+00
90.29659055 27.31644935 -20.71964952 9.23852060e+00
89.45261031 27.45395473 -22.95589134 6.47922617e-02
92.11897665 27.44692609 -23.14775870 2.64864088e+01
90.06009037 27.43018620 -22.99793006 9.32610606e+00
91.14660085 27.58381903 -26.95710386 1.66948578e+01
90.42432123 27.41253157 -23.05894950 1.27917067e+01
90.25617855 27.55781616 -25.74051385 1.18014971e+01
90.54568717 27.40615812 -23.07807452 1.38956711e+01
90.17165788 27.63026644 -26.87923199 1.13948903e+01
91.51720551 27.37875778 -23.15849004 1.69435116e+01
90.54500349 27.50875780 -25.19049411 1.38113383e+01
92.00007078 27.42468395 -23.15606038 2.24916259e+01
91.03102309 27.48512721 -25.24796243 1.45582310e+01
91.22980228 27.61605036 -27.50623263 1.84745364e+01
91.72254490 27.73047278 -29.15932503 2.37586395e+01
90.78092156 27.59894805 -26.93338044 1.46997093e+01
92.58098914 27.78231144 -26.99937252 3.56483154e+01
90.17698894 27.83518319 -30.04683350 1.12297086e+01
90.98597590 27.62356459 -27.49408971 1.54302355e+01
90.90947968 27.49020633 -25.23581608 1.37433341e+01
90.30199818 27.52135191 -25.15432456 1.19225241e+01
89.56185041 27.65492947 -26.85632857 2.65293245e+00
90.13966538 27.76853833 -29.09316489 1.08044573e+01
89.31784441 27.66386802 -26.87975570 1.62045465e-01
89.81569305 27.54293620 -25.09318830 5.31402572e+00
89.43984724 27.65934300 -26.86488957 7.58537701e-01
88.71285792 27.89669438 -30.11772031 2.26868706e-01
89.40854164 27.79707330 -29.09640781 1.92094320e+00
90.05628513 27.73811374 -28.53475667 9.82583766e+00
89.16478163 27.80637271 -29.12330249 2.55290891e-01
89.76420627 27.88672851 -30.44225217 1.01610494e+01
89.88641841 27.88199752 -30.44176152 1.04269178e+01
89.81103191 27.85077153 -30.04135714 9.86419125e+00
90.26144188 27.76272863 -29.09823192 1.28107483e+01
90.00860866 27.87694719 -30.44237343 1.05856970e+01
90.66517039 27.70749195 -28.57005355 1.60185552e+01
89.92339309 27.94887556 -31.19927095 1.10604696e+01
91.03027710 27.79252054 -30.07377615 1.66491294e+01
91.15231940 27.68604637 -28.59352589 1.81953893e+01
91.14617686 27.89103497 -31.22213780 1.95439907e+01
91.71830575 27.83210068 -30.49192554 2.37814614e+01
93.40888160 28.52066086 -31.81494147 4.44856717e+01
92.24117629 27.88081224 -30.13289572 3.00210520e+01
92.08078731 27.87975540 -30.51167451 2.77449921e+01
92.58542907 27.88512437 -28.66623517 3.47662923e+01
91.76185142 27.80172956 -30.09944441 2.39067814e+01
92.23997491 27.77908529 -28.63869231 2.96698150e+01
92.58703463 27.98682187 -30.17353770 3.47931060e+01
93.80294475 28.46225127 -27.74737791 5.26446846e+01
92.31954407 27.83360198 -29.19767310 3.08187307e+01
92.54477685 27.80301791 -27.55264202 3.41686951e+01
92.76647821 27.78848655 -25.85923361 4.11697308e+01
92.65727019 27.84491605 -27.55327203 3.62400449e+01
91.71725348 27.62805881 -27.52495043 2.27411383e+01
92.46732469 27.74291428 -27.00017051 3.31255451e+01
93.12493333 28.02700036 -27.03415931 4.78953304e+01
92.80326713 27.87175539 -27.00836465 4.09309635e+01
93.09111104 28.04299143 -27.60293619 4.67164491e+01
94.03367291 28.68133549 -29.01236625 4.28522120e+01
92.88138607 28.04141622 -29.27895334 4.06484141e+01
93.01916574 27.97287780 -27.02692067 4.60347502e+01
92.91602810 28.02387709 -28.71369598 4.13233877e+01
93.33264284 28.14097847 -27.06629126 5.18098478e+01
93.73595294 28.38568554 -27.13432373 5.45508752e+01
93.40203422 28.21464172 -27.65369976 5.21454062e+01
93.23305804 28.18592489 -28.78267880 4.68922467e+01
92.69898384 28.02996389 -30.19044228 3.68110450e+01
94.03641135 28.78380736 -30.52177692 4.09136102e+01
93.80594338 28.56482921 -29.51665657 4.73115364e+01
92.69786651 28.13057575 -31.33267728 3.64678437e+01
93.44171004 28.50642710 -31.45832968 4.51234155e+01
93.84041583 28.65427208 -30.46991115 4.52573174e+01
93.23578884 28.38887424 -31.41517029 4.37971613e+01
93.64368842 28.62931839 -31.49848408 4.50015094e+01
93.02905842 28.38115873 -32.46972996 4.07063095e+01
93.03311435 28.48397318 -33.57427300 4.00266453e+01
93.09521036 28.24671298 -30.64982488 4.32312933e+01
92.98882959 28.19323674 -30.62724488 4.16754556e+01
91.15193386 27.99325531 -32.29325385 2.02170527e+01
91.02969166 27.99746617 -32.28766058 1.78004644e+01
91.83983728 27.84358356 -30.49704743 2.38519920e+01
91.59667234 27.92672123 -31.59890394 2.27109784e+01
91.22965494 27.92313388 -31.58209620 2.07414490e+01
91.39632599 27.78541202 -30.08531663 2.10736717e+01
93.45883116 29.11988873 -37.36548214 3.90139204e+01
92.70226699 28.23338918 -32.42706322 3.64286346e+01
92.36534760 28.21810371 -33.47949598 3.23788648e+01
93.10115418 28.45134328 -32.84810583 4.12952650e+01
92.59462196 28.29301353 -33.51390808 3.48447862e+01
93.76290530 29.40814720 -38.24048951 3.85464281e+01
93.13498401 28.43539919 -32.49018326 4.18386303e+01
92.70669420 28.33619567 -33.53244000 3.62869202e+01
93.65819510 29.14100472 -36.50859043 3.94674934e+01
93.91781590 29.14066590 -35.04122001 3.93476051e+01
93.84560277 28.85880406 -32.61243221 4.18385911e+01
92.99890434 28.50065551 -33.93793088 3.94881956e+01
92.88278053 28.24386550 -31.72192372 3.93122379e+01
92.81279779 28.27981952 -32.44135124 3.79495041e+01
94.04759511 29.19357160 -34.72000155 3.84252300e+01
94.05035874 29.29592110 -35.65448802 3.82874340e+01
92.44229500 28.37609596 -34.91946383 3.32819919e+01
93.81688890 28.97418475 -34.03164303 4.06480831e+01
93.85148598 29.06367762 -34.71431053 3.99788669e+01
94.02467284 29.51303893 -37.66920724 3.83568233e+01
93.51907370 28.88792987 -35.02405511 4.07962932e+01
93.71786720 28.91065903 -34.02297563 4.12025876e+01
94.05334327 29.39839041 -36.51809749 3.82281989e+01
93.34907332 28.75436123 -34.68022096 4.10283918e+01
93.41733979 28.82739311 -35.01690743 4.07943437e+01
92.44847458 28.58047699 -36.73460585 3.33468982e+01
93.31456443 28.76826471 -35.01126479 4.05816899e+01
92.32591699 28.34213196 -34.90633473 3.23099626e+01
93.24571758 28.69634626 -34.67110840 4.05860896e+01
92.20800459 28.31259593 -34.89084550 2.98345558e+01
92.99893825 28.60140063 -34.98278373 3.87940656e+01
90.79088000 28.21358223 -34.41121741 1.61334493e+01
92.81903978 28.48434877 -34.62430026 3.71543192e+01
91.48045182 28.22939909 -34.80236067 2.44493987e+01
93.34665410 28.65238874 -33.61939087 4.21528449e+01
91.40213606 28.09223750 -33.38044330 2.28712939e+01
92.55840618 28.31369503 -33.87659540 3.44525780e+01
92.81710108 28.38263764 -33.53969676 3.76146720e+01
92.24957213 28.28867247 -34.54931858 3.11534348e+01
93.10513938 28.55414643 -33.95157470 4.04250773e+01
92.78128406 28.50167799 -34.96310382 3.67377444e+01
90.54649348 28.22664788 -34.40629818 1.44341108e+01
90.74663969 28.04501764 -32.63554977 1.58305160e+01
90.75269286 28.14723268 -33.70416396 1.59181750e+01
91.48546006 28.12735799 -33.74595571 2.35827385e+01
90.42428710 28.23315519 -34.40532023 1.34770765e+01
90.66868662 28.22005756 -34.40826580 1.54138072e+01
89.69049155 28.26532134 -34.41697623 1.46738141e+01
89.06621132 28.39003114 -35.44856246 3.21537961e+01
91.24096605 28.43462799 -36.65002708 2.43332250e+01
91.15763170 28.19783936 -34.42763091 2.18121373e+01
90.50072553 28.26329857 -34.75614531 1.40975572e+01
91.03533732 28.20211272 -34.42059906 1.92684884e+01
90.74550686 28.25014504 -34.75999023 1.59670408e+01
91.39694692 28.29669758 -35.44689295 2.43114669e+01
89.19605311 28.48723020 -36.35337514 3.40038708e+01
89.44572925 28.27375360 -34.42686887 1.79441801e+01
89.52069773 28.30534637 -34.77423236 1.84505471e+01
89.15753703 28.52274850 -36.65839878 3.43334227e+01
89.39811280 28.30951849 -34.77971951 2.04675088e+01
88.54473231 28.55356932 -36.66700006 2.09108387e+01
89.39586406 28.41199743 -35.73787357 2.62928446e+01
89.64131721 28.40368864 -35.72849611 1.91890130e+01
89.03039077 28.32334862 -34.79731631 2.49397615e+01
89.57000607 28.16705343 -33.35431336 1.33814740e+01
88.67632495 28.23916521 -33.75203233 2.27668589e+01
89.40934410 28.20672932 -33.71950499 1.48341110e+01
89.81445922 28.15825459 -33.34675606 1.26201840e+01
89.27552806 28.31380154 -34.78558333 2.23637505e+01
89.76922682 28.09160052 -32.63229623 1.21055201e+01
87.73829564 28.27094094 -33.23045094 1.45202956e+01
90.05228907 28.04599842 -32.27066593 1.17667727e+01
89.93665855 28.15345317 -33.34369762 1.23482806e+01
90.05751176 28.25091593 -34.40732679 1.29003008e+01
90.02030073 28.18414667 -33.69958926 1.24667129e+01
90.13341091 28.28170590 -34.75718347 1.30817771e+01
90.29672493 28.03452324 -32.27153000 1.24918902e+01
90.50241398 28.05805965 -32.63034667 1.43997195e+01
90.18097915 28.14272665 -33.34122032 1.24465328e+01
90.54725137 28.12403653 -33.34356597 1.46211640e+01
90.63066842 28.15373915 -33.70127239 1.52813157e+01
92.08669668 28.08419146 -32.72252845 2.91814056e+01
90.66930545 28.11747435 -33.34594337 1.55298893e+01
91.27422431 27.99058528 -32.29827067 2.13821005e+01
90.17452154 28.04044818 -32.27060138 1.19338429e+01
90.86876240 28.03881690 -32.63909415 1.61250057e+01
89.89148979 28.08689747 -32.62960535 1.19122742e+01
90.61839120 27.94928472 -31.56407450 1.60043739e+01
90.25172582 27.96835818 -31.55785305 1.21307731e+01
90.12945413 27.97415232 -31.55669942 1.14999459e+01
90.49709984 27.85319808 -30.45287637 1.56182646e+01
89.44490939 27.86405634 -30.05117289 4.28601899e+00
89.64011166 27.99378121 -31.56122894 1.09684607e+01
89.56312236 28.06482258 -32.27993469 1.14541704e+01
86.76102745 28.33429241 -32.61084111 1.54898303e+01
89.07383961 28.08291760 -32.30451017 2.07680273e+00
89.51773349 27.99809355 -31.56498548 9.60105797e+00
89.67863176 27.95823364 -31.20242654 1.07306478e+01
89.44079651 28.06908316 -32.28471508 9.94872314e+00
87.73006713 28.16837920 -32.15133845 1.29092217e+01
88.90860266 27.92013594 -30.49097798 1.46138226e-01
87.07200495 28.13757103 -31.01371260 1.41187152e+01
86.63892149 28.34326089 -32.50926793 1.61286457e+01
88.34066378 28.12509407 -32.30994363 2.45075033e+01
88.90590913 28.02246186 -31.59822532 3.95190099e-01
87.59948589 28.07342936 -31.01156937 1.40403080e+01
86.99639211 28.21242249 -31.68868441 1.44309704e+01
87.73438251 28.37441098 -34.30396087 1.45834578e+01
88.59244488 28.21025451 -33.39438209 2.42071321e+01
87.92882596 28.39428729 -34.71792433 1.38206778e+01
89.04272455 28.22057260 -33.73939408 1.02194865e+01
87.82237983 28.29931951 -33.61995241 1.29767521e+01
89.19614746 28.07797559 -32.29732885 4.26499133e+00
87.31686086 28.43841839 -34.47460687 1.48906277e+01
87.37193364 28.29525995 -33.05061676 1.44875961e+01
86.39502734 28.36451110 -32.30774996 1.89418017e+01
86.88318530 28.32599735 -32.70977162 1.50758944e+01
87.24975795 28.30292381 -32.97541864 1.45307599e+01
87.44770183 28.22101934 -32.36985495 1.42994856e+01
88.42461926 28.15328432 -32.67384694 2.57922361e+01
87.85223570 28.16005309 -32.19917799 1.27398791e+01
87.08090991 28.24284995 -32.12400804 1.44394485e+01
87.31680663 28.12437014 -31.19938834 1.39896779e+01
86.75177235 28.22716255 -31.47854022 1.49690661e+01
86.71411677 28.26560403 -31.82018215 1.52704483e+01
84.95653352 28.47921196 -29.79439295 1.44117404e+01
86.50735145 28.24462587 -31.25770983 1.62954734e+01
84.86464418 28.39907392 -28.25911924 1.21882669e+01
84.52161394 28.51796249 -28.54190832 9.80497352e+00
86.01081415 28.18930073 -29.44988938 7.19791283e+00
85.41774760 28.32788082 -29.45299274 7.17459622e+00
85.85380806 28.25483394 -29.89751034 7.46108529e-01
84.39196894 28.78265754 -31.28987990 1.19504685e+01
84.69897777 28.49381728 -28.96946347 1.15672834e+01
84.17672137 28.63346464 -28.70167929 5.55742749e+00
83.30890654 29.15499923 -31.52524978 1.46359434e+01
84.34695093 28.72413939 -30.51419933 1.00793498e+01
83.71280108 28.77908854 -28.72456050 6.83930276e+00
83.65848476 28.83203057 -29.20731191 7.66901148e+00
83.42425287 28.90081054 -29.10641255 1.00258902e+01
83.24454115 28.91519489 -28.49425301 1.00589746e+01
83.93067980 29.15135160 -33.58397003 7.84261908e+00
85.79154397 28.45678242 -31.99881204 9.17483276e+00
84.12564016 28.90652662 -31.70110367 6.82497531e+00
84.58711793 28.75396834 -31.62115663 1.44088581e+01
84.63201399 28.81265621 -32.36978754 1.51890260e+01
84.28645634 28.92765820 -32.44211376 1.15693360e+01
85.31696053 28.69852312 -33.27088180 2.04221132e+01
86.38531707 28.25523274 -31.14960839 1.77419435e+01
85.55027731 28.63026594 -33.19902466 3.01682200e+01
86.03117862 28.41098333 -32.06642724 2.84575041e+01
85.90606147 28.54609794 -33.19687305 3.18761183e+01
86.23619065 28.41911395 -32.57427771 2.55087911e+01
85.85429100 28.59425419 -33.57939870 4.07143735e+01
86.15203902 28.39292441 -32.13184339 2.98465784e+01
85.74497406 28.39163767 -31.20837838 2.29700135e+00
85.42815120 28.43825258 -30.87754674 1.83525425e+01
85.26582168 28.75206543 -33.68063133 1.86450677e+01
84.36910989 29.12084120 -34.68132539 1.84371635e+01
84.50970111 28.96420700 -33.54059704 1.63921455e+01
84.74691104 28.77385232 -32.33335981 1.50535805e+01
84.45721573 29.01839768 -33.92979826 1.70330403e+01
84.59698162 28.86136178 -32.76032602 1.55344017e+01
84.22563769 29.09412947 -33.95887715 1.39614252e+01
84.48191819 28.89983904 -32.78766280 1.56799966e+01
84.04691344 29.11475268 -33.58816840 7.90763480e+00
83.28253585 29.49523785 -34.91455965 2.84593587e+01
84.39429742 29.00238627 -33.56143125 1.64670729e+01
83.90377162 29.26953174 -34.69326301 1.03824781e+01
83.34654194 29.32845401 -33.44526562 2.64230746e+01
83.82263761 29.07506985 -32.44237249 7.92793732e+00
83.51719231 29.42466217 -34.98995226 2.74928350e+01
83.20297676 29.70476268 -36.59575212 2.20334602e+01
83.75138597 29.35332861 -35.03563723 1.40053872e+01
83.32896103 29.55521911 -35.63321540 2.63948297e+01
84.25306996 29.15856843 -34.69257000 1.74613028e+01
83.44616866 29.51975888 -35.66764797 2.95334270e+01
84.62495684 28.92578336 -33.51416411 1.56704027e+01
84.21765639 29.20665622 -35.05307097 1.78579861e+01
84.14679916 29.30264756 -35.74435402 1.81039461e+01
85.64745264 28.71817008 -34.35788921 3.14908985e+01
84.68111262 29.05486257 -34.99084100 1.55296392e+01
85.76621980 28.68928701 -34.35256505 3.97499865e+01
84.89912555 29.20564038 -36.98034714 1.55356451e+01
84.11136208 29.35056797 -36.07559873 1.92261976e+01
85.07342648 29.00066248 -35.59778243 1.58036190e+01
84.95760586 29.03806973 -35.62760956 1.54068178e+01
86.34305727 28.73897941 -35.96096834 2.20621901e+01
87.71809016 28.47883450 -35.32144480 1.52484759e+01
86.33816653 28.51785423 -33.80282361 2.18436256e+01
86.94947510 28.46394110 -34.24613734 1.54167962e+01
86.45524151 28.61518986 -34.99211815 1.95756322e+01
87.56172857 28.42132078 -34.59551019 1.49225560e+01
85.09160938 28.65805977 -32.19593651 1.68031394e+01
85.43855967 28.54862828 -32.05215403 2.51822184e+01
84.91887800 28.86464802 -33.80852413 1.52795491e+01
85.28728616 28.63248373 -32.50121856 2.06567926e+01
87.48995903 28.39171265 -34.20112616 1.47867432e+01
87.45620168 28.32457344 -33.46002864 1.45930399e+01
87.36770538 28.40005976 -34.13841243 1.47762298e+01
88.04735937 28.48778917 -35.70631209 1.47736835e+01
87.97869063 28.35630608 -34.37744303 1.40410185e+01
87.55749121 28.52541000 -35.57585175 1.51517809e+01
87.85654906 28.36543522 -34.34391199 1.33097564e+01
87.47300023 28.49697223 -35.22928241 1.50448148e+01
88.66289601 28.34204940 -34.80576944 3.08879306e+01
88.21577030 28.54302840 -36.34017686 1.61064981e+01
87.44342293 28.63821802 -36.46970050 1.53548912e+01
88.33050722 28.43225755 -35.44025055 1.78318834e+01
88.09339732 28.55251307 -36.32385688 1.50969719e+01
88.71164473 28.30515873 -34.45752386 2.93091225e+01
88.46059028 28.52516758 -36.36020192 1.93693161e+01
88.94349652 28.39538484 -35.45329571 3.33026463e+01
88.58306108 28.51708638 -36.36478154 2.22211572e+01
88.16245755 28.68364377 -37.55231102 1.57105820e+01
87.56581928 28.62863665 -36.50962899 1.53786144e+01
87.09137916 28.84300228 -37.91354251 1.61165836e+01
87.97102987 28.56216411 -36.30284586 1.43406280e+01
87.72219834 28.68520547 -37.16982646 1.56458580e+01
88.05522885 28.58969332 -36.62297521 1.49208076e+01
87.96719062 28.66519265 -37.21944567 1.50108795e+01
87.21422325 28.83208819 -37.95564112 1.59196744e+01
87.84469927 28.67518891 -37.19659807 1.58374998e+01
88.32750268 28.84125506 -39.08770808 1.67490351e+01
88.65028508 28.75113954 -38.48893799 2.01976701e+01
87.16689658 29.08359902 -40.20592300 1.64470430e+01
87.30754271 28.96422975 -39.23972040 1.61000388e+01
87.83238059 28.98558274 -39.99121221 1.62974552e+01
87.42180204 28.84901599 -38.33122848 1.58197234e+01
86.83131147 29.19179104 -40.83922624 1.71229848e+01
83.94272866 29.84328711 -40.07767327 2.07998672e+01
88.02791920 29.00246218 -40.35380811 1.66424534e+01
87.90487946 29.01341116 -40.34051213 1.64449332e+01
86.18697923 29.20940327 -39.94891829 1.90589851e+01
86.92112111 29.10955593 -40.14227633 1.68708400e+01
87.06225393 28.98769221 -39.17379713 1.64264423e+01
87.18488347 28.97578577 -39.20815546 1.62310976e+01
85.99138132 28.98188247 -37.52260521 2.32918291e+01
86.12262949 29.07062549 -38.56181389 2.08852875e+01
86.37554680 28.80881668 -36.63887568 2.10627955e+01
86.13243963 28.84398585 -36.54635593 2.69734132e+01
87.22288534 28.93694832 -38.90305494 1.61267791e+01
87.42628273 28.74408774 -37.39822192 1.55973710e+01
86.22150083 28.75555447 -35.90758375 2.68014772e+01
85.87093955 29.00643013 -37.50718702 2.23986144e+01
86.13730346 28.73093974 -35.54044469 3.20764291e+01
86.01155555 28.86499019 -36.51353243 2.87183344e+01
86.01643099 28.75126608 -35.50235892 3.84518812e+01
85.83942081 28.93756206 -36.82639077 2.42442686e+01
84.32002520 29.61370800 -39.04597852 2.01844639e+01
85.27825309 29.16178697 -37.57219852 1.65832530e+01
85.30012789 29.04244510 -36.55212705 1.70716852e+01
83.49968406 29.65080414 -37.01062320 2.46152389e+01
84.54314872 29.43176389 -38.03510060 1.71255030e+01
84.72625530 29.11388202 -35.67872651 1.54907146e+01
83.61697662 29.61477328 -37.03157454 2.78936089e+01
83.52642621 29.71617064 -37.68021950 2.28516992e+01
83.99536731 29.57035581 -37.72706784 2.72547779e+01
83.73580619 29.79818651 -39.03492757 2.17862391e+01
83.52827546 29.93662138 -39.69492824 1.93989544e+01
83.95972698 29.61818235 -38.05643429 2.74552000e+01
85.16522430 29.42044084 -39.63549140 1.60653037e+01
85.25286638 29.31943714 -38.93087564 1.62853686e+01
83.41102693 29.97349719 -39.67797219 1.89327251e+01
85.34257043 29.51862713 -41.09538367 1.64078994e+01
85.28264412 29.38561343 -39.61654389 1.63212602e+01
86.35589187 28.92247989 -37.62568362 2.05525604e+01
85.59598431 29.10996443 -37.85612012 1.88337119e+01
85.52402704 29.20466102 -38.54701827 1.76704630e+01
85.46106298 29.48581019 -41.08139586 1.66811773e+01
86.30874300 29.18935414 -39.97538327 1.88227723e+01
85.47769079 29.14181964 -37.87398654 1.78034037e+01
85.71487316 29.07998214 -37.84682673 2.00264436e+01
85.72042254 29.64620211 -43.42421246 1.68904063e+01
86.22934166 29.38926252 -41.86885321 1.79792832e+01
85.74631650 29.48876441 -41.84559142 1.72679759e+01
84.92748389 29.82729454 -43.07433132 1.62772972e+01
86.60496175 29.44022477 -43.08108636 1.73749572e+01
87.03915718 29.20369350 -41.26254315 1.67650025e+01
85.48188450 29.70614436 -43.43241750 1.65390405e+01
85.38892348 29.58079210 -41.87201053 1.64518175e+01
85.10664677 29.58743860 -41.12546788 1.61026413e+01
84.42288927 30.02112729 -43.47462430 1.70324089e+01
84.53999035 29.98425996 -43.47254975 1.68096050e+01
85.27062114 29.61406303 -41.88489266 1.62754051e+01
84.16877149 29.88169747 -41.19143563 1.90593418e+01
84.06151211 30.02553368 -42.33387419 1.88529521e+01
83.57472837 30.40116885 -44.61644199 1.95886049e+01
83.75562837 30.19580754 -43.08981890 1.99362310e+01
83.97997816 30.01469151 -41.95188061 2.07105152e+01
83.94424879 30.06263159 -42.33224477 2.09505165e+01
84.45863094 29.97315475 -43.09240780 1.71016540e+01
83.83718727 30.20657684 -43.47362286 2.02026202e+01
84.69288777 29.89959735 -43.08514669 1.65808298e+01
84.34152863 30.01015500 -43.09446752 1.73653565e+01
85.00917453 29.83976629 -43.45659187 1.62571387e+01
85.39927765 29.69065729 -43.04570755 1.64366747e+01
85.16281248 29.75726255 -43.06054514 1.62402199e+01
85.35289051 29.62833452 -42.26698945 1.63922879e+01
86.30413999 29.63764982 -44.60970983 1.71545642e+01
86.67050136 29.57691597 -44.61754733 1.71359999e+01
86.54816427 29.59604513 -44.61470840 1.71609541e+01
86.18251383 29.66027963 -44.60724254 1.71108389e+01
85.75683330 29.59975497 -43.02843045 1.70134303e+01
86.23947722 29.49976851 -43.04320650 1.75716567e+01
87.33182775 29.24264397 -42.05523977 1.65966817e+01
86.93431521 29.43114342 -43.49448275 1.70329109e+01
86.60016470 29.55108303 -44.23225573 1.72168522e+01
87.70081800 29.20490385 -42.10085942 1.65664620e+01
87.58672754 29.00808410 -39.95303527 1.61464563e+01
89.63596968 29.12104445 -42.49084371 1.99735907e+01
87.20025143 29.15082444 -40.92558810 1.65287051e+01
87.54774189 29.35943293 -43.54111536 1.67866476e+01
87.78549801 29.23109046 -42.47021532 1.66679638e+01
88.16228116 29.29837619 -43.56837123 1.71499968e+01
87.82385845 29.19288395 -42.11247227 1.66300778e+01
89.88306229 29.11256045 -42.48902328 2.02412165e+01
88.07002279 29.16985949 -42.13114439 1.68867789e+01
87.79344200 29.33377760 -43.55445858 1.68515506e+01
87.21284075 29.46770700 -44.25889367 1.69493267e+01
88.20076545 29.26081475 -43.21147016 1.68265827e+01
87.67057616 29.34643285 -43.54834774 1.68064552e+01
87.28434488 29.49440692 -44.63057741 1.70006058e+01
88.19686196 29.36358344 -44.28475030 1.70278896e+01
88.44343725 29.34330538 -44.28676426 1.73587775e+01
88.64085792 29.36384512 -44.64357887 1.79301788e+01
88.81391110 29.32031186 -44.28697293 1.84163919e+01
90.12715974 29.30772199 -44.64114778 2.13756071e+01
90.05057382 29.27683583 -44.28229058 2.10390199e+01
90.62204068 29.28240850 -44.64132199 2.35270721e+01
91.61677814 29.15227832 -43.57006791 2.67543964e+01
90.74570351 29.27553478 -44.64143344 2.41560060e+01
90.98819829 28.85300695 -40.36017033 2.89864743e+01
89.42082178 28.99124211 -41.06092288 2.04692552e+01
92.09588380 28.99978490 -41.42052552 2.88553213e+01
90.37056940 28.98823514 -41.41221796 2.26808570e+01
89.05693184 29.10568541 -42.14215533 1.96445221e+01
89.87643130 29.01029243 -41.41300456 2.01946992e+01
89.01811300 29.14123176 -42.50029675 1.93986117e+01
90.00657224 29.10772829 -42.48852544 2.06442558e+01
88.93337107 29.11072009 -42.14461189 1.92822924e+01
89.54449255 28.98738575 -41.05847384 2.03215325e+01
88.68637387 29.12316053 -42.14692971 1.83000653e+01
89.13740334 28.93239757 -40.37097310 2.11061534e+01
88.89458540 29.14646684 -42.50226717 1.90324535e+01
88.69034539 29.32692641 -44.28711075 1.80708325e+01
88.45034467 28.83223358 -39.09291497 1.76464132e+01
88.56991409 28.92619474 -40.04146754 1.82313436e+01
88.90365474 28.83982505 -39.39605108 2.15584191e+01
88.69302111 28.91868542 -40.04143206 1.91240109e+01
88.94226872 28.80404414 -39.09204996 2.24043458e+01
88.93939724 28.90625485 -40.03742874 2.08257235e+01
89.18847170 28.79430295 -39.08443361 2.35362630e+01
88.40436479 28.76744165 -38.48382008 1.75306738e+01
89.43472886 28.78609773 -39.07724521 2.24793983e+01
89.05821318 28.69699888 -38.17884512 2.67070448e+01
89.68097528 28.77806598 -39.07165400 2.10150611e+01
89.38905406 28.71933054 -38.47126612 2.41523154e+01
89.03490846 28.52760996 -36.66328678 3.54060502e+01
88.82526205 28.60534254 -37.27561727 2.69175773e+01
90.00642456 28.59497527 -37.54548027 1.93012520e+01
89.67420243 28.67582601 -38.15973884 2.18871666e+01
90.98889081 28.64808123 -38.46456456 2.39560871e+01
89.79738172 28.67149044 -38.15726554 2.08977230e+01
90.42131926 28.54105363 -37.23885136 1.56986435e+01
93.15240931 29.14908312 -39.10869005 3.72012423e+01
89.55576544 28.88461830 -40.02117942 2.08230705e+01
92.01565882 28.74921175 -39.09690278 2.87694547e+01
90.12509441 28.89752839 -40.35494698 2.12037078e+01
94.03685926 29.92259280 -41.40306129 3.83441265e+01
89.27289217 28.82547776 -39.38530041 2.25982830e+01
89.38437837 28.92415177 -40.36430919 2.09657921e+01
90.03902182 28.96965094 -41.05344844 2.06938496e+01
89.67903969 28.88059693 -40.01904868 2.04965093e+01
90.04874480 28.86667952 -40.01559374 2.08720056e+01
90.24845670 28.89176435 -40.35489890 2.18916784e+01
91.77248962 28.82181655 -40.03129128 2.76263978e+01
91.52610128 28.70709341 -39.08504458 2.71074846e+01
91.27991496 28.70671300 -39.07890756 2.70307002e+01
91.97699259 28.77719564 -39.39603360 2.85459677e+01
91.64960075 28.81361050 -40.02989881 2.72813393e+01
90.28611971 28.95830665 -41.05327963 2.20771939e+01
91.24081730 28.74162538 -39.38161385 2.73476230e+01
91.36388220 28.73981862 -39.38386389 2.70319000e+01
91.73108794 28.44496221 -36.68342285 2.81323251e+01
90.98930907 28.54558461 -37.55189794 2.19246584e+01
91.97090150 28.57290204 -37.60191785 2.94317918e+01
90.91088127 28.72006955 -39.07169387 2.33525800e+01
91.48132155 28.63811228 -38.47904476 2.67980833e+01
90.90488999 28.61786819 -38.15853439 2.10039220e+01
93.82514126 29.28093906 -36.79912441 3.89530576e+01
93.52934025 29.29603152 -38.52853106 3.83269772e+01
93.01163677 29.11113709 -39.39912735 3.64725298e+01
92.82864661 28.99272952 -39.10589294 3.55675880e+01
94.03379620 29.82023641 -40.35358072 3.82486621e+01
93.66095174 29.24316360 -37.37360032 3.89863051e+01
93.11849583 29.16491915 -39.40198640 3.69363169e+01
93.86561141 29.57499775 -39.10956141 3.82990538e+01
93.93530241 29.75459020 -40.35389859 3.82036910e+01
92.94011414 29.24458085 -41.04654740 3.54910895e+01
91.72845172 28.85234785 -40.36895577 2.74375696e+01
93.43112187 29.33793070 -39.40041714 3.77693016e+01
94.07176095 30.01295127 -42.12297092 3.83304294e+01
93.93829565 29.85686438 -41.40168715 3.81704118e+01
93.87112980 29.77923893 -41.04462045 3.80693199e+01
92.22147453 29.12681338 -42.48804017 2.93330718e+01
93.12127518 29.36742789 -41.40269939 3.61397522e+01
92.21630106 29.02425782 -41.41490542 2.94455128e+01
91.77365376 29.02567225 -42.13916904 2.73972417e+01
92.01319755 28.95194268 -41.06433302 2.84868739e+01
90.78607312 29.03407787 -42.13175753 2.65011862e+01
91.85193922 28.96500096 -41.42105277 2.77665429e+01
90.62364341 29.07718848 -42.48943091 2.46781693e+01
91.36413967 29.04651987 -42.49461695 2.64227887e+01
90.91547337 29.12980108 -43.20799858 2.63087803e+01
91.03286912 29.02177420 -42.13350724 2.80073625e+01
90.98774826 28.95550134 -41.41634346 2.87148531e+01
93.05718883 29.50247092 -43.19039309 3.52572514e+01
93.83917456 29.79181473 -41.40232775 3.79529004e+01
92.95139598 29.55173890 -44.27236656 3.44348594e+01
93.54701232 29.90874464 -44.63885142 3.66707152e+01
90.87638376 29.16598746 -43.56633351 2.57372414e+01
90.99371580 29.05769606 -42.49159267 2.74570064e+01
93.37304878 29.67234682 -43.19341081 3.63968367e+01
93.44461864 29.84761296 -44.63652381 3.62737763e+01
93.64634685 29.86953593 -43.55536880 3.71910171e+01
93.84623972 29.99691765 -43.55772066 3.78438977e+01
93.97683517 30.04954216 -43.19963900 3.82849381e+01
94.04347519 30.12754817 -43.56155786 3.84456424e+01
74.59439408 36.09315805 -44.13607425 1.24850706e+01
74.70040844 36.00980869 -44.56739995 1.27963981e+01
74.77542838 35.92066358 -44.56643969 1.31033137e+01
74.96916367 35.64834800 -44.12929288 1.42611832e+01
74.85053562 35.83160161 -44.56554455 1.34113775e+01
74.67578115 35.86736684 -42.83642731 1.42565562e+01
74.60114226 35.95646108 -42.83955631 1.33800413e+01
74.97527327 35.51185270 -42.82436408 1.56359748e+01
74.89398832 35.73711757 -44.13039670 1.40008057e+01
74.58230633 36.02184628 -43.27278352 1.27026051e+01
75.20199025 35.24676252 -42.81570973 1.55016125e+01
75.07675971 35.56512913 -44.56451859 1.40021900e+01
75.27226948 35.29498078 -44.12481789 1.42971825e+01
75.25880115 35.22423172 -43.24996307 1.50986753e+01
75.45927403 35.12484880 -44.55934676 1.34370221e+01
75.30520771 35.30023701 -44.56209709 1.38330679e+01
75.22875844 35.38832626 -44.56272080 1.39853861e+01
75.15262484 35.47663319 -44.56441594 1.40439876e+01
75.04454899 35.55973107 -44.12895933 1.43897563e+01
75.00114102 35.65380003 -44.56444074 1.38797613e+01
74.92575577 35.74263726 -44.56485214 1.36793679e+01
75.42576176 35.11963112 -44.11987640 1.36936008e+01
75.56712921 34.87508461 -43.24198721 1.37050216e+01
75.69436941 34.86443655 -44.55980667 1.32238345e+01
75.65979712 34.85914602 -44.11917790 1.33508313e+01
75.85462337 34.69320534 -44.56087118 1.32336804e+01
76.06492359 34.43527498 -44.12451641 1.35417545e+01
75.93602406 34.60846748 -44.56143788 1.32772392e+01
76.53705608 34.03830538 -44.57201503 1.45808369e+01
76.27212187 34.27704594 -44.56460514 1.37265307e+01
76.14891065 34.35260268 -44.12596223 1.36800756e+01
76.50594912 33.89908745 -42.85989340 1.63681431e+01
76.32056353 34.19000655 -44.13214569 1.41073473e+01
76.05008300 34.36523891 -43.25609560 1.37978392e+01
75.98204280 34.51874907 -44.12343243 1.34402077e+01
75.82561946 34.55275497 -42.81696745 1.36373694e+01
75.53701717 35.03763028 -44.55915094 1.33375507e+01
75.50910409 34.89660626 -42.80549671 1.40005479e+01
75.50318483 35.03241045 -44.11849771 1.35398557e+01
75.58116476 34.94556090 -44.11852218 1.34216280e+01
75.77409931 34.77854966 -44.56031853 1.32134831e+01
75.80764912 34.44343346 -41.51771775 1.38628917e+01
75.73912856 34.77320201 -44.12012520 1.33216627e+01
75.81922566 34.68777915 -44.12118971 1.33308201e+01
75.72481758 34.70286735 -43.24600379 1.35282240e+01
75.80478017 34.61751738 -43.24850507 1.35306098e+01
75.98885223 34.38425321 -42.82379212 1.38218398e+01
75.90016982 34.60293961 -44.12230906 1.33708725e+01
76.11627315 34.17301245 -41.97081115 1.44179318e+01
75.96733274 34.44863658 -43.25365081 1.36653486e+01
76.20145023 34.09124995 -41.97801514 1.47892493e+01
76.07198665 34.30108342 -42.82692798 1.39928583e+01
76.39290402 34.04043944 -43.27699383 1.50235318e+01
76.57957672 33.71189054 -41.60251771 1.95109883e+01
76.23411548 34.27083175 -44.12804551 1.38653512e+01
76.24179637 34.13735195 -42.83496617 1.45510832e+01
76.21901011 34.20094779 -43.26239517 1.42363851e+01
76.22428716 34.02762841 -41.55597739 1.51448322e+01
75.94947606 34.33916151 -41.95946588 1.39584627e+01
76.09864409 34.06336523 -40.69273346 1.48398855e+01
75.86765588 34.42336861 -41.95437850 1.38355774e+01
75.90675555 34.46816635 -42.82043717 1.37054062e+01
75.87099403 34.24931445 -40.24257597 1.41872213e+01
75.88885703 34.35874703 -41.52326591 1.39553617e+01
75.70933355 34.41950963 -40.22883150 1.40271402e+01
75.70675674 34.59369243 -41.94538388 1.37632689e+01
75.49094539 34.78774839 -41.50535442 1.45303453e+01
75.60943868 34.57061014 -40.64798519 1.40448041e+01
75.62751444 34.67968015 -41.94167770 1.38333199e+01
75.66590425 34.72369495 -42.81022457 1.36538748e+01
75.33647103 34.96250563 -41.50276681 1.54428756e+01
75.39529728 34.76622085 -40.21567952 1.54599100e+01
75.31697958 35.02794055 -41.93581356 1.54537729e+01
75.33519712 35.13648501 -43.24631039 1.47349266e+01
75.18275739 35.31221829 -43.25498049 1.52465225e+01
75.16453217 35.20396056 -41.94434698 1.55002139e+01
75.41345310 34.87495676 -41.50456877 1.52223684e+01
75.43163893 34.98368502 -42.80480300 1.44879096e+01
75.24057677 35.11582885 -41.93908691 1.55318585e+01
75.27814599 35.15880412 -42.81092593 1.52539680e+01
75.12615347 35.33494015 -42.82041021 1.55971470e+01
75.08879349 35.29230339 -41.95039704 1.55599857e+01
75.12018624 35.47129149 -44.12893453 1.44690929e+01
75.10701452 35.40041307 -43.25708506 1.53567358e+01
74.75048690 35.77834374 -42.83329038 1.49158828e+01
74.66918292 36.00403541 -44.13511956 1.28707565e+01
74.80639677 35.75487300 -43.26493500 1.46544042e+01
74.74402997 35.91497940 -44.13383964 1.32714202e+01
74.58305006 35.84939075 -41.54316343 1.48565854e+01
74.73162623 35.84378904 -43.26773957 1.41360692e+01
74.71348467 35.73645175 -41.96814579 1.55708316e+01
74.90019323 35.60056413 -42.82775550 1.55816645e+01
74.95707673 35.40399439 -41.52073838 1.54463362e+01
74.86385168 35.38515485 -40.23159082 1.43021925e+01
74.86308841 35.55839783 -41.96058156 1.58821282e+01
74.54614646 35.80781399 -40.68485725 1.49292473e+01
74.95629467 35.57734283 -43.25997501 1.52492170e+01
74.93809412 35.46953602 -41.95596742 1.57547997e+01
74.77009029 35.53988274 -40.66798504 1.53984028e+01
74.80711829 35.58185674 -41.52935326 1.58716933e+01
74.63882012 35.82560613 -41.97221837 1.49741960e+01
74.62072397 35.71843068 -40.67925373 1.58639536e+01
74.85108411 35.31414310 -39.39605995 1.34418883e+01
74.99512906 35.27286874 -40.65518032 1.42892068e+01
74.93890459 35.29613437 -40.22760154 1.40105098e+01
75.07654157 35.04778566 -39.38318049 1.28107203e+01
75.16558470 35.03014173 -40.21698743 1.37837748e+01
75.45890578 34.60837381 -39.38061593 1.52239658e+01
75.01419998 35.20728484 -40.22411625 1.36796598e+01
75.07059857 35.18419031 -40.65014984 1.42037855e+01
75.25993258 35.05035167 -41.50349613 1.53828666e+01
75.29879095 34.91938972 -40.64257703 1.49759620e+01
75.24174733 34.94189353 -40.21489050 1.41837835e+01
75.45295964 34.74423009 -40.64432785 1.51268493e+01
75.19550732 34.86594873 -38.97180207 1.28551945e+01
75.18212900 34.79518135 -38.15646298 1.24853987e+01
75.05023817 34.90606605 -37.75400978 1.21334551e+01
74.96912778 35.13102684 -38.97943371 1.26835711e+01
74.78897691 35.47430923 -40.23725399 1.48882965e+01
74.84492719 35.45074524 -40.66244504 1.50068567e+01
74.62725323 35.58171980 -39.41531599 1.45364265e+01
74.75123986 35.26104037 -37.77766025 1.27335880e+01
74.56497753 35.74232372 -40.25477987 1.54362867e+01
74.70175887 35.49243564 -39.40834234 1.43197139e+01
74.63956542 35.65290815 -40.24888451 1.54734426e+01
74.69536447 35.62911608 -40.67357072 1.57101070e+01
74.55281945 35.67107735 -39.42188056 1.43598242e+01
74.58404003 35.50475232 -38.20381688 1.34960732e+01
74.50992520 35.59396240 -38.16545115 1.28408328e+01
74.65822078 35.41561191 -38.19491898 1.34313919e+01
74.59623073 35.57599608 -39.01278590 1.42353996e+01
74.73316440 35.15349738 -36.55983059 1.22611760e+01
74.60274131 35.43928983 -37.79605004 1.32430915e+01
74.78878100 35.12994355 -36.95926443 1.22091095e+01
74.67694196 35.35012147 -37.78645874 1.31011582e+01
74.49191157 35.48695949 -36.83232745 1.18222555e+01
74.80757373 35.06436046 -36.55133574 1.20733946e+01
74.73248999 35.32655384 -38.18635176 1.31389940e+01
75.39339270 34.42373501 -36.93892050 1.36944467e+01
75.25811364 34.70733966 -38.15579948 1.28406233e+01
75.33601290 34.44567797 -36.53277633 1.28085261e+01
75.20137147 34.72971591 -37.74849507 1.24866756e+01
74.82566405 35.17206307 -37.76931758 1.23746000e+01
75.01309512 34.86346352 -36.94231537 1.19734618e+01
74.95701731 34.88653814 -36.53853021 1.19530119e+01
75.03121375 34.97158008 -38.16091045 1.22429734e+01
74.88141716 35.14875480 -38.17141213 1.24549343e+01
74.97512500 34.99455328 -37.75677791 1.21357470e+01
75.10651365 34.88327262 -38.15860282 1.22892753e+01
75.13727646 34.54526356 -35.28971776 1.21855996e+01
74.81952028 35.30866253 -38.99165383 1.32867884e+01
74.80687408 35.23759310 -38.17890709 1.26724346e+01
74.95618518 35.06007670 -38.16498920 1.22601310e+01
74.89421257 35.21976507 -38.98540776 1.29062559e+01
75.77526696 34.26386539 -39.40162292 1.41742250e+01
75.80960965 33.92928417 -36.58583409 1.47003610e+01
75.82071284 34.17357594 -38.99854180 1.43027913e+01
75.99218774 33.87175531 -37.81797028 1.52602635e+01
75.74002635 34.25840143 -38.99199353 1.41982924e+01
75.72569189 34.18809419 -38.17538816 1.42991997e+01
75.66650169 34.20852142 -37.76922270 1.43710741e+01
75.87003508 33.90973236 -36.99444092 1.48400504e+01
75.58733897 34.29428628 -37.76577060 1.46784537e+01
75.54913609 34.25026247 -36.95547944 1.51759434e+01
75.35408252 34.55442738 -37.74757142 1.35562498e+01
75.47092826 34.33677437 -36.94576152 1.52102890e+01
75.43119530 34.46728740 -37.75050099 1.46264589e+01
75.49092150 34.27154620 -36.54482499 1.52690034e+01
76.05880970 33.67978649 -36.65580014 1.63837324e+01
75.88775779 34.01925269 -38.19747465 1.46258782e+01
76.47436446 33.34550769 -37.19470727 2.69762110e+01
76.24825827 33.62784983 -37.89335766 1.81206804e+01
75.95267089 33.82629904 -37.01544931 1.52832049e+01
75.82737614 34.03874603 -37.78314168 1.45260774e+01
75.74648679 34.12331972 -37.77034671 1.43722425e+01
75.80624731 34.10333832 -38.18387095 1.43985780e+01
75.98502648 34.00600124 -39.02445935 1.48437135e+01
76.05396932 33.85337894 -38.23417006 1.55207321e+01
76.22500788 33.69111447 -38.28231841 1.73465316e+01
76.15384157 33.84171418 -39.06116836 1.60003968e+01
75.90235334 34.08941968 -39.01030513 1.45139404e+01
75.90925090 33.95486828 -37.79900235 1.48160451e+01
75.93855135 34.09513153 -39.42214776 1.45378763e+01
75.97030178 33.93590586 -38.21414442 1.49888189e+01
75.95325721 34.16522225 -40.25204119 1.43949413e+01
76.02174584 34.01187443 -39.43537240 1.48864573e+01
76.01458652 34.14610862 -40.68163772 1.44784485e+01
76.10611040 33.92947657 -39.45084645 1.53887609e+01
75.78971338 34.33409957 -40.23506531 1.40641715e+01
75.85641742 34.17915149 -39.41064300 1.43059344e+01
75.58118817 34.42979599 -38.97849279 1.44171626e+01
75.56711996 34.35935277 -38.16581528 1.46727170e+01
75.42525096 34.60314739 -38.97248771 1.52321076e+01
75.48895385 34.44573999 -38.15963190 1.52326512e+01
75.34819263 34.69042949 -38.97212562 1.40424688e+01
75.41145307 34.53257116 -38.15673437 1.46128858e+01
75.37562815 34.83164502 -40.64387795 1.54785456e+01
75.50288654 34.51624952 -38.97399349 1.49687567e+01
75.31829621 34.85390600 -40.21521254 1.46652937e+01
75.38152083 34.69564564 -39.37964840 1.47741511e+01
75.47281761 34.67888187 -40.21642496 1.50633852e+01
75.53690480 34.52151050 -39.38349975 1.46474075e+01
75.55095276 34.59195182 -40.21894351 1.42848175e+01
75.61558943 34.43510607 -39.38913416 1.42483195e+01
75.62977185 34.50547954 -40.22318280 1.40762027e+01
75.64782167 34.61459252 -41.50932831 1.38758764e+01
76.05426477 34.19149515 -41.53688667 1.43526931e+01
76.12107778 33.99942340 -40.27503773 1.51559906e+01
76.13865893 34.10909907 -41.54563832 1.46855343e+01
76.18392938 33.98153586 -40.70590484 1.53428625e+01
76.31118502 33.94713625 -41.56738461 1.57735185e+01
76.38216006 33.75783368 -40.31733270 1.78229577e+01
76.44745900 33.74203338 -40.74444138 1.83456750e+01
76.87993941 33.22597899 -39.21579025 7.05260446e+01
76.73250259 33.38131851 -39.57635557 3.41647985e+01
77.13305417 33.16073683 -40.42410282 8.73566962e+01
76.78491909 33.29915310 -39.20030158 4.58091683e+01
76.81686418 33.43793696 -40.80114935 3.35336157e+01
76.84301849 33.37673219 -40.39087046 4.01946669e+01
76.76502614 33.56066968 -41.62610548 2.54547945e+01
77.07299143 33.08261570 -39.24867708 4.95760873e+01
76.91216752 33.36462379 -40.81384373 4.49969011e+01
77.00853167 33.29234923 -40.82508297 6.71668688e+01
76.95508504 33.41372297 -41.64796132 3.92063000e+01
77.21482340 33.02141343 -39.64109027 5.91733263e+01
77.10580587 33.22099764 -40.83435260 8.68666793e+01
76.69097500 33.37335381 -39.18111370 3.32107125e+01
76.65489454 33.52580787 -40.36401869 2.54548908e+01
77.01914143 33.16258733 -39.62100676 8.17812810e+01
77.13838377 32.83300552 -37.37823207 1.46913930e+00
77.11658310 33.09157770 -39.63174068 6.63815061e+01
77.03546488 33.23181155 -40.41432014 8.17945453e+01
76.56265677 33.60200550 -40.34813703 2.19211528e+01
76.62959611 33.58770583 -40.77468094 2.30156458e+01
76.42542093 33.47034267 -37.95054970 2.26043264e+01
76.54704062 33.53243501 -39.53797912 2.32389774e+01
76.36680104 33.68810837 -39.50301359 1.84587600e+01
76.35832256 33.82082940 -40.73280058 1.69999025e+01
76.27860783 33.76754241 -39.48547102 1.70776483e+01
76.29383891 33.83734430 -40.30443894 1.66277260e+01
76.32771260 33.68130320 -39.09951355 1.82843839e+01
76.45628540 33.60973384 -39.52084887 2.04182445e+01
76.51591921 33.39319745 -37.97506131 2.64693501e+01
76.41659305 33.60266121 -39.11829919 2.01752087e+01
76.67519617 33.30383967 -38.40363037 3.66855033e+01
76.59819963 33.44863173 -39.15790134 2.68892905e+01
76.49910372 33.28325989 -36.82049749 3.00805285e+01
76.40121481 33.53292780 -38.33067749 2.10084584e+01
76.58256440 33.37905199 -38.37766100 2.87732935e+01
76.56583394 33.26910579 -37.22286387 3.35645634e+01
76.38418839 33.42303162 -37.16393804 2.29063611e+01
76.33619259 33.54856457 -37.92194825 1.99622086e+01
76.76900570 33.22971295 -38.42940805 5.35256944e+01
76.84760029 33.04661856 -37.31459055 4.24962544e+01
77.05665253 33.01338150 -38.49012678 1.73030547e+01
77.06780822 32.84312062 -36.99202155 6.46985183e-01
77.08377871 32.95317310 -38.11961478 8.36324501e+00
77.15429248 32.94307186 -38.50542456 1.47695481e+01
76.98662772 33.02405048 -38.10004460 2.24633158e+01
77.04062522 32.90334479 -37.36218091 1.29570852e+00
77.56427194 32.49972638 -37.06561045 3.31427524e+01
77.43566136 32.62640890 -37.42053859 5.06000711e+01
76.92256142 33.23448264 -39.60536049 7.18132457e+01
76.89033916 33.09581495 -38.07845091 5.98510321e+01
77.31375970 32.95200899 -39.64867963 7.66715245e+01
77.28033856 32.81383580 -38.14308641 4.36479629e+01
77.35167628 32.80474688 -38.52489638 6.97115169e+01
77.26930817 32.94266802 -39.26755697 6.61834848e+01
76.97601007 33.15383519 -39.23308483 7.85923472e+01
76.95981543 33.08453402 -38.47067298 5.71189671e+01
77.56858377 32.73812115 -39.29120848 3.33807593e+01
77.86930282 32.30214438 -37.09202347 2.19873700e+01
77.75351818 32.53628526 -38.55630784 2.48793963e+01
77.94312017 32.29626545 -37.46540829 2.08307154e+01
77.57977751 32.61003813 -38.17565780 3.26185853e+01
77.53590041 32.55886891 -37.43167034 3.59570158e+01
77.45128295 32.73662133 -38.53621010 4.99648266e+01
77.63669890 32.49199693 -37.43989458 2.86528498e+01
77.55144711 32.66914868 -38.54365617 3.48558549e+01
77.68072827 32.54345217 -38.18171462 2.72718605e+01
77.66528863 32.43306443 -37.07307759 2.73790240e+01
77.74939698 32.29817478 -36.34741551 2.45329769e+01
77.78230285 32.47761988 -38.18958269 2.41174600e+01
77.85554527 32.47105401 -38.56543050 2.24905676e+01
78.30424786 32.16607006 -38.25534296 1.74694714e+01
78.36636037 32.05398891 -37.54165781 1.70366687e+01
78.19745700 32.22526269 -38.23558672 1.82265940e+01
78.25850689 32.11181660 -37.51884025 1.76909901e+01
77.98780191 32.34882638 -38.20488940 2.03853435e+01
78.04703496 32.23321416 -37.47910416 1.95269241e+01
78.09202653 32.28626840 -38.21767608 1.91775444e+01
78.18240766 32.11459549 -37.14072398 1.82470098e+01
78.38121355 32.16460627 -38.63405354 1.69996266e+01
78.50767631 31.94348316 -37.22035194 1.63836910e+01
78.50948102 32.17795360 -39.39004849 1.63705306e+01
78.82644063 31.95484949 -38.73540208 1.55115929e+01
78.29208683 32.29145641 -39.35130850 1.74691424e+01
78.41251137 32.10892607 -38.27698665 1.68599499e+01
78.40003438 32.23362818 -39.36984365 1.68587792e+01
78.49043253 32.10889774 -38.65638875 1.64810572e+01
78.18557418 32.35125101 -39.33540915 1.82379301e+01
78.27349741 32.22247064 -38.61409641 1.76450967e+01
78.02383305 32.48667457 -39.68935670 1.98774583e+01
78.16721448 32.28229665 -38.59559017 1.84508509e+01
77.97631818 32.47575457 -39.31430760 2.04471186e+01
78.06223769 32.34384033 -38.58069853 1.94649763e+01
77.87324996 32.53996505 -39.30801847 2.20926069e+01
77.95840200 32.40683828 -38.57184469 2.07651654e+01
77.46825048 32.80563639 -39.28499725 4.54123610e+01
77.65217824 32.60235089 -38.55141796 2.84886698e+01
77.47940480 32.67731497 -38.16592253 4.41559052e+01
77.41333056 32.88331781 -39.65750975 5.93303243e+01
77.40223852 33.01185729 -40.85320137 5.39793170e+01
77.66949779 32.67129550 -39.29649187 2.77322096e+01
77.60304593 32.87602143 -40.86210362 3.06492648e+01
77.77102666 32.60520888 -39.30128909 2.43601346e+01
77.63152833 32.81689437 -40.45314387 2.94440312e+01
77.81749710 32.61545652 -39.67715190 2.33555515e+01
77.73304122 32.75023870 -40.45592355 2.54000073e+01
77.92021404 32.55051099 -39.68318912 2.13548714e+01
77.80625056 32.74302687 -40.86851818 2.32023670e+01
77.93812714 32.61941919 -40.46483932 2.08643061e+01
78.36045354 32.37308525 -40.50360939 1.69615389e+01
78.37554106 32.48365272 -41.71875258 1.66563056e+01
78.16217411 32.60367473 -41.70083518 1.79949856e+01
78.05736580 32.66613217 -41.69775233 1.89658024e+01
78.56058289 32.19212988 -39.76607989 1.61824253e+01
78.46940209 32.31604197 -40.51938129 1.64472869e+01
78.32950482 32.42943120 -40.90335804 1.70362916e+01
78.26818440 32.54276579 -41.70772346 1.72440414e+01
78.25297155 32.43217697 -40.48940311 1.76095694e+01
78.23780464 32.59974314 -42.11357427 1.72550975e+01
78.57983723 32.26118084 -40.53674830 1.60367901e+01
78.56264674 32.42647326 -42.14514731 1.58090642e+01
78.22253334 32.48916368 -40.89082965 1.77109109e+01
78.14685696 32.49309764 -40.47813461 1.84298366e+01
78.34465835 32.54000078 -42.12169145 1.66550055e+01
78.25314049 32.71029602 -43.34602892 1.65749878e+01
77.92439603 32.78821987 -42.10529344 2.03807359e+01
77.96913136 32.84034677 -42.93067328 1.92486992e+01
78.59460703 32.37158602 -41.74556831 1.58216556e+01
78.46800367 32.59268635 -43.35592739 1.57175201e+01
77.73565997 33.02971709 -43.34119860 2.27255333e+01
77.95359901 32.72989575 -41.69554969 2.02504986e+01
77.74863649 32.86056955 -41.68860121 2.44682974e+01
77.53394323 33.16389307 -43.33716731 2.97367332e+01
77.76428930 32.97087579 -42.92720998 2.28262735e+01
78.02782771 32.72409110 -42.10848830 1.90320534e+01
77.86632651 32.90514647 -42.92714823 2.07457912e+01
77.93996927 32.89863948 -43.34202699 1.91272625e+01
77.85073276 32.79476575 -41.69077870 2.20021753e+01
77.54634215 32.99445345 -41.68204745 3.37357051e+01
77.70433462 32.80914746 -40.86550550 2.61354710e+01
77.53061889 32.88426893 -40.44829729 3.62337988e+01
77.90888294 32.67777478 -40.87274398 2.11655949e+01
77.83519800 32.68435992 -40.46022721 2.27365382e+01
77.50235757 32.94360637 -40.85792933 3.83278478e+01
77.51812323 33.05376148 -42.09478604 3.45929730e+01
77.43028904 32.95232476 -40.44440654 5.05537978e+01
77.44608827 33.06244688 -41.67946276 4.32083003e+01
77.33054626 33.02105706 -40.43780808 7.90260305e+01
77.24743823 33.20054540 -41.67292344 8.15970471e+01
76.93873960 33.30377381 -40.40404524 5.99494547e+01
76.85950175 33.48666582 -41.63775758 3.07591400e+01
76.39937046 33.86766533 -41.57810859 1.66317993e+01
76.53787304 33.66430547 -40.75905224 2.02582717e+01
76.92857332 33.47456036 -42.06159628 3.26456481e+01
77.21993516 33.26051067 -42.08538364 7.17016677e+01
76.66331347 33.80747093 -43.29645076 1.76381318e+01
76.64643296 33.69759804 -42.03126570 2.01207365e+01
76.83341068 33.54785982 -42.05133390 2.67646466e+01
76.87603089 33.59657908 -42.89183769 2.43776993e+01
76.41662188 33.97747921 -42.85101089 1.55682663e+01
76.48883981 33.78924379 -41.58892560 1.78294604e+01
76.78169942 33.67057077 -42.88439061 2.12312391e+01
76.85000284 33.65776239 -43.31042692 2.15634316e+01
76.59653954 33.82175665 -42.86940822 1.74766040e+01
76.55485668 33.77417738 -42.02062164 1.82511288e+01
77.06794397 33.45172733 -42.90680259 3.51201989e+01
77.31867948 33.19086638 -42.08837244 6.60111991e+01
77.16529121 33.38070106 -42.91220403 4.41450969e+01
77.34643170 33.13112588 -41.67491721 6.59358453e+01
77.23602141 33.37049544 -43.33238433 3.95454775e+01
77.41808246 33.12195260 -42.08979048 4.44866642e+01
77.26347306 33.31054979 -42.91760493 4.80236192e+01
77.33466548 33.30089023 -43.33462190 3.95826441e+01
77.15464443 33.51006191 -44.16415848 2.69297065e+01
77.56212005 33.10461434 -42.92211691 3.00206759e+01
77.04112737 33.51223745 -43.32243764 2.92354659e+01
77.05746681 33.58143727 -44.16096014 2.36445380e+01
77.19840589 33.51890159 -44.58197765 2.41701086e+01
76.94502587 33.58447618 -43.31617136 2.48002164e+01
77.00398147 33.66211636 -44.57877930 1.96169946e+01
76.86604847 33.72710331 -44.15598129 1.88224187e+01
76.96121054 33.65373986 -44.15692189 2.09051527e+01
76.57188300 33.88403048 -43.29048063 1.64706998e+01
76.40827416 34.11016921 -44.13922554 1.44278680e+01
76.48175983 33.96170873 -43.28525763 1.56330450e+01
76.35916149 34.19645091 -44.56754056 1.39397661e+01
76.44747066 34.11685910 -44.57168498 1.42177507e+01
76.49725860 34.03135764 -44.14370001 1.48559835e+01
76.58751135 33.95359824 -44.14415989 1.54320447e+01
76.72013542 33.88450622 -44.57336329 1.57386620e+01
76.62790739 33.96081242 -44.57214486 1.50722668e+01
77.25266585 33.43956240 -44.16530220 2.97102634e+01
77.29691007 33.44863343 -44.58332456 2.58761399e+01
77.39613702 33.37914681 -44.58409910 2.58620005e+01
77.49605315 33.31042541 -44.58411670 2.42116887e+01
77.43397933 33.23202487 -43.33476807 3.51527030e+01
77.59659133 33.24241357 -44.58355541 2.19837243e+01
77.55109988 33.23281273 -44.16767211 2.51708323e+01
77.65182784 33.16532037 -44.16843659 2.24611915e+01
78.07282973 32.77664333 -42.93334850 1.81426671e+01
77.85518115 33.03257778 -44.16962294 1.88807147e+01
77.83745833 32.96374761 -43.34051550 2.06342757e+01
77.75318672 33.09856887 -44.16968155 2.04016568e+01
77.35147789 33.36990520 -44.16742366 3.02376153e+01
77.45095466 33.30098291 -44.16821581 2.82521319e+01
78.00517566 32.97797863 -44.58577133 1.67066707e+01
78.17755470 32.71422550 -42.93274960 1.73154348e+01
78.32082796 32.79101073 -44.58660941 1.53416242e+01
78.28346210 32.65332804 -42.93571547 1.66820452e+01
78.16603513 32.84054204 -44.17233498 1.63373406e+01
78.14767681 32.77172077 -43.34566507 1.71994014e+01
78.35987781 32.65054360 -43.35000610 1.60930882e+01
78.27172060 32.77912813 -44.17239483 1.58750306e+01
78.48703439 32.66155294 -44.17749119 1.52482593e+01
78.57756668 32.53688194 -43.36296459 1.54222633e+01
78.59681790 32.60576145 -44.18107057 1.50363680e+01
78.21447392 32.85188123 -44.58578543 1.56739552e+01
78.06147589 32.90339062 -44.17232088 1.69499853e+01
78.64813636 32.61972297 -44.59150410 1.47483959e+01
78.10930870 32.91428249 -44.58654955 1.61163256e+01
78.75999619 32.56671631 -44.59591127 1.46403622e+01
79.17632848 32.23326362 -43.01260696 1.47915674e+01
79.16270644 32.35386707 -44.20411846 1.45717183e+01
79.21647013 32.36996238 -44.60308452 1.44672038e+01
79.63465525 32.04390733 -43.04283626 1.48045850e+01
79.78853709 32.12857153 -44.60969982 1.45972278e+01
80.01349676 32.02631296 -44.60908592 1.46939846e+01
79.73479461 32.11432844 -44.21901749 1.46548023e+01
79.44637939 32.27495603 -44.60654608 1.44895367e+01
79.37225582 32.19130709 -43.42145350 1.46943167e+01
79.56094282 32.22692574 -44.60809844 1.45180020e+01
79.27757958 32.30654510 -44.20806774 1.45591352e+01
79.39241327 32.25925285 -44.21152929 1.45642342e+01
78.70798454 32.55205030 -44.18741537 1.48735933e+01
79.04803344 32.40163270 -44.20045234 1.46054247e+01
79.14266096 32.28540073 -43.40697300 1.47334125e+01
79.10153989 32.41765526 -44.60103394 1.44785636e+01
78.94722300 32.32862254 -42.99252962 1.49448997e+01
78.98696004 32.46604426 -44.59941840 1.45086741e+01
78.82039402 32.50031122 -44.19380532 1.47517349e+01
78.93383274 32.45029654 -44.19731244 1.46640276e+01
79.02808854 32.33298502 -43.39912723 1.47930144e+01
79.04758714 32.17097798 -41.80836378 1.50249746e+01
79.12881924 32.17603539 -42.21479420 1.49126865e+01
79.06156858 32.28053832 -43.00256337 1.48508278e+01
78.91402129 32.38152539 -43.39174877 1.48853093e+01
79.01400386 32.22334379 -42.20176692 1.49939772e+01
78.67378799 32.37289667 -42.15872551 1.55152387e+01
78.60944532 32.48196469 -42.95916648 1.54981884e+01
78.80476582 32.15785746 -40.57611813 1.54649363e+01
78.78621052 32.32136336 -42.17384683 1.52884298e+01
78.99998915 32.11367697 -41.00650891 1.51389657e+01
78.93300577 32.21880377 -41.79345676 1.51426352e+01
79.73559499 31.88697704 -41.87372724 1.50069499e+01
80.14974932 31.50549156 -39.92824807 1.55429403e+01
79.46072035 31.92702144 -41.06605248 1.49941724e+01
79.47373760 32.03552563 -42.24859786 1.48617407e+01
79.82756395 31.99764130 -43.44032483 1.48204774e+01
79.81511318 31.88978459 -42.26670323 1.49886918e+01
79.74813745 31.99492946 -43.04701941 1.48487042e+01
79.70196773 31.93935879 -42.26305566 1.49351474e+01
79.52058969 32.09199407 -43.03730944 1.47733988e+01
79.58813557 31.98787900 -42.25586696 1.48910221e+01
79.71459739 32.04736020 -43.43647446 1.47729559e+01
79.62117124 32.16339299 -44.21741611 1.46149771e+01
79.84778298 32.06431216 -44.22046221 1.47011863e+01
79.96004270 32.01321697 -44.21984830 1.47511840e+01
79.60098121 32.09609524 -43.43347774 1.47335068e+01
79.50700304 32.21163572 -44.21464452 1.45838684e+01
80.72154679 31.39463916 -41.74458400 1.54239596e+01
80.41285790 31.67750532 -43.01760388 1.51669869e+01
80.40021192 31.56855390 -41.82478890 1.53497846e+01
80.27177276 31.78761584 -43.42629456 1.50350179e+01
80.30406481 31.73316804 -43.02940307 1.51209088e+01
80.61504914 31.45335631 -41.77485131 1.54091478e+01
80.25938879 31.67928038 -42.24462086 1.52228625e+01
80.08411712 31.84132016 -43.04359171 1.50134994e+01
80.29165003 31.62469411 -41.84443096 1.53047482e+01
80.19449741 31.78780096 -43.03793517 1.50694356e+01
80.52095169 31.62094264 -43.00222961 1.52068058e+01
80.62842618 31.56360915 -42.98615880 1.52384620e+01
80.03898069 31.78700691 -42.26165365 1.51095344e+01
80.17001161 31.57152200 -40.67661910 1.54333897e+01
80.81333291 31.22358068 -40.47838304 1.55660840e+01
80.69066120 31.45120511 -42.16111306 1.53609813e+01
80.88843276 31.22090071 -40.86354684 1.55104312e+01
80.82762821 31.33545424 -41.71326217 1.54299316e+01
80.93345952 31.27602421 -41.68116107 1.54286318e+01
81.09935677 31.10107572 -40.79135833 1.54795177e+01
81.13071242 31.32908713 -43.31699356 1.52588344e+01
81.76017844 30.87551422 -42.01224230 1.54099962e+01
80.94833977 31.38871879 -42.92690982 1.52932930e+01
81.00903379 31.27413705 -42.07843001 1.53796814e+01
80.79703010 31.39242200 -42.13383464 1.53739527e+01
80.70436854 31.56196355 -43.37949064 1.51918857e+01
81.69828290 30.98857086 -42.85966381 1.53561047e+01
81.90166808 30.76710185 -41.60677092 1.54747957e+01
81.31699559 31.35171807 -44.57420650 1.51464504e+01
81.16092939 31.27163133 -42.89024082 1.53059042e+01
80.94083795 31.51340281 -44.17157825 1.51254608e+01
81.02427008 31.38737110 -43.33144695 1.52479823e+01
80.88748437 31.58222574 -44.58773401 1.50404837e+01
80.91782509 31.44573700 -43.34713950 1.52341487e+01
80.83373493 31.57123957 -44.17988601 1.50997655e+01
80.81123601 31.50399500 -43.36322723 1.52156138e+01
80.56371485 31.75377368 -44.59910605 1.49328518e+01
80.59709718 31.61946926 -43.39380363 1.51620491e+01
80.45492459 31.80992401 -44.60287694 1.48898925e+01
80.48929911 31.67633681 -43.40628638 1.51255351e+01
80.40176580 31.79855408 -44.20796838 1.49533136e+01
80.38088366 31.73242835 -43.41839194 1.50830982e+01
80.07157985 31.96108152 -44.21763925 1.48036562e+01
80.18235330 31.90786937 -44.21586838 1.48555525e+01
80.34557518 31.86536779 -44.60509144 1.48437553e+01
80.23558069 31.91996609 -44.60731505 1.47951908e+01
80.61867554 31.68600727 -44.19498347 1.50359286e+01
80.77989300 31.63977819 -44.59215200 1.50082266e+01
80.67200427 31.69700962 -44.59587741 1.49724695e+01
81.04780982 31.45547416 -44.16394261 1.51477342e+01
81.10218715 31.46672570 -44.58009836 1.50965671e+01
81.20951780 31.40907733 -44.57685750 1.51217079e+01
81.64124336 31.18271241 -44.57173924 1.52253122e+01
81.99655331 30.88632723 -43.30927060 1.54257325e+01
81.42471807 31.29478539 -44.57222896 1.51710269e+01
81.58483429 31.17013060 -44.14298173 1.52483761e+01
82.02832884 30.83108928 -42.89088565 1.54644468e+01
81.23729692 31.27108089 -43.30440963 1.52682527e+01
81.15476958 31.39761509 -44.15695586 1.51677283e+01
81.69342550 31.11501008 -44.14403602 1.52743534e+01
82.81453548 30.62576703 -44.20330628 1.63464560e+01
81.48174039 31.09926946 -42.85912611 1.53238778e+01
81.36915231 31.28279079 -44.14643546 1.52054561e+01
81.80258267 31.06081428 -44.14591141 1.53052086e+01
82.21945789 30.78644589 -43.33512993 1.55402607e+01
81.96997016 31.02107207 -44.57712178 1.53310205e+01
82.25199470 30.73244908 -42.92520034 1.55918161e+01
81.91234544 31.00762561 -44.15073641 1.53414645e+01
82.69957729 30.66918826 -44.19735544 1.58086300e+01
82.08081806 30.96933959 -44.57945363 1.53757675e+01
82.13392319 30.90474651 -44.16164825 1.54335835e+01
81.85980150 31.07396240 -44.57361463 1.52914319e+01
82.19232708 30.91876802 -44.58219462 1.54258159e+01
82.30450627 30.86940814 -44.58643784 1.54825516e+01
82.99086038 30.59935293 -44.60647590 1.95999659e+01
82.87510617 30.64147879 -44.60296008 1.94662661e+01
82.75982379 30.68466220 -44.60034620 1.72319683e+01
83.25218770 30.39627268 -43.44692290 1.75959009e+01
83.36892312 30.35751684 -43.45469852 1.98217528e+01
83.51251383 30.38453490 -44.23174624 1.97875557e+01
83.45748687 30.43955769 -44.61530425 1.95944285e+01
83.13569723 30.43568110 -43.43709520 1.64484465e+01
83.22358134 30.51795344 -44.61076187 1.95987506e+01
82.92997020 30.58340349 -44.20943597 1.69329801e+01
83.04585195 30.54206610 -44.21532550 1.96196718e+01
82.59258004 30.59420210 -42.97847152 1.58848200e+01
82.70730304 30.55057682 -42.99420248 1.60109841e+01
82.64507069 30.72898387 -44.59700924 1.74417493e+01
82.58518288 30.71380545 -44.18995368 1.70584394e+01
82.55893501 30.64623741 -43.37766914 1.58000116e+01
82.41738914 30.82135503 -44.58991429 1.55458554e+01
82.33195515 30.73842435 -43.34861716 1.56144750e+01
82.24572215 30.85509777 -44.16863245 1.54912304e+01
82.53092440 30.77455820 -44.59294444 1.56156854e+01
82.35821501 30.80672751 -44.17635213 1.55571966e+01
82.47139220 30.75965873 -44.18285873 1.56320658e+01
82.47843077 30.63903794 -42.95989028 1.57726954e+01
83.00768154 30.36671315 -42.24941174 1.66071837e+01
82.54553447 30.53456630 -42.16242159 1.59410653e+01
82.93821670 30.46658722 -43.02636155 1.62986395e+01
83.12419623 30.32707416 -42.26792478 1.68007097e+01
83.16211097 30.50163225 -44.21961148 1.97383579e+01
83.34041222 30.47843111 -44.61340385 1.95980304e+01
83.27867017 30.46195552 -44.22416572 1.96932040e+01
83.39549784 30.42297974 -44.22870810 1.97734819e+01
83.28736635 30.34728126 -43.06215145 1.88228082e+01
83.70963732 30.13694027 -42.32386279 1.82812548e+01
83.40425254 30.30884122 -43.07147243 1.95368079e+01
83.60288721 30.28144575 -43.46685800 2.01432413e+01
83.15929264 30.27787040 -41.88414799 1.69950875e+01
83.05429390 30.42604658 -43.03868305 1.64558217e+01
82.78825766 30.55889539 -43.40341574 1.60338778e+01
82.89149913 30.40717945 -42.23054446 1.64211916e+01
82.82253726 30.50807275 -43.01060547 1.61498739e+01
82.90366720 30.51687316 -43.41697190 1.61658638e+01
82.67332230 30.60197860 -43.39110226 1.59112296e+01
82.66036029 30.49099998 -42.18566377 1.60849761e+01
82.64741142 30.38002662 -40.98538635 1.62675133e+01
82.57933425 30.48276592 -41.76651361 1.60348659e+01
82.44513413 30.69171055 -43.36208911 1.57008351e+01
82.43127539 30.57933379 -42.13855423 1.58155534e+01
82.23736551 30.61891668 -41.68114903 1.56719868e+01
82.30333114 30.51226699 -40.88008229 1.57999911e+01
81.98088272 30.77140700 -42.04232324 1.54872350e+01
82.10967320 30.55276420 -40.40595146 1.56541356e+01
81.46516601 30.98358516 -41.57483228 1.53966589e+01
81.91277645 30.51725902 -39.18993023 1.55799904e+01
81.79134294 30.81926713 -41.59045611 1.54392069e+01
81.88580971 30.65185987 -40.34638023 1.55248169e+01
81.80756936 30.93485471 -42.86758307 1.53826132e+01
82.01280865 30.71633750 -41.62989850 1.55243894e+01
82.13980978 30.78112663 -42.90742892 1.55210521e+01
82.09240671 30.72138547 -42.06550475 1.55452410e+01
81.77651008 30.99118545 -43.29088210 1.53501562e+01
81.87013480 30.82278937 -42.02487744 1.54418460e+01
82.10765752 30.83576100 -43.32038507 1.54776279e+01
82.02278960 30.95558803 -44.15657541 1.53837853e+01
81.37437904 31.15605114 -42.86524419 1.53156004e+01
81.26184146 31.33999521 -44.15106400 1.51864571e+01
81.54256070 30.98470537 -42.00006073 1.53751450e+01
81.45141975 31.15663442 -43.28840759 1.52894162e+01
81.32777601 31.09833471 -42.01584637 1.53694070e+01
81.34416416 31.21354608 -43.29451456 1.52778256e+01
81.68182593 30.87277644 -41.57866091 1.54153048e+01
81.66751640 31.04532469 -43.28643235 1.53239510e+01
81.65098938 30.92950243 -42.00278338 1.53884016e+01
81.58968043 31.04339545 -42.85708304 1.53371726e+01
81.22120111 31.15640978 -42.03161193 1.53723944e+01
81.26747613 31.21355524 -42.87563123 1.53102731e+01
81.43485849 31.04104184 -42.00505150 1.53693881e+01
81.52600302 30.86889735 -40.72281647 1.54349679e+01
81.25128624 31.09868409 -41.60109744 1.54049164e+01
81.34153839 30.92532012 -40.31401432 1.54684157e+01
81.35793499 31.04069027 -41.58493516 1.53986959e+01
81.41834523 30.92543967 -40.72733276 1.54377105e+01
81.57310341 30.92756607 -41.57252961 1.54015471e+01
81.66541885 30.75697047 -40.30828145 1.54647201e+01
81.53090219 30.74192000 -39.49918254 1.54853810e+01
81.74389669 30.75983109 -40.73827262 1.54609554e+01
81.20515374 31.04172922 -40.76327280 1.54620464e+01
81.21062880 30.91478641 -39.54035912 1.55386077e+01
81.44863981 30.86789102 -40.30284807 1.54578478e+01
81.63950473 30.68709589 -39.50585512 1.54883894e+01
81.55657564 30.81172596 -40.30129289 1.54558817e+01
81.63451226 30.81366882 -40.72688355 1.54421968e+01
81.58291192 30.67399190 -39.12234687 1.54991676e+01
82.03069260 30.34461931 -38.12265833 1.57248868e+01
82.42473955 30.34655984 -39.74602218 1.60634103e+01
82.18990086 30.55893544 -40.84330125 1.56929714e+01
82.31026538 30.39083129 -39.70197395 1.59019670e+01
82.07719795 30.60700109 -40.81180466 1.56071034e+01
82.47949438 30.28687817 -39.40528685 1.62128659e+01
82.33659137 30.45940611 -40.48286815 1.58713642e+01
82.25067384 30.37477894 -39.31356151 1.58624165e+01
81.99733319 30.60157563 -40.37500164 1.55794829e+01
82.88774198 30.18085726 -39.90813842 1.70483285e+01
82.53215293 30.42289790 -40.94976409 1.60865181e+01
82.53978067 30.30350740 -39.78989041 1.62584303e+01
82.45106089 30.41475764 -40.52063327 1.60190735e+01
81.77516604 30.70366765 -40.32329760 1.54868936e+01
81.85414522 30.70741626 -40.75737456 1.54937356e+01
82.79770881 30.28787928 -40.63064978 1.66263416e+01
82.69448531 30.43982529 -41.79454404 1.61963160e+01
82.91412446 30.24760906 -40.66306834 1.68795191e+01
82.81012000 30.39797213 -41.82082183 1.63761966e+01
82.99586291 30.25760137 -41.07459309 1.69420781e+01
82.92616974 30.35709358 -41.84258683 1.65723986e+01
83.03087351 30.20817633 -40.69229254 1.71514955e+01
83.04258464 30.31710647 -41.86474589 1.67797716e+01
83.22974948 30.17997829 -41.11987797 1.74611065e+01
83.27623591 30.23926986 -41.89963328 1.72154562e+01
83.34698966 30.14200428 -41.13910485 1.77315299e+01
83.39336438 30.20119912 -41.91531687 1.74389070e+01
83.14788409 30.16943587 -40.71721980 1.74355238e+01
83.64553347 29.89987284 -39.70835957 1.99474321e+01
83.26509896 30.13126892 -40.74013677 1.77299764e+01
83.81670612 29.99293273 -41.18411739 1.89090661e+01
83.47322973 29.99083897 -40.03819247 1.88163858e+01
83.41980172 29.85983640 -38.65944963 2.00627232e+01
83.49993046 30.05618833 -40.77556858 1.83532099e+01
83.70805122 29.91702765 -40.06418854 1.97414621e+01
83.17672322 30.04802269 -39.63200576 1.81124819e+01
82.59473714 30.24474247 -39.45088413 1.64448545e+01
83.00444950 30.14174883 -39.94286638 1.73703043e+01
82.87933423 30.29749461 -41.04639623 1.66982004e+01
82.94304439 30.12442604 -39.57023701 1.73625529e+01
82.76316501 30.33827095 -41.01711775 1.64721565e+01
82.77135814 30.22078839 -39.87179506 1.67528187e+01
82.68167875 30.32907964 -40.59741071 1.63957964e+01
82.71046484 30.20372178 -39.49362696 1.67156903e+01
82.71852603 30.08605698 -38.44157551 1.70651801e+01
82.08337127 30.48353282 -39.61552113 1.56703195e+01
82.56833422 30.17682073 -38.72780522 1.65401634e+01
82.83486659 30.04685098 -38.48912483 1.74702319e+01
82.80016031 30.09648107 -38.82084487 1.72048564e+01
82.82266524 29.93711487 -37.45199388 1.80210752e+01
82.90461173 29.94825392 -37.83177028 1.81997484e+01
82.82658891 30.16365588 -39.53261159 1.70235198e+01
82.95150476 30.00842332 -38.53445674 1.79247282e+01
83.13881106 29.87353139 -37.91891765 1.94369563e+01
83.03328480 30.01944491 -38.90278206 1.80393499e+01
83.26721259 29.94468866 -38.96342446 1.89777729e+01
83.18541594 29.93335610 -38.60638053 1.89407324e+01
83.06838062 29.97064982 -38.57308966 1.84180621e+01
83.05978256 30.08593895 -39.60394483 1.77296198e+01
82.70596036 29.97568819 -37.39793572 1.74777403e+01
82.48699192 30.16728474 -38.33899277 1.64162366e+01
82.91658573 30.05759863 -38.86299014 1.76019672e+01
83.05682186 29.86201866 -37.55245310 1.93230456e+01
82.55523801 30.06554569 -37.66734471 1.67951813e+01
82.45309620 30.21858131 -38.67746811 1.62817983e+01
82.24324763 30.13997015 -37.14220959 1.61002961e+01
82.37195423 30.20958520 -38.28319932 1.61748087e+01
82.20988371 30.19236473 -37.48187930 1.60027847e+01
82.43957699 30.10659694 -37.60781475 1.64668178e+01
82.25749001 30.25313957 -38.22738661 1.59823376e+01
82.33838221 30.26151438 -38.62473496 1.60686607e+01
81.54084725 30.48830046 -37.22849797 1.56183036e+01
81.75975177 30.38242738 -37.27450465 1.56311715e+01
82.09605824 30.23740354 -37.42278840 1.58528936e+01
82.11090175 30.35146920 -38.52429430 1.57703619e+01
81.98302253 30.28401177 -37.36722972 1.57459116e+01
82.22428546 30.30576499 -38.57397829 1.59005783e+01
81.88653070 30.44748213 -38.43529712 1.56076355e+01
81.99828770 30.39867693 -38.47605573 1.56749463e+01
81.91850486 30.39269812 -38.07504993 1.56481123e+01
81.97106338 30.53206689 -39.57959579 1.55973568e+01
82.14371136 30.29812229 -38.17473130 1.58345307e+01
82.13726755 30.42079081 -39.26724434 1.57418657e+01
81.80726019 30.44248603 -38.03715211 1.55979020e+01
81.85961066 30.58214777 -39.54836446 1.55401580e+01
81.77573350 30.49799249 -38.40172037 1.55644554e+01
81.80185120 30.56787338 -39.15829961 1.55349807e+01
81.69704333 30.49405029 -38.00687698 1.55708087e+01
81.69188761 30.62012567 -39.13478711 1.55084029e+01
81.26194010 30.84473780 -39.14956094 1.55445930e+01
81.47989361 30.60251359 -37.98280445 1.55750432e+01
81.15661794 30.90410877 -39.18024569 1.55764971e+01
81.26717127 30.71769435 -38.01471651 1.56319710e+01
81.34307300 30.71714350 -38.37587080 1.55741635e+01
81.32674721 30.60163647 -37.24269517 1.56748069e+01
81.43320411 30.54408604 -37.22715711 1.56398740e+01
81.55723229 30.60418762 -38.36287779 1.55394479e+01
81.16221888 30.77731448 -38.04976934 1.56725306e+01
81.22136356 30.66073002 -37.27296016 1.57176173e+01
81.37301855 30.65935185 -37.99218870 1.55985571e+01
81.44962308 30.65987202 -38.36317823 1.55510548e+01
81.58790222 30.54738972 -37.98760385 1.55646504e+01
81.66595176 30.55022767 -38.37600492 1.55429452e+01
81.01903369 30.65568130 -36.24210998 1.59988242e+01
79.99944067 31.42691296 -38.55096649 1.57119771e+01
80.85057782 30.96081076 -38.20902432 1.58137769e+01
80.90977320 30.84441946 -37.43366012 1.58736649e+01
80.64275132 31.08346775 -38.32874083 1.58902226e+01
80.83612329 30.84836454 -37.11248104 1.59786408e+01
80.40122991 31.25924500 -38.79750831 1.58288504e+01
80.32590472 31.26146592 -38.47552867 1.58905657e+01
79.69076352 31.33985428 -36.49781218 1.58871976e+01
79.73044427 31.47359631 -37.87097536 1.56112150e+01
80.28202000 31.20808377 -37.79125518 1.60255405e+01
80.20617671 31.20976055 -37.46922301 1.60936643e+01
79.85510682 31.53174243 -38.89964806 1.55201858e+01
80.06491170 31.31936097 -37.84971051 1.59166550e+01
80.49440455 31.09059260 -37.69488797 1.60423727e+01
80.38876012 31.15002919 -37.74804047 1.60459926e+01
79.92839000 31.61171708 -39.94884740 1.53990874e+01
79.88833901 31.47882212 -38.55784511 1.56214135e+01
80.09700438 31.49353745 -39.58079028 1.55755411e+01
80.07689127 31.42742083 -38.88368565 1.56895120e+01
80.63370725 31.20701659 -39.41535327 1.57200666e+01
80.61235956 31.14056218 -38.70454600 1.58307295e+01
80.82080804 31.01873927 -38.59278704 1.57719408e+01
80.74685542 31.02233911 -38.26902663 1.58569136e+01
81.11690206 30.72111718 -37.31614619 1.57659588e+01
80.92460123 30.95740441 -38.53687325 1.57307805e+01
81.04250719 30.72392222 -36.97959138 1.58606067e+01
81.01313270 30.78247088 -37.37091800 1.58184843e+01
80.94744646 31.02501709 -39.26412102 1.56477445e+01
81.05186539 30.96430747 -39.21916488 1.56108510e+01
80.68588679 31.21671120 -39.75571247 1.56741415e+01
80.71680962 31.07989664 -38.64927786 1.58061456e+01
80.58032137 31.27654653 -39.80161157 1.56740251e+01
80.67702303 31.34042783 -40.94232712 1.55189264e+01
80.89571500 31.09560406 -39.65750949 1.56339026e+01
80.78288889 31.28083251 -40.90342511 1.55192768e+01
80.79094811 31.15630554 -39.70642840 1.56557723e+01
80.70776684 31.28358895 -40.52174070 1.55768109e+01
80.47405630 31.33554477 -39.84266215 1.56655469e+01
80.57065518 31.39944540 -40.97855232 1.55080733e+01
80.49508397 31.40181833 -40.59971234 1.55578572e+01
80.50798107 31.51139173 -41.80268699 1.53842421e+01
80.18221821 31.67967421 -41.85818442 1.52517322e+01
80.24707864 31.57091985 -41.05934756 1.54040126e+01
79.91521112 31.73118385 -41.08883952 1.52166259e+01
79.92746546 31.83901174 -42.26408542 1.50478580e+01
80.36693931 31.39348246 -39.87886715 1.56401353e+01
80.46361933 31.45765304 -41.01133745 1.54852147e+01
80.27930916 31.51619519 -40.65681716 1.54863797e+01
80.35579221 31.51486460 -41.03826436 1.54508587e+01
80.03958940 31.55935138 -39.94264551 1.54757271e+01
80.13741280 31.62568991 -41.07526605 1.53486044e+01
79.94844770 31.67803141 -40.69556593 1.52987490e+01
80.02678918 31.67912454 -41.08439584 1.52841725e+01
80.42187610 31.32528630 -39.50111759 1.57116811e+01
80.50722967 31.20043422 -38.75426248 1.58403826e+01
80.18612379 31.37287431 -38.86244655 1.57538535e+01
80.10941799 31.37336494 -38.53256894 1.57905478e+01
79.35966894 31.85410348 -39.91022675 1.50913715e+01
79.62936021 31.63003762 -38.88961373 1.53340166e+01
79.49469591 31.87517829 -40.67548612 1.50489314e+01
79.72311976 31.77899956 -40.69506572 1.51567126e+01
79.42069408 31.79158676 -39.56297604 1.51357314e+01
79.26433986 31.96836417 -40.64780182 1.50280808e+01
79.70311329 31.71213156 -39.94637881 1.52420427e+01
79.80273020 31.78190257 -41.08975188 1.51485617e+01
79.60922711 31.82759045 -40.68693746 1.50958128e+01
79.68940528 31.83133221 -41.08624549 1.50844920e+01
79.83622294 31.72918229 -40.69678054 1.52267961e+01
79.84853351 31.83704297 -41.87390765 1.50652804e+01
79.37967004 31.92199359 -40.66302055 1.50243582e+01
79.39283072 32.03069741 -41.84739857 1.49032088e+01
79.14892681 32.01468477 -40.63124996 1.50678018e+01
79.16259300 32.12398674 -41.82207262 1.49501001e+01
78.65912001 32.26259263 -40.95165493 1.57381952e+01
78.70625943 32.31876013 -41.76172551 1.55315394e+01
79.01381706 31.99268355 -39.85452506 1.52224245e+01
78.77174506 32.21123348 -40.97066047 1.54774292e+01
78.78514970 32.08887407 -39.80906532 1.55657969e+01
78.69168005 32.20850074 -40.55668765 1.57135712e+01
79.07523722 31.92945517 -39.50715647 1.51804629e+01
78.91885846 32.10895942 -40.59546317 1.52789272e+01
79.19042328 31.88346222 -39.52779336 1.51255553e+01
79.31967526 31.71792569 -38.50252533 1.52010374e+01
79.12899460 31.94620131 -39.87474809 1.51342909e+01
79.03367546 32.06139232 -40.61376538 1.51490112e+01
78.73266176 32.07321510 -39.43416290 1.56823640e+01
78.85972866 31.90215678 -38.39110229 1.54697487e+01
78.84606919 32.02386391 -39.45802274 1.54545806e+01
78.94059093 31.90718542 -38.76552837 1.53387919e+01
78.62039858 32.12450658 -39.41154175 1.59839205e+01
78.74608167 31.95079201 -38.35910357 1.56907880e+01
78.96035798 31.97609513 -39.48333625 1.52880717e+01
79.08919221 31.80893103 -38.45534176 1.52256036e+01
79.30565432 31.83764883 -39.54644873 1.51112267e+01
79.43466766 31.67211491 -38.52253526 1.52494381e+01
79.74267782 31.58158730 -38.89840017 1.54275308e+01
79.64937701 31.69726854 -39.58810725 1.52555929e+01
79.77619456 31.52915612 -38.55768784 1.55198217e+01
79.76269250 31.64848066 -39.59501995 1.53364090e+01
79.40067674 31.72365772 -38.86063227 1.51932077e+01
79.50265782 31.56892216 -37.84720706 1.53878473e+01
79.28565999 31.76940295 -38.84109107 1.51626008e+01
79.38778766 31.61499779 -37.82746718 1.52992474e+01
79.54920151 31.62557405 -38.53866814 1.53255440e+01
79.61693422 31.52187933 -37.86307955 1.54957580e+01
79.20443801 31.76338707 -38.47988159 1.51899594e+01
79.27252197 31.66044882 -37.80405001 1.52417537e+01
78.97419588 31.85502565 -38.42555032 1.53170870e+01
79.04173000 31.75116623 -37.74772936 1.52624910e+01
78.71320291 32.00415018 -38.70682180 1.57522848e+01
78.92671897 31.79737303 -37.71333548 1.53617357e+01
78.63352891 32.00132083 -38.32886513 1.59873785e+01
78.81234089 31.84479703 -37.67381322 1.55270607e+01
78.73185995 31.84059109 -37.29568094 1.56897159e+01
78.47573859 31.99835737 -37.56918510 1.65144584e+01
78.54820843 31.80658530 -36.17243755 1.61498435e+01
78.22142411 31.97360552 -36.06591291 1.78132585e+01
78.84572659 31.79217300 -37.33602445 1.54746101e+01
78.77324467 31.70652998 -36.26164029 1.55496486e+01
79.07566222 31.69947478 -37.40903213 1.52600293e+01
79.55734848 31.31997675 -35.79641961 1.58660593e+01
79.19115568 31.65422554 -37.43970640 1.52478776e+01
79.51679508 31.44984834 -36.82173821 1.55671659e+01
79.30664323 31.60906386 -37.46708888 1.52873304e+01
79.57721856 31.38742043 -36.48733414 1.57261708e+01
79.42188244 31.56354166 -37.49031736 1.53669716e+01
79.63092190 31.40285340 -36.83598479 1.57128398e+01
79.53665195 31.51726083 -37.50996668 1.54745341e+01
79.80335390 31.29074501 -36.50325613 1.60380947e+01
79.65076291 31.46990262 -37.52350173 1.55973942e+01
79.85648512 31.30451567 -36.84542587 1.59963542e+01
79.47705809 31.31458597 -35.43895775 1.58194905e+01
79.40201380 31.49576113 -36.80002370 1.54363424e+01
79.21293264 31.45537955 -35.72050288 1.53774623e+01
79.28677646 31.54093109 -36.77435771 1.53359575e+01
79.01634248 31.49302100 -35.30809028 1.53005249e+01
79.17131199 31.58577504 -36.74459883 1.52782791e+01
78.94070758 31.67635678 -36.67353764 1.53445859e+01
78.82611776 31.72308438 -36.63238400 1.54871045e+01
78.59980670 31.82172573 -36.54431978 1.60244116e+01
78.52910045 31.73735029 -35.44618306 1.61671307e+01
78.66010530 31.75549835 -36.21602383 1.58058643e+01
78.64079839 31.68625539 -35.49574636 1.58115773e+01
78.88737337 31.65935138 -36.30707029 1.53808259e+01
79.05586703 31.63075336 -36.71048913 1.52784093e+01
79.00219809 31.61351185 -36.34656163 1.52933023e+01
79.11742918 31.56851722 -36.38332166 1.52798709e+01
78.67362323 31.63295379 -35.15307082 1.57078509e+01
78.77317458 31.47463228 -34.04587275 1.54273809e+01
78.90137168 31.53826179 -35.26074462 1.53435279e+01
78.98246574 31.54454094 -35.64303724 1.53019322e+01
78.75376384 31.63731918 -35.54784012 1.55506578e+01
78.85401992 31.48027816 -34.48891568 1.53526968e+01
78.81502978 31.34196294 -32.87788891 1.53324359e+01
78.62663163 31.57587731 -34.36752133 1.57421540e+01
79.09880608 31.27053862 -33.42588352 1.55114449e+01
78.96896857 31.43485080 -34.54441059 1.53149084e+01
79.34960592 31.25105192 -34.29662610 1.58791395e+01
79.73210345 30.98234125 -33.21436723 1.74812306e+01
80.22114687 30.78016189 -33.45513321 1.77738306e+01
79.93418286 30.81399085 -32.42074321 1.85145458e+01
79.31538880 31.30210733 -34.67202548 1.57083436e+01
79.36226430 31.35977205 -35.41469100 1.56191540e+01
79.24705136 31.40426918 -35.38518254 1.54534280e+01
79.32815066 31.41091688 -35.75097558 1.55067673e+01
79.65882500 31.16468529 -34.73817424 1.64457307e+01
79.59121834 31.26833337 -35.45619298 1.60322376e+01
79.81685205 31.17140035 -35.46774547 1.64189240e+01
79.80499646 31.06342634 -34.36254522 1.69167353e+01
79.46291413 31.43373193 -36.46868493 1.55691388e+01
79.44303011 31.36591603 -35.77681900 1.56767222e+01
79.74421611 31.35450010 -36.84440760 1.58597781e+01
79.78352832 31.22403381 -35.81418674 1.62298269e+01
80.14615373 31.01197851 -35.39807627 1.67567056e+01
80.24114098 30.84610844 -34.22517180 1.73189966e+01
80.18609916 31.14384293 -36.77799031 1.62706554e+01
80.35864810 30.89595748 -35.28505461 1.67900227e+01
80.34641769 30.78666620 -34.14916967 1.73106073e+01
80.22160946 31.01035171 -35.71707169 1.66316939e+01
80.31553227 30.84306871 -34.56544060 1.71043832e+01
80.66249410 30.39363908 -31.79217566 1.84687198e+01
79.99347772 31.01299609 -34.71615862 1.69695051e+01
80.00622474 30.89278537 -33.56089684 1.76515909e+01
80.11447868 30.83755508 -33.51773278 1.77397521e+01
80.20968102 30.90172028 -34.63299409 1.71006158e+01
80.73395815 30.46787705 -32.93059277 1.75098684e+01
80.69111497 30.33454791 -31.34112517 1.89709652e+01
80.95765183 30.40606702 -33.50848421 1.69918037e+01
80.93476717 30.33824687 -32.69220691 1.75407114e+01
80.53209936 30.59657048 -33.17171988 1.76458159e+01
80.76203234 30.32824516 -31.65667222 1.85401346e+01
80.74062169 30.70554632 -35.33278512 1.64410891e+01
80.85657934 30.47027923 -33.61517797 1.70133046e+01
80.66816604 30.71054586 -35.02125834 1.66291568e+01
80.72670073 30.59362655 -34.17243773 1.68679687e+01
80.56595903 30.77346944 -35.11786304 1.67016936e+01
80.55292572 30.66285060 -33.95551914 1.71977516e+01
80.63865483 30.76865660 -35.42504370 1.65109245e+01
80.62526881 30.65753666 -34.28226518 1.69439692e+01
80.50418250 30.96755394 -36.61703931 1.62898977e+01
80.84224990 30.64210564 -35.24076977 1.63743413e+01
80.65990228 30.83511221 -36.14357536 1.62988356e+01
80.91629907 30.71819178 -36.31251842 1.60608537e+01
80.39935392 31.02782877 -36.68174977 1.63108368e+01
80.53602541 30.83103802 -35.51280489 1.65777542e+01
80.55685679 30.89721381 -36.22193341 1.63566664e+01
80.41990683 31.09387481 -37.37992182 1.61358883e+01
80.43244411 30.89231508 -35.59229688 1.66239054e+01
80.24164950 31.07623560 -36.40751143 1.63990204e+01
80.32768685 30.95216777 -35.66186810 1.66408144e+01
80.25311056 30.95489107 -35.35007638 1.67930612e+01
79.76403851 31.42119572 -37.53005384 1.57248867e+01
79.96762108 31.25279395 -36.83116396 1.61141072e+01
79.91483261 31.23989545 -36.49524223 1.61716518e+01
80.11411884 31.06666584 -35.75862161 1.65818617e+01
79.87631342 31.37091284 -37.53148687 1.58445315e+01
80.02509012 31.18721235 -36.47536095 1.62785634e+01
79.98748183 31.31894755 -37.51819766 1.59493882e+01
80.13403830 31.13264360 -36.44809591 1.63538133e+01
80.17407617 31.26455626 -37.82664446 1.59840127e+01
80.29336487 31.08666257 -36.73600539 1.63056728e+01
80.07750422 31.19922698 -36.81035873 1.62076286e+01
80.09744920 31.26522476 -37.49767459 1.60346803e+01
80.60802527 30.90610379 -36.54552323 1.62480477e+01
80.52508498 31.03380448 -37.32025246 1.61208814e+01
80.73293997 30.91071649 -37.18453700 1.60363875e+01
80.62935022 30.97264448 -37.25444624 1.60858294e+01
80.76235107 30.77235612 -36.06116424 1.62326064e+01
80.80651548 30.90657475 -37.50093466 1.59287988e+01
80.81378121 30.78104531 -36.38907849 1.61260591e+01
80.71113049 30.84381430 -36.46816913 1.61909199e+01
81.33167676 30.47426483 -36.10494350 1.58221545e+01
81.35666263 30.54372890 -36.85803737 1.57090029e+01
81.87088001 30.33230866 -37.31526803 1.56738229e+01
81.64971758 30.43441696 -37.24541536 1.56144517e+01
81.65498873 30.30832109 -36.12182372 1.57203775e+01
81.46348827 30.48667062 -36.84812458 1.56723619e+01
80.96674172 30.64645885 -35.90295734 1.61021161e+01
80.93920414 30.78596582 -37.04299769 1.59186389e+01
81.48978776 30.34865548 -35.71755764 1.58021935e+01
81.43812000 30.41693540 -36.09342676 1.57712344e+01
81.93676192 30.02095891 -34.72593703 1.60308485e+01
81.54589277 30.36159169 -36.09919490 1.57352494e+01
80.97280223 30.51984519 -34.73164604 1.64348547e+01
80.86451346 30.70932904 -35.97977831 1.61645278e+01
81.82445533 30.06798315 -34.65210013 1.59884851e+01
81.79139789 30.32703389 -36.91286776 1.56715341e+01
82.05004048 29.97582628 -34.81118383 1.61388574e+01
81.81859731 30.19255574 -35.81574566 1.57932365e+01
81.79248105 30.12256261 -35.03233777 1.59027516e+01
81.70775087 30.24251054 -35.76677155 1.57660502e+01
82.13086415 29.98460403 -35.25548189 1.61943621e+01
81.98931366 30.16053596 -36.27222822 1.58523005e+01
82.01557893 30.23014283 -37.01692278 1.58042704e+01
81.93055160 30.14459327 -35.87495832 1.58521671e+01
81.87680041 30.20786440 -36.21326838 1.57756195e+01
81.76532078 30.25709267 -36.16092222 1.57327075e+01
82.12902640 30.18427134 -37.07652807 1.59272019e+01
82.04347443 30.09847044 -35.94066225 1.59524758e+01
82.21691694 30.07095769 -36.41262558 1.61546501e+01
82.10272076 30.11494126 -36.33909649 1.59736165e+01
82.44727139 29.98725744 -36.55526447 1.67426126e+01
82.35815293 30.09712415 -37.20927203 1.63335226e+01
82.67135354 30.02557846 -37.72697615 1.71950183e+01
82.47362220 30.05553953 -37.27272901 1.66365606e+01
82.91320543 29.83246144 -36.81456933 1.91061951e+01
82.78783900 29.98653662 -37.78081503 1.76644768e+01
83.03034565 29.79554426 -36.86658933 1.99644450e+01
83.02162823 29.91064323 -37.87866969 1.87929675e+01
82.96870599 29.77736530 -36.50169961 1.99833709e+01
82.93963945 29.89926893 -37.50567563 1.86391031e+01
83.14761038 29.75903215 -36.91223258 2.09056648e+01
83.17413586 29.82518829 -37.59349302 2.00717950e+01
83.38233291 29.68679329 -36.98335238 2.27708451e+01
83.40899434 29.75240144 -37.65607302 2.16223637e+01
83.43743030 29.63302363 -36.66404675 2.48247424e+01
83.52779931 29.53177370 -36.01934905 2.97933632e+01
83.29355017 29.60292931 -35.95580838 2.44890332e+01
83.08579755 29.74090481 -36.55179344 2.10646909e+01
82.94219614 29.71048195 -35.81023839 2.08157768e+01
82.50251214 29.92936294 -36.24088868 1.70814041e+01
82.85176584 29.81429520 -36.44313896 1.90697804e+01
82.67958033 29.90815724 -36.69397093 1.77133802e+01
82.58957970 30.01509733 -37.33667657 1.70175479e+01
82.79626554 29.86995968 -36.75446887 1.83573317e+01
82.61859859 29.89014686 -36.31401988 1.76181470e+01
82.16415866 29.93242148 -34.90314277 1.63281442e+01
82.62669407 29.77253101 -35.27313267 1.83488238e+01
82.51036180 29.81080654 -35.18473713 1.76006009e+01
82.70858885 29.78423292 -35.67496155 1.86776456e+01
82.74334219 29.73509479 -35.35392273 1.93015774e+01
82.59215822 29.82214621 -35.59754531 1.78799260e+01
82.73098407 29.62508167 -34.21902564 2.07221336e+01
82.86023011 29.69833472 -35.42692565 2.04780537e+01
82.81315608 29.63745015 -34.66779582 2.12575995e+01
82.73504692 29.85185444 -36.37932524 1.82816466e+01
82.82528858 29.74705588 -35.74695651 1.96436643e+01
83.21171246 29.59067926 -35.59261688 2.45433926e+01
83.17638055 29.63854863 -35.91439098 2.32653100e+01
83.16512563 29.53047199 -34.86562141 2.63531538e+01
83.05924789 29.67436354 -35.86518686 2.21831368e+01
84.03044355 29.33959865 -35.74480369 1.58769677e+01
83.64480023 29.49604041 -36.04126153 2.89920231e+01
83.41070554 29.56737731 -35.99070694 2.71739575e+01
83.39990684 29.46000713 -34.95614575 3.05635097e+01
83.08304428 29.51790625 -34.45038648 2.64254015e+01
82.97729772 29.66211559 -35.48852153 2.19448790e+01
82.96558318 29.55325837 -34.38044521 2.47418527e+01
82.93907025 29.48633183 -33.59608660 2.66722823e+01
82.69611164 29.67400514 -34.58512169 1.97787438e+01
82.70452339 29.55740058 -33.41536807 2.17048055e+01
82.47608469 29.86098146 -35.51441530 1.72595749e+01
82.57931226 29.71125319 -34.49086260 1.86479207e+01
82.39443764 29.85011070 -35.09141906 1.70290140e+01
82.49726234 29.69945201 -34.02125214 1.82499380e+01
82.35451667 29.66918723 -33.08799800 1.77179151e+01
82.26508460 29.77780372 -33.80521884 1.69375933e+01
81.83660328 29.81960229 -32.17933653 1.63240409e+01
82.14982055 29.81893700 -33.69562836 1.65553994e+01
81.69743674 30.00146453 -33.33843768 1.62060075e+01
82.00895559 29.79185602 -32.74554499 1.64151431e+01
82.01715158 30.02878152 -35.17213142 1.60424317e+01
82.12344435 29.74938605 -32.85366948 1.66672151e+01
81.90430969 30.07470913 -35.09719797 1.59549073e+01
81.92160382 29.90621799 -33.49453415 1.61992566e+01
82.36044956 29.90089601 -35.42770948 1.67806398e+01
82.34680341 29.78858941 -34.28654597 1.71566918e+01
82.24533633 29.94203562 -35.34122758 1.64306862e+01
82.23127001 29.82901624 -34.17891276 1.67057568e+01
81.60337202 30.16838566 -34.54543622 1.59751191e+01
81.55626142 30.10871612 -33.70132661 1.61952400e+01
81.49484796 30.22194749 -34.52181518 1.60184787e+01
81.38283758 30.40489011 -35.71936543 1.58510610e+01
81.59811517 30.29452803 -35.73338527 1.57704852e+01
81.57242349 30.22460697 -34.94433443 1.58980790e+01
81.26605422 30.22026512 -33.28829441 1.66314892e+01
81.14881435 30.45430201 -35.00960616 1.61850508e+01
81.16205291 30.28060547 -33.34035540 1.67985837e+01
81.07494388 30.45715487 -34.65121256 1.63774645e+01
80.92890881 30.46525757 -33.95579149 1.67693908e+01
80.87121511 30.58328554 -34.82363884 1.64923109e+01
81.46442168 30.27893619 -34.92922876 1.59449268e+01
81.47861713 30.10603042 -33.26169812 1.63756692e+01
81.18797432 30.14063402 -32.04989604 1.74563539e+01
81.13296245 30.33942294 -33.78276466 1.66289303e+01
81.13801228 30.21182688 -32.50642036 1.73125349e+01
81.05934899 30.34267878 -33.41522660 1.69295261e+01
81.34161082 30.21974114 -33.69167666 1.63621381e+01
81.34651111 30.09238734 -32.41369325 1.68972169e+01
81.44815161 30.16304071 -33.68328847 1.62533433e+01
81.45319506 30.03612954 -32.40988190 1.66935223e+01
81.95627163 29.65182392 -31.04827217 1.68768678e+01
81.50509212 29.96871977 -31.99553099 1.67413811e+01
81.51037664 29.84240939 -30.72868832 1.71995264e+01
81.39769078 30.02354724 -31.98380940 1.69563507e+01
80.98966177 30.13842687 -30.94882811 1.99366638e+01
80.88370846 30.33008452 -32.33172532 1.78873669e+01
81.29200709 30.08092992 -32.00248229 1.72114691e+01
81.40275919 29.89665754 -30.71178208 1.75940822e+01
81.37267218 29.95397763 -31.13730286 1.74450152e+01
81.57248261 29.73055401 -29.30930062 1.77490206e+01
81.58838977 29.84639007 -31.17922721 1.68032807e+01
82.27434929 29.30611334 -28.39761562 2.18753595e+01
82.29396532 29.65051038 -32.62434030 1.75536432e+01
82.07062674 29.60981997 -31.16817240 1.70633111e+01
81.81041911 29.74938021 -31.32656820 1.66067176e+01
81.72470731 29.86684877 -32.09511791 1.63761019e+01
81.69870354 29.79662325 -31.24096031 1.66402046e+01
81.61414754 29.91651150 -32.03348477 1.65445593e+01
81.89534894 29.83618228 -32.64432056 1.63145231e+01
82.00224458 29.91442939 -33.97599140 1.62097883e+01
81.80892940 29.95274266 -33.40769976 1.61692150e+01
81.88900961 29.95979237 -33.88353219 1.61223522e+01
82.03528352 29.86167946 -33.59230780 1.63181322e+01
82.11637353 29.87089388 -34.07516111 1.63996229e+01
82.47082950 29.63097916 -33.19950385 1.86101598e+01
82.38093642 29.73804379 -33.91551911 1.74830642e+01
82.38348989 29.54310753 -31.91354567 1.87960109e+01
82.23867913 29.70857733 -32.97053428 1.70956718e+01
82.87737328 29.46722391 -33.16214142 2.69103500e+01
82.83885263 29.29056990 -31.19307562 3.19649912e+01
83.23801303 29.24946805 -32.24912827 2.56219167e+01
83.19147287 29.18895037 -31.45930647 2.17604107e+01
83.04772648 29.56583763 -34.80725584 2.47818110e+01
83.05649712 29.45134050 -33.67620723 2.87438312e+01
83.40872647 29.34685105 -33.85049931 2.54648003e+01
83.31801845 29.44764434 -34.56054898 3.06923177e+01
83.81422678 29.18751186 -33.57277610 8.27466451e+00
83.43543361 29.41248452 -34.60294873 2.93382172e+01
83.08535581 29.33104749 -32.54092884 3.41290819e+01
83.29137200 29.38172075 -33.80211827 3.17100304e+01
82.99465443 29.43234929 -33.24871799 2.93624587e+01
83.17394381 29.41650297 -33.74493894 3.12654450e+01
83.11197244 29.39767233 -33.32622394 3.19922750e+01
83.22928358 29.36308035 -33.39091072 3.26225227e+01
82.63897376 29.31115657 -30.60883734 2.89011945e+01
82.61666824 29.47006875 -32.15433410 2.27537227e+01
82.52165517 29.34606254 -30.48073335 2.49413480e+01
82.41784262 29.49344740 -31.55204264 1.95676947e+01
82.18577495 29.56959855 -31.29538027 1.74895040e+01
82.30156206 29.53089964 -31.42447036 1.82909183e+01
82.26749037 29.58118398 -31.78871161 1.78032736e+01
82.17847543 29.69024278 -32.50226932 1.69922794e+01
82.15203337 29.62059442 -31.66274400 1.71597279e+01
82.06365648 29.73152334 -32.38643942 1.66448449e+01
81.92334039 29.70445964 -31.42771395 1.66658883e+01
82.17175887 29.45649132 -29.88293238 1.82679514e+01
82.72138243 29.32483326 -31.08240524 2.98522153e+01
82.53451161 29.45703160 -31.67719816 2.16007735e+01
82.76864158 29.38648066 -31.90445975 2.84849833e+01
82.99172947 29.20914646 -30.93777885 3.19299359e+01
82.88593962 29.35195639 -32.00655431 3.11435020e+01
82.96806980 29.36535445 -32.45741633 3.19928323e+01
83.35526157 29.21522266 -32.30759853 1.56020843e+01
83.66026884 29.05129052 -31.65756691 8.89449908e+00
83.12067782 29.28358772 -32.18061027 3.35294423e+01
83.20262304 29.29679396 -32.61187715 3.13697825e+01
83.33353441 29.00045571 -29.94822011 1.21145392e+01
83.10936281 29.17547618 -31.02450160 2.45433558e+01
83.34440244 29.10783581 -31.16358152 1.33094388e+01
83.22693724 29.14175065 -31.09913863 1.64625264e+01
82.98014632 29.10058193 -29.64653646 1.92816368e+01
82.87407648 29.24286707 -30.83834140 3.25721924e+01
82.70910360 29.21496369 -29.79046693 3.04410245e+01
82.60404685 29.35955075 -30.96312364 2.66602826e+01
82.62647524 29.20086265 -29.16252490 2.92160203e+01
82.48692915 29.39492837 -30.83615827 2.25679201e+01
82.12374225 29.39390911 -28.59791448 1.89065559e+01
82.13787255 29.50725352 -30.31201778 1.77540396e+01
81.94145665 29.53738798 -29.36120772 1.77393138e+01
82.05620774 29.49602223 -29.63762577 1.78241140e+01
82.04182296 29.38221981 -27.61116577 1.92449541e+01
81.77981678 29.51906164 -27.30838173 1.88695267e+01
81.66745473 29.56548105 -26.73065480 1.92652313e+01
81.68305617 29.68105684 -29.50013578 1.75272486e+01
81.55662184 29.61470807 -26.15880736 1.99626579e+01
81.49435993 29.72648103 -28.13431133 1.88636212e+01
81.81253219 29.46584696 -26.64747388 1.94947118e+01
81.71508646 29.62668711 -28.72109716 1.80799748e+01
81.58814006 29.55939133 -25.23901156 2.08166457e+01
81.60390694 29.67516729 -28.42948922 1.83889699e+01
81.73061596 29.74213304 -30.84679175 1.68245569e+01
81.82767930 29.58084833 -29.03139468 1.78114905e+01
81.29696530 29.95364469 -30.72650182 1.80625640e+01
81.46358358 29.78288017 -29.14858756 1.84462227e+01
81.84286940 29.69584184 -30.94025117 1.68149997e+01
81.90838349 29.58982947 -29.91076797 1.73779021e+01
81.26746730 30.01176053 -31.16179740 1.78280171e+01
81.38664082 29.78073990 -27.85579138 1.97166276e+01
81.09061280 30.07489454 -30.84821266 1.93179939e+01
81.14808253 29.95670031 -29.01205679 2.11493376e+01
80.94616786 30.08391799 -29.39773605 2.28111993e+01
80.86148213 30.26282340 -31.52487637 1.88478249e+01
81.19296331 30.01316338 -30.77274879 1.86671029e+01
81.35653033 29.83810584 -29.00373652 1.89384295e+01
81.07492924 29.96001786 -27.77381450 2.35138556e+01
81.13223130 29.84146681 -24.99003128 2.31446007e+01
81.25138473 29.89613123 -28.98003432 1.94947582e+01
81.37056708 29.66481244 -24.09106897 2.32293834e+01
80.93105335 29.96988961 -25.49736277 2.41810922e+01
80.67739412 30.22258381 -29.55973959 2.22897504e+01
81.17700647 29.89778369 -27.65463790 2.21863924e+01
81.34043273 29.72222426 -25.26477006 2.26447716e+01
80.83221495 30.03625936 -26.02936997 2.54561564e+01
80.57826552 30.28871077 -30.05722755 2.10732100e+01
80.64894000 30.28194717 -30.38850445 2.00980360e+01
80.37700877 30.41770554 -30.54554554 2.08305385e+01
80.76187656 30.04328052 -24.91538909 2.42083033e+01
80.73386391 30.10325028 -26.69404899 2.60889941e+01
80.43635709 30.30187910 -28.72698808 2.27709449e+01
79.60960810 30.69483056 -29.34173472 2.24112514e+01
79.95517292 30.65203027 -30.86650140 2.06334614e+01
80.01977578 30.54339884 -29.72493316 2.22721310e+01
79.81230120 30.75766938 -31.28442463 1.97100048e+01
79.80071376 30.64960074 -29.88975273 2.18443305e+01
79.94368431 30.54383972 -29.10237713 2.33720304e+01
79.84537941 30.70464139 -30.89376523 2.04371701e+01
80.06329965 30.59699070 -30.81763238 2.07637387e+01
79.96672605 30.76019567 -32.02470524 1.90075911e+01
80.16965475 30.53951300 -30.74890819 2.08135325e+01
80.04288703 30.76000706 -32.38445469 1.86406138e+01
80.24350083 30.53623192 -31.08111016 2.00848628e+01
80.07488690 30.70537796 -31.98075858 1.91193650e+01
80.34697361 30.47512200 -30.97871970 2.01425000e+01
80.14996928 30.70374540 -32.32759877 1.87040273e+01
80.63544031 30.17023226 -27.40145779 2.64368564e+01
80.53642266 30.23661915 -28.12319427 2.42854820e+01
80.59144449 30.39989236 -31.47957817 1.89580364e+01
80.77610675 30.15605867 -29.02505735 2.38598263e+01
80.79038594 30.26881815 -31.20228631 1.93441568e+01
80.84682504 30.14954953 -29.71377151 2.26935218e+01
80.47826545 30.35391100 -30.39026361 2.07940097e+01
80.46140936 30.52230763 -32.04811703 1.86015079e+01
80.25537483 30.64525057 -32.25325731 1.87097486e+01
80.48181651 30.58831882 -32.82571418 1.79475162e+01
80.58317086 30.52468780 -32.70828772 1.78652925e+01
80.68367398 30.46012401 -32.58338943 1.78005393e+01
80.63336564 30.53258339 -33.05436068 1.75687137e+01
80.78370738 30.39508645 -32.45492605 1.77973080e+01
80.65462445 30.59915473 -33.84453887 1.71209840e+01
80.83427561 30.40292359 -32.80738909 1.75057849e+01
80.75571365 30.53481088 -33.72946288 1.70522905e+01
80.82777877 30.52937325 -34.06158504 1.68093957e+01
80.45028331 30.72548098 -34.05876029 1.72657059e+01
80.52312745 30.72067256 -34.38733164 1.70166807e+01
80.02600778 30.95896337 -34.32477782 1.72132643e+01
80.10231811 30.95837895 -34.68168616 1.70570215e+01
79.88319999 31.06552478 -34.73576545 1.68369403e+01
79.89645083 30.94583147 -33.58829295 1.75126522e+01
80.06265477 30.82617708 -33.15193867 1.79909502e+01
80.32622296 30.72070228 -33.37685580 1.77668614e+01
79.84369451 30.93242278 -33.20919005 1.77122164e+01
79.95392816 30.88040788 -33.18945083 1.78809937e+01
80.28613935 30.58887669 -31.83284323 1.91496377e+01
80.16980713 30.76974984 -33.09708899 1.80464486e+01
80.35914092 30.58468116 -32.15887788 1.86754242e+01
80.27532928 30.71116087 -33.02308814 1.80507504e+01
80.49095118 30.46435327 -31.61055399 1.90165610e+01
80.37928293 30.65059379 -32.93305962 1.80150685e+01
80.38927519 30.52747825 -31.72916322 1.91121586e+01
80.44885263 30.41210723 -30.85842602 2.00526566e+01
79.50551741 31.07661196 -33.18429442 1.68309331e+01
79.63329298 30.91119585 -32.05186434 1.82420986e+01
79.67280293 31.04563675 -33.59627039 1.70588514e+01
79.71234713 30.91529729 -32.44290064 1.80656059e+01
79.32984377 31.18298603 -33.52006545 1.60658422e+01
79.37118626 31.05350206 -32.37354234 1.68261857e+01
79.46463756 31.20613610 -34.32680906 1.61555570e+01
79.44487309 31.13841723 -33.55529967 1.64090677e+01
78.92976804 31.29684926 -32.94506665 1.53472862e+01
78.88774033 31.42838708 -34.10752861 1.53272950e+01
79.54505620 31.21169207 -34.72410981 1.62007454e+01
79.55926278 31.09274840 -33.58025905 1.67498530e+01
79.77160589 31.11605022 -34.74317484 1.66611359e+01
79.78525803 30.99673455 -33.59879664 1.73135509e+01
78.75374839 31.40540867 -33.23746330 1.54090858e+01
78.54713399 31.57275276 -33.91683245 1.59507244e+01
78.64026716 31.45332777 -33.16844722 1.56168679e+01
78.51473765 31.62681922 -34.30442340 1.60895365e+01
78.52802460 31.50342231 -33.09905561 1.59398515e+01
78.43613967 31.62521889 -33.85384863 1.63633392e+01
78.45776447 31.41881822 -31.84036056 1.60590379e+01
78.37959702 31.41723075 -31.38524183 1.63774263e+01
78.79559022 31.27270942 -32.07343794 1.53417962e+01
78.71503501 31.26682482 -31.62354401 1.53969465e+01
78.60187307 31.31464324 -31.54425217 1.55898382e+01
78.58822265 31.43724839 -32.73600105 1.56960511e+01
78.98331103 31.31450680 -33.36792900 1.53600412e+01
78.91020874 31.22772266 -32.14618795 1.53960367e+01
78.58794261 31.20420348 -30.32542769 1.56274502e+01
78.44355034 31.30818471 -30.60444450 1.60344948e+01
79.02535313 31.18382829 -32.21437522 1.55977171e+01
78.82921551 31.22091027 -31.70158162 1.53686311e+01
79.04500514 31.25277311 -33.00763068 1.54873397e+01
79.05945429 31.13288186 -31.84434543 1.58021415e+01
79.39096491 31.12160438 -33.15336032 1.64465989e+01
79.40533165 31.00255906 -31.99889503 1.72848539e+01
79.24346868 30.98827402 -31.16174979 1.71541166e+01
79.17494504 31.08973053 -31.90453642 1.62250327e+01
79.58757547 30.85469162 -31.27447475 1.90357092e+01
79.50765583 30.84924538 -30.87202364 1.92891553e+01
79.61930396 31.03030417 -33.20480922 1.71837573e+01
79.59953427 30.96290994 -32.43186975 1.77229103e+01
79.70056514 30.80721035 -31.28764289 1.94324725e+01
79.68884674 30.69910174 -29.92793538 2.16099636e+01
79.27778835 30.93758954 -30.79058401 1.78095052e+01
79.35878872 30.94482826 -31.21031435 1.78474112e+01
79.16216708 30.98057015 -30.73423798 1.70181994e+01
79.14074208 31.14050515 -32.27598215 1.59270915e+01
79.14945431 30.87139088 -29.23146083 1.85152141e+01
78.93085818 31.06669031 -30.59678787 1.58673305e+01
79.12786083 31.03125141 -31.10421754 1.65108320e+01
78.94411842 31.17643271 -31.77579484 1.55075994e+01
79.04643315 31.02342466 -30.66966493 1.63836067e+01
78.81572278 31.11090439 -30.51666607 1.55847388e+01
79.01222958 31.07428044 -31.03834710 1.59825023e+01
79.11504510 30.92197854 -29.76480199 1.76282534e+01
78.89684803 31.11789614 -30.96420582 1.56150922e+01
78.99917203 30.96471318 -29.69366124 1.68091249e+01
78.10385651 31.36448730 -28.91567460 1.80077169e+01
78.01325222 31.53547225 -30.34804092 1.85605710e+01
77.79170485 31.55000805 -28.79396527 2.10741529e+01
77.12221702 32.23804751 -31.57243850 0.00000000e+00
78.25632446 31.36143673 -30.02610897 1.70094979e+01
78.33356216 31.36146433 -30.51837394 1.65402047e+01
77.89454026 31.48660370 -28.82104718 1.96611323e+01
77.83578610 31.60255343 -29.83782427 2.04953427e+01
78.02804699 31.64627003 -31.63164659 1.85992592e+01
77.38820650 31.81332645 -28.77903150 2.17640967e+01
78.14900904 31.41876462 -29.95467852 1.76411386e+01
78.11847656 31.47532262 -30.39059210 1.77981074e+01
77.95375689 31.65041152 -31.20354323 1.92557738e+01
77.90937271 31.59738167 -30.31871223 1.95445985e+01
77.14975237 32.17838009 -31.17408368 1.43128095e-02
77.30400472 31.99117667 -30.30515376 3.57897806e+00
77.50331691 31.85687569 -30.29861007 3.56029455e+01
77.43159358 31.86456934 -29.82906405 3.66274768e+01
77.44681501 31.97498721 -31.18134103 4.19531939e+01
77.58868869 31.68011193 -28.77738993 2.93841137e+01
77.51850449 31.96733628 -31.58853447 3.64361235e+01
77.70480517 31.72523023 -30.29722956 2.36617575e+01
77.71985016 31.83584840 -31.59044925 2.36453823e+01
77.73365051 31.66672011 -29.82701157 2.26866010e+01
77.53168818 31.79789599 -29.82478016 3.39464431e+01
77.60375213 31.79067447 -30.29567014 2.88632965e+01
77.33199674 31.93184882 -29.83308477 7.43438698e+00
77.40342143 31.92373497 -30.30268757 3.32667604e+01
76.63511374 32.31127986 -27.97126004 0.00000000e+00
76.57365488 32.60489308 -30.98836292 2.10894186e-02
76.92305144 32.09681436 -28.12888819 0.00000000e+00
77.20508113 32.05920662 -30.30370101 2.86036745e-02
76.81526373 32.33797298 -30.22825672 0.00000000e+00
77.02061118 32.02699802 -28.15815518 0.00000000e+00
76.42298061 32.52102967 -28.37646756 1.31098401e-01
76.53173851 32.55620925 -30.07076694 1.25092612e-02
76.24196209 32.67428380 -28.16593407 9.85667215e+00
76.46460207 32.56931380 -29.51589494 2.88562833e-01
76.51540259 32.44612266 -28.46679970 0.00000000e+00
76.43946963 32.63109333 -29.99874953 1.47700795e+00
76.44817748 32.45923654 -27.80444564 0.00000000e+00
76.37312996 32.64497769 -29.42660660 3.27100782e+00
76.19402765 32.79968113 -29.22236672 2.50899551e+01
76.25875537 32.78428777 -29.82821560 2.51628342e+01
76.21094273 32.90964781 -30.71116996 3.08994692e+01
75.93534093 33.03994769 -28.88239595 2.00868135e+01
76.64143828 32.59254022 -31.41822512 0.00000000e+00
76.71974913 32.40972290 -30.18358964 0.00000000e+00
76.34847560 32.70713147 -29.91665104 1.22906162e+01
76.28293594 32.72177654 -29.32752700 1.53940310e+01
76.84202684 32.27755580 -29.76210067 0.00000000e+00
76.85789745 32.38769383 -31.11654408 0.00000000e+00
76.93874370 32.20699701 -29.79296347 0.00000000e+00
77.00883676 32.19712214 -30.28179863 0.00000000e+00
77.10666613 32.12783232 -30.29757830 0.00000000e+00
76.94357817 32.44668676 -32.33143186 0.00000000e+00
77.13425354 32.06814324 -29.82911806 0.00000000e+00
77.05178997 32.24740865 -31.16216067 0.00000000e+00
77.41868641 32.03412172 -31.58899092 4.17099804e+01
77.24826762 32.10998482 -31.18052955 3.72101296e-01
77.02450466 32.30729951 -31.55634374 0.00000000e+00
76.95448062 32.31716046 -31.14284352 0.00000000e+00
76.62521318 32.48245189 -30.13248672 0.00000000e+00
76.55734242 32.49481111 -29.59369363 0.00000000e+00
76.38974734 32.75501297 -30.86519258 1.69218860e+01
76.42050243 32.89453173 -32.46491376 3.61558140e+01
76.38048185 32.88694583 -32.04145329 3.59883737e+01
76.45599827 32.74114004 -31.30753409 7.13909666e+00
75.82988975 33.18616866 -29.28980890 1.74851032e+01
76.17033317 32.86254718 -29.73332585 2.88976495e+01
76.20238174 33.04242427 -31.89671460 2.69783441e+01
76.29970482 32.83178159 -30.79135865 3.04806098e+01
76.29078673 32.96413893 -31.97138898 3.43914433e+01
76.36515689 32.81715199 -31.23921158 2.66184720e+01
76.51208112 32.81876062 -32.52429434 1.59002185e+01
76.41123610 33.02644634 -33.65757542 3.93871714e+01
76.60493464 32.74415054 -32.58058648 1.84914170e+00
76.45264686 33.07423487 -34.48377505 3.93933244e+01
76.73582404 32.51982783 -31.46470668 0.00000000e+00
76.65715315 32.66213494 -32.21476930 1.29119914e-02
76.84717093 32.51755670 -32.29972855 0.00000000e+00
76.71475156 32.74013041 -33.43296103 5.12121483e-02
76.83119498 32.44809722 -31.50350270 0.00000000e+00
76.75166505 32.58935116 -32.26161894 0.00000000e+00
76.98681498 32.45588417 -32.74144407 0.00000000e+00
76.87924214 32.65639099 -33.89795352 0.00000000e+00
77.36955051 32.30892881 -34.01596484 4.16222379e+01
77.64741488 31.84247802 -31.17865950 2.66503514e+01
77.63605054 31.97028353 -32.40766599 2.73087164e+01
77.54683438 31.90839035 -31.17942703 3.36236829e+01
77.38079895 32.18048316 -32.80439671 3.50120299e+01
77.85071208 31.71327523 -31.18860803 2.05901623e+01
77.33603464 32.17066031 -32.39661821 1.77960481e+01
77.31935440 32.10149637 -31.58733515 7.71155140e+00
77.18264697 32.31686333 -32.78300492 7.59452380e-02
77.22052613 32.16946925 -31.58245198 1.89428181e-01
77.61886823 31.90121425 -31.58858649 2.84470610e+01
77.92426226 31.70813603 -31.60823894 1.96631997e+01
77.43552299 32.10324205 -32.40169811 4.37168683e+01
77.53550901 32.03642559 -32.40446957 3.48338762e+01
77.74865287 31.77737110 -31.18127186 2.27175380e+01
77.80661978 31.66072260 -30.30302436 2.10231263e+01
78.22520629 31.41722699 -30.44717019 1.71231457e+01
78.16362627 31.52958166 -31.27296691 1.75716831e+01
77.82159026 31.77141370 -31.59663754 2.11896330e+01
77.94205344 31.77723533 -32.43370579 1.96293053e+01
77.73722151 31.90491064 -32.41212033 2.33536337e+01
77.83916572 31.84048695 -32.42039825 2.11002183e+01
78.36666876 31.54151147 -32.59143038 1.65193534e+01
78.34795215 31.47219845 -31.76910957 1.65395848e+01
78.13315672 31.58613423 -31.66824371 1.77845888e+01
78.04606894 31.71541606 -32.45825794 1.85668202e+01
77.69931570 32.04966668 -33.64059600 2.49701591e+01
77.88606029 31.85144969 -32.83783559 2.05794768e+01
78.25824597 31.59728440 -32.53694365 1.70792551e+01
78.11251097 31.79662062 -33.71264932 1.82694298e+01
78.41722199 31.55589289 -33.02744293 1.63644734e+01
78.21884634 31.73730213 -33.74970388 1.75005854e+01
78.30799184 31.61080282 -32.96938132 1.68903719e+01
78.18817044 31.79377474 -34.15014839 1.77521262e+01
78.32670004 31.68009811 -33.79763434 1.68777234e+01
77.91892508 32.03120355 -34.87241691 2.07146448e+01
77.67061064 32.10840008 -34.04683933 2.61085549e+01
77.78358126 31.91550843 -32.82670365 2.24671878e+01
77.59817846 32.11561344 -33.63242907 3.00052542e+01
77.68195008 31.98061131 -32.81941009 2.55203313e+01
77.49763424 32.18228126 -33.62469875 4.02034815e+01
77.48063744 32.11319850 -32.80998332 4.15293031e+01
77.56970043 32.17456959 -34.03717243 3.24535283e+01
77.58100266 32.04655065 -32.81444164 3.16731980e+01
77.77217613 32.04303030 -34.05745456 2.30096669e+01
77.61346841 32.22605568 -34.83233191 2.95530819e+01
77.46936601 32.24143662 -34.02766279 4.34466277e+01
77.41306460 32.35989275 -34.80861710 5.17917392e+01
77.87454087 31.97864211 -34.07204101 2.10498205e+01
77.71453789 32.16018713 -34.84325519 2.50447981e+01
77.78737106 32.15359326 -35.23614385 2.31746214e+01
78.00756788 31.85779449 -33.68552324 1.92382800e+01
77.88966397 32.08927539 -35.25035987 2.12351663e+01
78.08235453 31.85373945 -34.11708508 1.85865258e+01
77.99291758 32.02615181 -35.26801615 1.98118087e+01
78.12740236 31.90736285 -34.92149835 1.84126510e+01
78.40431323 31.68013064 -34.24608911 1.65337802e+01
78.23361540 31.84804012 -34.95533662 1.76179343e+01
78.29545976 31.73582820 -34.19403129 1.70828552e+01
78.20300326 31.90450959 -35.32225083 1.78673892e+01
78.32881288 31.91568218 -36.09641687 1.71358860e+01
78.34132603 31.79079609 -34.99694895 1.69767450e+01
77.90740691 32.15827156 -36.00040718 2.10929585e+01
78.09730245 31.96446768 -35.29224674 1.87230611e+01
78.01087726 32.09516785 -36.01659331 1.97170834e+01
78.16399251 32.04551287 -36.41241283 1.83470604e+01
78.37885097 31.92914279 -36.46823676 1.69355384e+01
78.41885371 31.79077142 -35.39952200 1.66171448e+01
78.39773076 31.99832114 -37.18886152 1.68753551e+01
78.48857818 31.87427108 -36.50399432 1.64284596e+01
78.05869067 32.10657978 -36.38924182 1.93249760e+01
78.07687405 32.17562074 -37.12014855 1.91979596e+01
77.84019432 32.36054874 -37.45779813 2.25532580e+01
77.95460904 32.16921779 -36.37104138 2.05792879e+01
77.76692740 32.36715552 -37.08368018 2.41467758e+01
77.85156392 32.23315589 -36.35862649 2.22302957e+01
77.46382672 32.56707334 -37.05428477 4.54686774e+01
77.64795158 32.36407353 -36.33734188 2.81441580e+01
77.68587353 32.21888663 -35.22400441 2.61136559e+01
77.30249086 32.55638442 -35.92704612 1.84579365e+01
77.81630445 32.09516976 -34.85658654 2.24671619e+01
77.80490625 32.22258127 -35.98813648 2.29373165e+01
77.50175309 32.42081883 -35.95531873 3.96263638e+01
77.20369601 32.62513732 -35.90902250 1.05245749e+00
77.38503343 32.41919611 -35.18820257 5.02193834e+01
76.99182864 32.69548375 -35.10563509 5.04945408e-03
77.58503095 32.28497805 -35.21323172 3.15468781e+01
77.51299488 32.29264727 -34.82103629 3.86919932e+01
77.31365108 32.42775316 -34.79339032 1.44269024e+01
76.91136703 32.83584312 -35.84048553 4.91505343e-02
77.00805120 32.76479933 -35.86610673 3.70658424e-02
76.62713808 33.05478567 -35.73904984 5.41413897e+01
76.92203841 32.70601798 -34.69750483 0.00000000e+00
76.72083187 32.98078823 -35.77417735 3.59775622e+01
76.81558938 32.90781163 -35.80865554 4.00745671e+00
76.77867577 33.05857904 -36.91719136 5.32355105e+01
77.16585917 32.77304289 -37.00840864 1.13826063e+00
77.24793834 32.63458122 -36.28594929 6.44401605e+00
76.95432488 32.84471671 -36.22403291 1.04661245e-01
76.97053139 32.91402279 -36.97211845 9.48362916e-01
77.26458692 32.70370838 -37.02625821 1.77114249e+01
77.34711373 32.56598123 -36.30173835 4.01730035e+01
76.59107281 33.20724854 -36.85290964 3.97433694e+01
76.66851719 33.06287636 -36.12859960 5.60478591e+01
76.39306218 33.29071240 -36.01784963 2.59133194e+01
76.40845667 33.36043060 -36.78742807 2.48639653e+01
76.75257012 33.11973230 -37.28586966 6.32192937e+01
76.85804240 32.91643497 -36.19533909 3.43817189e+00
76.68431104 33.13238567 -36.88525597 5.54043284e+01
76.76275121 32.98914311 -36.16215542 3.33721790e+01
76.44342869 33.20614622 -35.66127399 3.08255799e+01
76.36238004 33.15118534 -34.43323043 2.92636918e+01
76.27338747 33.22922228 -34.38326504 2.39611017e+01
76.09934474 33.38851827 -34.27958412 1.85492528e+01
76.89528347 32.76646138 -35.07442909 0.00000000e+00
76.82603593 32.77760626 -34.66138306 3.54468745e-03
76.18570246 33.30833904 -34.33126709 2.07309843e+01
76.24970485 33.29210771 -34.78225997 2.22058054e+01
76.54421025 32.99842480 -34.53519922 4.75232601e+01
76.42801456 33.13641974 -34.87176919 3.31295897e+01
76.90605705 32.59593379 -33.51058569 0.00000000e+00
76.73101577 32.85017738 -34.62423905 3.08872596e+00
77.10551710 32.69458106 -35.88635418 7.79356846e-02
77.01889487 32.63531289 -34.72774818 0.00000000e+00
77.08915453 32.62533107 -35.13054108 5.04082923e-02
77.07336851 32.51520790 -33.96054138 0.00000000e+00
77.18718358 32.55594346 -35.15342843 3.48290150e-01
77.11650434 32.56541241 -34.75311221 3.93582103e-02
77.28583051 32.48724882 -35.17245199 8.09060340e+00
77.29812604 32.31751839 -33.60405884 7.81515616e+00
77.27025764 32.37703942 -34.00189885 3.45449295e+00
77.28145654 32.24836175 -32.79596146 2.92695396e+00
76.88996381 32.52654873 -32.71079554 0.00000000e+00
76.80991694 32.66754257 -33.47363083 0.00000000e+00
76.62063028 32.81373621 -33.38342591 4.57782652e+00
76.63704429 32.92376710 -34.58259645 2.91411640e+01
76.68869085 32.80123361 -33.81769108 1.99755494e+00
76.51909035 33.06022920 -34.91728500 4.47363819e+01
76.59497996 32.87517778 -33.76840974 2.16844469e+01
76.52764625 32.88841370 -33.32830840 3.01264876e+01
76.50246264 32.95023150 -33.71463087 4.27664229e+01
76.43593225 32.96424723 -33.27051701 4.11578390e+01
76.24119744 33.04944247 -32.33392354 2.80725052e+01
76.23263539 33.18220316 -33.54086978 2.40035885e+01
76.15350189 33.12853731 -32.26069035 2.27633926e+01
76.14530534 33.26171178 -33.47834055 2.06378890e+01
75.98210922 33.28990768 -32.10155953 1.77267331e+01
76.16855588 33.19846117 -33.08693817 2.20833177e+01
75.89831501 33.37205025 -32.02004679 1.64639248e+01
75.99690174 33.35995863 -32.94684642 1.75509520e+01
75.80876461 33.58963385 -33.21928783 1.53321336e+01
75.67920305 33.93816314 -35.37217895 1.47072573e+01
75.72747680 33.67371044 -33.15330072 1.51102358e+01
75.89110964 33.50631662 -33.28461755 1.59393322e+01
75.66791934 33.69368441 -32.65765666 1.53068354e+01
75.66495045 33.86782168 -34.49190705 1.49198907e+01
75.64716789 33.75847668 -33.08181341 1.53412196e+01
75.58559966 33.95309487 -34.45436256 1.53244656e+01
75.27556594 34.29916995 -34.35020961 1.23508462e+01
75.33413376 34.10315698 -32.85015354 1.25105127e+01
75.56775571 33.84386426 -33.00746741 1.53077680e+01
75.52718706 33.97386942 -33.94676854 1.50656263e+01
75.35210999 34.21200730 -34.37498311 1.26610019e+01
75.41130664 34.01625604 -32.91842745 1.28365474e+01
75.09423970 34.63867704 -35.70609862 1.21192597e+01
75.47695212 34.20107697 -35.73464840 1.45726833e+01
75.84090439 33.76939228 -35.42113029 1.50573836e+01
75.84781944 33.63482753 -34.12829297 1.53680183e+01
75.74857086 33.60910549 -32.73381102 1.52179678e+01
75.76624473 33.71859504 -34.07869823 1.50119575e+01
75.91297793 33.44216482 -32.87592361 1.63402135e+01
75.93046897 33.55183651 -34.17812855 1.60259075e+01
76.05930777 33.34227832 -33.41406509 1.84336013e+01
76.07662995 33.45207030 -34.69144772 1.77726057e+01
76.17753671 33.44150510 -35.54525212 1.91989862e+01
76.16250731 33.37156633 -34.73610084 1.95813698e+01
75.95985474 33.69204997 -35.84820925 1.57066056e+01
75.99202852 33.53355642 -34.64851689 1.65227848e+01
75.92328455 33.68609660 -35.44824047 1.55676619e+01
75.90864562 33.61595600 -34.60750522 1.56859006e+01
76.00679499 33.60362842 -35.47786233 1.63698323e+01
76.03644015 33.74369450 -37.03918973 1.59411412e+01
75.97460186 33.76211696 -36.63030090 1.55878414e+01
76.04393128 33.60978658 -35.87656439 1.65616603e+01
76.12925207 33.52846344 -35.90741607 1.78039179e+01
76.14426228 33.59839607 -36.68395264 1.75262896e+01
75.87694967 33.77517733 -35.82194484 1.51327147e+01
75.70781807 34.07877339 -36.96045512 1.44453929e+01
75.21299297 34.45739826 -35.29495079 1.21812105e+01
75.10752804 34.70945808 -36.53012656 1.20662424e+01
75.44310315 34.19577263 -35.32361626 1.38795526e+01
75.41315567 34.35840485 -36.53735227 1.38033702e+01
75.79511819 33.85907956 -35.79764064 1.47832872e+01
75.56938124 34.18515227 -36.55117172 1.50667360e+01
75.64859760 34.09927061 -36.55180658 1.45385787e+01
75.59972169 34.02350158 -35.35151004 1.49869728e+01
75.71428370 33.94368725 -35.77522348 1.46329550e+01
75.63436488 34.02893183 -35.75520716 1.47742452e+01
75.32231041 34.37508082 -35.71806701 1.25452762e+01
75.08839435 34.77500477 -36.93851718 1.20355973e+01
75.37175853 34.14673881 -33.87037890 1.26798001e+01
75.36583435 34.28260532 -35.31224251 1.27953152e+01
75.74518781 33.78316214 -34.53016655 1.48797717e+01
75.68566855 33.80306970 -34.02892578 1.50043755e+01
75.19954121 34.38667729 -34.33223930 1.24081720e+01
75.01898036 34.72705712 -35.70777683 1.20740408e+01
75.14309561 34.40902599 -33.76708942 1.25532939e+01
74.91218737 34.81025760 -35.29509500 1.22484113e+01
75.12396400 34.47448280 -34.31197529 1.24186462e+01
74.88217139 34.97536249 -36.54428014 1.20066699e+01
75.06193834 34.63338359 -35.28804209 1.21953236e+01
74.93807158 34.95211389 -36.94609209 1.19486893e+01
75.03212713 34.79789762 -36.53422398 1.20077715e+01
75.18326803 34.62124910 -36.52864075 1.21511715e+01
75.24000878 34.59877849 -36.93375963 1.23784673e+01
75.24583944 34.46264778 -35.71220623 1.22365776e+01
75.16401398 34.68676511 -36.93484306 1.21873483e+01
75.16983953 34.55052820 -35.70754338 1.21336638e+01
74.54159329 35.25516111 -35.35321672 1.16685409e+01
74.49848075 35.35023554 -35.65452868 1.14066943e+01
74.58470392 35.33207035 -36.58084424 1.22642109e+01
74.64016301 35.30828351 -36.97880511 1.26261868e+01
74.46780319 35.34442321 -35.05827424 1.11563134e+01
74.94401349 34.81563882 -35.71337122 1.21265491e+01
74.86931234 34.90440523 -35.71844204 1.21902427e+01
74.52944219 35.18392328 -34.30095210 1.19160510e+01
74.98692342 34.72172402 -35.29070923 1.21830684e+01
75.06777590 34.49705594 -33.72569450 1.27105020e+01
74.61545309 35.16597018 -35.33555320 1.19034724e+01
74.67695670 35.00573674 -34.20149704 1.28685900e+01
74.45580234 35.27313023 -34.10065639 1.10679471e+01
74.65894216 34.89825279 -32.17985025 1.37323110e+01
74.47435115 35.20770462 -33.64464621 1.16470078e+01
74.67756124 34.83268987 -31.56513267 1.41683212e+01
74.54800545 35.11846524 -33.59493408 1.22325794e+01
74.73285379 34.80913987 -32.26504072 1.44630926e+01
74.62173841 35.02930179 -33.51486092 1.29126165e+01
74.80693719 34.72015575 -32.32891213 1.49678288e+01
74.75088190 34.91678577 -34.22209490 1.31150010e+01
75.12507034 34.30055145 -32.13148510 1.31648093e+01
75.04876654 34.56254370 -34.28538044 1.25506239e+01
75.18151643 34.27810678 -32.71050977 1.27092052e+01
74.76347808 34.98785624 -35.30724625 1.22560657e+01
74.83771706 34.89897523 -35.29989407 1.22764820e+01
75.21881850 34.32126607 -33.79693126 1.24841712e+01
75.25756104 34.19045679 -32.77769975 1.25395017e+01
74.58515434 34.98746716 -32.12294457 1.30482248e+01
75.18731025 34.14196769 -31.20385017 1.26604457e+01
74.90008153 34.56576769 -31.87059143 1.56838691e+01
74.99279940 34.58531843 -33.67555154 1.32446193e+01
75.10592676 34.36605947 -32.65275672 1.30490469e+01
74.97389360 34.65082563 -34.26114559 1.28023098e+01
75.04974187 34.38873129 -32.05435378 1.42553783e+01
74.89930130 34.73930156 -34.24022310 1.30846915e+01
75.03072259 34.45427098 -32.58240570 1.39924155e+01
74.84370528 34.76243517 -33.59444798 1.38521251e+01
74.51146221 35.07676699 -32.34266838 1.22257441e+01
74.78736575 34.44163555 -28.63213468 1.30952879e+01
74.45639033 35.10065957 -31.90675636 1.16252061e+01
74.51779754 34.94007418 -30.35322068 1.25584131e+01
74.53002535 35.01125493 -31.57770245 1.26416150e+01
74.66504213 34.76161701 -30.39214289 1.41506934e+01
74.75151796 34.74356120 -31.65923803 1.48133714e+01
74.92979445 34.40094902 -30.30438546 1.56331191e+01
74.43784253 35.16613915 -32.50271617 1.12488424e+01
74.44430963 35.02942536 -30.67025161 1.16200097e+01
74.60374093 34.92192714 -31.45861649 1.34253563e+01
74.73885514 34.67254306 -30.50890591 1.49022902e+01
74.48713132 34.93435205 -29.88168186 1.23101569e+01
74.56672482 34.70849676 -28.34389606 1.33681778e+01
74.63402727 34.75605306 -29.82453108 1.38887178e+01
74.84265383 34.41850752 -29.17374825 1.40613019e+01
74.56053048 34.84515950 -29.71613341 1.31106346e+01
74.62162292 34.68492819 -28.85562570 1.36342579e+01
74.99127931 34.24177705 -29.41047701 1.44772506e+01
74.95584782 34.54270637 -32.50082229 1.49282965e+01
74.91682189 34.33004303 -29.29235584 1.41455669e+01
74.82567270 34.65457627 -31.75886235 1.54916562e+01
75.08509304 34.08828555 -29.07948558 1.40996591e+01
75.00439086 34.31262698 -30.42236460 1.53164006e+01
74.97476167 34.47714666 -31.96736238 1.54106053e+01
75.11170812 34.22981534 -31.09048685 1.37656847e+01
75.03651701 34.31793761 -30.98408057 1.52187021e+01
74.88125794 34.63133817 -32.41311078 1.51269244e+01
74.96167546 34.40629603 -30.87759449 1.58158184e+01
74.85548583 34.48946882 -30.18275337 1.54461778e+01
74.88713523 34.49486070 -30.76392249 1.58975271e+01
74.81286796 34.58361368 -30.63517388 1.54817393e+01
75.26339813 34.05444219 -31.31969221 1.26312267e+01
75.27702958 34.12506019 -32.30421337 1.25751336e+01
75.34004073 33.96728451 -31.41811577 1.25036514e+01
75.35380325 34.03784138 -32.38700242 1.25700541e+01
75.46122130 33.78887947 -31.08282250 1.30597507e+01
75.43120878 33.95104290 -32.44227838 1.30197029e+01
75.65363754 33.62337589 -31.76660537 1.54494292e+01
75.50931754 33.86471569 -32.48691660 1.40737701e+01
75.69876612 33.53315797 -31.38340315 1.55119999e+01
75.58819568 33.77890986 -32.57447430 1.53574211e+01
76.11530905 33.12180136 -31.81671634 2.20436388e+01
76.08207343 33.27869897 -33.01765527 1.93622389e+01
75.81569520 33.45506240 -31.93788198 1.56954958e+01
75.83023159 33.52524232 -32.80498908 1.55711374e+01
76.10036652 33.05180818 -30.99715477 2.29213749e+01
76.06715060 33.20871159 -32.18227889 1.96894277e+01
75.94512054 33.28367187 -31.64829229 1.74174090e+01
76.02957297 33.20224077 -31.73340183 1.92187551e+01
75.76537003 33.37896192 -30.58938094 1.59062190e+01
75.61871310 33.61779701 -31.28705773 1.53426331e+01
75.68446421 33.46284647 -30.47677973 1.57153011e+01
75.53955841 33.70305886 -31.18694803 1.41397306e+01
75.60453927 33.54742280 -30.36340270 1.50227949e+01
75.49529332 33.79428147 -31.57010160 1.35807716e+01
75.52551347 33.63262265 -30.24948290 1.39098883e+01
75.41731496 33.88054704 -31.49227294 1.26856447e+01
75.36984621 33.80464578 -30.01756013 1.24872727e+01
75.30671983 33.96198258 -30.89674573 1.25418052e+01
75.23624333 33.91314496 -29.32248872 1.20274383e+01
75.15463597 34.13669336 -30.66011796 1.30502935e+01
75.38963532 33.73949105 -29.56257720 1.24661334e+01
75.35198898 33.69564818 -28.49652581 1.18026416e+01
75.46735292 33.65334726 -29.68491597 1.28521785e+01
75.44956779 33.54417514 -28.12290298 1.22354652e+01
75.44730631 33.71838207 -30.13510199 1.28151121e+01
75.38363047 33.87520380 -30.99953536 1.25435067e+01
75.93043778 33.21355260 -30.80989149 1.76873924e+01
75.76923116 33.20501553 -28.62850615 1.69598606e+01
75.78672905 33.31462951 -30.19292682 1.62823045e+01
76.02023769 32.95880539 -28.99919089 2.30467625e+01
75.86909547 33.23174616 -30.32064435 1.71086748e+01
76.03741536 33.06866135 -30.53649909 2.10989775e+01
76.10645254 32.87869507 -29.11204455 2.66196648e+01
76.01476072 33.13218458 -30.90718360 1.96435581e+01
76.08325908 32.94191479 -29.63430283 2.52757594e+01
75.95263370 33.14973139 -30.43694051 1.85974076e+01
76.08943622 32.76876236 -27.37898820 1.88643986e+01
75.99753217 33.02235661 -29.53064269 2.13091154e+01
75.98033854 32.91251430 -27.80796190 2.18666874e+01
75.91309692 33.10379937 -29.41800927 1.89239932e+01
75.89579003 32.99403245 -27.68594232 1.98729022e+01
75.85169545 33.12204295 -28.76012481 1.83212272e+01
75.52811471 33.45843309 -28.24574498 1.31932239e+01
75.58684412 33.43805507 -28.88024697 1.44719920e+01
75.42949467 33.60925503 -28.61991381 1.23654293e+01
75.43181133 33.43499379 -26.48950237 1.05200234e+01
75.75176556 33.09538907 -26.91171979 1.66271279e+01
75.68786456 33.28878496 -28.49832646 1.59561464e+01
74.97330723 34.13350031 -27.94787517 1.27382373e+01
75.06714237 33.97980422 -27.58434449 1.31007553e+01
74.67773196 34.31506336 -25.72862685 1.29506079e+01
74.75078387 34.39935511 -27.66672367 1.19903461e+01
75.29306610 33.89136385 -29.90084441 1.24470921e+01
75.27517026 33.78250051 -28.37936788 1.12780038e+01
75.21689064 33.97848350 -29.78248287 1.23809940e+01
75.19896425 33.86975968 -28.26756523 1.17168156e+01
75.04810689 34.04530724 -28.04882852 1.35188932e+01
75.01017639 34.17629399 -28.96388058 1.38405868e+01
74.69510190 34.59597801 -28.95795292 1.39277646e+01
74.82467741 34.31054429 -27.76062487 1.18709178e+01
74.70765030 34.66704902 -29.94171883 1.45748362e+01
74.78144832 34.57817523 -30.05489154 1.50990347e+01
74.41380645 35.02361754 -30.23607757 1.13690043e+01
74.47501793 34.86312047 -28.74110634 1.24300828e+01
74.40183987 34.95233302 -29.06654345 1.13488729e+01
74.38393119 34.84535416 -27.37761835 1.16637581e+01
74.54827115 34.77398112 -28.75264776 1.31681752e+01
74.62215781 34.51188871 -27.06375539 1.27328580e+01
74.64011066 34.61942094 -28.43947160 1.35843770e+01
74.67713566 34.48833638 -27.57816148 1.26590400e+01
74.71363674 34.53045526 -28.53110593 1.34342145e+01
74.76939808 34.33377825 -27.22607438 1.18124874e+01
74.53032940 34.66666874 -27.42081611 1.31454965e+01
74.47552095 34.69046343 -26.92295451 1.29743647e+01
74.45761278 34.58326556 -25.56356287 1.27883730e+01
74.40234263 34.77987576 -26.85196942 1.23339644e+01
74.73283119 34.29155085 -26.24765936 1.25926472e+01
74.69567433 34.42275933 -27.14250201 1.20873484e+01
74.34209318 34.59587856 -22.69353071 1.24923807e+01
74.43918299 34.64883148 -26.00178497 1.28333519e+01
74.44543585 34.51209149 -24.01943262 1.27862489e+01
74.60422415 34.40435739 -25.67095564 1.27467877e+01
74.59176361 34.33328611 -24.13753142 1.38018336e+01
74.80672255 34.20257941 -26.31183286 1.31405200e+01
74.66513141 34.24404420 -24.19739242 1.49823881e+01
74.75145130 34.22591997 -25.78565106 1.38313042e+01
74.78108602 34.06069991 -23.27520665 1.52682991e+01
74.89969873 34.04818829 -25.91494806 1.42112801e+01
74.92917611 33.88355495 -23.45688971 1.36112069e+01
74.96112772 33.88882601 -24.48524542 1.34870577e+01
74.88089165 34.11379810 -26.38311696 1.39107632e+01
74.91613701 33.81269603 -21.15292581 1.18319448e+01
75.23005945 33.53240980 -23.87646281 7.50597335e+00
74.86076297 33.83555709 -19.79142857 1.12862554e+01
74.85498094 33.97202521 -23.36431192 1.42915780e+01
74.88668542 33.97732854 -24.40892699 1.45085070e+01
74.82543403 34.13695759 -25.84576384 1.45238381e+01
74.76831947 33.98973497 -20.95235521 1.28151178e+01
74.81255721 34.06604423 -24.33297986 1.54821063e+01
74.70747072 34.14956551 -23.19258269 1.55015314e+01
74.73871237 34.15495365 -24.26180883 1.56371159e+01
74.51854327 34.42264179 -24.07754657 1.30242968e+01
74.60372828 34.05989899 -17.05473135 1.02698057e+01
74.48788791 34.41706162 -22.97401450 1.33724680e+01
74.47567928 34.34588995 -20.61738437 1.39544625e+01
74.33016951 34.52460573 -20.22200809 1.25673807e+01
74.54858026 34.25665931 -20.69786292 1.40749064e+01
74.47613734 34.17299256 -15.82427224 9.87200226e+00
74.49400603 34.28034934 -19.37303644 1.35177181e+01
74.62161685 34.16753528 -20.77774162 1.38870076e+01
74.34844793 34.45912584 -19.09518627 1.31211170e+01
74.40332471 34.26250977 -15.78943864 1.06804701e+01
74.31860338 34.28089025 -14.23732668 9.95441325e+00
74.53069928 34.14918985 -17.00099325 1.05631236e+01
74.56694465 34.19109593 -19.44923149 1.30985569e+01
74.62214890 33.99426568 -15.89443717 1.10255236e+01
74.72489170 33.73988169 -13.91220699 1.34714834e+01
74.87218559 33.56272862 -13.94450312 1.22779434e+01
74.84288321 33.72737848 -16.01666359 1.34872569e+01
74.97839325 33.47975539 -14.38410079 1.19589606e+01
74.89825557 33.70441289 -17.30519365 1.30187910e+01
75.02090562 33.38653090 -13.97610665 1.18415942e+01
74.91706447 33.63882512 -16.05972901 1.30257601e+01
74.99161603 33.55051946 -16.10362351 1.24089405e+01
74.93493501 33.74716169 -19.88824225 1.11527584e+01
74.76902284 33.81614863 -15.97391010 1.38973313e+01
74.71333727 34.01297099 -19.60742759 1.19755716e+01
75.04750142 33.52800595 -17.44330606 1.15976237e+01
74.99054279 33.72451196 -21.25723792 1.14060614e+01
74.82418858 33.79298836 -17.23821495 1.27407636e+01
74.78690750 33.92416680 -19.69659390 1.15341575e+01
74.63410695 34.23860465 -23.11816156 1.49776309e+01
74.69484162 34.07854799 -20.86105289 1.33160955e+01
75.35242627 33.17945364 -17.77477878 6.02122468e+00
75.23597685 33.39647368 -20.32411349 7.96628041e+00
75.69117432 32.77498710 -16.64681735 2.96533390e-01
75.46201580 33.27323973 -24.27187620 8.05185936e+00
75.45072411 33.02852290 -16.42710977 1.88920255e+00
75.39011920 33.22353593 -20.58763362 2.63921732e+00
75.50925130 33.00811533 -17.96666657 4.56617980e-01
75.44806228 33.20277263 -22.04113571 4.45485277e+00
75.12281560 33.44026010 -17.51820894 1.08046945e+01
75.00371638 33.79531704 -23.55027719 1.24657537e+01
75.27521051 33.26593615 -17.68432204 6.68641112e+00
75.32481044 33.03841459 -14.04680617 8.72962170e+00
75.14210832 33.37482745 -16.19940578 1.17503327e+01
75.17747830 33.07567868 -12.74037360 1.31430880e+01
76.00457409 32.51197395 -18.71258821 9.74311374e-02
76.49940956 31.84408266 -13.32939578 0.00000000e+00
75.83471215 32.67379239 -18.43919832 4.27862967e-01
75.68722169 32.94898913 -22.55584229 6.65400360e+00
75.75167254 32.75615073 -18.30594840 5.08584531e-01
75.60652620 33.03289682 -22.37414820 6.00936945e+00
76.09152760 32.43267349 -18.85536548 0.00000000e+00
75.86651593 32.85376068 -25.11678023 1.38886125e+01
75.77346074 32.69201315 -16.76344038 2.69833188e-01
75.62747776 32.96832908 -21.03811022 3.93031736e+00
75.78345701 32.93609309 -24.92838275 1.30114231e+01
75.70855501 32.88464010 -21.20364737 3.80960108e+00
75.90339099 32.86004375 -25.87620671 1.62135805e+01
75.85193181 32.78359032 -22.95038641 6.38665399e+00
76.02155610 32.62191842 -23.36804339 2.76962347e+00
75.95874216 32.63872355 -21.73746060 1.78861646e+00
75.93609614 32.70225039 -23.15976908 4.84146159e+00
75.87411438 32.71976145 -21.55499748 3.09744805e+00
75.70155469 33.01927971 -24.74947144 1.20864446e+01
75.76899833 32.86586236 -22.74799887 6.79392105e+00
75.52683380 33.11751453 -22.20310569 5.17150174e+00
75.46834180 33.13784598 -20.73094621 2.82619580e+00
75.14064238 33.54899947 -21.48410688 9.44071181e+00
75.10537848 33.84879416 -26.62641378 1.16513512e+01
75.15408155 33.61969518 -23.75964502 1.00597809e+01
75.08443950 33.57114571 -20.09190703 9.88984498e+00
75.06535299 33.63659727 -21.36668478 1.02639389e+01
75.00947244 33.65901107 -19.98747303 1.09912755e+01
75.21648988 33.46177012 -21.61058312 8.92678269e+00
75.15991673 33.48361708 -20.20381874 8.68352805e+00
75.20045255 33.69559205 -26.21369888 9.69591256e+00
75.07865998 33.70734799 -23.65114455 1.10909072e+01
75.26322467 33.53769613 -24.84542342 7.14893315e+00
75.18690588 33.62495290 -24.74523657 9.08921157e+00
75.04921601 33.87131815 -26.05873005 1.27054860e+01
75.11116596 33.71259253 -24.65190493 1.10252819e+01
75.34019211 33.45087083 -24.95188564 7.30114183e+00
75.35399608 33.52139438 -26.39378070 9.49018134e+00
75.67031084 33.17925763 -26.80000762 1.47622843e+01
75.73732745 33.02516208 -25.57766040 1.42961820e+01
76.00309513 32.84893494 -27.26079440 2.08572949e+01
75.95080792 32.77236158 -25.31458450 1.29004542e+01
76.07448459 32.69877300 -26.18578486 1.09428320e+01
75.98827508 32.77888791 -26.03417036 1.52911469e+01
76.17714958 32.68969884 -27.49456446 1.19093287e+01
76.25100520 32.54189485 -26.40169406 1.08326975e+00
76.33183298 32.59709447 -28.27603821 1.98857762e+00
76.43272442 32.38950320 -26.59935532 0.00000000e+00
76.26620500 32.61175538 -27.60448972 3.23639473e+00
76.34122887 32.46513190 -26.50254862 6.08896558e-02
76.28607058 32.38757302 -23.77834695 0.00000000e+00
76.21166605 32.53449787 -25.76439247 1.14252358e+00
76.22070629 32.40209307 -22.20464863 0.00000000e+00
76.04469113 32.55872427 -21.91689419 7.00645202e-01
76.31068446 32.32546134 -22.34587383 0.00000000e+00
76.30129121 32.45744086 -25.86703740 5.83412608e-02
76.37684228 32.31170154 -23.89718775 0.00000000e+00
76.39218556 32.38150329 -25.96517210 0.00000000e+00
76.65643743 32.09085466 -24.21707872 0.00000000e+00
76.54107072 32.38471172 -27.89418407 0.00000000e+00
77.14042205 31.74110557 -24.54344716 0.00000000e+00
76.81023767 32.09792688 -26.89320182 0.00000000e+00
76.46887556 32.23697902 -24.00933905 0.00000000e+00
76.48434879 32.30672031 -26.05695953 0.00000000e+00
76.57772514 32.23307640 -26.14162212 0.00000000e+00
76.60902960 32.37234578 -28.54789418 0.00000000e+00
76.71434731 32.16931915 -26.83578503 0.00000000e+00
76.73018031 32.23885585 -28.03455055 0.00000000e+00
77.00438551 31.95765147 -26.97841221 0.00000000e+00
76.99321435 32.08692517 -28.74311974 0.00000000e+00
76.61941005 32.24167944 -26.76973784 0.00000000e+00
76.52548942 32.31504176 -26.68943421 0.00000000e+00
77.09116180 32.01759701 -28.76214626 0.00000000e+00
77.03617772 32.13721318 -29.81557107 0.00000000e+00
77.30008712 31.75228830 -27.03663840 9.59145301e-01
77.20101778 31.82015227 -27.02472451 0.00000000e+00
77.49961949 31.61825638 -27.05274734 3.19982901e+01
77.48818066 31.74639281 -28.77460477 3.52892048e+01
77.75682609 31.41180359 -26.52264515 2.28148315e+01
77.61731787 31.62130697 -28.20513494 2.75748116e+01
77.80338809 31.42270145 -27.09954092 2.13478786e+01
77.71870251 31.55604592 -28.21309840 2.30432219e+01
77.92413268 31.42882831 -28.26567902 1.94890130e+01
78.01063709 31.29827517 -27.17904508 1.93028323e+01
78.33241760 31.12647409 -27.41137878 1.69661395e+01
78.35103511 31.19578095 -28.55336585 1.66311777e+01
78.04978604 31.15698098 -25.04807582 2.05372243e+01
78.06773628 31.22614552 -26.65190299 1.90968921e+01
77.53756543 31.47275597 -24.67886255 2.90600881e+01
77.65531473 31.47638568 -26.50281685 2.54624188e+01
77.63815892 31.40727375 -24.71897698 2.73574531e+01
77.60016934 31.55220154 -27.06385643 2.83248396e+01
77.43756041 31.53896276 -24.64151659 1.50773028e+01
77.39961333 31.68497846 -27.04665078 1.54608805e+01
77.45437887 31.60812026 -26.47613366 2.67257994e+01
77.41642246 31.75412958 -28.19840213 2.76962179e+01
77.36614805 31.54662201 -23.35598706 1.16006653e+00
77.35472413 31.67498601 -26.46800227 4.99311670e+00
77.16814337 31.68161231 -23.25929411 0.00000000e+00
77.05855552 31.87896445 -26.40939792 0.00000000e+00
77.33805889 31.60578860 -24.61195563 1.06010371e+00
77.25552432 31.74240927 -26.45171199 3.03812132e-02
77.56604954 31.41395881 -23.46948746 2.68441008e+01
77.55454764 31.54188512 -26.48939165 2.93272110e+01
77.42255850 31.42842981 -20.16351735 6.55380953e-01
77.06984326 31.74994863 -23.20236243 0.00000000e+00
77.93049673 31.10635641 -20.73969128 2.76344531e+01
77.84172855 31.27925940 -24.84862778 2.30114526e+01
77.94508530 31.21723976 -24.93676462 2.16963752e+01
77.87114743 31.22145354 -23.76835024 2.44636920e+01
78.50344729 30.77503033 -20.27938901 2.42357238e+01
78.08019515 31.10036610 -24.09368325 2.18648497e+01
79.87208862 30.46505102 -26.66249824 2.86266522e+01
79.04363873 30.60599862 -22.63636056 2.78965262e+01
78.37330150 30.98954497 -25.47375415 1.77862960e+01
78.84631907 30.63943015 -20.80970814 1.48702994e+01
78.26381229 31.04289267 -25.32291124 1.85477562e+01
78.24963039 30.93205218 -21.52865113 2.27943639e+01
77.82704262 31.16842396 -20.56430505 2.87079418e+01
77.76853297 31.28447924 -23.64564000 2.62122419e+01
77.52264014 31.36214249 -20.22643714 9.54081924e+00
77.46583713 31.47996814 -23.40760117 1.38196291e+01
77.05450867 31.63964144 -18.08638574 0.00000000e+00
77.37246987 31.22090819 -13.28859037 0.00000000e+00
77.32297389 31.49533012 -20.11592115 0.00000000e+00
77.26692238 31.61384553 -23.30827222 0.00000000e+00
77.22383141 31.56277505 -20.07163231 0.00000000e+00
76.87489337 31.88851200 -23.05719444 0.00000000e+00
77.12514590 31.63077230 -20.02837244 0.00000000e+00
76.75170989 32.01927718 -24.30318209 0.00000000e+00
76.45263606 32.12684515 -19.40838725 0.00000000e+00
77.17463516 31.35501210 -13.30600319 0.00000000e+00
76.83222655 31.83840136 -19.84076221 0.00000000e+00
76.67216054 32.16046370 -26.21553848 0.00000000e+00
76.76270397 31.84869277 -17.94807701 0.00000000e+00
76.58810509 32.10239090 -22.74587470 0.00000000e+00
76.94477192 31.87875930 -24.44612537 0.00000000e+00
76.92926158 31.76851153 -19.91501980 0.00000000e+00
76.76756131 32.08882233 -26.27717078 0.00000000e+00
76.68279216 32.03016381 -22.86333658 0.00000000e+00
76.97205702 31.81888153 -23.13744562 0.00000000e+00
76.96087886 31.94817366 -26.37717578 0.00000000e+00
76.84786972 31.94861954 -24.37848194 0.00000000e+00
76.77842578 31.95889993 -22.96477078 0.00000000e+00
76.57208496 31.99222406 -17.79696411 0.00000000e+00
76.40192743 32.24995915 -22.48375050 0.00000000e+00
76.13202201 32.47984320 -22.06046719 2.12545958e-01
76.17986602 32.35451915 -18.99855636 0.00000000e+00
76.66692488 31.91997869 -17.87727808 0.00000000e+00
76.56212385 32.16339800 -24.11621874 0.00000000e+00
76.47825918 32.06547386 -17.70001233 0.00000000e+00
76.49443439 32.17562101 -22.61641035 0.00000000e+00
76.19656830 32.46456485 -23.65603748 1.76937385e-01
76.29419829 32.21536501 -17.48133294 0.00000000e+00
76.38559746 32.13983596 -17.59250485 0.00000000e+00
76.51492021 31.91383093 -14.53166088 0.00000000e+00
76.64050606 31.98068147 -19.65140528 0.00000000e+00
76.65119222 31.85036997 -15.30809100 0.00000000e+00
76.26952025 32.27749201 -19.13883011 0.00000000e+00
76.37023350 32.07003558 -15.16327007 0.00000000e+00
76.73592664 31.90908386 -19.75079806 0.00000000e+00
76.74685729 31.77915826 -15.33994095 0.00000000e+00
76.11523385 32.36982107 -17.24484351 0.00000000e+00
76.23914672 32.13771052 -14.42946687 0.00000000e+00
76.54603850 32.05324273 -19.53769139 0.00000000e+00
76.55647611 31.92255162 -15.27011209 0.00000000e+00
76.20406635 32.29202963 -17.36521097 0.00000000e+00
76.27896076 32.14550556 -15.10198551 0.00000000e+00
76.40637806 31.91749748 -13.32587098 0.00000000e+00
76.46276904 31.99573358 -15.22083384 0.00000000e+00
76.32982664 32.06193309 -14.46635719 0.00000000e+00
76.42176269 31.98730537 -14.49997398 0.00000000e+00
76.18894958 32.22210680 -15.03519516 0.00000000e+00
76.31456793 31.99206626 -13.32106005 0.00000000e+00
77.07635133 31.42284128 -13.31340399 0.00000000e+00
76.84334799 31.70881826 -15.36344566 0.00000000e+00
76.78453338 31.62986454 -13.32936661 0.00000000e+00
76.70432806 31.76994166 -14.57347492 0.00000000e+00
77.03829856 31.57031316 -15.38378304 0.00000000e+00
77.30135440 31.22853457 -12.79150968 0.00000000e+00
76.90846142 31.50035605 -12.82721075 0.00000000e+00
76.80039883 31.69940756 -14.58880448 0.00000000e+00
77.19098934 31.42428752 -14.59440609 0.00000000e+00
76.99461564 31.56060642 -14.59869793 0.00000000e+00
76.89719815 31.62966130 -14.59627607 0.00000000e+00
76.85930984 31.77827861 -18.00726734 0.00000000e+00
76.94052117 31.63922507 -15.37599412 0.00000000e+00
76.95660362 31.70861605 -18.05091618 0.00000000e+00
77.35110774 31.43613250 -18.15736685 0.00000000e+00
77.43408381 31.30024732 -15.38828184 0.00000000e+00
77.65208662 31.23799943 -18.30630305 1.88633898e+01
77.73646553 31.10453085 -15.49248573 1.31271042e+01
78.06578473 30.98945544 -18.99712942 2.69823689e+01
78.15447207 30.86266675 -16.09765182 2.51216589e+01
78.17270851 30.93202877 -19.29509198 2.49964858e+01
78.21290721 30.79325437 -15.05745344 8.17434347e+00
78.28130576 30.87706326 -19.62254593 2.45903416e+01
77.79213301 31.03010011 -14.66084762 1.37721776e+01
78.59763505 30.65828508 -17.09412726 2.26131476e+00
78.37289798 30.75522815 -16.61524632 9.16550049e+00
78.35929474 30.87879648 -21.82778997 2.21477566e+01
78.55967140 30.51916303 -12.89738149 0.00000000e+00
78.26283718 30.80762561 -16.34878840 1.75047861e+01
78.33573603 30.61624940 -12.83758685 2.36220031e-02
78.10539455 30.84923300 -14.91824699 1.68970827e+01
78.22613041 30.66879271 -12.81199448 1.25664335e-01
78.04778123 30.92016457 -15.87703443 2.80430464e+01
78.19466123 30.72387829 -13.34859370 8.33468776e-01
77.67305808 31.02450839 -13.27349080 2.51533144e+00
77.58918174 31.15831036 -14.59647813 1.24835071e+00
77.60083415 31.03058114 -12.76511089 6.22378031e-01
77.48886412 31.22385262 -14.58982097 6.50089338e-02
77.20247988 31.29570107 -12.80166476 0.00000000e+00
77.33447486 31.36695118 -15.38390868 0.00000000e+00
77.09257664 31.49217729 -14.59934891 0.00000000e+00
77.23531078 31.43420535 -15.38444441 0.00000000e+00
77.13657769 31.50198695 -15.38541005 0.00000000e+00
77.15291793 31.57125488 -18.11183088 0.00000000e+00
77.94265995 30.97984467 -15.70074933 2.75029557e+01
77.87759794 30.89876618 -13.28234201 9.93264373e+00
77.80407304 30.90307252 -12.75910421 5.26522465e+00
77.89294786 30.73045817 -11.18588443 1.15878496e+00
77.89515472 30.96795133 -14.71518684 2.08814988e+01
77.99951773 30.90755942 -14.80240814 2.04261892e+01
77.90733963 30.84141910 -12.76333997 6.31617916e+00
77.96740527 30.72735341 -11.71082590 1.36619748e+00
78.01200586 30.78162162 -12.77499371 4.15899355e+00
78.10410524 30.61302710 -11.16511713 4.64919564e-02
78.11823258 30.72398620 -12.79131591 1.17725458e+00
78.28977130 30.55956829 -11.71549479 5.72436518e-03
78.32211867 30.73985917 -15.20981778 2.92774108e+00
78.63991810 30.52574469 -13.49595531 7.10133241e-04
78.18061967 30.61295896 -11.71028280 3.32765836e-02
78.32195033 30.50544394 -11.15566698 0.00000000e+00
78.21216448 30.55788939 -11.15807987 6.33567520e-03
77.99773664 30.67064492 -11.17483810 3.72352278e-01
78.08601656 30.54355425 -9.83260980 7.83616259e-03
77.97988334 30.60125624 -9.86451591 4.61147749e-02
77.82811631 30.64925662 -9.17097487 9.12925562e-02
77.77218123 30.72290173 -9.94018592 3.85322791e-01
77.50044503 31.09586864 -12.77204496 3.83361305e-02
77.58616384 30.91980402 -11.23363878 1.99433567e-01
77.48569437 30.98517194 -11.24958835 2.75295080e-03
77.56916822 30.85060212 -10.01526637 4.09050530e-02
77.38582444 31.05128322 -11.26590664 0.00000000e+00
77.46887694 30.91596886 -10.05151321 0.00000000e+00
77.28643808 31.11799661 -11.28135080 0.00000000e+00
77.32442722 30.97186045 -9.42063067 0.00000000e+00
76.73743885 31.38052998 -9.59519949 0.00000000e+00
76.96323815 31.38087150 -11.82543691 0.00000000e+00
77.35759554 31.11032666 -11.77611479 0.00000000e+00
77.36917231 30.98206391 -10.08183015 0.00000000e+00
76.89311400 31.39004047 -11.33506351 0.00000000e+00
77.07269058 31.18363308 -10.15733478 0.00000000e+00
77.10401676 31.36337421 -12.81106224 0.00000000e+00
77.15957823 31.24457209 -11.80255496 0.00000000e+00
76.79604069 31.45952193 -11.34689530 0.00000000e+00
76.81152194 31.56980533 -12.83368083 0.00000000e+00
77.28983933 31.35692924 -14.59165759 0.00000000e+00
77.38911347 31.29009588 -14.58661261 0.00000000e+00
76.71525928 31.63999739 -12.83821958 0.00000000e+00
76.60914526 31.84140128 -14.55536618 0.00000000e+00
76.61983094 31.71107158 -12.84186421 0.00000000e+00
76.67289290 31.59008326 -11.85488090 0.00000000e+00
76.20754694 31.95765816 -11.89104957 0.00000000e+00
76.22400865 32.06778078 -13.31459587 0.00000000e+00
76.14226136 31.97208135 -11.42138744 0.00000000e+00
76.13471770 32.14462051 -13.30544246 0.00000000e+00
76.30811023 31.75034440 -10.31832751 0.00000000e+00
76.39023116 31.80731885 -11.87889926 0.00000000e+00
76.23218578 31.89556971 -11.41212959 0.00000000e+00
76.29826344 31.88191346 -11.88570728 0.00000000e+00
76.60406142 31.60083920 -11.36967834 0.00000000e+00
76.78021109 31.39001812 -10.21789231 0.00000000e+00
76.69963713 31.52974126 -11.35820731 0.00000000e+00
76.76899188 31.51959626 -11.84586022 0.00000000e+00
76.03872936 31.97969231 -10.38158174 0.00000000e+00
75.94328747 32.19175257 -11.90187827 0.00000000e+00
75.95162376 32.05845587 -10.40169290 0.00000000e+00
75.88060493 32.20852501 -11.44320177 0.00000000e+00
75.71290490 32.37154650 -11.45445438 0.00000000e+00
75.64819034 32.56412291 -12.79865940 1.87023962e-03
75.69117908 32.43566657 -11.90622291 0.00000000e+00
75.62692345 32.62845642 -13.23990540 1.24768632e-02
75.52908928 32.60276542 -11.90416947 2.11971107e-01
75.73055076 32.14268715 -8.58370732 0.00000000e+00
75.44962026 32.68744245 -11.90174454 7.55626642e+00
75.53584261 32.46781227 -10.49107148 3.71339403e-01
75.39132379 32.70781352 -11.46302734 1.06702817e+01
75.45613780 32.55223908 -10.50356573 8.41559552e+00
75.33095920 32.90280333 -12.76094580 1.09017118e+01
75.34336275 32.63179446 -10.00998920 1.30764191e+01
75.56739767 32.64774428 -12.78991224 8.34166032e-03
75.47017922 32.62265070 -11.46269157 5.43304963e+00
75.08258350 33.22818032 -13.14884591 1.18511694e+01
75.29956426 32.72307262 -10.52272746 1.43066070e+01
75.60958278 32.51881605 -11.90567916 0.00000000e+00
75.55000763 32.53817060 -11.46118239 3.58758813e-03
75.79612152 32.28954874 -11.44929943 0.00000000e+00
75.79108731 32.46321708 -13.26351311 0.00000000e+00
76.14973455 32.21461199 -14.38796484 0.00000000e+00
76.15881396 32.08218473 -12.83780179 0.00000000e+00
76.05364638 32.04973395 -11.42884288 0.00000000e+00
76.07034831 32.15979368 -12.83248347 0.00000000e+00
75.97494419 32.37183325 -14.30024277 0.00000000e+00
76.04674926 32.22259485 -13.29504863 0.00000000e+00
75.84233074 32.53977926 -14.74434894 1.38219583e-02
75.89757404 32.31846155 -12.82129352 0.00000000e+00
75.88962016 32.45212513 -14.25597338 0.00000000e+00
75.96018369 32.30173111 -13.28511292 0.00000000e+00
75.91899111 32.59237465 -18.57349150 3.00495339e-01
76.01289281 32.37871032 -14.89147601 0.00000000e+00
75.85694306 32.60993228 -16.88000082 1.78105401e-01
75.92694864 32.45872192 -14.81790207 0.00000000e+00
76.02776405 32.44875456 -17.12195521 0.00000000e+00
76.10023834 32.29983599 -14.96426779 0.00000000e+00
75.75897452 32.62180371 -14.67197588 3.91630798e-02
75.58901887 32.92338499 -18.06723374 5.33110466e-01
75.67681251 32.70472033 -14.60094301 4.70449619e-02
75.52988492 32.94331342 -16.48896155 2.13768052e-01
75.59577058 32.78845408 -14.55276633 5.23720042e-02
75.48113278 32.86729925 -14.08500497 2.10345998e+00
75.19869635 33.35288804 -17.59854595 7.98716774e+00
75.28122470 33.13014891 -14.46278477 9.94066742e+00
75.29495987 33.20069628 -16.30833932 7.05023179e+00
75.35858076 33.04384587 -14.48417704 7.31412551e+00
75.48764944 32.73211175 -12.78064828 2.65005912e+00
75.40254684 32.95256567 -14.06572569 7.12182861e+00
75.24784716 33.12478657 -14.02811137 1.19167572e+01
75.31105300 32.96786610 -13.18802541 1.07730141e+01
75.56065029 32.78268160 -14.10452400 2.95386999e-02
75.54651667 32.71229896 -13.22733807 1.19454891e-02
75.20459605 33.21694035 -14.44169258 1.22070795e+01
75.23421557 33.05418325 -13.17485538 1.33077260e+01
75.12862618 33.30416988 -14.42136382 1.20283100e+01
75.06482688 33.11943279 -11.87882079 1.19619932e+01
75.09596059 33.29889158 -13.99249029 1.20139855e+01
75.17158591 33.21162824 -14.00984787 1.24728627e+01
74.85920088 33.49186140 -13.11203077 1.21587914e+01
74.79838464 33.65120093 -13.92830698 1.28376230e+01
74.94633956 33.47449288 -13.96040670 1.18941230e+01
74.95204907 33.33817563 -12.70864912 1.18164261e+01
74.29469822 34.13841110 -12.60977331 8.81381560e+00
74.39118443 34.19134054 -14.25250783 9.34005543e+00
74.69545120 33.90511523 -15.93279715 1.29159566e+01
74.75619787 33.74522918 -14.33160935 1.34406620e+01
74.67694920 33.97074685 -17.11152320 1.04725739e+01
74.68276114 33.83414503 -14.31436466 1.41251530e+01
74.33060368 34.35210831 -15.75556323 1.11141094e+01
74.38502510 34.32807787 -16.89499753 1.16238703e+01
74.27654961 34.20389508 -13.01270696 9.10199337e+00
74.42119524 34.02513247 -13.03747939 1.00515001e+01
74.36086278 34.18569050 -13.83983017 9.19966493e+00
74.60959432 33.92324489 -14.29806925 1.37353433e+01
74.47584236 33.82841923 -11.81921625 1.49902191e+01
74.50598105 34.00699902 -13.86839959 1.14007836e+01
74.49367092 33.93588109 -13.04966237 1.33964099e+01
74.34882962 34.11447509 -13.02506955 8.97105254e+00
74.28844308 34.27515885 -13.82549971 9.76070211e+00
74.57873511 33.91780753 -13.88234952 1.39739310e+01
74.65168381 33.82875595 -13.89672279 1.42949491e+01
74.36700041 34.04895831 -12.62105316 9.33018250e+00
74.54845404 33.73910818 -11.82753204 1.39743885e+01
74.25875002 34.09694616 -11.79181400 8.68103428e+00
74.43939671 33.95958765 -12.63226123 1.24892417e+01
74.65748021 33.69215703 -12.66494020 1.32595054e+01
74.56675540 33.67347060 -11.41793490 1.32709538e+01
74.51191248 33.87031356 -12.64311058 1.49008422e+01
74.93322307 33.40367717 -13.12454177 1.18777837e+01
74.91541996 33.29523427 -11.86642704 1.18795478e+01
75.02664507 33.25031610 -12.71898831 1.17511715e+01
75.14035889 33.03207787 -11.88465236 1.25736171e+01
75.10176302 33.16280031 -12.72965645 1.19891433e+01
75.15808048 33.14097030 -13.16178487 1.27832751e+01
74.84704928 33.24716021 -10.54481453 1.21329449e+01
74.78629032 33.40654542 -11.43802090 1.22240003e+01
74.98987499 33.20716979 -11.87268734 1.18506881e+01
75.04386201 32.84192575 -8.06865800 1.25555954e+01
74.77338390 33.33566967 -10.54335578 1.23263801e+01
74.69434106 33.56095106 -11.84392596 1.26440478e+01
74.76770566 33.47215802 -11.85190108 1.23050946e+01
74.71217379 33.66891293 -13.08608262 1.30363855e+01
74.71282343 33.49532513 -11.43141069 1.24701343e+01
74.63910048 33.75773687 -13.07342270 1.39797977e+01
74.62126523 33.64993952 -11.83575919 1.30553054e+01
74.58458417 33.78115693 -12.65383882 1.42719993e+01
74.55424459 33.60244875 -10.53322955 1.31003845e+01
74.40337439 33.91784063 -11.81042560 1.34035842e+01
74.52354572 33.59701669 -10.06054928 1.31981889e+01
74.49408756 33.76279570 -11.41121806 1.42693760e+01
74.23492868 33.95447787 -10.03614663 1.04669148e+01
74.34919104 33.94178143 -11.39581330 1.19877775e+01
74.22306374 33.88322341 -8.84605511 1.24137827e+01
74.48171079 33.69172605 -10.52894065 1.36708148e+01
74.80248797 33.17099967 -8.85259835 1.23258182e+01
74.40933694 33.78112278 -10.52332768 1.47539430e+01
74.43893060 33.61511783 -8.86081143 1.34107435e+01
74.30692288 33.86497936 -10.04370041 1.38724607e+01
74.38494781 33.63884646 -8.13481892 1.34397509e+01
74.45120304 33.68623257 -10.05633411 1.37019860e+01
74.51113907 33.52594905 -8.86232884 1.31085078e+01
74.31296753 33.72824776 -8.13250417 1.38599206e+01
74.65682558 33.17448988 -5.92731708 1.22336422e+01
74.74200363 33.33035753 -10.06618928 1.24424395e+01
74.81542076 33.24187441 -10.06613815 1.22631260e+01
75.07060463 32.98332701 -10.53926178 1.23593875e+01
75.11924014 32.75481572 -8.04966859 1.27895390e+01
74.99558383 33.07094050 -10.54277985 1.21168203e+01
75.02477586 32.90730637 -8.82216551 1.24518987e+01
74.62700826 33.51333105 -10.53678790 1.28066517e+01
74.67459355 33.28250462 -8.12782556 1.25460077e+01
74.70004792 33.42440028 -10.54036401 1.25049006e+01
74.63965174 33.58430450 -11.42468825 1.28010328e+01
74.96339655 33.06566776 -10.06018224 1.22092134e+01
75.03809360 32.97803219 -10.05392517 1.23970407e+01
74.59609043 33.50794426 -10.06315348 1.29191033e+01
74.65623022 33.34808090 -8.86055480 1.26438571e+01
75.21653707 32.94515123 -11.88982344 1.39217417e+01
75.32954687 32.56127574 -8.74607485 1.41907479e+01
75.15977845 32.96673695 -11.45820956 1.30114866e+01
75.29342462 32.85869938 -11.89444031 1.36734036e+01
75.17573534 32.73333583 -8.78913463 1.30394253e+01
75.22253149 32.80934670 -10.52960338 1.39656709e+01
75.23620072 32.87991666 -11.46059535 1.41000026e+01
75.37740616 32.63734887 -10.51409866 1.10006086e+01
75.31335782 32.79359003 -11.46227827 1.36872387e+01
75.37109296 32.77277615 -11.89846868 1.04101190e+01
75.69849306 32.30129552 -10.46028606 0.00000000e+00
75.63089079 32.45444507 -11.45844518 0.00000000e+00
75.86594284 32.13837982 -10.42340225 0.00000000e+00
75.81419169 32.06151619 -8.54367061 0.00000000e+00
75.91381272 32.05151105 -9.84808794 0.00000000e+00
76.09724659 31.76206094 -7.60785088 0.00000000e+00
75.57090236 32.13376979 -5.62266496 1.33724020e+01
75.56692375 32.30779239 -8.65767355 2.05373610e-01
75.61660231 32.38414027 -10.47662241 0.00000000e+00
75.64814986 32.22480331 -8.62198240 0.00000000e+00
75.58111041 32.37815339 -9.95374548 0.00000000e+00
75.66245990 32.29511129 -9.93023181 0.00000000e+00
75.50086394 32.46199591 -9.97493273 3.10769181e+00
75.48680073 32.39158211 -8.69035483 1.01871834e+01
75.34966953 32.49636332 -7.97633992 1.39562478e+01
75.26594275 32.71761235 -10.02389754 1.44993816e+01
75.17770649 32.55906043 -5.76346135 1.27185893e+01
75.19529030 32.66815227 -8.02833526 1.31090054e+01
75.11337418 32.89078066 -10.04546091 1.27213883e+01
75.18930361 32.80395900 -10.03560622 1.33999760e+01
74.72920093 33.25943396 -8.85807497 1.24577446e+01
74.93248778 32.88628952 -6.60353354 1.21763010e+01
74.96909513 32.92943855 -8.08590175 1.23804616e+01
75.02619086 32.73311969 -5.82420327 1.23408133e+01
75.23469431 32.53786138 -6.49870500 1.29036333e+01
75.27207538 32.58198260 -8.00401658 1.35893514e+01
75.50761163 32.32703695 -7.91042166 1.12888284e+01
75.39027358 32.36666389 -6.44107140 1.42027697e+01
75.58812450 32.24347075 -7.87230107 4.80508347e-02
75.49029780 32.21744253 -5.65405851 1.57512465e+01
75.66976856 32.16073228 -7.83103892 0.00000000e+00
75.65264850 32.05093383 -5.58970301 0.00000000e+00
75.88231507 31.87135066 -6.20899502 0.00000000e+00
75.83672060 31.99802743 -7.74232264 0.00000000e+00
75.96876409 31.79224333 -6.16880271 0.00000000e+00
75.92214387 31.91820297 -7.69534058 0.00000000e+00
75.89066494 31.73801812 -4.41995866 0.00000000e+00
75.90538410 31.80816561 -5.48881504 0.00000000e+00
75.73560506 31.96900712 -5.55562801 0.00000000e+00
75.71349430 32.03283281 -6.29162218 0.00000000e+00
75.55668427 32.06342866 -4.51626657 1.90781625e+01
75.54966050 32.19812953 -6.37142660 1.22548815e+01
75.60240775 31.97440869 -4.12829654 1.37913158e+01
75.39678508 32.23143743 -4.56341548 1.70111180e+01
75.05541245 32.56987152 -4.29177732 1.25039723e+01
75.00708591 32.79855177 -6.58046868 1.23243847e+01
75.01282956 32.66242852 -4.69211648 1.23762348e+01
74.93815604 32.75004366 -4.71979347 1.22268931e+01
74.75887092 32.92099559 -4.33349270 1.20797719e+01
74.61310625 33.09821607 -4.33652479 1.21972384e+01
74.32479576 33.45484419 -4.32032532 1.27208722e+01
74.42115162 33.50766411 -6.68405314 1.29215254e+01
74.57144394 33.19251425 -4.77224570 1.23076742e+01
74.45705218 33.54954362 -8.13519754 1.31698792e+01
74.60181702 33.37133892 -8.13113449 1.27335111e+01
74.78473126 33.06271339 -6.64024301 1.21192596e+01
74.74766812 33.19387118 -8.12170166 1.23957991e+01
74.80332898 32.99711894 -5.89628064 1.20809780e+01
74.63845385 33.24012166 -6.66457432 1.23401090e+01
74.36717733 33.53150798 -5.96159320 1.29049189e+01
74.85839623 32.97436046 -6.62352949 1.21162068e+01
74.82107408 33.10545975 -8.11220793 1.23047220e+01
74.58355067 33.43692418 -8.86192420 1.28612769e+01
74.51154201 33.35268042 -5.94807313 1.25671380e+01
74.52931845 33.46036095 -8.13377983 1.29437755e+01
74.56576956 33.32913133 -6.67213470 1.25302608e+01
74.20530664 33.77628802 -6.68537608 1.35497357e+01
74.29492133 33.79377123 -8.85264820 1.44359448e+01
74.34909507 33.59711612 -6.68674508 1.30625341e+01
74.24108562 33.81773283 -8.12788459 1.42133273e+01
74.27715510 33.68666218 -6.68730600 1.31924930e+01
74.35497161 33.46039459 -4.77942759 1.27378006e+01
74.29520353 33.62108209 -5.96429195 1.29966681e+01
74.43927730 33.44203338 -5.95633316 1.27328044e+01
74.42693929 33.37096530 -4.77754093 1.25975885e+01
74.49335722 33.41832479 -6.67892855 1.27106398e+01
74.52818259 33.11611238 -3.39038039 1.23038608e+01
74.18154235 33.63383683 -4.31236107 1.25819090e+01
74.39658716 33.36548257 -4.32309531 1.26121110e+01
74.49907280 33.28165808 -4.77532906 1.24621545e+01
74.21139120 33.63953764 -4.77937829 1.26916516e+01
74.46852952 33.27623432 -4.32739226 1.24764833e+01
74.54068094 33.18713290 -4.33333257 1.23306140e+01
74.68582755 33.00949799 -4.33571661 1.21172403e+01
74.74598762 32.85011409 -3.44960818 1.21223915e+01
74.79034497 32.92628364 -4.74601728 1.20696026e+01
74.76447109 32.78456753 -3.00287352 1.21482925e+01
75.11751011 32.41241815 -3.41765822 1.27733838e+01
74.98046898 32.65712114 -4.31656737 1.23526754e+01
75.11935455 32.23799049 -0.81399842 1.31258734e+01
74.89298566 32.67397535 -3.49932284 1.22705157e+01
75.04357509 32.32479442 -0.82796846 1.27790267e+01
74.83789716 32.69639243 -3.04433373 1.22070795e+01
74.96848972 32.41205935 -0.84313777 1.25745627e+01
74.60097399 32.85358376 -0.82311337 1.21697230e+01
74.83228214 32.83273767 -4.33108059 1.21122067e+01
74.81927222 32.76190322 -3.47182135 1.21501323e+01
74.25312252 33.54430038 -4.31748862 1.27260843e+01
74.31269117 33.38368824 -3.33466879 1.26594190e+01
74.69143323 32.87299977 -2.96684507 1.21220559e+01
74.58273433 32.91925690 -1.63142709 1.21776226e+01
74.24115082 33.47309984 -3.32233176 1.26818594e+01
74.31291332 33.21077845 -0.77056936 1.25727507e+01
74.18760237 33.49709232 -2.78111142 1.25842498e+01
74.22342475 33.36599901 -1.51324311 1.26304399e+01
74.40235478 33.22878815 -2.84360874 1.25006150e+01
74.36661087 33.18691401 -1.55337065 1.24992039e+01
74.38460920 33.12125668 -0.78280129 1.24626711e+01
74.15198715 33.45567047 -1.49709021 1.25166433e+01
74.24134737 33.30040115 -0.76091385 1.26289707e+01
74.29495752 33.27640870 -1.53148321 1.25922622e+01
74.45646943 33.03185560 -0.79522272 1.23354980e+01
74.51043318 33.00829989 -1.60353645 1.22552354e+01
74.94953208 32.47756189 -1.70304865 1.24827657e+01
74.65533470 32.83041440 -1.66260607 1.21348721e+01
74.80155747 32.65341073 -1.73589320 1.22173927e+01
74.74672113 32.67614285 -0.85750435 1.21948943e+01
74.82015702 32.58779518 -0.87838885 1.23102408e+01
74.87528929 32.56531856 -1.73829973 1.23532164e+01
74.98620213 32.52099764 -3.00842203 1.24806104e+01
75.02438318 32.39020425 -1.67110623 1.26523915e+01
74.72825962 32.74178890 -1.69699705 1.21613408e+01
74.67367769 32.76475006 -0.83949270 1.21636672e+01
75.42736590 32.07075244 -3.30758332 2.01569117e+01
75.36893451 32.09050048 -2.83499569 1.78571044e+01
75.43075800 31.89643668 -0.76700618 2.18617276e+01
75.13698227 32.34723489 -2.93329527 1.29491644e+01
75.33113996 32.04570481 -1.56629893 1.69888125e+01
75.67533646 31.64818053 -0.74076536 4.28126368e+01
75.27323053 32.06594905 -0.78880789 1.54765396e+01
75.35149502 31.98084146 -0.77749104 1.80520290e+01
75.41003064 31.96109824 -1.54449722 2.06518025e+01
75.09991454 32.30329634 -1.64196688 1.29281312e+01
75.90789113 31.47172325 -1.45557125 0.00000000e+00
75.75934954 31.56732156 -0.73394743 3.76354425e+01
75.82164963 31.55072618 -1.46225467 7.38858423e+00
75.73682181 31.63087707 -1.47471279 2.91794461e+01
75.48996922 31.87723872 -1.52437164 2.39326894e+01
75.57103485 31.79420034 -1.50596644 2.89181626e+01
75.65329881 31.71205635 -1.48936633 3.55189384e+01
75.67030962 31.82200793 -3.23577086 1.59280567e+01
75.59260608 31.73003247 -0.74860097 3.27442256e+01
75.60972433 31.84000445 -2.75319732 2.65960865e+01
75.93149131 31.40891842 -0.72726402 2.74054488e+01
75.86133304 31.59766939 -2.68916935 0.00000000e+00
75.92446470 31.58186546 -3.17853962 0.00000000e+00
76.10101189 31.42766082 -3.16493300 0.00000000e+00
75.51110259 31.81280880 -0.75736546 2.64388133e+01
75.52834497 31.92269036 -2.77878461 2.22378859e+01
75.58816762 31.90406466 -3.25900931 2.40539607e+01
75.52132795 32.05739742 -4.15100939 1.99967947e+01
75.29074530 32.17547895 -2.86598392 1.49728338e+01
75.20734070 32.39672892 -4.24055305 1.30253200e+01
75.21345556 32.26107896 -2.89879279 1.35605919e+01
75.25321351 32.13098566 -1.58977340 1.47171527e+01
75.19371146 32.32613687 -3.38915567 1.31351703e+01
75.13101780 32.48306002 -4.26628790 1.26922924e+01
75.16410039 32.48846912 -4.63332233 1.27388205e+01
75.10160886 32.64586421 -5.79458234 1.25336296e+01
75.25454603 32.47275536 -5.73584993 1.29642903e+01
75.31204967 32.45196424 -6.47142659 1.35612179e+01
75.34855671 32.15523810 -3.33371516 1.63502141e+01
75.28445115 32.31093157 -4.21865172 1.38380802e+01
75.46944955 32.28202843 -6.40768108 1.52400538e+01
75.47620203 32.14705115 -4.54003970 1.72954497e+01
75.50721006 31.98700363 -3.28281466 2.04976436e+01
75.44136161 32.14119591 -4.17353554 1.83124687e+01
75.63098490 32.11504009 -6.33259595 0.00000000e+00
75.63830812 31.98064311 -4.49180199 4.31829103e+00
75.85298960 31.73101249 -4.06091162 0.00000000e+00
75.93920605 31.65201801 -4.04218419 0.00000000e+00
75.79725256 31.95157951 -6.24984139 0.00000000e+00
75.80524501 31.81786960 -4.44313467 0.00000000e+00
76.44725351 31.35345369 -5.31443660 0.00000000e+00
76.48448995 31.20275627 -3.97099792 0.00000000e+00
76.02690453 31.57426014 -4.02788242 0.00000000e+00
76.15548826 31.50562202 -4.36440361 0.00000000e+00
76.20627325 31.42222637 -4.00202903 0.00000000e+00
76.30813850 31.21682574 -2.66346438 0.00000000e+00
76.61039895 31.27097648 -5.91709593 0.00000000e+00
76.77126083 30.99200637 -3.95002940 4.99856593e-01
76.68618508 30.93180783 -2.67728083 6.82552304e+00
76.57928232 31.13165360 -3.96279238 2.90826854e-01
76.75551170 30.92242534 -3.14991957 3.22283539e+00
76.83011371 31.07127130 -5.21834529 0.00000000e+00
76.97719543 30.72616871 -2.68524104 2.77471391e+00
76.86819561 30.92323958 -3.94258435 1.13754257e-01
77.04735905 30.71796351 -3.14585886 1.55485977e-01
76.96562717 30.85505449 -3.93384268 7.30940370e-02
77.17331060 30.59162439 -2.67478997 1.60134280e-01
76.92751227 31.00257981 -5.19190129 0.00000000e+00
76.85232872 30.85371997 -3.15056397 2.52211124e+00
76.51537026 31.34220087 -5.94967265 0.00000000e+00
76.67085828 30.82123016 -0.73598955 9.01251733e+01
76.49535268 31.07244227 -2.66799021 2.98514026e+00
76.54824503 30.95151677 -1.46359476 5.24483264e+01
76.46909551 31.13299452 -3.14735588 1.01409691e+00
76.29216456 31.10635124 -0.72607380 3.68073282e+01
76.28269341 31.27806603 -3.15141920 0.00000000e+00
76.29784297 31.34793831 -3.99039102 0.00000000e+00
76.37534913 31.20499002 -3.14865462 5.49950399e-02
76.26669087 31.16771097 -1.45063209 2.33131694e+00
76.21622093 31.29067397 -2.66335529 0.00000000e+00
76.35949510 31.09459486 -1.45404805 1.76156419e+01
76.40123235 31.14411874 -2.66379657 1.29342915e+00
76.56377302 31.06195495 -3.14755183 2.11332418e+00
76.57487755 30.89113724 -0.73321192 8.68756012e+01
76.38541695 31.03361069 -0.72797425 5.49534926e+01
76.20011017 31.18025620 -0.72455828 2.77437162e+01
76.10928452 31.25531798 -0.72476838 1.68773939e+01
76.17508503 31.24197904 -1.44932667 4.28405185e-01
76.47970625 30.96191365 -0.73038284 7.44747650e+01
76.76750027 30.75205842 -0.73895984 9.06234757e+01
77.22926201 30.47330811 -1.46945125 5.07877118e+00
77.15865904 30.48082904 -0.73798801 5.19045259e+01
76.83724571 30.74319428 -1.47955131 5.10142004e+01
77.03253279 30.60734682 -1.48238105 2.96101600e+01
77.06031829 30.54794986 -0.74045771 6.85758146e+01
76.94963772 30.78559148 -3.14907117 1.64517529e+00
77.13072952 30.54011205 -1.47844572 1.32685170e+01
77.07507628 30.65867359 -2.68359034 1.11916056e+00
76.86468119 30.68350905 -0.74059147 8.66865391e+01
76.78266735 30.86265717 -2.68080006 6.72940330e+00
76.93469451 30.67503178 -1.48251481 4.24919482e+01
76.87970147 30.79413978 -2.68530478 4.75544108e+00
77.35643482 30.34798761 -0.72307065 2.05167851e+01
77.96865940 29.97366053 -0.63667533 2.34404227e-01
77.47043492 30.39354667 -2.61340784 1.31912945e-03
78.07566277 29.91808817 -0.62448199 1.53643493e-01
77.83333381 30.08878637 -1.31624215 4.74832590e-03
77.54195049 30.38736605 -3.05955204 0.00000000e+00
77.55631203 30.21779057 -0.69656145 7.50671217e-01
77.25734714 30.41415377 -0.73146324 3.66771873e+01
77.52758018 30.27633643 -1.40987236 1.88334247e-01
77.45602994 30.28246029 -0.71331091 6.95589088e+00
77.75972209 30.09205616 -0.66536071 8.54708571e-01
78.52094469 29.72452306 -0.60999479 2.10815788e-02
77.73022428 30.14976042 -1.34613281 7.49480161e-03
77.86338488 30.03174884 -0.65088144 9.00826456e-01
78.15247911 29.91966898 -1.24020653 0.00000000e+00
77.57063725 30.32897501 -2.57908721 7.34968084e-04
78.18449168 29.86534573 -0.61572455 5.54839200e-02
78.04433597 29.97342636 -1.26115732 9.26435158e-04
78.19790618 29.97644199 -2.35460177 0.00000000e+00
77.77385726 30.20339503 -2.49442973 2.43529429e-04
77.98247872 30.08497053 -2.41668364 0.00000000e+00
78.26244409 29.86886412 -1.22454386 0.00000000e+00
78.05808068 30.08458696 -2.88620213 0.00000000e+00
78.63321272 29.91352383 -3.67863603 0.00000000e+00
78.40731026 29.76866516 -0.60683435 1.57499479e-01
78.12540973 30.16859039 -3.96235975 0.00000000e+00
78.08927588 30.02929463 -2.38155724 0.00000000e+00
77.93799671 30.02991256 -1.28755677 3.29959014e-03
77.84740311 30.20000995 -2.95200933 0.00000000e+00
77.80857930 30.34213837 -4.03850634 0.00000000e+00
77.87738235 30.14310538 -2.45459385 0.00000000e+00
77.27190526 30.52503414 -2.66158328 2.13358276e-02
77.42757119 30.34127954 -1.43638156 5.00830073e-01
77.34271470 30.51784239 -3.10891451 0.00000000e+00
77.37091081 30.45896503 -2.63985313 1.68426153e-03
77.24388324 30.58406741 -3.12646429 0.00000000e+00
77.22228414 30.79961469 -5.09203327 0.00000000e+00
77.50396409 30.53209236 -4.13544386 0.00000000e+00
77.64267693 30.32351481 -3.02471017 0.00000000e+00
77.45870902 30.52148871 -3.84667836 0.00000000e+00
77.44202282 30.45221735 -3.08541617 0.00000000e+00
77.65972649 30.39280731 -3.78959558 0.00000000e+00
77.67170361 30.26548938 -2.53626742 2.78706723e-04
77.76166344 30.33027370 -3.75748803 0.00000000e+00
77.74440778 30.26093936 -2.98800289 0.00000000e+00
77.86488717 30.26941730 -3.72660081 0.00000000e+00
77.95191485 30.14112599 -2.91836002 0.00000000e+00
78.07603724 30.15417940 -3.67288886 0.00000000e+00
78.16602902 30.03072964 -2.85927714 0.00000000e+00
77.79640269 30.46899890 -5.24026430 0.00000000e+00
78.18422449 30.10043105 -3.65339293 0.00000000e+00
78.03608107 30.29363786 -4.68278100 0.00000000e+00
78.34530568 30.06613593 -3.94996084 0.00000000e+00
77.72323823 30.47344548 -4.82413447 0.00000000e+00
77.91256677 30.28200779 -4.00898455 0.00000000e+00
77.94440858 30.46253019 -6.49736490 0.00000000e+00
78.23448670 30.11591528 -3.95050176 0.00000000e+00
78.01813547 30.22405811 -3.98316959 0.00000000e+00
77.90008757 30.40829769 -5.16605204 0.00000000e+00
77.63602435 30.64772997 -6.77703180 2.24923012e-03
78.11218390 30.29344340 -5.07084433 0.00000000e+00
77.84031022 30.52255502 -6.58486024 2.25054884e-03
78.22081295 30.23986193 -5.05946286 0.00000000e+00
78.01936432 30.46070948 -7.37171059 0.00000000e+00
78.33118665 30.18910821 -5.07841114 0.00000000e+00
77.69403183 30.53142038 -5.32329930 0.00000000e+00
77.60722008 30.70606112 -7.69327658 1.26267494e-02
77.59272068 30.59519191 -5.40783487 0.00000000e+00
77.40711810 30.83638485 -7.84447470 0.00000000e+00
77.52081529 30.60135987 -4.94274564 0.00000000e+00
77.26026366 30.65338535 -3.89286110 0.00000000e+00
77.40410615 30.59752501 -4.16360123 0.00000000e+00
77.16168582 30.72014766 -3.90927695 0.00000000e+00
77.62157062 30.53682868 -4.88495366 0.00000000e+00
77.55881104 30.45663896 -3.82032587 0.00000000e+00
77.30479471 30.66364065 -4.19046601 0.00000000e+00
77.02537752 30.93444137 -5.16352426 0.00000000e+00
77.70599125 30.40411779 -4.07063797 0.00000000e+00
77.60452981 30.46754191 -4.10474645 0.00000000e+00
76.91153941 30.93312350 -4.26209667 0.00000000e+00
76.70627099 31.20064327 -5.88564834 0.00000000e+00
77.20591621 30.73030229 -4.21245248 0.00000000e+00
77.06347216 30.78737098 -3.92350792 0.00000000e+00
76.81426482 31.00175886 -4.27293026 7.89969724e-02
76.67491276 31.06143785 -3.95692630 4.54965300e-01
76.71754479 31.07102994 -4.28548981 0.00000000e+00
76.62149022 31.14103781 -4.29447034 0.00000000e+00
76.42126492 31.41437261 -5.98308216 0.00000000e+00
76.52623751 31.21190358 -4.30687279 0.00000000e+00
76.26151544 31.50034757 -5.36704168 0.00000000e+00
76.33854181 31.35651684 -4.33360377 0.00000000e+00
76.35379286 31.42632786 -5.34103331 0.00000000e+00
76.43188058 31.28369936 -4.31860617 0.00000000e+00
76.06586116 31.58191610 -4.38096791 0.00000000e+00
75.98544276 31.90231634 -8.45761967 0.00000000e+00
76.43716841 31.52462086 -8.25930697 0.00000000e+00
76.63709952 31.21067047 -5.26592959 0.00000000e+00
76.17050147 31.57554971 -5.39451818 0.00000000e+00
76.27766984 31.61055720 -7.51917977 0.00000000e+00
76.62598960 31.38126612 -8.18857059 0.00000000e+00
76.73327482 31.14060360 -5.24275259 0.00000000e+00
76.74865814 31.25093408 -7.32709372 0.00000000e+00
76.80285856 31.13109152 -5.85270721 0.00000000e+00
77.10741442 30.79744095 -4.23250510 0.00000000e+00
77.00927977 30.86504033 -4.24766162 0.00000000e+00
76.84535980 31.18163428 -7.28848745 0.00000000e+00
77.12364376 30.86679386 -5.12959127 0.00000000e+00
77.11076150 31.03661065 -8.00561985 0.00000000e+00
77.19430132 30.85881183 -5.68594390 0.00000000e+00
76.72171510 31.31095867 -8.15422088 0.00000000e+00
76.64159002 31.45089777 -9.62019971 0.00000000e+00
76.93118110 31.24204121 -9.54415456 0.00000000e+00
76.83401111 31.31094884 -9.56979818 0.00000000e+00
76.54172588 31.28159466 -5.28971709 0.00000000e+00
76.55740557 31.39187492 -7.40168024 0.00000000e+00
76.40044280 31.67620788 -10.29696888 0.00000000e+00
76.54661006 31.52217783 -9.64663701 0.00000000e+00
76.25265168 31.67221344 -8.33488220 0.00000000e+00
76.23643275 31.56201879 -6.05167235 0.00000000e+00
76.00899418 31.83954158 -7.65126178 0.00000000e+00
76.14590061 31.63760257 -6.08958627 0.00000000e+00
76.05665999 31.71434177 -6.12996385 0.00000000e+00
75.99237481 31.72944646 -5.45689335 0.00000000e+00
76.07319126 31.82446404 -8.41723945 0.00000000e+00
76.00025821 31.97241870 -9.81707256 0.00000000e+00
76.16227739 31.74776443 -8.37603082 0.00000000e+00
76.08813009 31.89451169 -9.78810652 0.00000000e+00
76.18681398 31.68572776 -7.56244286 0.00000000e+00
76.17733581 31.81775367 -9.75870680 0.00000000e+00
76.36978978 31.53656558 -7.47877568 0.00000000e+00
76.35958418 31.66769458 -9.70046172 0.00000000e+00
76.41581054 31.74598406 -11.39159209 0.00000000e+00
76.48341857 31.73388082 -11.87166650 0.00000000e+00
77.01277030 31.10434124 -8.04679788 0.00000000e+00
76.94263125 31.11298394 -7.24825333 0.00000000e+00
76.99076847 31.32121971 -11.32253878 0.00000000e+00
77.06118857 31.31245796 -11.81414183 0.00000000e+00
77.50683825 30.77081166 -7.77178869 0.00000000e+00
77.42378038 30.90560969 -9.38012381 0.00000000e+00
77.72563774 30.71158533 -9.22682183 1.31319669e-01
77.70844144 30.64236052 -7.61217967 1.78803090e-02
77.81071283 30.57999542 -7.52675948 1.28359097e-02
77.73759926 30.58441406 -6.68132837 5.99523105e-03
77.22551214 31.03865950 -9.45654156 0.00000000e+00
77.30791767 30.90260634 -7.90593337 0.00000000e+00
77.39245126 30.72567684 -5.56000304 0.00000000e+00
77.33601843 30.84358355 -7.03148373 0.00000000e+00
77.42078233 30.66679131 -4.99548784 0.00000000e+00
77.43540601 30.77753402 -6.95496989 0.00000000e+00
77.04037927 31.04489560 -7.20395719 0.00000000e+00
77.09581765 30.92612384 -5.73645673 0.00000000e+00
78.15742477 30.34925696 -6.38629669 0.00000000e+00
78.44317644 30.14116795 -5.12669658 0.00000000e+00
78.14359312 30.23827631 -4.66070381 0.00000000e+00
78.03722688 30.53010913 -9.06672149 6.79676223e-03
78.00530430 30.34968040 -5.10794212 0.00000000e+00
77.93027488 30.35149073 -4.71915602 0.00000000e+00
78.25288215 30.42036171 -9.00265726 0.00000000e+00
78.23454684 30.35078148 -7.28917448 0.00000000e+00
78.12609028 30.40443769 -7.31947507 0.00000000e+00
78.05007328 30.40466646 -6.42918383 0.00000000e+00
78.37733072 30.24666493 -6.39102741 0.00000000e+00
78.26652651 30.29655333 -6.37248117 0.00000000e+00
77.78957695 30.79215582 -11.20009097 1.38351178e+00
77.86315157 30.78782481 -11.71554860 2.63970834e+00
78.30340312 30.43579947 -9.79271478 0.00000000e+00
78.19384062 30.48832542 -9.80819454 0.00000000e+00
78.89122921 30.27981165 -11.19129226 0.00000000e+00
78.58864195 30.27604345 -9.01118522 0.00000000e+00
79.00729468 30.23925747 -11.20381161 0.00000000e+00
78.74138955 30.37196373 -11.76547952 0.00000000e+00
78.64135921 30.29431929 -9.80343733 0.00000000e+00
78.71804429 30.11238558 -6.63791476 0.00000000e+00
78.93412390 30.15074676 -9.15188942 0.00000000e+00
78.91482950 30.08134938 -7.61713366 0.00000000e+00
78.34473082 30.29991032 -7.28386221 0.00000000e+00
78.47642713 30.08893000 -4.71634189 0.00000000e+00
78.45651692 30.25181075 -7.30425273 0.00000000e+00
78.36329066 30.36957414 -8.99061304 0.00000000e+00
78.98796162 30.17014472 -9.89180922 0.00000000e+00
79.14660468 30.00207430 -7.80889946 0.00000000e+00
80.30298471 29.56289406 -9.71975543 0.00000000e+00
80.03485154 29.61720758 -8.36041587 0.00000000e+00
79.33534445 30.04843592 -9.99986650 0.00000000e+00
79.49088050 29.87673816 -8.10362319 0.00000000e+00
79.16598660 30.07091466 -9.25313286 0.00000000e+00
79.29658844 29.91182061 -7.22541860 0.00000000e+00
79.39634795 29.98827059 -9.36910878 0.00000000e+00
79.44995690 30.00559974 -10.03811902 0.00000000e+00
79.28149937 30.03024043 -9.30940683 0.00000000e+00
79.63700360 29.77901143 -7.58965328 0.00000000e+00
79.54888908 30.07946893 -11.81918448 2.67887992e-03
79.78587837 29.86290336 -10.10217547 0.00000000e+00
79.21994873 30.08975873 -9.95971577 0.00000000e+00
79.05009731 30.11087411 -9.20172525 0.00000000e+00
80.09228086 29.81487894 -11.55181414 0.00000000e+00
79.94959527 29.74185641 -9.51325393 0.00000000e+00
80.00011720 29.75249312 -10.05209616 0.00000000e+00
80.13667401 29.55548382 -8.29247817 0.00000000e+00
79.88118410 29.93004299 -11.72210562 2.04394699e-03
80.15579329 29.62120918 -9.37862123 0.00000000e+00
80.42741644 29.35349696 -7.79173518 0.00000000e+00
80.25506837 29.55625324 -9.24943586 0.00000000e+00
80.54055562 29.34816129 -8.62612489 0.00000000e+00
80.39928731 29.49443675 -9.54097888 0.00000000e+00
80.76893845 29.33856829 -10.27740719 0.00000000e+00
80.51388780 29.49014236 -10.35728881 0.00000000e+00
80.72618970 29.20487927 -8.07037768 0.00000000e+00
80.68042427 29.28132400 -8.80705301 0.00000000e+00
80.70522526 29.13836427 -6.93059421 0.00000000e+00
80.58735835 29.35295733 -9.07345109 0.00000000e+00
80.61297241 29.21036311 -7.24202085 0.00000000e+00
80.49388147 29.42423767 -9.32475068 0.00000000e+00
80.54704496 29.22100525 -6.86577965 0.00000000e+00
80.44698855 29.41913749 -8.87316595 0.00000000e+00
80.52062686 29.28233268 -7.53136126 0.00000000e+00
80.35200468 29.48871250 -9.07901026 0.00000000e+00
80.23588992 29.49066344 -8.17856209 0.00000000e+00
80.12274965 29.75808731 -11.01011606 0.00000000e+00
80.05397089 29.68315520 -9.46677121 0.00000000e+00
80.16623247 29.49770397 -7.71057163 0.00000000e+00
79.84279013 29.79722225 -9.52109384 0.00000000e+00
79.82358350 29.73064762 -8.34085831 0.00000000e+00
79.93043850 29.67561650 -8.37811022 0.00000000e+00
79.85580467 29.67654242 -7.77385684 0.00000000e+00
79.70348305 29.67410092 -6.44471259 0.00000000e+00
79.41123963 29.86975462 -7.35099824 0.00000000e+00
79.96185377 29.62030332 -7.81059712 0.00000000e+00
80.05426715 29.45163816 -6.13551689 0.00000000e+00
80.06536884 29.56065400 -7.78293610 0.00000000e+00
80.12541024 29.44617841 -6.64754774 0.00000000e+00
80.22432303 29.38082333 -6.53677719 0.00000000e+00
80.32915939 29.18708747 -4.78018428 0.00000000e+00
80.25281863 29.32169147 -5.93601994 0.00000000e+00
80.26449258 29.43174150 -7.57782109 0.00000000e+00
80.32070976 29.31269080 -6.35760169 0.00000000e+00
80.36040112 29.36323342 -7.38848754 0.00000000e+00
80.44177021 29.18137015 -5.48300912 0.00000000e+00
80.45439082 29.29276622 -7.14855628 0.00000000e+00
80.71697311 28.96301227 -4.80977505 0.00000000e+00
80.69107037 29.02500514 -5.29143203 0.00000000e+00
80.50762089 29.17045850 -5.84881993 0.00000000e+00
80.62899152 28.82574886 -3.38436809 0.00000000e+00
80.41495857 29.24235034 -6.11716387 0.00000000e+00
80.53914146 28.89976205 -3.37312740 0.00000000e+00
80.34829239 29.25253867 -5.72945691 0.00000000e+00
80.42230911 29.11575686 -4.58573434 0.00000000e+00
80.15489747 29.38822010 -6.07449429 0.00000000e+00
80.23389433 29.25628672 -4.93769626 0.00000000e+00
79.81262064 29.62229438 -6.58448483 0.00000000e+00
80.03545385 29.38598034 -5.10051480 0.00000000e+00
79.73645047 29.62110604 -5.90460227 0.00000000e+00
79.88166607 29.43487069 -4.61939555 0.00000000e+00
79.49438884 29.64977510 -4.59572962 0.00000000e+00
79.47955192 29.76834769 -6.15003578 0.00000000e+00
79.13462618 29.89298774 -5.76493298 0.00000000e+00
79.15003406 29.77468504 -4.27896269 0.00000000e+00
79.28493408 29.80308744 -5.32909022 0.00000000e+00
79.26210783 29.96174621 -7.90030289 0.00000000e+00
79.25035871 29.85293314 -5.88537820 0.00000000e+00
79.18119245 29.95242168 -7.10637842 0.00000000e+00
79.62591407 29.67074096 -5.72532660 0.00000000e+00
79.60351077 29.83096216 -8.19823252 0.00000000e+00
78.94933454 30.03159872 -6.86567027 0.00000000e+00
79.06534305 29.99213700 -6.98943790 0.00000000e+00
79.51358188 29.71731469 -5.56950342 0.00000000e+00
79.52482953 29.82566484 -7.47376476 0.00000000e+00
78.82088941 29.96160655 -4.93061344 0.00000000e+00
78.83346888 30.07147047 -6.74904235 0.00000000e+00
78.56969927 30.20630901 -7.35192371 0.00000000e+00
78.70523630 30.00225374 -4.84814815 0.00000000e+00
79.01853409 29.93234913 -5.64345573 0.00000000e+00
79.03074665 30.04172794 -7.71034207 0.00000000e+00
79.05322924 29.88285259 -5.12147184 0.00000000e+00
78.90238354 29.97167850 -5.52087187 0.00000000e+00
78.48967667 30.19951614 -6.44106013 0.00000000e+00
78.55657319 30.09586480 -5.20368644 0.00000000e+00
78.36387332 30.13590568 -4.67727292 0.00000000e+00
78.45769441 30.01916634 -3.96116919 0.00000000e+00
78.59031375 30.04452074 -4.77638782 0.00000000e+00
78.68623298 29.93262964 -4.01933355 0.00000000e+00
78.93698666 29.92201990 -5.01956149 0.00000000e+00
79.09608070 29.75519918 -3.89957015 0.00000000e+00
78.40585787 30.00163647 -3.64421180 0.00000000e+00
78.76365360 29.75295070 -2.37959770 0.00000000e+00
78.80178163 29.89212239 -4.06681768 0.00000000e+00
78.83265578 29.65349164 -1.27162500 0.00000000e+00
78.74835006 29.87254175 -3.71471017 0.00000000e+00
79.07681263 29.68611587 -3.04593574 0.00000000e+00
78.99551853 29.67538612 -2.48870944 0.00000000e+00
79.03397920 29.81380160 -4.19596336 0.00000000e+00
79.21178750 29.71581979 -3.98801297 0.00000000e+00
79.60680129 29.60364983 -4.74969931 0.00000000e+00
79.38055178 29.69327166 -4.47689960 0.00000000e+00
79.39979975 29.76124398 -5.44526001 0.00000000e+00
79.67929857 29.42067361 -3.36541678 0.00000000e+00
79.44109395 29.63283821 -4.20790158 0.00000000e+00
79.45593567 29.51421441 -3.13223073 0.00000000e+00
79.32689574 29.67523163 -4.09049276 0.00000000e+00
79.30760249 29.60682591 -3.27248554 0.00000000e+00
79.41078851 29.45650060 -1.81655978 0.00000000e+00
79.22708614 29.59753174 -2.71116788 0.00000000e+00
79.29632679 29.49823582 -1.61937096 0.00000000e+00
78.86406479 29.83289819 -3.76176791 0.00000000e+00
78.98007320 29.79400204 -3.82263905 0.00000000e+00
78.42037881 29.87957808 -2.32741338 0.00000000e+00
79.09992164 29.52773903 -0.71076851 5.23418666e+00
78.57143517 29.97480360 -3.98377566 0.00000000e+00
78.61431682 29.84377784 -2.84899702 0.00000000e+00
78.51894354 29.95638602 -3.65590158 0.00000000e+00
78.50019370 29.88659498 -2.83430934 0.00000000e+00
78.30833645 29.92656888 -2.33601306 0.00000000e+00
78.38727356 29.93184139 -2.83204823 0.00000000e+00
78.71680296 29.69269544 -1.24458727 0.00000000e+00
78.84493934 29.76338296 -2.91412216 0.00000000e+00
78.64833467 29.79322724 -2.35012031 0.00000000e+00
78.72932924 29.80288760 -2.87513594 0.00000000e+00
78.48721213 29.77591523 -1.21682914 0.00000000e+00
78.63570213 29.68272674 -0.61683856 7.62319569e-02
78.37409049 29.82099752 -1.21565366 0.00000000e+00
78.29509362 29.81555592 -0.60881932 5.88026617e-02
78.86735317 29.60401098 -0.64387629 0.00000000e+00
79.33099811 29.44849697 -0.85270922 0.00000000e+00
78.75126832 29.64274522 -0.62774871 7.38522445e-02
79.44518519 29.40613803 -0.96385057 0.00000000e+00
80.46201100 28.79970221 -0.88784661 0.00000000e+00
78.98367018 29.56590251 -0.67105293 2.55182416e+00
79.06503484 29.57689294 -1.38182145 0.00000000e+00
79.52399863 29.41234286 -1.97468085 0.00000000e+00
79.53482562 29.52049277 -3.63918843 0.00000000e+00
78.94882931 29.61510728 -1.31492922 0.00000000e+00
78.87947637 29.71387414 -2.42298802 0.00000000e+00
80.16778441 29.18451424 -3.52567608 0.00000000e+00
79.64621135 29.47324661 -3.74148726 0.00000000e+00
79.56849090 29.46898413 -3.33434777 0.00000000e+00
79.89427971 29.31355188 -3.15079408 0.00000000e+00
79.63555306 29.36517542 -1.99442673 0.00000000e+00
79.85222107 29.26033390 -1.76800374 0.00000000e+00
79.55797247 29.36110754 -1.01083029 0.00000000e+00
80.06897915 29.24942151 -3.54029142 0.00000000e+00
81.19087430 28.30848299 -1.11304223 0.00000000e+00
80.55121931 28.72480194 -0.93409339 0.00000000e+00
80.61518199 28.71256799 -1.76920909 0.00000000e+00
80.34528344 28.93498894 -1.67495109 0.00000000e+00
80.27974819 28.94600607 -0.85932908 0.00000000e+00
80.09852631 29.19168520 -3.00477716 0.00000000e+00
80.29124028 29.05634762 -2.93478064 0.00000000e+00
80.18528023 29.01589611 -0.77012207 0.00000000e+00
80.25228683 29.00628971 -1.62945115 0.00000000e+00
80.08792691 29.08271450 -0.83555746 0.00000000e+00
80.44885076 28.97341564 -3.33749867 0.00000000e+00
80.69580395 28.89623398 -4.19558226 0.00000000e+00
80.43625983 28.86175040 -1.70346862 0.00000000e+00
80.37178436 28.87370191 -0.81562201 6.04676853e-01
80.08775975 29.31504780 -4.59723113 0.00000000e+00
80.18656223 29.24994572 -4.52313899 0.00000000e+00
80.15672100 29.07496981 -1.60567953 0.00000000e+00
79.96726597 29.31084524 -3.60213946 0.00000000e+00
80.05821042 29.14041797 -1.64217873 0.00000000e+00
79.98748964 29.14597912 -0.80662127 0.00000000e+00
79.95667690 29.20226984 -1.65489867 0.00000000e+00
79.88403362 29.20545211 -0.84827740 0.00000000e+00
79.74507494 29.31458971 -1.90332279 0.00000000e+00
79.66895161 29.31286082 -0.98359644 0.00000000e+00
79.55403083 29.58805252 -4.33525207 0.00000000e+00
79.78800411 29.36893485 -3.29617116 0.00000000e+00
79.66533135 29.54035020 -4.46077516 0.00000000e+00
79.86274318 29.36861211 -3.69536506 0.00000000e+00
79.77465040 29.48936824 -4.55902232 0.00000000e+00
79.93202566 29.44571904 -5.09242927 0.00000000e+00
79.82593658 29.50186021 -5.03178911 0.00000000e+00
79.84486853 29.56812675 -6.04894147 0.00000000e+00
80.28264068 29.18183696 -4.41000537 0.00000000e+00
80.51394755 29.04298375 -4.43556693 0.00000000e+00
80.37635330 29.11128790 -4.27061645 0.00000000e+00
80.56458650 28.83751370 -3.05293200 0.00000000e+00
80.46823525 29.03895718 -4.14232403 0.00000000e+00
80.60482209 28.96952833 -4.30003131 0.00000000e+00
80.55897563 28.96557455 -4.04611155 0.00000000e+00
80.64940253 28.89194863 -3.95848325 0.00000000e+00
80.83737944 28.61868253 -2.48366761 0.00000000e+00
80.74047333 28.81900065 -3.85695618 0.00000000e+00
80.90549824 28.61094817 -2.86176774 0.00000000e+00
80.83311496 28.74767026 -3.71664468 0.00000000e+00
81.45518066 28.27007711 -2.20594839 0.00000000e+00
80.97405086 28.81534714 -4.62438930 0.00000000e+00
81.34463443 28.31664852 -2.16566646 0.00000000e+00
81.90703001 28.24199768 -3.71157369 0.00000000e+00
81.53511605 28.27999821 -2.72688051 0.00000000e+00
81.85084006 28.29701644 -3.90498209 0.00000000e+00
81.56792516 28.22789946 -2.27435313 0.00000000e+00
81.44863947 28.39440299 -3.41984745 0.00000000e+00
81.76424410 28.20410476 -2.89822263 0.00000000e+00
81.49991286 28.53602975 -4.43552725 0.00000000e+00
81.88062210 28.17082693 -3.02285886 0.00000000e+00
81.79050625 28.27532803 -3.61575343 0.00000000e+00
81.66749201 28.07408893 -0.64954920 3.41636060e-02
81.68239344 28.18959700 -2.36885541 0.00000000e+00
81.64896017 28.24031512 -2.80212731 0.00000000e+00
81.56094106 28.35099853 -3.46410405 0.00000000e+00
81.40765625 28.20744950 -1.14328901 0.00000000e+00
81.42313709 28.32369855 -2.67504757 0.00000000e+00
81.23125460 28.49460296 -3.40451410 0.00000000e+00
81.33859167 28.44217051 -3.39836854 0.00000000e+00
81.13199065 28.42415513 -2.17568860 0.00000000e+00
80.97828591 28.68645896 -3.81285663 0.00000000e+00
80.82231171 28.50377281 -0.63904087 2.45718911e-01
80.81128203 28.68040614 -3.01420922 0.00000000e+00
80.70500996 28.63840891 -1.55130178 0.00000000e+00
80.74492513 28.69007226 -2.72088426 0.00000000e+00
81.01469739 28.36886137 -0.56293497 4.22022357e-02
81.00262211 28.54476593 -2.75329866 0.00000000e+00
81.08721328 28.36642424 -1.12269892 0.00000000e+00
80.91689155 28.43447843 -0.59066517 1.85787151e-01
80.89019385 28.49573580 -1.22970604 0.00000000e+00
80.79640501 28.56582369 -1.35522695 0.00000000e+00
80.98700967 28.42902133 -1.15360014 0.00000000e+00
80.73039272 28.57588359 -0.71618608 7.96806748e-02
81.43959346 28.15356695 -0.58140003 2.96087260e-01
81.55266550 28.11181778 -0.61013201 0.00000000e+00
81.74972666 28.08929666 -1.35923724 0.00000000e+00
81.23677127 28.36797624 -2.15990386 0.00000000e+00
81.11600203 28.30762294 -0.55976395 0.00000000e+00
81.32878835 28.19990516 -0.56188898 6.19609052e-01
81.31350387 28.37188989 -2.65063912 0.00000000e+00
81.29780865 28.25548320 -1.11516725 0.00000000e+00
81.22078258 28.25123078 -0.55327827 4.33369366e-01
81.78364794 28.03977942 -0.70968804 2.28646364e-01
81.79818339 28.15461851 -2.49873647 0.00000000e+00
82.33915031 27.94496868 -2.04225058 0.00000000e+00
82.49329182 27.87392381 -1.00848863 0.00000000e+00
82.13700320 27.95156351 -1.00215433 0.00000000e+00
82.25563900 27.92512787 -1.02244406 0.00000000e+00
82.57662659 27.89351260 -2.01013009 0.00000000e+00
82.69527534 27.86761338 -2.01443635 0.00000000e+00
81.86645018 28.05669021 -1.49922140 0.00000000e+00
81.98398477 28.02654173 -1.67645706 0.00000000e+00
83.55380864 27.61851752 -1.19575375 1.05605080e-02
83.20322290 27.71212921 -1.13364438 1.21607967e-01
82.81376937 27.84126244 -2.05129600 0.00000000e+00
83.05005876 27.78644296 -2.21806523 0.00000000e+00
82.93204657 27.81425340 -2.13567085 0.00000000e+00
83.16775607 27.75769516 -2.25453987 0.00000000e+00
83.08557100 27.74111077 -1.12089550 1.47016952e-01
82.86101039 27.90463237 -3.43416284 0.00000000e+00
82.84931128 27.79621274 -1.03850112 1.84793758e-01
82.82551662 27.94988245 -3.75056195 0.00000000e+00
82.96758579 27.76910155 -1.09716973 1.30623241e-01
82.97904663 27.87707256 -3.56700103 0.00000000e+00
82.73079887 27.82259326 -1.01279489 0.00000000e+00
82.74275181 27.93153270 -3.36933658 0.00000000e+00
82.61210304 27.84841805 -1.00164146 0.00000000e+00
82.50579937 27.98411188 -3.33355406 0.00000000e+00
83.28509410 27.72790617 -2.28433470 0.00000000e+00
83.09680994 27.84870537 -3.69187841 0.00000000e+00
82.26876301 28.03679713 -3.29844336 0.00000000e+00
82.45789090 27.91919864 -2.02829516 0.00000000e+00
82.10206433 27.99820787 -1.88907804 0.00000000e+00
82.03246961 28.09240722 -2.88698807 0.00000000e+00
82.01867087 27.97914280 -0.88692371 0.00000000e+00
81.99780578 28.13992582 -3.17373595 0.00000000e+00
81.90080328 28.00833472 -0.78953335 2.01083647e-01
81.91496838 28.12241572 -2.67289299 0.00000000e+00
82.14213625 28.18155744 -3.92835872 0.00000000e+00
82.58889950 28.00327327 -3.62494990 0.00000000e+00
82.37868430 28.12606693 -4.12454616 0.00000000e+00
82.62432565 27.95794885 -3.32133246 0.00000000e+00
82.44062985 28.14980044 -4.43047396 0.00000000e+00
82.70727878 27.97677357 -3.66774406 0.00000000e+00
82.08555775 28.23414530 -4.11242411 0.00000000e+00
82.32207478 28.17716363 -4.32043032 0.00000000e+00
82.61563390 28.07233046 -4.22842967 0.00000000e+00
82.73403132 28.04534639 -4.31983574 0.00000000e+00
82.85228341 28.01796655 -4.46821085 0.00000000e+00
83.03260873 28.01182091 -5.12138609 0.00000000e+00
83.32278799 27.90130426 -5.02486629 0.00000000e+00
83.29596633 27.83503548 -4.15890158 0.00000000e+00
83.15039901 27.98254255 -5.29753356 0.00000000e+00
83.17882352 27.86509705 -4.09257662 0.00000000e+00
83.02378873 28.12463488 -6.68015608 0.00000000e+00
83.26787538 27.95238617 -5.44120948 0.00000000e+00
82.91454626 28.04032597 -4.92337859 0.00000000e+00
82.90571045 28.15351890 -6.47050619 0.00000000e+00
82.70448620 28.16407477 -5.52145050 0.00000000e+00
82.58955953 28.41663945 -8.95453819 0.00000000e+00
82.79926116 28.29077987 -8.06742631 0.00000000e+00
84.18553988 27.78678291 -7.73684495 0.00000000e+00
83.17714488 28.04919616 -6.34530212 0.00000000e+00
83.99363182 28.03342384 -10.85178501 9.06223520e-04
82.82599196 28.35884411 -9.42154962 0.00000000e+00
83.25915106 28.06467976 -7.03622389 0.00000000e+00
82.88817717 28.38064797 -10.24746802 0.00000000e+00
83.07060646 28.18676260 -7.92030699 0.00000000e+00
82.66899908 28.20978660 -6.03820872 0.00000000e+00
82.56286638 28.34765708 -7.60661658 0.00000000e+00
82.31351408 28.29356627 -5.38079754 0.00000000e+00
82.55048535 28.23754977 -5.83000522 0.00000000e+00
82.46727578 28.21923668 -5.19912920 0.00000000e+00
82.26030443 28.15340991 -4.02949480 0.00000000e+00
82.58590110 28.19167249 -5.36223253 0.00000000e+00
82.49715940 28.09914936 -4.19611752 0.00000000e+00
82.02431978 28.21093033 -3.81694782 0.00000000e+00
82.07731654 28.35246261 -4.91555706 0.00000000e+00
82.20367454 28.20514515 -4.22479772 0.00000000e+00
82.19525564 28.32246445 -5.14875585 0.00000000e+00
82.67780081 28.09558279 -4.57690391 0.00000000e+00
82.55923380 28.12270445 -4.49700006 0.00000000e+00
81.96787703 28.26459491 -4.00481968 0.00000000e+00
81.99433363 28.33550213 -4.52343960 0.00000000e+00
81.73471071 28.33198484 -3.81625981 0.00000000e+00
81.61980532 28.37006430 -3.74145028 0.00000000e+00
81.39521161 28.45763725 -3.65819577 0.00000000e+00
81.32711261 28.69433486 -5.17269436 0.00000000e+00
81.17555587 28.69068527 -4.45821504 0.00000000e+00
81.28091174 28.63464452 -4.42033114 0.00000000e+00
80.88178320 28.75383004 -3.92321507 0.00000000e+00
80.78784810 28.82403873 -4.05629501 0.00000000e+00
81.10180330 28.69187313 -4.23986097 0.00000000e+00
81.02593122 28.61328945 -3.50505104 0.00000000e+00
81.20511672 28.63284373 -4.18386550 0.00000000e+00
81.12697541 28.55172352 -3.43976806 0.00000000e+00
80.78354281 28.95311471 -5.01822936 0.00000000e+00
80.73129802 29.07661814 -6.22296587 0.00000000e+00
80.80973869 28.89137663 -4.60337540 0.00000000e+00
80.79822244 29.06717755 -6.61289349 0.00000000e+00
81.00162262 28.75503425 -4.32455536 0.00000000e+00
81.01714577 28.87044067 -5.41922648 0.00000000e+00
81.19128178 28.80662426 -5.76188257 0.00000000e+00
81.53228230 28.48273878 -4.19522428 0.00000000e+00
81.28642605 28.50801571 -3.65253213 0.00000000e+00
81.18054114 28.56307361 -3.67608357 0.00000000e+00
81.22082361 28.74883986 -5.21303286 0.00000000e+00
81.64582976 28.44116139 -4.24748466 0.00000000e+00
81.74194057 28.56857866 -5.94819908 0.00000000e+00
81.72727903 28.45371552 -4.54252133 0.00000000e+00
81.54745217 28.59837378 -5.22516655 0.00000000e+00
81.87719420 28.36809784 -4.40835930 0.00000000e+00
81.84308648 28.41755196 -4.62361667 0.00000000e+00
81.97383186 28.49758250 -6.30861930 0.00000000e+00
81.43611424 28.64423555 -5.17915602 0.00000000e+00
81.54103616 28.72270755 -6.93325829 0.00000000e+00
81.77546084 28.51780620 -5.41512751 0.00000000e+00
81.85740907 28.53181901 -6.11626793 0.00000000e+00
81.40466300 28.69909772 -5.67725548 0.00000000e+00
81.32160222 28.82077116 -6.87221224 0.00000000e+00
81.38914753 28.58311867 -4.41483098 0.00000000e+00
81.31149651 28.57829009 -4.16056723 0.00000000e+00
81.29658427 28.75068913 -5.69104653 0.00000000e+00
81.16571580 28.94601152 -7.66717893 0.00000000e+00
80.91964158 28.93667574 -5.61024871 0.00000000e+00
80.77387845 29.21014414 -8.53423843 0.00000000e+00
80.98950387 28.93059384 -6.06457591 0.00000000e+00
80.91510414 29.06523139 -7.51345016 0.00000000e+00
81.27027822 28.88842213 -7.57340737 0.00000000e+00
81.08782591 29.07641501 -9.07666187 0.00000000e+00
81.51519038 28.65177542 -5.72058743 0.00000000e+00
81.43014879 28.76967209 -6.86968202 0.00000000e+00
81.62775049 28.60840947 -5.81297181 0.00000000e+00
81.48743276 28.78574580 -7.58425342 0.00000000e+00
81.66069534 28.55637171 -5.30549913 0.00000000e+00
81.65386054 28.67954904 -7.05695156 0.00000000e+00
81.71309150 28.69871820 -7.83235291 0.00000000e+00
81.40306512 28.90554829 -8.90533942 0.00000000e+00
81.97076168 28.69499100 -9.69442293 0.00000000e+00
82.41487438 28.49757341 -9.23407308 0.00000000e+00
82.17877298 28.55832446 -8.74442918 0.00000000e+00
82.47130853 28.44557804 -8.70096964 0.00000000e+00
82.05331529 28.70982710 -10.58793062 0.00000000e+00
82.08776217 28.66092844 -9.95062982 0.00000000e+00
82.28831818 28.64483984 -11.18466188 0.00000000e+00
82.65157917 28.43907684 -9.74949407 0.00000000e+00
82.35314497 28.47489363 -8.45667313 0.00000000e+00
82.11752339 28.53597863 -7.94076398 0.00000000e+00
82.44463665 28.37614310 -7.35225224 0.00000000e+00
82.36156889 28.35826667 -6.51627150 0.00000000e+00
82.20856171 28.43464016 -6.81255444 0.00000000e+00
82.12560339 28.41743032 -5.94878861 0.00000000e+00
82.24344598 28.38736274 -6.23566530 0.00000000e+00
82.32649888 28.40502580 -7.08758894 0.00000000e+00
82.70781020 28.38780105 -9.19473637 0.00000000e+00
83.27006458 28.17197196 -8.76556089 0.00000000e+00
82.94403987 28.32956464 -9.63837556 0.00000000e+00
83.30549029 28.12582346 -8.23653649 0.00000000e+00
82.68109836 28.31927988 -7.84520347 0.00000000e+00
82.59818613 28.30156933 -7.05203956 0.00000000e+00
83.03513025 28.23262308 -8.45643602 0.00000000e+00
82.95276164 28.21614479 -7.74084222 0.00000000e+00
82.91728976 28.26194926 -8.27417724 0.00000000e+00
82.83470765 28.24496440 -7.52914639 0.00000000e+00
83.29688890 28.23835207 -10.16854863 0.00000000e+00
83.38707578 28.14043864 -8.89869734 0.00000000e+00
83.18819686 28.15669168 -8.08616663 0.00000000e+00
83.17953237 28.26943865 -10.00545199 0.00000000e+00
82.53320300 28.46819970 -9.48618837 0.00000000e+00
82.76992637 28.40996385 -10.00280153 0.00000000e+00
83.35915881 28.25821550 -11.05540869 0.00000000e+00
83.15089502 28.38743840 -12.41743178 0.00000000e+00
83.24180680 28.28984578 -10.87980259 0.00000000e+00
83.11534984 28.43364269 -13.26544356 0.00000000e+00
83.12416311 28.32071838 -10.68444838 0.00000000e+00
83.03297673 28.41806756 -12.18106468 0.00000000e+00
83.00627196 28.35094585 -10.47853371 0.00000000e+00
82.79658823 28.47795056 -11.63851727 0.00000000e+00
82.55982741 28.53709020 -11.05003708 0.00000000e+00
82.64283911 28.55396174 -12.12360451 0.00000000e+00
82.44147868 28.56691145 -10.76484674 0.00000000e+00
82.52455003 28.58380268 -11.79559201 0.00000000e+00
82.17059519 28.67666360 -10.87502144 0.00000000e+00
82.06722590 28.82310797 -12.76011459 1.12912212e-02
82.32327287 28.59727073 -10.50104912 0.00000000e+00
82.10154440 28.77397394 -12.14805934 0.00000000e+00
82.67822175 28.50751254 -11.35471167 0.00000000e+00
82.57227682 28.64732779 -13.68252668 0.00000000e+00
82.76112699 28.52421955 -12.43566971 0.00000000e+00
82.69037388 28.61712375 -14.13146676 0.00000000e+00
82.87934803 28.49437334 -12.72983279 0.00000000e+00
82.80845965 28.58698758 -14.57055936 0.00000000e+00
82.91485926 28.44819439 -11.92003545 0.00000000e+00
82.89104016 28.60306094 -16.04943996 0.00000000e+00
83.35045879 28.37066553 -13.69208051 0.00000000e+00
83.23303826 28.40249423 -13.49241407 0.00000000e+00
83.39668294 28.43127228 -16.43353600 6.18720239e-02
83.47618218 28.22574409 -11.21088968 0.00000000e+00
82.65508906 28.66377727 -14.94483401 0.00000000e+00
82.79977700 28.70145941 -18.33807835 0.00000000e+00
82.41921576 28.72513301 -13.91250520 0.00000000e+00
82.68175870 28.73223609 -17.30586500 0.00000000e+00
83.36124602 28.47782757 -18.00994396 1.49811527e-01
83.27080410 28.57629503 -21.16382011 5.94291312e-01
83.12655346 28.54144101 -17.11462983 6.54834568e-03
83.03560362 28.63958907 -20.09908159 7.01615767e-02
83.00887774 28.57244089 -16.60357477 0.00000000e+00
82.91774592 28.67063789 -19.30210640 1.05739713e-02
82.74371938 28.75360344 -19.33311254 5.12038078e-02
82.41614592 28.91716780 -20.30363951 7.97322968e-01
82.97988747 28.69144484 -21.75403910 2.65080625e-01
82.86184153 28.72258540 -20.66384058 5.40069759e-02
82.62558743 28.78469466 -18.24317484 5.65655613e-02
82.29844409 28.95026113 -19.06147011 6.72993232e-01
82.44584675 28.79446139 -15.95407174 0.00000000e+00
82.06426809 29.02000192 -16.89077018 1.12835951e+00
82.26376274 28.99892225 -20.05773545 2.69958754e+00
81.83286863 29.09689707 -15.68724843 3.97456294e+00
82.32812904 28.82641462 -15.41348380 0.00000000e+00
82.27190855 28.88063598 -16.14855948 2.56478583e-02
82.18414973 28.78923156 -13.12796145 0.00000000e+00
82.38958421 28.84793879 -16.80227231 1.58227317e-02
82.50751244 28.81605438 -17.47430463 5.42827423e-02
82.45424074 28.67781794 -13.23312094 0.00000000e+00
82.20532286 28.62849181 -10.22023699 0.00000000e+00
82.21875391 28.74081984 -12.49222435 0.00000000e+00
82.56375684 28.76316335 -16.58966493 0.00000000e+00
82.53710378 28.69425930 -14.39004777 0.00000000e+00
81.83550240 28.89651639 -12.11409720 1.36473318e-01
81.49505834 29.23222990 -14.54439626 5.59400337e+00
81.49698340 29.02697463 -11.48598684 1.91632528e-01
81.41300503 29.14739921 -12.54916393 4.71541372e-01
81.64063249 28.92696433 -11.08034161 1.52540805e-01
81.52257193 29.09734003 -12.68346684 8.38011215e-01
81.92175223 28.98685456 -14.34803613 5.35340581e-01
81.95093809 28.85872777 -12.43204550 5.28289802e-02
81.69265770 29.06830795 -13.63630203 1.39116068e+00
81.58017509 29.11339940 -13.37068406 1.41284491e+00
81.46949418 29.16188601 -13.18181075 1.25326235e+00
81.17526894 29.39842661 -14.06771956 1.32616061e+00
82.03782098 28.94971642 -14.87507733 2.68733093e-01
81.97736180 28.92932391 -13.87718965 1.77320087e-01
81.36093892 29.21402251 -13.05621089 3.78601503e-01
81.09869018 29.31981674 -12.45927756 3.36390351e-02
81.20092870 29.25875825 -12.42759076 3.28760258e-02
81.15113525 29.32939087 -12.96911773 1.35734831e-01
81.04998241 29.39216042 -13.01479905 1.68704247e-01
80.75808788 29.59436041 -13.39850932 2.19485754e-01
81.25477180 29.26989652 -12.97792856 1.54264627e-01
81.28103863 29.13169234 -11.34623925 1.32535744e-02
80.90112576 29.45057651 -12.65067410 6.52524355e-02
80.90603254 29.32240689 -11.08950138 3.47943281e-03
80.99886198 29.38394464 -12.53369714 4.19818308e-02
81.00364691 29.25581115 -10.95195632 4.11311220e-03
81.30572191 29.20121200 -12.45935083 9.86130007e-02
81.31108723 29.07450748 -10.78467320 5.23156505e-03
81.05953168 29.13597418 -9.73477273 0.00000000e+00
80.97601242 29.31604528 -11.51668760 5.87818485e-03
81.16100512 29.07400972 -9.62686502 0.00000000e+00
81.10353946 29.19195336 -10.84774966 4.54702189e-03
81.19016976 29.01553448 -8.96113129 0.00000000e+00
81.20599060 29.13138589 -10.78928210 4.92885184e-03
81.52869728 28.97241815 -10.92331959 1.10254382e-01
81.41873751 29.02152514 -10.82590463 6.06012904e-02
81.59292712 28.86466977 -9.71283995 3.57077454e-02
81.60821231 28.98023661 -11.64633983 3.28340708e-01
82.09373431 28.89349115 -14.36089721 6.45408291e-02
82.21071420 28.85931666 -14.88144242 2.10692555e-02
81.70619211 28.82174831 -9.86437631 1.59271359e-02
81.75418849 28.88480882 -11.26913271 9.83206770e-02
81.62546247 28.81152650 -9.07976049 5.57265118e-03
81.48143320 28.91111064 -9.61037315 1.07541259e-02
81.37760357 28.83499493 -7.54628660 0.00000000e+00
81.29528538 28.95850737 -8.90034596 0.00000000e+00
81.59939478 28.74044930 -7.68181715 0.00000000e+00
81.51324376 28.85663425 -8.96589173 7.49084521e-03
81.82816975 28.66012413 -8.02503023 0.00000000e+00
81.73934277 28.76984382 -9.24183432 5.40646428e-03
81.06400846 29.00750866 -7.82369706 0.00000000e+00
80.96063440 29.20115411 -9.88474694 0.00000000e+00
80.86395457 29.26892952 -10.07228736 0.00000000e+00
80.87893168 29.38320500 -11.65474055 4.68396405e-03
80.86852277 29.14025599 -8.26708040 0.00000000e+00
80.81984869 29.13418588 -7.78438259 0.00000000e+00
80.96505257 29.07246279 -8.02714510 0.00000000e+00
80.89092233 29.20791052 -9.43226420 0.00000000e+00
80.20451878 29.62902135 -9.86758847 0.00000000e+00
80.10359544 29.69232923 -9.97543450 0.00000000e+00
80.48664893 29.55074809 -10.92569554 0.00000000e+00
80.30554236 29.79744787 -12.78807688 0.00000000e+00
80.03042704 29.92712640 -12.65671267 0.00000000e+00
79.69480332 29.98019206 -11.24122976 2.79614129e-03
80.60783330 29.41916049 -10.12919745 0.00000000e+00
80.62136118 29.53149288 -11.64488102 0.00000000e+00
80.43135702 29.67098735 -12.04148539 0.00000000e+00
80.58104780 29.48026698 -10.71440938 0.00000000e+00
80.29369278 29.68750428 -11.28663252 0.00000000e+00
80.22374554 29.69465676 -10.88897922 0.00000000e+00
80.79557456 29.27723556 -9.65695939 0.00000000e+00
80.81021779 29.39106009 -11.25797433 0.00000000e+00
80.17256292 29.99847085 -14.67790554 2.50729068e-01
80.13407815 29.86714534 -12.53416477 0.00000000e+00
79.66138679 30.03251398 -11.80032648 1.47175790e-02
79.48085600 30.18170885 -12.97239501 2.50090791e-03
79.77224648 29.98279261 -11.77023069 3.71945546e-03
79.70603043 30.08839481 -12.90155402 2.02825250e-02
79.98791959 29.87406983 -11.64733830 0.00000000e+00
79.89231275 30.03836678 -13.33052997 4.74544772e-02
79.80508928 29.92947875 -11.21946424 1.78543709e-03
79.81622366 30.03772356 -12.84047074 2.00284275e-02
80.01925914 29.81846115 -11.10245754 0.00000000e+00
79.92442954 29.98400044 -12.76293130 4.81092209e-03
79.89415469 29.80935928 -10.08923607 0.00000000e+00
79.91332257 29.87560709 -11.17295906 0.00000000e+00
79.46929656 30.07330135 -11.25104268 0.00000000e+00
79.56347459 29.96071501 -10.07138691 0.00000000e+00
79.58277434 30.02802264 -11.25224771 2.43274058e-03
79.67555176 29.91326904 -10.09584192 0.00000000e+00
78.97275296 30.28922237 -11.79341568 0.00000000e+00
79.10405801 30.13012601 -9.92505449 0.00000000e+00
78.90393170 30.38955239 -12.97109689 0.00000000e+00
79.08881330 30.24879246 -11.80543348 0.00000000e+00
78.87195174 30.21044646 -9.86176838 0.00000000e+00
78.70310645 30.23276116 -9.05472918 0.00000000e+00
78.62666248 30.41540924 -11.75118464 0.00000000e+00
78.75632197 30.25165118 -9.83515614 0.00000000e+00
78.67359360 30.47424237 -12.92512361 0.00000000e+00
78.77551250 30.32119698 -11.17983035 0.00000000e+00
78.54629157 30.40867986 -11.16257148 0.00000000e+00
78.44697329 30.56640959 -12.86672690 9.71350852e-04
78.41428232 30.61962247 -13.41948665 1.86668269e-02
78.51297542 30.46093145 -11.73793663 0.00000000e+00
78.75442087 30.48205910 -13.52846118 0.00000000e+00
78.85684978 30.33008393 -11.77989030 0.00000000e+00
78.52644728 30.57147368 -13.45871131 3.10873149e-03
78.65899820 30.59530440 -15.63449528 8.44831903e-02
79.20474421 30.20818409 -11.81464658 0.00000000e+00
79.12342257 30.19893399 -11.21676033 0.00000000e+00
79.01976193 30.34870874 -12.98587401 0.00000000e+00
79.67267817 30.14071983 -13.48025024 3.63158067e-02
79.43507097 30.12406114 -11.82372567 0.00000000e+00
79.36648116 30.22514588 -12.98840576 1.12599527e-03
79.35471041 30.11652735 -11.24155973 0.00000000e+00
79.25132058 30.26709709 -12.99560259 0.00000000e+00
79.56034167 30.18776547 -13.52648701 2.90661049e-02
79.57977146 30.25518833 -15.22169411 3.46088407e-01
79.44671906 30.23252747 -13.55772688 2.69374767e-03
79.51974854 30.31698159 -16.46057462 1.48112704e+00
79.33212353 30.27548806 -13.57797748 2.19580086e-03
79.46619791 30.30037483 -15.35069938 1.08357536e-01
79.17462466 30.44564028 -17.07439380 1.60061913e-01
79.35162883 30.34373696 -15.47498279 7.59441829e-02
78.77364631 30.55155747 -15.71127275 4.78986435e-02
79.10114376 30.35804279 -13.58538857 0.00000000e+00
78.98531999 30.39876646 -13.57495718 0.00000000e+00
79.00474619 30.46795210 -15.71789331 1.39792832e-02
78.43298361 30.68914432 -15.36921194 6.74021643e-01
78.48455813 30.70549371 -16.87465800 4.45432486e+00
78.88899195 30.50928789 -15.73634508 3.96167057e-02
78.94268039 30.52811530 -17.29433241 5.50662322e-01
78.54534966 30.64103366 -15.51691712 2.40014554e-01
78.39158717 30.82472977 -19.95946098 2.54981443e+01
78.71188040 30.61330287 -17.24647514 1.42977415e+00
78.82699422 30.57008698 -17.31359922 1.08223209e+00
79.23634652 30.38576102 -15.58698194 2.98220381e-02
79.07811620 30.55572481 -20.64630574 1.64590152e+01
79.42491278 30.42906410 -19.77310499 2.93819721e+01
79.40544865 30.36124469 -16.67838357 3.42168337e-01
79.65227691 30.33767291 -18.94916201 2.14639120e+01
79.69203825 30.20770757 -15.05808198 1.33596554e+00
79.19411476 30.51422156 -20.43194027 2.38367339e+01
79.29031602 30.40396367 -16.89275487 1.98328218e-01
79.84124927 30.29037282 -19.75211164 2.93648873e+01
79.85471766 30.17051362 -15.67046687 4.44203309e+00
79.87394858 30.23672990 -18.00747698 2.02098240e+01
79.96282608 30.11613120 -15.36208527 2.05700595e+00
80.26383738 30.05886289 -17.48596954 1.16771262e+01
80.40332594 29.73063520 -12.60260420 0.00000000e+00
80.12277458 29.98950357 -14.22521314 9.10891688e-02
80.23534064 29.80421939 -12.39342610 0.00000000e+00
80.32498527 29.86303260 -13.77717274 0.00000000e+00
80.33433575 29.73867669 -12.22699761 0.00000000e+00
80.01826620 30.04854080 -14.46472293 4.14602520e-01
79.99907627 29.98262072 -13.22315911 2.37274841e-02
80.22498798 29.92757567 -13.96390940 1.31831290e-02
80.49943921 29.66206335 -12.40731750 0.00000000e+00
80.27405894 29.93540978 -14.39523212 6.82037950e-02
80.52684515 29.60171568 -11.84536495 0.00000000e+00
80.42301377 29.79630029 -13.58036357 0.00000000e+00
80.59439767 29.59233580 -12.20742986 0.00000000e+00
80.70979283 29.58857582 -12.98196766 9.34164321e-02
80.78342073 29.45214742 -11.82270450 4.42284676e-03
80.51946537 29.72790452 -13.37746933 2.21648985e-03
80.61485430 29.65844373 -13.17480327 3.81123561e-02
80.46288376 29.92794502 -16.55259809 6.31379909e+00
80.47106013 29.80249603 -13.98939660 9.21995968e-03
80.77972085 29.66133093 -14.52930456 1.76219642e+00
80.80497825 29.51903074 -12.80393169 5.74084956e-02
80.87621953 29.59277351 -14.31537340 1.57272496e+00
80.85395860 29.52531779 -13.23513507 2.32507803e-01
80.49116181 29.86841189 -15.41159291 1.47782196e+00
80.56731730 29.73366727 -13.78289019 1.31661630e-01
80.39321144 29.93566006 -15.74389107 1.54641759e+00
80.37345525 29.86992888 -14.19385285 1.68746088e-02
80.37642045 30.10447984 -20.80917916 2.20558113e+01
80.36425579 29.99440241 -17.01248583 8.46854004e+00
80.08805909 30.12452226 -17.01646896 1.00726745e+01
79.49564537 30.74087259 -29.34177709 2.18245170e+01
80.69770680 29.84315321 -17.57978516 7.80891818e+00
80.68382932 29.73060492 -14.79133550 2.01411448e+00
80.16136805 30.12090334 -18.04916027 1.77495726e+01
80.09946357 30.23323512 -21.29173050 3.42612631e+01
80.27563910 30.16833695 -21.51062107 2.81238913e+01
79.70288724 30.57997283 -27.87532290 2.52177325e+01
80.17290942 30.22987701 -22.25795889 3.39337368e+01
79.09070529 30.66504316 -25.28959439 2.80771397e+01
79.36117782 30.71735549 -28.07166197 2.30593307e+01
79.94999260 30.23673142 -19.17341018 2.71873878e+01
79.59003527 30.62759612 -27.99727003 2.48629061e+01
80.06812308 30.28882190 -23.05753235 3.62088753e+01
79.99335117 30.29047925 -22.02901155 3.74024377e+01
79.85259353 30.39854672 -24.34440306 3.55719568e+01
79.30719452 30.69977930 -27.40492274 2.43293709e+01
79.77533100 30.39668645 -23.26337776 3.63221895e+01
79.76395323 30.28854060 -18.48178993 2.05606422e+01
79.66378504 30.44585197 -23.78902668 3.64513885e+01
79.88525603 30.34494826 -22.66959088 3.69088518e+01
79.96131466 30.34505283 -23.78055759 3.57703141e+01
79.73069820 30.34125546 -20.31824388 3.09516234e+01
79.74466370 30.22196436 -15.95179174 5.21508754e+00
79.27534360 30.52255687 -22.18750877 3.67412024e+01
79.39059959 30.47977092 -21.81268456 3.69938977e+01
79.05865176 30.48682805 -17.20850486 2.22458251e-01
78.92774501 30.64778087 -22.71312038 2.54706292e+01
78.94067335 30.75748212 -26.02787835 2.25547103e+01
78.96208988 30.59726749 -20.77499878 1.49582589e+01
78.82536178 30.80034130 -25.97240199 2.00320836e+01
78.81220021 30.69036749 -22.69324861 2.40940718e+01
78.59693025 30.89053784 -25.76123744 1.74480627e+01
78.73109070 30.68277203 -20.73234209 1.55924252e+01
78.61670084 30.72781823 -20.54743811 1.95814380e+01
78.69729300 30.73430448 -22.57367307 2.43213280e+01
78.48439450 30.93879387 -25.62236957 1.72679157e+01
78.58332321 30.78010129 -22.37495897 2.50676052e+01
78.40551058 30.93544493 -24.70727360 1.87004074e+01
78.47058041 30.82818051 -22.11815761 2.31816379e+01
78.39192924 31.05886968 -26.90104801 1.68412546e+01
79.05632917 30.71541018 -26.04225770 2.43759922e+01
78.85938192 30.74932127 -25.29739374 2.33756522e+01
78.97491778 30.70687906 -25.32714547 2.56843839e+01
78.89820329 30.88779432 -27.90384743 1.74385112e+01
79.17204899 30.67356575 -26.01078531 2.73968790e+01
79.07588837 30.78437745 -27.38229376 2.04394866e+01
79.32191922 30.58092623 -24.94992767 3.58517507e+01
79.19166143 30.74227251 -27.41442470 2.22846978e+01
79.40258326 30.58834153 -25.73493681 3.35983887e+01
79.20646446 30.62324596 -25.17167638 3.16822502e+01
79.28755676 30.63138728 -25.90560491 3.10890139e+01
79.61856095 30.38956121 -20.87375155 3.21288075e+01
79.42222124 30.65637614 -27.35735328 2.59988342e+01
78.96014984 30.82664904 -27.33515743 1.90651467e+01
78.68766687 31.04632290 -28.88589811 1.58249680e+01
79.24569705 30.76034737 -28.07463360 2.14441971e+01
79.55085024 30.49268553 -24.26696267 3.71157263e+01
78.74438274 30.79291992 -25.20958785 2.08928335e+01
78.84472531 30.86964488 -27.27157661 1.76936495e+01
78.71068147 30.84452566 -25.88177636 1.82597486e+01
78.46180062 31.14350073 -28.66264699 1.61461974e+01
78.72990157 30.91390487 -27.19240982 1.67504230e+01
78.65423242 31.09865581 -29.42417228 1.56872104e+01
78.63021462 30.83819319 -25.07338244 1.91832621e+01
78.61597528 30.95993437 -27.09936387 1.63818810e+01
78.51717260 30.88559598 -24.90158257 1.87558861e+01
78.44296580 31.07414691 -27.51209108 1.64635351e+01
78.54112668 31.14689267 -29.31150173 1.58319055e+01
78.47586623 31.25412104 -30.21647122 1.59670459e+01
78.57407728 31.09374201 -28.77828526 1.58576014e+01
78.50324093 31.00816884 -26.99989318 1.64428318e+01
78.66846077 30.97697137 -27.72214234 1.61762841e+01
78.55504506 31.02436986 -27.61723261 1.61482545e+01
78.78294751 30.93160521 -27.81939593 1.65847997e+01
78.80229614 31.00087840 -28.98611120 1.60847148e+01
79.01393508 30.84501583 -27.97446061 1.85582164e+01
79.03347773 30.91394837 -29.15877786 1.74944099e+01
79.26531788 30.82870427 -29.29174895 1.96950335e+01
79.72241717 30.64681981 -29.30521964 2.27756163e+01
79.38079974 30.78535708 -29.32858202 2.08765184e+01
79.98078194 30.41124115 -26.23974846 2.94806388e+01
79.57568017 30.74645273 -29.92389387 2.11615123e+01
80.34490940 30.24213019 -25.17348203 3.12142487e+01
79.91108289 30.59774548 -29.83816951 2.21647358e+01
80.29527476 30.23402557 -24.16190438 3.22618359e+01
79.83384425 30.59655533 -29.23175790 2.31140841e+01
79.76166912 30.51625563 -26.93968491 2.79667070e+01
79.64972710 30.56502297 -27.15357396 2.73371777e+01
79.47604138 30.67325069 -28.04600874 2.42464489e+01
79.53648599 30.61159904 -27.28366084 2.69043356e+01
79.63014406 30.49776597 -25.19739162 3.45978273e+01
79.92420420 30.47764341 -27.44687693 2.61958644e+01
79.81434587 30.53005457 -27.71158682 2.57547900e+01
79.51686795 30.54394807 -25.50953581 3.46073784e+01
79.43680197 30.53756248 -24.64946724 3.71635194e+01
80.40549948 30.04596843 -19.29515188 1.71838951e+01
80.39625319 30.17019269 -23.39940224 2.91213280e+01
80.36480478 30.30790421 -27.75645956 2.51773600e+01
80.59376510 30.03758825 -21.92639667 1.71096418e+01
80.26232536 30.37045531 -28.24986522 2.44013957e+01
80.44544391 30.17752652 -24.35533366 3.00636234e+01
80.08759704 30.35476455 -25.64637687 3.06471937e+01
80.12666973 30.48652981 -29.58514274 2.26107180e+01
80.56514306 30.17750406 -26.29618937 2.75852339e+01
80.64265316 30.04410788 -22.85071641 1.89531605e+01
80.03227880 30.42261272 -27.07704694 2.68738180e+01
80.05177735 30.48857668 -28.90673145 2.37137957e+01
80.24263917 30.30471821 -25.88789251 2.92604090e+01
80.23169161 30.42718476 -29.36653773 2.24151931e+01
80.33486975 30.36553422 -29.10685462 2.27423798e+01
80.27420030 30.47968040 -30.65670129 2.07880741e+01
80.95911391 29.90991260 -23.96030019 2.26548452e+01
81.03572329 29.77663953 -21.19685945 1.88553785e+01
80.66372603 30.11059761 -25.56868424 2.60353927e+01
80.74024296 29.97637480 -22.27548564 1.58338694e+01
81.26480460 29.72216995 -23.75709449 2.32010324e+01
81.13690591 29.71335045 -21.10268266 2.17433163e+01
81.34536325 29.59485062 -21.41149264 2.28586124e+01
81.29047526 29.58271576 -19.99466301 2.31730125e+01
81.61549933 29.42449493 -21.31678804 2.55487245e+01
81.56227499 29.48893091 -22.50904430 2.35960837e+01
81.67352446 29.44070295 -23.28408128 2.36835581e+01
81.69960233 29.51123219 -25.96798078 2.00765765e+01
81.95541727 29.29311920 -24.43573824 2.30405046e+01
81.92668087 29.42294566 -27.17030141 1.92624085e+01
82.16052322 29.14671577 -23.56153895 2.11379492e+01
82.01541500 29.31210573 -25.99644711 2.15251193e+01
82.04439666 29.18377147 -22.79617264 2.30223481e+01
81.90034473 29.35260434 -24.99896666 2.21527814e+01
81.81460815 29.26380992 -20.22283622 2.54004456e+01
81.84088779 29.33436912 -23.15878269 2.43502450e+01
81.72749572 29.37805046 -22.13367308 2.52368735e+01
81.92902559 29.22269210 -21.55460801 2.45749009e+01
81.24006250 29.65262015 -21.16656377 2.30383905e+01
81.47956728 29.40368911 -18.08834468 2.31127340e+01
81.18640575 29.64190175 -19.87951402 2.14662037e+01
81.37154523 29.45674143 -17.75882121 2.00861070e+01
80.69114584 29.96985728 -21.33617771 1.43573377e+01
80.86368915 29.76726072 -18.06557576 8.56755203e+00
81.08446972 29.70393511 -19.92017307 1.79765056e+01
81.16224423 29.57290637 -17.48756556 1.31546319e+01
80.75248757 29.72208779 -15.32032122 3.41604365e+00
80.79416178 29.77464977 -17.12179118 6.49611082e+00
81.26573982 29.51319210 -17.55540448 1.62398275e+01
81.35559323 29.34074958 -14.87284580 5.80074408e+00
81.19117771 29.51409758 -16.33535677 9.64329643e+00
81.24976251 29.39733710 -14.69052445 3.37476113e+00
80.65645254 29.79117472 -15.68598598 4.60133859e+00
80.76675788 29.83514548 -18.48660465 8.58021830e+00
80.60116087 29.91162704 -18.10155451 9.68223222e+00
80.67015398 29.90345470 -18.97857824 1.03678204e+01
80.94630155 29.58600584 -14.78779441 2.97684328e+00
80.95106509 29.45768079 -13.10244448 2.15567971e-01
81.68608570 29.19207756 -15.99203068 1.10365150e+01
81.62152019 29.29961066 -17.58035379 2.03321676e+01
81.79965708 29.14890987 -16.51805760 9.26097097e+00
81.73391563 29.25421043 -18.30592405 2.11617969e+01
81.40201270 29.40001945 -16.71966150 1.53754270e+01
81.57401505 29.23824825 -15.53305028 9.88369030e+00
81.91443965 29.10837538 -17.09640424 6.91636432e+00
81.84768662 29.21161408 -19.18188996 1.98632431e+01
81.94811906 29.05736066 -16.21830340 2.10552914e+00
81.96256763 29.17146607 -20.29993147 1.97196149e+01
82.03018882 29.07011173 -17.76314977 4.24820973e+00
82.07833889 29.13343175 -21.13749178 1.86472686e+01
81.39675713 29.52669903 -20.27078578 2.34657989e+01
81.51079089 29.34813622 -17.09706754 1.92611040e+01
81.50516664 29.47397939 -20.71138815 2.46714336e+01
81.58960155 29.35399434 -18.52785476 2.42252507e+01
82.42091300 29.14596923 -27.05964693 2.54855660e+01
82.51175373 29.04331829 -26.25566078 2.15004657e+01
82.53835158 29.11209470 -27.39920419 2.56717582e+01
83.21778943 28.84881975 -27.49489201 8.26214290e+00
82.53409525 28.88486424 -20.95080957 7.27329195e-01
82.39433477 29.07678559 -25.29533597 2.02013922e+01
82.65218629 28.85306549 -21.59677648 8.68950269e-01
82.54673117 28.99545988 -25.83182683 1.57185123e+01
82.14669446 29.03375711 -18.63997247 2.78672466e+00
82.15460429 28.91444621 -15.50232293 1.03678039e-01
82.78234978 28.93088343 -26.39353375 6.33327647e+00
82.62937260 29.01049832 -26.56579627 1.73258762e+01
82.31177275 29.06225973 -23.23946299 1.57983091e+01
82.38123924 28.96526489 -21.82776162 3.60453844e+00
83.35982456 28.66182385 -25.64474070 5.38328844e+00
83.59480002 28.41141807 -18.66419052 8.60223430e-01
83.33514624 28.81587890 -27.58598877 8.48456634e+00
83.68399568 28.49491344 -23.71739337 3.95869711e+00
83.25326498 28.80204497 -27.03755802 7.60909612e+00
83.32428593 28.70855726 -26.11285216 6.18447750e+00
82.88847821 28.79009215 -23.73781106 1.44601727e+00
82.86486460 28.94587280 -27.04573514 7.49044299e+00
83.00654588 28.75853220 -24.65020705 2.10315434e+00
82.89152044 29.01339295 -28.08679799 1.20179960e+01
82.85304333 28.83689956 -24.63555238 2.06995463e+00
82.77033681 28.82154076 -22.55661609 9.91978511e-01
83.10026029 28.88138435 -27.37711210 7.47354474e+00
83.07139652 29.00069705 -28.82121030 1.04315170e+01
83.01801334 28.86684177 -26.78867219 5.73489275e+00
83.00928595 28.98081334 -28.25570720 9.13074944e+00
83.47913560 28.84817594 -28.64589370 8.97175967e+00
83.37062215 28.76905128 -27.11915370 7.72420165e+00
82.98260404 28.91369476 -27.23279393 6.82747814e+00
82.90020869 28.89888855 -26.61410789 5.39105015e+00
82.66450145 28.96301069 -26.13487526 1.05666017e+01
82.65598835 29.07885526 -27.67168075 2.46335207e+01
82.19479986 29.09715088 -21.93639922 1.59725578e+01
82.15777122 29.34338121 -28.04250830 1.99076836e+01
82.30377432 29.18073250 -26.69943042 2.50122431e+01
82.40461351 29.38177413 -30.31688988 2.13814539e+01
82.23999940 29.35591846 -28.93882233 2.01038323e+01
82.36489323 29.20101810 -27.45934473 2.65268513e+01
82.50880917 29.23509547 -28.93414762 2.83899904e+01
82.35678128 29.31928155 -29.21476946 2.27486997e+01
82.39140060 29.27010137 -28.68703150 2.55071255e+01
82.48228368 29.16641593 -27.78775431 2.71017767e+01
82.24786266 29.23664364 -27.10996335 2.40050078e+01
82.13131545 29.27356238 -26.67087052 2.19557604e+01
82.83562697 29.06633953 -28.50260133 1.99415731e+01
82.77373205 29.04601109 -27.89044850 1.90814279e+01
82.94472763 29.14788303 -30.05674286 2.64096005e+01
82.95353495 29.03353127 -28.67808401 1.27033354e+01
83.09804053 29.06737091 -29.76606818 1.40710539e+01
83.18031461 29.08111339 -30.26138442 1.43554933e+01
83.29797172 29.04751358 -30.34095428 1.29854771e+01
83.30680141 28.93445951 -29.03130844 1.09475718e+01
83.54333493 29.08624487 -31.62358703 1.01903616e+01
83.41547273 29.01359708 -30.40631167 1.13769613e+01
83.80221300 28.86172438 -30.13478053 7.09229594e+00
83.46171295 29.07361283 -31.21571995 1.12788048e+01
83.77521655 28.79679209 -29.23352781 6.75251973e+00
83.88331710 28.87330544 -30.54421248 6.83125388e+00
83.68540461 28.89719270 -30.10797536 8.03836312e+00
83.76672779 28.90917910 -30.52647666 7.53622416e+00
83.99963894 28.83686585 -30.55107375 6.41420661e+00
83.89345386 28.97994688 -31.69625941 7.28085817e+00
84.23144828 28.76225403 -30.53649921 7.42525800e+00
84.40691316 28.55697628 -28.60598156 8.74541662e+00
84.27656842 28.82082211 -31.30953964 9.34371898e+00
84.38210928 28.67565983 -30.09663652 1.00335411e+01
84.97886321 28.35935997 -28.14630343 1.31512878e+01
84.61227498 28.59768724 -30.00694515 1.22585213e+01
84.23925869 28.64964334 -29.20548496 6.39007547e+00
84.95024291 28.29461936 -27.01310994 1.14541271e+01
84.58436549 28.53335368 -29.04689785 1.08307064e+01
84.49729508 28.63686059 -30.05710766 1.12457743e+01
84.46957054 28.57257343 -29.11451380 9.82583782e+00
84.26667958 28.71399134 -30.12651609 7.67794770e+00
84.12368896 28.68735371 -29.23174707 5.71521245e+00
84.41425381 28.44408647 -26.98759172 7.33005169e+00
84.06118981 28.67082411 -28.72645911 5.52863890e+00
83.82922377 28.74363506 -28.74107698 6.13771168e+00
84.00782735 28.72446207 -29.24462346 5.84262245e+00
83.91875365 28.82568047 -30.14966183 6.49018191e+00
83.45103977 28.96650099 -30.01543436 1.06489485e+01
83.59609566 28.81391537 -28.69434762 7.81426005e+00
83.80218148 28.67870296 -27.73856489 5.68605645e+00
83.45228985 28.78245605 -27.65302427 8.09922773e+00
83.54148786 28.86668364 -29.16519946 8.81727386e+00
83.60462073 28.70142362 -27.21488594 6.52105884e+00
83.91823048 28.64282225 -27.72967735 5.32005059e+00
83.83750604 28.63126953 -27.23389245 5.22731287e+00
83.68583064 28.71391646 -27.72597114 6.35844039e+00
83.79196506 28.57205374 -26.22747623 4.77232837e+00
83.59417118 28.59460783 -25.72407675 5.30236678e+00
83.56919209 28.74848440 -27.70051099 7.20093198e+00
83.44161990 28.67539059 -26.17651138 6.25312509e+00
83.48774876 28.73552886 -27.17849341 7.29021735e+00
84.26450931 28.53118601 -27.61453095 5.60155800e+00
83.94341601 28.48855144 -25.67820198 4.40139058e+00
84.71239768 28.26669568 -25.39204105 8.84552020e+00
84.03396968 28.60627002 -27.70508483 5.13669594e+00
84.75699539 28.32522305 -26.66369579 9.97502464e+00
84.82633034 28.22637363 -25.20107323 8.74572061e+00
84.28964724 28.37590894 -25.41994338 4.89223071e+00
84.13945469 28.46233227 -26.10482866 4.52349172e+00
84.35454496 28.61136220 -29.16134626 8.57613429e+00
84.49387389 28.45373086 -27.47288637 8.57773058e+00
84.29952127 28.48279537 -27.06009915 5.59792112e+00
84.29195649 28.59549751 -28.65787793 6.80900245e+00
84.64294430 28.36518874 -26.78900710 9.26240466e+00
84.63609958 28.47855607 -28.46073257 1.05871438e+01
84.14939334 28.56904678 -27.67118356 5.10114494e+00
84.06914986 28.55837792 -27.17987705 4.88247566e+00
85.09318692 28.31998132 -28.02738315 1.28463949e+01
85.06426778 28.25493503 -26.87857913 9.60822744e+00
84.83628882 28.33456090 -27.14368201 1.09621018e+01
84.81346492 28.45409678 -28.87741718 1.22985380e+01
85.40837278 28.14123411 -26.48273580 7.47944780e-02
85.21324391 28.16645325 -26.09139007 2.12057312e+00
84.72229742 28.37451673 -27.26914736 1.02867571e+01
84.75041971 28.43887360 -28.36743152 1.14100899e+01
85.17850880 28.21584194 -26.73587192 5.42492625e+00
85.31767202 28.01855711 -23.55142995 4.48763686e-03
84.87094158 28.28512061 -26.52543756 1.04992694e+01
84.86096058 28.17680292 -24.32092854 6.76657312e+00
85.08876303 28.09621956 -23.90921071 1.23114441e+00
84.94020646 28.18602356 -25.01956829 6.82836945e+00
85.55982817 28.05908804 -25.74771717 2.52982312e-02
85.54938433 27.94822325 -23.34386917 1.32242627e-02
85.98872639 27.89261664 -24.42012653 2.49833767e-01
85.78540636 27.89087311 -23.38263482 3.98688262e-02
86.22130095 28.08711414 -28.56804134 1.95016927e+01
85.87877754 28.02348791 -26.36714220 1.56495938e-01
85.85871844 28.14049016 -28.21163727 2.48499021e-01
85.64145416 28.07543848 -26.33128933 4.52541301e-02
85.73944943 28.16564022 -28.18111076 1.54282431e-01
85.52441807 28.10690033 -26.38843277 2.72345873e-02
85.91043512 28.09308210 -27.62179003 2.74023181e-01
86.03571790 27.96076050 -25.89665217 2.17135917e+00
85.79089814 28.11638355 -27.56736826 1.50632757e-01
85.91530954 27.97937081 -25.77725070 1.50812164e-01
85.55490009 28.17419769 -27.60612461 6.00507008e-02
85.77073129 28.23452777 -29.34501005 2.65263769e-01
85.43842364 28.20781645 -27.68338831 2.16175762e-01
85.73454758 28.28053334 -29.88158431 3.67341588e-01
85.32277970 28.24372378 -27.78458958 3.22528748e+00
85.38247639 28.37644751 -29.99163467 1.29670631e+01
85.50400329 28.22654131 -28.25414374 1.92039343e-01
85.15138826 28.45068192 -30.13344877 1.72646974e+01
85.38769782 28.26120761 -28.33772327 2.90357901e+00
85.20776962 28.28129764 -27.90257411 9.21926131e+00
85.07133460 28.44002956 -29.70921305 1.56681195e+01
85.27213157 28.29786765 -28.44073804 9.15310425e+00
84.92790917 28.41437810 -28.77406827 1.32079645e+01
84.84182041 28.51869469 -29.87345366 1.35358066e+01
85.03642128 28.48933596 -30.20645828 1.57646265e+01
85.15709458 28.33591446 -28.55411639 1.36766153e+01
84.92163230 28.52850204 -30.27548040 1.45576160e+01
84.72709531 28.55824940 -29.94536766 1.28848930e+01
84.96657659 28.58778321 -31.09171061 1.53608040e+01
85.30177071 28.36392180 -29.53251366 1.39994499e+01
85.08146948 28.54904251 -31.03719302 1.66895636e+01
85.53447542 28.29391017 -29.39057805 9.48455595e-01
85.27698286 28.52269307 -31.33307117 2.07411576e+01
85.61627199 28.30969098 -29.89629672 6.37516031e-01
85.67236585 28.14352141 -27.56394722 9.46229746e-02
85.65210509 28.26260073 -29.35180470 2.83291621e-01
85.90064673 28.32113096 -30.84030934 3.21894978e+00
85.89033851 28.21005684 -29.37788005 7.15662921e-01
86.02099210 28.30014208 -30.88935573 1.65984560e+01
85.97397033 28.23277861 -29.94698533 4.67331019e+00
86.70480789 28.15823028 -30.66570715 1.47308250e+01
86.62011434 28.12753894 -30.16631302 1.48083350e+01
86.14200478 28.28248213 -30.95928060 2.55412969e+01
86.13197830 28.17203926 -29.55444560 2.27863880e+01
86.49779754 28.13603956 -30.00205037 1.54218023e+01
86.25363046 28.15777279 -29.68801173 1.96978121e+01
86.58731546 28.05727622 -29.14146548 1.44676630e+01
86.46025056 28.17542556 -30.38814982 1.59633381e+01
86.46514540 28.06552480 -28.94679140 1.49749303e+01
86.37560927 28.14595335 -29.84067644 1.65473826e+01
86.09984108 28.10154874 -28.41134679 1.92871816e+01
86.09487921 28.21427669 -30.02661588 2.27487610e+01
86.15186345 28.05776816 -27.86683974 1.97453266e+01
85.97890722 28.11916699 -28.29093686 1.42359467e+00
86.70956524 28.05010472 -29.33871055 1.42006222e+01
86.82718582 28.15095033 -30.79953889 1.44295942e+01
87.00541316 27.99977288 -29.19732145 1.37441678e+01
86.86494069 28.11317391 -30.46224586 1.42578433e+01
87.44335245 28.01326715 -30.11746773 1.37318375e+01
87.35472330 28.08746763 -30.86240324 1.39012329e+01
86.88327703 28.00548164 -29.03439924 1.38259400e+01
86.74250686 28.12003174 -30.32690873 1.44750288e+01
87.37176270 27.98231447 -29.61212769 1.35965992e+01
87.10985008 28.10037363 -30.67762457 1.40082667e+01
87.11871928 28.20543884 -31.78540103 1.42955954e+01
86.98739419 28.10670219 -30.57323930 1.41035202e+01
87.23229663 28.09401310 -30.77423938 1.39380547e+01
87.19441357 28.13102845 -31.11061148 1.40376528e+01
87.72180974 28.06581810 -31.07221071 1.18532156e+01
87.48561779 28.18402361 -32.03000049 1.42147865e+01
87.80991642 27.99154609 -30.34674535 1.20862735e+01
87.56151045 28.11023834 -31.35098817 1.40935632e+01
87.80606654 28.09463969 -31.46636163 1.23194208e+01
87.60786118 28.17637567 -32.09491382 1.43263128e+01
87.84409282 28.05781412 -31.12336995 1.24277920e+01
87.69209538 28.20531432 -32.49363513 1.45738221e+01
88.41695511 28.05171354 -31.60334818 1.86938319e+01
88.09647799 28.14266329 -32.27005929 1.51310284e+01
88.42019170 27.94939408 -30.50531437 7.95135770e+00
88.57735264 28.00704923 -31.25179421 4.16750463e+00
88.66135666 28.03587753 -31.60836483 3.01371579e+00
88.94424352 27.98653050 -31.23789131 2.49761853e-01
88.66432497 27.93359692 -30.50725996 5.71208318e-01
88.69961080 27.99956549 -31.24998549 1.19168157e+00
88.34723900 27.92039240 -30.11373923 9.71283069e+00
88.33293145 28.02350739 -31.23960121 2.17856256e+01
88.59095500 27.90411533 -30.12323633 8.10505074e-01
88.53913915 28.04353782 -31.60845210 7.99792640e+00
88.29815948 27.95786527 -30.49345348 1.76201143e+01
88.21074383 28.03216604 -31.22306519 2.03809872e+01
88.22540118 27.92893048 -30.09505416 1.98097281e+01
88.08855090 28.04087603 -31.19847640 1.54452169e+01
87.96633787 28.04947215 -31.16535927 1.34677572e+01
88.05047364 28.07771666 -31.54581932 1.47037518e+01
87.56558164 28.00646971 -30.20639098 1.38242821e+01
87.47712201 28.08063145 -30.94166051 1.39349736e+01
87.68380857 28.10263154 -31.41319835 1.32310084e+01
87.68777044 27.99922913 -30.28247648 1.20742958e+01
87.09412704 27.92530195 -28.27664553 1.34578406e+01
87.07648927 28.03169342 -29.78360396 1.38236243e+01
87.74158765 27.85854726 -28.46318001 1.11916130e+01
87.61585746 27.96908677 -29.81828573 1.35403854e+01
87.86341740 27.85108533 -28.54116714 1.22656711e+01
87.73784350 27.96178649 -29.90000280 1.15133791e+01
87.94731376 27.87986430 -29.09925734 1.36428667e+01
87.85978632 27.95404301 -29.96801156 1.23408732e+01
88.06903821 27.87165874 -29.14867509 1.81010496e+01
87.98168835 27.94591447 -30.02297668 1.37916775e+01
88.10695209 27.83494384 -28.64457498 1.83243171e+01
88.17613053 27.96648337 -30.47248897 2.05077121e+01
88.83741507 27.78762272 -28.63104002 5.52538350e-02
88.67752600 27.83075246 -29.19757609 1.45519720e-01
88.79929015 27.82374645 -29.18172486 8.86954178e-02
88.71561021 27.79444853 -28.65511495 1.00324119e-01
88.55579757 27.83833709 -29.20810386 3.77387467e-01
88.47210426 27.80979615 -28.68279999 5.22483342e-01
88.31241540 27.85474635 -29.20378927 6.26122365e+00
88.46441764 27.70821835 -27.09803056 1.36428070e-01
88.19073402 27.86322999 -29.18360319 1.47613181e+01
88.10355589 27.93749399 -30.06513811 1.73887437e+01
87.73327961 27.75608499 -26.91210347 1.08582447e+01
87.70374375 27.89512139 -28.95113445 1.11196269e+01
87.45142681 27.80504374 -27.16023352 1.30321519e+01
87.33806792 27.91440903 -28.60085874 1.33755055e+01
87.32937813 27.81049836 -27.01081784 1.30285837e+01
87.25384402 27.88340700 -27.96668084 1.32821397e+01
87.08520005 27.82022678 -26.64571859 1.31331416e+01
87.00979903 27.89360855 -27.60671030 1.33750866e+01
87.00078622 27.78810246 -25.96089056 1.30795834e+01
86.88776322 27.89861874 -27.40370295 1.34034449e+01
86.87863121 27.79243546 -25.73230800 1.30722575e+01
86.76573403 27.90385535 -27.18439639 1.34329203e+01
87.13182925 27.88859831 -27.79319561 1.33295577e+01
86.95417176 28.03758021 -29.65086875 1.39128130e+01
87.21610814 27.91998817 -28.44674681 1.34100077e+01
87.12754616 27.99411742 -29.34840280 1.36687709e+01
86.97213402 27.93050764 -28.09218506 1.35078220e+01
86.83185802 28.04363092 -29.50941156 1.40367441e+01
86.85013939 27.93578961 -27.89236984 1.35594363e+01
86.76115269 28.01148443 -28.85850641 1.39416475e+01
86.58248285 28.16626766 -30.52709858 1.51742921e+01
86.63905845 28.01804465 -28.65266142 1.41048491e+01
86.48432069 27.95483212 -27.22510186 1.39015875e+01
86.34311121 28.07529372 -28.75097289 1.61166168e+01
86.64372875 27.90960664 -26.95038328 1.34607482e+01
86.51702284 28.02549428 -28.44699207 1.44111859e+01
86.11968039 27.98718190 -26.61118346 1.72102191e+01
86.03082656 28.07365643 -27.72456455 6.04816312e+00
86.36254461 27.96345905 -27.00530581 1.46129083e+01
86.27333540 28.04482399 -28.04503738 1.72352073e+01
86.23111184 27.86414479 -24.84995785 1.55520107e+01
86.15675028 27.94574525 -26.06204751 1.74378305e+01
86.75648057 27.79696521 -25.45927417 1.30405385e+01
86.52177184 27.91619523 -26.71423378 1.35585602e+01
86.59678826 27.83977348 -25.66224774 1.30729546e+01
86.51226197 27.80785512 -24.82745602 1.28210426e+01
86.10967985 27.87674375 -24.60987858 1.18287690e+01
85.63596539 27.84950788 -21.47265698 1.26236332e-02
86.28800081 27.71206572 -22.01007621 1.28284268e+01
86.02561929 27.85003635 -23.68248889 3.11016373e-01
86.16662102 27.72225380 -21.66321969 1.08046750e+01
85.80560328 27.77371558 -20.81675316 3.07264477e-02
86.35775523 27.74394331 -22.98818346 1.22374058e+01
86.39025731 27.81501689 -24.51540803 1.28707432e+01
86.11465757 27.76463251 -22.31475021 5.90940668e+00
86.13442924 27.65130902 -18.88175629 7.21143380e-01
86.53599867 27.58943181 -20.03212527 1.31470177e+01
86.40959933 27.70425645 -22.37595396 1.20380538e+01
85.92518199 27.75246063 -21.06874702 4.62346590e-02
86.01364893 27.66500211 -18.56009425 5.25974133e-02
86.86359807 27.61541170 -22.25142941 1.28897972e+01
86.53131952 27.69818827 -22.74836887 1.23956284e+01
87.35025153 27.60137765 -23.43786107 1.25168551e+01
87.01857290 27.68183345 -24.08725397 1.28284979e+01
87.50571083 27.66441592 -25.03211411 9.89921550e+00
87.26219232 27.67401699 -24.61558093 1.26884674e+01
87.33351788 27.70614772 -25.35677653 1.27383298e+01
87.12293458 27.78372975 -26.17112281 1.30592544e+01
86.77491827 27.68918183 -23.47451063 1.27364856e+01
86.71886650 27.83427517 -25.94289982 1.31309453e+01
87.21154713 27.71064995 -25.14798374 1.28193560e+01
87.14039117 27.67808155 -24.36364694 1.27811636e+01
86.60154580 27.73132993 -23.71133653 1.26038302e+01
86.63434988 27.80199177 -25.14588853 1.29259628e+01
87.57343844 27.79907511 -27.29043187 1.14063051e+01
87.61971242 27.86551066 -28.36740601 1.08462373e+01
87.87067157 27.64540589 -25.43869698 1.57515814e+01
87.61128841 27.76268331 -26.80898883 1.01445291e+01
88.06103456 27.76986081 -27.59813263 1.56076726e+01
87.93920255 27.77787050 -27.55167639 1.50216039e+01
88.09897470 27.73319711 -27.09170394 8.23557943e+00
88.06450403 27.66732061 -26.04931115 5.98748025e+00
88.22079933 27.72488100 -27.11161083 2.69774679e+00
88.18618212 27.65913944 -26.06902374 1.23602285e+00
88.30461269 27.75315475 -27.63718408 1.40557058e+00
88.18283331 27.76156513 -27.62659565 5.69703739e+00
88.34260812 27.71649050 -27.11295154 5.09105310e-01
88.23521848 27.62172771 -25.54937406 3.86339359e-01
88.47814273 27.60519713 -25.49933770 4.52396026e-02
88.30783752 27.65080145 -26.06772861 2.53163560e-01
88.70809837 27.69275526 -27.04091315 3.07863584e-02
89.05001934 27.50442434 -23.83513036 0.00000000e+00
88.35668074 27.61340968 -25.53594279 8.80495722e-02
88.42948658 27.64249900 -26.04785234 8.14534612e-02
87.99222703 27.63789722 -25.50725747 7.57475091e+00
88.07921295 27.56404718 -24.23818893 7.78475831e-01
87.94278960 27.67517160 -26.00419956 1.53698579e+01
87.95783995 27.57176467 -24.19981910 4.46279655e+00
87.69921974 27.68936443 -25.82683868 1.05520421e+01
87.62741241 27.65871355 -25.19978806 9.86995857e+00
87.57736165 27.69556889 -25.69603315 1.04696991e+01
87.63112077 27.55536963 -23.14477055 9.78207544e+00
87.45545866 27.70114747 -25.53798485 1.13143626e+01
87.47185806 27.59676926 -23.65770508 1.10518238e+01
87.82102922 27.68254774 -25.92916985 1.28954187e+01
87.83641925 27.57897172 -24.12037970 1.29811593e+01
87.59342586 27.59151418 -23.84836486 9.51244587e+00
87.58492529 27.48867141 -21.57504080 1.03321963e+01
87.99559744 27.53528077 -23.43844593 1.31607629e+00
88.23043182 27.41774268 -21.08005953 1.73611867e-02
88.47330134 27.40133518 -20.97850956 0.00000000e+00
88.35969096 27.51110016 -23.42187073 3.37501557e-02
88.59474261 27.39337309 -20.91332479 0.00000000e+00
88.48102734 27.50291921 -23.36704804 1.23645498e-02
88.72375333 27.48753868 -23.22653926 2.03905893e-03
88.96424159 27.57667403 -25.24914866 3.52173086e-03
88.59962048 27.59728213 -25.44386430 2.01750985e-02
88.67283011 27.62676998 -25.95998726 2.00703114e-02
88.67824335 27.42218367 -21.66330666 0.00000000e+00
88.60237714 27.49500847 -23.29957470 4.66732584e-03
88.60790308 27.29036514 -16.10991590 0.00000000e+00
88.19260216 27.45433567 -21.88064831 5.10007770e-02
88.11699213 27.52747798 -23.45976728 2.17758692e-01
88.20054811 27.55597350 -24.24354444 1.41672644e-01
87.37919627 27.46179407 -20.09227646 1.23374202e+01
87.22861445 27.60541545 -23.18578458 1.29191284e+01
87.39573904 27.35752272 -15.76250322 1.20461807e+01
87.25741802 27.46531845 -19.50061911 1.29349660e+01
87.22387810 27.39657905 -16.72504447 1.25709759e+01
87.13561679 27.46826894 -18.81253364 1.30577453e+01
87.21977227 27.50112346 -20.45640043 1.30793560e+01
87.14454038 27.57295012 -22.25577771 1.32427834e+01
86.61552548 27.40701848 -13.38472688 1.19141171e+01
86.85442630 27.50921969 -18.84684805 1.37085952e+01
87.01380022 27.47079148 -18.04252420 1.31429970e+01
86.65768610 27.58539018 -20.80364454 1.30268009e+01
87.09800158 27.50410649 -19.95379317 1.32543054e+01
86.90111581 27.57904526 -21.62050797 1.33249967e+01
86.97621746 27.50674086 -19.39509071 1.39865565e+01
86.77939671 27.58203864 -21.26649584 1.35544232e+01
87.02283284 27.57609310 -21.95181923 1.34289028e+01
86.72353071 27.72666386 -24.06784818 1.27871470e+01
87.08955427 27.71476696 -24.91377579 1.28912579e+01
87.10695461 27.60898734 -22.90123726 1.28686495e+01
86.96754790 27.71866791 -24.65977296 1.29403038e+01
86.98528011 27.61225793 -22.58770709 1.31924757e+01
86.74191787 27.61872759 -21.89458382 1.26787086e+01
86.65310363 27.69331606 -23.11692184 1.25487031e+01
85.99370294 27.77961973 -22.02593795 1.14813482e-01
86.05051547 27.62319586 -16.75503811 4.92043555e-02
86.23606643 27.75296201 -22.64279088 1.36434982e+01
86.29283374 27.60154392 -18.11911194 1.17955611e+01
86.49861637 27.62710963 -20.75343443 1.24545671e+01
86.48910175 27.51876834 -17.18280127 1.26306774e+01
86.62025080 27.62250086 -21.43264501 1.29858449e+01
86.61085522 27.51488224 -17.97589053 1.34044729e+01
86.37705063 27.63304094 -20.07974583 1.19263326e+01
86.36740896 27.52399858 -16.19269809 1.20333881e+01
85.93009372 27.63935141 -16.47289606 2.62313263e-02
86.18134508 27.38848704 -11.06870563 5.15201748e-02
86.25561874 27.64088616 -19.43721281 1.17430620e+01
86.28310329 27.49206002 -14.34656482 7.68031115e+00
85.89352303 27.68268420 -18.29395383 3.13229410e-02
85.91993087 27.52842628 -12.91067774 1.33714054e-02
85.77430980 27.70477260 -18.04924725 1.27621933e-02
85.76398482 27.59364806 -13.49851562 3.66730747e-03
85.41320887 27.68534293 -13.44266061 0.00000000e+00
85.45859175 27.74730826 -15.94492437 0.00000000e+00
85.30358114 27.60693039 -11.14057336 0.00000000e+00
85.41812514 27.56983904 -11.04113872 0.00000000e+00
85.19486072 27.87110158 -17.91252123 0.00000000e+00
85.42360779 27.79587214 -17.68188434 0.00000000e+00
85.11575601 27.86108799 -16.25999940 0.00000000e+00
85.07121512 27.80172903 -13.75779898 0.00000000e+00
84.74190351 28.03330929 -18.49877189 4.25670389e-01
84.84507794 27.88406812 -13.99564264 0.00000000e+00
84.77631817 27.98365623 -16.65586964 7.39944860e-02
84.59831774 28.30678731 -25.57487035 8.19583419e+00
84.85505322 27.99241253 -18.37819357 1.07641187e-01
84.65647139 28.13814060 -21.59481951 4.05423611e+00
84.96816114 27.95152032 -18.25040519 2.37342011e-02
84.76996727 28.09755923 -21.40825852 2.62434702e+00
85.00250880 27.90162492 -16.41441234 0.00000000e+00
84.88334563 28.05681556 -21.24015672 1.13095616e+00
85.30885885 27.83252625 -17.76819376 0.00000000e+00
85.22405022 27.93643778 -20.68019963 0.00000000e+00
85.33319413 27.67302364 -12.70106725 0.00000000e+00
85.34355352 27.78328692 -16.00645257 0.00000000e+00
85.65621814 27.73128926 -17.81688117 7.97772633e-03
85.45358544 27.86232855 -20.41718412 4.40766900e-03
85.53933829 27.76187599 -17.68428756 7.63828901e-04
85.43306344 27.98213002 -23.41163304 1.05112181e-02
85.74920262 27.93636570 -24.21763837 4.08671094e-02
85.56975502 27.82906739 -20.43885115 1.02206738e-02
85.87345065 27.79860614 -21.80385560 4.47754481e-02
85.66681226 27.91759469 -23.33868821 1.82883271e-02
85.75414388 27.82192268 -21.60728225 2.47566032e-02
85.68708555 27.79933218 -20.57625456 1.41830272e-02
85.51897756 27.88096023 -21.43478774 9.70883822e-03
85.28282295 28.06780747 -24.50182768 5.11626571e-02
85.40308644 27.91558223 -21.48827260 4.41647771e-03
85.33842238 27.89836109 -20.51471400 0.00000000e+00
85.79575892 28.00201488 -25.71182935 6.64475042e-02
85.86849356 27.91240548 -24.28693430 5.87692271e-02
85.32802031 28.12866648 -25.95442498 1.18543626e-01
85.39797505 28.03083966 -24.35709085 1.08463175e-02
85.09892270 28.20540853 -26.23861017 6.17946011e+00
85.20298518 28.05679878 -23.72198086 8.14862395e-02
85.05413920 28.14589739 -24.83931460 3.50178840e+00
84.26226186 28.31165779 -23.52749768 4.41954653e+00
85.17378820 27.99135987 -21.81936921 3.11533875e-02
84.99671468 28.01614740 -21.07326965 2.39993469e-01
85.11021882 27.97587481 -20.88117029 2.77847891e-02
84.94625449 28.07163279 -22.22566402 1.38692104e+00
84.83266652 28.11231296 -22.42731942 3.43262578e+00
83.82732727 28.52463768 -25.71349108 4.45785176e+00
84.71901899 28.15295852 -22.64845736 5.25459924e+00
83.96972132 28.37050759 -22.33998940 3.63793949e+00
85.05990512 28.03118762 -22.02896821 2.31418045e-01
85.08136826 27.91094301 -18.08947888 0.00000000e+00
84.49118691 28.23334941 -23.11278954 5.97435118e+00
84.62860639 28.07397891 -18.62669065 8.40789374e-01
84.40440330 28.33701150 -25.22434189 6.05973274e+00
84.54277397 28.17837224 -21.77811999 4.84567992e+00
84.48402595 28.34650100 -25.74280403 7.34215337e+00
84.60521596 28.19335728 -22.88533992 6.31623458e+00
84.17457289 28.41416236 -25.55522413 4.47713268e+00
84.32193955 28.14445371 -17.15609173 8.52928836e-01
84.36947182 28.38571643 -25.89194691 5.99951305e+00
84.42881685 28.21811930 -21.95007654 4.82760717e+00
84.51886505 28.29753745 -25.01152395 7.14574136e+00
84.52871439 28.40485038 -26.89570369 8.36933733e+00
84.18449233 28.52091015 -27.13164224 4.92641548e+00
84.25462269 28.42434952 -26.02760591 4.88520930e+00
83.62170497 28.47677164 -22.11283000 3.21830896e+00
83.67548240 28.60718456 -26.23148391 5.21215552e+00
84.05916405 28.45171918 -25.62725718 4.33474846e+00
84.14730739 28.34981605 -23.65731627 4.21307866e+00
83.47713492 28.62853696 -25.69757703 5.54651748e+00
83.55869264 28.64161436 -26.21393400 5.90151928e+00
84.02395842 28.49962812 -26.16276426 4.52722269e+00
84.08501944 28.33351053 -22.30608403 3.75549875e+00
83.90812637 28.53620222 -26.20210462 4.59132135e+00
83.91634891 28.42390632 -23.75626390 3.91801593e+00
83.86222266 28.29443124 -17.14824985 8.06207518e-01
83.73805454 28.44213508 -22.25196570 3.41345229e+00
84.03200375 28.38724002 -23.72642040 3.88572104e+00
84.05782536 28.26905529 -19.08001942 2.42576151e+00
83.38805803 28.54381153 -21.54791002 1.41403832e+00
83.63013979 28.36447987 -16.86271142 5.49502561e-01
83.47817819 28.44499898 -18.38301796 5.27531687e-01
83.50301629 28.29138407 -12.98924558 8.07370843e-03
83.50503082 28.51064727 -21.87452269 2.59471285e+00
83.56731766 28.52926542 -23.61923569 4.09514229e+00
84.19996260 28.29575576 -22.23725236 4.17842258e+00
84.54966764 28.06506341 -16.91149155 3.55714519e-01
84.31455526 28.25727164 -22.10550814 4.43398148e+00
84.37688110 28.27281417 -23.33034882 5.10580833e+00
84.51508260 28.11424378 -18.77240048 1.22605144e+00
84.08286919 28.11436732 -13.54442899 7.49501136e-02
84.65322178 27.91681484 -13.36335292 3.37336839e-03
84.43596298 28.10507026 -17.05096137 5.96821644e-01
84.42612153 27.99790985 -13.50531272 6.09297755e-03
84.50523888 28.00691395 -14.29547537 2.59873367e-02
84.39143084 28.04688573 -14.39988978 5.51175421e-02
84.45014905 27.87879351 -11.02993801 1.09569428e-03
84.17266819 28.23144194 -19.04729903 2.56281571e+00
84.31208094 28.03750384 -13.54855470 2.50213605e-02
84.09282768 28.22104322 -17.24129833 1.00392425e+00
84.28473900 27.97336433 -11.83359152 1.94027638e-03
83.94261572 28.30587781 -19.06633370 2.06937150e+00
83.93254640 28.19927350 -14.40508397 3.09950994e-01
83.82703256 28.34187128 -18.98411051 1.63639873e+00
83.81685669 28.23526281 -14.30421173 2.36927935e-01
83.58435510 28.30464472 -14.00436706 5.23242817e-02
83.51357007 28.39825968 -16.67909147 2.66962360e-01
83.76292361 28.10540932 -10.67148830 5.60765878e-04
83.61974257 28.25775138 -13.13074223 2.68692518e-02
83.38595499 28.32419338 -12.82496190 0.00000000e+00
83.46757129 28.33806075 -13.86249090 9.70318324e-03
84.10836826 27.99604815 -10.92510389 9.50678637e-04
84.16275280 28.12469482 -14.48615285 1.94337123e-01
83.96767372 28.15153860 -13.48877633 1.09965097e-01
84.04784297 28.16240414 -14.47167136 2.57605670e-01
83.64697151 28.14001204 -10.56373736 5.18523258e-04
84.11600988 27.88350321 -8.90828882 0.00000000e+00
83.59286120 28.19241330 -11.34933543 6.38284590e-04
83.88649109 27.95758907 -8.77708379 0.00000000e+00
83.87848363 28.06988684 -10.76174061 0.00000000e+00
84.19543213 27.89357277 -9.54143890 0.00000000e+00
83.41393023 28.20644671 -10.31458180 0.00000000e+00
83.53905042 28.06140147 -8.49004302 0.00000000e+00
84.51220595 27.89358990 -11.82808310 1.33686047e-03
84.75094417 27.58329008 -7.45488545 0.00000000e+00
84.73840047 27.81137852 -11.71638594 0.00000000e+00
84.87313363 27.64945705 -9.34868060 0.00000000e+00
84.67620895 27.79706527 -10.96341601 0.00000000e+00
84.79498124 27.64134508 -8.75207122 0.00000000e+00
84.53982030 27.95764318 -13.43159764 7.81978333e-03
84.56333152 27.83821586 -11.01241074 1.05037596e-03
84.61874095 27.96635684 -14.19176504 1.74973016e-02
84.62543497 27.85272358 -11.78751317 1.20368567e-03
84.90135805 27.71374078 -10.78663648 0.00000000e+00
84.76639038 27.87557359 -13.27665767 2.61741092e-03
84.19766902 28.07634229 -13.55977506 4.61174016e-02
84.27727675 28.08616966 -14.46175014 1.03616870e-01
84.96391373 27.72807253 -11.50959702 0.00000000e+00
84.87941669 27.83411946 -13.17077233 0.00000000e+00
85.10557176 27.75172214 -12.92931842 0.00000000e+00
85.35353227 27.55243318 -10.30153463 0.00000000e+00
85.21907954 27.71162278 -12.80863804 0.00000000e+00
85.29852211 27.72240399 -13.52789925 0.00000000e+00
85.68161555 27.57382683 -12.61814834 0.00000000e+00
86.00357762 27.55429231 -13.91318269 2.54332919e-02
86.00855356 27.44174326 -11.44116448 1.63171260e-02
86.12450582 27.54104797 -14.42661012 5.47099645e-02
85.80022003 27.54877759 -12.72335186 5.89539944e-03
85.88331241 27.57167937 -13.66533497 1.23679776e-02
86.49387409 27.41005463 -12.95305581 1.14335551e+01
86.04049606 27.51261995 -13.17804690 2.89877679e-02
85.93995055 27.41316702 -10.46998877 9.74759491e-03
85.78890196 27.36251339 -8.62305998 0.00000000e+00
86.54999310 27.26444190 -9.76576509 1.13056555e+01
86.14914716 27.31711210 -9.30421506 3.53483685e-02
85.88825447 27.45817379 -11.20436625 8.03678111e-03
86.06530210 27.28714749 -8.25011933 1.80547458e-02
85.70167978 27.45563767 -10.18623429 0.00000000e+00
85.82516684 27.31840617 -7.84049850 0.00000000e+00
85.55382251 27.41641263 -8.58832161 0.00000000e+00
85.47317984 27.40132998 -7.86285175 0.00000000e+00
85.21050747 27.52543803 -8.93730496 0.00000000e+00
85.18987917 27.64613454 -11.26132065 0.00000000e+00
85.13186884 27.51583359 -8.31470014 0.00000000e+00
85.07673936 27.68671096 -11.38789230 0.00000000e+00
84.98536745 27.60753692 -9.22341649 0.00000000e+00
85.01386755 27.67207993 -10.67313052 0.00000000e+00
84.64841755 27.73304883 -9.53059691 0.00000000e+00
84.76086159 27.69138958 -9.45462567 0.00000000e+00
85.09774647 27.56602226 -9.08463149 0.00000000e+00
85.43270030 27.22363295 -4.47463383 0.00000000e+00
85.24478375 27.47553936 -8.15100289 0.00000000e+00
85.34809116 27.32668192 -5.72719501 0.00000000e+00
85.35845966 27.43709534 -7.99447580 0.00000000e+00
85.42788049 27.33914577 -6.37887525 0.00000000e+00
85.70652553 27.34132199 -7.76720230 0.00000000e+00
85.57877988 27.25811393 -5.51625345 0.00000000e+00
85.77864172 27.25141665 -6.24581541 0.00000000e+00
85.69620115 27.23020071 -5.48587908 0.00000000e+00
85.82028236 27.43197701 -10.28492253 0.00000000e+00
85.90823381 27.34286737 -8.76798357 4.01611746e-03
85.93477625 27.18966904 -5.61348969 0.00000000e+00
85.94486073 27.30048138 -8.00160171 4.73918775e-03
85.89809993 27.23195547 -6.34462160 0.00000000e+00
85.90300953 27.11866891 -4.36019853 0.00000000e+00
86.75052956 27.08432237 -6.25016944 1.18796925e+01
86.05535989 27.17673696 -5.77271631 8.94434413e-03
85.66034853 27.27599918 -6.22470448 0.00000000e+00
85.71612583 27.11231391 -3.88544973 0.00000000e+00
85.23448539 27.36554821 -5.91765288 0.00000000e+00
85.31357118 27.37615510 -6.53468994 0.00000000e+00
85.01942285 27.55725501 -8.47434076 0.00000000e+00
85.12166150 27.40629538 -6.14012994 0.00000000e+00
85.00931406 27.44817580 -6.35628266 0.00000000e+00
85.08757028 27.45663640 -6.93483354 0.00000000e+00
84.35809919 27.57959729 -5.30096230 0.00000000e+00
84.53261867 27.55323310 -5.74959728 0.00000000e+00
84.30924991 27.85458563 -9.58101802 0.00000000e+00
84.41283297 27.70760802 -7.71660663 0.00000000e+00
84.10607823 27.77679864 -7.13562223 0.00000000e+00
83.96653509 27.96885971 -9.40416746 0.00000000e+00
84.56018341 27.61718621 -6.99499863 0.00000000e+00
84.57002696 27.72471563 -8.91953552 0.00000000e+00
83.76087021 27.88657218 -6.98425002 0.00000000e+00
83.73594764 28.04035998 -9.22987599 0.00000000e+00
84.33661318 27.91867910 -11.02290379 9.79969812e-04
84.42266622 27.81477814 -9.59387615 0.00000000e+00
84.08119436 27.93167380 -9.47896571 0.00000000e+00
84.00146538 27.92102353 -8.85081863 0.00000000e+00
83.53062913 28.17367047 -10.44460437 0.00000000e+00
83.65527161 28.02777963 -8.59825236 0.00000000e+00
83.62003953 28.07466362 -9.12977807 0.00000000e+00
83.84941993 27.78631183 -5.92462440 0.00000000e+00
83.50374060 28.10801088 -9.01927124 0.00000000e+00
83.60964381 27.96796204 -7.43145990 0.00000000e+00
83.85144861 28.00508758 -9.31769733 0.00000000e+00
83.95649881 27.86225556 -7.67475110 0.00000000e+00
83.77108777 27.99317142 -8.69171222 0.00000000e+00
83.87638793 27.85100483 -7.05961053 0.00000000e+00
83.52855034 27.95461483 -6.78954101 0.00000000e+00
83.37635189 28.03340219 -7.18553860 0.00000000e+00
84.07124010 27.82500097 -7.71317921 0.00000000e+00
84.19304919 27.67406805 -5.97073925 0.00000000e+00
83.41178191 27.98710928 -6.66169314 0.00000000e+00
83.49318932 28.00117017 -7.31659842 0.00000000e+00
83.73395748 27.82163055 -5.86540105 0.00000000e+00
83.84131080 27.89850204 -7.60859439 0.00000000e+00
83.64492172 27.92111402 -6.89812562 0.00000000e+00
83.72568995 27.93374293 -7.52675431 0.00000000e+00
83.96442443 27.74992611 -5.96234767 0.00000000e+00
83.87548047 27.66840904 -4.44657665 0.00000000e+00
83.78742035 27.76887112 -5.35475929 0.00000000e+00
83.91035727 27.62078724 -4.05790215 0.00000000e+00
83.90248805 27.73308866 -5.39432406 0.00000000e+00
84.02476801 27.58377582 -4.05348558 0.00000000e+00
84.22024759 27.73821707 -7.14164109 0.00000000e+00
84.29939830 27.74762992 -7.73667241 0.00000000e+00
84.44727551 27.65833271 -7.07853453 0.00000000e+00
84.52586920 27.66679526 -7.66107391 0.00000000e+00
84.07896815 27.71250163 -5.97881396 0.00000000e+00
84.33077695 27.51560429 -4.26059937 0.00000000e+00
84.24488890 27.61944347 -5.37306969 0.00000000e+00
84.36510043 27.46644650 -3.69530475 0.00000000e+00
84.58324772 27.49737018 -5.06814408 0.00000000e+00
85.25977998 27.12930342 -2.88804631 0.00000000e+00
84.01481699 27.47729620 -1.21543218 2.20301243e-02
83.99001927 27.63177445 -4.45423193 0.00000000e+00
83.52906666 27.77167450 -4.31090032 0.00000000e+00
83.43956340 27.86977899 -5.13075839 0.00000000e+00
83.56427902 27.72513193 -3.95034919 0.00000000e+00
83.55594437 27.83721912 -5.22405254 0.00000000e+00
84.01708753 27.69623002 -5.41093004 0.00000000e+00
84.10408216 27.59407391 -4.44050458 0.00000000e+00
83.32049913 27.68206435 -1.15069033 1.77907463e-01
83.33133618 27.78908858 -3.81172396 0.00000000e+00
83.40203466 27.69700241 -2.32550050 0.00000000e+00
83.44801187 27.75764989 -3.88180538 0.00000000e+00
83.75024628 27.59741156 -2.43001680 0.00000000e+00
83.68009890 27.69147133 -4.00365286 0.00000000e+00
83.51855452 27.66496049 -2.37056392 0.00000000e+00
83.66978575 27.58497182 -1.21015700 1.39477836e-02
83.43736463 27.65085569 -1.17481017 1.20191088e-02
83.78529222 27.55025433 -1.21985980 1.37751903e-02
84.35531616 27.35950365 -1.02109825 1.99850811e-01
84.54585817 27.32600021 -1.78396290 0.00000000e+00
84.09417154 27.48745174 -2.39356576 0.00000000e+00
84.12882321 27.43911112 -1.17813358 3.06090440e-02
84.57991042 27.27607357 -0.86955612 7.43647574e-01
84.43363409 27.36776703 -1.93550504 0.00000000e+00
84.20781412 27.44857271 -2.30583314 0.00000000e+00
84.13869353 27.54568796 -4.00244857 0.00000000e+00
84.24231843 27.39982484 -1.12769956 9.15998823e-02
84.25213393 27.50655908 -3.89222602 0.00000000e+00
84.46783453 27.31821831 -0.91440678 4.21437939e-01
84.47761489 27.42542633 -3.44070556 0.00000000e+00
85.10334328 27.11089754 -1.85876083 0.00000000e+00
84.89054699 27.30570947 -3.78029078 0.00000000e+00
85.44220517 26.99277382 -1.31441445 0.00000000e+00
85.48752189 27.05544041 -2.50052559 0.00000000e+00
85.32819150 27.02955472 -1.43252348 0.00000000e+00
85.33861632 27.14014764 -3.24581025 0.00000000e+00
85.36251559 26.97986127 -0.68049186 3.91341446e-02
85.02556015 27.10286500 -0.99378507 7.63658257e-03
85.13714507 27.06015440 -0.86497576 1.99046177e-02
84.77913178 27.34864653 -3.74697799 0.00000000e+00
85.67467385 26.93198447 -1.21746269 0.00000000e+00
85.94946731 26.85160188 -0.62492858 0.00000000e+00
85.72092505 26.99813376 -2.36464974 0.00000000e+00
85.55766097 26.95993170 -1.24893900 0.00000000e+00
85.47698392 26.94416084 -0.63392259 2.49944833e-02
85.82950102 26.86634353 -0.60426408 2.43547274e-02
85.80337833 27.02076330 -2.90446573 0.00000000e+00
85.79314239 26.90958534 -1.20671037 0.00000000e+00
85.71055397 26.88672010 -0.60244629 6.79147278e-02
86.04309018 26.99185127 -3.02496746 0.00000000e+00
85.95953502 26.96237649 -2.40895349 0.00000000e+00
85.59870776 27.13904970 -3.93231486 0.00000000e+00
85.68503960 27.04329612 -2.92064382 0.00000000e+00
85.03573915 27.21222075 -3.38721927 0.00000000e+00
84.98088488 27.38367279 -5.17936100 0.00000000e+00
84.91427074 27.14628383 -1.01942264 0.00000000e+00
84.64501744 27.51140679 -5.61806931 0.00000000e+00
84.99183965 27.15371778 -2.01320771 0.00000000e+00
84.70146737 27.34113373 -3.21667316 0.00000000e+00
84.88053753 27.19705120 -2.00743811 0.00000000e+00
84.80301618 27.18986599 -0.98801547 0.00000000e+00
84.69160791 27.23322380 -0.90561384 1.00982745e-01
84.66754593 27.39131994 -3.77062778 0.00000000e+00
84.80705564 27.41264000 -4.83799450 0.00000000e+00
84.81295872 27.29821068 -3.29349025 0.00000000e+00
84.75711845 27.46904114 -5.49325931 0.00000000e+00
84.67274818 27.57539231 -6.88030323 0.00000000e+00
84.86902513 27.42635990 -5.32745575 0.00000000e+00
84.78504362 27.53311885 -6.72971343 0.00000000e+00
84.91869680 27.36986163 -4.72323977 0.00000000e+00
84.92432150 27.25511253 -3.39985248 0.00000000e+00
85.03037493 27.32725266 -4.62240810 0.00000000e+00
85.00195411 27.26284818 -3.78584857 0.00000000e+00
85.14232506 27.28531300 -4.47269634 0.00000000e+00
85.11357512 27.22053066 -3.69184899 0.00000000e+00
85.22569026 27.17937487 -3.46006705 0.00000000e+00
85.14745902 27.17006010 -3.18281319 0.00000000e+00
85.37303135 27.09078026 -2.65526318 0.00000000e+00
85.36820624 27.20613896 -4.13583038 0.00000000e+00
86.44270185 26.94089770 -3.04072215 1.12982229e+00
86.31698489 27.05171062 -4.48200316 5.63805404e-02
86.19596376 27.05614536 -4.24686944 2.01215214e-02
86.28461099 26.97955495 -3.31898803 2.83283329e-02
86.92258970 27.04941611 -5.91447541 1.23140104e+01
86.54054201 27.15657292 -7.16892263 1.12746380e+01
87.04371918 27.04956821 -6.27950815 5.99059454e+00
86.74608470 27.19094158 -8.75100711 1.15348338e+01
87.16484771 27.04921628 -6.61758940 5.25760953e-01
86.78347853 27.15529468 -8.01720845 1.16056827e+01
87.59960558 27.07577881 -8.16454951 0.00000000e+00
87.02641830 27.15464729 -8.81491911 1.19429461e+01
87.72080644 27.07133467 -8.29010174 0.00000000e+00
87.11039458 27.18905730 -9.92511029 1.24613892e+01
87.04771253 26.94456943 -4.00733062 1.43614186e-01
86.99316025 27.08464086 -6.98442926 1.23236940e+01
87.28597017 27.04817715 -6.75257212 5.02978617e-02
87.23578505 27.08343307 -7.63012858 4.24809378e-01
86.91749442 26.83829940 -1.05335976 1.15554712e-01
86.68470584 26.94166083 -3.54186519 9.74742672e+00
86.87184472 27.08454927 -6.61250462 1.24286954e+01
87.01041065 26.97942285 -4.64028564 1.16976211e+00
86.80146117 27.04898898 -5.58632610 1.22621554e+01
86.92670730 26.94383699 -3.82040891 1.78497143e+00
86.40555474 26.97734527 -3.51320020 4.66411242e-01
86.32171191 26.94227207 -2.82166370 3.37011039e-02
86.56370431 26.94088863 -3.31283149 8.16092652e+00
86.55920533 27.04859145 -5.02353743 1.10371758e+01
86.20077704 26.94574623 -2.64537620 8.79188263e-03
86.03314064 26.88138644 -1.28604270 0.00000000e+00
86.27491287 26.87018919 -1.48693774 0.00000000e+00
86.19096642 26.83586726 -0.71131120 0.00000000e+00
86.15393089 26.87414152 -1.37242532 0.00000000e+00
86.31202043 26.83303004 -0.77562654 6.51552153e-02
86.07005409 26.84175278 -0.66111412 0.00000000e+00
86.43311784 26.83237870 -0.86224791 5.40791237e-02
86.63809824 26.86984373 -2.00588850 4.54486451e+00
87.00128491 26.87430502 -2.15009652 1.05316159e-02
87.03859507 26.83970691 -1.09673676 2.00160993e-02
87.12235729 26.87510615 -2.21795705 2.91282405e-03
87.15970340 26.84049258 -1.12122029 6.69231134e-02
86.80570579 26.94276756 -3.69039420 8.39626659e+00
86.75915833 26.87137736 -2.06776579 1.65866402e+00
87.28972576 26.94415035 -4.17222467 1.26313684e-03
87.24343294 26.87517219 -2.23972759 0.00000000e+00
87.37332398 26.97777028 -5.02972329 0.00000000e+00
87.28081494 26.84047938 -1.11850730 7.53197712e-03
86.88021895 26.87297795 -2.09071712 1.07329305e-01
86.79640132 26.83651243 -1.03735736 6.97052899e-02
87.49426880 26.97550817 -5.10974144 0.00000000e+00
87.36450447 26.87436856 -2.24709031 0.00000000e+00
87.76507606 26.83017489 -0.99960311 0.00000000e+00
87.40192071 26.83951235 -1.12858301 0.00000000e+00
87.89435540 26.92673110 -3.94217434 0.00000000e+00
88.12774786 26.81156430 -1.01486400 0.00000000e+00
87.72757579 26.86572929 -2.03293895 0.00000000e+00
87.52300900 26.83750597 -1.09317593 0.00000000e+00
87.64406532 26.83439767 -1.03333584 0.00000000e+00
87.88603061 26.82490346 -1.05336756 0.00000000e+00
88.49773235 26.88911186 -4.04904324 0.00000000e+00
87.96938172 26.85472966 -2.16148285 0.00000000e+00
88.09019008 26.84786803 -2.12297929 0.00000000e+00
88.45232583 26.82412071 -2.01694572 0.00000000e+00
88.24851937 26.80385499 -0.97340363 0.00000000e+00
88.36924999 26.79574520 -0.99389777 0.00000000e+00
88.13584078 26.91314564 -4.15500977 0.00000000e+00
88.33164679 26.83233445 -1.96730140 0.00000000e+00
88.09831818 26.94951089 -5.19667658 0.00000000e+00
88.21094127 26.84033571 -1.98826763 0.00000000e+00
88.57299950 26.81594851 -2.06231962 0.00000000e+00
88.48996063 26.78750220 -1.02304795 2.94072677e-02
88.21895915 26.94190717 -5.02377451 0.00000000e+00
88.32597779 27.03690665 -8.56148879 0.00000000e+00
88.00692085 26.81864536 -1.10811529 0.00000000e+00
88.01512809 26.92031761 -4.21801366 0.00000000e+00
87.85686745 26.96268923 -4.80385761 0.00000000e+00
87.65263015 26.93675223 -4.13102918 0.00000000e+00
87.41072029 26.94268133 -4.22580922 0.00000000e+00
87.60658945 26.86969587 -2.12651176 0.00000000e+00
87.47836077 27.07924801 -7.98689273 5.49888179e-03
87.73605150 26.96796117 -4.95290408 0.00000000e+00
87.40707839 27.04631219 -6.87856165 5.89001367e-03
87.53169266 26.94023387 -4.22419845 0.00000000e+00
87.64920861 27.03976560 -7.12823878 0.00000000e+00
87.15683860 27.25833646 -11.74586436 1.19473251e+01
87.77020773 27.03501957 -7.08387072 0.00000000e+00
87.51219654 27.14717315 -9.92782221 2.94133589e-02
87.61518199 26.97224538 -5.10013286 0.00000000e+00
87.52816187 27.04352904 -7.02198659 0.00000000e+00
87.84195420 27.06594515 -8.29511792 0.00000000e+00
87.59597400 27.17888833 -10.93308132 2.13305885e-02
88.20504359 27.04495065 -8.61038773 0.00000000e+00
87.60451954 27.28162290 -13.42037223 1.88185119e-01
88.25650168 26.90540099 -3.96514767 0.00000000e+00
88.13285604 27.01551089 -7.37384192 0.00000000e+00
88.33955869 26.93389218 -4.94521220 0.00000000e+00
88.25363004 27.00770854 -7.30198714 0.00000000e+00
88.61582448 26.98338256 -7.37756349 0.00000000e+00
88.85736284 26.96865126 -7.49222289 0.00000000e+00
88.36073878 27.10261406 -10.60966838 0.00000000e+00
88.68613042 27.11517182 -11.25349465 0.00000000e+00
88.56780130 27.02059968 -8.58750360 0.00000000e+00
88.56508057 27.12293296 -11.29185341 0.00000000e+00
88.49509486 26.99140803 -7.31075586 0.00000000e+00
88.48180174 27.09442793 -10.58624579 0.00000000e+00
88.44404807 27.13101440 -11.32757561 0.00000000e+00
87.88446759 27.23455288 -12.84038366 0.00000000e+00
88.57277213 27.22455979 -13.42214377 0.00000000e+00
88.80721050 27.10790753 -11.22062017 0.00000000e+00
88.60286988 27.08641044 -10.55254582 0.00000000e+00
88.36859699 27.20418163 -12.80340852 0.00000000e+00
88.32301595 27.13920722 -11.35611466 0.00000000e+00
88.00557033 27.22772380 -12.87723835 0.00000000e+00
87.75985201 27.34348775 -16.30844749 1.64751085e-01
88.33090039 27.24077717 -13.54327342 0.00000000e+00
88.08897000 27.25671577 -13.62904136 0.00000000e+00
87.63357439 27.14321676 -10.13471476 5.33881832e-03
88.20196491 27.14728059 -11.36981932 0.00000000e+00
88.11855309 27.11858333 -10.59157473 0.00000000e+00
88.08087671 27.15500365 -11.35288935 0.00000000e+00
87.71728323 27.17419026 -11.10079773 4.37090948e-03
87.87618057 27.13253834 -10.41301392 0.00000000e+00
87.89115091 27.02933574 -7.02001911 0.00000000e+00
87.99739578 27.12591151 -10.52209368 0.00000000e+00
88.08406935 27.05260484 -8.60154525 0.00000000e+00
87.95973779 27.16217191 -11.29530670 0.00000000e+00
87.96304212 27.05966487 -8.36470210 0.00000000e+00
87.35708347 27.08177417 -7.76961600 3.79567351e-02
87.14788392 27.15382193 -9.17498219 1.12268872e+01
87.47462013 27.18266733 -10.74094218 9.87209803e-02
87.23182071 27.18765708 -10.25214553 9.36003115e+00
86.86752318 27.19046575 -9.16720720 1.16095010e+01
86.79273079 27.26174178 -10.62432765 1.17101867e+01
86.62921471 27.08429400 -5.90716149 1.15411877e+01
86.42864963 27.26704216 -9.34617703 1.12414293e+01
86.43808260 27.04943442 -4.74374527 4.28425189e+00
86.26047730 27.20007115 -7.10259762 5.35968972e-02
86.50790246 27.08485801 -5.55460553 1.01635065e+01
86.30736314 27.27121627 -8.94338270 7.85695619e-01
86.26535498 27.08993774 -4.90091772 4.41665380e-02
86.17640125 27.16778111 -6.02227302 2.37252255e-02
86.62464754 27.19168331 -8.32427068 1.13402955e+01
86.41909121 27.15846288 -6.75314672 8.03666350e+00
86.50321783 27.19308704 -7.89598519 1.11293676e+01
86.18620486 27.27766186 -8.57075631 3.74975930e-02
86.38181340 27.19566720 -7.48542172 6.59587646e+00
86.29768787 27.16195660 -6.36641345 6.27180728e-02
86.91410400 27.26082382 -11.02900892 1.17620383e+01
86.98896063 27.18992703 -9.55880735 1.15937722e+01
87.27819061 27.25634850 -12.04470617 1.19604613e+01
87.26934091 27.15239119 -9.44957241 2.36912781e+00
87.64209047 27.24582899 -12.66152178 5.14418815e-02
87.75490492 27.13832513 -10.29249545 0.00000000e+00
87.76330630 27.24060741 -12.77187158 6.14362048e-03
87.83853967 27.16859952 -11.20416043 0.00000000e+00
87.35323222 27.18556522 -10.49346699 1.20194359e+00
87.24069813 27.29179249 -12.78829690 1.22927025e+01
87.27429423 27.36065379 -15.36299089 1.24437801e+01
87.36200181 27.28917791 -13.04934831 9.07394810e+00
86.98055014 27.40105738 -15.22611963 1.25250127e+01
87.11937648 27.29376577 -12.48209833 1.17865444e+01
86.90985730 27.36680612 -13.74086775 1.24466040e+01
86.99804393 27.29525511 -12.13457358 1.18224071e+01
86.42394885 27.37605882 -11.86606530 1.14931189e+01
86.63402816 27.29907214 -10.91365602 1.14403944e+01
86.37227026 27.41437669 -12.52559718 1.09199190e+01
86.51270251 27.30119274 -10.48368194 1.13556266e+01
86.30257228 27.38111899 -11.45125840 4.34134265e+00
86.39140956 27.30447674 -10.06795385 1.06816403e+01
86.12947616 27.42948464 -11.75216746 4.15663959e-02
86.27019522 27.30954493 -9.66715538 2.77186685e-01
86.40476514 27.48581549 -15.03982195 1.19323153e+01
86.66687515 27.37021837 -12.72385047 1.19300773e+01
86.25077043 27.42061517 -12.11934991 4.57037665e-01
86.16162996 27.50075046 -13.70646633 6.59880008e-02
86.52652311 27.48132942 -15.75556701 1.22379891e+01
86.73263574 27.51183014 -18.46532296 1.35732628e+01
86.78836492 27.36839590 -13.14848723 1.22490677e+01
86.64832600 27.47801113 -16.26565694 1.29045420e+01
87.50094321 27.45759709 -20.57918206 1.00228380e+01
87.88112339 27.33721725 -16.35865112 3.77687030e-02
86.85887362 27.40287547 -14.41950026 1.25565893e+01
86.77014750 27.47537762 -16.67659661 1.35096543e+01
87.62264967 27.45265481 -20.86485157 1.27117491e+01
87.86591426 27.44051558 -21.05611911 1.13163349e+00
87.94968067 27.46983333 -21.86685406 6.34808723e-01
88.00233835 27.33023024 -16.37137262 5.88031143e-03
87.82814799 27.47679940 -21.80633578 3.90330843e+00
87.95312548 27.36726496 -18.33944607 4.28507803e-02
88.19581373 27.35197440 -18.31288722 1.65464633e-03
88.10896873 27.42576940 -21.10187680 5.44468260e-02
88.12350104 27.32265438 -16.35223232 0.00000000e+00
88.45183434 27.23259214 -13.48214020 0.00000000e+00
87.83170473 27.37404607 -18.30494859 2.27558072e-01
87.96794129 27.26404356 -13.63116881 0.00000000e+00
87.71022889 27.38010341 -18.23141437 1.63973068e+00
87.84685621 27.27069561 -13.59979253 5.01369884e-03
87.63852689 27.34898025 -16.21604639 1.25711222e+00
87.72571425 27.27657453 -13.53422907 3.10419646e-02
88.24462225 27.31466913 -16.30802555 0.00000000e+00
88.48956258 27.19601805 -12.75275358 0.00000000e+00
88.31710351 27.34381963 -18.26436790 0.00000000e+00
88.61053650 27.18806115 -12.70257343 0.00000000e+00
88.55965854 27.32754288 -18.13590934 0.00000000e+00
88.69372960 27.21687751 -13.36693987 0.00000000e+00
88.48680521 27.29830802 -16.17752384 0.00000000e+00
88.73153433 27.18051066 -12.65716868 0.00000000e+00
88.85018156 27.27586346 -15.97702398 0.00000000e+00
88.55681756 27.42986688 -21.73154291 0.00000000e+00
88.43837899 27.33560310 -18.20190594 0.00000000e+00
88.43541250 27.43791489 -21.79503112 4.42226428e-03
88.83770651 27.37881879 -20.76772462 0.00000000e+00
88.71620812 27.38582341 -20.84740559 0.00000000e+00
88.36571745 27.30647914 -16.24638721 0.00000000e+00
88.35187012 27.40952678 -21.03640820 6.90907817e-03
89.16647276 27.29452167 -17.69131674 0.00000000e+00
89.08080183 27.36658093 -20.53608517 0.00000000e+00
89.04504940 27.29999612 -17.76915696 0.00000000e+00
88.79970034 27.41501505 -21.59686396 0.00000000e+00
88.97137126 27.26947960 -15.89098107 0.00000000e+00
88.92365273 27.30601910 -17.88391522 0.00000000e+00
89.57762918 27.24432354 -15.80485798 1.48144940e+00
89.16426521 27.39700905 -21.35868050 0.00000000e+00
88.80228792 27.31263126 -17.99486056 0.00000000e+00
89.04947102 27.09512255 -11.18290668 0.00000000e+00
88.72902566 27.28283916 -16.04802460 0.00000000e+00
88.81471827 27.20970804 -13.32041683 0.00000000e+00
89.21584207 27.15590801 -12.56806790 4.93705706e-02
89.09259102 27.26367383 -15.82837058 0.00000000e+00
89.70039991 27.13717035 -12.65486820 2.43386675e+00
89.33509422 27.25348883 -15.77903791 0.00000000e+00
89.45811898 27.14630074 -12.59636481 1.58823931e+00
89.28791522 27.28949567 -17.64936746 0.00000000e+00
89.66230429 27.17279639 -13.30117728 2.14588572e+00
89.40936825 27.28477808 -17.63909522 1.31495712e-02
89.82014062 27.23507713 -15.87588600 2.68564160e+00
89.65057403 27.37830544 -21.30314762 1.02680576e+00
89.45636134 27.24884800 -15.78403007 1.86628730e-01
89.32399272 27.35637534 -20.40771989 0.00000000e+00
89.65227731 27.27570936 -17.68912318 1.63688804e+00
89.56721728 27.34722714 -20.40421885 1.70420756e-01
89.53082456 27.28022986 -17.65301870 2.76296744e-01
89.40741320 27.38732645 -21.29202677 1.04936760e-02
89.93199757 27.33311244 -20.53743298 5.89938193e+00
90.18377024 27.21933690 -16.00962678 7.00678099e+00
90.13673548 27.35832301 -21.44026197 8.52590892e+00
90.42683971 27.10467138 -12.87282841 8.79592283e+00
90.05355381 27.32789379 -20.59733978 7.26131926e+00
90.01655443 27.26112971 -17.85801989 5.75842564e+00
90.41807159 27.31027885 -20.76347927 1.03456607e+01
90.66882926 27.09205352 -12.92580019 9.46737362e+00
90.62253182 27.33372906 -21.56038759 1.18733859e+01
90.74453858 27.22486242 -18.08215665 9.60258978e+00
90.98719725 27.21363132 -18.10296656 7.97314638e+00
90.78244217 27.29129311 -20.81152141 1.11806984e+01
91.63784339 27.18004148 -16.21554876 1.17769374e+01
90.91055244 27.18271349 -16.14060967 8.21223825e+00
91.39530180 27.06946536 -12.99441976 8.08762083e+00
91.63215936 26.97552777 -10.96959252 6.31102984e+00
91.26859555 27.27427709 -20.83686539 1.11124940e+01
91.51674304 27.17427011 -16.20410621 1.00587008e+01
91.23002281 27.20652303 -18.11819139 8.84138254e+00
91.75294512 26.98495998 -10.89888417 5.89903812e+00
91.14699127 27.27657978 -20.83344170 9.85966868e+00
91.39549635 27.17172734 -16.18956494 8.84627569e+00
90.38062801 27.24382115 -18.02926769 8.82269395e+00
90.66829945 27.19460783 -16.11246434 8.76149227e+00
90.50110973 27.34013776 -21.54448106 1.13993237e+01
90.54718819 27.20095829 -16.09566451 8.60337882e+00
90.17508520 27.32233767 -20.65931423 8.14717161e+00
90.30493111 27.21344653 -16.05076943 7.91847772e+00
89.77372005 27.27108319 -17.73702552 2.62879566e+00
89.89514736 27.26624896 -17.79652818 4.16319220e+00
90.42606861 27.20728797 -16.07743454 8.49643550e+00
90.50194008 27.23752545 -18.05299895 9.28749551e+00
90.50956166 27.13456425 -13.50966312 8.73229532e+00
90.74551608 27.01979292 -11.71841971 9.44720992e+00
90.13793762 27.25568139 -17.92287847 7.06010090e+00
90.25929524 27.24990025 -17.98402381 8.05640411e+00
91.03172606 27.17776747 -16.15275133 7.14640413e+00
91.03189493 27.07533321 -12.97629607 7.29319228e+00
91.10858681 27.20936661 -18.11059966 8.44752981e+00
91.15299443 27.07157349 -12.98683375 7.70675960e+00
90.90500990 26.97801665 -11.13211300 9.13300373e+00
91.11451401 27.10676596 -13.59856830 7.55242860e+00
91.27421132 27.17178799 -16.17685449 8.09018781e+00
91.35149103 27.20562269 -18.12252928 9.83996654e+00
91.59357726 27.00734325 -11.65144437 6.97373288e+00
91.59885511 27.10973091 -13.63979452 8.71243078e+00
91.27413872 27.06945860 -12.98929149 7.95610370e+00
91.35674004 27.10330918 -13.62131915 8.07839462e+00
91.23003717 27.00178777 -11.74647494 7.33073356e+00
90.99346285 27.11094014 -13.58481337 7.56855899e+00
90.98769382 27.00871651 -11.74938019 7.47435146e+00
90.91084175 27.08023732 -12.96423387 9.44232370e+00
90.50339882 27.03232106 -11.65758441 9.39321959e+00
91.10905541 26.90213096 -9.16885122 6.93448359e+00
90.38859092 27.14083068 -13.48326539 8.59499267e+00
90.66279980 26.98982605 -11.08781451 9.35798338e+00
90.30582389 27.11081266 -12.83927468 8.30375239e+00
90.38232904 27.03857260 -11.61847444 9.09812310e+00
90.02554761 27.15814417 -13.39247331 4.72915325e+00
90.17835832 27.01441128 -10.91164119 7.77658454e+00
90.26760073 27.14689812 -13.45494558 7.59119208e+00
90.26123987 27.04462474 -11.57376745 8.45152114e+00
89.57926237 27.14174605 -12.62382478 2.00107798e+00
89.69357963 27.03488199 -10.69031519 2.55256557e+00
90.18478535 27.11669432 -12.80503469 7.22986562e+00
90.14012707 27.05039540 -11.52723753 7.34738879e+00
89.82152565 27.13245472 -12.69269024 2.94702939e+00
89.77664896 27.06584800 -11.37791606 3.04386443e+00
89.69889094 27.23977344 -15.83661107 1.94298155e+00
89.78340242 27.16814445 -13.32916246 2.55757989e+00
90.14658665 27.15268223 -13.42646152 6.35083599e+00
90.06372194 27.12226251 -12.76768020 5.39086283e+00
89.21383478 27.25838423 -15.79185607 0.00000000e+00
89.33697651 27.15097479 -12.57835989 2.65394460e-01
89.42008389 27.18190521 -13.25724079 1.01117885e+00
89.45110533 27.04407201 -10.56176303 1.77603780e+00
89.54119601 27.17734045 -13.27499337 1.74375073e+00
89.53424923 27.07508599 -11.27512098 2.02806144e+00
89.29897474 27.18663163 -13.24509186 6.18839360e-02
89.41491225 26.97711982 -8.65350878 1.83750827e+00
88.85256495 27.17350229 -12.61890724 0.00000000e+00
88.93574108 27.20312171 -13.28258025 0.00000000e+00
88.97362909 27.16707992 -12.58820522 0.00000000e+00
89.05679531 27.19711897 -13.25581966 0.00000000e+00
88.84508245 27.07166853 -10.49147475 0.00000000e+00
89.17064446 27.08957409 -11.18393664 5.46727131e-02
89.17275633 26.98704926 -8.62788377 6.95866373e-01
88.96623861 27.06514680 -10.47449559 0.00000000e+00
89.21991186 26.95085790 -7.46690432 1.61252120e+00
89.08742579 27.05920940 -10.47186566 7.24292956e-03
89.22182887 26.84834909 -4.09364148 3.33028996e+00
88.97818356 26.96215476 -7.50887096 4.62705030e-02
89.34080465 26.94587168 -7.44520526 1.80955811e+00
89.20863809 27.05379885 -10.48312880 1.52545233e-01
89.29382870 26.98192639 -8.63650371 1.65135995e+00
89.30472405 26.87902162 -5.16547407 3.38904699e+00
89.32986726 27.04879800 -10.51488247 1.49360392e+00
89.41304142 27.07969238 -11.23183828 1.73510148e+00
89.65708428 26.96790700 -8.72497361 3.48499832e+00
89.57234508 27.03948058 -10.62840040 2.14022121e+00
89.81480297 27.03015544 -10.74576877 3.67719944e+00
89.89782911 27.06098419 -11.42671100 4.19405114e+00
89.94525943 26.92223932 -7.53556533 7.37738042e+00
89.82571329 26.82457968 -4.27262097 9.91057218e+00
90.02913498 26.85023071 -5.30661797 1.13346577e+01
89.94646399 26.81960315 -4.34255183 1.02848422e+01
89.66697000 26.86498220 -5.14675905 8.49860630e+00
89.81907466 26.72228908 -1.12138747 8.71222362e+00
89.77815936 26.96322701 -8.76821579 5.05430166e+00
89.78770801 26.86028385 -5.19465307 9.58893472e+00
89.18398742 26.88413397 -5.20377327 1.84874938e+00
88.93067864 26.99875949 -8.63518269 0.00000000e+00
89.10107183 26.85376777 -4.12232118 1.82601707e+00
88.80968594 27.00548230 -8.62762374 0.00000000e+00
88.85963933 26.86624721 -4.19649376 9.75670637e-02
88.73657675 26.97574276 -7.44588023 0.00000000e+00
89.06326988 26.88968979 -5.25153725 1.36308644e+00
88.73140439 26.77160564 -1.04070502 4.21573819e-01
88.85216969 26.76436933 -1.02908878 4.57787980e+00
88.69368787 26.80805975 -2.07997669 6.50025414e-02
89.17676567 26.78200162 -1.99964909 7.84233011e+00
88.98033988 26.85971274 -4.17085056 1.21083428e+00
89.09380180 26.75166502 -1.00000542 7.85238342e+00
88.93516174 26.79386060 -2.04162908 4.09319707e+00
88.81440728 26.80066936 -2.06979380 3.28997862e-01
89.21466125 26.74616482 -0.99964367 8.07303750e+00
89.05594928 26.78764633 -2.01254572 5.73839299e+00
89.57731544 26.73167025 -1.06399043 6.50676124e+00
89.53930466 26.76730563 -2.10103387 6.34607141e+00
89.33553849 26.74108714 -1.01269969 7.48956674e+00
89.69820036 26.72703779 -1.09480509 7.63280993e+00
89.78099683 26.75798464 -2.21619256 8.58458700e+00
89.29760263 26.77682224 -2.01234335 7.45892326e+00
90.14981631 26.84476653 -5.28996345 1.24119180e+01
90.30237729 26.70067557 -1.10349439 1.31873430e+01
89.34260231 26.84333153 -4.08418137 4.80644582e+00
89.41845120 26.77196500 -2.04974313 7.59029505e+00
90.63233483 26.82051276 -5.34717402 1.71061892e+01
90.75294532 26.81440801 -5.37401266 1.64274746e+01
90.50564269 26.72451542 -2.20012929 1.62530179e+01
90.30858526 26.80292270 -4.31023477 1.40701042e+01
90.54390095 26.68833363 -1.10001027 1.63194281e+01
91.23021286 26.69476248 -2.27495225 1.68537259e+01
90.86779954 26.70641599 -2.22450440 2.28220197e+01
90.78540259 26.67606657 -1.10840533 2.16713633e+01
90.66464843 26.68209424 -1.10301084 1.86105475e+01
90.74706912 26.71215263 -2.21141617 2.09899726e+01
90.26418061 26.73673730 -2.21458498 1.29791380e+01
90.42314716 26.69457904 -1.10011903 1.44359658e+01
91.14784511 26.66213284 -1.13349794 2.25187687e+01
91.02698886 26.66573191 -1.12443558 2.62251590e+01
91.51052643 26.66297419 -1.14465111 1.76301192e+01
91.11493188 26.79965479 -5.43570012 1.05501737e+01
91.26874186 26.66015259 -1.14145431 1.98220637e+01
91.27410037 26.76256187 -4.43552133 9.47507303e+00
91.35108859 26.69412860 -2.28900210 1.50880043e+01
90.99423032 26.80364037 -5.42084470 1.36265877e+01
91.10936563 26.69734804 -2.25793352 1.95974368e+01
90.91185369 26.77282002 -4.37300197 1.65567046e+01
90.98856035 26.70134471 -2.24053466 2.30523227e+01
91.38986176 26.96715992 -11.09230749 7.10862977e+00
91.15326347 26.86684580 -7.81521678 6.95228004e+00
90.79079402 26.88087054 -7.77547469 1.12685741e+01
90.87357207 26.80868045 -5.39739742 1.49615452e+01
90.54989505 26.79059063 -4.31678575 1.71114340e+01
90.62635493 26.71826571 -2.20302111 1.83343036e+01
90.51172673 26.82676151 -5.32055981 1.65075185e+01
90.18790152 26.80878113 -4.31560044 1.22733464e+01
90.42924787 26.79682587 -4.30739774 1.54867877e+01
90.38492074 26.73071859 -2.20361342 1.43234031e+01
90.30773294 26.90555163 -7.63084831 1.21557013e+01
90.39110919 26.83296823 -5.30292851 1.51803898e+01
90.18693226 26.91141949 -7.60218420 1.06802005e+01
90.27047391 26.83899833 -5.28915561 1.40261059e+01
90.38324315 26.93594825 -9.01838836 1.12811902e+01
90.29949614 27.00854397 -10.96340419 9.11591975e+00
90.50419492 26.92971339 -9.05781157 1.15694016e+01
90.42061142 27.00241809 -11.01212418 9.38517155e+00
90.62513587 26.92341654 -9.09653860 1.08633217e+01
90.62445721 27.02599990 -11.69024786 9.36988148e+00
90.54927482 26.89317683 -7.70451276 1.32901268e+01
90.54170952 26.99612946 -11.05227077 9.66717732e+00
91.02616128 26.97310711 -11.13873179 6.95345705e+00
91.23013284 26.89944940 -9.15264993 6.76388175e+00
91.14735853 26.96933147 -11.13612531 6.74956241e+00
91.27417145 26.86484024 -7.80926677 6.57241865e+00
91.35126319 27.00102012 -11.73255116 7.48112843e+00
91.51598185 26.86759275 -7.75957430 6.10592636e+00
91.26860048 26.96719295 -11.11663400 7.08874074e+00
91.35124042 26.89872156 -9.13300717 6.57472702e+00
91.47247283 27.00267591 -11.70617930 7.43000925e+00
91.63671614 26.87355122 -7.69240265 5.66199056e+00
91.51108376 26.96973019 -11.04172428 6.83406767e+00
91.83438648 26.92557239 -8.83302596 4.05566983e+00
91.95406882 26.94204259 -8.69769413 2.84455452e+00
91.83488775 27.02766731 -11.53351961 6.63467176e+00
92.07288034 26.96293946 -8.47478780 1.93273146e+00
91.59331850 26.90510140 -9.02397732 5.95216489e+00
92.22890154 27.06550849 -10.27094519 4.24180357e+00
91.99282380 27.01629661 -10.67186113 5.42332109e+00
92.34732400 26.99590818 -6.42698531 4.80474672e+00
92.30796516 27.12013796 -11.07083074 6.56828789e+00
92.75838868 27.27953715 -10.47502116 1.48603333e+01
92.90214919 27.20926838 -5.46382332 3.25792995e+01
92.19327618 26.88738985 -4.79899093 9.76966971e+00
91.99630510 26.91494097 -7.37201543 2.34310708e+00
92.68501538 27.11401326 -5.76650736 1.66740735e+01
92.64810854 27.03176881 -4.09820404 2.16567271e+01
92.79435665 27.16022123 -5.61436041 2.37423585e+01
92.68350614 27.01219311 -3.53988682 2.72783463e+01
92.11362515 26.83560349 -4.13927233 9.71081014e+00
92.07595772 26.86178623 -5.06119959 7.49576192e+00
91.75715179 26.88319486 -7.60946212 4.83274221e+00
91.63628906 26.77142116 -4.41049151 6.23803224e+00
91.47233156 26.90040419 -9.09546942 6.27011044e+00
91.59784820 26.80314656 -5.41135259 5.80839358e+00
91.39509673 26.86491350 -7.80062412 6.30499926e+00
91.47720297 26.79828092 -5.45170770 6.52921250e+00
91.83820627 26.82403973 -5.31365857 4.82314609e+00
91.71824216 26.81163850 -5.36209673 5.17908076e+00
91.75660114 26.78113874 -4.37848301 5.89185671e+00
91.87640936 26.79493168 -4.35604938 6.44451788e+00
92.07129901 26.75887454 -2.22283430 9.11144024e+00
91.59269528 26.70073451 -2.28665179 1.27442486e+01
91.75168077 26.67846283 -1.14022600 1.60343623e+01
91.83328316 26.72138363 -2.27887313 1.19494003e+01
91.95272498 26.73793044 -2.26168384 1.05509164e+01
92.34196035 26.79068842 -1.05355971 1.60047589e+01
92.41957702 26.84854138 -2.08662082 1.49500267e+01
92.53270684 26.88666690 -2.05009201 2.52216943e+01
92.67974838 26.90874488 -1.00033457 5.57503878e+01
92.89693906 27.00403136 -0.95160151 7.71464306e+01
92.10912854 26.73240973 -1.09979759 9.52782125e+00
92.18875305 26.78440108 -2.17530204 1.01930601e+01
91.99085624 26.70997150 -1.12303671 1.09578381e+01
91.99550156 26.81301617 -4.28340869 8.40033047e+00
92.23057570 26.86265227 -3.95805735 1.09070805e+01
92.30492009 26.81427975 -2.12906416 1.13569683e+01
92.56878918 26.86567979 -1.01703090 3.99427875e+01
92.57267018 26.96917030 -3.60874380 1.79842649e+01
93.10828579 27.10941082 -0.91238946 9.16557691e+01
92.97240478 27.27666634 -6.41283588 3.42862966e+01
92.96910234 27.07266871 -1.88171402 8.05359055e+01
92.97267641 27.17576413 -3.84884661 5.78764507e+01
92.86231434 27.02189604 -1.92688490 7.11541017e+01
92.90045397 27.10739198 -3.38719873 5.53999528e+01
92.75402029 26.97376594 -1.97561796 5.90813526e+01
92.75783406 27.07694345 -4.01210012 3.15064934e+01
93.00330886 27.05559567 -0.93011251 8.53263366e+01
92.78913038 26.95494192 -0.97528339 6.80648387e+01
93.21198476 27.16519651 -0.89535118 9.62988876e+01
93.41608544 27.28157664 -0.86392404 1.06222727e+02
93.28150444 27.23771331 -1.77496292 9.92489857e+01
93.58418898 27.41688454 -1.69038931 1.13804688e+02
93.68342500 27.47884959 -1.66934172 1.15288716e+02
93.78460666 27.64433611 -3.49943525 8.90923876e+01
93.97741700 27.66956405 -1.85061061 7.33517753e+01
93.81640556 27.63125408 -2.98270951 9.00098565e+01
94.00903930 27.65694068 -1.03621995 7.20821624e+01
94.01137025 27.75942609 -3.92284964 5.99006831e+01
93.38333010 27.29615011 -1.74353578 1.01785631e+02
93.31455671 27.22264357 -0.87961174 1.01332859e+02
93.91167295 27.59248293 -0.81439066 9.08843403e+01
93.88245170 27.70788604 -3.96826539 5.55566494e+01
93.91645227 27.79745012 -6.07343966 6.02308546e+01
93.61921236 27.50595166 -3.03710393 1.06839175e+02
93.61643645 27.40315050 -0.83954283 1.15964438e+02
93.48717441 27.45875245 -3.58906131 9.76236749e+01
93.51955365 27.44469377 -3.07154137 1.04231636e+02
93.38726773 27.50041433 -5.81622616 6.72636787e+01
93.18222778 27.38495754 -6.08667111 5.44596234e+01
93.28470773 27.34067450 -3.67560350 8.44399418e+01
93.11342742 27.31460333 -5.21861574 5.43005729e+01
93.18192037 27.28384745 -3.72614045 7.70714227e+01
92.86599904 27.12505060 -3.92484141 4.42766172e+01
92.79274987 27.05837889 -3.46486216 4.01922048e+01
93.07795223 27.22878419 -3.78255259 6.84998441e+01
93.00670051 27.15890574 -3.31864530 6.71832380e+01
93.58705333 27.51964462 -3.55433195 1.01439516e+02
93.52167602 27.54685759 -4.86872305 8.25291533e+01
93.38922558 27.60244045 -9.81319913 4.48499387e+01
93.48826828 27.56027850 -5.70410421 7.24871878e+01
93.68617073 27.58154659 -3.52452204 1.00051664e+02
93.58839274 27.62132766 -5.60637056 7.47460919e+01
93.71813604 27.56817866 -3.00760632 1.04577482e+02
93.68774880 27.68339370 -5.52502494 7.28169160e+01
93.91847173 27.89962722 -9.44512582 5.30633542e+01
93.98436110 27.97681506 -11.11019432 4.91158217e+01
93.97980460 27.77206610 -4.70198447 6.10311371e+01
93.91412063 27.69504213 -3.45128429 6.18503367e+01
94.01598844 27.96425861 -10.17817178 4.79617932e+01
93.59047823 27.72345894 -9.68784429 5.28833108e+01
93.72036947 27.67045997 -4.75727560 7.91690190e+01
93.72192911 27.77229058 -7.95238609 5.56790060e+01
93.78641676 27.74635400 -5.88900611 6.19762404e+01
93.52274994 27.64836822 -8.10854425 5.41614401e+01
93.49343514 27.76508138 -14.15727372 5.06180137e+01
93.62271240 27.70983981 -8.02105176 5.48663012e+01
93.52583979 27.75108033 -12.74992182 4.89789341e+01
94.01844478 28.06673265 -13.41981420 4.66106496e+01
93.82048172 27.83559895 -8.33024640 5.50180515e+01
93.82319336 27.93817096 -12.78367489 5.33312388e+01
93.52806530 27.85323085 -16.96385304 6.36853129e+01
92.87037722 27.53137868 -18.18632379 4.59860630e+01
93.29123585 27.74790299 -18.30327604 6.48022446e+01
92.79910744 27.46568976 -16.56485059 4.26781202e+01
93.08336377 27.53453479 -14.01680035 5.10279386e+01
93.18404071 27.48689244 -9.97546352 3.54428314e+01
93.42194823 27.58802200 -8.21430810 5.03979411e+01
93.42516458 27.69077563 -12.75129347 4.64029172e+01
93.32019386 27.52898513 -8.33809370 4.55661446e+01
93.32353782 27.63177582 -12.75091376 4.40773074e+01
92.87089362 27.43059306 -13.93020706 4.56733601e+01
92.97405070 27.37853130 -10.20070203 2.51849345e+01
92.90154237 27.31009020 -8.97478195 2.29231490e+01
93.00847964 27.26081978 -5.33550186 4.37326012e+01
93.00818195 27.36171569 -8.78103701 2.80654594e+01
93.07797659 27.32978136 -6.24136369 4.47895478e+01
92.46150552 27.03149240 -6.14753922 7.46882432e+00
92.34497025 27.09680649 -10.04614777 4.07822396e+00
92.57407790 27.07097193 -5.95474824 1.10127014e+01
92.57245961 27.17173567 -9.60531010 5.17069454e+00
92.30696451 27.01827231 -7.84906892 1.71795802e+00
92.07363101 27.06490191 -11.34764931 7.48077737e+00
92.19057607 26.98839227 -8.17963723 1.46273769e+00
92.11455686 26.93747387 -7.11811150 1.63293053e+00
92.19145327 27.09029704 -11.21088635 6.85279904e+00
91.99857291 27.22079220 -16.28457893 1.87591315e+01
91.95469449 27.04406581 -11.45908341 6.88767145e+00
91.71541983 27.21970807 -18.13433182 1.47248074e+01
91.47785122 27.10501176 -13.63784076 8.37750761e+00
91.71444176 27.01555132 -11.59799506 6.69109178e+00
91.63739793 27.07793735 -12.96584994 8.20282665e+00
91.71961592 27.11800021 -13.64014214 9.81871303e+00
91.51642444 27.07208235 -12.98984396 7.99618956e+00
91.47294605 27.20714425 -18.12893101 1.11701089e+01
91.95964783 27.14664686 -13.67213705 1.34363131e+01
91.71581904 27.32184751 -21.60429021 1.73787973e+01
92.19616499 27.19300711 -13.71660791 2.22218984e+01
92.11721260 27.24315290 -16.31390344 2.29231637e+01
92.45952369 27.13230496 -9.81878208 3.72254506e+00
92.34950317 27.19958989 -12.86814953 2.40124779e+01
92.53643221 27.19244628 -10.76994244 9.30035135e+00
92.42744248 27.25709936 -13.77124347 3.08711820e+01
92.79742477 27.36387682 -12.78962688 3.74234651e+01
92.86697520 27.32771209 -10.35027112 1.98602221e+01
92.76159549 27.48314791 -18.16935465 4.02622637e+01
92.68788075 27.31763891 -12.80249724 3.03285580e+01
92.97783627 27.48140494 -13.97806738 5.01416981e+01
92.90540660 27.41297179 -12.78818890 4.20086614e+01
92.76244058 27.38241672 -13.86821381 4.02845520e+01
92.57672678 27.27459076 -12.82573148 2.74927263e+01
92.65241015 27.33719316 -13.83903508 3.45739968e+01
92.46528057 27.33689952 -16.41805104 3.08490274e+01
92.54075258 27.29529033 -13.80234804 3.21530032e+01
92.46392466 27.23512980 -12.84571190 2.69318189e+01
92.11623699 27.14131876 -12.90847973 1.52245586e+01
92.07539938 27.26865248 -18.15273718 2.27012399e+01
92.07846637 27.16754855 -13.70004728 1.69092075e+01
91.99773225 27.11890085 -12.92643913 1.20986442e+01
91.83995426 27.13017895 -13.66270329 1.11359975e+01
91.75807865 27.08742950 -12.95413911 9.04011129e+00
91.87896890 27.20295825 -16.25534748 1.64512881e+01
91.75865361 27.18945811 -16.23286977 1.37599140e+01
91.87511392 27.30447051 -20.81560075 1.89594268e+01
91.99509383 27.32210018 -20.80646949 2.12617079e+01
92.11411642 27.34427706 -20.79062869 2.46279754e+01
92.23195976 27.37100918 -20.76218235 2.69388247e+01
92.31130677 27.42556530 -21.54068793 2.79187552e+01
92.46333516 27.43766305 -20.69855481 3.05470697e+01
92.76312449 27.58493792 -21.46109622 4.00906102e+01
92.68824510 27.52013396 -20.64723484 3.70755676e+01
92.90663888 27.61560367 -20.61315523 4.56152107e+01
92.90718208 27.51482086 -16.63026719 4.83760235e+01
93.11904867 27.72133179 -20.59285018 5.34733430e+01
92.97763316 27.58227126 -18.21803959 5.08677355e+01
93.32627488 27.83501056 -20.58710437 6.29748749e+01
92.97936098 27.68410945 -21.43803466 4.82440367e+01
93.01354858 27.66733604 -20.59897561 4.99740726e+01
93.01377699 27.56647568 -16.70785794 5.37873582e+01
93.39548250 27.90856755 -21.42298368 6.48812666e+01
93.39342697 27.80655890 -18.32757336 6.76584064e+01
93.18795312 27.69080492 -18.27517343 6.05870753e+01
93.08346221 27.63549934 -18.25036695 5.60942382e+01
93.39249585 27.70520539 -14.13117123 4.98207766e+01
93.18756619 27.58972428 -14.05520964 5.05120387e+01
93.11897402 27.62037606 -16.77130706 5.76265059e+01
93.22086077 27.57426140 -12.74645808 4.21265397e+01
93.22288290 27.67624501 -16.82932199 6.07165475e+01
93.29057197 27.64669157 -14.09704095 4.95731651e+01
93.59493535 27.92780712 -18.37363392 6.57363591e+01
93.59349625 27.82614029 -14.18129489 5.14912630e+01
93.72711077 27.97718357 -17.02728910 5.71247909e+01
93.62567658 27.81250679 -12.75572365 5.16480108e+01
93.79138172 27.95118907 -14.22596176 5.17451637e+01
93.72476729 27.87491068 -12.76731958 5.38769841e+01
93.92350453 28.10455485 -17.06965884 4.94018611e+01
93.79330089 28.05319758 -18.41477609 5.72412927e+01
93.62796289 27.91471721 -16.99842768 5.86356116e+01
93.98925002 28.18167756 -18.44994831 4.64816111e+01
93.82749276 28.14250103 -20.62012583 6.13420609e+01
94.02094103 28.16920641 -17.08200458 4.47732206e+01
93.92563840 28.20672659 -20.63286469 5.59496970e+01
93.49462383 27.86658788 -18.35182679 6.80786105e+01
93.42732641 27.79286769 -16.92512523 6.44739131e+01
94.02330143 28.27156272 -20.64696339 4.83145184e+01
93.89389296 28.21942172 -21.45572945 5.73830152e+01
93.83032069 28.24506894 -23.08036129 6.65154631e+01
93.69972607 28.19485759 -23.87577513 6.66962220e+01
93.79849326 28.25802048 -23.88017420 6.69493836e+01
93.69671997 28.09222878 -21.43812615 7.02730277e+01
93.69446776 27.99005093 -18.39543658 6.21140411e+01
93.39885961 28.01132156 -23.86825789 5.94074807e+01
93.59712565 28.02992592 -21.42960452 7.03353064e+01
93.08528057 27.73737184 -21.43127720 5.20170640e+01
93.29321738 27.84986185 -21.42511293 5.98132641e+01
93.01737798 27.77019086 -23.07380725 4.82261011e+01
93.08903476 27.84021334 -23.87130105 4.99736928e+01
93.12275012 27.82416790 -23.06783004 5.15246557e+01
92.91245370 27.82028857 -25.27333528 4.39007193e+01
93.19348356 27.89553570 -23.87047411 5.31296983e+01
93.12478414 27.92607810 -25.27066342 4.95593308e+01
93.22682171 27.88012568 -23.06682400 5.50963503e+01
93.29671918 27.95265048 -23.86813316 5.64886599e+01
93.50000104 28.07136648 -23.86783070 6.20296941e+01
93.63245999 28.11902795 -23.06883691 6.78598419e+01
93.70151355 28.29667848 -25.91568426 5.84884271e+01
93.99429847 28.38653830 -23.88876188 5.36149278e+01
93.79561110 28.15543756 -21.44644365 6.66172595e+01
93.73172807 28.18161618 -23.07514131 6.88018036e+01
93.73418222 28.28388024 -25.30039760 6.06660584e+01
94.02587807 28.37403596 -23.09197583 5.11609714e+01
93.83283196 28.34740059 -25.30676049 6.09839733e+01
93.92834132 28.30924709 -23.08586632 5.73727978e+01
93.80052212 28.36001917 -25.92635007 5.86151340e+01
93.63637525 28.32286163 -27.11646538 5.47069966e+01
93.99679376 28.48890821 -25.95385876 5.40741797e+01
93.90139571 28.52643923 -27.77576754 5.09903056e+01
93.83484471 28.44938347 -27.15469091 5.39693067e+01
93.89891513 28.42413969 -25.93703059 5.76866477e+01
94.02849494 28.47650886 -25.32667130 5.28872790e+01
93.93597808 28.61633206 -28.97351239 4.68320842e+01
93.63485346 28.22122699 -25.29276292 5.99157058e+01
93.60408977 28.33635520 -27.70207911 5.34773921e+01
93.60179417 28.23424941 -25.90390476 5.79353561e+01
93.53602896 28.26103392 -27.10009560 5.42682618e+01
93.22938035 28.08312811 -27.05111982 5.03439038e+01
93.22893603 27.98208816 -25.27551555 5.23228447e+01
93.43382254 28.09902682 -25.28245450 5.69764206e+01
93.29746772 28.05383479 -25.87965928 5.33721668e+01
93.08920688 27.94114414 -25.86598713 4.86019182e+01
93.01932540 27.87205422 -25.27133548 4.71096180e+01
92.98324345 27.78696653 -23.87851797 4.67440400e+01
92.00094684 27.52654063 -25.29504123 2.56851834e+01
93.43156080 27.99695113 -23.06421118 6.17219761e+01
93.39988074 28.11265123 -25.88702941 5.52627477e+01
93.53243449 28.05742564 -23.06401290 6.51046716e+01
93.53476354 28.15956230 -25.28549768 5.87076708e+01
93.32972404 27.93778942 -23.06503896 5.86411680e+01
93.33191467 28.03980647 -25.27592700 5.47803947e+01
92.91059826 27.71846787 -23.07873669 4.45569281e+01
92.19919396 27.49851439 -23.92856686 2.80139369e+01
92.65578094 27.74317444 -25.86374382 3.81974286e+01
92.43060008 27.76489695 -27.54927517 3.20852406e+01
92.91197346 27.92103105 -27.01117505 4.28149815e+01
92.98310830 27.88779573 -25.86349214 4.61497998e+01
92.69295170 27.82540572 -27.00259861 3.74856547e+01
92.87556867 27.83679436 -25.86079989 4.33859074e+01
92.54341254 27.70126865 -25.86669265 3.56732611e+01
92.35201875 27.70750374 -26.99625426 3.05792162e+01
92.31370054 27.62908899 -25.86857448 3.19280919e+01
92.31480328 27.73088189 -27.54507995 3.01333008e+01
92.80744998 27.97460048 -28.69442603 3.91555852e+01
92.87727903 27.93857180 -27.57227999 4.14850973e+01
91.75598092 27.59732455 -26.98155900 2.26707090e+01
92.08384060 27.77875503 -29.17725229 2.77697895e+01
91.95842342 27.55372277 -25.86548259 2.46487083e+01
91.95911321 27.65567623 -27.52764964 2.40087806e+01
91.83794580 27.53767370 -25.86398817 2.39260518e+01
91.35174802 27.51254764 -25.84720602 1.79455115e+01
92.19653040 27.59941323 -25.86711164 3.00155091e+01
92.23516061 27.67639895 -26.99215308 2.92055952e+01
92.11999470 27.54872269 -25.29156445 2.88668947e+01
91.99746737 27.62779938 -26.98470686 2.42175478e+01
91.76022239 27.49563736 -25.28984066 2.21246695e+01
92.08109557 27.47320609 -23.93600337 2.58269514e+01
92.42936172 27.66313899 -25.86590432 3.33888349e+01
92.31596950 27.52830811 -23.91635135 2.92934374e+01
92.07803663 27.57425907 -25.86858678 2.71188571e+01
92.23669848 27.47371817 -23.13380477 2.78760950e+01
92.35302639 27.50497249 -23.12201829 2.89667357e+01
92.23785276 27.57548310 -25.29235872 3.05432337e+01
92.54491571 27.60060753 -23.90177645 3.37489841e+01
92.35431681 27.60670853 -25.28732919 3.20317350e+01
92.58098046 27.57991002 -23.10177266 3.39023567e+01
92.46923518 27.64220140 -25.28569596 3.38419444e+01
92.69246689 27.62298921 -23.09444566 3.70975226e+01
92.58252077 27.68164348 -25.28173737 3.56195016e+01
92.65691900 27.64251882 -23.89525726 3.64131386e+01
92.65264436 27.53967160 -21.47667244 3.61934907e+01
92.76726775 27.68779859 -23.88999608 3.96901068e+01
92.69411785 27.72474603 -25.27726750 3.82339306e+01
92.34841362 27.40221098 -20.73325193 2.83353908e+01
91.88020189 27.40698792 -23.15793403 2.16450677e+01
92.43124329 27.56243687 -23.91278777 3.06919701e+01
92.42670822 27.45964798 -21.51561806 3.00703180e+01
92.19440729 27.39582638 -21.56096614 2.67602045e+01
91.83665425 27.33373477 -21.59989322 1.90293534e+01
92.87201027 27.63318625 -21.44914654 4.42018830e+01
92.80232523 27.66928512 -23.08608424 4.08585850e+01
92.07618917 27.37058055 -21.58265916 2.42608058e+01
91.72105246 27.42427930 -23.93727160 2.01215563e+01
91.95685531 27.34992363 -21.59162603 2.08674438e+01
91.63855789 27.38437850 -23.15884541 1.86110366e+01
91.75443117 27.29118490 -20.82526545 1.70530719e+01
91.39571035 27.37635168 -23.15424456 1.59449980e+01
91.75962532 27.39363725 -23.16083587 1.94281190e+01
91.84178394 27.43622793 -23.93985191 2.21897903e+01
91.63326249 27.28198466 -20.82967148 1.53307990e+01
91.59430051 27.21165360 -18.13186366 1.31023500e+01
91.59457320 27.31387376 -21.60779095 1.56474729e+01
91.23554537 27.41118331 -23.91849510 1.60111964e+01
91.39022090 27.27405749 -20.83610178 1.25527722e+01
90.99266249 27.41832876 -23.89850595 1.39554345e+01
91.47852467 27.41175764 -23.93072104 1.81334511e+01
91.47309460 27.30943467 -21.60901436 1.43492245e+01
91.22992652 27.30893463 -21.60644998 1.15412415e+01
91.03120385 27.38268182 -23.13386110 1.27203318e+01
91.59532339 27.51813626 -25.85796003 1.99918086e+01
91.59990647 27.41624679 -23.93533806 1.93439976e+01
91.15261408 27.48120016 -25.25791857 1.55506773e+01
91.27417962 27.37653439 -23.15033387 1.48714279e+01
90.78797296 27.49604957 -25.22233415 1.41223742e+01
90.78840432 27.39350910 -23.10962786 1.37407669e+01
90.98685609 27.31611189 -21.59440911 1.04997859e+01
90.74994863 27.42963310 -23.87099404 1.49466714e+01
90.74395306 27.32741466 -21.57371725 1.26566279e+01
90.66704352 27.39974657 -23.09535582 1.46726101e+01
91.02543148 27.28046318 -20.82870575 9.48382395e+00
90.90978555 27.38770714 -23.12257111 1.29795764e+01
91.15266943 27.37881394 -23.14250207 1.34807445e+01
91.10836796 27.31181028 -21.60133257 1.05927124e+01
90.66098572 27.29752112 -20.80011520 1.13804809e+01
90.50729604 27.44238016 -23.83541551 1.40407450e+01
90.53953350 27.30392016 -20.78583389 1.07684122e+01
90.62323946 27.23114252 -18.06822705 9.55564510e+00
90.37967428 27.34645064 -21.52060672 1.06791458e+01
90.26459477 27.45481227 -23.79434343 1.12713454e+01
89.90035653 27.47117455 -23.73678891 6.98164042e+00
89.93862906 27.43540983 -22.97991643 7.33954608e+00
89.81714545 27.44031737 -22.96495116 5.10473695e+00
89.89369516 27.36887772 -21.36140365 6.19571960e+00
89.69564420 27.44497803 -22.95477168 2.43552337e+00
89.77214243 27.37369816 -21.32831340 4.21935021e+00
89.29295827 27.49415244 -23.75217680 7.74075170e-03
89.52899545 27.38280328 -21.28986664 1.13990326e-01
88.95923896 27.37240888 -20.65263041 0.00000000e+00
88.84516324 27.48062908 -23.15462151 0.00000000e+00
88.80718083 27.51679250 -23.96839574 1.92961923e-03
88.92119194 27.40843748 -21.51860322 0.00000000e+00
89.28583398 27.39201436 -21.31359023 0.00000000e+00
89.20238912 27.36127530 -20.45469846 0.00000000e+00
89.15989684 27.60188347 -25.76162564 4.37367603e-03
89.57413044 27.44948244 -22.95144724 6.36490412e-01
88.84266662 27.58294576 -25.31143843 8.36501469e-03
89.08584632 27.57098293 -25.19507613 1.25420548e-03
89.28172674 27.59697436 -25.73018614 4.77712433e-02
89.69406217 27.54757332 -25.08753077 3.58831379e+00
89.89088581 27.57413997 -25.70081403 6.72598516e+00
90.14320779 27.46060854 -23.77307018 1.04098216e+01
90.18152642 27.42461967 -23.01810584 1.03262640e+01
90.25821757 27.35253953 -21.48168825 9.89250046e+00
90.38595610 27.44870823 -23.81517764 1.24341719e+01
90.18046068 27.52726249 -25.13549707 1.06700688e+01
90.62125449 27.53890231 -25.78640493 1.47824075e+01
90.62862267 27.43595805 -23.85439558 1.49697144e+01
90.05889625 27.53282999 -25.11884356 9.41719521e+00
90.13444067 27.56361045 -25.72536822 1.05382954e+01
89.65742248 27.48057890 -23.71742350 2.27966962e+00
89.76907452 27.57892298 -25.69359276 5.24842947e+00
89.53593656 27.48504662 -23.71917680 5.45886539e-01
89.57241843 27.55204617 -25.08901821 1.45643371e+00
89.64724702 27.58347964 -25.69139591 3.46015973e+00
89.40152158 27.69488973 -27.42575271 6.96877162e-01
89.45076810 27.55648214 -25.09887744 2.58892806e-01
89.52540883 27.58791477 -25.69591037 1.22720351e+00
89.03808554 27.60724072 -25.80221548 5.09327994e-03
88.82998829 27.68583706 -27.00076985 2.40994244e-02
88.92858441 27.51031368 -23.89680056 8.02024827e-04
88.79454734 27.61965241 -25.90468848 1.79530337e-02
89.32911783 27.56102264 -25.11944560 4.51115760e-02
89.19584893 27.66864681 -26.90223058 4.57551148e-02
88.91630039 27.61314623 -25.85001230 1.47164986e-02
88.79184115 27.72199317 -27.55670297 3.06719558e-02
89.07386922 27.67382973 -26.93074210 2.18770008e-02
88.91372642 27.71551928 -27.52012620 2.81653881e-02
89.40356654 27.59236639 -25.70815202 2.28277194e-01
89.27954973 27.69946107 -27.44167806 1.97385086e-01
90.01267589 27.56905235 -25.71207676 8.98969586e+00
89.68384731 27.65048568 -26.85337150 5.15340630e+00
89.76742449 27.68153178 -27.41153531 6.77165491e+00
89.28665720 27.80158080 -29.10819147 6.87525861e-01
90.25505112 27.66045629 -27.43951268 1.25225408e+01
90.42351065 27.51515116 -25.17270118 1.29984734e+01
90.62051435 27.64149869 -27.46939226 1.56847298e+01
90.66648637 27.50232187 -25.20764740 1.49007991e+01
90.86413093 27.62902273 -27.48654338 1.46105026e+01
90.90277537 27.59303732 -26.94231971 1.44770216e+01
90.74292779 27.53252952 -25.79994775 1.47112914e+01
90.65908656 27.60526746 -26.92390986 1.55188569e+01
90.53725406 27.61173323 -26.91294486 1.46579742e+01
90.49957931 27.54535492 -25.77155165 1.38872742e+01
90.29354724 27.62435675 -26.89066569 1.26112488e+01
90.37789001 27.55170289 -25.75637825 1.28169109e+01
90.86461483 27.52648027 -25.81154317 1.38458788e+01
90.87128978 27.42365425 -23.88524088 1.37306952e+01
91.10809442 27.51664609 -25.83190892 1.52861831e+01
91.11408038 27.41403687 -23.90932723 1.44484596e+01
91.27425049 27.47885250 -25.26728232 1.73312363e+01
91.35704164 27.41025386 -23.92589285 1.73520381e+01
91.35177341 27.61488673 -27.51159803 1.96191119e+01
91.47358266 27.51386282 -25.85194536 1.89555060e+01
91.26858317 27.58132833 -26.96299975 1.84665365e+01
91.22990447 27.51364891 -25.83988063 1.73421083e+01
91.39058938 27.58090454 -26.96840262 1.93253058e+01
91.51753380 27.48092476 -25.28033690 1.94610351e+01
91.63441077 27.58836446 -26.97742786 2.11834504e+01
91.63901932 27.48645578 -25.28519218 2.07747920e+01
91.71683652 27.52594784 -25.86126859 2.17110977e+01
91.47373663 27.61613326 -27.51571959 2.02865184e+01
91.02466457 27.58786378 -26.95009988 1.52972908e+01
91.11361647 27.72132234 -29.13728705 1.79829509e+01
91.51256645 27.58304573 -26.97249057 1.99615549e+01
91.83849736 27.63970951 -27.52812129 2.36585688e+01
91.39612655 27.68318703 -28.60255102 2.07625060e+01
91.47921680 27.71844284 -29.14947460 2.18352747e+01
90.87006348 27.73123403 -29.12767843 1.51285067e+01
91.10786501 27.61910144 -27.50065446 1.67727497e+01
90.99181773 27.72577738 -29.13288098 1.59833614e+01
91.35734466 27.71715542 -29.14553120 2.05875159e+01
91.03047375 27.69007811 -28.58840545 1.61574192e+01
90.98541615 27.82850814 -30.46642553 1.64145682e+01
91.23546375 27.71829072 -29.14155375 1.95882650e+01
91.15225359 27.78842366 -30.07796507 1.90247860e+01
90.90867566 27.69524920 -28.58278890 1.52041759e+01
90.90834837 27.79774722 -30.07041988 1.55230908e+01
91.27421125 27.68357699 -28.59781109 1.95452094e+01
91.27427731 27.78588345 -30.08097852 2.03484833e+01
90.25290809 27.86572527 -30.44670198 1.21925811e+01
90.42167920 27.72039884 -28.55564491 1.44053755e+01
90.78691336 27.70116252 -28.57663748 1.50238712e+01
90.74123292 27.84022440 -30.45969353 1.56006362e+01
90.42082495 27.82302273 -30.05430473 1.47039407e+01
90.29990782 27.72662459 -28.54807845 1.31807770e+01
90.62662979 27.74372683 -29.11677925 1.61398454e+01
90.54343011 27.71397061 -28.56285425 1.54979689e+01
90.41541083 27.61814635 -26.90196501 1.36819208e+01
90.01786116 27.77398476 -29.08799837 9.80210825e+00
90.50491769 27.75021227 -29.11071986 1.54931369e+01
90.49871044 27.64797028 -27.45968115 1.47004951e+01
90.38319116 27.75659064 -29.10481322 1.42898534e+01
90.37689208 27.65433325 -27.45006315 1.36493311e+01
90.13318325 27.66625380 -27.43045103 1.10313682e+01
89.93443309 27.74331203 -28.52949133 8.95717950e+00
90.01128804 27.67169232 -27.42184641 9.03343099e+00
89.56695959 27.85972380 -30.04562502 7.24668949e+00
89.80583146 27.64587843 -26.85562172 6.57479071e+00
89.56875594 27.75717427 -28.52944161 4.82381042e+00
89.64546550 27.68606383 -27.41141200 5.20057175e+00
89.53042756 27.79270215 -29.08884514 4.94704360e+00
89.52349568 27.69047032 -27.41603320 2.45530847e+00
89.44684165 27.76154491 -28.53629987 1.90808468e+00
89.20301877 27.77071590 -28.56406362 2.35657750e-01
89.15758762 27.70433203 -27.46420769 4.63294470e-02
88.95925532 27.78142299 -28.60499733 5.05307118e-02
89.03564405 27.70965195 -27.49028169 2.97793195e-02
88.92109094 27.81737037 -29.15997802 6.06449915e-02
89.27524633 27.90437329 -30.46094446 1.62930472e+00
88.78644470 27.92654089 -30.50084140 2.24239617e-01
88.95677586 27.88373320 -30.09433375 8.22891959e-02
89.08112544 27.77581100 -28.58298615 6.09750997e-02
89.03079388 27.91435981 -30.48041784 1.69698648e-01
89.32492695 27.76601115 -28.54778302 6.23886591e-01
89.27296794 28.00683339 -31.57590038 3.74974068e+00
89.68900259 27.85533995 -30.04254730 9.15785861e+00
89.65230855 27.78832875 -29.08452849 7.39970823e+00
89.77417810 27.78381658 -29.08332729 8.66906413e+00
89.69066333 27.75275916 -28.52620352 7.09680982e+00
89.88936696 27.67676654 -27.41538198 7.83940038e+00
89.81255737 27.74816736 -28.52669959 8.32885099e+00
90.16806063 27.93816860 -31.20017120 1.15493677e+01
90.54270856 27.81657661 -30.05845981 1.59435461e+01
90.13077242 27.87152162 -30.44427530 1.10447120e+01
90.05502931 27.84074477 -30.04384839 1.04923929e+01
89.64197692 27.89121038 -30.44424030 9.31662293e+00
89.55622806 27.96259021 -31.20526250 9.31527098e+00
89.32285841 27.86847700 -30.05908684 1.74240773e+00
89.43381726 27.96689689 -31.20983838 6.63177022e+00
89.51973616 27.89555293 -30.44784483 7.25027301e+00
89.18900051 27.97592857 -31.22228627 1.57122690e+00
89.39749048 27.89989379 -30.45344346 4.05797744e+00
89.15301113 27.90914269 -30.47003640 6.87388080e-01
89.07878318 27.87817169 -30.08125907 1.98961315e-01
89.06661009 27.98096105 -31.22999601 5.19667943e-01
88.83479878 27.88989325 -30.10730709 1.56876337e-01
88.78361333 28.02883697 -31.60445075 8.00430765e-01
89.20081356 27.87313045 -30.06928795 6.78133278e-01
89.15059443 28.01155551 -31.58308711 1.73585913e+00
88.95155483 28.08838896 -32.31176545 1.29977832e+00
89.02823867 28.01672566 -31.59082525 5.79655757e-01
89.15776392 28.11357311 -32.65792266 5.07502132e+00
89.31140574 27.97129361 -31.21530701 3.54162287e+00
89.31846923 28.07341781 -32.29039616 7.44302150e+00
89.39535011 28.00239721 -31.56984431 7.16446828e+00
89.76247818 27.98932345 -31.55890566 1.12960919e+01
89.68544048 28.06049761 -32.27629393 1.19625914e+01
89.88482720 27.98460987 -31.55703868 1.12596657e+01
89.80774434 28.05597393 -32.27371035 1.18399424e+01
90.00715399 27.97957011 -31.55639198 1.13306199e+01
89.93002893 28.05116503 -32.27141505 1.17190505e+01
90.25812728 28.07062952 -32.62775010 1.23409676e+01
90.41261632 27.92602205 -31.20368810 1.38321079e+01
90.41890076 28.02827433 -32.27284658 1.36386618e+01
90.53485846 27.91956314 -31.20609950 1.56548163e+01
90.54105438 28.02180028 -32.27478352 1.48501885e+01
90.86280020 27.93660800 -31.57009144 1.59186392e+01
90.49618834 27.95581782 -31.56149782 1.49243376e+01
90.66458085 27.81007118 -30.06257228 1.62133430e+01
90.37501585 27.85958934 -30.44971814 1.39527356e+01
90.37396923 27.96221920 -31.55947371 1.33810898e+01
90.65708802 27.91302772 -31.20877879 1.59875192e+01
90.78645518 27.80370562 -30.06647057 1.53765544e+01
90.29892025 27.82925841 -30.05038009 1.29641508e+01
90.29035212 27.93225611 -31.20182562 1.25011288e+01
90.74058994 27.94280164 -31.56689078 1.58045103e+01
90.86330977 27.83406376 -30.46322589 1.55039626e+01
90.98503951 27.93101042 -31.57345356 1.69221985e+01
91.10756644 27.82392515 -30.46997865 1.85272814e+01
91.26855401 27.88834554 -31.22560066 2.09050602e+01
91.47423401 27.82051980 -30.48144890 2.19051263e+01
90.90749714 28.00279001 -32.28408273 1.63889754e+01
90.90156580 27.90058127 -31.21491981 1.59797310e+01
91.10732243 27.92637614 -31.57727506 1.91304227e+01
91.02384771 27.89525620 -31.21776528 1.70616009e+01
91.47439058 27.92276955 -31.59277483 2.21018837e+01
91.63559676 27.89466440 -31.24196147 2.30839422e+01
90.77931817 27.90661172 -31.21162047 1.57619888e+01
90.78533735 28.00882477 -32.28037317 1.59086667e+01
91.39095845 27.88769926 -31.23073321 2.15335561e+01
91.35202428 27.92175438 -31.58666240 2.16620908e+01
91.88432666 28.01864473 -32.33761514 2.44536062e+01
91.75758761 27.90337584 -31.24853220 2.36862469e+01
92.00505045 28.03593053 -32.35092278 2.74863701e+01
91.84041080 27.94558819 -31.61309729 2.39748402e+01
91.87911250 27.91616889 -31.25409365 2.40826229e+01
91.99993916 27.93339044 -31.26191647 2.64265371e+01
92.43936057 28.17277431 -32.75452240 3.31691718e+01
92.66054324 28.04834961 -30.57208334 3.61120649e+01
93.02503296 28.27833804 -31.37448611 4.14035721e+01
92.77757844 28.29827463 -32.80193422 3.74833513e+01
92.43466228 28.07003169 -31.65940554 3.28556145e+01
92.47336665 27.94739421 -30.15703540 3.30238519e+01
93.20021789 28.30229779 -30.67360042 4.45583560e+01
92.91754526 28.22636917 -31.35945016 3.98683278e+01
92.88099319 28.14211928 -30.60673194 3.99288379e+01
92.80852252 28.17699459 -31.34705189 3.82059329e+01
92.77157924 28.09372898 -30.59013005 3.80233477e+01
92.58554444 28.08743955 -31.31263492 3.47637798e+01
92.47148958 28.04805479 -31.30091019 3.31443969e+01
92.54923019 28.10814365 -31.67310536 3.43851048e+01
92.20072150 28.00654203 -31.64064829 2.99191758e+01
92.31729921 27.93432918 -30.53034574 3.10291290e+01
92.08165050 27.98161095 -31.63055703 2.84343731e+01
92.12289868 27.85417929 -30.12338929 2.77602373e+01
92.11981844 27.95519828 -31.27189694 2.85115883e+01
92.19971068 27.90475220 -30.52318314 2.95829896e+01
91.96146271 27.96131979 -31.62105118 2.57568353e+01
92.00342166 27.83218254 -30.11224207 2.56918989e+01
91.96420001 27.75821517 -29.17001205 2.45846210e+01
91.96074362 27.85940311 -30.50382394 2.51187567e+01
91.88222571 27.71286804 -28.62049711 2.39171448e+01
91.88298973 27.81474897 -30.10591244 2.39095869e+01
91.60099472 27.72269172 -29.15362593 2.29349534e+01
91.51834695 27.78751655 -30.08858704 2.22944155e+01
91.63976163 27.69074191 -28.61136631 2.28125909e+01
91.64023658 27.79279138 -30.09406577 2.33520203e+01
92.00251193 27.73036177 -28.62330749 2.48628812e+01
92.19749804 27.70124274 -27.53716402 2.86777182e+01
91.76123448 27.69975898 -28.61583123 2.37864511e+01
91.84368911 27.74218340 -29.16481563 2.38939516e+01
91.59560745 27.62033393 -27.52034995 2.13223318e+01
91.51801166 27.68537109 -28.60583858 2.17889760e+01
92.43521691 27.86766319 -29.21051752 3.23894630e+01
92.66163327 27.94774218 -29.23409660 3.63967867e+01
92.12183965 27.75242158 -28.63171121 2.82053446e+01
92.20235906 27.80390773 -29.18756079 2.93827494e+01
92.77231416 27.99308571 -29.25290225 3.85373718e+01
92.76807956 27.89024476 -27.56525334 3.94777133e+01
92.54926752 27.90581963 -29.22403519 3.43549474e+01
92.54780469 28.00643066 -30.55556709 3.42635342e+01
92.80928320 28.07635131 -30.21228365 3.88017009e+01
92.98889735 28.09244594 -29.29839406 4.26315975e+01
92.91796324 28.12566836 -30.23187784 4.06983126e+01
93.02309306 28.07571592 -28.73294200 4.33811396e+01
92.47189156 27.84569597 -28.65954670 3.27757648e+01
92.43336794 27.96831267 -30.54190806 3.25275013e+01
92.35671096 27.81024241 -28.64907167 3.10277073e+01
92.35805527 27.91193965 -30.14399159 3.13334412e+01
93.02512440 28.17755249 -30.25901845 4.25331118e+01
93.09496495 28.14581710 -29.32777871 4.44359987e+01
93.33619765 28.24374493 -28.81169769 4.83218770e+01
93.13085769 28.23170678 -30.28403721 4.41206502e+01
93.44061777 28.40513463 -30.37238618 4.71944121e+01
93.33848471 28.34574234 -30.34414584 4.65280256e+01
93.43482387 28.20034355 -27.07817020 5.33414826e+01
93.30314982 28.25854895 -29.38674125 4.73652360e+01
93.29954318 28.15577323 -27.64103350 5.05776074e+01
93.19967262 28.20127919 -29.35417158 4.59613038e+01
93.50351100 28.27489972 -27.67761610 5.27052838e+01
93.40551867 28.31738428 -29.41506775 4.83202216e+01
93.19594278 28.09847560 -27.61772156 4.85053185e+01
93.12873537 28.12982113 -28.75799122 4.51939737e+01
94.03097503 28.57886323 -27.20969423 4.86676454e+01
94.00208202 28.69376484 -29.57704285 4.30426105e+01
93.70387467 28.39884583 -27.72396300 5.29471197e+01
93.83778974 28.55194699 -28.94034216 4.84172046e+01
93.70699506 28.50146801 -29.49171869 4.83325928e+01
93.73902025 28.48829388 -28.91333159 4.94051534e+01
93.99932913 28.59127767 -27.81076504 4.80808597e+01
93.93315596 28.51381426 -27.17769680 5.22655581e+01
93.60733115 28.43902047 -29.46554338 4.88320627e+01
93.61137208 28.64274518 -31.85127485 4.43808922e+01
93.53933897 28.36372795 -28.85717916 4.99445078e+01
93.50825218 28.47907106 -30.74858442 4.67369035e+01
93.63956415 28.42551365 -28.88796383 4.98555052e+01
93.60897068 28.54065295 -30.77110786 4.64875226e+01
94.03901206 28.88615960 -31.58372313 3.97092268e+01
93.94102696 28.82088943 -31.56413055 4.19633683e+01
94.00735245 28.89849877 -31.93106548 4.00185349e+01
93.74346279 28.69234054 -31.52064993 4.42816663e+01
93.90665158 28.73114742 -30.84394175 4.34171843e+01
93.80808257 28.66681766 -30.81967451 4.48778129e+01
93.54313355 28.56730118 -31.47718357 4.52363106e+01
93.70888798 28.60327497 -30.79552693 4.59980119e+01
93.64206535 28.52770081 -30.42001814 4.71739492e+01
93.50687324 28.37760590 -29.43584555 4.88337930e+01
93.43825580 28.30307597 -28.83181205 4.92955101e+01
93.20230099 28.40416367 -31.77380360 4.31802342e+01
93.13108107 28.33259443 -31.39802141 4.27230891e+01
93.40662988 28.41868924 -30.72642071 4.64275796e+01
93.23526464 28.28786543 -30.31352229 4.54469776e+01
93.33929837 28.44688662 -31.43832076 4.46192095e+01
93.30398296 28.35970519 -30.69943411 4.56721931e+01
93.71135864 28.70543138 -31.87251736 4.38135654e+01
93.24338402 28.59443349 -33.60580781 4.16714348e+01
93.23957004 28.49165656 -32.51023402 4.26995004e+01
93.30615249 28.46162243 -31.79397881 4.39934505e+01
93.81061833 28.76904148 -31.89270262 4.29148898e+01
93.51756116 28.78648973 -34.00232365 4.18961729e+01
93.84253981 28.75624522 -31.54244711 4.33033949e+01
93.64699071 28.73196234 -32.57874750 4.33132192e+01
93.91224454 28.93597060 -32.97835166 4.07952712e+01
93.90924879 28.83344144 -31.91287255 4.17320532e+01
93.71459406 28.80804655 -32.94930531 4.24440196e+01
93.94396919 28.92340431 -32.62904751 4.08128048e+01
93.55001160 28.77266608 -33.64486834 4.22978689e+01
93.74986682 28.89754196 -33.66905029 4.14682975e+01
93.41247393 28.62339144 -32.90332557 4.31632920e+01
93.81373426 28.87161414 -32.96372810 4.16909421e+01
93.74664580 28.79494248 -32.59586594 4.26884671e+01
94.01022697 29.00098418 -32.99000346 3.95882475e+01
93.94695137 29.02591805 -33.68946194 4.01396859e+01
94.01314209 29.10346890 -34.04517188 3.89750347e+01
93.84870472 28.96136110 -33.67976021 4.08049262e+01
93.65297750 28.93677510 -34.70338684 4.08305920e+01
94.04183216 28.98863072 -32.64076343 3.93265566e+01
94.04469313 29.09110139 -33.69501755 3.87548202e+01
93.13891858 28.53819810 -33.58849088 4.09607725e+01
92.92792101 28.53377107 -34.63560203 3.82581749e+01
93.20999855 28.60973514 -33.96619724 4.11746764e+01
93.14116290 28.64005273 -34.66025350 4.00166957e+01
93.41610088 28.72611750 -33.99089512 4.19733516e+01
93.34295930 28.54964011 -32.52795678 4.33479307e+01
93.31360991 28.66714180 -33.97967513 4.16320591e+01
93.30986443 28.56438465 -32.88557868 4.27959913e+01
93.44525058 28.60914815 -32.54596831 4.36563030e+01
93.51058045 28.58110194 -31.83289430 4.46361468e+01
93.44882606 28.71186488 -33.63245173 4.23941260e+01
93.51405297 28.68379781 -32.91763915 4.32250773e+01
93.61472615 28.74540178 -32.93293885 4.29507356e+01
93.54655458 28.66998550 -32.56117693 4.36483644e+01
93.09720025 28.34853414 -31.75445621 4.21278601e+01
92.99479742 28.39784012 -32.83281331 4.01721070e+01
92.99072058 28.29501836 -31.73183730 4.08021939e+01
92.92169530 28.32919627 -32.45739420 3.93947368e+01
92.77325248 28.19545424 -31.70795806 3.76826596e+01
92.66655120 28.25285954 -32.78834145 3.60077165e+01
92.66209974 28.15005540 -31.69119946 3.60205712e+01
92.59007049 28.19023003 -32.41294813 3.49030301e+01
92.48081239 28.25356530 -33.49855712 3.35207501e+01
91.60211219 28.02906315 -32.67785294 2.30724461e+01
92.12482151 28.05780118 -32.36129742 2.91049868e+01
92.23850024 27.98167382 -31.28021972 3.05400237e+01
92.36055370 28.11539558 -32.38000192 3.21454527e+01
92.31845124 28.03608372 -31.64634411 3.15042318e+01
91.88955775 28.12111572 -33.42485037 2.51367993e+01
92.20565628 28.10918300 -32.73039653 3.05774770e+01
91.72408629 28.03657756 -32.68926682 2.34023224e+01
91.96661486 28.06383629 -32.70848309 2.63115099e+01
92.12984440 28.16039813 -33.45642283 2.97296768e+01
92.24338955 28.08433652 -32.36840750 3.11178578e+01
92.24830010 28.18699285 -33.46580127 3.14853415e+01
92.32326964 28.13878012 -32.74163673 3.19606100e+01
92.44408246 28.27551005 -33.86189589 3.31923873e+01
92.13096648 28.26210733 -34.53191250 3.00343696e+01
92.55380570 28.21092283 -32.77485999 3.45523978e+01
92.47613896 28.15081349 -32.39351258 3.34524295e+01
92.92587460 28.43201681 -33.55499255 3.88672340e+01
92.88698205 28.34669044 -32.81591556 3.88926821e+01
92.89121243 28.44950869 -33.91819076 3.83355381e+01
92.70851435 28.43787719 -34.61138265 3.59745737e+01
92.78193200 28.40108814 -33.90892431 3.71161988e+01
92.67001835 28.45620632 -34.94818246 3.55781787e+01
92.67102896 28.35565668 -33.89609477 3.58245839e+01
92.59632079 28.39466603 -34.59558190 3.47553843e+01
92.70747767 28.53843162 -35.58721723 3.57726168e+01
92.89281003 28.65186868 -35.89289871 3.74323474e+01
92.32811022 28.24146990 -33.84167149 3.21307709e+01
92.08873879 28.28770209 -34.87382288 3.02557191e+01
92.21061184 28.21181770 -33.83059653 3.07802264e+01
92.01114373 28.24024122 -34.51484645 2.98777944e+01
92.09176219 28.18676618 -33.81621188 2.97565025e+01
91.96834697 28.26747301 -34.85807484 2.98367788e+01
91.97178490 28.16634752 -33.79660200 2.86695053e+01
91.72520578 28.24054616 -34.82855686 2.65467482e+01
91.96911495 28.36934350 -35.80464414 3.04456877e+01
92.67167108 28.55786715 -35.87509961 3.54214364e+01
92.20908165 28.41433600 -35.83155667 2.99912392e+01
92.36677104 28.31975252 -34.56348291 3.25320967e+01
92.32714283 28.44383842 -35.84229915 3.21724537e+01
92.48237311 28.35521811 -34.58005231 3.35798776e+01
92.24693859 28.38946772 -35.53894373 3.06151670e+01
92.01287645 28.44389748 -36.40712085 3.06086705e+01
92.36455147 28.42042786 -35.55121708 3.26426988e+01
92.44367151 28.47776615 -35.85187554 3.33305294e+01
92.55852798 28.51591328 -35.86404553 3.43593334e+01
92.21411032 28.51694538 -36.72329508 3.03111798e+01
92.55701385 28.41424578 -34.93570005 3.44067466e+01
92.48055881 28.45581537 -35.56297411 3.36038413e+01
92.89713515 28.75466641 -36.76565106 3.70769605e+01
93.55408269 28.97619648 -35.64310636 4.02544176e+01
93.21065885 28.71071628 -35.00208083 4.01918261e+01
93.41972635 28.92934091 -35.92454204 4.00208356e+01
93.03526220 28.58577600 -34.64831080 3.92309027e+01
93.21286664 28.81255208 -35.91459225 3.95168134e+01
92.89091436 28.55016169 -34.97248396 3.78233832e+01
93.10549319 28.65500082 -34.99333171 3.95968496e+01
93.03527369 28.68651632 -35.61467693 3.86763074e+01
93.10760230 28.75678906 -35.90698869 3.89905160e+01
93.52154151 28.98994031 -35.92798709 4.00116937e+01
93.45254619 28.91516560 -35.63797740 4.03051290e+01
92.78305926 28.60336185 -35.88736814 3.64697120e+01
93.00094319 28.70314601 -35.89914297 3.83008251e+01
93.61811693 28.84805505 -34.01288926 4.17199690e+01
93.45132495 28.81390187 -34.68786586 4.11468113e+01
93.65033002 28.83460318 -33.65742199 4.20411280e+01
93.55258627 28.87476986 -34.69695629 4.11595141e+01
93.61989598 28.94966666 -35.02999856 4.05742166e+01
93.75258311 28.99978482 -34.70944294 4.05111899e+01
93.91527995 29.03849840 -34.03957460 4.00333296e+01
93.81917898 29.07616084 -35.03818510 3.97838098e+01
93.94979463 29.12831018 -34.71836690 3.94123650e+01
93.72591427 29.21719684 -36.79855181 3.91446628e+01
93.71990543 29.01244933 -35.03438689 4.02758126e+01
93.62244166 29.05174173 -35.93280538 3.98720069e+01
94.01591872 29.20583260 -35.04308391 3.86109951e+01
93.92057090 29.24295282 -35.93895438 3.89821971e+01
93.42346196 29.03205429 -36.78645641 3.93546129e+01
93.85376215 29.16563912 -35.65125677 3.94038706e+01
93.75794459 29.20415333 -36.51050142 3.92739698e+01
93.95231730 29.23046304 -35.65279219 3.90172657e+01
93.82186817 29.17837413 -35.93686099 3.93183905e+01
93.75460678 29.10156070 -35.64873327 3.97620341e+01
93.72252503 29.11459183 -35.93453106 3.96245038e+01
93.65474140 29.03837248 -35.64679639 4.00574627e+01
93.31686362 28.87015522 -35.92191357 3.98445305e+01
93.21757398 29.01626629 -37.65209974 3.82992805e+01
93.24635807 28.79731816 -35.62963490 3.98593199e+01
93.04165980 28.89108620 -37.34935266 3.76961193e+01
93.35000971 28.85547268 -35.63451590 4.01694848e+01
93.21683494 28.91531912 -36.78014424 3.88889550e+01
93.14149603 28.74089930 -35.62011640 3.93630934e+01
93.03942815 28.78931239 -36.47915899 3.81820024e+01
93.52676934 29.19403868 -37.65969806 3.88237665e+01
93.35381135 28.95820760 -36.49656699 3.94780291e+01
93.62594609 29.15438579 -36.79572370 3.92975655e+01
93.55765163 29.07886676 -36.50481937 3.95893720e+01
93.52516087 29.09262130 -36.79209677 3.93757438e+01
93.45623109 29.01787030 -36.50182913 3.96060314e+01
93.92638002 29.44763701 -37.66534417 3.85729294e+01
93.95542085 29.33297356 -36.51362816 3.87968808e+01
94.02177425 29.41067842 -36.80422026 3.83571524e+01
94.01873618 29.30819570 -35.94134319 3.84426814e+01
94.05636915 29.50085920 -37.38212910 3.82512874e+01
93.92372704 29.34547676 -36.80035132 3.87494432e+01
93.85988121 29.37050029 -37.37551657 3.87630419e+01
93.85698322 29.26819111 -36.51128176 3.90449259e+01
93.76077388 29.30638596 -37.37498780 3.88878143e+01
93.96102515 29.53750746 -38.24439361 3.84925411e+01
93.92925369 29.54991771 -38.53188273 3.83968493e+01
94.05925570 29.60320611 -38.24757708 3.81353311e+01
93.95838448 29.43536128 -37.37802156 3.86347597e+01
93.86227032 29.47245110 -38.24064629 3.85145365e+01
93.66281803 29.34474249 -38.24115359 3.85428711e+01
93.82754333 29.38290391 -37.66332958 3.86698973e+01
93.72805929 29.31897197 -37.66290304 3.87525086e+01
93.56192479 29.28235909 -38.23872948 3.85369542e+01
93.83034746 29.48510805 -38.52989099 3.83730611e+01
94.02761260 29.61539879 -38.53544084 3.82205302e+01
93.63047939 29.35803867 -38.52958580 3.83609296e+01
93.43254188 29.43915206 -40.35874247 3.73931208e+01
93.46014380 29.22112628 -38.23572870 3.84391193e+01
93.35734969 29.16124031 -38.23314916 3.82911177e+01
93.35632769 29.06015873 -37.35941984 3.88718689e+01
93.21987220 29.11807624 -38.52271961 3.77551748e+01
91.89262391 28.52856153 -37.29723242 2.92105309e+01
92.82415801 28.88995475 -38.21736202 3.58759896e+01
93.25270244 29.00196878 -37.36244869 3.86217433e+01
92.71289337 28.84336407 -38.22357796 3.50941895e+01
93.62782657 29.25597842 -37.66153919 3.88219689e+01
93.56033148 29.18095475 -37.37093998 3.90383815e+01
93.25027617 28.90007983 -36.49360531 3.92114529e+01
93.14553201 28.84368132 -36.48800347 3.87712286e+01
93.32175422 29.07399077 -37.65202823 3.85819001e+01
93.32071507 28.97289812 -36.78330137 3.91891607e+01
92.93399986 28.83894515 -37.34780812 3.70302054e+01
92.59992365 28.80009976 -38.21681753 3.42595087e+01
92.89689709 28.85527432 -37.63590406 3.66753265e+01
92.13112401 28.66819604 -38.20450425 2.94633860e+01
93.14827152 29.04631867 -38.22931223 3.76816942e+01
93.14786480 28.94550933 -37.35749955 3.82364467e+01
92.93373895 28.93955147 -38.22053633 3.65935712e+01
93.00524805 28.90664623 -37.64026072 3.73266314e+01
92.48693257 28.66015642 -37.32561140 3.35448370e+01
92.01039852 28.64672507 -38.20015383 2.90984510e+01
92.48998629 28.86339993 -39.10207990 3.32887898e+01
92.21263121 28.71936242 -38.50313078 2.97609759e+01
92.89886924 28.95694757 -38.51167459 3.62626100e+01
92.78875538 28.90834380 -38.51649749 3.55563638e+01
92.21773250 28.82194542 -39.39841051 2.96821015e+01
92.56185841 28.71915871 -37.62693213 3.41320500e+01
92.13628687 28.77074227 -39.09889889 2.93046373e+01
92.36870121 28.72533499 -38.21119709 3.25517331e+01
92.21151382 28.61766524 -37.61306132 3.01889933e+01
91.64356090 28.60933713 -38.18365281 2.73875539e+01
92.37089922 28.62471773 -37.32244134 3.26860825e+01
92.67527243 28.76113901 -37.63137966 3.50164649e+01
92.25061823 28.69447466 -38.20820802 2.99793657e+01
92.33116031 28.74877266 -38.50658646 3.15321163e+01
92.09177031 28.59294126 -37.60640667 2.95910712e+01
91.52049883 28.60481571 -38.17781012 2.68179945e+01
92.48514853 28.76069755 -38.21317710 3.34001120e+01
92.56343213 28.82078702 -38.51047323 3.39483042e+01
92.56321315 28.61866173 -36.74219415 3.42930517e+01
92.25324001 28.59373767 -37.32062906 3.10708049e+01
92.33206056 28.54650323 -36.72954724 3.24848976e+01
92.01386998 28.54563462 -37.30528200 2.98447752e+01
92.32988761 28.64710767 -37.62038639 3.16175070e+01
92.36942402 28.52311086 -36.43430102 3.27152652e+01
92.78690916 28.80669555 -37.63345978 3.58755458e+01
92.67623724 28.66064112 -36.75356011 3.52706553e+01
92.82477645 28.78941258 -37.34314008 3.62486776e+01
93.00514776 28.80594239 -36.76534473 3.78230707e+01
93.11211441 28.96039161 -37.64495874 3.79010528e+01
93.11168799 28.85957478 -36.77570773 3.84412206e+01
92.60130294 28.69959661 -37.33485829 3.44602850e+01
92.71199424 28.64121561 -36.46464359 3.55991710e+01
92.71388338 28.74286098 -37.34039695 3.53778069e+01
92.78750431 28.70615369 -36.76116074 3.62056978e+01
92.59490269 28.49522315 -35.57618298 3.46756485e+01
92.59954020 28.59798298 -36.45187867 3.46047795e+01
92.81836750 28.58493878 -35.60005454 3.68393826e+01
92.82276337 28.68773564 -36.47176766 3.65606070e+01
92.92759914 28.63442216 -35.60413170 3.78292676e+01
92.93187414 28.73722272 -36.47409572 3.74262648e+01
92.08965906 28.38951136 -35.81804391 3.04568111e+01
92.13417090 28.56730002 -37.30988650 2.97825164e+01
92.00768107 28.34138631 -35.50972637 3.05080194e+01
91.97434927 28.47183107 -36.70435499 3.03071040e+01
92.25192355 28.49209913 -36.43015831 3.04416048e+01
92.09479322 28.49206184 -36.71152769 3.01406089e+01
92.12791778 28.36306075 -35.52536882 3.03146584e+01
92.13301096 28.46563286 -36.41736853 3.01626516e+01
91.27992932 28.39978652 -36.34837206 2.42370593e+01
91.48062369 28.33162245 -35.75633171 2.52351893e+01
91.36358814 28.43306741 -36.65672369 2.48970417e+01
91.89036756 28.22295253 -34.49796946 2.79425743e+01
91.35791910 28.33082303 -35.74692094 2.42834375e+01
91.11838462 28.43805058 -36.64413964 2.34011596e+01
90.99585487 28.44285699 -36.63948145 2.06789834e+01
90.86645498 28.55144536 -37.54888603 1.90215618e+01
90.66723732 28.42524700 -36.32694300 1.53235084e+01
90.62081056 28.56451578 -37.54493195 1.62243807e+01
90.53854737 28.32964667 -35.41145882 1.42707914e+01
90.05324135 28.55879758 -37.24048828 1.82750338e+01
90.41597337 28.33616677 -35.41086789 1.37397114e+01
90.01595819 28.49201139 -36.63217249 1.67961717e+01
91.40279221 28.50113343 -37.26507967 2.57134376e+01
91.40258529 28.39895272 -36.35640834 2.49380355e+01
90.62846613 28.46153944 -36.63105450 1.51553983e+01
90.29865731 28.54734536 -37.23881924 1.62583408e+01
90.87336935 28.44860860 -36.63572028 1.80255458e+01
90.66657730 28.52783471 -37.24083499 1.59311580e+01
91.52557919 28.50279067 -37.27164436 2.64933739e+01
91.48621107 28.43390061 -36.66466702 2.59102731e+01
91.60408470 28.53945529 -37.57795714 2.71698884e+01
91.60875533 28.43768025 -36.67329463 2.69879886e+01
91.64825379 28.50754740 -37.27965604 2.74298010e+01
91.64774207 28.40556294 -36.37501198 2.71736097e+01
91.85302969 28.45622811 -36.69384955 2.93173970e+01
91.76999703 28.41412379 -36.38551328 2.84404891e+01
91.72681368 28.54649575 -37.58597787 2.79857602e+01
91.39733333 28.60336894 -38.17324352 2.63520115e+01
91.48115327 28.53591132 -37.57174166 2.63780076e+01
91.02792936 28.61221686 -38.16118563 2.42646146e+01
91.77066557 28.51602547 -37.28802733 2.83213448e+01
91.97169482 28.67473273 -38.49780143 2.87809007e+01
91.60440369 28.64157487 -38.48340850 2.72549707e+01
91.84916437 28.55752276 -37.59350063 2.87644771e+01
91.35815245 28.53529239 -37.56534689 2.57442117e+01
91.15101622 28.60759958 -38.16473623 2.59852994e+01
91.72728775 28.64850809 -38.48873358 2.77427282e+01
91.88873600 28.62987280 -38.19583366 2.85898309e+01
91.15685169 28.70980355 -39.07623755 2.74714778e+01
91.35817233 28.63758590 -38.47463012 2.64657632e+01
91.03384254 28.71441656 -39.07376826 2.66172507e+01
91.27415678 28.60449417 -38.16845866 2.61124284e+01
91.03450139 28.50948482 -37.24893927 2.23260560e+01
90.78188399 28.62417768 -38.15625394 1.89542482e+01
91.23503065 28.63941366 -38.47090244 2.64411252e+01
91.23515765 28.53704792 -37.56037111 2.52425273e+01
90.91183179 28.51502859 -37.24562850 1.92917628e+01
90.74291823 28.66044556 -38.46028208 1.95407745e+01
91.11193443 28.64307720 -38.46736505 2.61853580e+01
91.11220698 28.54063709 -37.55559815 2.45845871e+01
90.74362857 28.55786058 -37.54652708 1.70300023e+01
90.65889192 28.63081213 -38.15465219 1.78488833e+01
90.78971242 28.41870711 -36.32917422 1.66243087e+01
90.78919670 28.52125548 -37.24275047 1.70284794e+01
90.50601363 28.46816523 -36.62990682 1.47209972e+01
90.38354273 28.47463447 -36.62945615 1.46454398e+01
90.12936082 28.58961360 -37.54422803 1.83964088e+01
90.49798492 28.57117495 -37.54388165 1.62582380e+01
89.75856561 28.70705128 -38.46211305 2.08727954e+01
90.04367242 28.66176648 -38.15394400 2.03374252e+01
90.12790800 28.69224740 -38.45781161 2.04372769e+01
90.17596499 28.55327563 -37.23938803 1.70803500e+01
90.25096263 28.68646926 -38.45738639 2.00580601e+01
90.49697968 28.67380675 -38.45793286 1.89115304e+01
90.16677455 28.65627519 -38.15308763 1.97488499e+01
90.25226574 28.58382860 -37.54358217 1.73898360e+01
90.05021455 28.76404705 -39.06725137 2.08819578e+01
90.41288378 28.64407698 -38.15287745 1.81218521e+01
90.25737327 28.78873813 -39.37118767 2.16591816e+01
90.53589636 28.63751056 -38.15350842 1.79196706e+01
89.18139934 28.69230904 -38.17457712 2.70355708e+01
89.14536279 28.62544821 -37.56909988 3.03802484e+01
89.63746158 28.60875817 -37.55259501 2.25940046e+01
89.42780498 28.68395068 -38.16636090 2.46715713e+01
89.30459957 28.68801907 -38.17041639 2.63795263e+01
89.31643907 28.58528049 -37.25923931 2.97689150e+01
89.43926677 28.58118554 -37.25481116 2.68730744e+01
89.51223354 28.71533502 -38.46764862 2.28490962e+01
89.51444012 28.61284662 -37.55611267 2.45974870e+01
89.40283323 28.51414298 -36.64876145 2.81627378e+01
89.19361582 28.58958071 -37.26385096 3.18232705e+01
89.28018161 28.51831661 -36.65350710 3.16755490e+01
89.68490764 28.57298347 -37.24735877 2.19703455e+01
89.55100807 28.67993524 -38.16278017 2.31257982e+01
89.56209171 28.57713399 -37.25079895 2.42544197e+01
89.64812833 28.50592939 -36.64034473 2.15094160e+01
89.26838348 28.62102983 -37.56455953 2.93652989e+01
89.31872659 28.48287663 -36.34840901 3.07826863e+01
89.76047009 28.60448730 -37.54965509 2.10431259e+01
89.77075915 28.50160997 -36.63702949 1.93348723e+01
89.80770819 28.56860281 -37.24448635 2.03136757e+01
89.89337074 28.49699342 -36.63425787 1.80056846e+01
89.88345942 28.59991655 -37.54727255 2.01121912e+01
90.13851702 28.48661719 -36.63060240 1.56108516e+01
90.37513933 28.57765671 -37.54342272 1.65748572e+01
90.42227018 28.43841813 -36.32486467 1.43504362e+01
90.26104512 28.48081236 -36.62974668 1.50243852e+01
90.17721003 28.45063415 -36.32572398 1.48220395e+01
89.88672000 28.39471314 -35.72147885 1.54835484e+01
89.93202919 28.46128453 -36.32920843 1.69070373e+01
90.05463430 28.45616589 -36.32712662 1.56014595e+01
89.68674690 28.47043710 -36.33518419 2.02082543e+01
90.13202880 28.38433771 -35.71709365 1.39667469e+01
90.04808980 28.35388236 -35.41384428 1.38770911e+01
89.92540301 28.35900161 -35.41631512 1.45091773e+01
89.56408019 28.47462961 -36.33904233 2.36110282e+01
89.80269103 28.36374619 -35.41936770 1.57397273e+01
89.55721224 28.37241331 -35.42751577 2.06600488e+01
89.51859383 28.40786201 -35.73290145 2.27276486e+01
89.52548428 28.51006287 -36.64426031 2.47761457e+01
89.31170046 28.38077595 -35.43785721 2.72748593e+01
89.07339273 28.49195968 -36.35840775 3.58696342e+01
89.18894896 28.38520972 -35.44328959 2.97360776e+01
89.02770744 28.42571430 -35.75353545 3.48357128e+01
89.43445730 28.37656317 -35.43246868 2.40825826e+01
89.44140468 28.47872951 -36.34352432 2.71335250e+01
89.93519520 28.25606708 -34.40986494 1.31344685e+01
89.76402795 28.39934325 -35.72469905 1.69654127e+01
89.88839016 28.29211163 -34.76198788 1.36752082e+01
89.67995898 28.36818567 -35.42318082 1.75124047e+01
89.27313441 28.41624171 -35.74315552 2.97089377e+01
89.32334149 28.27798160 -34.43285052 1.89802263e+01
89.15041255 28.42075827 -35.74841112 3.25605019e+01
89.20095832 28.28241604 -34.43910234 1.93742016e+01
89.56811466 28.26957944 -34.42156500 1.61512398e+01
89.64694579 28.09603565 -32.63527671 1.23261228e+01
89.81285346 28.26084661 -34.41307650 1.37286514e+01
89.89814561 28.18918369 -33.70226245 1.26233215e+01
90.30205765 28.23942793 -34.40518881 1.31048723e+01
90.38028288 28.06447629 -32.62887544 1.33029582e+01
90.42518481 28.13052566 -33.34210974 1.35659237e+01
90.17979966 28.24536482 -34.40590646 1.29115419e+01
90.37831446 28.26974313 -34.75565925 1.33981261e+01
90.49977227 28.36592421 -35.71584239 1.41289820e+01
90.25587755 28.27590637 -34.75601626 1.31634542e+01
90.37721880 28.37237840 -35.71551304 1.38239478e+01
90.17074770 28.34835718 -35.41214368 1.35900002e+01
90.25463886 28.37854285 -35.71598227 1.37458395e+01
90.00938845 28.38972750 -35.71899882 1.44513423e+01
90.01091449 28.28710892 -34.75903763 1.32200388e+01
90.29337518 28.34243599 -35.41113185 1.35616965e+01
90.29975491 28.44470160 -36.32495493 1.44275661e+01
90.86737537 28.34640310 -35.72228732 1.73223433e+01
90.91220405 28.41253413 -36.33253189 1.85909722e+01
90.90623897 28.31032964 -35.41919370 1.76848731e+01
91.40234839 28.19443851 -34.44570495 2.36278017e+01
90.98994264 28.34065376 -35.72655998 1.95890567e+01
91.03473007 28.40705002 -36.33660316 2.10769836e+01
91.15150284 28.30043998 -35.43022442 2.25495425e+01
91.15730416 28.40265142 -36.34221509 2.35237767e+01
91.52522244 28.40069563 -36.36461839 2.60414923e+01
91.64227066 28.30322418 -35.46925429 2.64915890e+01
91.60293519 28.23321359 -34.81403598 2.54388937e+01
91.72566959 28.34259043 -35.77918031 2.78868129e+01
91.88649875 28.32431427 -35.49670951 2.94594629e+01
91.89179119 28.42676288 -36.39760797 2.98098654e+01
91.76461312 28.31173190 -35.48234781 2.80147713e+01
91.84770088 28.35380017 -35.79243920 2.93506890e+01
91.51966658 28.29840241 -35.45717237 2.53170810e+01
91.60325112 28.33535845 -35.76717640 2.64076549e+01
91.23532686 28.23002995 -34.78241776 2.29350728e+01
91.27420934 28.29755808 -35.43768178 2.36050571e+01
91.11280416 28.23339822 -34.77430182 2.15161390e+01
91.23521608 28.33240703 -35.73881754 2.36219095e+01
91.24106867 28.12759556 -33.72672152 2.21487936e+01
90.86790536 28.24385756 -34.76355108 1.67916689e+01
91.02884707 28.30484582 -35.42384832 1.99874242e+01
91.11255370 28.33584302 -35.73196695 2.23822905e+01
90.87472948 28.14102473 -33.70805551 1.65716198e+01
90.62311889 28.25670504 -34.75755738 1.50386013e+01
90.66110672 28.32302466 -35.41298031 1.52341969e+01
90.74483642 28.35272590 -35.71911603 1.60882530e+01
91.27997589 28.19511435 -34.43584185 2.29431121e+01
91.35788921 28.22851488 -34.79107788 2.36380486e+01
91.47991927 28.02506519 -32.66919413 2.28133476e+01
91.52434253 28.09422822 -33.38981928 2.35030135e+01
91.64642070 28.09938152 -33.40203741 2.40081187e+01
91.52469824 28.19634654 -34.45714639 2.44223309e+01
91.76289935 28.00579160 -32.33145122 2.35786068e+01
91.60756557 28.13140165 -33.75714502 2.43615542e+01
91.76822655 28.10820316 -33.41321291 2.38528153e+01
91.64692431 28.20139604 -34.47017104 2.54093119e+01
91.84566352 28.04804197 -32.69725823 2.42464222e+01
91.72944942 28.13896891 -33.77013167 2.45093561e+01
91.85093267 28.15049110 -33.78298944 2.50189024e+01
91.76888013 28.21013680 -34.48362510 2.61421515e+01
91.71873813 27.93418216 -31.60724304 2.34878449e+01
91.64100172 27.99702477 -32.32200112 2.29965646e+01
91.39654168 27.98996963 -32.30556276 2.23234863e+01
91.51883476 27.99192007 -32.31233540 2.26528555e+01
91.35764016 28.02401233 -32.66067549 2.22843305e+01
91.36326668 28.12626794 -33.73497824 2.29016799e+01
91.23535720 28.02536567 -32.65429108 2.12951684e+01
91.27990431 28.09282301 -33.37123084 2.21353251e+01
91.11311096 28.02859122 -32.64795110 1.98526275e+01
91.15769912 28.09547401 -33.36447900 2.10844481e+01
90.99091467 28.03321910 -32.64311813 1.75615357e+01
91.11890725 28.13080477 -33.71881249 2.08903081e+01
90.79136047 28.11103683 -33.34908106 1.59933177e+01
91.03554244 28.09967480 -33.35774214 1.84788959e+01
90.04574046 27.94371065 -31.19932856 1.11596012e+01
90.01373001 28.08185902 -32.62792127 1.18966113e+01
90.13594307 28.07643482 -32.62750446 1.20326358e+01
90.26452637 28.17289982 -33.69783560 1.27365476e+01
90.05883292 28.14828497 -33.34200321 1.23123528e+01
90.14242818 28.17871618 -33.69846373 1.25482230e+01
90.30309591 28.13678935 -33.34126847 1.27108059e+01
90.38659560 28.16673243 -33.69828266 1.32707332e+01
90.91309111 28.20749323 -34.41547208 1.73384460e+01
90.91343387 28.10499762 -33.35324520 1.68052001e+01
90.99033280 28.23815497 -34.76840304 1.88297381e+01
90.99679616 28.13542651 -33.71285780 1.82088719e+01
89.76584257 28.29676658 -34.76529258 1.45193715e+01
89.77596724 28.19387613 -33.70544717 1.30421956e+01
89.64327640 28.30114025 -34.76953312 1.62234453e+01
89.69224006 28.16276010 -33.34997012 1.31387928e+01
89.32551929 28.17554063 -33.36546432 1.21595873e+01
89.15295102 28.31835516 -34.79151028 2.32087539e+01
89.20327956 28.18002141 -33.37211250 1.00861483e+01
89.07858824 28.28722453 -34.44538566 1.91342649e+01
89.52465253 28.10031188 -32.63965836 1.20088969e+01
89.65377023 28.19828858 -33.70928310 1.36753141e+01
89.03548999 28.11864959 -32.66511636 2.55139008e+00
88.95884855 28.19024663 -33.38563305 7.24330812e+00
88.91324158 28.12428664 -32.67182723 2.45745160e+00
88.83667470 28.19623729 -33.39093766 8.88666387e+00
89.44776375 28.17126796 -33.35934185 1.34714460e+01
89.53156042 28.20252869 -33.71403837 1.41784230e+01
89.28712755 28.21103145 -33.72595921 1.36346770e+01
89.28005474 28.10893310 -32.65102379 7.92648403e+00
88.82190838 27.99271831 -31.24484630 3.73710260e-01
88.82930102 28.09447814 -32.31789154 1.93732232e+00
88.46277215 28.11664806 -32.31942839 2.29705193e+01
88.70708496 28.10123570 -32.32213487 5.49331328e+00
88.54671691 28.14512527 -32.67950949 1.91358283e+01
88.79842037 28.23229219 -33.74993013 1.55168710e+01
88.30254791 28.16185535 -32.66211215 2.13538329e+01
88.34837152 28.22668132 -33.38027897 2.09932689e+01
88.21857082 28.13382286 -32.29366262 1.80921858e+01
88.10437799 28.24445143 -33.34156463 1.51049609e+01
87.81423763 28.19697914 -32.54316717 1.27679295e+01
88.06635121 28.28140737 -33.68984481 1.47636722e+01
88.18048857 28.17066957 -32.64359783 1.68146067e+01
88.17263756 28.06897595 -31.57278117 1.79441395e+01
87.56991624 28.21332680 -32.43591116 1.43861732e+01
87.93634598 28.18837026 -32.58445954 1.34591751e+01
87.61620786 28.27932240 -33.17824180 1.46177615e+01
87.97437041 28.15145300 -32.23868519 1.36552111e+01
87.86034991 28.26229285 -33.27496532 1.30558050e+01
88.05842620 28.17956153 -32.61787247 1.46824217e+01
87.94437703 28.29043126 -33.65844359 1.37115043e+01
87.98237491 28.25343473 -33.31192700 1.38853354e+01
88.58490963 28.10865188 -32.32310579 1.14225993e+01
88.47039162 28.21821977 -33.39007651 2.66785138e+01
88.79102661 28.13056489 -32.67719633 4.37228346e+00
88.71453877 28.20290555 -33.39427188 1.64277358e+01
88.66885125 28.13752151 -32.68021794 1.00070718e+01
88.55427235 28.24671279 -33.75053057 2.76586081e+01
88.83392321 28.29851153 -34.45543757 2.48903886e+01
88.95624043 28.29255705 -34.45113037 2.08898405e+01
88.41811038 28.35792971 -34.79604654 2.08543428e+01
88.43225967 28.25485551 -33.74434002 2.44029020e+01
88.46721864 28.32051172 -34.45130009 2.33752347e+01
88.58940999 28.31251045 -34.45642639 2.90547278e+01
88.54048188 28.34967738 -34.80293241 2.58903665e+01
88.90785595 28.32890674 -34.80213677 2.66126689e+01
88.78535517 28.33512208 -34.80527085 3.06572866e+01
88.90502770 28.43123598 -35.75778850 3.51344270e+01
88.45301978 28.42359311 -35.44961967 2.04706324e+01
88.53722433 28.45198723 -35.75695015 2.26835992e+01
88.69816976 28.40806916 -35.45725793 3.07847322e+01
88.78238248 28.43742480 -35.76020434 3.34308364e+01
88.34506403 28.32904812 -34.44124615 1.89755619e+01
88.16979516 28.47834554 -35.72568002 1.58088886e+01
88.10081469 28.34710481 -34.40461084 1.50676736e+01
88.08555222 28.45067322 -35.40801385 1.49790509e+01
88.05114533 28.38501086 -34.74569247 1.46919728e+01
87.84865513 28.57185424 -36.27712444 1.55402349e+01
88.17345594 28.37575496 -34.76773302 1.59224264e+01
88.18831314 28.27236407 -33.71436066 1.63574295e+01
87.70035325 28.30799787 -33.57406028 1.47116162e+01
87.80648721 28.40347370 -34.68431111 1.42192828e+01
88.22293418 28.33796633 -34.42576302 1.65602660e+01
88.22637190 28.23548044 -33.36420704 1.70897367e+01
87.61218626 28.38317741 -34.25688886 1.48754470e+01
87.68412276 28.41250109 -34.64422213 1.50609249e+01
88.29577275 28.36667492 -34.78441690 1.77296236e+01
88.31027773 28.26345971 -33.73243865 1.91535763e+01
87.24543195 28.40828916 -34.06898087 1.48352792e+01
87.21194375 28.34033463 -33.31645233 1.46533641e+01
87.12314660 28.41649022 -33.99293018 1.49643380e+01
87.43930589 28.42993916 -34.53837397 1.48708150e+01
87.11405140 28.62878534 -36.02413040 1.55767801e+01
87.22782543 28.51464965 -35.11170524 1.51398152e+01
87.00086282 28.42481757 -33.91107708 1.51758851e+01
87.19439955 28.44682388 -34.40436102 1.49808124e+01
86.94478056 28.57104602 -35.28580254 1.57559970e+01
86.99160390 28.63852285 -35.96624623 1.58518497e+01
87.35042026 28.50583583 -35.17351106 1.50570638e+01
86.58695929 28.71102734 -36.08188985 1.81443914e+01
86.75635962 28.44249900 -33.73309824 1.60036955e+01
86.86006346 28.54198405 -34.89554278 1.59645014e+01
86.21644831 28.53297257 -33.72360473 2.87360915e+01
86.24871223 28.60297838 -34.50287890 2.68592251e+01
86.02628401 28.52420521 -33.23650322 3.85483757e+01
86.21148878 28.64524881 -34.85834645 2.90791652e+01
86.57746585 28.60266496 -35.06594061 1.79274769e+01
86.82704208 28.47297674 -34.15980295 1.58240338e+01
86.73754218 28.55197274 -34.81595795 1.65621709e+01
86.82227572 28.58087238 -35.21452760 1.62110997e+01
86.11505030 28.43546260 -32.49965241 3.24366507e+01
86.46016423 28.50469943 -33.88891865 1.89949762e+01
86.26850380 28.48922674 -33.37018313 2.47693665e+01
86.72341670 28.37297703 -32.95541509 1.58067081e+01
86.51690383 28.35321111 -32.40758529 1.71589206e+01
86.63418587 28.45229230 -33.64010043 1.67765236e+01
86.10496066 28.32486983 -31.32492450 2.70649900e+01
85.99443425 28.45465671 -32.44099736 3.02090956e+01
86.46985505 28.28424829 -31.60513352 1.69280617e+01
86.35769873 28.40513411 -32.66282832 2.01087236e+01
86.39019177 28.47528009 -33.45544781 2.01312842e+01
86.60138526 28.38247691 -32.85678309 1.65817130e+01
86.51211239 28.46310813 -33.54634037 1.80109335e+01
86.58234850 28.49306881 -33.97945184 1.74174617e+01
86.84551252 28.36424854 -33.05278894 1.53137302e+01
86.83635582 28.25759975 -31.92618186 1.48679380e+01
86.96764491 28.35603615 -33.14599004 1.49909938e+01
86.87859272 28.43340663 -33.82406762 1.55037070e+01
87.00537158 28.31814208 -32.80418757 1.48064534e+01
87.08979413 28.34812855 -33.23426646 1.47818032e+01
87.49408577 28.28741595 -33.11833293 1.45122143e+01
87.57829354 28.31641581 -33.52080912 1.46730058e+01
87.33408302 28.33252383 -33.39175274 1.45908864e+01
87.36334167 28.19136382 -31.95651505 1.41845284e+01
86.95862651 28.25008960 -32.02776624 1.46079711e+01
86.94959084 28.14414255 -30.90960409 1.42258863e+01
87.24103948 28.19846861 -31.87482654 1.42142680e+01
87.32545776 28.22844693 -32.29558115 1.42881936e+01
86.26349722 28.26768237 -31.04901910 2.12340689e+01
86.33817187 28.18613818 -30.25471132 1.74821551e+01
86.22626152 28.30901395 -31.40622048 2.36223670e+01
86.21633891 28.19891326 -30.12990894 2.16271752e+01
86.34793348 28.29563656 -31.50201896 1.88088466e+01
86.27336964 28.37759106 -32.21429871 2.32201957e+01
85.78113400 28.34565429 -30.81667045 9.98032331e-01
85.63719179 28.53155794 -32.39599953 2.59056856e+01
85.50939271 28.45248300 -31.24283247 1.83147910e+01
85.49895326 28.34185485 -29.93509208 4.96516615e+00
85.54492415 28.40465174 -30.83901974 1.03972724e+01
85.55537816 28.51539672 -32.01763476 2.51858094e+01
85.39285850 28.48668010 -31.28390394 2.19183971e+01
85.40324543 28.59691670 -32.45667303 2.45415981e+01
85.62672900 28.42062304 -31.21599324 7.34616386e+00
85.51983724 28.56311468 -32.42059912 2.80415695e+01
85.91096323 28.43220575 -32.02020542 1.41318229e+01
85.98419800 28.34371756 -31.26304945 1.59301861e+01
85.87451079 28.47705904 -32.40441433 1.48712698e+01
85.86415543 28.36594599 -31.22289519 3.00653085e+00
85.66802008 28.59933581 -33.18009792 3.46790142e+01
85.67301192 28.48461528 -31.99817074 1.63538878e+01
85.16158999 28.56000317 -31.38718891 1.82213920e+01
85.20683391 28.62042920 -32.14535804 1.88535601e+01
85.04652591 28.59819973 -31.44135791 1.63955804e+01
85.05663550 28.70706774 -32.59841762 1.63062549e+01
84.94167051 28.74537086 -32.64559994 1.54553103e+01
84.97662457 28.69635876 -32.24555491 1.56668492e+01
84.86175517 28.73502644 -32.29190347 1.51168367e+01
84.62214302 28.70516944 -31.22938048 1.40044612e+01
84.93164902 28.63693433 -31.49342650 1.53252754e+01
84.85178553 28.62685840 -31.14311482 1.46622107e+01
85.31209781 28.47385966 -30.92606339 2.04604215e+01
85.32242975 28.58380176 -32.09543071 2.19049711e+01
85.26668439 28.41290660 -30.06058518 1.75304729e+01
85.19659565 28.51094889 -30.98068988 1.87048963e+01
84.81684569 28.67593844 -31.54154676 1.48205200e+01
84.80690119 28.56789996 -30.33937219 1.38570213e+01
84.70202729 28.71500775 -31.58421262 1.46358409e+01
84.69213524 28.60731806 -30.39668406 1.33224781e+01
84.24135128 28.86904229 -31.69184906 9.02165193e+00
84.17086258 28.96523340 -32.45310043 8.23663105e+00
84.16092523 28.85851333 -31.32165978 6.82887635e+00
84.05502990 29.00233659 -32.45713090 7.10402856e+00
84.11567977 28.79983792 -30.54838700 6.25403782e+00
83.92885701 28.93231318 -31.32238437 6.99469055e+00
83.64987509 28.94448555 -30.49837993 8.53526278e+00
83.56833679 28.93209556 -30.06856832 9.19829264e+00
83.42620552 29.12079362 -31.58025564 1.19475445e+01
83.53278233 28.97927442 -30.45828437 9.76908221e+00
83.43692937 29.22799705 -32.72192391 1.30347054e+01
83.77698268 29.01587427 -31.68153654 7.94591902e+00
83.47237726 29.18073148 -32.35624927 1.16209959e+01
83.70609219 29.11071859 -32.42269512 8.70876697e+00
83.69575220 29.00395237 -31.28863412 8.50600590e+00
83.58932900 29.14591640 -32.39374652 9.94673893e+00
84.00967722 28.94350490 -31.70290204 6.87299509e+00
83.93895515 29.03895202 -32.45347291 7.39182811e+00
84.04502240 28.89568261 -31.32614207 6.64350955e+00
84.01971117 29.05014994 -32.83382673 7.32142235e+00
84.47206394 28.79269577 -31.65153506 1.37106780e+01
84.40182910 28.88966029 -32.42440854 1.42285641e+01
84.50714757 28.74407517 -31.26308366 1.32714536e+01
84.51700185 28.85129453 -32.40014652 1.51967944e+01
84.85522578 28.84867474 -33.44586926 1.51646825e+01
84.82679449 28.78398122 -32.68862444 1.51088834e+01
84.68817113 28.94160992 -33.87887121 1.54221230e+01
84.71192289 28.82270186 -32.72715859 1.51943749e+01
84.16292224 29.07770835 -33.58553193 1.02895869e+01
84.25125287 28.97583596 -32.82392124 1.15879744e+01
84.10954735 29.13143057 -33.96463681 9.72169754e+00
84.13559767 29.01322102 -32.83236769 8.20212783e+00
83.87671876 29.20476673 -33.95668725 8.34005149e+00
83.90358495 29.08659458 -32.82783310 7.63673513e+00
83.64306297 29.27646458 -33.92004685 1.09937574e+01
83.78723067 29.12257595 -32.81459827 8.19661518e+00
83.58071226 29.25861407 -33.52667684 1.11958252e+01
83.67065468 29.15810217 -32.79231647 9.10644470e+00
83.52596636 29.31178946 -33.88999739 1.51246544e+01
83.55387892 29.19322217 -32.76187307 1.04989811e+01
83.69756558 29.22325447 -33.55381303 9.19782723e+00
83.55274484 29.37716295 -34.63663197 2.08953350e+01
83.75998917 29.24081077 -33.94236951 9.05533889e+00
83.63436158 29.38912612 -35.01599813 1.99280197e+01
84.02040772 29.23293529 -34.69890163 1.07188720e+01
83.99324267 29.16831572 -33.96395152 8.23367379e+00
84.27871261 29.04024079 -33.57653372 1.44782078e+01
84.13683949 29.19594331 -34.69848300 1.29857285e+01
84.33374466 29.16908468 -35.04437026 1.91725636e+01
84.34151964 29.05643246 -33.94718170 1.68780867e+01
84.74011341 28.88723007 -33.48240417 1.52317614e+01
84.48498146 29.08281795 -34.66509601 1.73100918e+01
84.57275126 28.98008798 -33.90691885 1.61660137e+01
84.44966273 29.13121148 -35.03087269 1.78733657e+01
85.02808107 28.94062144 -34.90215609 1.56718868e+01
85.96939839 28.68463546 -34.76733210 4.45937517e+01
85.43329399 28.66347516 -33.23080287 2.45643078e+01
85.14396786 28.90329499 -34.86759700 1.64207964e+01
85.20111856 28.73492143 -33.31555081 1.78732778e+01
85.06331249 28.89182392 -34.51833738 1.58843882e+01
85.03431207 28.82650716 -33.76750398 1.58347337e+01
84.83195330 28.96785214 -34.58869458 1.51737100e+01
84.97037051 28.81029496 -33.40497577 1.55279811e+01
85.17179666 28.66932867 -32.54994076 1.79615506e+01
85.08563143 28.77228805 -33.36099086 1.63607199e+01
85.14991876 28.78887687 -33.72411980 1.68806449e+01
84.80352433 28.90307798 -33.84585022 1.51592059e+01
84.71635469 29.00620946 -34.61838072 1.53638954e+01
85.78661314 28.57117242 -33.17852336 3.55105884e+01
85.75540741 28.50274395 -32.39039542 1.94597393e+01
85.97435418 28.57079758 -33.60816999 4.11119810e+01
86.14715586 28.50539355 -33.29550834 3.37776601e+01
85.73503674 28.62082597 -33.57039707 3.90074196e+01
85.52947487 28.74957727 -34.37687805 2.52320711e+01
85.84932312 28.70866475 -34.74515860 4.20540234e+01
86.09512442 28.55046721 -33.65778903 3.83799822e+01
85.61663754 28.65033014 -33.58015869 3.28599520e+01
85.29550083 28.81820634 -34.44149012 1.84332270e+01
85.49903953 28.68234222 -33.60470942 2.65391797e+01
85.26013362 28.86675251 -34.83218233 1.76461382e+01
85.88580962 28.66328939 -34.36386597 4.45361905e+01
86.12718459 28.62032075 -34.44135298 3.59697989e+01
85.38214407 28.71640375 -33.63922380 2.16086535e+01
85.17924641 28.85457078 -34.47989254 1.68526703e+01
85.73002643 28.73563295 -34.73999642 3.51313921e+01
85.77667635 28.80040041 -35.46698331 3.15887005e+01
85.61153591 28.76533713 -34.74892381 2.75419212e+01
85.65793235 28.82910163 -35.47004377 2.56430744e+01
85.37669771 28.83131485 -34.79887755 1.95737186e+01
85.53993077 28.86019610 -35.48525523 2.18577411e+01
86.00616402 28.64030388 -34.39416177 4.40570557e+01
85.89619345 28.77441920 -35.47719611 3.67773849e+01
86.09016265 28.66356101 -34.80605895 3.70650593e+01
85.97971177 28.79567466 -35.83093030 3.53255258e+01
85.85973926 28.81980915 -35.81158946 3.16886442e+01
85.77170430 28.91499894 -36.48483753 2.44412294e+01
85.74049828 28.84670227 -35.80599607 2.72459702e+01
85.51357742 29.09418406 -37.52807877 1.83349399e+01
85.27041146 28.97636199 -35.88371664 1.71248418e+01
85.36559354 29.06061885 -36.87609809 1.74412122e+01
85.15414730 29.01243744 -35.91379617 1.62288675e+01
85.24853137 29.09560039 -36.90259713 1.65758301e+01
85.18945744 28.96386738 -35.56742944 1.65211979e+01
85.38706669 28.94138449 -35.85507448 1.84512074e+01
85.41219390 28.78305832 -34.40636076 2.09596136e+01
85.30580936 28.92797121 -35.53617400 1.76438161e+01
85.49378731 28.79736099 -34.77010847 2.26780057e+01
85.42258819 28.89327416 -35.50847025 1.93153432e+01
84.91236503 28.97845861 -34.93506053 1.52808953e+01
85.03816579 29.04931368 -35.94304642 1.56694077e+01
84.84190710 29.07586947 -35.65471959 1.52960757e+01
84.92236646 29.08673274 -35.97120517 1.53938410e+01
84.56543923 29.09310692 -35.01306217 1.63931596e+01
84.61058301 29.15194830 -35.69979758 1.61212684e+01
84.26297440 29.26536450 -35.73935418 2.06256844e+01
84.49483997 29.18995029 -35.71677291 1.75090623e+01
83.98490789 29.28073233 -35.05549591 1.18670645e+01
84.10138059 29.24388115 -35.05696470 1.36027868e+01
84.02218266 29.45206141 -36.73632138 2.26306675e+01
84.22757618 29.31341796 -36.07215553 2.13287943e+01
83.78693894 29.30574634 -34.68150700 1.11217402e+01
83.99497211 29.38739579 -36.07442675 1.81095227e+01
83.56329609 29.48419966 -35.69485036 2.97366328e+01
83.86823981 29.31720856 -35.04848936 1.23641202e+01
83.68031308 29.44846615 -35.71572959 2.52337940e+01
83.91390452 29.37620635 -35.74034532 1.64254387e+01
83.67168991 29.56121511 -36.70835028 2.98491867e+01
83.76167834 29.46010370 -36.05778693 2.40901681e+01
83.73417846 29.57862133 -37.04776992 2.95364771e+01
83.79718973 29.41248529 -35.73095913 1.82807959e+01
84.08498330 29.46882058 -37.06757219 2.44176908e+01
84.37898044 29.22777988 -35.73022711 1.95891415e+01
84.25505926 29.37789682 -36.73257753 2.24499298e+01
84.45952300 29.23827518 -36.05308246 1.80640468e+01
84.37126433 29.34040986 -36.72490545 1.99634552e+01
84.57530255 29.20039812 -36.03773162 1.64532977e+01
84.55066362 29.31889786 -37.03785900 1.69556032e+01
84.69100101 29.16243224 -36.01870715 1.56844591e+01
84.48734182 29.30272252 -36.71334555 1.76810449e+01
84.80666975 29.12449836 -35.99622779 1.53868412e+01
84.60331640 29.26489437 -36.69855463 1.63703105e+01
84.78296005 29.24326268 -37.00225679 1.56611654e+01
84.46222923 29.42116258 -37.71124763 1.81262319e+01
84.66682351 29.28105652 -37.02176809 1.60771255e+01
84.31013647 29.50687348 -38.05356294 2.11599880e+01
84.43443059 29.35666918 -37.05068558 1.86272184e+01
84.31808865 29.39428533 -37.05997155 2.12832917e+01
84.34362384 29.27597187 -36.06471007 2.03539985e+01
84.07666594 29.58130283 -38.05907310 2.61734115e+01
84.20161162 29.43168273 -37.06564989 2.36195503e+01
83.78866432 29.52508017 -36.72273851 2.81862530e+01
83.87840753 29.42390075 -36.06868486 1.98812396e+01
83.64381167 29.67992960 -37.69836873 2.53062626e+01
83.90549979 29.48870597 -36.73173844 2.49820662e+01
83.55460066 29.59716861 -36.68898448 2.79493064e+01
83.49084513 29.76399433 -38.00636369 2.16719419e+01
83.77140436 29.75039376 -38.70662661 2.33503833e+01
83.76111415 29.64358830 -37.71250707 2.79430586e+01
83.85285926 29.76158902 -39.04354246 2.32605887e+01
83.87830484 29.60707665 -37.72188583 2.85134962e+01
83.84265756 29.65484888 -38.05039719 2.76473790e+01
83.96819746 29.50568119 -37.06529353 2.60452497e+01
84.34570364 29.45875975 -37.72044853 2.04943578e+01
84.11400391 29.75256383 -39.73086893 2.20243853e+01
84.42668755 29.46937383 -38.04594447 1.85598275e+01
84.08666833 29.68798540 -39.05065438 2.42110687e+01
84.58852717 29.49072020 -38.69480835 1.69302703e+01
85.12564027 29.24573086 -37.94180000 1.59585864e+01
84.57866248 29.38344967 -37.69905200 1.68109587e+01
84.83514776 29.18926705 -36.65861058 1.54947020e+01
85.40604841 29.23732654 -38.56446036 1.69708979e+01
85.48811964 29.25215908 -38.89186174 1.73068676e+01
85.18351357 29.07808317 -36.58055345 1.62766118e+01
85.16120109 29.19734884 -37.59762039 1.60614127e+01
85.41714326 29.00794482 -36.52658816 1.82134809e+01
85.39567283 29.12727922 -37.54842896 1.73348041e+01
84.69504939 29.34573033 -37.68372514 1.61061411e+01
84.95111565 29.15173093 -36.63444993 1.55105324e+01
84.92787431 29.27072389 -37.64496430 1.56427751e+01
85.01539209 29.16836261 -36.95575203 1.56480144e+01
84.71923657 29.22704020 -36.67985464 1.57464833e+01
84.65955035 29.39411616 -38.02170469 1.63294783e+01
85.06721154 29.11460431 -36.60794413 1.57679271e+01
85.13182978 29.13160294 -36.92943742 1.59893808e+01
85.62201418 28.87617707 -35.81314477 2.31697389e+01
85.48311760 29.02696576 -36.85301127 1.86391113e+01
86.10033668 28.77431341 -35.86357434 3.16042141e+01
85.75115276 29.03344157 -37.50564215 2.10171357e+01
85.63204713 29.06279592 -37.51161604 1.95844225e+01
85.53468914 28.97497992 -36.50412757 1.97776495e+01
85.71996586 28.96510108 -36.82529364 2.21465533e+01
85.65285090 28.94387547 -36.48955318 2.18510616e+01
86.07542826 29.00387123 -37.87740966 2.23505410e+01
86.08036825 28.89025850 -36.86774263 2.60695951e+01
85.95957561 28.91259973 -36.84036423 2.57812919e+01
85.89128707 28.88866972 -36.49215545 2.69198764e+01
86.31851700 28.96480445 -37.94533090 2.05457125e+01
86.20170707 28.87043820 -36.90436685 2.40947952e+01
86.11242656 28.95986086 -37.54937889 2.32380002e+01
85.84488332 29.16334470 -38.86720915 1.95536689e+01
86.00172234 29.09293007 -38.53998254 2.08170220e+01
86.24400537 29.05047792 -38.59115505 2.04073296e+01
86.47810711 28.90653058 -37.67316167 1.91966257e+01
86.23396749 28.94015778 -37.58452921 2.20744415e+01
86.48778077 29.01562284 -38.66523716 1.87548865e+01
86.60053318 28.89198640 -37.72170083 1.81520655e+01
86.61002289 29.00036647 -38.70629692 1.80055284e+01
86.84580149 28.86608811 -37.82081042 1.68183845e+01
86.81280103 28.79739811 -37.16366075 1.68225022e+01
86.68536243 28.91890147 -38.08093948 1.75657238e+01
87.17617919 28.87071353 -38.25847898 1.60329240e+01
87.33708227 28.82141629 -37.99468301 1.57962438e+01
87.59105016 28.90366153 -38.99261764 1.59528209e+01
87.58280296 28.80043054 -38.06177709 1.57481487e+01
87.10951334 28.73523489 -36.97090991 1.58415646e+01
87.18082819 28.76453654 -37.31447048 1.58033304e+01
87.29898634 28.85977188 -38.29642519 1.58930714e+01
87.45994466 28.81088603 -38.03011929 1.57402961e+01
86.95379530 28.67722430 -36.26639995 1.60324214e+01
87.35897273 28.60990210 -36.12751104 1.53034974e+01
86.72311387 28.87859402 -37.77148092 1.73810595e+01
86.98699052 28.74570031 -36.91952520 1.61252643e+01
86.74208253 28.76815122 -36.80892505 1.71282518e+01
86.70915330 28.69895109 -36.14490895 1.71536335e+01
86.56779985 28.82264644 -37.05401631 1.84259033e+01
86.49755359 28.79398231 -36.69416747 1.92186253e+01
86.32345507 28.85276693 -36.94923941 2.16979386e+01
86.25381085 28.82537605 -36.58872432 2.39321221e+01
86.44551516 28.83695229 -37.00029051 1.97758114e+01
86.50237080 28.68343567 -35.71053614 1.91589345e+01
86.86918422 28.64863578 -35.90494108 1.62647043e+01
86.69024372 28.80954411 -37.10919075 1.74843958e+01
86.74681898 28.65935432 -35.84108798 1.68688462e+01
86.61975006 28.78051575 -36.75096479 1.79786528e+01
86.62453246 28.67085123 -35.77609970 1.77749236e+01
86.49276358 28.57459520 -34.65331277 1.89270811e+01
86.33321804 28.62924656 -34.92173352 2.24555523e+01
86.25866477 28.71310367 -35.59019149 2.55575232e+01
86.69982579 28.59132355 -35.14099609 1.68878474e+01
86.61509363 28.56273400 -34.73465797 1.74771189e+01
86.37060793 28.58787236 -34.57509984 2.13952201e+01
86.38038754 28.69739264 -35.64797793 2.13918244e+01
87.43496712 28.53450631 -35.52822506 1.51200357e+01
87.19859711 28.65738462 -36.37625033 1.55199903e+01
87.31242543 28.54352836 -35.47522927 1.51571328e+01
87.07618759 28.66716676 -36.32313731 1.57250188e+01
87.60385489 28.59106597 -36.21229066 1.53228267e+01
87.48142235 28.60051478 -36.17213273 1.52768878e+01
87.18987179 28.55253496 -35.41677144 1.52602723e+01
87.10522483 28.52351238 -35.04443537 1.53052437e+01
87.06732009 28.56167269 -35.35356921 1.54593781e+01
86.98263287 28.53257727 -34.97213243 1.55647825e+01
87.23205610 28.72506349 -37.01881780 1.56543814e+01
87.23651268 28.61929455 -36.07802521 1.53988565e+01
86.86450520 28.75660630 -36.86501999 1.65379482e+01
86.93543244 28.78595543 -37.21662300 1.63525899e+01
87.30355530 28.75425553 -37.35824626 1.56640990e+01
87.32101375 28.64778295 -36.42524077 1.54019571e+01
87.81055333 28.60922884 -36.57516870 1.56711851e+01
87.59968204 28.69518718 -37.13838672 1.55403138e+01
88.33816347 28.53386208 -36.35218570 1.74684246e+01
88.08968031 28.65529207 -37.23838110 1.51763842e+01
87.72626527 28.58150636 -36.24713946 1.54531599e+01
87.54900393 28.73397294 -37.43394775 1.55981130e+01
87.80246603 28.50679111 -35.65261132 1.54902246e+01
87.68819638 28.61897616 -36.54497703 1.54799705e+01
87.67999131 28.51617514 -35.61792868 1.52741617e+01
87.59555861 28.48798899 -35.27932735 1.51017310e+01
87.96308083 28.46011175 -35.38447201 1.41252716e+01
87.93289514 28.59944504 -36.60121043 1.48133230e+01
87.92491985 28.49730646 -35.68188745 1.44658788e+01
87.84059594 28.46952426 -35.35573890 1.39745134e+01
88.41471433 28.46029057 -35.75065293 1.93217150e+01
88.17756530 28.58008000 -36.64005549 1.58147328e+01
88.65977990 28.44434238 -35.75999180 2.77862893e+01
88.57557189 28.41549303 -35.45500933 2.46761323e+01
88.29224204 28.46912739 -35.74034446 1.72383587e+01
88.20802274 28.44133702 -35.42648080 1.61585276e+01
88.82081313 28.40137184 -35.45646284 3.38810118e+01
88.82814742 28.50310688 -36.36585512 3.21191458e+01
88.40791073 28.66502476 -37.57262242 1.78958417e+01
88.42230448 28.56186928 -36.66164078 1.86138281e+01
88.89938120 28.63576721 -37.57732795 2.73603896e+01
88.91230468 28.53303367 -36.66723240 3.34780850e+01
88.65354432 28.64884895 -37.57911018 2.15726972e+01
88.78973529 28.53912948 -36.66959075 2.94089586e+01
88.57988332 28.61934595 -37.27477009 2.05377264e+01
88.66720925 28.54597042 -36.66952277 2.42629593e+01
88.93505053 28.70224149 -38.18285430 2.50649009e+01
88.94801799 28.59947725 -37.27267871 3.03269229e+01
88.56580432 28.72236176 -38.18494751 1.93165797e+01
88.70254792 28.61195259 -37.27608138 2.31750719e+01
88.28516651 28.67409692 -37.56433707 1.66658932e+01
88.29991924 28.57075460 -36.65281889 1.70035803e+01
87.95132579 28.76926182 -38.13443875 1.62164116e+01
88.03977002 28.69351438 -37.53648699 1.49644338e+01
87.82849084 28.77959397 -38.11406266 1.59733491e+01
87.91708964 28.70356587 -37.51678905 1.60645351e+01
87.79022973 28.81724539 -38.41441549 1.59849798e+01
87.79440612 28.71369973 -37.49341826 1.58177558e+01
87.70565163 28.78999938 -38.08984245 1.58225877e+01
87.67171241 28.72384983 -37.46589782 1.56682127e+01
87.71377349 28.89280361 -39.01632603 1.60146563e+01
87.66742794 28.82779042 -38.39016069 1.58615359e+01
88.44282723 28.73065101 -38.18173238 1.79313931e+01
88.53070123 28.65657027 -37.57729673 1.94882658e+01
88.69620049 28.81648782 -39.09539858 1.99185229e+01
88.77643976 28.64191951 -37.57925898 2.43111390e+01
88.81192153 28.70816118 -38.18513551 2.30527847e+01
88.65766576 28.85275282 -39.39891925 1.93438480e+01
88.68883672 28.71485457 -38.18562730 2.10247963e+01
88.77332825 28.74419638 -38.48847503 2.18938479e+01
88.89641922 28.73805502 -38.48702016 2.36299834e+01
88.81921218 28.80987107 -39.09436080 2.12044779e+01
89.01954754 28.73263137 -38.48345665 2.50186345e+01
89.02235897 28.63031561 -37.57359353 2.99969433e+01
88.57324316 28.82394842 -39.09523744 1.87081701e+01
88.52729690 28.75890572 -38.48772629 1.87402951e+01
88.41190070 28.86903418 -39.39542558 1.73345952e+01
88.20096011 28.95355245 -40.02824830 1.60637059e+01
88.28910438 28.87829720 -39.38966224 1.65318156e+01
88.28148336 28.77663760 -38.47649375 1.65428667e+01
88.16635503 28.88814253 -39.38104466 1.58581565e+01
88.08195203 28.86098240 -39.06812687 1.53857744e+01
88.04363984 28.89842478 -39.36961269 1.58035049e+01
88.03582818 28.79644657 -38.45196266 1.55801521e+01
87.95921758 28.87140240 -39.05390190 1.63478389e+01
87.91302738 28.80677529 -38.43489218 1.61911885e+01
87.70955212 28.99676073 -39.97349467 1.61940205e+01
87.92094545 28.90900985 -39.35536633 1.63324856e+01
87.67558083 28.93073174 -39.31807557 1.60552909e+01
87.79826162 28.91980134 -39.33830175 1.61588203e+01
88.43216796 29.03776884 -41.07447666 1.72278184e+01
88.44687018 28.93457217 -40.03959057 1.74103376e+01
87.46390719 29.01955482 -39.92974651 1.61552814e+01
87.65884306 29.03601668 -40.30617692 1.62402759e+01
88.53475318 28.86048570 -39.39833841 1.82770018e+01
88.27409104 28.98173531 -40.37217878 1.64596665e+01
88.32388795 28.94373267 -40.03525210 1.66869053e+01
88.89049821 28.94248741 -40.37781358 2.02012546e+01
89.02671104 28.83449833 -39.39286440 2.23506007e+01
88.76709926 28.94860701 -40.37998651 1.94483217e+01
88.78063583 28.84587761 -39.39797367 2.04765368e+01
88.64375280 28.95559389 -40.38087937 1.86357553e+01
88.67906164 29.02154631 -41.07670730 1.85462407e+01
89.01393698 28.93713109 -40.37459414 2.07816326e+01
87.90065705 29.11682220 -41.39924150 1.66025435e+01
88.52046839 28.96348446 -40.38020909 1.78365634e+01
88.39724901 28.97223240 -40.37746293 1.71056197e+01
88.92619674 29.00894702 -41.07336671 1.98085642e+01
88.80260416 29.01481637 -41.07568602 1.92201550e+01
89.06264312 28.90115178 -40.03403092 2.13923949e+01
88.02381576 29.10555224 -41.41051316 1.67622138e+01
88.76384112 29.05084367 -41.43295949 1.88998269e+01
88.88739544 29.04472587 -41.43130143 1.94602075e+01
89.13461488 29.03470298 -41.42542257 2.02004504e+01
88.18553485 29.05724141 -41.06392958 1.65478169e+01
88.31636302 29.14881358 -42.14238085 1.67478506e+01
87.93909229 29.07894495 -41.04352331 1.65841279e+01
87.94692408 29.18117867 -42.12259128 1.67362977e+01
88.30882159 29.04715590 -41.07035651 1.66415410e+01
88.03156631 29.20760870 -42.48750432 1.68846079e+01
87.57779729 29.21719071 -42.08735190 1.65391719e+01
87.81591289 29.09032754 -41.02967371 1.64548967e+01
87.53953664 29.25586660 -42.44705968 1.65991950e+01
87.65440559 29.14024767 -41.37078051 1.64315192e+01
87.95521887 28.97460146 -40.00625855 1.64638197e+01
87.77752290 29.12840994 -41.38600928 1.64925180e+01
88.06229612 29.06788297 -41.05505154 1.67720251e+01
88.07807496 28.96388900 -40.01862668 1.59261168e+01
87.78185658 29.02461803 -40.32465560 1.63167056e+01
87.69275003 29.10196026 -41.01367342 1.63825098e+01
88.14700829 29.09468698 -41.41945518 1.67997327e+01
88.15098540 28.99186047 -40.36434451 1.59962447e+01
86.85018320 29.08149721 -39.77777765 1.70236887e+01
86.46338768 29.24012285 -40.74759433 1.80808739e+01
87.32334177 29.13817645 -40.95101331 1.64219405e+01
87.55289862 28.94176201 -39.29489510 1.60125449e+01
86.79344150 29.23252200 -41.20807640 1.71966571e+01
86.55783578 29.37369784 -42.30667574 1.75326355e+01
87.20889386 29.25590914 -42.03669330 1.66787454e+01
87.40821725 29.16462623 -41.33335755 1.64363810e+01
86.95421620 29.17750913 -40.86934378 1.68795021e+01
86.80266614 29.33994694 -42.34567443 1.71682891e+01
86.70851361 29.20686990 -40.80828689 1.74227484e+01
86.47313759 29.34946715 -41.90710775 1.77540293e+01
87.45479838 29.22975607 -42.07200664 1.65497947e+01
87.56959848 29.11379785 -40.99517757 1.63476917e+01
85.95017609 29.48089320 -42.23934454 1.75826864e+01
85.84031340 29.61834917 -43.42214027 1.70748535e+01
86.54821766 29.26481051 -41.15213696 1.77567598e+01
86.31381342 29.41206370 -42.26930778 1.77950296e+01
86.67075107 29.24815416 -41.18013788 1.74679031e+01
86.43569965 29.39221951 -42.28698916 1.76909470e+01
86.36090083 29.14418343 -39.63909600 1.88911196e+01
86.35109639 29.36863921 -41.88580708 1.79086482e+01
86.23914985 29.16323539 -39.60976095 1.92988748e+01
86.30380356 29.30189720 -41.10031146 1.82414028e+01
86.43082405 29.17095824 -40.00569286 1.84226168e+01
86.21921492 29.27875909 -40.69518490 1.85403267e+01
86.60520153 29.11059197 -39.70695795 1.78588093e+01
86.58585923 29.22292504 -40.77760394 1.77458927e+01
86.36575015 29.03222989 -38.62564629 1.96076569e+01
86.11775880 29.18407788 -39.58592636 1.94673041e+01
86.55315570 29.15399748 -40.03920925 1.79745502e+01
86.45032096 29.05742447 -38.98304511 1.87959124e+01
86.48294151 29.12672254 -39.67184078 1.83747409e+01
86.57243821 29.04151978 -39.02178153 1.81112223e+01
86.72762916 29.09558225 -39.74226658 1.74024731e+01
86.73242444 28.98623912 -38.74790313 1.74001764e+01
87.28515607 29.17723687 -41.31157104 1.65038390e+01
87.28985366 29.07130357 -40.23464297 1.63182467e+01
87.44646027 29.12585420 -40.97411282 1.63630809e+01
87.53130209 29.15230815 -41.35305415 1.64118680e+01
86.97282909 29.06815424 -39.81206551 1.67228061e+01
87.04398006 29.09631342 -40.17494412 1.66258510e+01
87.46832367 28.91460396 -38.96587115 1.59519927e+01
87.53583509 29.04757393 -40.28492883 1.62137648e+01
87.34109745 29.03122398 -39.90392830 1.62111447e+01
87.41283664 29.05932081 -40.26105392 1.62428334e+01
86.93966893 29.00005509 -39.13748715 1.67003089e+01
86.93064747 28.89362439 -38.17369295 1.65588382e+01
87.34559958 28.92567866 -38.93592851 1.60095760e+01
87.43021722 28.95291104 -39.26882900 1.60275952e+01
86.85493923 28.97299809 -38.78942777 1.69304101e+01
86.80796195 28.90588698 -38.12836489 1.69882966e+01
86.79834504 29.12348592 -40.10820165 1.71745190e+01
86.81715308 29.01304281 -39.09950745 1.70630467e+01
86.67567650 29.13823110 -40.07350165 1.75497578e+01
86.69473010 29.02679417 -39.06023826 1.75291069e+01
86.20686542 29.09378949 -38.91678362 2.00953676e+01
86.19676722 28.98330368 -37.90815455 2.17035257e+01
85.95462013 29.02681650 -37.85519268 2.21190605e+01
85.76164327 29.14450973 -38.52594971 1.94180104e+01
85.83441844 29.05220353 -37.84598228 2.12278733e+01
85.64253883 29.17362738 -38.53289585 1.85075228e+01
85.88137953 29.11757888 -38.52842631 2.02600393e+01
85.63733241 29.28837399 -39.56874037 1.77551832e+01
86.08568412 29.11475047 -38.89179928 2.03328137e+01
85.99682671 29.20697511 -39.56959570 1.93299637e+01
85.96500221 29.13791922 -38.87442090 2.01237530e+01
85.82438625 29.28139779 -39.91316578 1.83882874e+01
85.72537118 29.19098664 -38.86751475 1.87946227e+01
85.40041772 29.35182227 -39.59810001 1.67020271e+01
85.60646769 29.22068855 -38.87788625 1.80137287e+01
85.34843777 29.40418925 -39.95950649 1.64810277e+01
85.26036712 29.50467046 -40.71636525 1.62504443e+01
84.75451346 29.69593315 -41.16336222 1.64158192e+01
85.17138483 29.30646103 -38.60720421 1.60555184e+01
84.99578760 29.50946211 -40.01350906 1.59759715e+01
85.13579274 29.35469029 -38.95068962 1.59935260e+01
84.41107377 29.69463285 -40.07220662 1.83187468e+01
85.28853616 29.27136986 -38.58618884 1.64314391e+01
85.23058509 29.43839211 -39.97767423 1.61942687e+01
84.43655165 29.57636138 -39.03962238 1.82840698e+01
84.29411827 29.73195282 -40.07731527 1.95482335e+01
85.00892195 29.28219510 -37.96474000 1.57383573e+01
85.05452947 29.34240806 -38.62860047 1.58433751e+01
84.89237857 29.31919097 -37.98621128 1.57101027e+01
85.01898243 29.39071331 -38.97088794 1.58529782e+01
84.77594465 29.35655441 -38.00479525 1.58916444e+01
84.93787930 29.37896737 -38.64827445 1.57990860e+01
84.55301009 29.53895627 -39.03051324 1.71803259e+01
84.70494018 29.45327508 -38.68196792 1.62944094e+01
84.35558206 29.56563774 -38.71317893 1.98307868e+01
84.23089075 29.71544127 -39.72942835 2.08456301e+01
84.23898207 29.60294814 -38.71816266 2.26491720e+01
84.19346660 29.54419321 -38.05795846 2.42003060e+01
83.88846969 29.71379036 -38.71468759 2.54002108e+01
83.96981849 29.72486759 -39.04872222 2.44994261e+01
83.65425043 29.78688515 -38.69518881 2.17612141e+01
83.60818889 29.72768750 -38.02537497 2.31080649e+01
84.20340160 29.65092629 -39.04979436 2.26423442e+01
84.12226544 29.64008296 -38.72011366 2.48459583e+01
83.61867918 29.83470808 -39.02303296 2.07964266e+01
83.53703651 29.82333415 -38.67936331 2.07789091e+01
84.46439617 29.64086679 -39.71913145 1.79059498e+01
84.09725491 29.97759444 -41.95321159 1.84988720e+01
84.47208992 29.52821122 -38.70550234 1.79797625e+01
84.34768184 29.67819364 -39.72549714 1.91855619e+01
84.69771050 29.56625251 -39.69945592 1.64622105e+01
84.32174872 29.79647379 -40.80736223 1.86827369e+01
84.52797473 29.65728717 -40.06489292 1.73866023e+01
84.66943074 29.50156491 -39.01902297 1.64865847e+01
84.58105969 29.60352274 -39.71039475 1.70360816e+01
84.78586576 29.46431151 -39.00518004 1.60722390e+01
84.76174171 29.58282650 -40.04346387 1.63102357e+01
84.82137124 29.41597665 -38.66598692 1.59388138e+01
84.93116849 29.49240173 -39.67084233 1.59476679e+01
84.90236043 29.42730559 -38.98849518 1.58729684e+01
85.02489843 29.57494809 -40.74848863 1.60495043e+01
84.33163957 29.90331177 -41.95088273 1.79447881e+01
84.63737169 29.73289064 -41.17277003 1.67721649e+01
84.43889725 29.75918288 -40.80253625 1.78602916e+01
84.64484731 29.61997835 -40.05512280 1.67357191e+01
84.40314560 29.80726074 -41.18587373 1.78990290e+01
84.08725133 29.87089145 -40.81058555 1.97488352e+01
84.17708041 29.76918041 -40.07996219 2.07265880e+01
83.96988539 29.90797676 -40.80869982 1.97025143e+01
83.87993054 29.82640078 -39.72559842 2.13353379e+01
84.05148291 29.91883041 -41.19113950 1.92442534e+01
84.05995188 29.80629527 -40.08012454 2.10498965e+01
83.58178689 30.06711367 -41.16750379 1.83028575e+01
83.59064015 29.95388019 -40.05282774 1.92516853e+01
83.82542233 29.88018324 -40.07235569 2.02787658e+01
83.74529692 30.08889546 -41.94356137 1.87803580e+01
83.76276320 29.86316018 -39.71860069 2.05947054e+01
83.51061386 30.16351485 -41.92731053 1.76673813e+01
83.86265224 30.05177608 -41.94875082 2.03046525e+01
83.73495771 29.98199205 -40.79755188 1.90584718e+01
84.79026646 29.64775963 -40.77568026 1.63174214e+01
84.55600836 29.72190756 -40.79557829 1.71730716e+01
84.87870115 29.54593664 -40.02939707 1.60620886e+01
84.81439666 29.52917123 -39.68624304 1.61197609e+01
84.53012639 29.87714456 -42.32632067 1.70472269e+01
84.90750734 29.61111572 -40.76325449 1.61187720e+01
84.44876428 29.86616652 -41.94750540 1.74713107e+01
84.52026294 29.77003331 -41.18014646 1.72712775e+01
85.11677230 29.69621628 -42.28777026 1.61804147e+01
85.22445049 29.55256406 -41.11089532 1.62090045e+01
85.93973414 29.36975718 -41.05667462 1.80706831e+01
85.47147177 29.59597654 -42.25649054 1.65883601e+01
84.88170199 29.76724539 -42.30659313 1.62679570e+01
84.98909456 29.62306290 -41.13967932 1.60935655e+01
84.99913254 29.73141348 -42.29808921 1.61829543e+01
85.14249659 29.53940601 -40.73300261 1.60969527e+01
85.37857326 29.47092852 -40.69965526 1.64984009e+01
85.46667460 29.37112926 -39.94169025 1.68662512e+01
85.61624188 29.40727276 -40.67160826 1.72214496e+01
85.51862205 29.31931864 -39.58144223 1.71833877e+01
85.11306129 29.47355724 -39.99628970 1.60202246e+01
85.04809169 29.45610775 -39.65377540 1.59415649e+01
85.85589961 29.35009720 -40.66100320 1.80463835e+01
85.75658480 29.25918978 -39.56112197 1.83649108e+01
86.06561208 29.23131784 -39.92928441 1.90689464e+01
85.73580538 29.37777543 -40.66394140 1.76452771e+01
85.94473336 29.25531970 -39.91720996 1.88184651e+01
85.87642208 29.23202517 -39.56081800 1.89261642e+01
85.57998874 29.45432965 -41.06874469 1.70186905e+01
85.70460785 29.30952037 -39.91735720 1.78727957e+01
85.49717564 29.43838186 -40.68483734 1.68291527e+01
85.58538494 29.33951039 -39.92745289 1.73415465e+01
85.82980558 29.50724388 -42.23874410 1.73541135e+01
86.09764429 29.30058829 -40.67731739 1.85496191e+01
85.98693131 29.43546172 -41.84632474 1.77916985e+01
86.18203564 29.32270000 -41.08022594 1.83348710e+01
86.06065769 29.34527813 -41.06564788 1.82765899e+01
85.97652325 29.32435638 -40.66522916 1.83684437e+01
85.70990645 29.53529401 -42.24108277 1.70920837e+01
85.81930444 29.39614021 -41.05554360 1.77575279e+01
85.62673287 29.51797376 -41.85210772 1.69681920e+01
85.69939560 29.42438742 -41.05947995 1.73884244e+01
85.59046517 29.56490904 -42.24840880 1.68283392e+01
85.50760882 29.54869312 -41.86160428 1.66883094e+01
85.99734804 29.54656890 -43.02928761 1.73936944e+01
86.07099183 29.45626155 -42.24499484 1.77450506e+01
85.69936804 29.76444746 -44.60656560 1.67172204e+01
85.63185782 29.74316084 -44.21362654 1.66803409e+01
86.19222176 29.43335142 -42.25606022 1.78181224e+01
86.10792958 29.41147863 -41.85576344 1.79406105e+01
85.60094590 29.67548988 -43.42805023 1.67061590e+01
84.98552981 29.95795598 -44.61441931 1.63289286e+01
84.89167073 29.87521384 -43.46141295 1.63154092e+01
85.81960568 29.73633883 -44.60547029 1.68333902e+01
85.15265244 29.64833331 -41.89625308 1.61705214e+01
85.12690200 29.80499588 -43.45114916 1.62548438e+01
85.03496296 29.68343630 -41.90817575 1.61465786e+01
85.04503161 29.79192670 -43.06828775 1.62267086e+01
84.91749375 29.71920386 -41.91865515 1.62121997e+01
84.65712611 29.94758224 -43.46937966 1.65999331e+01
84.80019214 29.75549456 -41.92793680 1.63758452e+01
84.87173678 29.65927955 -41.15231686 1.61940528e+01
84.67311620 29.68472975 -40.78681270 1.66623912e+01
84.57573940 29.93627486 -43.08925285 1.68245081e+01
84.76442406 29.80356237 -42.31465465 1.64406768e+01
84.68300093 29.79216182 -41.93603741 1.66436764e+01
84.41301786 29.91419162 -42.33029563 1.74398297e+01
83.95436785 30.16937215 -43.47564096 2.01925266e+01
84.28598913 29.84449971 -41.18958100 1.85606051e+01
84.20453832 29.83372180 -40.81006788 1.94267938e+01
84.18867804 30.09515711 -43.47680829 1.73535367e+01
84.17872660 29.98842422 -42.33412616 1.80691577e+01
83.93412350 29.95589859 -41.18877833 1.94916346e+01
83.85244796 29.94499535 -40.80450905 1.94195681e+01
83.69925047 30.02998018 -41.17692234 1.86080217e+01
83.61743967 30.01902708 -40.78802718 1.86939781e+01
83.59234118 30.17427492 -42.31713345 1.76015118e+01
83.52128903 30.27085120 -43.07941662 1.98743723e+01
83.62966675 30.34650982 -44.23406113 1.97978007e+01
83.87284959 30.15856478 -43.09292972 2.04408938e+01
83.62793808 30.12611159 -41.93670038 1.78983348e+01
83.63842827 30.23320539 -43.08544212 1.88661407e+01
83.80955222 30.32549554 -44.61831991 1.95616663e+01
83.99006508 30.12141356 -43.09502952 2.01993563e+01
83.98154350 30.23404123 -44.23801419 1.97596910e+01
84.07153629 30.13224380 -43.47663916 1.77901181e+01
84.04455941 30.25067511 -44.61918413 1.94782790e+01
84.10725391 30.08430402 -43.09584799 1.78466505e+01
84.09886521 30.19683214 -44.23842054 1.72116792e+01
84.22440789 30.04721656 -43.09574905 1.75591231e+01
84.29589201 29.95130261 -42.33283813 1.78100484e+01
84.21447470 29.94046623 -41.95290415 1.83185227e+01
84.64724804 29.84023465 -42.32099842 1.67032713e+01
84.56587341 29.82908921 -41.94229922 1.70157411e+01
84.63215386 30.06566660 -44.61763195 1.64817476e+01
84.80293058 29.97613665 -44.23252466 1.63916366e+01
84.45076419 30.08568212 -44.23713429 1.67577414e+01
84.77433741 29.91119465 -43.46592364 1.64308400e+01
84.86757861 29.99335485 -44.61581401 1.63542215e+01
84.27957167 30.17629094 -44.61917892 1.67035344e+01
84.33347061 30.12264076 -44.23797925 1.68747091e+01
84.21617377 30.15969754 -44.23841533 1.69488526e+01
84.30579264 30.05811095 -43.47615643 1.72270675e+01
84.16206849 30.21343693 -44.61923641 1.67235177e+01
83.74691891 30.30882063 -44.23593905 1.98022062e+01
83.92704659 30.28801054 -44.61883006 1.95311757e+01
83.86421903 30.27134940 -44.23714997 1.97928520e+01
83.69209972 30.36318491 -44.61761914 1.95786394e+01
84.51459050 30.10234809 -44.61833396 1.65674297e+01
84.56808468 30.04889431 -44.23596591 1.66221673e+01
84.74980114 30.02929676 -44.61671065 1.64070511e+01
84.68545581 30.01233545 -44.23434261 1.64939081e+01
85.10371082 29.92325213 -44.61344018 1.63325018e+01
85.34092262 29.85641979 -44.61023510 1.64234416e+01
85.46002687 29.82454051 -44.60866177 1.65049438e+01
85.03835587 29.90524731 -44.22785950 1.62980185e+01
85.39341984 29.80475553 -44.21889688 1.64409865e+01
85.57950182 29.79384806 -44.60706094 1.66049400e+01
85.51243791 29.77331110 -44.21572271 1.65506649e+01
85.22215790 29.88935302 -44.61159378 1.63645867e+01
85.15640930 29.87083600 -44.22503397 1.63101704e+01
85.28087924 29.72345732 -43.05342225 1.63125597e+01
85.27474650 29.83728324 -44.22182889 1.63590868e+01
85.87185809 29.68683281 -44.21135668 1.69608008e+01
85.87687610 29.57236754 -43.02794527 1.72186364e+01
85.94022808 29.70962650 -44.60588639 1.69439617e+01
85.96062627 29.59203102 -43.42337906 1.72408009e+01
86.11338099 29.63616385 -44.21345992 1.71845531e+01
86.08133526 29.56724704 -43.42525486 1.73677468e+01
86.20241708 29.54400531 -43.43189678 1.74420307e+01
86.11822426 29.52237105 -43.03398189 1.75163358e+01
86.06120114 29.68426103 -44.60621738 1.70393338e+01
85.99244304 29.66080185 -44.21210377 1.70861541e+01
85.75165975 29.71429785 -44.21203589 1.68212807e+01
86.23467027 29.61299260 -44.21695238 1.72466196e+01
86.35624972 29.59112292 -44.22127142 1.72698181e+01
86.79301722 29.55879622 -44.62016022 1.71028414e+01
86.91568342 29.54158156 -44.62313174 1.70684643e+01
87.09008110 29.48287705 -44.25391388 1.69898593e+01
87.33567664 29.45312989 -44.26351948 1.69249908e+01
87.58150913 29.42537664 -44.27157962 1.69261551e+01
87.70449090 29.41212213 -44.27507242 1.69533527e+01
87.53049191 29.46583581 -44.63484153 1.70105256e+01
87.65364096 29.45222812 -44.63673809 1.70353167e+01
87.70885525 29.30785431 -43.18806060 1.67510072e+01
87.46310838 29.33366582 -43.16995038 1.67274892e+01
87.45856839 29.43903097 -44.26778360 1.69168491e+01
87.40739186 29.47988984 -44.63294207 1.69990589e+01
87.16136838 29.50948307 -44.62831626 1.70140387e+01
87.41659461 29.26871339 -42.43333114 1.66157934e+01
87.03847292 29.52516778 -44.62559763 1.70381224e+01
87.30218884 29.38658598 -43.52452075 1.68195959e+01
86.84485091 29.51526969 -44.24329196 1.70993015e+01
86.72242359 29.53268219 -44.23770755 1.71608457e+01
86.47809377 29.57052133 -44.22626999 1.72567557e+01
86.56745471 29.48259021 -43.46117521 1.73418797e+01
86.44552160 29.50178903 -43.44928811 1.74192076e+01
86.81188210 29.44737886 -43.48331457 1.71346831e+01
86.72721865 29.42270705 -43.09480238 1.72454070e+01
86.36104756 29.47861738 -43.05313197 1.75579393e+01
86.71786888 29.31478541 -41.95155679 1.73348118e+01
86.48289099 29.45881560 -43.06664600 1.74860264e+01
86.84047635 29.29896775 -41.97404504 1.71286891e+01
86.68958526 29.46448819 -43.47232710 1.72416372e+01
87.17082149 29.29553762 -42.40152118 1.67473066e+01
86.68017008 29.35631814 -42.32627789 1.73502762e+01
86.59541086 29.33157232 -41.92939199 1.75513409e+01
86.42588249 29.28265401 -41.12528138 1.80311642e+01
86.34115202 29.25866430 -40.71966718 1.83717717e+01
87.07720451 29.16390360 -40.89835432 1.66759589e+01
86.92529102 29.32444354 -42.36514984 1.70023384e+01
87.08601236 29.26965188 -42.01694810 1.67966748e+01
86.96740729 29.49867839 -44.24872937 1.70404616e+01
87.29368490 29.28190719 -42.41801874 1.66653972e+01
87.21751347 29.36100201 -43.14785093 1.68120240e+01
86.96319818 29.28395809 -41.99582465 1.69470464e+01
86.84963091 29.40615146 -43.10890772 1.71148115e+01
87.09480103 29.37540818 -43.13559176 1.68935829e+01
87.04801610 29.30967424 -42.38370369 1.68612781e+01
87.34028792 29.34711962 -43.15951645 1.67566078e+01
87.42494454 29.37280884 -43.53335671 1.67912298e+01
87.66250613 29.24333660 -42.45955424 1.66162350e+01
87.58596637 29.32059103 -43.17954916 1.67254079e+01
87.05685721 29.41566318 -43.50491713 1.69442552e+01
86.97216519 29.39041467 -43.12235425 1.69951346e+01
87.91634269 29.32149962 -43.55976640 1.69232965e+01
87.77683103 29.43902232 -44.63833433 1.70740673e+01
88.15465969 29.19652972 -42.49393558 1.66915982e+01
87.82751030 29.39925227 -44.27800764 1.69992121e+01
87.90851545 29.21915804 -42.47948648 1.67566294e+01
87.83177288 29.29544649 -43.19530812 1.68056146e+01
88.77109922 29.15250027 -42.50335851 1.85876514e+01
88.32010880 29.35300662 -44.28601951 1.71468613e+01
88.40102127 29.17629330 -42.50163737 1.71143727e+01
88.28533918 29.28774076 -43.57109937 1.69340751e+01
88.39354408 29.07468605 -41.43044355 1.70646521e+01
88.27780746 29.18604421 -42.49855214 1.66588180e+01
88.19316491 29.15902644 -42.13770799 1.63731860e+01
88.27024690 29.08435028 -41.42601109 1.65313687e+01
88.55558096 29.02920370 -41.07646281 1.78732033e+01
88.56296499 29.13078342 -42.14676456 1.77644220e+01
88.64034187 29.05786283 -41.43354918 1.82747759e+01
88.52430828 29.16740214 -42.50329432 1.76005373e+01
89.01099100 29.03939495 -41.42853576 1.99152218e+01
88.80984698 29.11649986 -42.14623017 1.88204538e+01
88.51690819 29.06582424 -41.43285800 1.76570322e+01
88.43962784 29.13936010 -42.14535466 1.72391952e+01
88.69366208 29.22477401 -43.21716166 1.81583646e+01
90.01312306 29.21000345 -43.56471807 2.07352050e+01
89.18051669 29.10123429 -42.13960746 1.98822478e+01
88.81706729 29.21818193 -43.21677153 1.85756044e+01
88.64766949 29.15946065 -42.50374990 1.80986431e+01
88.51718854 29.37196925 -44.64351411 1.76020205e+01
88.94052435 29.21249129 -43.21584610 1.89517212e+01
88.76460508 29.35680252 -44.64353187 1.82548406e+01
88.90175375 29.24820603 -43.57322212 1.87736212e+01
88.56685063 29.33459004 -44.28709298 1.77148075e+01
88.77833423 29.25415561 -43.57375450 1.84074010e+01
88.57032351 29.23236328 -43.21707696 1.77234996e+01
88.65497253 29.26105799 -43.57395897 1.80110425e+01
88.39360516 29.38114655 -44.64325015 1.72756104e+01
88.53168229 29.26898049 -43.57374284 1.76017518e+01
88.44706075 29.24095249 -43.21624291 1.72915713e+01
88.07771902 29.27184033 -43.20719659 1.70073354e+01
88.02334971 29.41397222 -44.64090923 1.71951696e+01
88.03928612 29.30966995 -43.56448488 1.70222790e+01
87.95472485 29.28341766 -43.20168781 1.68906189e+01
87.90006469 29.42624671 -44.63967330 1.71272915e+01
87.95057335 29.38682114 -44.28058253 1.70646805e+01
88.14669410 29.40228059 -44.64198094 1.72781391e+01
88.07368738 29.37489898 -44.28289016 1.71497988e+01
88.27010895 29.39129181 -44.64276936 1.72945095e+01
88.40847095 29.27790206 -43.57284319 1.71995520e+01
88.32387613 29.25047345 -43.21440895 1.68770835e+01
88.88841485 29.35077324 -44.64344106 1.85633485e+01
88.93753107 29.31463730 -44.28667322 1.87362275e+01
89.01226921 29.34560250 -44.64323216 1.88491007e+01
89.30856610 29.30156293 -44.28452295 1.94668724e+01
89.38396261 29.33339670 -44.64213757 1.95331799e+01
89.43460024 29.19549372 -43.20959117 1.97803586e+01
89.26005404 29.33710833 -44.64238539 1.93304944e+01
89.18487075 29.30544445 -44.28514613 1.92624518e+01
89.02521486 29.24306644 -43.57205794 1.90881780e+01
89.39572006 29.23076371 -43.56813002 1.96755280e+01
89.14870355 29.23856845 -43.57048422 1.93404167e+01
89.64273128 29.22325752 -43.56614376 1.99165429e+01
89.63176878 29.32602873 -44.64158132 1.99137722e+01
89.55813073 29.19175444 -43.20837576 1.98743032e+01
89.50786976 29.32976007 -44.64179817 1.97244525e+01
89.92863518 29.17917902 -43.20619664 2.03394379e+01
90.25092958 29.30197843 -44.64111183 2.18321923e+01
90.50654997 29.18619091 -43.56502836 2.32134643e+01
90.37466406 29.29579051 -44.64114615 2.23390150e+01
90.29770470 29.26548887 -44.28225797 2.19800889e+01
90.00335421 29.31296616 -44.64114280 2.07768931e+01
89.87951723 29.31773432 -44.64128257 2.03352907e+01
89.92695717 29.28177855 -44.28242537 2.03840642e+01
89.75565342 29.32206025 -44.64136672 2.01147037e+01
90.79161632 29.23883772 -44.28302069 2.46120433e+01
91.11679725 29.25724804 -44.64191748 2.52633427e+01
90.99306114 29.26260995 -44.64169416 2.49920097e+01
91.28573688 29.21805629 -44.28440311 2.57821297e+01
91.53303651 29.21771921 -44.28520022 2.64027462e+01
91.73574880 29.26042150 -44.64273864 2.70087281e+01
91.61211550 29.25397178 -44.64267061 2.65833313e+01
91.65602259 29.11995732 -43.21223882 2.69142396e+01
91.24058853 29.25317022 -44.64206956 2.55377742e+01
91.73999821 29.15898268 -43.57053984 2.71747686e+01
91.65659896 29.22187440 -44.28540924 2.67940539e+01
91.24644199 29.15078652 -43.56823876 2.59602481e+01
91.03858191 29.22639307 -44.28361164 2.53618923e+01
90.99968809 29.15988948 -43.56686394 2.59553330e+01
90.86936989 29.26882745 -44.64158725 2.46670265e+01
90.91508180 29.23229001 -44.28328141 2.51549461e+01
90.66816135 29.24565224 -44.28275543 2.39305026e+01
90.79216524 29.13628553 -43.20745067 2.55389891e+01
90.42121755 29.25915524 -44.28237222 2.25536181e+01
90.54556688 29.14986566 -43.20644953 2.35476699e+01
90.49836509 29.28922170 -44.64122608 2.29100840e+01
90.54469991 29.25249280 -44.28254807 2.32230266e+01
90.62983326 29.17941418 -43.56540268 2.40658391e+01
90.75310563 29.17260112 -43.56583201 2.49652736e+01
90.90945427 29.02760395 -42.13257856 2.76339212e+01
91.03881577 29.12396795 -43.20870033 2.63832433e+01
91.11713710 29.05248834 -42.49253307 2.70658730e+01
91.28565458 29.11580774 -43.21033297 2.61561605e+01
91.16212949 29.22145564 -44.28398704 2.55578857e+01
91.48829984 29.25096476 -44.64252961 2.61927947e+01
91.53262981 29.11567709 -43.21181258 2.65639605e+01
91.36443544 29.25091102 -44.64233355 2.58436491e+01
91.36989811 29.14873781 -43.56902694 2.61318610e+01
91.16220609 29.11912398 -43.20943575 2.61756806e+01
91.24061261 29.04858651 -42.49360004 2.64956833e+01
91.61116380 29.04999598 -42.49611504 2.68362846e+01
91.49336722 29.14902310 -43.56968353 2.64011255e+01
91.52697071 29.01341908 -42.13770879 2.67116205e+01
91.40914481 29.11443516 -43.21117670 2.63024988e+01
91.35839063 28.94429922 -41.42013375 2.68169223e+01
91.02692775 28.91957907 -41.05833586 2.90626319e+01
90.66886888 29.14305729 -43.20689200 2.45431718e+01
90.90343891 28.92540571 -41.05715683 2.82571611e+01
90.50028731 29.08394987 -42.48887878 2.35081402e+01
90.74698858 29.07038955 -42.49005241 2.58970196e+01
90.66270351 29.04083631 -42.13097265 2.51617925e+01
90.87033930 29.06378750 -42.49082085 2.70335660e+01
90.25349667 29.09667778 -42.48827283 2.17770356e+01
90.38324307 29.19274740 -43.56475125 2.24458892e+01
89.67490841 29.08564499 -42.13196641 2.00421332e+01
90.12356594 29.00016430 -41.41199895 2.10934341e+01
89.80515452 29.18371751 -43.20674829 2.01097728e+01
90.29889364 29.16283605 -43.20585005 2.19708970e+01
90.37690776 29.09049165 -42.48847117 2.25484222e+01
90.17415678 29.27139673 -44.28225960 2.14778127e+01
90.29250870 29.06057177 -42.12955981 2.19863704e+01
90.13653111 29.20471531 -43.56463442 2.12469341e+01
90.13005162 29.10244032 -42.48830137 2.11292521e+01
90.05208811 29.17420503 -43.20595009 2.08778841e+01
90.25990428 29.19894528 -43.56458285 2.17867421e+01
90.17550813 29.16875033 -43.20581153 2.13636650e+01
89.88968391 29.21482702 -43.56505172 2.02490070e+01
89.80331266 29.28627983 -44.28264929 2.01637362e+01
89.51922987 29.22705963 -43.56697822 1.97957704e+01
89.43226509 29.29787935 -44.28393574 1.96436295e+01
89.51239906 29.12489486 -42.49221721 1.99375079e+01
89.31106591 29.19924682 -43.21102263 1.96642906e+01
89.92203414 29.07690815 -42.13012006 2.03359873e+01
89.76621803 29.21921785 -43.56548866 2.00612952e+01
89.42771854 29.09336902 -42.13524762 2.00380766e+01
89.27220844 29.23453226 -43.56921374 1.95311709e+01
89.14166854 29.13663688 -42.49795249 1.96619742e+01
89.06401805 29.20755360 -43.21416386 1.92622312e+01
89.30411541 29.09719589 -42.13741346 2.00003850e+01
89.18753536 29.20319802 -43.21241426 1.94986409e+01
89.75952616 29.11697146 -42.48978414 2.00488521e+01
89.68165084 29.18787125 -43.20740181 1.99750034e+01
89.55131839 29.08957111 -42.13342710 2.00303500e+01
89.75282334 29.01472338 -41.41408439 2.00950826e+01
89.38882058 29.12866271 -42.49401914 1.99013940e+01
89.38190548 29.02655944 -41.41990404 2.02946717e+01
89.26524088 29.13251004 -42.49587811 1.98215099e+01
89.29714833 28.99514267 -41.06379318 2.05627477e+01
89.79848251 29.08146241 -42.13091421 2.01056307e+01
90.00169899 28.90283745 -40.35530645 2.06033980e+01
89.79180013 28.97920571 -41.05507796 2.01266281e+01
89.92553485 28.87170954 -40.01630337 2.03992987e+01
90.04555857 29.07192857 -42.12969961 2.07455331e+01
90.16258754 28.96420269 -41.05321020 2.12890948e+01
90.16905065 29.06647701 -42.12949548 2.12993726e+01
90.24708444 28.99440939 -41.41199370 2.18068972e+01
90.41593304 29.05425777 -42.12984339 2.28699070e+01
90.61836113 28.87234275 -40.35663251 2.43412633e+01
90.65653877 28.93861457 -41.05507893 2.52626016e+01
90.74901518 28.76265871 -39.37410896 2.25228806e+01
89.91542432 28.97463589 -41.05405354 2.02714417e+01
90.00001364 29.00545189 -41.41234322 2.05358482e+01
89.66815403 28.98341689 -41.05653520 2.01907008e+01
89.75482320 28.91217254 -40.35739737 2.02538192e+01
89.62919555 29.01882945 -41.41554729 2.01155947e+01
89.63135294 28.91632040 -40.35918009 2.04071032e+01
89.04982605 29.00381505 -41.07014803 2.02544217e+01
89.26088694 28.92813207 -40.36747294 2.11453246e+01
89.50555417 29.02272796 -41.41747635 2.02095604e+01
89.50786927 28.92026782 -40.36146109 2.06758221e+01
89.17347994 28.99926825 -41.06681085 2.05024204e+01
89.25825617 29.03048546 -41.42253109 2.03175538e+01
89.80229825 28.87633048 -40.01742611 2.03082708e+01
89.92054005 28.66682535 -38.15533564 2.05486944e+01
89.31159804 28.79009657 -39.08073030 2.32283509e+01
89.18591216 28.89660758 -40.03037309 2.16361617e+01
89.39599803 28.82145542 -39.38194072 2.20955412e+01
89.30919474 28.89246186 -40.02697011 2.15406239e+01
89.80407820 28.77375535 -39.06970526 2.06229934e+01
89.88170580 28.70251164 -38.46015990 2.06375084e+01
89.64220047 28.81351536 -39.37635665 2.08758108e+01
89.63540613 28.71128724 -38.46461028 2.17436212e+01
89.26587434 28.72342743 -38.47518506 2.53307532e+01
89.14979347 28.82976614 -39.38900347 2.27391962e+01
89.14270247 28.72780341 -38.47925557 2.56709376e+01
89.06535874 28.79889904 -39.08843695 2.32358463e+01
89.76528427 28.80930883 -39.37437478 2.05891689e+01
90.00482143 28.69759179 -38.45874074 2.06284645e+01
89.92715962 28.76910298 -39.06820643 2.06707869e+01
90.01138713 28.79987194 -39.37189280 2.07965918e+01
90.13439641 28.79452510 -39.37135507 2.12483122e+01
90.28984477 28.65036355 -38.15272093 1.91096705e+01
90.17323871 28.75855077 -39.06671205 2.12590479e+01
90.37398550 28.68029775 -38.45741274 1.93097775e+01
90.17192330 28.86119574 -40.01534974 2.14237696e+01
90.29623050 28.75262884 -39.06658598 2.12708438e+01
90.29506893 28.85527802 -40.01537984 2.21998826e+01
90.38031798 28.78255394 -39.37140125 2.17729693e+01
90.37178594 28.88558808 -40.35519217 2.27997567e+01
90.50323369 28.77604805 -39.37200661 2.16949066e+01
89.87827369 28.90770396 -40.35615569 2.02113521e+01
89.88834826 28.80478585 -39.37290428 2.05012396e+01
90.66433549 28.83562652 -40.01742839 2.38686189e+01
90.61995317 28.66712927 -38.45887559 1.86657825e+01
90.66504078 28.73303410 -39.06860715 2.09591910e+01
90.74162740 28.86558786 -40.35766607 2.51774233e+01
90.91047579 28.82256287 -40.01992256 2.69004980e+01
91.40301406 28.70561087 -39.08203023 2.69289582e+01
90.41818215 28.84897030 -40.01581527 2.28458470e+01
90.49508476 28.87906985 -40.35581873 2.35527936e+01
90.86589106 28.65399289 -38.46212569 2.10815873e+01
90.99483172 28.75028024 -39.37730627 2.67295211e+01
90.54212428 28.73974700 -39.06758128 2.08324293e+01
90.62612862 28.76935565 -39.37288841 2.18604168e+01
90.78795390 28.72638729 -39.07000729 2.18813049e+01
90.87190976 28.75619611 -39.37554732 2.38306762e+01
91.77180839 28.71994797 -39.09192845 2.77737972e+01
91.76636892 28.61757655 -38.18935973 2.79889690e+01
91.11779803 28.74527862 -39.37926183 2.78725060e+01
91.73276011 28.75085948 -39.39183288 2.75826551e+01
91.15674538 28.81214942 -40.02316309 2.84614572e+01
91.60524261 28.84561622 -40.36765780 2.71271249e+01
91.03358673 28.81684817 -40.02140750 2.88555444e+01
91.11154088 28.84785795 -40.36177074 2.87385511e+01
91.64908341 28.71165717 -39.08839369 2.73811042e+01
91.52645630 28.80916434 -40.02815299 2.71125322e+01
91.48695398 28.74037522 -39.38664345 2.70643118e+01
91.60995736 28.74387931 -39.38879513 2.72648933e+01
91.27995995 28.80897876 -40.02476283 2.74782113e+01
91.40321259 28.80777057 -40.02676127 2.71367252e+01
91.97353220 28.87821030 -40.36835593 2.83909835e+01
91.27405699 28.91139225 -41.06106309 2.72953130e+01
92.01668054 28.85090865 -40.03198605 2.86158379e+01
91.60556203 28.94770960 -41.42207253 2.69786675e+01
91.48184246 28.84235449 -40.36643715 2.70165127e+01
91.23479107 28.94638434 -41.41893507 2.72543239e+01
91.35838384 28.84202090 -40.36495392 2.71101546e+01
91.15046379 28.91473325 -41.05976742 2.82973082e+01
91.23493758 28.84403035 -40.36328779 2.76686940e+01
91.11124273 28.95029321 -41.41756971 2.82498070e+01
90.78739901 28.82893880 -40.01862789 2.48904198e+01
90.49402316 28.98170811 -41.41276703 2.37553554e+01
90.54126783 28.84237005 -40.01651785 2.32152031e+01
90.40961857 28.95200578 -41.05364954 2.29911044e+01
90.53308850 28.94539275 -41.05431311 2.41333107e+01
90.61745365 28.97496205 -41.41345865 2.49845449e+01
90.86489972 28.85903689 -40.35890145 2.70823582e+01
90.74087316 28.96817716 -41.41429804 2.62917903e+01
90.86429804 28.96158652 -41.41530650 2.78893180e+01
90.77998319 28.93186933 -41.05608930 2.65320753e+01
91.39769190 28.90998167 -41.06254955 2.69318154e+01
91.15633153 29.01692953 -42.13460314 2.72903930e+01
91.52132313 28.91115751 -41.06351603 2.69167341e+01
91.27985159 29.01360115 -42.13573425 2.66918724e+01
91.64486484 28.91536052 -41.06449846 2.71286860e+01
91.48768025 29.04677936 -42.49557724 2.65562347e+01
91.48200426 28.94453224 -41.42143578 2.67906157e+01
91.40341338 29.01220989 -42.13688843 2.65830351e+01
91.72893368 28.95432712 -41.42313909 2.73054895e+01
91.65043717 29.01766106 -42.13839853 2.69925999e+01
92.09490027 28.89805692 -40.36899678 2.89567710e+01
91.76815987 28.92332215 -41.06535540 2.74748880e+01
91.89644470 29.03771742 -42.13486292 2.78779645e+01
92.56851603 29.12554004 -41.40861250 3.33850594e+01
92.37517808 28.92955531 -40.02965291 3.23995173e+01
91.97434904 28.97999980 -41.42055483 2.82905028e+01
93.67122249 29.65107080 -41.04459860 3.76855457e+01
92.68164587 28.96551103 -39.39923835 3.45594907e+01
92.13966778 29.07572197 -42.13509063 2.89710597e+01
92.90515896 29.26192367 -41.40418636 3.52181873e+01
92.57337034 29.22823812 -42.48117588 3.31665402e+01
92.72320809 29.25091904 -42.12297891 3.40595534e+01
92.83474982 29.29761569 -42.11763480 3.46283417e+01
93.15955068 29.45440066 -42.11750826 3.60245732e+01
92.79274878 29.11160544 -40.36297352 3.49589816e+01
93.73429616 29.52369962 -39.40047219 3.81143905e+01
92.68072579 29.06595551 -40.36394673 3.42973774e+01
92.79466562 29.21321686 -41.40878837 3.46545233e+01
92.83016831 29.19486389 -41.05216719 3.49368902e+01
92.68251026 29.16753765 -41.40938198 3.40449102e+01
92.45130084 28.98579049 -40.36366780 3.28594505e+01
92.60513147 29.10485586 -41.05232302 3.36596747e+01
92.33531880 29.05357853 -41.41210053 3.02868915e+01
92.45278462 29.08737514 -41.40990762 3.26982858e+01
92.13443579 28.97320267 -41.06155915 2.90626752e+01
92.21514464 28.92260501 -40.36902523 2.95608740e+01
91.89494248 28.83405726 -40.03121587 2.80787481e+01
91.89103240 28.93531639 -41.06231140 2.79507321e+01
91.85129349 28.86310433 -40.36894954 2.78633620e+01
91.89408883 28.73229811 -39.09484080 2.82489311e+01
92.25567715 28.79708013 -39.09975370 2.98959603e+01
92.60647320 29.00440840 -40.03040326 3.38886021e+01
92.13748323 28.87236592 -40.03268007 2.91874093e+01
92.33615482 28.85141149 -39.39720195 3.12211796e+01
92.25703682 28.89867615 -40.03239529 2.97976501e+01
92.33400034 28.95195645 -40.36618945 3.11080121e+01
92.09792514 28.79723582 -39.39653852 2.90913523e+01
92.09272301 28.69471059 -38.50161556 2.92383596e+01
91.85518232 28.76186028 -39.39365319 2.80240359e+01
91.84979489 28.65945440 -38.49374221 2.82893511e+01
92.44814707 28.78263451 -38.50822847 3.31234115e+01
92.37365209 28.82799184 -39.09895747 3.19648828e+01
92.90328931 29.05972395 -39.39860669 3.59125156e+01
93.00733424 29.00836048 -38.52010254 3.68768449e+01
92.93810988 29.04233126 -39.10352381 3.62079323e+01
93.04173857 28.99178566 -38.22792287 3.71794169e+01
92.60464715 28.90283498 -39.10458536 3.40813796e+01
92.67699129 28.86276115 -38.51694199 3.47769597e+01
92.56820190 28.92351077 -39.40114066 3.38006463e+01
92.71749934 28.94612467 -39.10525069 3.48543272e+01
92.94031475 29.14402073 -40.02555055 3.58510775e+01
93.56560634 29.38501859 -39.10935263 3.81036258e+01
92.71945700 29.04773263 -40.02933713 3.46030649e+01
92.79329203 29.01111312 -39.40128210 3.52743933e+01
92.49166089 28.96497268 -40.02967891 3.31479086e+01
92.56688345 29.02395225 -40.36360188 3.35929454e+01
92.90311057 29.16028532 -40.36046087 3.55537555e+01
92.83073375 29.09437108 -40.02890617 3.52611492e+01
93.32810602 29.27858634 -39.39954187 3.75689412e+01
93.83625467 29.68962013 -40.35489601 3.80531874e+01
93.56839192 29.48709020 -40.02414672 3.77693680e+01
93.76930381 29.61295462 -40.02249590 3.80346918e+01
93.01180291 29.21179832 -40.35834339 3.60772668e+01
93.53477615 29.50009493 -40.35793671 3.75914410e+01
93.53307145 29.39870111 -39.40097590 3.79245077e+01
93.46393874 29.32381842 -39.10898391 3.79847348e+01
93.04599188 29.09456262 -39.10684435 3.67636542e+01
93.11430929 29.06215156 -38.52136831 3.73721370e+01
93.36125872 29.26396095 -39.10727853 3.77950585e+01
93.42727699 29.23523053 -38.52455827 3.82046670e+01
93.32414806 29.17585829 -38.52443618 3.80308080e+01
93.25342257 29.10290716 -38.23296630 3.80294049e+01
93.73079000 29.42110245 -38.53080120 3.83946234e+01
93.83373989 29.58766699 -39.39923430 3.81924573e+01
93.96425105 29.64001453 -39.11116240 3.83556768e+01
94.03077465 29.71787930 -39.40018276 3.82662014e+01
93.63409823 29.46067310 -39.39979527 3.80283512e+01
93.76636076 29.51073264 -39.10987557 3.82467533e+01
94.06236483 29.70567388 -39.11195031 3.81988808e+01
93.86862700 29.67729924 -40.02223103 3.81645944e+01
93.93253153 29.65243754 -39.39959638 3.82682783e+01
93.96733602 29.74239757 -40.02093683 3.82936450e+01
93.66638690 29.44736573 -39.10983002 3.81856980e+01
93.63608057 29.56224607 -40.35563936 3.77549938e+01
93.73654856 29.62545901 -40.35496965 3.79004157e+01
93.33578357 29.58420405 -42.47634159 3.64856537e+01
93.32922977 29.37964773 -40.35867482 3.71624178e+01
93.36498013 29.46694067 -41.04851167 3.70134099e+01
93.25744525 29.20565293 -39.10645282 3.75500553e+01
93.15531064 29.35165448 -41.04668175 3.63856495e+01
93.25996441 29.30751722 -40.02690723 3.71197141e+01
93.22715065 29.42352200 -41.40186248 3.64984148e+01
93.22394426 29.22082672 -39.40036719 3.72949730e+01
93.15483063 29.25088358 -40.02593977 3.67887324e+01
93.22476188 29.32173880 -40.35918346 3.68749462e+01
93.01397026 29.31348037 -41.39932508 3.57121224e+01
93.11899453 29.26569720 -40.35867343 3.65183464e+01
93.04830726 29.19630640 -40.02700307 3.63607835e+01
93.36387250 29.36588996 -40.02522382 3.73867607e+01
93.26489183 29.51115022 -42.11582550 3.63830085e+01
93.43908180 29.64374454 -42.47867219 3.67789366e+01
93.43512699 29.54105813 -41.40279543 3.70681425e+01
93.04845282 29.29696368 -41.04603139 3.59737553e+01
93.05280533 29.39972077 -42.11191108 3.56211458e+01
93.77154359 29.71470067 -41.04507705 3.78732790e+01
93.53745064 29.60206952 -41.40284610 3.73111243e+01
93.46664042 29.42581761 -40.02619912 3.76001691e+01
93.46804461 29.52702809 -41.04647723 3.72620704e+01
93.66925334 29.54951106 -40.02291119 3.79087302e+01
93.47195028 29.62970716 -42.11767522 3.69754382e+01
93.97009557 29.84453676 -41.04363026 3.82675578e+01
94.06551566 29.80814108 -40.02126062 3.81967709e+01
94.06852615 29.91048520 -41.04597350 3.83068017e+01
93.73939109 29.72757699 -41.40197783 3.77417406e+01
93.84268726 29.89436736 -42.47833029 3.78828175e+01
93.74301504 29.83016595 -42.47659923 3.76118027e+01
93.77511757 29.81727857 -42.11899886 3.77489051e+01
93.63884112 29.66429094 -41.40201818 3.75302980e+01
93.57008243 29.58847150 -41.04684893 3.74835441e+01
93.64257517 29.76691531 -42.47604057 3.73415645e+01
93.57770912 29.79376386 -43.19541679 3.70324442e+01
93.78182701 30.02206129 -44.27725362 3.75956595e+01
94.07503781 30.11541671 -43.20240017 3.84344394e+01
93.57387734 29.69111977 -42.11705814 3.72450724e+01
93.54517470 29.80738051 -43.55579544 3.68513010e+01
93.87459187 29.88177995 -42.11855995 3.80046566e+01
93.87809400 29.98431887 -43.19736804 3.79668684e+01
92.91413861 29.56793292 -44.63499068 3.40915649e+01
93.34112675 29.78793401 -44.63923534 3.58612988e+01
93.23132698 29.52625527 -42.47545365 3.61548281e+01
93.02280247 29.51898542 -43.55246139 3.50053966e+01
93.12556300 29.47017665 -42.47342627 3.57823706e+01
92.94907812 29.45008997 -43.18972684 3.48138617e+01
93.36899715 29.56964646 -42.11993919 3.66929751e+01
93.16382295 29.55714034 -43.19215392 3.56796133e+01
93.33171853 29.48149144 -41.40465846 3.68002008e+01
93.26076404 29.40842099 -41.04709785 3.67295895e+01
93.47589170 29.73238140 -43.19694468 3.67169570e+01
93.54129441 29.70472722 -42.47556906 3.70702245e+01
93.01837107 29.41623644 -42.47083129 3.53606705e+01
92.91421880 29.46742465 -43.54676137 3.45564347e+01
92.71851263 29.14818275 -41.05420431 3.43183002e+01
92.60994095 29.20756549 -42.12200808 3.34367057e+01
92.90967424 29.36467788 -42.47271150 3.48880580e+01
92.83935971 29.40035989 -43.18875890 3.43039809e+01
92.79929402 29.31596278 -42.47664767 3.43559571e+01
92.57701645 29.43130984 -44.63827286 3.25284290e+01
92.48990561 29.06545589 -41.05388026 3.29584416e+01
92.49482530 29.16813207 -42.12380767 3.27829926e+01
91.97970945 29.08243704 -42.49134060 2.82202314e+01
92.46273796 29.29268334 -43.55562583 3.23236199e+01
92.01852202 29.05440387 -42.13577388 2.84091516e+01
92.10115327 29.10228388 -42.49411718 2.87626874e+01
92.37299989 29.03011262 -41.05623170 3.14119796e+01
92.25955720 29.10193147 -42.12682134 2.95529338e+01
91.98508724 29.18486810 -43.56692685 2.81443517e+01
91.85902115 29.27095134 -44.64295969 2.74629254e+01
91.85738428 29.06738389 -42.49519549 2.76943203e+01
91.90187331 29.14011274 -43.21045867 2.78177783e+01
91.77916233 29.12801740 -43.21287194 2.73497289e+01
91.86284509 29.16976135 -43.57044976 2.76397363e+01
92.10644171 29.20477612 -43.56782687 2.86724309e+01
92.34038979 29.15619033 -42.48055938 2.99156455e+01
92.34548289 29.25879457 -43.55735542 2.97561259e+01
92.37802885 29.13274227 -42.12205578 3.01480002e+01
92.68725333 29.27026249 -42.47931552 3.37822240e+01
92.57824974 29.33092833 -43.55672650 3.29289687e+01
92.49976910 29.27080043 -43.19651203 3.25820252e+01
92.45774947 29.19003315 -42.48008701 3.25202134e+01
92.26471071 29.20450262 -43.20142923 2.94181850e+01
92.69119275 29.47336529 -44.63855979 3.30728779e+01
92.61477602 29.31026725 -43.19766970 3.31870017e+01
92.61670148 29.41179346 -44.27683264 3.28727877e+01
92.80395036 29.41870100 -43.55441267 3.40427303e+01
92.72793054 29.35364754 -43.19863805 3.37724344e+01
92.38308044 29.23536425 -43.19770440 2.99767453e+01
92.34340752 29.35927696 -44.63799633 2.96938497e+01
92.02496256 29.25851073 -44.28395824 2.81873730e+01
92.14491927 29.17823437 -43.20936942 2.88753147e+01
92.26615599 29.30605076 -44.28065045 2.92089669e+01
92.10349053 29.30553645 -44.64153892 2.84266996e+01
92.22666857 29.22936170 -43.56373192 2.92021732e+01
92.22415740 29.32995837 -44.64265412 2.89264619e+01
92.14619719 29.27980912 -44.28419304 2.86938515e+01
91.98169708 29.28582356 -44.64241933 2.79387478e+01
92.38469672 29.33687806 -44.27700399 3.07850548e+01
92.72999184 29.45521107 -44.27860837 3.34222599e+01
92.80350095 29.51913808 -44.64004858 3.35956159e+01
93.02307165 29.61959701 -44.63737588 3.45703334e+01
93.16636680 29.65890584 -44.27489296 3.53126575e+01
93.84890731 30.09885557 -44.63911402 3.78427554e+01
93.94806770 30.16403631 -44.63932852 3.82518105e+01
93.47873132 29.83435540 -44.27537523 3.64907262e+01
93.44307202 29.74642592 -43.55528091 3.65203925e+01
93.23553638 29.62898236 -43.55608167 3.58126981e+01
93.23646802 29.72985198 -44.63776360 3.54535960e+01
93.26905307 29.61387348 -43.19529940 3.60457664e+01
93.33988286 29.68691103 -43.55274047 3.61935831e+01
93.27169974 29.71570614 -44.27699893 3.57410204e+01
93.13048959 29.67365070 -44.63712936 3.50186970e+01
93.12988265 29.57291874 -43.55020055 3.54440656e+01
93.67863014 29.85629496 -43.19450350 3.73469980e+01
93.58063766 29.89581376 -44.27760786 3.68704103e+01
93.74667769 29.93275186 -43.55514476 3.75108989e+01
93.64846862 29.97108377 -44.63875644 3.70529107e+01
93.98008351 30.15191872 -44.27984674 3.83429510e+01
94.04666250 30.22990059 -44.64051822 3.86662477e+01
94.07835686 30.21788150 -44.28119848 3.86710610e+01
93.74907625 30.03449095 -44.63813960 3.74427149e+01
93.68164477 29.95842217 -44.27689604 3.72236752e+01
93.88126800 30.08660991 -44.27844254 3.79677718e+01
